carID,price
89856,12554.365862850434
106581,23631.313887429224
80886,13517.553581393011
100174,16596.81376007449
81376,26541.637126014706
85391,10430.812540235776
82175,14654.057609806861
95250,14503.31668650525
85071,5200.1241666666665
96210,16895.72625
80317,27296.580587300235
92731,20433.359392063747
107704,14859.08
98302,7528.010785397717
107055,22370.032475198408
94621,41604.805
91709,16229.405
98193,48438.32937945734
76189,17034.019474739238
86871,13459.508652777778
102917,7073.666476190477
90923,28642.29129691701
101603,11082.252167514667
94196,20950.620522753798
85174,16428.842010989694
103370,12711.160725926451
107877,15655.37264383117
79567,14308.199242264784
90091,9501.590211106326
76169,13139.131184676437
98708,11423.031428571427
107347,21039.942357289772
89583,9299.053166666668
101591,13796.381367990212
92160,16966.863181818182
99676,11655.277259340155
85354,17983.68928037426
81900,11905.2496978665
80345,22528.97523639759
78509,30519.557332761182
100872,9240.837653366763
95087,27844.42984780144
86027,16197.948870516797
89135,14406.415833333333
80557,26917.432582701804
108092,19808.21
102672,17128.991583333333
83022,8144.222769506587
78398,20086.106141969583
95889,30022.283166217905
81117,46474.39559439855
93730,18999.635
101380,10066.025
81772,26680.26957929976
85304,11087.419046609428
86107,5958.181560712435
88696,17803.849550273306
104350,19429.32515205156
87331,13193.432669472199
85206,16315.640656514877
107445,24738.523125
106539,28298.61185346617
98712,22226.79289771818
96875,13694.766561688313
108464,22809.23096686208
99890,8276.919419547587
87771,17013.51875
79442,21752.362140805773
84170,10753.928774538477
103045,15308.56
101544,3623.96
77350,10994.473571428573
89225,14554.342191297053
79565,57452.9
82849,10525.027351384519
94360,20955.075494245462
103040,6710.175
105101,45568.39884615384
97077,12100.812460634017
98674,13214.739810256411
93447,28938.48381796117
84951,21390.203285714284
91953,8634.813603826875
102101,8465.432619432504
92604,31075.595883023096
89010,9881.986064431912
102729,9911.891096817091
88024,10444.762388888888
104367,11890.661750978325
101230,11072.820587403781
82524,21311.831083333334
95279,47916.315
106098,12136.41097033676
89749,8812.25522513527
101277,6649.203095238095
108016,27136.763579862054
81259,23767.844353971057
97434,20784.675014302058
105289,27676.173641090678
103379,9579.60682437276
78317,30378.526551724135
104166,21985.76607826198
106660,31471.537451984525
107490,11764.343309676435
90684,13705.829768336753
90032,6581.869827586208
79481,18745.782408850613
102524,9297.678661261865
100778,17635.96038626205
77810,15209.498333333335
98979,13331.594250592545
76558,18362.47
94550,22745.174984849775
107246,6027.514722222222
77429,22594.49674916354
106105,12371.935344860143
105213,9735.20298076923
102747,10944.15
104958,15960.95996016825
96036,17637.27934262506
92310,22105.934283712944
100837,6575.964
82858,11209.475541099468
90119,10735.890212842713
77304,21939.965211396753
89011,11291.475227953186
84623,16607.6984252242
99665,22249.32929195804
100592,9995.613619037464
82623,10781.020230018068
92035,18680.72240859079
84305,10589.606594184339
92903,6260.02
93398,18706.837733207274
108067,18807.667
85062,8477.202598362446
81727,37862.97
95637,10513.766875
89690,8645.453346194623
83240,17846.538197759808
89711,9097.328411027811
96945,10559.728171906303
104924,22678.956017650737
79633,20326.27158355207
89582,4736.579035714286
98080,7571.5249975327915
85992,6712.138227849287
86712,12890.318510316703
105767,13039.650968321985
100590,9115.84
104574,15912.09355938261
97246,14883.779319928362
78141,17639.513778945093
91590,27815.797200239977
80767,14021.764349521398
100344,14821.01
88987,20955.05581945662
96479,19257.174604339547
90598,8806.465
83880,8394.644918325863
86802,15123.759102723496
103078,16479.758104939643
84736,9632.120083293652
84196,3135.905
102062,9866.805382559935
90110,6303.438727813852
102907,11511.181099694411
81776,24087.225925141243
102431,6666.453
80442,13840.214389772678
78656,28701.199080274535
78537,35713.148636363636
102511,10964.965
93612,19947.696685857634
99284,8121.343747086687
96315,16516.26642778759
94305,47050.955
100636,11184.450782927046
81816,15735.116628102844
100352,15910.202631945627
101476,10197.89703387997
93392,33462.89
93995,21727.638508368913
94261,31621.58792027194
89117,16153.797768823273
86506,2505.065
88456,6779.647916666668
84134,10897.565171678592
81088,11891.598160643478
103960,11404.00434936012
84925,12907.524037890425
97306,10267.52768215591
83752,7345.873093418587
100696,4673.535
76472,11882.44692109136
101128,11522.201891380584
105932,14519.54817539546
86416,8537.473689182194
79616,27116.130869669447
83395,15308.056383277166
88734,11493.53416127792
106676,17902.377908706578
102442,10482.5525
88761,18494.20125
79708,27053.031495190153
96808,18312.53111298147
103755,9503.941030150549
86273,18322.621025354358
97635,28244.397944662105
80797,25212.058008474578
108000,19140.170367303865
95126,39299.515
105187,32615.27926138393
81613,21508.68775480321
103906,6694.0091554295705
105729,8037.9283041125545
100637,16040.563333333335
82861,7629.091082015051
107823,15513.36857028936
85274,14893.209917182068
88926,14779.951511307412
87871,10501.923916906357
97970,6806.716635874648
98044,7951.434863834423
90277,9926.13
85647,12955.715595116199
107447,17486.894582245826
79418,8335.451412280703
80383,27654.506639283954
79894,17263.003086935296
105875,7005.430362578878
86032,11581.005375869367
104423,15435.587151065707
78437,14139.918333333335
79480,18091.741588863
89973,7069.190019478846
94007,28035.43596509375
93952,15002.285895744919
84548,3443.9085714285716
97885,11401.994309522677
86571,10203.890370355048
77839,36461.715
102201,7397.950711927881
98731,8323.33733731947
82395,16788.993086460603
76816,32799.03282333817
97956,8247.155
86012,13573.92445138889
106393,21482.484189212842
81832,28130.66
82787,19577.32780952381
103974,6603.841318495101
100725,10095.273333333334
86552,7116.183535294791
80174,12901.556041666665
99189,14512.918158826209
102543,13282.068226836696
98518,14540.204533375294
100334,9386.859212598425
92673,19153.975683166984
88008,11880.820948274242
105207,25275.810698592748
106462,23560.98
106106,15682.2285090261
79705,19784.488125
108193,17608.695131423403
89668,8757.566933710174
86435,11944.486965370632
101281,11840.454951424908
104753,27649.53083333333
79004,16991.958206788502
89732,3081.615
89201,12981.938534940258
87282,13124.446752658703
101589,9851.358501988174
87352,11490.587093417542
103388,9766.358294375132
93619,16846.994208335207
101941,6745.515
106533,13652.266025138302
90018,23943.53971475088
101265,16484.998391039757
104255,22095.65388888889
80093,26611.862114387477
82433,8081.809152777777
77254,12732.41200980392
106400,32479.928630887265
79847,10627.345
95735,30240.67354876037
106733,21023.594801836833
76318,19252.611263463175
95966,15083.775
101690,10048.4475
82845,15948.835697754143
96266,25414.494711175466
104175,27569.637666884333
97347,14324.017673167433
92730,49703.50800036868
84738,8992.455506969203
102596,6597.279092402307
78356,30087.00798809447
94062,31061.345265901662
101662,7436.541500000001
81715,29012.24465130555
103046,11612.791571965634
108133,6751.7412625418065
96302,13667.801728354982
83859,23502.36
104815,16872.428505392156
95903,27988.70648408823
79683,11075.84464486208
88888,20579.9125
80529,27354.326914787223
81898,74487.625
83435,10056.869734458125
80448,14208.957257575757
79241,32238.05
76056,19855.13582849906
76342,16533.841462455763
98238,9420.899225146199
85878,8436.003126655029
102846,16176.09
90215,4972.01
79635,57813.17032958817
77561,16429.986565133233
101151,12899.42180105782
93594,26555.765833333335
78703,35945.41680555556
87596,7370.8251190476185
92572,19172.528876416687
90757,8642.829108907157
95881,19032.304722222223
98008,13002.133333333333
84805,9059.233
100888,10545.27383012057
82504,16166.539539416692
82177,15837.861726780457
89472,33858.02368921249
82301,15698.844300463865
106483,8762.767322589882
79808,13367.58435918493
83412,16753.8301823864
89386,19559.15302700233
89889,21169.374461307336
108249,16893.444607843136
98252,9047.92117917811
83525,9858.674149896928
102595,10354.44846153846
94255,10914.833083791209
91259,25624.915
99539,7028.881160714286
97379,29225.04
104452,26754.80428859616
88479,11244.549549064097
95424,32921.595
94732,40517.145
89025,10183.015539339323
89497,40546.736666666664
92405,15619.925
95346,16424.27823214269
91337,17378.58284782609
97739,14162.959946994444
81087,13349.759955357144
80661,10565.382727272727
105537,12604.563288861726
81073,27773.23051630059
102770,9682.356926649292
99299,9704.646333534938
77528,18039.164784693014
95278,31549.245
106536,17259.11
79421,15153.772899610134
105026,23561.44049409835
97887,11220.104669590644
106163,18052.14254746377
103242,11633.757281746031
103098,8375.68
76195,15767.81187381192
103418,11869.823043853621
102091,12407.582440678763
102341,7666.125
100315,20838.83543375682
100377,7612.536384047991
78857,22986.769678921122
93748,29570.37054018615
107891,9747.144304218287
77063,25642.72333333333
86916,8748.973265167924
108347,9947.555768910745
94475,18542.175
100383,11828.622488430221
80618,34048.59399886175
98926,10259.59986227216
77228,15371.088194444445
106915,15056.922944320198
92594,11760.653988095239
80745,34202.5301369863
78361,9894.578220233021
95725,26629.283753837895
105171,7456.397946568153
87007,9786.185642352792
104121,16278.102112220602
92877,15166.481075502841
108335,45228.03803449517
101357,14072.798515822653
89325,9822.864900241912
103144,8261.495
101413,6572.859
85182,12500.434444675258
84097,17950.17446849419
101970,5527.470122408056
98315,5133.555
89048,10697.237776675393
106141,9324.826292296357
87105,16964.362437618594
88472,15666.516134051337
93361,15988.483333333335
87040,7839.614180672269
99831,11605.711760662765
95677,13441.399345388692
89770,6617.210882928475
77371,27298.015814949864
107143,17996.501984452592
100271,12278.27519575993
83905,11552.759203047432
101531,14657.923517463687
90617,8359.849729985166
83895,18895.832
89453,13883.967464136564
106012,21258.32954969986
76381,19401.425338525554
106986,15898.330043921054
84143,12807.606429158917
91665,47232.041495933285
81350,13758.148345582389
80422,14141.76
84794,6152.2458385311975
81156,30791.67181644248
77082,34709.08795454545
97356,9589.213910650084
82730,17112.332974941724
99244,9965.734999999999
85538,15250.262218137255
101585,11225.953793517398
90288,9564.025625498112
98799,2979.83
93547,21103.538086909753
85142,9774.203086599759
82012,32532.784377971442
89654,15821.02628467682
102304,13397.715834833181
79288,42537.276152472536
77400,11094.663967105262
98597,5988.7445644524405
103156,9089.873195488723
95446,26383.01
97036,9165.535293438445
101401,8435.090525104462
80817,10357.737777472526
84078,6951.866481046767
95390,28283.3962037037
79883,23055.687492844947
104059,12643.567689267744
103041,11446.612511922545
81651,13953.972647058825
100432,11027.599305527554
84933,15309.551583333332
81600,19809.85
78379,7853.597625402676
90816,7618.810414144624
107414,9352.274559933494
105633,20434.481489923972
99508,7490.796656746031
100874,7887.687451402823
104208,17650.327569553818
84774,12410.003441849816
96518,13668.379378606449
91543,23157.838381683094
107146,19611.97385781187
94426,20489.92
99059,9807.472335281569
96640,7850.953583710432
81277,9853.295
102409,13075.995
104800,13946.079622227297
107498,19786.178021980726
90942,46212.144
80202,26088.4375
76794,16539.77548076923
88973,14419.647603021976
91958,61277.670999999995
80562,20061.04768198468
103486,9890.09
95237,15044.6375
105569,16160.873963061335
106560,26069.786936036795
107977,12956.203809523811
90076,16473.060995224296
93050,16384.55937775683
80609,28588.886368987434
88557,15847.28492701062
90894,19335.22378282886
83669,8890.20125
78849,15938.788806335679
101275,7616.81875
91858,7695.59
96243,14655.465
106227,25400.437177712054
105300,17206.566409197607
93065,41083.6
78002,11966.553333333335
82500,13642.646702702612
78204,8285.763020833332
107851,8465.91075020931
86217,6987.658931121561
82662,7449.517569614699
93324,34148.59376754386
79680,12544.915770249414
104920,22897.177525338182
96735,12274.37477305549
89992,7629.560435348852
106961,25689.301340450063
80078,16526.259052044643
101429,10314.30129994017
95551,19709.057683147785
79937,54841.544727919514
80680,19411.24775
99448,11661.52080608607
93909,32722.81599323593
96888,9722.31942992809
104584,12794.07592686349
107289,21293.88385771062
84126,16114.516318660086
101282,12073.04804970125
92474,21532.74782511761
88871,15810.38402347506
107177,16799.69176630435
106026,15335.634038120486
96937,12152.415937988078
83543,6649.240991484828
81094,18709.43969898617
77503,21511.720381946707
85351,6059.148564857656
96000,15007.142329440347
87374,15780.711455903705
86394,20526.635
108364,12913.819016829402
91441,30017.165
97039,19042.271753575526
106685,10909.92476302417
95631,16714.363362356027
101883,8812.406257976756
78238,11801.1205
97508,8750.697015726148
98441,12429.150462271062
80066,25270.877601567485
79095,33020.91
80007,15215.116666666667
100219,8412.396518977603
82511,9889.937326274478
89270,15305.808479595336
88713,9964.84944898531
100353,11922.279798192712
102841,4485.982571428572
90117,14208.665964479307
81549,49932.378545101164
82350,25932.579095588233
76546,34791.89013636364
81013,19145.501666666667
91240,16117.005519749737
91542,21132.195006471113
104518,13347.92342913446
93537,44809.59
94372,25702.37
104419,20367.481043414187
97636,13887.715
96288,21365.96963023823
78717,10249.40273529125
105610,20523.437069892472
97754,17667.456812926743
81458,12660.380835697146
86931,18275.3478285876
90713,21743.68734528003
90909,30435.64381512605
77251,39109.46736842105
95081,10659.024141414142
95560,14658.906786968355
93288,18255.369723145075
105036,13331.392031617881
108490,10155.888908031118
96935,21403.706666666665
89373,13389.30252528091
98010,8934.449866438697
104699,21424.712845238093
86692,7820.185679899458
85024,7539.215934539052
79086,31600.392265625
89939,12900.132175105968
79098,19585.908031735267
86141,17376.114276784236
105462,29926.06383527229
92870,32508.898293290044
92163,22712.257540225237
87481,16257.427939584777
83276,9709.003384001122
79356,24911.41770833333
103602,11790.24829079815
88460,10200.822006451575
100934,7556.5012157590445
96659,6611.059169384058
83204,9149.10733877345
104621,19331.82646030966
84110,11779.456516244454
99265,12091.799813186813
79574,13973.60672695628
78186,10534.228391025641
87005,14202.907931144564
104043,15591.962306892954
81574,32196.88295028502
104091,10682.736833270224
77759,27275.2752248401
78181,10219.464404761906
96169,10765.120476190476
98267,19638.45642222222
97837,12913.664648735878
80133,17853.716666666667
98571,10015.068531463343
88628,20568.529375
78622,14815.243571428573
88678,10971.42543504239
87278,15603.248676429253
86963,9883.366188148713
100350,9945.269918919672
78771,19867.697833333335
95935,17639.07628569334
107590,13515.573715447155
84458,14188.953057043287
85656,9177.677170278599
81611,3633.465
92638,21329.061177464933
87478,7833.3243077020925
98407,4486.425
95581,9795.63
100645,12797.38331081553
97184,6918.491435060364
84473,14726.17530516499
88951,7235.823253615346
100836,10498.31842105263
91338,69155.155
94112,14099.09
89882,17835.548898719342
97097,7555.892623005698
99151,11429.32619047619
99607,9167.492289453321
78931,17145.205494542894
97805,6835.924184138436
97477,13630.514009541224
87819,18186.246250000004
76361,19106.72333333333
99201,28805.54559923505
103410,11111.473059796837
108436,14498.383333333335
105558,18658.91394473534
88025,7942.770511904761
101944,8046.3107585742
80786,20060.008472222224
84001,14443.975391686263
78304,21678.104401500368
100501,14982.424461881581
99693,7523.919545449681
94557,20563.212
82152,24897.672430363767
92039,36778.72823847156
83177,15179.482572351488
90726,8864.503169257665
82879,13947.324308633919
87378,15519.757719796278
91699,15282.531350329898
85500,18343.45302380952
97050,11951.092092007142
88754,6248.155
79069,34396.82839285714
89329,17513.830695809742
102605,10991.38296082298
93090,18101.482146733862
108403,16505.658132233933
91391,19087.75404102232
80964,21398.72657142857
89444,23159.48166666667
84092,11755.794440009944
100617,10349.382923788595
107962,19128.480680351473
106640,7244.716475037258
95123,12557.005416666665
99114,5930.3026799034305
94461,22292.060250913146
88654,15336.240014773652
80421,20287.662500000002
78113,19854.367385850128
100558,7157.993957671959
78873,26690.513181818184
85480,10248.088121119456
103902,10571.30791136122
104816,20955.41082394068
89039,15062.351888888888
95169,16074.258948043496
93971,19511.065833333334
84450,21149.24845555448
80824,29694.828404658634
92545,15796.587266304348
89226,6358.359090422386
93873,20599.666924450583
85871,16172.268021598655
86343,10563.293410714285
93634,38085.92
106942,9206.833
82535,10776.733824260034
92259,18125.012397871284
88794,13370.709175487027
77385,37109.754714285715
76996,5242.715
102708,8662.003660112498
81359,14772.124829937735
90486,3434.06
100200,8202.971666666668
87970,13085.010816869299
107512,11130.811124265194
79078,27909.512235994396
108477,14924.74419261049
80312,31149.172116579073
82208,8693.988391676308
100695,12497.878828049763
99506,9647.941700893287
85773,16230.123619047617
101887,13179.81
90129,10817.008004685467
84730,9474.76
107601,23212.068410515258
89592,6294.12411777696
84844,13122.100823913242
96938,16977.86803398352
84981,15974.818215643312
100698,13125.237705266954
103306,15616.803236713933
107175,24105.212896427543
95411,31625.047360299424
101169,13990.373773473872
99407,17978.576228070175
78248,12705.703397435898
79031,19624.80886363636
91040,19107.396873172514
76464,11625.365451775451
102813,8254.751836734695
86811,21687.29166666667
81191,28868.724977508704
78202,31788.836955317576
82471,12459.571234808867
103920,7263.73
79904,25349.11563641944
95670,30290.94433625134
89931,10397.22059748919
92605,40453.7275
85695,19273.27945278995
98750,9586.505666666666
101284,10570.672489177488
91932,18777.62362543405
98623,10288.7975
82499,10875.319533678321
93193,25785.92459259259
106110,16257.042601052117
78500,26800.25
89447,16516.698949978425
103373,18015.744720506453
87872,9697.11469963866
99425,14921.286696091422
96552,5733.027976190476
105787,11725.079377350761
82567,13471.277529487614
102894,7717.091111111113
77641,11448.82
100827,12538.292014036724
97712,15901.294391669606
95197,32067.512500000004
102993,12073.618049220338
94855,32946.3146757467
81534,16567.14555805929
95133,13921.8725
107468,5606.69355263158
86402,13743.9752541147
102666,11288.722165616793
92984,22693.94
93891,11646.89
94312,15664.396410030455
91959,40995.55
91802,27100.491472222217
108175,15579.520231338116
78293,30522.18018003588
104991,9113.98670296828
104302,9965.111480304482
79807,15239.29125
87167,14280.600645483946
78620,22280.59786664387
81174,26450.682576135663
83125,8706.937060966811
103123,10825.15452623294
94065,19514.728125
78480,15847.347321969697
98280,8890.361385024758
83415,7771.23178446712
92297,105405.79
100221,11269.029791241386
78829,15215.62
93418,20345.000032107575
83424,11127.680766090043
101749,6484.4477906976745
103456,9392.03
88503,10752.849313237823
84931,16463.811738441935
107552,21955.3
108037,11662.731166666666
94539,19596.345
83697,8217.065153326932
87455,17765.696598657225
103044,7870.554689895028
104852,22600.806285714283
93437,39710.465
92885,15491.381269349848
80922,18531.730657490447
102886,8358.630244888831
104586,16508.68727448431
81164,13646.42923719482
106074,16565.199184239755
87617,17255.280253246754
84513,13952.211155288622
96743,13316.583489123168
81209,15438.852197685484
95463,12338.901209273185
95457,18727.06
101606,11968.550220226647
97485,29714.22772180957
91916,24194.861106245364
91629,42298.60578947368
84215,13048.736759030604
108190,9781.328392857144
88314,19357.14
104526,17742.733709392774
82467,10872.653807453418
91827,29775.01952380952
77885,60049.01075066138
83459,8703.715907738097
98375,17718.89245515032
101233,11107.76302223277
97186,10040.029847345833
95520,18372.555833333332
95216,40900.16
100878,5123.47
80031,29258.739862836464
106134,26860.825254644962
103526,7321.338000000001
104018,45288.20123624956
83920,9699.40165082553
88245,9520.087131565444
86248,8400.032364004344
86315,14642.643735702606
108157,32008.164376921668
102814,8815.865
84371,12845.294886241085
95270,14699.4625
107670,19801.317889031616
78745,14395.667291666665
88772,11613.277702781614
82335,17722.75832875068
100049,9688.258833333333
84953,6941.130469708488
98948,19075.75258191263
95952,35650.485
93638,23734.12666666667
91164,32142.53985119048
87627,19289.08500404533
89209,14591.883259640506
94140,19448.703059344727
86567,9773.213622995772
81451,20641.425
94658,27336.741976284586
103969,9263.113176574749
90158,14773.789448885036
107712,14537.004722222222
102518,11502.147439187647
91367,29244.721064244768
78764,16493.937833333333
87411,13118.379496273712
80790,28414.62
97848,15516.67828909537
97985,6099.056512019231
99323,7539.392968253969
96854,12313.49413809907
103917,6638.914682539683
86223,7947.574108859785
101812,9185.929546098363
102098,10349.5825
93414,11460.085
86794,9920.69302095574
81508,29166.18921057764
105781,19275.23
103758,9187.912171476135
100877,12966.288946531105
83075,16353.341734369444
100303,12765.875
85269,15375.654995303086
95693,18724.404797554667
85891,15647.503461538463
85991,9573.929973023205
89378,11300.168923947589
79718,11357.758678659062
96415,12441.321901709425
87510,11422.503001952375
95579,16176.449214285716
96453,13444.571429149391
80182,30942.641006966736
103363,9613.285
76430,20391.251807692308
86302,8053.395463659148
78876,11971.86363170163
106740,10964.664162434656
101855,11724.541969503132
78987,28788.141012279106
100155,15367.173801989331
76069,29448.5479903774
79889,19316.582222222223
104035,20318.265714285713
102533,7376.59
85374,14348.576636494825
82210,25105.68797698233
81145,13118.314933596239
99738,12912.286666666667
98201,34503.9443933263
88630,8651.167921597253
94084,25736.795
79771,21665.4375
91057,40371.495
92492,16938.38332338508
103600,15351.698656126482
105315,30434.67
106151,18629.54081008243
87426,6397.751142294861
85249,10544.24800535697
77379,6983.135
76190,11659.639918795943
89820,31889.952779414627
92650,27826.167999999998
82906,17593.574476309073
104766,16990.549758512145
104673,18286.488517016795
103734,6600.259269568609
87652,13892.321666666667
107399,15515.593374801418
97222,17831.28530242443
100614,9335.543756975989
95807,29775.01952380952
88084,14009.526883170369
97997,14574.5324495782
83321,14895.578870641182
83002,15186.810213488738
103995,9658.903594120864
102305,7288.562083333334
97774,22878.34
87737,12087.575625
102191,15452.225969054536
78470,21784.08554400209
81787,20898.38
90975,34364.93213425479
76598,20751.662356461235
88308,10592.813271708672
105997,12280.793160657557
97095,19314.696336331308
100555,9310.23
106628,22721.74566924304
84638,5948.954217035794
106752,22858.825055327514
88072,15658.555160429889
86734,12192.547282146574
105842,23246.02439456445
102037,17252.70857142857
96623,11341.152699512033
80943,12910.784409313726
107882,10415.625078208652
96069,10723.528306003009
86796,18976.158397988504
83234,14065.099705128207
85044,11918.522565399973
76183,28670.13721104909
102124,9427.77519047619
105963,11579.694583694552
108127,12308.883603602642
76435,57995.08010185185
89809,23719.61488461538
98129,11859.800528571428
95632,25774.919773518108
77264,20902.239751194673
102849,5886.661545454545
106860,14762.768558699023
90177,10306.086799242425
104336,12654.629210526315
91068,19999.45239788657
85416,9710.516872624801
92720,18386.34
105257,10491.059652725691
94524,15098.608336276868
87069,15266.207813036637
79026,15332.475689573528
100533,10494.41947052741
107396,7241.634715428875
77220,11461.299684648686
76863,11659.252863930662
89441,8885.26508898509
86301,18615.203400244758
82808,17033.493980939944
106681,13175.014406295815
100673,11531.069062099104
87115,9534.085118046281
84819,9720.733860446413
99889,12149.6825
100435,5743.16
91329,16600.941967520837
105897,11571.886493959359
94788,21123.73668159667
96403,18420.38477549032
105780,25341.034626702534
81290,19934.5
91689,16628.030476190477
93660,49149.08660885198
84018,14800.28275195993
79166,19872.1437889537
99850,14140.361826779588
89900,15737.845304461356
76628,26489.342892230576
99136,10793.505
89388,13282.562367616256
86441,16174.060285464662
100362,7946.243501086278
99493,10559.619518669122
108082,13592.589326449135
94759,22057.086714072946
91954,27035.74
90378,16149.940555493462
86126,20353.383452380953
92990,17159.89190033832
80507,18307.128623449054
105394,24008.474264492597
80679,10908.748499140507
94014,19942.205
78092,27495.12102395853
92725,9756.228956349205
104609,6134.594904150197
89940,19899.46506099456
84337,15513.28341652757
80392,18587.705186284587
90992,47307.62666666666
88342,9603.742244588746
83193,8250.393334503297
83080,26445.995714285713
87197,16546.95967879512
106043,9172.26299820441
81316,13168.481153846154
105197,41167.915
86103,11651.577268863157
107819,42397.618295919514
94911,17223.80897043116
76597,33022.495896204244
96614,8552.064169033205
102197,7110.135
104617,7326.941785714285
101445,9278.845
94521,56006.31685185185
107290,16686.835
93099,25116.095
82179,38963.948333333334
96268,27650.231479855953
83202,16515.022370888033
101568,7096.21
89145,7991.993219625712
82718,6812.82191941694
84595,17107.695215773812
86633,12561.231074354113
91925,29812.57541666667
100357,7911.5
93684,17466.041057793376
106465,43755.48886782851
84631,16146.997794232911
97796,10762.516542708936
82836,11190.66244085551
81314,55602.65982101115
96868,19432.02348099409
94329,19772.50312184874
85728,6944.864887626263
78259,11978.219053030303
107084,21108.596031339355
96134,9514.992124957624
81583,28230.278411165975
104264,16514.165524259744
86202,11202.149898439075
102867,7747.098561340668
83461,12149.693105280236
77589,15121.394916877767
94394,16481.646666666664
87588,10286.095527360065
98769,12689.622708333332
76735,21427.48586705809
105592,12492.705742965669
95260,17749.55129861261
82699,8097.825611402191
95827,27178.9667037037
89294,10159.72
90853,13853.64471330572
86522,9940.703660714284
80958,29466.37
94038,32634.452880266203
88512,8207.43666783663
80219,10585.456893162393
86063,3282.74
87724,7869.587725591242
88835,13765.18952050598
105687,17425.497523244034
83567,11314.060883283446
106584,21927.848857894536
98492,6458.716268776609
94494,19982.14
89061,6434.840937343359
103125,11944.164683369927
103883,12031.299464668622
80430,10999.44585137085
95544,31215.99531155266
105136,56187.44
105560,8741.57
108397,27376.750842563564
82236,46147.02383348706
89477,15642.75929480667
98106,6328.534166666667
85996,6187.880227272727
103439,14208.815934963677
90831,7676.995021533846
100746,12978.712166182388
81518,11779.176544715448
98610,9687.391169590644
100644,13917.482469298244
105486,13837.202316374036
79765,15693.261401709698
107609,10182.913276750258
85407,12743.987666656456
81527,24536.29970542894
80955,35428.715
79400,22067.214936974793
101238,9404.742698824433
87024,18194.314830221363
88662,9910.544730759684
107983,21732.87967724511
93662,27913.928703703703
81557,26980.277093515433
94520,17141.704066516646
97010,14540.705499556465
77628,30580.024645290538
89561,14393.896512286989
104218,16208.677671905567
99839,9011.438772222224
87279,10900.320762550295
93760,19801.233722222223
89551,7523.283369772329
82714,17438.465007081846
98166,20247.830474521805
83812,10598.206120419996
102617,7011.698871794872
76869,16809.086997655122
103735,16796.248360351685
94201,21870.381428256347
107893,17380.26141337659
78651,12272.007722222223
85246,16093.929414414415
81194,25401.0849721479
81133,33866.29923076923
95611,32340.763509714077
93004,16122.4970479905
81826,41658.368125
100157,13028.876211671392
103768,13360.805738636365
93350,17270.892816163007
76901,22224.820500369384
88742,11398.603752119154
102866,10350.115294117644
76438,28259.594297205644
86105,9990.380403726862
107506,23422.326136211537
108520,8556.43474334665
106613,10608.604182893494
94164,41660.41
100964,10590.62713886089
92769,12259.774289215688
82221,10868.170012650811
98686,25307.509071901088
79762,19502.315313674568
84645,20048.1263202879
107656,19251.96519047619
97538,17371.08448650705
99552,25889.32642857143
102157,10742.500218421672
80935,10562.571858007803
100578,11514.412873115083
94686,25392.503948387053
93268,43516.96
91842,23911.9
95609,34203.69282792613
91576,20608.030564516128
93139,45811.15
101030,7842.300968309017
80172,40049.535
106262,16283.446376729127
101562,9401.725666666667
102273,2385.175
87102,5275.905749299721
78491,18100.844755747956
90631,7677.338612196572
94672,20936.214232142855
77261,54598.83
80434,20096.75634519856
86840,8942.520877794337
95011,25197.654972222223
90870,14032.73058580858
97999,10242.02374230004
77016,44777.56178571429
96931,19499.677077445886
85215,8810.760058029784
105268,16822.130075841258
99519,6554.622194942382
104056,17802.265632490427
91117,55341.84567770988
107099,24057.51970366145
80475,11494.94101554577
76216,36992.71285714286
93207,26242.00887022103
105166,9505.814142857143
107209,18440.36086388134
100109,11752.892891428904
87232,14250.84409537734
102624,11709.058306685525
81948,9310.917777777777
93625,47498.99261583012
90334,9304.99375
79878,13358.818446342302
105653,19015.900454822957
108014,12941.219306946809
105491,22741.31825
87064,14246.784179128672
106773,17540.776415926273
93489,14099.221666666668
89490,21263.601837499264
100771,13099.144078968975
100803,11766.895886169797
92144,15916.28296223622
88632,10806.590003355715
78778,16620.602299376515
99308,10466.107659765463
77161,13973.980444862156
97501,9560.013190591018
100933,10911.39661403526
77489,29016.217
84309,11008.365584188954
108040,7480.66
97159,17720.63735897436
95779,15368.219804188797
89650,14259.83303736468
80999,7009.855
91887,22598.84
79753,28163.34
84669,15062.617067060948
76401,12126.473237518665
90299,21973.503063147393
80820,12253.652889097772
80744,35117.13358388098
96151,10573.756295540896
101368,10121.22983259932
106886,25100.07038925189
90590,13723.351017376186
102988,11528.989574231326
96155,15891.485372903153
98069,22735.27562620612
99349,22907.470606161096
105341,6835.822831760024
97054,11694.083723769216
80210,23833.36650992063
105334,15335.577445080322
88495,19349.572401556776
101578,17346.378367003366
103240,7610.786639530812
84979,10876.319455831768
88799,13448.004975958394
83073,9384.105625
107288,10430.238481721473
102097,11528.989574231326
99042,9886.07042857143
87242,11971.828751390527
77310,23354.387926554235
87982,20906.7445010248
95506,13750.588479262675
106574,16238.015
80962,47199.16912133241
102168,6765.755708420549
102528,7114.55678896104
99307,12486.233125
89354,13051.696369193676
96717,9853.872299305924
99267,19449.60438319006
84588,10170.21917389138
88920,8046.297500280251
101122,13949.344621400416
100916,10149.536758674238
90206,14066.120072663763
100314,10022.49397642452
91528,36263.7091864464
82508,8101.664208513224
77095,49197.71391720329
105943,10376.627400585014
92610,24499.598575670683
76706,17320.806349506063
101753,8613.105653206645
97020,12897.223052427456
103582,10056.14
89559,16177.803193149592
91293,10754.83419047619
76698,30460.73684165314
105365,25552.51833333333
102755,12815.152806699169
82363,19770.481458728653
94314,20203.08
92463,20980.106942871233
107566,11841.225
99251,13182.696488095238
108140,32687.668639665684
99394,12093.390886169234
107849,20925.078399150687
85021,10929.178518030543
98878,12462.507196078433
80258,8077.64
85751,15484.830366715481
77932,13646.327010189712
92120,13244.385397869675
84462,15904.589158297464
104744,15197.332705448534
78174,12117.056774554025
76239,29735.915
99098,20640.228027777775
78068,20152.108379311318
80129,15439.693111128609
92276,25430.439773809525
84297,20722.167991927145
99082,13553.686315615181
103218,12517.205237254899
100512,7718.995671379664
100481,7223.025023809523
77761,13929.6697
90764,8445.821307338087
103431,9847.795657259836
96133,18624.550364721086
80377,27296.630199660096
93811,10311.292916666665
99125,12384.00525500374
92377,22767.51070667321
84221,12208.181194978548
87280,13450.7352511932
91188,22183.015218253968
83645,9975.293968820863
105967,8858.07005433071
89389,10200.263240047683
78866,18839.992256942216
82761,17023.92155823441
95049,19331.866889351048
80729,7157.625
76702,29123.395271299574
93554,14945.915616034292
98932,24977.979868542734
91264,25446.955463157894
86993,12266.428663232062
102784,9873.955
79105,21546.718023293895
102943,13503.422997975409
77065,24001.33252051195
104740,14430.355404040403
95500,17553.60303968254
95345,13880.503698020539
103581,11500.124694967508
86417,18004.795522200482
87299,10818.483306863005
101375,12362.83265724685
97640,32740.610999706103
99560,7864.931158617914
105849,21115.843931120875
95701,26603.786363636365
89124,11551.837301010097
78589,16841.309980454505
86742,10028.911182231554
84620,12070.686617521887
91165,29551.425
88463,9254.03332379707
87571,8075.831307814992
104773,17984.795
83370,10098.553957155327
105599,11239.716572464391
104275,20712.00833333333
87908,17394.793163256625
92637,8295.416764705882
101747,18864.755
99271,7639.215936540263
77493,32198.644851141056
100122,6328.15
96424,13568.69937187268
103113,4754.75784090909
107985,27417.762547281323
103634,9437.608526682314
93302,28155.85896148271
93877,15083.17758884596
98121,8537.777659891306
91191,15618.388988891202
99106,20037.97170854211
83151,15956.462308418364
87913,5421.922256401221
105517,12901.952142271246
99452,22046.05503378754
95017,24876.14510309342
98803,11639.083302808302
95625,29311.600425796136
76846,17929.855707112823
101791,11514.217663357234
79911,17279.656145990873
98545,10598.51176344086
106811,11424.895302731991
78007,36919.79
97259,15712.005
96999,8526.072942876423
101969,6626.897068903319
107018,32780.89277038124
76246,28406.804447521703
77303,10721.5
103674,7677.6355
100794,14280.156522727273
84367,23203.83
101652,16479.758104939643
95111,19510.6539375
96965,8747.91624510799
76396,11462.85625
80269,19640.2825
87328,6471.14287298567
85984,16087.577647534416
80193,27426.81422169276
98525,6666.324711970778
77460,30317.346580680944
85424,18160.585
77271,20075.354921680497
104786,28307.17082272971
103727,9807.590855263159
91819,26894.648703703704
107028,20889.529
94966,21041.225375
78126,14647.925206766915
86200,16989.694543153695
100317,6978.3525
88403,17887.577818376067
102036,9706.13051108085
78858,25216.645
85122,11839.185308278866
107516,18245.86
103432,9004.398004303468
97354,8301.46863386537
100218,12568.221522727274
92759,15116.015
107648,41054.39
97107,20614.51073805015
90871,11461.835
78611,38054.10392857143
107537,11724.586589660901
84840,11541.097557971014
79802,22664.194426751998
96763,4285.64
93033,19444.44583333333
76969,33734.94297962214
106154,9967.119778349275
105965,10054.599598940393
83644,25792.483761446885
83889,11591.282826086957
88026,10167.450532086026
81652,27391.605734678007
77312,17915.742023321844
102749,10538.1725
84444,16041.13507809449
81496,17325.145719663426
107471,12403.221666666668
84265,3679.0333333333333
92346,41157.51
87248,8275.832027916196
94931,14402.515
93712,24308.18102828348
80162,24394.977206838834
79351,23688.404950923865
85734,2388.435
106372,12589.919595061618
96106,9641.08256427751
96702,21738.183195084483
76823,10036.930603174604
102214,6087.6175
81128,17455.981391039004
88320,12557.207078633259
83531,6552.957333333334
104506,21549.914936507936
84074,6463.129596374767
104709,24265.83538784461
85626,11151.15637683662
98427,8777.758947368422
78699,31115.76319427234
94756,23711.984740068543
101283,8252.463605180668
82397,22139.766696482442
77954,27498.717813807583
81630,22821.138166666664
87025,15257.06077262073
81189,17005.70394807093
107048,28446.88876904762
99510,6107.505
85462,21872.12
99442,7199.439423188405
85541,3248.455
81635,36483.274738445376
83983,12393.409752289273
96161,10004.997832296849
90359,12552.568819444445
86597,8554.552919051732
77633,11920.009993859017
80552,31172.101568665792
87749,22205.286875
88246,10878.06805404475
100434,10592.107643681155
102049,12096.064668630026
84649,9742.96825028979
80783,18233.443333333333
102021,8030.84
107760,14540.13114012446
98095,6984.559510840102
103474,8725.672362084053
101486,14947.764
78334,39120.28
97026,12421.541379928478
87049,14170.857078535064
94207,24284.622196969696
90080,6427.284000683001
82025,17495.87653175843
94478,25972.375
90501,7843.3875295892985
86699,10188.0544122807
91557,28953.875
105343,11136.617280844157
80034,28922.86616983932
84220,14480.52653090846
79498,24071.14380952381
96294,27102.260435064938
107974,8886.070897241121
80316,12721.52923764581
99928,7383.848541666667
91851,10796.539177489178
87827,9829.84350576683
98130,14525.913357018702
96139,18489.195475362492
93176,32475.535300791296
90903,32099.966774225046
77200,20972.240512320826
95858,19548.865
77764,10385.936111111112
93978,36992.51547619047
78852,12193.210552533714
82121,15957.819743230892
91653,27379.64
88882,10074.512199978148
107327,6840.972012933777
86583,10048.544052509047
90101,14452.377261658077
90893,19229.903859493086
93813,28853.375
79215,15298.227125614247
96480,11225.602096675191
78841,33766.443125
101519,17548.363181818182
77704,27421.34659009271
95308,21371.44890278995
106617,7703.731408694085
92279,21731.471108409325
77974,23530.577619047617
96897,10746.02834623016
84841,8395.22567584094
80966,13335.993143905092
81646,29003.21185533347
83773,10151.430446635011
80357,29560.556331507592
93576,13060.488095238095
76332,30517.792191082506
100522,11503.709071109855
95723,11187.225494987471
97599,10320.686860377038
83267,14210.408077645865
107086,14189.540426801972
80173,29261.56390277778
90902,50443.555
85442,20490.299952880938
82924,5020.15
106669,22614.430016461774
77358,22261.063868929436
86661,18801.381571067825
101073,12986.028999909278
83897,11603.67166161425
92465,21455.153318815093
105110,19069.648378941
79370,13224.838223030902
106568,14108.136739134789
106121,6323.6759649122805
97194,12282.743598441162
89289,19042.017177350426
77301,22706.08144272315
89051,23317.85891389824
90207,13986.171157200984
95193,21983.406529850745
98653,7924.395913043479
98934,15452.390946672105
102897,10706.093333333332
90845,11209.412171612072
101868,8409.845
95210,21040.760781084857
106341,12203.091366682562
101091,9592.285
98060,11307.790712657612
90026,7250.499911697236
88157,10558.398554352243
97383,13710.597427390348
87451,10153.802633741636
103381,10591.925
93512,14909.2633923445
77414,60690.09910714286
79553,14366.905
96377,9007.360887180363
105001,7122.926950253704
106183,25856.119710461757
95745,26534.285595238092
107011,9708.303830416315
78953,21196.501915314384
85187,9906.847837031833
87941,11224.613886086843
77483,18891.08332859444
101372,9138.623333333333
83730,8819.766157931332
106166,20846.934919898096
83753,10655.896927824504
106514,28714.315746749533
101583,7977.977549603174
105137,2340.765
105295,26827.655901491482
77657,45134.12327297252
88515,7997.895
93729,21669.133081556778
88280,14122.420289069556
102832,10304.215
97873,12815.239529945427
101671,7755.133428571428
85210,13145.86352398401
80735,26444.92321836228
87811,18491.828726050786
97684,10511.070747238718
99915,11535.660809064218
97502,9315.730528111151
93678,34441.075
78821,16096.321471806623
93898,16421.173999400024
100832,14070.269251114829
104921,14724.442248136127
83890,17554.4533245165
85696,5622.493257575757
89485,12069.260871350723
87460,11145.14925894222
81080,50079.59795457635
87235,9012.175510636092
87587,8349.343775036314
96329,27448.8009104694
108174,9375.327318728596
106700,12902.525050170943
98539,17303.764031677252
105234,23815.567050786736
104708,11182.528703523793
79081,30496.781025200944
90270,18267.52707317073
106057,7696.6075
80928,31359.445
94218,36104.094666666664
107429,11240.1925
107776,14120.5541875849
105303,9039.185
107166,32108.196833227823
94379,26221.098333333335
94832,4059.76
83043,11348.238429581172
84114,11732.988514794786
84283,11878.806666666665
107679,7199.673967105263
89280,11562.785657110157
89840,10751.443688710413
89927,9701.825813146943
92218,20356.33835470199
97100,7464.324051958275
79443,9602.068099694421
96551,8920.630835158583
101305,11734.72277361793
102576,8955.617513710144
84060,17878.329435114687
92280,26250.023833333333
105210,12474.230860145806
104496,19728.301573217344
104267,12838.9003125
91491,31670.229911280632
78595,20189.70911163455
100913,6349.575
103028,11299.522869801498
77788,23852.528189224504
89629,8132.089589702863
93781,24940.26
76551,48771.69
84917,12886.375436507937
106009,14192.828022635033
96109,10712.694798076922
78933,19719.193428298928
80386,43156.89035760073
105590,18969.88280828268
87670,14428.666489470419
84443,23902.22409090909
95776,54835.095
96400,15493.957909924633
90834,23308.01
88360,14250.049558799281
106848,26012.99357138712
91981,27930.32533333333
89126,9869.711860924957
104879,20667.682122370432
90449,14887.84676032603
90667,22067.392604840832
78986,11170.534411421913
84945,13530.786633239604
104356,10385.001949402887
105159,20905.799643911996
87755,2893.978333333334
80978,27485.24
87272,22037.638885645913
77291,29110.946118284777
84904,11488.474343292033
99446,17323.304596403283
78688,27782.61416666667
86155,12825.862668714884
79551,28349.833494807805
78281,9143.89
94551,42927.11
103232,10041.137879581152
104767,10605.567258088548
88566,7688.714133168808
77896,30768.37063327739
96885,17618.8025
95778,21812.934433033737
86874,10244.618937177054
91080,23308.619880260805
107737,13901.201962998102
104851,24902.377916666668
85070,23633.932512820513
87362,10891.973672852126
92302,13517.52
93294,18888.544107142858
83422,18328.19064784837
84862,12571.97623752495
84415,11149.695667946686
78737,20487.681593304846
84686,6666.525989545125
95112,26573.566428571427
86518,14515.778525672073
84839,11713.352619434532
81172,26802.238456816394
89932,19722.770495789777
87300,9591.8
105568,15141.471942901459
76252,13062.765
80951,30196.321693419744
83509,14256.012504982598
108493,29750.928708218336
89976,9821.077491665314
102525,12626.773464419473
88102,6861.7475
89605,14820.743698885035
92381,13684.42519607843
81987,36030.551666666666
91951,25416.86
108167,17412.107917329027
89798,7902.587328231293
97312,14235.475546957674
106458,10787.637645295043
80611,46062.76613891544
83390,9222.099250000001
84346,17627.401988885347
88061,12280.64247159359
91266,15509.29294332349
99611,8032.451877769469
106366,18692.83133387446
91936,33156.497653717866
82520,12116.484071428571
84865,9586.6363857607
80141,25904.07666666667
91890,16680.05047312769
76251,18329.033952588292
84247,8277.410518915782
91298,34830.315
88015,9500.714010318216
92776,26448.932999999997
76709,8861.93701178101
105728,16172.749152175791
103796,12832.179328386761
81171,19942.186936507936
88413,9983.436399896927
102155,6440.237857142857
81200,17347.56174982212
95674,15449.055
96157,12757.809264080995
79020,20896.607471856943
103587,8002.3709616648275
104190,29209.86111265222
80486,18219.244392857145
91177,14155.55363888889
76909,28280.7300040431
97278,11598.182490328632
77170,23604.76710616671
78840,13287.2516754125
107987,14512.81247393834
104444,14672.806473601317
98408,4204.003596491228
90629,16013.441856941841
85268,9024.290745192307
98419,10746.75
90747,13736.346360170655
105907,15198.058241758241
88335,11113.460650326675
104161,26257.580527777773
101427,13054.169966635201
87176,18820.21710231627
94012,29062.613357142858
106937,19379.829165287934
106573,38658.812375
96877,10170.008757884125
102568,8358.630244888831
93510,21305.40146872992
78820,31606.75
76763,21026.666128181227
106884,6952.56825490196
81041,14605.824233054984
93827,19207.670898647186
100321,8125.132777777778
81450,9830.822384520983
95107,15382.847286092669
93670,23456.375
103551,11810.815685452568
106715,17594.22581023944
100863,9973.948651307719
79259,11114.084166666666
105336,32033.66999749819
88906,24905.93583333333
93039,29663.823557902313
85639,16342.659348828374
98378,7822.714550954748
93639,12611.921376415488
83518,10874.143027812044
79592,13043.20925841857
95678,18565.624315789475
87400,9763.05560735797
98813,13481.240436507936
79157,7495.916
76223,20353.35
95406,19056.391663646413
83724,6394.161858247696
89739,15300.036490753928
94933,24204.4
82605,11676.394813458122
91566,17141.976117675164
76873,13497.236017957774
96884,16264.907745044988
85901,10670.237408214489
106449,21306.568020833336
90672,9979.0575
78513,22638.5145465101
86464,10801.251634109802
82921,9065.59741211252
93886,27703.56
76303,13036.173999999999
98243,16023.467282406173
103497,10903.76670411014
87786,14696.403866046268
87780,12507.12519774277
99339,9321.39523809524
95351,25143.42360714286
106965,12549.505364739725
87540,11459.215107952012
99854,12015.999516310538
102357,2388.12
90737,6899.610024904216
85392,15767.656636498918
96882,6041.109220784419
88268,13719.419060847446
106075,20198.800097178555
88674,16630.095
77623,14078.175
80394,14240.680504238804
94942,25153.551785714288
101237,15798.595691933175
86351,15369.144854166667
87055,8901.625446287479
94851,24225.50021945647
79816,14872.18
97214,14128.66554164922
88900,9986.9575
97464,12596.565207317073
76403,16166.485
79786,19016.21350346603
83858,11384.06368267526
83658,9363.210069078677
96456,12288.985941088127
106217,14552.429971331196
88111,10575.369284793882
86581,10747.281683717278
98218,16105.41419527468
93801,24741.18
87206,10480.025945179324
88569,15816.062096083939
104348,15130.272119565218
76478,19019.648367655565
101509,17717.924658989323
100915,8548.15687968336
79676,18321.41375
102673,10066.285391991614
98151,6530.8642500000005
77583,13206.26538487123
106602,34044.03177522747
90134,13172.60041551942
84228,5760.995
100131,11724.96010016735
92807,24919.214033413762
95025,31099.93358129451
79779,9640.31625
77216,25836.23270729538
83476,11964.81016750148
88942,15722.716803751855
87565,18590.731950591868
97055,21635.466536435775
97212,21194.277000000002
97321,19492.02047437524
102240,9720.905
91253,16325.835789128112
90284,16371.04173685895
83582,15074.350420797618
81255,34078.24619287634
93903,38812.345
96241,18837.7226779324
99117,5494.015
79874,28909.285861034477
105193,19316.046145833334
98186,5522.579924242425
103313,10373.097700546637
107714,15904.427945706766
101081,8779.422836451546
79663,5320.185
81108,10254.146722891852
86643,6658.788861855199
90931,21977.733352272724
107518,23522.240982397343
84511,17094.66723206205
80689,10337.779531097183
86547,6223.336785885168
79670,14629.971214285713
82281,16696.842307692306
102274,6235.385
107948,11678.540681426237
97149,9778.89597605364
95980,16373.619198504275
108047,30290.270005971808
94763,25505.17176505243
106148,17435.198208874455
84164,11183.766757876429
93448,31066.961666666666
103837,21380.78124609944
91861,23302.428400508223
87914,10806.122119588745
85944,9011.046304554278
83795,10466.688318293967
97374,14405.997134046507
80569,11382.888458538586
106331,35268.3375
93177,34016.5665
85257,15970.839901351277
80094,14701.51324789916
98473,11704.38111796537
98021,24501.031929554134
91714,21485.96670488463
82569,16100.312051629031
96451,9794.541633052473
86310,10896.749494095273
89702,6760.749827586207
87577,16794.72291977424
85221,25673.184716658903
100454,7252.995416666667
96748,4997.658373737374
91472,7222.715
88350,6949.08119047619
84386,17646.152520443757
107993,14180.6397241956
101496,5758.129074775457
96805,13068.65
82084,19463.78383158508
94643,31067.346457888056
83871,16299.717537958682
82327,18750.58591315006
90332,12712.583184036168
84949,28336.20221638655
83111,18374.624928868805
92067,19904.034607682202
106714,20690.932519080063
85531,12744.423679749592
97311,10917.128458268759
78102,31785.882213324126
98348,14757.343465447158
76715,22458.17
77091,15077.47005351836
105854,13216.101758885849
85983,7776.175442307693
80823,13023.811441743783
102612,12148.025
104209,18626.886526330083
97643,7810.663045780797
95340,24599.761944444446
81183,48333.63166666667
87928,5680.003000000001
89448,11387.709509587112
98522,10043.002009650361
94213,10856.461356970764
91583,8128.345
90280,10941.100011173641
93287,24229.209396168106
84510,10359.42314987984
98179,20776.766927598837
88162,17997.369849874085
78449,44993.466119047625
94548,17191.536083333332
95056,28575.747000000003
106725,10515.384796129376
97968,6811.729382527779
104923,9570.826047499246
97276,7108.272043189368
97080,23238.995832166685
90691,32213.206292142524
88033,17121.59
90160,17558.020414136303
81661,11656.100461709186
101260,11175.279688446584
79520,29105.175000419196
78213,15802.67810069754
76187,28916.329812950942
85752,15940.839155806489
90729,16935.183471177945
77637,17065.83478713451
101847,11554.684975175529
86787,15582.696928504973
105758,9433.070053984502
79389,24864.937044444443
98312,6596.763397744864
100222,8298.12825
87873,10082.777965844753
92965,22038.52158644203
89168,18711.127006313134
82368,18659.722855199572
76505,13893.162209956708
100946,5550.79
85815,7863.648953816736
87705,27506.75
106931,10762.692945558536
95571,20446.13490647843
80308,20644.611842863007
91824,22726.32970425422
106743,26148.796733405812
101866,16323.556613152921
95817,32443.017086341762
108505,14808.879894405703
88722,13724.342162084366
104371,20348.33
93879,11077.121666666668
96038,17858.039949336537
104690,12012.661666666665
93199,23144.05722366829
85967,12725.680955724376
88714,7726.5715
99467,7140.739164427928
85701,9990.832633053222
103450,10909.936666666665
96943,10838.244738716372
88526,15742.938828172337
79326,10266.016634615386
92314,34038.35845834641
106373,20664.458096993287
76953,19829.208059658125
89741,7616.433036832927
100458,8744.948666666667
91895,57368.27
92356,16869.807333333334
80632,19450.224366959756
106959,10191.58798076923
96251,11828.796323260074
97996,24252.67558585185
90021,15072.245320548991
94899,30672.649095238092
93093,16241.120825077596
100175,14205.253274381716
89968,7320.452216029059
102132,3720.485
99121,11664.320227272729
92662,17095.61
96612,14696.246666666668
77399,15955.126091478698
86443,9142.619267857144
93198,34941.06816666667
98001,18489.285
97764,12829.208719820876
94983,106167.15
82703,11395.476744654
94794,31380.452312574078
79793,18495.292326526407
93376,12675.148243589743
76374,21744.67487264513
84045,7648.161490094606
106780,19645.782907464694
93213,14729.286985811683
97870,9173.02438308458
97748,12683.233811584849
97255,8634.336543787593
102668,11943.385873761894
105898,12655.76143939394
101786,14230.923758591423
87690,14834.443874306678
86329,10716.44690574212
77696,33706.416550265
104321,51268.54
86782,16813.094044573645
97134,27197.33216315909
86684,9695.91065750273
95509,32808.185
82314,17971.768687510077
84124,11074.385802482571
87597,10546.065062822547
81357,17772.3875
95055,17862.92255760321
100244,9101.591666666667
79271,14653.414499999999
82043,24037.01
96348,21556.59856950773
76594,20195.9625
79552,15484.16912412183
97181,15403.70259774436
99147,10989.336812157802
90786,7298.270095238096
96203,8176.806371034768
100288,10723.34880952381
81529,20847.793672294036
84229,16548.35824013949
94332,27109.771067412625
92714,21363.595242650284
107716,14762.272882621883
107685,27615.780884451684
97836,4549.246231106612
98284,21072.567829365078
83128,17487.58028700414
105500,11546.176998928697
97781,10801.314225303677
99341,9207.709714285715
91793,29726.912408403634
76224,15209.10325
80840,24378.039735416514
94587,17117.275558949223
98667,10804.397408262696
78973,13433.225701553847
85175,12230.769190476192
107489,45108.035
95790,12477.419583333334
108044,8004.509555555555
80652,24670.53243333333
76007,14315.359114930567
96039,9736.885433834414
102618,14648.360379400587
80863,14330.798
95695,19479.379085511264
78815,29030.225
98063,11805.489271988175
83732,12888.855507473878
83190,15687.913157388899
99504,9733.197916666666
82372,12314.839536371472
77977,47508.87804545455
81688,14964.851717837522
80154,23197.808709709367
108106,22246.68316582517
80724,18053.383755452094
89190,9283.404277218187
102321,15916.618212961366
97375,11210.95148053575
99379,25242.182851335132
84767,9818.960027765226
89470,12443.580774930513
85592,11508.163001725852
80381,28031.630666666664
92149,29884.34583508078
96044,22038.71166439076
79041,11832.616934335207
103108,18523.21234848485
91118,18650.508027723852
96434,8143.963755679421
86875,13968.554131975441
100326,10388.644247381666
106416,19709.315497793785
88074,9747.662296053053
91579,12612.289005050505
96819,29257.541746708328
80373,29351.439650642387
82681,9432.243708317354
88450,10664.608250497486
95040,14933.639502824682
76720,11967.808708523906
94576,4237.865
82502,6919.115001057848
101100,8156.665805555555
104522,18028.57240302992
108039,10189.82821212121
77894,47256.883553604916
80888,10980.097272727275
80366,43231.675
87653,8271.446181829255
98083,22026.528123783424
89042,15486.588359434683
102520,13248.995
101620,11543.654844238
108340,9745.436804166668
98465,11044.400242796382
82307,28659.33528596096
107499,20765.210878225924
101440,11486.592577692942
82392,25298.841752881246
79371,25602.398333333334
103916,15275.855831023346
81192,9022.991666666667
108185,10164.758620416118
81811,15240.403790354776
97993,13375.38
80214,24307.16436901171
79896,18261.563806818183
86793,16645.497019754195
100548,15092.117448877278
98986,9218.451483632387
82411,11551.837301010097
98467,7642.818271032567
98645,24051.046521739132
84530,6571.999598784937
86479,7043.231901260504
90655,16678.250995224298
97319,11165.10387239293
107749,24532.57377197143
77199,27318.523432026304
79255,16625.973242224147
85072,8206.321330445871
99421,12286.207917934842
95187,10385.31152579365
103262,13499.293504159194
94589,35717.43375
77608,57501.91913806347
89729,6225.771231601731
99171,22373.79
90914,24040.2553794223
83250,15029.541908773126
83275,8087.5115350877195
91269,23144.020698685265
83003,10011.719163015856
98988,16704.37792063492
105748,13070.945340552997
77688,16558.245961134453
91090,17088.536872469635
100544,13915.242071465096
96608,10084.49403178897
98784,9446.965233700863
85655,15153.754840905489
104236,9232.33625
97437,12937.023958878768
100150,5735.272214452215
96911,31435.91799329688
87126,17956.851669974396
88544,9609.845344373372
97889,11182.686475852752
76768,13512.399374003724
101722,7628.394903419701
96407,11896.091013198758
80640,18675.52028048066
88000,15583.32944409505
103451,15840.736317755765
80542,42246.565
82212,13108.549908496198
102407,9336.46565873992
79895,10959.96
95909,19610.78384329964
79646,31224.4225
77051,30777.634960265194
79375,36800.855
92023,31458.109799870523
87608,9149.040532867039
77731,10052.853833333333
94671,24455.441449017675
107804,16923.339321902145
106359,21156.8495
102758,6342.205
76944,34965.89248951317
92103,15392.31848156562
81188,14576.427709377082
84157,14360.984846352207
77509,26278.31807895955
87332,6476.933327279202
101597,10945.072171052632
84021,11355.158867821836
79820,25114.819258474578
102505,11859.841575414608
82887,18776.39540671347
98676,11803.748595238092
89288,19878.71
89410,12942.90205900264
76489,13563.17552251279
85587,12835.172276092993
93752,13962.435
104857,15999.12441440261
91582,31546.4875
100760,10387.035
95388,26802.374844337188
105606,19500.19278686893
93352,25060.547619047622
102452,11980.744022727273
88997,19700.72201940729
107478,19276.830056547617
82604,12735.369258331468
87188,16220.898280224481
97769,9105.932118530249
77941,23002.927976785904
91489,11935.004880952381
84501,15907.408454279455
97428,17730.51288636895
107961,16238.216275936618
106520,7775.16
82860,17260.060403188072
93232,21424.352000000003
106592,7280.403616920371
81719,8677.0125
81658,17496.904576330533
92676,21626.3975
102253,9174.604338311521
105237,13217.2272976961
78527,21648.799376744046
97452,7937.645716489043
106530,19509.591523809522
84118,13284.176525334306
84314,11093.729719752118
92313,23281.199619539304
91271,29403.1075
86067,7629.36810957425
100751,10268.846754385966
99647,29798.06963003789
79872,68600.81
89703,25996.70278701406
82985,10049.68876614054
86719,7090.947979739236
78249,31353.02964575856
94826,31717.225
80867,31955.113690965165
88405,14791.545768612088
92596,18536.36616544768
90699,8454.752916666666
97504,20593.05375
88236,16478.619746106648
90859,7875.365963126631
84327,16489.29209031634
86926,8976.164147103056
98478,9169.372194749694
82435,14358.86840698534
105477,14204.320541666668
91685,14197.693874236877
77406,16007.329610572233
79806,16791.844569333876
95728,15298.344276826354
79181,30453.7780725692
89777,13209.556985956528
104090,10474.642642857143
106849,20293.963529761902
80612,20398.51809211392
78114,15536.218879490498
93850,30798.954285714288
91913,12533.490249999999
104359,17640.013611377417
103818,2885.19
78505,8356.4525
78147,5498.54
98618,23738.64606772563
80947,18163.411968103468
104926,8865.753113323348
87266,26603.3
100085,10495.08565367504
99550,9944.877374910311
100618,14020.497797807693
88609,8613.905908761768
95379,23472.935
97130,22502.550241688063
98078,28555.267031357023
81543,16800.831904761904
94442,15559.515
88513,8452.539805189264
104084,17425.116666514747
77862,16694.750723372086
83231,14035.5540848826
80020,30200.92636214883
88533,41074.615
89260,16156.639283219925
82264,13017.531101853605
84569,9892.730288298513
94361,40105.405
76511,19688.378599561216
79088,15284.828666666665
85645,17502.757584865045
80492,22501.99951388889
82092,13491.595
80792,11225.321878811614
79022,16834.60875
92175,18700.31851460922
87149,15681.42818295203
94676,26375.408004966746
82453,13186.942839845018
88623,16605.5459916308
93157,25298.570227272725
91767,19671.594715613504
82525,12646.877331518674
83387,7272.438138468192
104711,13277.67870357997
82040,21689.8296735529
90973,21855.81
85628,16187.2739252242
96701,12205.25153297715
95441,17042.618110839103
104513,12589.37567942729
91247,26758.84477537278
88940,3191.0570833333336
77571,23182.71633116883
104299,19142.115833333333
92609,22461.682619047617
85134,11097.700954671123
81305,29166.810801388463
77683,26745.68275833821
89313,5110.5659444444445
85999,10601.684440773335
100266,13188.516777160943
97102,14938.57951858604
101321,6049.810384615385
108299,10613.467510860837
85057,12688.67719541923
84995,13873.622583034105
84612,8900.69612812844
94300,19185.991666666665
93656,106179.995
89647,11645.785058535752
84389,7559.535944961025
90197,8058.029201430452
80844,7865.08
105331,20295.573768139475
98831,7490.548727691523
89697,17724.826649891776
103351,10604.718333333334
99969,6960.204047619048
99325,12111.409310559007
89198,16155.535165570593
78239,15891.853508214941
82481,8800.969434496565
83655,15370.97600312792
83006,10947.347382801443
81067,48712.05323913044
82451,14867.108051585059
107390,25240.23871849239
101406,12949.867476432602
91715,29655.38
99989,10482.447008988947
93206,29637.215422208552
85902,15752.413593441412
85195,16733.008153851602
78130,24784.965548807577
76552,26331.602854896304
89420,13383.795494318181
89566,13415.164371614013
94682,41249.42831709957
87373,17224.807502056974
83481,10978.227091020695
84348,11328.575353190758
88809,10438.289644549395
107886,12344.894166666667
84976,16480.00017857143
106340,17532.461
87849,16148.718273809522
78363,7632.174999999999
86657,15919.691214146616
89773,19537.045136752135
94449,34455.650015272964
90861,15894.600551046175
91749,26734.93556463675
87090,12388.524308361877
80200,22972.909342568433
79369,22758.833097987754
101679,7928.9738622074565
88080,11222.451833237028
103400,7153.155725885225
100960,15627.963762973535
106116,11089.898779535755
76678,35212.90333333333
86832,4297.0575
80278,12830.965946619906
92718,15941.953289980753
80121,23421.503730521286
84360,7940.600324263909
98000,11387.180969067867
86852,9895.236938432536
84665,7336.196666666668
104032,19319.435257936508
88348,6999.745992072613
85919,13866.372994281483
102408,6192.889059829059
91678,13491.653911564626
86965,14199.55450370803
99748,3090.285
79192,16234.055696581194
100469,12152.824912713515
102772,11756.262663690475
89526,9524.209
96191,8967.437599159963
99222,12577.023125
77086,34567.16709907106
84447,8353.60884514585
99981,8880.505
106052,21090.54307943155
79612,28414.441404761907
106792,16170.811394671353
99124,8036.525087010473
79678,30904.49855548596
101632,7742.0128695354015
77692,16725.47328797136
84345,7098.810902358283
95000,23615.915
83015,9606.833042088409
99423,20971.98668535825
107480,21145.036788736237
93765,18686.804064312615
105419,9956.105420494705
94052,15194.09880952381
97432,14301.436660343965
79133,23339.861666666664
93225,21549.82709963485
82956,11082.078400855804
101231,11420.781250545442
78727,16907.290631824755
92150,26198.435
103869,7994.905729166666
98266,11760.967291032795
85017,9119.559864966546
76853,31353.02964575856
93027,15181.315
88493,9795.172662961366
104829,28295.1312121099
87800,14969.344418626597
94723,19963.57970669142
77219,11120.022305555558
94891,12296.210892871017
81656,19518.91698024402
97239,21002.262640625002
83620,10927.426646777261
93312,19578.007882984213
83441,9332.972560598822
83959,8771.736455600023
83653,15865.075
103364,11395.10761904762
81279,10282.69875
94483,24418.633333333335
78683,14396.21
80423,25810.725
104442,12586.110920017436
102026,9322.53684532586
105992,15517.097912259705
108007,10250.35626796066
81476,12653.992110115445
82770,7421.938643919405
97979,11662.005528571428
103866,6882.807666666666
83147,17623.58242459597
102902,8328.605178571428
105918,24215.847066193488
100265,12495.138462065093
86165,12173.450776599555
107697,26723.595
94497,28105.881449250024
83540,7826.461257728685
76617,23590.305
88133,13102.320212441386
92181,24793.612142857146
90065,4326.91
94177,15835.843758279485
86942,11468.540240293923
82629,5577.016753413253
92087,22712.34
94508,14635.73428337862
81678,12181.570665934845
88106,14833.114311347226
82869,17648.08337229247
81744,24326.330625
89208,4100.095
93035,23734.391896057354
94656,28493.64212961446
105571,12063.75694128788
86332,11047.478874789385
76711,20747.862194437344
87423,10799.098624134434
97343,26158.217283272283
89591,22932.108958599423
83291,2159.65
76146,16433.726166666667
86683,10581.318391304347
100726,11406.592797619049
102328,10582.47
100991,12465.855110399722
98049,12688.668679761353
104948,17780.005083333333
103129,8045.233945398245
87892,16037.797525528487
90770,23774.636555555557
97113,14085.885
102422,11008.891217094357
82462,13195.034625672073
99700,21547.569773690928
103799,6125.843666666667
96959,12829.206819201372
97715,8327.220863702323
90880,11137.47333763884
106632,11650.91941999042
102656,15146.235
106686,10080.001454364747
97346,8822.978035714284
88283,8162.000714285714
102248,12421.057088607597
89091,13120.283871943373
100474,11082.654166666665
103428,7895.0471005291
82698,7136.542616459628
107510,8911.421388888888
99122,8942.32199734972
93152,13111.296411564625
78084,17831.547
103130,9715.52643913451
95826,42526.8
94977,24683.238131761962
90104,8907.957500995471
89105,2394.045
95397,25781.106206349203
77476,14467.725
80208,10914.565
96744,12800.876386858603
81310,25147.93727564103
88688,8569.819826489245
100514,7506.570132672636
79490,20634.67722222222
89236,11845.771309523809
106677,14021.349243697478
90882,13154.076115951138
105048,6789.825539228316
92458,19619.79180658713
91682,14912.557749018088
104659,20159.59107142857
99559,9366.20700390524
82608,7622.208519845818
98793,8742.602928217797
101083,8339.475733351306
86469,10801.583812776917
106304,10156.64875
100515,8750.661060753284
97006,12065.121591881818
87531,3026.12
88873,35616.492873221396
91700,15986.172437899315
90471,20725.92
88077,21502.518550095032
95546,42418.06078947368
77965,13630.675
91548,22267.941825309288
101360,16083.288511904762
89845,13991.192598599193
95934,24969.5125
103745,10677.557322933422
85862,17074.308791357562
98424,8872.561633427122
81736,27085.632096705558
93391,25120.952140695976
76523,21761.991788230105
83573,18950.555856321836
103118,3844.355
84399,27291.508025523894
84864,10834.81519117098
104282,9369.017318290998
95389,21548.717617080598
108097,12711.29465219421
94999,11977.205
99345,15459.7675
92946,43024.09511111111
104048,14782.615270245216
76817,23020.567261294258
90448,18450.83897766123
107837,10039.025180782011
91182,17517.903664141413
102654,7225.389
95298,17631.0201256913
93659,22136.462666666666
87866,18175.143023809524
99990,14495.92
102469,7841.522666666666
107351,15678.831456680493
82490,9290.896488540828
80756,16542.704179164477
82365,25673.14749400037
92332,15205.75207229927
77456,31253.81222222222
81007,27051.62
82391,18252.815
84647,20033.55701940729
76296,18426.186559897877
100192,8052.658214285715
84547,13190.282689746015
88877,18445.15260827383
84254,11080.20643119631
87836,9087.247936069243
85970,9234.370910129606
94834,15486.282839419477
107159,14056.128095588234
106800,10212.713520538657
101989,7459.522857142857
95604,26603.700550829322
103637,15689.031208466233
104301,11588.521088630367
83799,12174.701156851817
107855,13488.938244301511
101506,10626.371143504079
86644,12614.29361068158
81902,76781.375
90490,6873.5953908045985
76314,18975.058926380967
95360,33061.80958908803
96272,8260.121415653908
103911,8783.184446392044
106553,8560.379519474845
106063,15956.055855037654
84179,13869.151569919988
106912,14936.894719556332
103819,5219.035
94009,32078.425
98285,20600.44743369323
81101,15376.682660777322
76806,20114.73078444405
79127,13335.767269614458
107416,13016.288289492537
93786,30082.89825289198
101542,13374.574759188365
101640,10026.540866300245
98800,16821.922136944864
91451,34706.651261591476
104033,14422.009565511802
105550,19551.43567764698
88203,16430.01083712121
77481,16872.67462317267
83704,15164.742287636951
94474,20289.711345234922
101924,14335.710441176472
93203,32776.12928571428
104628,14719.055863306894
93308,34175.455
81984,24005.1125
93228,25812.524792929293
94247,19857.585321790568
85162,10588.40151208196
104670,25416.261606768792
80875,46084.13802321564
80850,23787.607833333335
79475,26916.402040613535
87229,11102.163048155266
79162,15118.143492424244
107652,7701.110568220727
89835,19602.600714285712
77430,28474.938221153847
97568,14212.095925226988
78947,45955.92542307693
106692,9729.960074181137
97127,5019.025292627043
80876,22901.75
100152,11388.141152173912
88949,17798.199621678315
95804,37369.13333333333
106833,9208.506831709958
89283,13197.45748684398
78115,44433.76
86941,16116.3989795322
104794,20355.71519545699
103892,16639.969115205313
90746,14447.436040722281
92996,18040.057759845593
88679,15847.456004117665
101007,6144.325
97824,9609.145714285714
85138,10108.528020955739
87869,13039.43347502775
84266,10336.141188655078
88682,7731.825008389051
84543,11040.53069002219
88967,17253.98964160839
78831,16532.24476530069
80227,21348.61444444444
88995,10728.386175213313
95761,19699.062039867156
82060,17255.11030192106
78253,19479.18850439883
81193,25724.376487683818
97309,8152.527060710842
93654,18696.325
91399,28052.656129387535
107195,35620.073333333334
82137,13423.112175539549
108006,13596.885820655325
78534,56863.225
75979,33345.45375
78847,7956.925
94746,10983.844322247198
76591,14087.859613095237
97366,13765.710614597116
88756,10681.315813101664
105074,18501.28874334039
107641,24105.212896427543
103717,16927.650588235294
92559,30245.203666666668
85453,3721.87
91736,27825.6
100632,11895.696552521558
93314,20864.035
82593,12726.25553735058
105791,20188.574073814852
104431,21398.480650974023
77967,20900.023125
91373,21605.504659090908
86095,9299.754069625315
90950,21950.319011724718
105410,20631.98296717036
86516,7804.194499202126
79221,46594.575928685386
86603,16604.54150186368
84058,19265.60783531746
101017,10207.63730944912
103065,9417.063333333334
102817,12390.071862186136
106443,20893.56830293796
96455,18092.504927587208
103514,9880.578628884376
88407,16607.07967257402
104658,20727.916381952306
83823,14674.351600453607
106801,16391.938043159986
100859,9403.825
97156,9200.515965732087
99816,9533.620633236666
87726,11651.088515966389
88783,12273.81167243289
107654,18181.57
102420,6142.13
104147,32851.59563381113
76019,11242.144502567728
86158,10705.3637196637
82852,7275.256439782546
100871,14547.791079148543
92537,14132.946059595959
92028,12594.017045454546
78319,10344.865
77111,21919.24833089043
81426,14634.264736850311
108336,10727.277
106048,27722.17083333333
108482,15164.682437196338
91336,19882.915293822127
101242,13807.60917516215
108309,19128.143212127103
106397,6367.735
82413,9882.331122580039
79355,36548.055
92826,32254.961875
102020,8849.964722858307
93857,34137.98864832536
88875,8238.815
81926,20201.459483408747
79236,18259.553214285712
101106,16224.624741935484
99069,7055.1213250802575
90017,7555.0850628803255
101706,9309.634833333334
89701,8488.905119683392
96760,32571.13245620769
103901,14506.189295256338
96780,27059.81127520516
78905,12628.868876050423
101894,8814.325754156844
94657,15452.637953157087
93703,14503.955
98690,9106.554070384807
90597,14420.960209554338
80138,21205.459661446395
97044,9744.06276923077
84258,15887.979470526598
98543,15094.299839181718
99833,13040.157055986847
99848,13002.981491247589
89178,8343.525802890415
105598,17224.569310185187
95971,26988.183203703706
94875,33254.80419437771
96048,10085.174583946657
82606,18142.447932353647
104545,9531.3387428702
85571,5005.8123076923075
103757,15438.929593424053
80192,16709.986322184763
100422,7836.812429169031
88065,17279.783890282975
83544,13929.125084337984
76851,36736.513131136046
90464,6591.786999999999
106501,9689.663822776034
85011,20792.336162280702
102308,9585.210368692373
82241,72289.815
100655,9067.264775141124
86477,11254.165493573528
90830,2107.305
83274,18938.90803030303
83251,9520.578254160628
82122,22581.947702022957
105600,19145.17845290772
87514,10608.2045370362
82184,31736.96
84829,9921.868850174216
90704,25058.745940135563
86306,11208.640095282637
105655,24797.164282463702
98964,7564.5637944780065
87189,18686.21058624031
80116,13449.292970205492
78366,28484.314290161605
103668,5996.355
95799,24423.658333333336
97496,13038.821997547657
107112,13812.202429466928
79698,28980.456547281323
78946,32239.07213107245
82843,8442.38352009969
108537,18853.150342876805
93675,31011.32127839631
93629,19582.749354678883
103134,10731.387110680991
76458,15196.796842684738
79219,18442.079958336115
93401,20577.70632352941
87666,10349.331418969732
97697,16121.979383241758
77945,10567.718095238097
76173,30530.46171140256
94835,24248.231693180314
86700,7635.36348167851
105682,29965.606845284907
88546,20345.8
100486,8489.462787397795
98187,12561.891928571427
81395,14939.841692269241
104408,13275.319852870813
79922,18985.713777472018
102955,10785.284706681152
85515,12085.5072
100490,14158.342980769232
91070,46647.45
81321,25295.78423992674
90925,19252.035625
91291,33371.70430000074
83986,15627.865277777777
91729,14651.960321969696
95830,23177.879
103720,10057.53037176541
97023,16798.938108091286
84892,7575.768953149993
86618,14861.083328516874
93094,24757.322672071998
102487,8068.065
76952,32309.637815308004
90121,9194.436188951426
89687,35774.887452037896
82663,13824.471767894931
80253,19289.311113708744
96004,13886.45
102267,7609.973098348066
77777,22312.874765964298
85135,15639.443938443672
103806,10380.924815038412
88031,13043.212050442335
84252,9630.456912592173
80246,24419.348467121996
83445,12366.381030543522
107528,9861.081951221688
95161,46192.265
105132,32069.167142857146
107504,12212.379268631814
96720,18936.489464285714
86060,9434.843228584052
76370,15518.277070346321
102092,11709.644352172261
93523,17043.23794369123
87963,8451.964259324206
94183,21678.79182375479
77548,29712.486330242067
91116,30415.264863990178
100013,12597.551162659214
105525,22205.256666666668
104210,17972.260680676325
91137,19123.86826923077
101960,13071.533002587907
80662,30082.57130655899
84914,14398.743180572512
107857,19176.135068879856
94916,25234.407377289375
102858,11178.862881570854
88182,10187.874911412511
85339,10496.702559705851
98692,20359.745069590903
98460,8919.615517357224
101787,6593.51472972973
105924,14400.400944583123
81440,21968.157077922075
107043,14783.364638309276
98747,9941.431425139795
76065,16927.133583333336
103452,10572.457321428572
87162,12087.197345714678
85972,7228.685
95159,29591.614777858
81106,26876.77264090313
106324,21355.2798956044
86957,7853.260006073598
76900,13261.04944116484
99319,14991.011567957536
105884,23146.6481307815
82889,8327.777494094702
82253,71873.065
80818,9911.608114483342
97074,17914.19149759659
103269,17523.990833333333
78298,16125.849934679973
87216,13518.342203380445
104853,7146.100477124181
96298,19714.094486498685
86803,6866.1681767516
91326,14700.895
90948,17414.24757033517
102795,10739.237156232652
77163,18096.344026061775
93519,35727.95
94980,12051.75888888889
106455,24826.95916071429
88860,9605.889140355173
76536,30919.000086618624
106556,22886.197241054615
103002,18231.820553839785
104193,9322.49752004915
98247,9422.708669590642
82529,9507.235159607702
90499,7352.324827586208
89400,13520.329080797434
94595,20629.628128668144
85870,18650.5440011598
88424,18476.645
82715,13569.331310749692
76324,19722.744293432694
102259,4224.339166666667
99192,21753.83738742714
81437,16026.62699145861
97208,14496.526714285714
76420,15619.279692258024
107557,6357.065
104202,23048.15076086393
83400,23117.337555813807
99664,19507.84670757813
87781,12071.971357672972
105706,32620.395143577683
86320,10367.195730507428
81907,34122.174166666664
84881,7798.88262370263
78575,13046.882728753702
101857,10739.237156232652
104378,15996.280689667537
80281,18210.112820075756
88208,22223.681818181816
85864,7531.7262130251
86973,12004.665
101072,3780.24
102664,6438.492077380952
107949,11292.276531223515
88832,7503.033874743672
87046,2508.9835714285714
98930,8561.669615384615
98721,19016.293953066684
103249,9903.322373380204
88230,3485.45
103604,6502.6425
90645,7037.701347976937
94246,14509.808275222349
93604,19413.506405560336
99287,11616.656928571429
106684,18141.86667559524
89506,18303.989820129867
98726,12845.323681818181
77060,18493.59199943729
107323,17695.551567291735
100559,7823.937295321638
94511,30282.785
81367,21856.79321700212
107185,16618.81
87243,6267.3698081085995
93241,16853.62645
90899,21948.195
92791,29422.056425011484
97429,9452.749278619454
81883,30939.992436034052
82428,9385.72259475926
85224,11709.759791502314
90818,31971.25136696364
107186,16678.13471821568
104489,11509.557135972578
77026,17076.68048611111
103119,7820.0210780836715
79360,34710.15748192738
97763,7081.722939870017
81434,21155.430757119564
102270,9009.635700384273
86171,25666.680193371052
102255,8003.934195325882
91018,25222.766893939395
93219,14625.962507442722
107667,18903.279064126895
89301,15886.944956300813
106869,9323.139647435897
101867,10152.318977272727
92922,18555.708910984846
80057,29283.142708624942
93951,21643.285
89450,9858.466568722704
99681,14551.58257431457
85661,16276.914051736681
76072,29792.31651142031
81693,26922.205038129512
77375,12020.344375
77649,29501.16432371073
105904,20611.497718503495
81679,22877.345272111874
105555,32121.985
78762,13626.339096320346
78590,16098.24
92784,16862.833903444633
88497,6461.831509097384
108413,17211.132391560535
88994,16302.509610215053
103426,5019.760212121212
104394,21576.163936170215
88703,12134.675666666666
97376,7345.516396782141
97470,16049.511331490756
88681,16634.490363357843
76599,19841.486178571427
104274,8864.5025
89590,5945.364464285713
79749,43261.042964711756
107386,14435.314451014237
94829,26244.045254777833
105123,12848.715446613081
97602,22121.788311763405
93900,28849.9604989143
85986,9940.143247441807
78014,28645.99338743931
90073,18998.7425
91815,20015.943125
88067,13076.393936654562
79079,33106.8508049986
97590,11713.173310062904
84491,10740.557945571614
81997,16060.969068197566
90875,24357.2035
88805,16852.737971407056
84708,14478.161
108010,4510.395
96549,10880.704935897435
79023,9302.71
80493,21286.265399729
98860,11950.256928571427
99938,9183.419771929826
91154,27822.65
102202,10620.464889364617
76479,16625.869876262626
102548,15232.529802020264
107979,10132.988735689816
80905,30493.485684430147
82630,12115.001410030674
81130,17324.253214201384
105382,13154.891947422566
101905,14740.021984268422
103353,5580.001501858649
88275,16907.632731021396
88052,17354.04533736659
85537,20468.65307427536
82742,5317.38625
105960,20624.4964962406
95151,37424.98625661375
102555,10321.438105665748
87742,8566.962556818182
107219,22394.272493750206
106170,10030.569008958666
103341,6701.690286659699
98947,18512.253899318166
90933,17867.876847826086
107651,6570.562638007116
107937,10233.512669593321
92742,31352.84749999999
91138,18141.104924242423
100134,8268.802083333334
83718,12058.506112722778
86977,11665.799593718919
102165,10190.012323281937
91372,20501.546374999998
95812,24361.379538040503
98911,52328.59160659679
86966,6334.367311827956
107280,12393.64410186289
89020,11154.259651926295
85167,15908.830210084036
100394,7881.96125
93450,17162.33542261905
86838,10024.722961796046
107563,19763.493065072806
99692,19949.55930285004
103946,8247.888794058465
89586,7893.479460025482
90733,9316.855705187978
91071,20045.775115022465
89142,9709.091614227294
79359,17230.219872549314
94435,20151.347341895715
86980,9527.557117343342
92661,36195.505
84734,15652.566978737044
92829,19202.207222222223
78925,32230.455
88863,8798.796077728448
100507,13000.885854414497
97469,17679.55330437215
106358,12088.86792196354
94446,19534.203333333335
100068,6665.866134343433
80005,21739.51854464286
106548,8947.733405306719
85323,13737.25623837342
92629,53199.645
78057,14001.597785714288
99591,13124.35
85307,18234.228511904763
92660,30344.823305539376
89525,7638.020784555201
90953,26854.9575
103312,11975.205
107912,22554.465814867086
93292,19153.975683166984
81638,36420.483181818185
105433,16389.37222732449
94804,32508.898293290044
85666,16106.264932845617
87338,10548.815519532167
98818,24520.984271320132
91960,27421.224202279205
95612,25134.295
93399,16813.378910133484
86492,11068.845637682774
106169,11909.419968057286
106699,14532.686523504273
102175,36489.13238095238
83555,10614.006698361209
80941,21430.103052453975
91366,19704.79158333333
98045,18060.018430620406
86988,18842.512655217903
89139,13461.52249655383
106277,13681.502697292435
76317,12226.953104034246
101300,11119.05171824184
93086,12366.22
76936,19844.914811149618
80711,20311.42495638701
106659,12171.458213955037
78296,9799.622416666667
97527,5040.14125
104494,31392.68092857143
77982,31471.62
86456,10699.929044587278
85161,18458.544682010644
100583,10405.613262596451
93063,16420.669388888888
85331,18018.77070381035
101731,14178.35657214991
97389,32594.09
79902,18236.03084068758
89643,8925.870059559205
93175,20893.01
98389,5981.758333333334
91334,15240.254476190476
98514,12963.590403639095
95382,18303.24011126983
77018,12321.663876796181
76437,16586.560902481513
98250,13841.045
77104,22020.252806512188
103059,8324.909027139105
83308,14611.265375382342
95106,17206.248074630454
88684,19718.77568181818
100870,14585.580945331696
103498,14769.740706628912
105342,28028.880228770562
81398,16407.985118707093
91833,27080.54489533493
95311,18693.10058436035
77369,31270.726237304425
86011,7911.561492223019
84952,10756.214377898832
94056,18740.802209497095
104796,11329.537176470589
101571,12102.134616331303
77188,14984.916855495272
94304,16597.62635794205
106008,14134.212099515984
79849,17449.805448051946
106099,25585.47621212121
105086,10747.167516381987
85658,7856.2150060735985
102040,11516.271136788342
84343,11196.09169523443
104882,6216.10301984127
88582,13389.284084603989
90328,20313.408904464715
90536,13000.481267678517
90805,12490.290586477988
106058,29343.205992982304
78871,26180.056185012138
95489,29228.028703703705
76637,16080.11325695462
87818,4710.37375
84478,20275.888452380954
108394,19262.370777930406
91676,34986.40451345756
104964,1917.4775
78506,36658.276666666665
92557,24765.601714285716
90715,16304.165
101721,8008.65
80715,22066.17570760611
81705,21173.319723092256
94219,34683.4487254902
85893,16592.43881925301
80550,15408.787729166666
86662,10518.448600086303
85271,19547.431666666664
107075,22024.70310550125
100992,13209.425834376738
97396,6578.4192784607785
103943,8030.244998210342
78916,13533.204549242426
94516,21232.68128620233
105411,9175.868855507011
78377,22867.7775
103977,14077.614188386127
106716,14484.187983731354
88465,16369.18230075188
77421,13585.797414725897
88866,11794.179859295667
97787,22156.297512499998
85063,9906.927347459603
92555,16585.605037878788
83695,10056.882450134532
81797,15804.430995757435
104241,32425.995
94730,16967.38
105191,14038.599968626886
84112,9177.158857798873
90379,11773.643132863826
88992,9201.475923694497
77423,20185.145475892714
85126,8797.912225682112
78691,33820.07666666667
80320,30623.203376570604
96309,9764.704138717561
92577,14841.115
78891,15016.445068935007
86056,15371.910037375277
82129,14046.53822452125
102436,10450.312124847735
101469,6160.1625
95885,29076.48584099275
92879,21266.919107142854
81484,5158.24
95550,36686.03449404762
102726,10142.82
95252,21525.46
90695,11795.50750682021
95863,24226.05722939068
108338,22419.697193223445
105327,24783.58833333333
91616,15931.948001477878
83077,7649.771538166628
105582,17290.999324101183
84382,9215.449676831686
99666,18295.068535714287
84818,17151.427940572194
78498,44329.6636521312
78378,49227.68054545455
82799,5670.752202108291
81429,3172.61
107572,17751.321391304347
91279,27392.306944444445
100475,7135.344285714286
86325,11153.535748637376
76825,29093.29870915124
107657,9198.701502525253
82346,8416.976105733942
86687,7360.440847979851
103471,10558.562911361221
78209,19253.209149840884
95328,12962.241666666667
100363,10337.850926739926
87672,9925.811886757216
98994,9620.935
83549,11150.837
96370,14100.054109848485
87842,14476.666845966673
86297,12953.44511772337
96716,18827.355731941774
97492,19582.954891890142
92786,11984.98
78254,15123.729981060605
79291,23140.536945300722
96050,19113.872083333335
82240,22356.148070048308
107938,11204.423010366218
85258,10981.826549015124
92512,23033.675
79919,28556.12977865696
101410,5851.350944444445
88700,17870.067025941695
91847,64333.15083333334
101835,7928.714618906945
99878,13120.699480947684
96318,9565.765
96245,17682.144658119658
96194,23047.594082668376
97973,8992.542261904762
76985,23323.243736234646
100002,12853.403730561922
91364,21889.284533449845
106980,7323.237391220145
76285,20241.152592338327
101396,16159.777765905288
83368,8996.886562204556
92820,14507.243979193578
92264,14562.381154649947
84052,7982.403574390553
83928,10150.502825277075
105324,19651.55814656831
98502,5491.6284090909085
94457,13616.504444139195
79073,21378.50544002798
92738,20895.805
91008,28116.97
76447,31358.968933483862
81627,17978.292798912596
97016,11181.925147924732
83182,8892.559618901365
95791,34873.49372180451
87449,22022.94397266626
90013,23443.238688997113
107223,19140.874222300652
96785,18268.988085991532
81473,22323.790184963305
85403,15559.90825456494
106473,11525.082580994438
81568,19794.87
76748,15089.576752450048
77020,18839.338018061128
93210,30624.400672883075
103955,8240.76936111111
86509,15328.421381991035
78291,21996.339963439637
88895,10233.546147004683
98026,9928.12026371803
108410,21589.91206917351
88039,9512.034710784314
91193,103562.645
88087,2255.735
88708,16136.340275532842
98485,9464.499345458571
89847,14303.127072171344
81318,49129.295
103971,11599.486989679239
85649,8371.358702765367
96137,12990.791614288464
81112,22173.29095021324
87825,18398.038373973726
103890,13318.744396299904
92845,69316.115
95649,25894.475
79000,9748.52565359477
91668,10370.675209893381
94544,31718.31063130175
107024,18874.590252930324
79725,12769.606666666667
107343,20222.57928787879
107612,17580.64872470489
76647,9913.824722222222
100922,6881.597333333334
88583,11019.98341419484
90425,16632.671599246467
86258,9212.60802012702
81973,16363.126859967779
85370,16276.608382478633
107854,9441.63
78195,12612.151798387109
82124,31659.721742271417
79050,16369.703202380955
78880,29932.106433885558
88596,17574.12938934021
89033,11292.135540448273
78792,6388.102142857143
98664,21336.323453203935
78544,10922.57
89184,10813.998055148144
83109,8289.02486342177
101759,14742.12
87164,17776.669345376842
104156,10053.604142857144
107607,26301.40650013118
99705,7666.045171508541
79398,16394.69875
98401,8567.265344884463
91911,24525.277981934734
88175,8188.217751429561
77275,21882.189779734676
88946,13194.11682985579
98293,8790.278491872643
95991,19497.960959683285
82196,13115.172711844894
78514,37975.60325
102853,14039.76391505474
93984,21561.361657096255
104689,29123.805297311013
98534,10432.588450251635
98744,13497.67495743778
100456,8733.064419642857
83468,11125.147491971804
104432,21292.830024056315
86752,18871.86409090909
89762,7724.184589176106
82788,19744.938159758167
105604,12237.996006405929
105490,11818.934945783954
79447,16566.119105503596
107405,18919.898291666665
102782,11918.61125
82786,9851.66193548431
100557,14773.51899329502
77711,19652.286811557355
104935,6831.902559523809
90750,13377.473333333333
94396,26972.2
99628,16021.599038008648
87360,9202.673431476189
103238,10069.90946042037
84883,7737.630436320755
91450,25407.887980981115
96221,8092.663757264958
82400,23264.869258474577
91940,9959.187525641026
101320,10247.057646817006
88653,7202.848969234466
79446,12658.17
92672,28460.113647872928
85552,16229.715900896206
89858,12566.967946428573
96610,12521.092055555557
90447,7008.938692369036
90357,14240.955001732602
83266,12507.646869047618
106259,34696.753373441745
84489,11813.108869047619
87875,12327.648173700518
78430,30468.01389548656
77249,16092.66
84094,10883.33369694617
102218,13989.263652634234
97151,18292.82699473869
102064,9859.712408612884
97655,16200.56475832714
97387,9869.775
97118,13622.932795194258
101804,11773.12
81888,21104.181944444445
77455,25360.713168032882
99638,13544.867047619051
76845,13023.092422557715
85493,7254.656726759709
99781,4054.855
79322,29247.055435540682
96766,18872.432837261742
80513,47246.48581551457
83907,18028.033333333333
93217,19360.98926614114
77426,11892.620714285713
105044,9531.80024968097
86573,10220.686079874666
95251,32400.265
86098,4308.335
93674,22753.697632906893
104392,9983.858598164223
82340,29713.316298770646
85899,21878.9
85579,5627.531066156066
86725,12178.66390254673
104810,37635.15
94570,17158.939140617967
89607,8552.913202859876
108478,17496.9325
91464,26345.18198754818
77613,21307.76935988106
83067,6506.66625
104585,23873.44
94473,20822.76098128665
98756,10115.93005274835
81199,21499.58662273878
83741,15600.25571779431
84972,12317.88108359605
87486,14407.21338787497
92290,25011.848712544805
97049,6537.38099025974
81960,28401.35366539793
85765,15973.674667785692
81319,23404.188960046904
84335,10242.46712096209
98897,8157.27201324378
83649,11382.050860822215
89567,3013.445
101958,9799.442679934724
108211,18981.52212295575
88326,13936.846669512377
106424,17951.765256052207
90848,10494.615333333337
104944,23322.26392857143
81300,33696.62
76804,134038.85
93569,17061.37
76839,19026.12930075929
92611,28658.460023352156
76006,22155.54400325202
86953,10189.64
107767,18435.675547135066
87949,13232.848962471664
95782,27199.125
94414,29031.298231202694
98483,23922.389850654712
95988,14092.547087453482
98640,9079.924780701755
102899,4468.522073170731
79367,57551.02
88430,16760.802470866663
79428,22964.4814286742
76247,30447.981921530256
90955,22897.307554945055
100711,5926.2325
83720,18363.15
93618,22455.68898390876
94754,21738.5
78740,29105.644390212783
106522,21738.536642461513
90165,8258.667806517751
99615,6185.660427784022
88112,10497.80924779186
90759,22368.449432281606
91835,13578.788618153192
91563,27014.33003475938
92736,34558.41
96939,20347.290691919192
100301,8653.511356497418
80143,19338.971859523812
108141,10088.613120204782
99743,6585.725904193275
98627,18804.331042536196
86233,11359.54628221664
104568,18248.261525024227
96489,8842.563116145386
79018,12420.36558522611
92173,25347.92
81198,14625.125555555554
102450,11992.236937164409
105038,19401.83295013819
93284,22772.13822197565
85848,16414.58
89587,11558.89155324298
91457,11966.667993055555
88804,8852.768607258447
97228,11997.673805223929
105841,27077.637916666667
107331,16911.98494545256
81008,13504.061913364414
81853,24590.244036131353
103283,10739.237156232652
79036,18811.56769933555
90376,15883.018915819983
97271,7276.782812499999
82967,12399.353827799345
83663,6896.933462254121
81640,20978.824791666666
99076,25495.559198008366
107790,17186.866965792782
96460,7639.858299254266
88286,16070.330576923077
86545,11122.70444092501
97634,13082.01
94452,15720.323706164965
94409,21230.745845209425
104877,10321.765367148333
102952,10771.938800685006
91502,15887.808438922926
105695,7617.262
78608,12285.104848730613
77384,36170.76
82188,21685.231270362758
81054,16038.83005650344
92709,22489.82
98260,10113.463928123674
78996,17093.752399086898
103868,6738.755
81809,31023.03
84251,10962.958040029653
103762,6919.261696428572
101479,10997.295699314158
90533,11149.164801658153
84636,8146.940986051784
103208,6256.535833333333
90274,9060.755
87517,16071.93894543295
79671,33066.08880810783
81486,27915.622000000003
89338,23768.841665801974
76912,12418.815958521143
89675,9330.66375
101294,8981.667149963108
98316,9202.377478216398
82457,15941.53155339806
78558,16006.21346680234
107933,11294.419423599758
87555,17675.07130511368
80873,15122.598195316104
94717,21033.79149891775
78922,16922.028564446497
87376,10589.994153348618
79203,22044.783197674416
83801,13173.05027027027
80314,18051.679900400264
96011,9401.829261322555
106585,22294.56572916667
94122,23121.046229967687
101723,15341.058202465962
95561,19544.721087317186
82751,16029.44496522497
107424,22415.872912859344
108316,23768.565716239318
79229,7817.6490566494895
104835,3951.94
106289,11298.20702401346
89876,12593.779561366193
96917,10971.097954729916
85982,19208.25833333333
105023,16154.248980278215
76749,29457.069143366552
76453,25468.07
98954,9209.107519532457
101783,10973.310429263503
96734,7089.018850931677
76884,17685.126904761903
84277,12363.86219869054
104756,10394.531850500776
89268,19561.472392857144
78955,20716.68063954462
99279,6677.835
77361,27635.995
97823,19488.838584983903
84313,10411.581783714964
80520,20269.655535161433
105472,28010.784803381193
77671,7787.35
93098,28106.17
86559,16188.550551741293
86582,12976.50299357721
79414,11402.405104545462
97179,15632.375848214286
94617,19949.315
85780,5457.818753083253
90904,25301.763333333336
103178,8683.642091310088
105752,17923.221666666665
82636,2660.585
81069,17024.817432367578
76784,3301.47
105061,43398.42
100732,8035.9079023057875
106562,9675.881634199135
102833,8300.842503888598
79029,17134.313632302656
91944,27095.865
99849,6673.79788068266
85213,19064.43303091221
92653,19287.425
90824,8799.865500076585
102752,13318.406549903317
106732,19053.980718873518
77076,11961.515207317074
101825,18582.502659216345
78920,29815.943083070717
107404,17363.556087693403
80053,8819.122005523208
108062,10244.519235930737
88256,16291.757017308233
93809,30268.799475981225
97342,11193.177081580185
101308,6349.699893162393
94366,22175.093333333334
88228,9902.94555186497
91471,22226.133067226896
92294,15059.14548176463
92018,25707.3
77448,36945.735
91091,13581.115
90892,10125.80462331081
93754,31236.285
103644,10500.466440134524
101170,3975.47
87238,15738.28480945122
103651,18301.799
108015,19173.11061441799
96704,9104.360529162994
87938,11328.54843300437
82456,14100.00565533147
94735,31685.385
79831,18831.01410254799
99435,17518.94207579518
77407,18896.34527859577
105163,13906.768475709443
90450,21315.70463327838
101144,11235.38030263158
85101,11133.68133660508
102152,9942.2950877193
96445,29970.631904045957
93062,47093.136188553115
100172,9114.471338568801
91519,22790.901721611717
77563,99106.335
106245,14690.879023099125
78606,31794.84034722222
94171,16851.36333333333
82263,9950.796083333335
104528,7074.59376449939
90918,27318.578111111114
85512,11389.559530822866
88317,10980.056046945549
77807,9840.311458333332
96992,12414.154833333334
93802,22644.88
108022,22865.675703373017
97029,13819.500430897931
92027,43538.64
88331,11029.605790716008
81387,13231.062597561893
78465,8205.718333333334
104119,12201.30152035287
86438,7936.808295454546
78315,12351.809702380953
102212,13981.651208791209
83625,15578.949791453493
99983,8125.689
93838,19557.13
86485,15551.86734090549
99164,16937.754300805802
100640,15501.966290650405
91693,26423.27919380344
90195,6821.187571711923
85076,9995.950023027459
83090,8714.659095235153
84161,10464.74732039807
85985,16089.475371621622
84759,10135.84675477365
105838,6902.265434523808
94748,20063.31319018405
108188,14075.142719342692
94465,17166.505598611104
81856,14262.92624858906
102715,11395.544420656066
106448,17269.90354204166
103923,4831.29875
79482,31279.233279862445
86062,10481.012722055675
95217,20507.661580267893
95712,46092.089289830554
98498,7671.0375709012405
79175,12648.902648809524
82244,17201.09905596271
91792,30403.335
81626,13116.9
83185,17216.846699275364
83134,12400.774782921686
97667,11107.283601905912
90780,15696.9048795227
79383,30355.103837022893
78440,33510.22177872862
93657,21986.115
98771,21753.87847644045
103569,15240.391649204405
84696,25836.221437766868
104235,23303.6
89916,14820.958579818143
108238,10499.04760691274
97737,19485.36081845238
95184,37837.69
77985,25277.72416666667
100680,14478.25
105919,32861.67867146452
102177,11534.712431492959
99133,7482.39609375
85097,9034.812058823529
102464,7410.055
83036,7239.844515151515
82142,23043.273820043298
92118,9434.090680028305
79734,13729.942463683632
107861,19181.319936240998
98253,10356.832832080201
103183,8365.919920948008
98112,10973.588929763855
82339,21251.682340555155
84875,16943.716913089444
99774,24006.709515483224
101808,5424.965714285714
88731,11199.764080852883
84055,6560.997112870931
87777,8652.185581407908
93362,15908.243896581196
96195,6425.706348248973
87650,9631.381878341454
105329,8569.0603125
84167,11834.251389697767
79667,18495.480952380953
85111,16035.44309614716
79561,19413.425103225767
81753,29703.030156768964
99584,12970.46851074451
107389,6371.120548245614
77634,59192.015
97353,11033.271895386331
88362,8071.214204087364
78923,30075.532715950616
78687,28665.06708333333
79611,12188.840287023135
97264,7833.977142857143
104372,7738.439704473876
88340,9426.551622866597
81409,12990.314192436277
102716,10280.62256297905
100489,7807.8328571428565
86616,9520.260663065676
96450,9879.136718737698
103898,11975.105
78965,13005.403301172484
77910,14450.455111052723
85534,10039.536242699507
81814,19187.9465347808
88537,14448.28154722208
97930,7261.148240015701
98346,9895.217928571428
96397,17150.91516982018
106812,35280.802530721965
88599,15118.640041666666
102760,10506.208001773939
94884,28142.259832033735
77319,33472.149054831265
77255,9677.572999003552
79483,15792.716463229344
93869,17755.024924242425
78283,29825.00762390505
79491,15612.665
79679,16990.365625
104817,8246.22195616883
81355,45597.857313852815
102513,17795.90133333333
102311,7879.805058316079
94639,32407.67
92057,26708.375552396876
108057,9512.796786893396
78415,28430.3
91755,18270.53706728097
94507,14158.815061870258
77368,23526.726992245236
88838,13202.63536206084
86482,11657.224340234432
103032,10426.517219712654
101482,10918.017942737346
95744,24664.884166666667
76424,3323.68
98537,17279.89439717742
100039,9937.0536865298
76025,19877.626921737407
82426,7240.05811979837
88387,10546.550883236987
100785,12473.76
84030,10668.429166215828
107046,13371.173929539294
80159,9885.421533284258
81743,31504.418923469348
85348,10637.09167570325
79901,27040.404645436443
108373,19507.906631505994
79436,14284.213521876605
83626,12290.185
84211,11184.412145369011
107879,8914.540063479364
107245,13709.48195484289
102868,10608.89938023088
98034,14851.904826049346
101634,10483.6925
78902,20525.64238709945
104908,24898.455062364366
108265,10189.82821212121
89613,16024.223900124627
100852,6774.537640977443
101045,12763.330246332991
98194,11172.914221987277
87876,9938.297149919446
88436,7114.521194023749
103563,12885.781288461538
92679,12662.695
97639,12388.427916666667
101310,9094.503461841834
107398,25388.955425260618
98740,7405.737152782862
103081,5886.892
93701,38000.45
88341,9620.301100050281
91276,18635.63100009078
78877,15303.333325445079
100579,2051.19
76474,20930.322652012823
100963,10900.500651344022
98672,5501.253333333332
94737,19219.65854765262
106382,8515.906074054117
90771,24741.26381611678
82118,20141.138820156262
104839,28078.09403094462
88881,6153.571534019958
91400,33528.23
89615,5549.3475
95916,34529.76571428571
99952,9531.309212598426
95605,19033.7092567885
108251,12276.164704023626
88507,10816.555833333332
97142,24343.90206515197
97129,11860.312623698515
106320,6703.115
104569,4380.995
86018,16988.10225
98054,9017.860168825864
85925,19127.272151490113
82859,10217.057855321744
107329,23242.705
90943,31259.404130318482
83393,8280.303906139503
108091,10474.642642857143
81571,17150.79
102704,8939.921838640275
89511,7853.110036439129
86361,17404.833313042003
86449,10440.362558053444
91048,31521.994194374158
88932,10714.533394096023
97096,13063.631916666667
92493,25996.31822222222
106005,32920.01
92101,21542.17568946106
85618,12294.63731909121
92275,9784.078333333333
104354,7785.0627798847645
100165,7440.668779761905
102137,11925.556364709164
92251,12556.164626517273
102299,16482.823333333334
93358,25210.82
91807,47547.71
108402,15320.543626357037
77155,23607.029563492062
79195,25879.444815527084
96974,9342.165554186884
105848,9872.701246088893
105425,10206.280852559717
103620,13220.093952637135
79238,29567.510256490797
82292,19847.711147050893
84451,4638.78
93942,25329.676666666666
104577,9289.449768558528
105690,25557.93468680482
93421,12819.93762865932
94411,20244.662140620567
103746,5824.19
104927,14236.661541520978
105798,11382.83925274613
88601,8410.220136764874
87898,9546.128440144845
87580,11799.74792713999
106294,27398.777436560773
83194,11280.199956056116
76073,17573.90592374214
98161,8686.299883521571
99152,8422.603069407156
78180,12737.89817739693
102662,7976.54
98915,12707.74459062086
103302,12458.040084900558
107764,11174.467250000002
79227,22139.845
96799,12701.344166666668
106081,17607.719519760733
107508,21629.557151425146
97995,13732.051428571427
97586,19522.219508690847
87104,26871.7835
92790,42515.47078947368
101900,12876.081109661885
107104,13614.871633368863
93384,24389.51991434758
100649,6221.0861904761905
94525,26933.654359625823
103004,11885.478421052632
81477,56703.33
94774,14900.09929775281
86403,16684.936686959256
95958,10318.941875
85977,17765.546095238096
106000,25487.80368103411
80189,33595.86137234848
105330,19869.03692307692
98119,14548.263389191756
108242,16398.269690204692
86122,9411.847188297448
90847,15659.82888227405
78649,17870.164375
78043,31340.42338827804
83454,17199.481824324324
98842,10595.399
80378,35179.88
100525,9908.759722222223
101979,9358.843739623066
93192,28498.03
96062,11202.697676470587
96319,10524.616447301447
81121,49286.03670477758
96527,16128.578429631521
76762,53374.18562095632
89658,10394.820506346743
97136,10504.124935897438
91941,24573.625
107113,10003.570984770355
86846,9395.72043754455
102674,12711.357180167566
85905,18958.7131875
78034,11114.531381610701
96919,7825.251830167213
81474,24560.15680287683
92121,13499.160471653588
108308,23570.17828670635
105113,14047.464646464647
77939,35233.33759767831
76253,22160.44475731984
86272,10148.941591919993
103786,10739.237156232652
77663,25002.861435897434
90143,13270.325020349204
83487,15166.673
99629,7802.659584524631
78016,50372.22031941276
97062,15433.496058545074
87499,19242.73248952344
104580,5604.220664502164
92086,19832.619064216768
81704,24579.653809523807
85458,18883.31203174603
94697,24361.50752676885
95730,24619.705
95533,26619.7
76852,11941.139084373535
83813,17112.93312313447
91465,25920.749682473568
98380,10785.198963922407
86923,16606.81849099099
81159,32952.0601369863
99462,10086.49894736842
86553,9651.12786511431
96547,10844.188823529412
77542,11120.978295426066
91704,27202.847999999998
103567,14702.08
98508,10268.674242300041
94989,11089.414187499999
96305,14826.384925075716
103772,18039.57690737438
89923,10450.88892905793
84616,16380.084076444293
99970,9270.784493928502
100286,7107.126728036175
95785,17847.08133333333
77239,8604.487241687979
103828,8790.780657894737
86204,19861.98642063492
96855,11359.319791535965
90132,9382.611667736903
83949,5210.047631578947
97042,9683.703334079491
81439,3917.31
78200,29850.581656215967
96583,16786.4
77935,17411.644833333336
91759,16293.36113560702
104912,17710.510728927202
95613,14862.675910345954
105447,9670.405115222322
89828,10665.342721011193
97297,25632.15043738056
107599,16674.86725
103109,7203.632344107604
76094,14335.6285
104324,15900.552406694293
82877,17156.854386937393
88953,14389.647763285022
106644,17373.28893650721
100086,8417.780014641288
103949,11258.358100423271
87447,15751.57648031698
103384,11079.234914409188
108506,18518.541041666667
82045,17892.71409772994
86346,15377.09
92643,36367.41682342845
106532,10301.10581887446
100209,16479.758104939643
78371,19010.811026338026
79815,18100.287214285716
99946,7618.962767857142
85965,9246.678707734987
79558,24357.564734129654
108318,16487.909644749114
100907,6465.623826243201
85301,8118.999072525404
86214,3620.21375
76307,14272.585954301076
89487,9612.92
90272,18406.406984909456
92470,20349.889558730414
89056,17010.308035714286
108376,12773.567127393506
90393,17844.248029411763
90202,8047.856810505462
95164,17031.8145
80501,20566.16540064425
80614,27624.243439156624
86354,9625.760979496048
103851,8147.743768849368
91517,3196.1
80179,31493.720011106543
97710,13330.982693301386
94083,28101.775
83733,8229.0893004083
105032,17826.318542490233
91064,25811.1825
94799,26591.630552396877
105548,18979.210686034374
94248,45415.22061538461
91984,26241.504888888885
105390,11747.060594671804
84137,6764.809369038126
84643,9194.184457483563
94173,29353.918333333335
89789,14788.497107085503
99329,7831.146158438703
107125,9999.430738721805
81011,11093.228961875353
92062,55000.02
76630,20412.478333333336
89022,8890.322931929813
91463,28538.987492339467
101563,18059.34558745894
104307,27960.72762195033
95572,19068.275
91019,16184.845133241755
76966,18147.03591914078
76916,30681.285156768143
82319,21820.667529761904
93863,21517.01399606098
96798,29898.26584081912
87072,17929.837420990407
92771,19642.65845418243
105915,8887.622620769025
106830,13035.050303941774
88798,19849.648805640194
81750,10337.054075268607
90415,10975.32623819497
91110,25192.97
82187,23635.21
102386,14493.23102928556
103517,7133.9155
86270,29581.26329102297
83526,12970.847468564478
83728,14816.115576030717
76878,9964.3625
99712,14282.78104321401
92556,10062.382244897959
89879,9130.683412698412
85276,7465.6214
85272,13497.901595852545
82645,10669.871264111242
81445,19619.416697596796
97841,15661.832954899268
97088,16549.197308377898
87735,9920.302284556878
100748,17713.819043444648
94315,35573.595
105218,24342.16414918671
79295,22221.290750751625
85482,11252.911516613694
105112,10829.985955631799
98458,12581.559103258709
98177,9400.74
92392,20529.39751134488
106885,9275.010043001445
94239,26137.205
98355,6276.984737871673
81111,20747.13287386969
101464,11544.757579324732
92070,19937.891021487907
98707,23638.17322183405
91095,18124.96865793112
84486,13345.252648809525
82898,16030.976655292567
108233,9891.62286164128
80001,28047.839304765264
83538,14162.737596208304
88563,7491.453701690822
98871,10412.086370870871
80645,58894.98490743882
82054,20020.764873760287
86397,10839.877611570893
97865,14310.763870797527
81700,29266.21222222222
100417,9475.315
91017,20035.91136482648
95218,23892.73435749712
105519,10547.944663654322
98097,9974.530614035088
89232,9942.55703102799
104997,14631.311221806001
94952,52584.30343879181
87017,13253.680423234613
94876,32508.898293290044
87741,15483.258261632276
82776,10661.70015352804
106221,20386.873141025644
100602,12480.900447529875
105337,12631.766750572806
94476,22106.64921800806
82899,12004.732728199591
79145,35723.982887527345
90481,19300.190993055556
92396,34012.71
94605,24003.32801292787
101668,8586.545504950771
79742,10017.794443159115
84465,15719.855
86828,11368.58818723541
84944,14999.461043956044
93680,33199.95397521874
85778,7381.142791247171
82841,11058.553108332846
96597,30956.03681687597
106852,9875.173931818183
88003,14781.91968979197
90461,9699.958955808725
91184,12207.145
88055,16308.209053398059
99180,10698.741420454546
87766,15984.739075602098
86691,14204.742020890715
107751,37144.35
94882,31386.52254170885
78637,27365.11835246132
100601,10660.529294871792
106271,6233.545
94355,27425.823174711197
103261,10154.10260170428
84449,5017.69
79799,22838.282913439474
78481,12474.393581037933
76569,29058.11
90516,20653.664428418804
91054,28795.05596409428
97435,8313.386561942962
91203,17947.60217492991
86130,4030.045
93768,29996.515
95494,28344.02431917656
94319,36143.51077418189
83638,13871.830831813933
82289,39555.56875
107990,15072.455
76261,14107.039460066084
103466,13824.902133632217
91403,21548.821290796426
106025,15301.180275619474
79465,27812.333721541214
102871,16175.849166666665
108446,12457.846125998207
107305,21760.77582367633
80190,27177.54572950852
81649,8241.705
104611,13216.30949935575
79821,21582.025
106756,10013.291503584605
94209,32134.472759172615
81524,20596.391422586188
102947,10826.462426242175
87868,11452.43596926452
95933,21710.87951724138
86850,9214.230865069205
108381,15768.53616615047
88771,6276.781160219546
83105,11950.83250911169
93264,41676.38
93240,25840.085852272725
94060,30878.954168764896
95003,11331.08756201793
105812,20607.951220821767
76675,27187.844516666668
91421,15944.285524250441
102047,10531.12886904762
76316,17323.52690316719
108385,41152.773625
80043,20278.790927319988
80122,10389.697870024422
76885,11471.039997791157
100765,12915.719850117675
90748,6866.965115384615
90799,14780.33053334986
98792,12131.813
90085,6713.339827586207
96967,12892.416764114307
77008,26046.45896111499
100132,12771.214520723826
90720,16495.865
105966,13443.635631462932
75981,15785.314583333333
83312,14175.654522792021
106478,15448.222149936882
107800,14167.1990417931
103769,10812.160343346757
91814,20377.85279447247
92683,24811.8575
93319,29169.570763061503
90670,16462.084449855698
105982,18311.800125268124
96565,11892.99104905831
89299,20997.020737094783
87406,10066.380358166907
93260,47304.76249999999
101201,15576.905052020877
85414,15521.467406642023
87273,9766.882328671027
77653,17036.436984055836
94848,23344.654221181303
81983,10676.970266183895
98927,9054.635
105078,16125.533812468824
102825,7950.878125
91211,17513.64592982456
83862,9700.438078778125
76624,13254.75944569645
96502,8507.738767336974
93149,30527.80731008051
105761,17453.148381015882
81327,9739.792100277798
76688,13347.591652777777
99302,7907.719419607706
89052,35602.12033155473
106892,21382.663857444142
97157,14696.06854985119
87715,13789.135496435876
104669,20250.634791666667
108522,19569.625
104725,27546.611677701836
86473,11721.01058729709
107402,25430.426531926078
99376,22488.039045450023
105473,9496.83375
101761,15809.928304230469
100229,6652.54
104122,5616.9561338383855
103433,10597.395
95259,26719.25062710667
76691,10959.220021396395
81526,19686.005
90817,15191.61497628941
106577,25747.85025690143
105900,14557.25903121816
86342,14702.374637241317
100902,12407.572582233617
84715,9700.199772727274
90605,13675.445629423228
80255,10211.43
84484,6653.442945075758
82894,6838.518553575809
86148,9289.429278665159
100981,5634.22
104559,31589.792487759132
96603,9941.803125
79461,13516.35800013376
83864,7197.37696174809
99364,12403.363125
98182,2596.095
85145,20402.88073132184
102591,10835.980307354694
91416,29228.45663116002
89032,16237.427270220911
98530,8594.05537819177
98214,10950.28147996716
87931,9075.661474745051
90835,19766.69791329059
82398,27781.709683744157
104749,8191.085
90735,13468.375268940614
105444,18837.51881941673
90324,14909.281960372962
102500,14507.975
106702,6261.855
90727,7706.32348554168
97427,18268.80178606055
99844,9050.179115384615
94541,47935.01196635472
84483,16180.416842094213
100773,9802.714642346917
97910,8365.052099089635
97461,14910.366137820512
104846,9222.916944444445
83951,17087.172296736517
90276,11578.293340974562
85508,13825.866256391439
90153,12586.775248847014
89830,21867.850445144722
89708,17793.140524546547
98504,22759.57595979066
80397,27830.57980382579
76172,44555.17895554226
85446,11275.20932319531
96732,12123.820357142857
90781,7740.189155963122
86208,8003.576790933765
87814,11034.73261063653
90938,30401.100329557245
91231,24766.781128344788
80979,18813.70207225826
85098,16831.50551913023
82160,49822.27702287793
82809,20268.493642699686
86468,14810.868422796028
104758,6258.88
79772,32147.23658054226
94343,20974.861995033472
91304,28660.61959660774
88751,13145.313698635493
108437,40919.025
94059,30466.119521739474
101856,8522.552385696232
76319,17747.37592591303
77918,29996.577449396667
81976,37032.485
108377,19953.434381655792
95984,31151.277359696254
102208,10414.2525
84420,18159.056241522365
103716,12774.70382036582
106428,11089.855911504892
94602,16373.990131578948
101119,6866.5368333333345
77387,14687.415431140042
107227,14063.060405261996
86164,13134.42
85096,13434.801182029809
108198,6401.482965083163
86401,9686.124738558445
86386,9966.156600076676
82726,13722.495000000003
91977,35736.095071428565
87805,19924.23459090909
92810,59076.25
92387,30059.795
76117,13562.811666666668
103862,12267.515089315684
86962,15578.27180393551
77023,53633.295
102863,11263.201157509158
85375,10967.245252408531
84363,16102.707926020734
77485,18586.05466974044
99266,10028.03237260741
100253,10660.529294871792
79037,16258.61967857143
92228,33418.21958333333
84144,15325.394430841934
96577,11615.948010249986
81837,12819.88194605605
77791,18330.284411764707
80717,15034.891875
88865,12166.173333333332
103611,13639.78815547257
96150,25534.516343221552
98071,21267.36333333333
90964,16142.663326452552
108523,26408.911041666666
89431,11871.501929846349
107595,24281.78106619532
94778,25326.701272628186
91385,18020.220974015567
99288,20321.38169418226
82885,15285.207013736264
100437,10857.175966946128
88938,18455.154299384987
98801,15030.827730060615
107023,7302.4574523809515
88675,23308.79
90159,13953.225255216616
85804,11491.469957707324
80088,31995.51632735539
94929,28867.0475
100421,10680.6125
90603,11964.244831997568
101899,11072.592804586564
83201,15794.816544837673
96023,9191.657970695971
102019,10608.89938023088
106863,17984.746412870943
108263,23306.079552427633
100605,8407.673749999998
100998,8022.110170068027
105544,21271.76800994518
104343,9151.88644559976
89692,6746.083888888888
106309,9018.3875
86065,7270.0327777777775
86436,9826.712235558269
103991,7965.939252178596
92712,36722.09
89709,14943.424915966387
95415,24784.98248779829
84959,19059.1265
89069,15655.428754633194
85580,15760.638495893567
100728,11724.851677596986
80638,35947.6
105713,7481.321724137932
98494,9971.151506410257
94819,30217.206269138012
83800,8163.735406799582
91085,16752.285181333413
102276,10878.757104757568
96111,13614.94
90891,25596.26461864329
80010,10703.89404167225
99501,8622.030356005622
105431,14655.547137061058
82161,10878.82169871795
97426,8569.519761904761
100242,15916.618212961366
102470,12113.361863775623
94769,53362.96894858854
83472,11226.258057983163
81138,31645.662091029724
82719,15823.01831350208
97305,12539.799881164312
77744,11344.678888888888
83536,12728.130603352489
85355,9467.128432548117
84273,11485.26009045426
100061,11082.338942193692
78109,28902.075
86119,16795.807418608947
100274,8606.407298016447
90390,15889.102894112126
93338,36022.587988095234
97460,9736.970306741503
87833,11876.456615329116
107064,19899.12
80942,8695.192044767091
87473,11128.543406939641
105869,13443.65561458814
91776,27189.6
85853,15430.808252568266
94909,23300.33
82407,15781.091220238095
97633,12629.022872166976
80176,22027.144340888583
88572,6539.89137217116
97971,57466.07185185185
88633,17360.101965291204
76234,20580.068747102527
98579,8939.520503605472
90034,17077.17155386359
80857,24998.64725580108
85633,10990.481374105852
97760,16666.4525
88831,10005.706654227211
101303,6709.205
104373,12892.695
83512,8465.747591213365
102692,11739.911146759208
87092,7724.30110412066
104305,20567.299298019614
95344,22222.323333333334
76629,27742.31346803132
83699,10141.32165293771
99290,8706.716605392157
93528,31444.32
107251,7972.105948352915
103980,13234.829149606834
94469,28970.16
96448,12275.470396825396
93511,20285.18821373377
101249,17373.477785714287
90543,16318.114861709251
94928,21069.647301412788
102623,14562.293983912217
79505,12782.35318513066
90175,17131.410333333333
77417,15616.640730555395
80974,24756.508058253312
78874,13587.781029411766
103376,6178.084476495726
106490,25067.084461697665
103267,6207.5372582417585
92434,29719.707914870294
94016,46357.88
107217,21899.313843286258
100783,6129.846033333334
104306,10263.091730653185
107691,43272.195
79101,23511.70480873801
79607,14984.527470312278
96910,13908.632052315039
104648,16536.014553171804
97752,6838.4117496115
91917,19045.835029278696
78307,31824.74
77462,10892.679722222223
92958,97353.035
92148,47676.024000000005
93317,26433.98476190476
77824,21765.523595048628
81043,17671.337793400042
77339,13853.222226259697
95942,22681.295
106865,17623.406741558738
100781,14575.24043956044
82907,8388.27
98541,29380.77640625
99032,7801.765966374269
94935,20493.5678034278
88567,14844.90957969545
103765,10458.463421052631
82436,11199.486504352808
87940,9115.262166666666
83542,19106.006363636363
80229,31255.950220916573
99988,11758.75
83379,13194.9090963988
100404,13211.050119464528
76340,19910.00438383025
104105,9179.812607015772
107460,20720.3569854894
83058,9649.393236577447
87987,10653.251505231212
105926,6330.330745149974
92263,21716.207749999998
76100,15039.586488095236
98059,14033.142536349143
97622,19897.459285992194
100124,12743.65016335048
85132,15199.419597464706
90849,9350.057537986817
89461,8912.452694444444
104144,30808.16659925801
76429,36017.60175438596
95660,37336.755
93649,23501.295
86295,17481.816715740813
91313,47487.265
77778,40551.5212
76003,13568.175
96131,11371.124166666665
80441,14861.065
107065,25428.633018182252
87237,8911.504631532072
79135,34288.45252522746
79471,14041.340000000002
88444,9670.80469397079
80954,11054.181690444955
87030,15580.720258776346
82803,14780.19553054536
92307,17088.25628341348
103846,11253.469902486064
81505,52927.15685185185
96454,10285.316480361334
92723,24941.395583333335
85406,9351.834506060834
94692,22373.199484208828
96459,10391.83995893812
97045,5610.8905
88125,14220.611694677871
107173,20875.712495962514
86708,12344.903561468918
104799,9123.460872958642
99726,8593.288333333334
83300,9291.016423035991
87117,10672.554967494965
100398,10728.294075307082
82731,16168.667568660083
106322,28911.23040295678
83937,12394.367593241292
76509,21908.192065211897
85158,11429.974075794218
90411,16941.198166666665
79751,19061.658333333333
103864,8853.401610644258
85183,9626.370552984059
83429,9643.404267919914
104401,7355.771269841269
102908,11418.686838252126
82107,18528.640875532205
83546,16310.18795602184
101326,6937.98
83489,15853.855576923077
95464,12018.065
95312,19646.356785714288
76958,12838.745119508849
87284,7538.842270531401
93565,30000.665
91521,29841.6675
103751,11633.594913686811
102806,8131.0592857142865
83404,15603.551567356308
78539,20039.065631578946
106376,7557.719599999999
84742,19531.819828464035
80991,14946.82241564179
99185,7909.071626637613
81160,25905.428694080212
101309,8570.243431477942
96620,23135.9536804019
85514,9335.842951458264
104504,11038.69111251849
90442,13125.590958333332
78824,18422.484986758773
93907,9425.6884375
92574,40719.39
87966,9741.862152152862
84013,7756.041739101543
76192,14781.45294117647
101039,10755.89
93377,25344.816039682537
89911,10427.81444047619
82649,9014.518699427588
92244,33646.7704816587
79456,22037.765
84577,9202.817211753143
101829,13019.896936247149
82454,10535.043545883767
90738,8427.47
78614,43151.10508333333
105723,12597.472481736979
92281,6256.69
83361,5252.785
87484,11515.123924556432
94268,30215.32
102791,7784.765
80098,42492.728809523804
91058,15767.833070629249
94029,30502.675082878344
88543,10462.651724881413
81670,23083.072635264314
101579,10636.498333333335
78436,17368.443224979364
106875,11942.970166772577
87655,14899.062642825293
91929,25686.719476284587
91251,22461.682619047617
89471,12846.009544634731
97578,6578.245653918213
82672,13008.68404072627
78444,20749.285666493364
100808,13868.6515625
88869,10909.865666213178
85357,10032.964906451176
89167,12938.997883864318
106862,25264.97098077875
91281,48978.05660885198
87788,16223.624204989772
95287,16916.574
85680,8926.288
94781,20307.50417308327
84268,13562.472559199326
91867,32715.64438701744
77714,22039.675473782005
103499,10739.237156232652
83996,8740.367834135675
84187,12611.06757980576
94237,24779.0915
86917,15275.971610253444
99891,15686.94521281362
100901,9459.458718092465
78556,32204.882900612778
98139,21494.73919439408
83447,18062.355644097937
80732,19801.06258657889
81168,15010.875073706797
101789,4777.160757575757
96183,14815.735833333332
104888,21500.027474519695
79944,57392.76
84752,8845.248632448527
99274,6199.04
101601,12358.417668510276
100509,14623.71653683579
83579,20786.406666666666
78657,15426.120138220911
97894,7908.403470562258
98305,13325.63
81298,14084.704877106056
98132,13589.749743020746
83681,12542.1172098826
103875,10739.237156232652
96447,22507.60069100762
105060,19840.99
79150,48246.842460859
105628,24492.28333333333
84027,11109.335197154542
98984,25598.0728841143
103343,9627.260327033347
87304,10706.526655811896
92483,32696.26375
78555,16833.273333333334
78697,43064.69356528684
102830,11643.63333630586
105192,18799.57692432266
88749,11109.335197154542
97670,20957.2175
89034,7501.059255399775
101691,11389.364493049936
79307,20877.913406654654
92856,15924.7011562003
85540,6853.815
86841,11977.018511904762
78144,20692.48527266202
106175,10129.580856227105
101199,10739.237156232652
106284,13568.361655401464
107920,3476.58
85677,19240.254686944772
80672,26219.30037211996
87751,12358.017134966189
81660,22581.01059969661
104608,15759.159548775835
90356,13156.74654761905
96037,21481.86875
85376,8610.145106542033
94596,14869.55971725645
88457,11106.261099146099
92475,15188.091974723959
81195,16601.01375
92529,40846.4
96471,13286.951618589745
107840,10535.601037698232
84210,11043.070466623458
103192,14128.888810903176
101468,13715.807666666666
105529,29439.61890043581
97367,10338.597444139255
86100,5791.445134262796
106778,14444.965442756795
81881,24951.565
89597,12332.930370561828
95589,27662.72214285714
78552,45929.53466335184
105240,18334.75337710084
83448,11089.477733333335
83290,9646.075228651485
93867,40332.58
104187,21592.791132638442
90760,17487.092164414462
89599,7433.182080079495
94415,14118.022647169395
105080,6717.913125
100371,13137.474494317961
80360,34612.33916666667
101046,6838.512366702922
76264,17095.408538494987
93041,21048.765
104160,11595.371875
78058,53763.07686599386
93770,12613.798889101094
101223,6946.972333333334
101983,7506.84943452381
98730,13436.42938095238
89800,9674.01
88196,12223.044557451994
97641,6091.93985042735
103870,10181.15842105263
84704,6094.416678414787
77526,21090.744424951266
77738,21058.61599663327
90078,3030.32
94292,24744.959
78838,18050.37753808566
81836,27918.485282827383
80276,26362.150037672818
108312,18355.875
107467,21853.462502576374
79713,19291.93761023524
93468,38468.736805555556
97220,17704.959817202034
98297,8777.43894736842
91141,45734.57944444445
105107,17019.483582065302
89334,12385.733015907224
80077,29035.325595238097
85326,15409.481652924625
88677,16841.571666666667
86517,11669.122625280697
78770,28461.039482993725
82840,17874.698966450218
84256,11694.20655259565
92318,27449.051999999996
92119,19845.088916666668
94970,28731.79
76714,16617.155
89170,12388.755854082387
90548,14444.028658498954
92194,30903.072437514722
78522,26317.908044977507
83527,17141.412922965534
104239,8831.060712606837
98128,26088.14592484694
80712,18483.655833333334
80259,16192.105428704062
78469,31994.233459456536
101923,4864.198522633927
103655,9109.412042929293
101481,9827.930003237074
86550,15878.096443383167
90289,11973.780833333332
86255,12424.462115672672
80411,17904.962142857144
97263,13383.150523547221
91086,6649.62
80675,13389.198821642893
77800,25705.454024325147
76613,30019.132097849477
87002,17181.137
104952,11871.443055236701
94790,36912.1075
89888,11280.784264705882
106268,34168.19901978846
76926,12106.896923124099
90503,10057.32658386562
89083,19814.347824188128
92741,10698.57
102911,19429.939968771378
84601,7055.672863314331
84846,9897.174382325811
87884,13240.116436609365
88305,14018.647972222221
85335,11460.538275094752
89396,16413.74839160839
101992,8893.209319376027
90693,16358.609083333333
83262,12894.781917957034
81620,17611.643436408434
88435,13836.950277033378
80013,39458.60928571429
79539,26720.37763978819
85226,15705.010877488043
93522,34824.875
77175,44153.73
104947,10446.118989269895
100869,10218.32354037423
91575,38347.35
105880,33626.47749999999
106564,21064.52652725215
100585,5912.05472972973
107332,10574.699214300965
77295,28827.35959162011
90575,7698.260601868209
102261,6901.986021623801
108080,14517.494250082163
80364,19449.91
92476,10066.077400641027
104078,17394.033555097918
79184,16718.995
107575,10700.098167532733
79281,16920.070756848516
88560,16311.118352813852
84166,16737.700397223365
78054,10360.690263339975
97324,5842.64
85558,14196.126246783
95710,23353.549
98600,4111.535
89622,16572.65042252586
81838,23842.33
90646,15063.280367468884
88110,6535.978736111112
104085,13019.84710162222
98242,18235.91
106226,9991.969803256445
87500,8619.346706612218
104807,16155.900425915772
100160,10285.22
105379,5945.085
96754,22635.35763276146
84863,11371.234507363197
100130,11405.026715823442
93462,26591.983149531028
91640,10273.422691240074
95922,38509.68
81137,32964.003380139366
78194,10520.08943452381
87308,11597.23205346497
106775,9992.943351569189
86629,11357.90010173802
87659,18544.979483827206
76404,20682.49041969561
87258,19276.636904761905
100560,12221.35884925232
78660,13139.639139155239
76485,18178.251177053527
99545,20483.77265245776
103074,10044.86625
77874,18895.74471955163
97514,12348.97156119424
103308,6890.666953056885
94753,30124.285
80045,21177.005
107089,30046.320516277607
101236,7539.384333333333
103264,15916.618212961366
94387,15203.49098515849
91926,16234.353738063948
99972,13147.094341878937
98651,6912.103565582329
94873,29341.55
80722,8108.805
95907,45556.855
87746,15843.521667266108
90574,12067.256002492879
85387,13322.433452380954
84204,9707.145130711426
80453,18940.744473481922
95244,34591.07512451583
79952,14367.34040380884
105770,11058.47486251849
100419,14829.37115184333
84200,9987.670177512331
88059,11934.604491255759
85615,6826.282582742316
90795,7400.746172232683
97219,9776.785534058607
81380,13041.116694047618
78928,17263.59271248646
85613,19047.90220949062
90529,13882.669744888586
89825,12722.926543663514
107431,10421.544343073594
97707,6420.376382966705
76203,19210.881523809523
107808,19771.698421135156
106497,9933.894802286268
101925,6481.6208333333325
95434,20520.283125
103718,14128.154304521642
103544,7182.619833333334
78735,19636.61562269876
101803,7458.722777777777
106491,21576.762749606747
85594,10287.902351875073
99930,14452.886694252198
100927,7328.645
76097,17711.858076932876
89406,17481.816715740813
103773,7593.202628654972
107843,10143.867803415464
83507,17086.82038711841
89693,8432.40033119658
101441,11791.681906553245
91438,9854.580069930069
82189,24189.753288988097
94224,29683.616170175304
105046,12777.09691549862
105441,10973.384634880507
97014,5087.405
89955,9863.952037714951
85532,15436.08727919361
99916,13329.39955065455
103336,11277.737440493973
102567,14132.525268898136
77309,11496.726027619528
95074,24378.814372541172
105279,18564.729722222222
77443,39500.495
100797,15576.905052020877
97954,6056.1381590909095
104854,10199.871325365548
77615,9193.390968774976
99982,11146.072701585515
91956,17792.72
79467,25401.747401095527
80293,14277.147222222222
78335,13275.854342192883
96252,22122.074354388584
94301,26163.630833333336
97832,14909.465188947443
103557,12779.284626163293
86997,9858.369007852305
78106,11739.503936814608
107176,12531.75908758496
102079,12106.37185544113
87624,17112.404809951528
108178,11590.11
82226,10520.226698900839
85709,15127.618003757987
78061,42055.045304518666
98092,8899.084093635765
77846,16653.03640520713
91751,21060.13644721271
89344,18378.20171879617
78458,26082.905
90444,14004.46113461537
100411,7134.295
76272,18854.61
83891,11875.413895870415
87391,26672.45914933624
83460,9173.972053260797
98018,8427.28363425926
99334,12682.471458333335
97352,13048.918
85704,16414.974371408047
80151,13646.565
83044,11455.968397435898
98476,7752.378280391978
82495,22096.13
100766,7488.4625
87429,10167.566406014545
80457,16657.98324055076
97923,13182.22973589305
84002,7866.155038615643
100461,16683.4073244709
101414,14597.32018254671
86834,15354.080476131174
79455,28119.6753331781
89913,8849.10773624348
88592,7560.635799744283
90339,13870.757103174607
94894,30820.159999999996
76725,24537.636666666665
95859,25016.616618876942
92694,13832.664107822124
85619,11088.569999034084
107634,12773.12839243688
101014,7531.36
91174,27058.893703703703
79521,16609.345896825398
97334,9180.40363372137
80761,13334.884638736265
81867,14652.413333333336
96925,14394.923880661823
89478,7848.735661564627
104606,20528.066825396825
77120,49577.58683526219
94436,18258.325358630955
96562,8604.892025124072
100076,13969.012948022142
100900,9852.050951677014
87706,11013.35629480609
84868,8006.063328296299
77447,10214.0754137219
99633,14795.220688540381
107182,44402.30919589575
103805,7301.3725
79968,22217.47772802198
106861,22037.48
81356,27354.447905920482
90962,28558.82833333333
102794,9744.482859613972
102702,13788.383518420278
101649,9566.358
92766,9927.120948275862
95750,9737.099452922077
102296,15689.031208466233
106629,13494.586026273277
98746,12187.066212021211
95417,32598.41091666667
91178,20951.945
103915,7892.154999999999
94148,26653.21617647059
92159,21604.05970425422
89562,11439.224747589416
84575,6156.464772727273
98654,7710.882106570513
96212,20627.361454545455
102653,7799.690500000001
88269,13823.707472307105
79684,32320.345904421043
83922,13444.219463044805
91288,32810.66493454934
97422,13037.259191546002
85223,6633.339332465802
101422,13367.27563576946
80295,16791.03204978355
88778,19849.648805640194
102400,4685.08
106858,16217.506339903537
91510,29139.432821250317
79257,24488.684583333335
106694,31785.55
86646,20283.75034330484
100380,13406.018588801437
79631,40396.725
83337,17981.493850052248
92866,13767.389218597966
93764,21072.30958430903
100701,13189.89841958042
85085,10178.94866693899
102731,4869.495
107928,21951.719216991347
95668,22944.386758241755
86229,11245.261252657587
102872,10333.592643681155
95063,21523.134
86474,28680.603285714285
80950,49159.99666666667
84432,8232.654251241944
78964,8809.085550896472
86914,19308.820238095235
97272,22743.789451478082
99757,9888.85369982393
92235,19152.7401762442
87764,9984.222224878353
81233,4393.84
91506,34197.24833333334
77920,13041.999952624017
104487,28208.31544699733
102823,14096.496988912428
96590,12934.638144011786
101069,9375.243
82549,10403.752632505059
77585,22294.867238753122
98854,48519.15500089816
82501,13086.803401561237
101386,10076.658918747164
86959,10051.317305305995
105135,21799.490143519615
100304,13305.850257606044
76999,23043.533658674547
93936,14732.423858964614
96755,6498.2064129064665
102115,10371.245
81953,10634.620833333334
80238,46157.405
84324,9698.95995146007
105850,14036.474280789003
86327,8703.664053855286
87989,5329.916893939395
93530,41568.58935776942
99610,11174.229536687071
102129,10698.776666666667
100985,11356.389353354978
76008,50514.085
77703,21392.147888687236
94691,16019.902980316647
103293,13726.028271982546
84439,14717.06888888889
77444,16895.50201457031
85455,13337.602287527348
93989,63048.995
85336,10761.089931508062
100517,15272.746105622085
108179,29187.584616129523
77395,11591.444978724117
98462,11555.04766918131
84943,9564.360977543292
78028,29629.797051872378
81596,23212.59297025898
95852,39023.71
88816,17559.725110404837
94448,27758.408703703702
86470,12126.582376468075
102503,9344.570931959408
105474,8904.809764705882
88119,10278.710448540633
96141,11942.376253423388
85763,8256.148022030757
105011,7444.372141549348
99747,8464.569107142857
108392,17662.217012566813
90949,14184.316827759887
105446,16120.0
95792,33546.72874119863
94956,20531.09977272727
102277,5359.44
77366,28711.8285
91112,19846.79622044239
76355,21554.45
79142,22032.985444980546
103859,5016.179843178502
82352,16777.459667093066
86826,19047.357424242426
86754,9706.013579183456
104363,9559.794979700691
93154,25408.85
90930,21546.382559606816
107269,18176.78676486482
104109,5518.353777777777
100487,17720.846914622714
106527,16924.057535714284
96225,20543.755247575376
89925,8826.222
76775,28467.80087027403
83082,18622.021960648337
105115,30829.125
103481,8532.637375
105642,20867.981198350826
92703,18440.045113784945
90864,11024.498509371764
96072,8107.68103056309
98628,11764.726091727376
102378,11468.882129019723
85185,10117.076874777182
93707,33307.05613095238
98795,13850.08
97577,7333.110502923976
79804,21627.384608201988
95541,13995.957242724335
78568,37931.22653846154
79608,23577.904736048262
103860,10042.955
98449,13788.031785714287
91377,25398.68
103436,6118.501698717948
102582,12289.344810599761
78381,9804.406166666666
90999,17379.949318143754
89764,15921.423576044957
99515,11066.845556052476
89133,6318.069902412281
81859,37195.1551369863
108005,10500.389657847909
103733,10097.097417358356
105155,17896.38152301865
100185,6778.42
102347,13036.126129318858
107943,11979.227804778553
104445,9807.832793085528
90149,22228.128750505046
106593,16192.263062462462
94733,19926.179942093644
91481,30570.30844967343
100201,8868.272777777778
94149,20074.3691058462
101639,3639.385
81577,29631.820379000706
80120,30344.237998520843
85995,9964.318148324488
85199,11102.070843253969
85909,20888.040050607287
78676,21997.559026675488
91948,32990.471456732594
88041,15986.219657335907
92848,25832.94256776556
87598,9976.049823410902
83613,13116.422046814992
85054,11083.036576262026
96903,16646.790856729538
78725,10420.939423076921
94869,33997.6
89121,7017.283530200088
79858,71097.38
89079,15995.18772639575
77639,38469.42
84498,13504.889937888198
90431,16380.635
80553,11160.997023809525
90257,7480.374733984101
91607,30101.67961842523
82794,13753.9453301251
79243,34414.819976803185
93687,20259.252637145324
91774,29988.595946930098
104622,7202.499472943721
94152,4789.585
107441,19203.114700369573
96359,12247.47266596496
105873,18918.5348325316
82415,11822.110572943506
106807,6757.205
82732,4490.415
105350,17372.479198154284
107206,12224.925894545762
82693,10691.30563533254
101998,9742.275
107032,21996.88138888889
88200,13753.6765
105801,13358.414730862773
86649,10362.617730341088
104334,18078.940620445028
101972,7509.663809866139
99530,7475.871487633813
96201,14119.85760411612
105972,10962.95
100425,9294.094937957992
106763,26478.522499999992
90434,6725.8134878922665
88690,7364.81888888889
88747,10884.191100299984
92158,14918.623273329038
104298,18275.911111451293
91527,19753.919392980853
91731,20004.65625
89575,6808.369125134411
107525,16163.226939823846
80805,20210.060103606622
87001,17054.50480598066
76256,30431.68155769283
106726,14000.155116300957
100912,15015.00911136101
78223,21790.25440811966
78232,45008.56
79424,19141.62383333333
83551,13795.691838681412
98945,5742.3708333333325
101673,7242.40625
108525,12365.45531213413
92543,47652.81
92373,18587.541826024855
96994,2272.03
80957,28342.361056029727
104185,12533.413688845345
107318,23027.108494677384
89348,8255.540079779252
108046,22205.545191123998
107385,21612.288951828996
104247,23184.96972319394
79675,20052.743239706888
95374,21021.92569107366
108422,10356.352150555216
76584,42279.934440941404
94645,14752.924102198127
87779,11252.333582801297
76043,17217.601207659296
101605,13005.812991216515
83501,17809.27939522299
95444,24619.166944444445
92724,43055.88072871377
101099,15363.71265521383
105469,7979.5189743589735
78289,30806.144808740675
90064,12768.697928829708
93527,14530.266569019635
102951,11999.919644010928
95138,18930.6960985913
90436,20555.57180266598
86900,11569.099959443523
107779,19185.036125
98096,7035.615342943009
89305,16063.845596397494
81735,14302.90698487103
91537,19357.280833333334
79302,13536.243981227617
106769,15144.23315426325
105306,12068.32298565563
106670,14493.988333333335
80113,31132.255
87168,18974.373124819627
90710,6316.956736824579
90995,14841.774821428573
96388,13097.456488095238
88029,14111.918116825696
92389,17362.91777777778
102649,13049.599412065176
97530,8497.514443654927
88501,16484.20924160515
80998,22881.915761420354
89624,8008.512249856322
83063,9321.56848901099
90128,13320.321700253842
104897,7512.8825
85490,26791.295
99453,22250.045
107743,12557.72763888889
105662,14891.949881215161
89186,16601.643129863987
93355,25268.052545484374
100497,12282.705121137573
104389,14715.54616881103
104476,12162.114196428573
94822,15588.197307971015
102639,8928.505546698862
86493,8949.097155122645
95602,29708.988427241617
86924,7998.911981634325
81852,10538.092164141412
102319,14969.746549113897
107863,11800.184306585123
82938,13905.456501643332
89666,7669.798519809244
92812,28077.225005305605
97393,8025.379406206373
92386,30231.467271091904
77152,8658.382937499999
107259,19839.78863676231
90094,8407.919793616215
103704,14802.923333333332
107194,21566.950585333565
86326,8970.368
84993,11902.23506696875
83853,5653.448107818621
98484,24597.521527658802
91880,25381.21596590909
89715,6665.071388888889
101393,9042.66784543633
87375,10882.455543434084
81722,15823.749679822291
91249,17660.837475510318
103603,15690.093926306441
96576,8092.37125
77094,13590.353333333334
97706,17711.728305904966
76932,11545.037144373033
86648,17714.545856236746
95671,21023.5107452239
87831,15729.787993519836
82577,10836.43351834693
87475,12553.350142097484
99557,9888.431785749472
82882,3083.405
97798,9338.461666666666
99009,31731.19637617296
98120,13103.822404411765
86637,9028.92850964371
91310,16459.357167832168
101677,15032.05859463228
105146,10613.219197674089
99727,12625.665
84169,7115.093333333332
91121,17853.49134603312
87151,12281.45710250372
107732,20170.99420939711
77136,30476.874642857147
77148,4904.27
104946,13061.802521276846
88249,8973.214740784686
105127,18112.079636800332
89504,20243.70038961039
81927,34463.768416666666
86452,17021.718431606707
78250,12693.082219825661
85921,28117.385714285712
81378,13227.484239707897
106286,16797.86794117647
82085,18605.689652507557
100957,12239.26158827337
98903,11548.895484771012
93994,28784.905
95727,44578.8125
102483,16382.916544213094
85566,24301.45514584925
97406,6629.581249353036
76120,3950.615
101642,9636.992375338388
86245,8074.283796992481
82830,15757.456444444444
85386,11206.496174602384
102072,12831.798523278507
81015,16230.823367493493
76016,28676.845
103157,18640.973055555554
85980,12609.353250500837
107548,21531.354160810042
83411,17476.26341570307
99745,8739.803525205976
103338,9305.583333333332
100366,10337.268955159738
107718,26612.39850213472
91888,21007.08184308856
106559,17522.82567673993
102293,16920.350181543534
88007,16660.38709117351
100545,13798.338695918368
81498,21378.768326288304
81632,57531.0
102626,7035.751016694117
91621,18916.713777645713
88591,6320.377142720306
87743,1864.275
79289,36186.913247700955
79813,30620.802124585607
93561,41405.131631578945
99218,8404.905201282663
83575,22824.77045945946
86909,9662.29203882464
81952,7686.737142857143
82101,35683.803409272114
79912,12183.82691402522
106129,12721.260874073569
103614,10691.657000646936
108271,10071.34565000774
88813,9419.940261461612
105533,31142.874626748246
97693,15899.80322567613
106423,8447.331320512822
88858,12874.903559882601
79568,19812.99140648567
78667,44621.12199404762
106744,19432.180133928036
79183,23387.86812006479
92329,19215.791475292805
93551,65699.705
84807,6551.246354175852
106251,20743.28463173862
86816,10559.571693023154
85547,8879.85208049359
101577,10332.74259843143
103281,7936.925637642325
101919,11713.982199148117
97281,9216.19222246668
85353,20123.28
99143,7059.566342540575
89606,15521.813848573633
108144,16781.726462409315
94628,20245.314553237316
78418,29495.106183263593
90238,19045.63875
97412,11722.374
95368,22239.02765402258
80945,28044.0230750591
101657,13338.27
92454,34521.79610078413
79075,11964.314666666667
81257,14813.544153765473
99019,9254.804416666666
91946,10023.952
100356,7485.3330000000005
88464,7448.2859514106585
82081,16841.799469641468
97199,12385.546264352906
99762,9389.235
101497,7096.359072681705
83716,14180.849043318778
99067,19713.7
107895,17383.71841236773
84198,4029.32
106770,22361.230544872145
87767,15327.796979703302
102945,10332.1
95956,21493.474072863966
81644,23012.574776223533
86278,6980.43546192788
79399,12055.194227383727
80474,15689.067610950859
94588,26278.6
108471,14433.690951596374
93417,15801.137472658269
104702,23985.12380618645
84151,6206.4041391527335
76589,13553.579555805763
104490,8707.94
86365,9472.060977227335
90620,6207.432618210865
81071,48097.82212742758
92311,26057.723333333335
103019,6607.355897817461
100231,11344.158101852889
83298,18396.970511609154
97958,19264.672366264138
95436,25172.579134199135
85413,17281.05924980536
104619,14137.065619392686
84835,7021.3925
86314,14312.52580564044
91780,36332.9047826087
88338,13262.297400302177
98012,9899.799324147421
91161,20684.70805543662
108156,6484.782857142858
80607,18190.97775059813
105607,20085.585210559577
106586,10171.914648561169
93442,10937.160104166665
101779,11090.11421568282
86324,11234.212623524174
101056,7578.412851190477
89524,9158.323371774348
96619,6675.364672619047
102914,2792.165
105085,24617.17216686756
88414,16975.85510995446
94174,15955.334899786496
77296,13164.751025262065
93567,17872.845769859978
90823,11605.090203899752
83440,9019.961423780542
91053,19083.035205934462
87349,16640.067355295196
93853,14642.920313326815
88334,4941.42
97251,16160.597114013693
108429,25990.217930840023
90331,10495.891436396014
86234,10376.203094495568
102632,7563.437436594203
82553,8007.676095691557
105227,19416.46561448255
76476,10444.169154761905
99277,9463.61404040404
107214,16890.393226189313
101622,9428.023116847398
91446,17672.53
102009,10725.185
87852,8036.036568698082
93868,19599.666875
106100,21533.986259127196
84477,16218.12762421613
90371,6543.145370493992
101643,5919.13625
92270,31450.16
91036,29297.404133833617
93120,13051.213217789056
96986,11544.012661712286
88712,12708.854304578419
107673,10938.42736528822
94689,49072.98414834975
91664,33087.31118517953
101139,7033.165
100211,11066.077723852535
84843,14104.352373983742
99077,15501.086444769928
86601,10556.225838462538
82207,29475.43661412336
83457,10396.306251451982
78306,36131.49483333333
102397,13160.28351943092
103423,15340.418025261853
105818,7126.639555555556
97146,15578.404620339394
95680,18303.850384615384
102459,7483.434982142857
107092,15485.859211234228
92734,42209.0626486014
95647,22192.251309011874
77576,13003.533333333335
101530,12989.455537009238
87264,7494.0054011336415
88978,10938.438874978949
86197,8427.291271251363
107810,22180.37315041761
81681,18255.692424582972
105951,10139.880583333334
103476,12722.074679581227
100268,3239.16
92647,21850.128763283403
80498,18760.739921253553
90634,24205.592
86670,16929.580033163867
108110,4634.477
83881,12813.329846156963
77006,13761.83
83528,15908.542970093558
86178,7375.186079578807
105430,7890.063349206349
84321,18756.908449574403
90491,12606.144121809062
86339,14988.686933990917
92286,27821.275793997673
101926,19937.415533152132
106776,17003.15749074912
82619,15882.836761781762
79817,13481.340462149437
79626,16468.375784313725
87043,15278.872751273197
106571,17039.64112679914
87059,16680.60960599598
97729,11868.15541563744
100298,10362.850615620491
98256,12642.38107014093
97907,7767.673843360107
95953,19013.685
91657,56404.01
101343,14890.175
82111,60216.355
108388,13564.184583333332
88818,16130.6775
77029,29086.1532925158
104074,18323.58942457619
86201,8326.445624261833
81545,17538.621031784416
87713,16167.957325098414
92371,22254.33582375479
77156,10786.14888888889
76880,23938.97231579783
88282,12588.007198690539
96654,31323.728757778445
97866,26652.721489498705
90293,5099.324172619047
91292,20075.87
77320,16498.67916666667
90383,7966.150531919577
100241,10655.342675053356
107973,9729.681110162725
79074,31148.755
92862,19824.462787713754
96379,13425.484227703308
100683,11092.973429263504
76236,29903.449503968255
99113,13432.50188095238
100305,10781.767901829628
86570,8599.129460910483
93251,13792.115
95890,17966.175
104632,25106.76826335989
84213,21681.265
107818,23294.636539993986
101521,11829.487064556104
83053,16610.861990025744
92890,18692.275
107449,12989.600462144534
84022,9839.75618208143
90915,18840.861996362975
80324,48040.49378091094
81352,21632.408185897442
94642,17374.06556060262
76123,27322.652052027952
79202,26061.230184811015
104174,25159.621865718495
91030,25864.29308230394
107033,15164.37778182522
102759,5190.235357142857
102192,11185.770066990997
101885,9200.207337525899
97716,15671.342320765383
81631,14004.13008535373
81759,27101.50965195297
98702,9807.930940419157
105784,24218.08150879756
81817,21745.767452547447
86529,13076.901589545556
97857,9751.161447697737
82820,18851.496169801103
79072,25256.92
92301,25825.13914799881
80309,12691.072175249064
102835,6479.8875
93599,17746.815
90253,9454.363277665318
92875,22521.424359098808
83698,11277.824328125163
104398,50672.375186813195
96860,25367.583491409663
105925,30058.787142857145
97861,6984.54947863248
80226,26688.775314363505
92699,20334.203365406116
85949,8161.136517857143
92215,27477.235
84214,14578.804634055383
106157,13914.095595588235
87047,16247.906554532196
102413,10796.90999842325
97955,12155.168686486246
81441,28832.256041698656
101029,13444.160535208133
91634,20709.782232142858
84859,8184.475722222223
93328,23729.15
97318,9148.363879120878
108048,14967.210760232776
97815,7663.406324630312
101921,8386.243220848595
96260,6171.136666666667
93491,16713.31238056222
95257,14822.215101657943
83326,32342.454104212276
82475,18931.84065397105
107393,11043.049632705837
94132,23350.9552393104
103233,14715.606544402403
88140,10456.156818181818
88395,9280.266477251915
95094,77855.505
95939,20643.480232142858
108234,20688.44
78788,25718.841398167428
93021,20551.45
98301,30012.16470410063
104221,9899.230878902323
92384,23952.40411904762
76288,24110.193333333336
99805,13908.946584133899
90900,10168.336706349208
77888,31205.63875
100126,8544.218349128549
82197,45941.953571428574
90987,13709.054467120182
105383,20627.79956122178
100476,9143.040462143948
104238,8980.649340218002
89211,14229.887418215934
97794,5324.54
105692,29106.266179249113
98699,13649.685540966388
104212,19207.36968992248
107544,12034.322307692308
107748,11817.448544658164
103427,7456.011619047618
84063,7438.120694444444
98384,8152.216933591174
91209,11174.715479166665
101379,8849.81272896908
78090,62125.79171684887
88321,17129.145417301675
78786,19529.988675382967
90751,8488.41610927216
85706,18050.01163120268
100853,10649.093232795934
106131,18391.948359555423
89397,13011.2225
76263,3018.405
108441,36106.594649769584
88221,12839.749363986817
92526,23038.35333333333
81169,29682.035
99853,10382.636511416975
105516,9529.069358849367
85227,13607.3674314595
101567,7795.549696969697
84331,15840.98755937187
78187,29700.398730900983
94441,15568.605787636403
100067,5938.12
84660,16822.354124126578
98951,25141.896055320693
93815,8938.73
76848,17215.95823608786
83378,13732.91620762733
79966,8948.81
98219,11885.462738076782
89076,11710.285
86619,16248.341785109984
106225,17251.87761311218
76793,32143.468890624998
88351,10548.632717837098
107927,25771.6296875
93374,22094.15
84067,15200.847067060948
100355,14493.469285714287
82099,36247.335
96457,12368.77048611111
103061,17923.560553839783
89169,16216.686703740812
97340,6840.652778460781
82912,19517.848088027415
82266,13668.539657537558
78561,50515.715
100839,5190.885063908313
85302,2790.745
99375,12193.742069444443
99881,12283.16375
88083,7414.3512850181905
86412,7596.170116484657
84852,9678.029565776713
89087,16317.962837401326
77702,51050.82
94308,24954.77811111111
100896,8101.6125
88225,11224.118112094275
89796,4575.448333333333
101985,5588.115727913664
77360,24340.304853096375
92220,31930.42785782313
83866,16574.20186189194
103140,4988.4970602453095
78348,15124.525267857143
95353,24984.591893939396
81413,14972.72317796367
77106,21369.716651967523
103700,16586.44411520531
88524,11335.541279083769
87461,13191.830888988427
78565,34258.475
82507,13424.17523780003
95578,20781.06
91998,18200.71689531482
98342,13403.2075
96413,13058.810192307692
78273,30632.60420271335
105735,15056.148401449134
83640,17794.882429882546
100599,11774.566176754282
108024,28580.39281022184
85550,20418.408833130503
82875,10366.385906015035
93272,11151.452818428184
87870,10116.874182856795
83279,11785.536917140806
105742,16626.818020695675
96152,30160.139398767627
97215,17922.254184969443
76322,57744.65652117822
104938,17124.00518383255
81197,13608.22
94638,15131.331146387214
78474,32392.291215989295
78282,14662.24533531746
83765,13876.14452883428
81798,18858.538806818182
84877,15309.124364801008
107924,11918.25375
107870,10135.738928571429
86640,3526.685
90317,12225.416358156805
90787,14142.511401510488
102045,7416.175
95893,27567.107125
104067,12643.961691457602
83702,11473.17733494563
88581,18885.19350649351
76140,20037.775874319963
87782,15840.34921606203
96924,29008.077009394587
81993,30932.96682809391
92440,26434.46956050418
97803,6894.342637820513
90468,6770.725910317752
77617,28904.285471737123
108325,14037.162695652174
78387,23799.26171536895
93953,115890.87
87120,9173.80986111111
103344,9178.641222222222
86899,11781.158066406564
79585,24140.27332669259
86908,10009.647162636153
101362,16967.71485240477
89150,16013.15972910675
92083,17498.6625
81913,18127.729964072587
86370,7327.907924439816
78733,20744.31
92552,25062.49255131215
89154,17917.034930199115
97775,12437.679403662194
94930,58656.075999999994
79476,13284.672935375094
76220,10902.9125
98869,12425.913125
97474,15988.7034539975
99008,7550.117408247077
107702,25878.573458403214
102495,13633.021525217504
76423,21132.291314327154
76460,11658.394308274414
83918,10934.400601508423
90937,25247.711
98893,9076.984878812636
95015,65582.1925
94231,20063.15457075482
107866,19144.490833333333
91935,16467.213446702073
94141,25084.16434885012
84712,11317.404944529972
85125,15898.710026878121
102606,15820.464330094708
82305,18069.603620442023
83086,8299.3575
87329,9740.814073320198
100213,9498.176035314922
93661,26375.10311111111
95973,25953.927476190478
103243,7109.766
77036,12571.769586310458
82262,8848.627061403507
103648,9283.695134359907
91920,20191.23
85960,11124.376423645323
92632,34006.18803571428
97381,12715.270802557829
100466,9261.901486375937
77087,14824.812083333334
89734,14975.069324565346
83766,11631.67825795433
91812,75903.74
93927,49828.155
93439,13638.314717120182
98318,10538.688059069282
86863,10967.698446465198
95233,19542.260156365664
78974,15101.76227834084
89793,8039.921632505177
92799,21689.95699456976
91635,22318.05
78414,12555.333963040008
90596,13380.984074391132
80519,33603.795
89515,8646.838602235895
86481,12191.82165599912
92047,15341.35468992192
77635,17167.675711538464
98546,7838.774658124832
93556,13011.677087750237
76764,36379.06
104600,16594.370994384233
107170,24068.379245421245
104809,10267.443475912976
104957,41302.25
100565,13342.481198271593
82733,10916.289079478349
90487,5690.9481920248445
104778,3572.745
106916,30839.260951183383
85771,9658.510004562473
99896,9935.595
94796,16044.757415920963
105856,16826.36124358319
85845,12902.947369660533
102590,9395.6315
95913,41633.765
104395,15272.517451390206
96422,13352.428898620328
101279,11347.31
98041,6099.8618924304865
90702,12272.055416666664
104988,13437.837047294091
99996,15421.26196551724
103713,8834.024340923774
79170,35823.17
80452,11411.088731224252
105657,27504.317465949054
94986,22012.509498256786
106339,11741.436279412512
98568,8004.03
88304,7492.4185
87628,11990.927314814813
92003,23463.687932672616
97111,10517.957492927391
98892,14660.937587457518
97778,10567.976758683697
95960,31460.65
80575,17488.259564737622
94709,21817.210625246847
103647,10551.34641770611
87784,9973.947284985927
77344,30385.615691215047
104068,13528.8506537884
94747,24048.36002607148
82797,15400.852314102904
77079,15898.816428571427
99217,11414.114837398372
84624,9714.221590761812
79999,37723.24
107791,11480.861896767334
86274,7119.113668177331
92407,14872.54242063492
98109,24221.226535595317
104428,23358.245695980255
76693,18072.978355730695
96321,7859.74988359957
107222,10650.795668521421
80693,16625.65
87795,11828.111593137255
83814,10671.205594609095
85548,9584.21125
103252,9701.499669140383
104453,18741.232264051818
80578,28811.46563979157
103826,6501.990500000001
103199,7078.2
97338,8905.04103912883
107287,11588.854984576237
77059,35195.65416666667
93965,17226.79
89513,9706.25418261384
83064,8408.96517063492
103490,12800.275
99116,7027.954183291561
99690,11839.161127092793
96405,10380.121837189017
96969,9165.963853708667
84317,17874.35292166293
86480,17155.991337490446
78305,50134.93721390129
96458,17872.699666666667
96847,12102.524227094662
87888,10449.365
92753,41170.741631578945
84191,7236.294059421708
84830,9162.469765432923
100910,7487.48
94969,47560.51437640693
89103,7815.097435119454
93092,18494.691890001606
106511,12614.2525
100549,18466.865769571777
90741,15952.467857142858
78118,17730.80455018315
94087,11751.664392488716
87584,16338.837582972585
107254,12136.09337908304
105985,20907.397128046792
88323,14627.805941796538
105221,11874.003456300092
101901,13893.51304549291
90944,31973.585
98634,8629.482275205977
94057,17691.43097906404
77391,10821.629547619046
77284,43152.47855688501
95838,37359.9125
105720,12866.395411010848
97257,25938.64761832962
96339,7034.657291666667
81848,35130.640669819855
79581,24685.996610215054
97762,9195.423304029306
101710,7669.3025
104892,9247.471924476524
98689,11936.625528571429
102340,9761.499446400374
103335,13645.4271482684
80348,18925.313144957992
101717,5671.405
84797,16275.148502930402
80101,20847.20925420195
83224,14745.061501196658
93736,15917.495
78612,15585.3555
80009,11953.400833333333
90246,13481.130079391
83348,15281.80249972165
102263,14759.107272727273
84153,16670.60541666667
90556,15380.033153846154
83726,10567.147845692212
86153,5742.846099835564
99219,12370.879666666666
79008,20455.110631482607
76574,17202.79946554733
93345,9744.923177626468
89271,19134.70431753977
84424,16650.009240496358
104788,20422.06880997289
96178,15216.804545667166
90344,12452.569420278305
105532,27204.15266118373
83994,11241.615850716385
91151,27022.645
77889,32397.256890624998
76382,17908.542899984124
97738,6694.0953712398
86371,17079.499652751143
79800,48808.44166666667
79323,23172.27058359844
88652,10191.478155446539
94397,22238.78819622886
80125,11979.797144050393
103621,9111.235589285716
103073,9407.169285714284
104977,21380.450294478545
101232,9957.713274501213
92921,11601.048512820513
96524,18630.890226958363
108206,7303.515176003344
98011,8771.824499999999
82282,55856.91157557226
92162,11366.655
91162,22348.524011724716
98222,6399.171390649452
106388,26695.11678922329
76194,13293.43936227404
93165,15660.865462029587
77080,20465.557060723262
88188,10619.690239361702
95987,10846.655791666666
82919,20440.02920634921
106334,9562.718407665872
92868,30802.14956205438
83314,14262.594494363811
83498,17233.928368819776
99081,9466.90663741514
101875,11267.359274936485
76353,37801.83
97969,24397.42154225092
86292,20468.73833333333
76622,27602.013749150923
103480,18115.290265151518
85818,12836.254858907165
83971,12455.544324077566
97382,16488.7043613425
101439,7971.97684808221
96661,12730.241334776336
77795,11538.954609806857
105731,21404.876254880473
91696,15134.098999999998
93939,19884.278333333332
97415,11946.451607952507
103354,10180.87
98909,21484.384985829467
78125,20627.780876394787
106866,9027.501971329335
98910,7414.008212948322
106208,22267.29602445733
89885,7258.845
76580,12649.491499999998
95892,16174.808255434416
91957,17676.59772609257
99645,11224.255469927695
79562,46223.878728809475
82838,7479.670023809524
101076,7833.087678571428
81361,23126.33363247863
108419,16078.281651700056
93085,15679.440595238095
104426,18484.05112927549
88313,11373.435314669332
104866,17581.355192307692
101788,9652.403295454546
103172,11034.002804586564
98374,22565.811116841505
107111,22667.875
93480,22757.085
94099,46676.13746514407
100358,11544.444824175825
82106,31285.260676408754
92783,28830.649166666666
95978,15655.244821428572
79394,13829.27195586243
81521,21155.907333333333
88260,7757.752831372163
98649,9937.933452416139
81422,18577.91130952381
86500,11127.10192528294
92997,10816.177359126983
107940,9117.092447913421
80225,53698.27
94805,24738.05
88709,12856.536163805138
106470,10479.85171394912
78835,17422.79222274535
90721,10745.67678875486
105429,40071.352999999996
107998,26555.59788670525
89287,11036.514579321758
77311,13309.297193573397
87200,17678.751489784434
95348,13655.582750000001
83148,13103.685833333335
100616,12397.70903846154
81487,56211.97820191008
85031,11869.92248770423
86761,9974.16680882108
108219,22072.7888141121
106290,13079.92470764732
81428,8871.024524283188
94572,30431.869322206272
99173,11229.296030460651
85760,9932.608668861407
89013,27682.65934711562
85726,15919.411770773135
98647,8568.745388888889
76300,37665.9
76204,14174.851416666666
99199,23488.745
81833,15364.160437499999
79245,23572.165
83196,10896.625078454837
85013,8934.386088409668
99200,10122.335428571429
96238,17847.47355013669
96548,32134.80333333333
104251,20374.17115035942
91169,29746.925
91530,19721.36468409271
103143,7062.25
106804,11490.28805802465
108066,20866.756679957227
76048,48178.95312029146
75977,15114.40771396074
96347,10725.683928571427
90190,16722.303571348846
77081,28161.109397155862
83861,5833.50032051282
100546,6383.047781795851
78182,29434.721087719296
89589,10509.607894969666
85606,7692.825829572981
78359,19059.07757498934
97559,15380.190737316527
76721,15310.856452741702
88097,20998.28296231376
87435,5443.671174242423
80798,13347.555
90537,8181.06805465368
100528,7783.331136363637
106401,21928.035346322056
81910,14948.164042126478
92691,26656.700588235297
100615,10439.406401661
77234,49320.55400353752
78332,25007.36160906231
77572,5264.365
90150,7513.53160037081
105917,10096.480357420356
76449,27110.350048387096
93412,17271.386100552616
86269,15398.597479554159
87995,8813.127851918189
100075,7123.850128060262
80021,49700.50613868404
90343,12545.908882953729
106349,10365.464546725829
87255,10654.021570663619
85507,17114.46627570596
76232,12124.1969944675
106308,14955.214835858587
92289,18324.96061217949
104499,31322.843601338136
81788,8153.991666666666
100405,12508.198819088782
106380,13254.588403225634
81018,17763.044199378513
83259,13200.132418215933
94489,32076.3788654426
92430,25124.552787394045
82401,13074.975961538463
79510,52124.575
84456,18793.72701940729
98445,13665.314339703082
88466,16392.196326631914
94340,17357.73845588235
104411,17991.487355135152
85378,11687.161059514572
93363,29078.941244222562
108217,25021.085
84003,9699.303616875934
78674,13766.417069670584
83754,9515.808227804226
107659,36212.863333333335
104134,10603.933315018316
80428,14776.536847317699
107034,11147.692300393779
105024,21546.707776195348
105501,12891.138451884424
100183,13817.618844275918
96262,14330.915189013242
102419,11710.735049938157
76520,16317.44736111111
87564,7990.041569424873
95034,17842.807333333334
102071,18009.790357142858
92236,29339.34375
108245,15605.225253851542
90472,8249.08062100588
91733,18803.404198837463
86418,14099.277890136033
91544,16887.21887831548
108294,5867.186290460787
103067,15815.402815285888
87683,13039.521206865862
99427,7401.969543233299
78592,14731.305416666664
79477,28812.515991639542
100575,6855.271833333335
103629,21523.128799141432
86341,16830.166192669174
87901,7826.809539682539
100467,11789.870277991586
77769,14060.734588716256
90466,9863.897812500001
105120,30118.925
94434,29313.97874891637
90333,9299.053166666668
100483,6520.904299065421
91083,21648.566061996728
86536,11622.721687649477
108361,14847.463378949957
102652,14335.728071940941
84120,13592.571118678647
99541,10236.197462598675
80658,12488.384704347736
96028,26199.641637402598
82478,8994.892220163707
99296,14787.196986668458
92923,19569.170769418884
84564,14595.759299196392
83515,10871.558796676843
80070,30681.6499375
104027,20974.52873474333
79391,16720.063636363637
108108,7940.680119047619
99156,8410.580201282663
94668,20557.342400252965
107534,11607.948412069594
88509,9945.298678542398
78713,32057.000365841817
95033,27065.3225
105878,12827.651828167292
84590,11162.332437540728
104297,17843.78649107143
93140,23329.642000000003
95943,42868.555
87298,18433.789190650117
105774,10447.482045132067
98658,7036.666478935777
87070,18541.108019081494
99465,13072.592395833333
105845,7791.483524573818
85369,22638.056118551587
83600,7341.5186214805035
93030,31539.207410714283
82159,24131.833177393983
88527,11101.36091793769
94866,12743.772420634921
81680,27307.281629154462
85293,12821.441760050988
83020,10746.696666666665
92112,10147.475
97809,9380.555319538027
83970,8328.866074727383
86745,16418.255
100652,10977.608333333332
78837,25137.168075646656
96354,9278.511567460317
90084,11235.693804344526
84838,17267.90473630154
90416,19704.4556148374
82908,7473.374545454546
81469,20187.931875
97939,16538.207779776138
84109,4739.295
94042,40655.655625
78843,19541.69378267081
94386,33267.764301873554
79961,40611.935
98556,12155.855
78323,15262.575
98349,12162.562181621855
104599,11985.240352528428
92804,16625.195
81485,19459.89
86984,12719.724777953366
84902,10682.92357185054
87230,16158.270142749618
101698,9466.390952380954
81187,29514.517564138914
91728,25928.775531024203
90136,19711.944642857143
96483,10029.415791058378
103424,15221.88
85712,16836.24417538646
85509,7838.885283689331
79976,20666.028850840336
93406,22019.909505131967
84108,10374.831279817743
82598,10431.019122895237
88086,9813.35789641916
78975,59857.50035714285
78989,20335.23
93597,16182.224572601008
76707,24469.085
99370,23362.625325005098
90372,13644.709647760774
97227,16502.983500000002
93053,34397.25
99724,9867.759780701756
101261,12325.306048319668
85273,7492.406056972799
105019,21193.043231025003
107234,13491.569149715728
80816,36881.13833333333
101175,7291.7730769230775
105866,40462.92125
96858,9429.327057338247
96226,9149.286946094742
97454,17636.60689647864
94540,27657.939714285712
99937,13932.57682751099
96637,12515.783392857144
82607,9123.570892199445
107708,24278.668090196486
104404,20843.665563161838
80758,15841.617965029762
99346,13084.728333333333
100310,15607.46
91670,27459.770996204938
91353,26049.758291666665
96061,11591.611666666668
88206,17150.874798855464
101814,8649.110743739777
82298,9906.331152350514
94958,21327.30711418477
80444,29772.449427785832
93957,34703.03760460935
100830,7499.6
82523,10920.568001266154
96073,9400.050152609207
87933,15869.261785714287
100553,10699.650303860742
86623,15178.066653659633
87445,9733.07072277212
87890,11093.26897872807
103149,15809.928304230469
102862,11260.82963939195
77553,22275.02280735356
104728,16490.75012784432
77884,32034.85308565138
85105,20010.775
76064,49880.75667477865
86071,9564.242042914659
97148,22269.95887336916
76161,17753.242417192614
82950,7699.253536266201
87334,7535.166783859227
104120,11518.384681818183
104591,5603.749423076923
106665,15430.54464924806
103766,8316.74
104087,9507.098415386929
95947,38830.3
87165,5894.448587662338
76294,21725.150328887677
108455,18970.180684036528
85399,9590.508858632864
84698,10638.52097965663
80713,12037.570672920123
85799,7773.728633350198
100254,10970.361878783266
80264,10437.47
94211,9937.313
98839,21861.41074643338
99631,20697.082194444443
81506,31712.835
76167,15178.649674672477
91308,44745.63
78803,18139.29214710088
92010,14970.388540120071
99424,7426.0341801866425
82042,15319.242648328827
89760,8300.610129768686
78489,29467.59474178404
102712,11170.17358723775
90935,29893.450564237857
102912,11228.539279038718
99041,7985.46569318182
79903,42051.50257783883
96670,8691.148589093786
76729,33697.48166666667
91107,25431.092527472527
87286,12874.55106800703
102303,10071.407310810811
106623,22822.851706247406
86955,13640.851550925925
90173,20879.384365079364
99829,6177.199652777777
106155,13700.173756715509
95426,53874.99471667709
82218,27159.00180654762
97534,7673.255725569961
104186,15492.56870365973
94450,22058.76636363636
77720,32127.402962759203
83278,11797.116718757788
90401,17554.820211513237
95842,21167.69867551856
77025,10694.275
88288,12663.527123015872
83552,18308.946794117648
91467,31450.633602596252
78417,25843.41
81312,26257.051889087525
106656,13552.270833333332
93396,22768.206075543167
89063,10199.211489888043
94830,17925.434166666666
98183,5275.245
101338,11887.288876515773
86784,12807.708355243816
99315,9201.635
100058,6061.497083333333
89181,11040.690845986896
92271,26460.03
97562,12767.005853174604
79601,13735.460553751807
95361,15128.893226207467
82021,17352.154
80766,14133.55637683908
107591,19742.63235472145
97689,9044.97388782417
77322,15933.014261904762
83942,9896.928780561964
80703,37406.605
84304,8632.9623008985
92976,22543.912727272724
104652,7311.692764542825
81684,27631.298633222286
90189,17912.421547545848
92960,36591.67
91335,19551.484681818183
105310,16238.540531656807
97940,10035.99406826945
79726,19066.7525
97677,15321.69914488966
76868,28137.077367330803
82008,58290.245726851856
96078,18009.756503254102
87835,17269.4339484777
79247,16318.616363636362
77781,10376.19606005398
83214,13984.123518136817
108215,26162.77489098676
93824,29146.55293725415
80787,13520.810405327076
91615,34522.64793939394
80389,34022.965
103596,13107.329114522185
105821,20826.54126247705
82476,9267.099577372026
95265,17745.704583333336
98399,22395.123329365077
76238,28023.05
99100,6062.519993801338
104714,9515.531920039497
90919,12124.351323529412
83623,28305.475
104865,11936.733738588424
82002,16959.2
78910,22231.535343067848
95502,41244.97
103857,8867.732667755836
97624,12725.491022840897
85720,11945.056155558785
96531,10689.990198403819
83085,14627.580255308141
107580,20342.83710552772
100283,11664.151310014646
82635,10362.53338274952
83319,6375.272996638231
82752,21773.665
89036,17917.07236111111
83309,12902.013968585925
91103,24516.84
78064,66630.75166666666
93250,43251.17
104512,17903.183018303363
79857,8812.995
105526,17939.44707017544
95901,32946.3146757467
88558,9781.196906354375
106352,20768.216269716882
77802,16232.190183861541
87315,8884.178264522801
78742,27495.883391724685
102737,9668.992955447331
102515,8490.63375
89811,7538.563320472339
83376,17481.2270159257
81478,27424.696414840575
90640,18759.35681818182
77782,11257.062041766698
95954,16801.466977813852
102593,10761.601080585033
103795,9653.048018756743
90806,9514.588756807425
89657,17664.67465487192
86003,13318.513057595452
95380,20740.778573269945
105152,16194.58
89783,9164.925
94941,11214.712078947368
97059,12103.518784963748
94104,34353.095
108398,11600.257654052031
84930,8980.393034847548
107156,20111.13112598149
95687,18462.18
97033,8807.337873030747
103036,7910.751875
85849,11264.60793044718
103638,10016.9275
76938,31715.3
86884,9007.406666666666
88711,12033.725
105179,24386.47603785527
103858,12765.817378944055
105362,31847.733257145865
77038,16699.537328923827
98935,17065.98220451128
83763,10893.610716569736
106254,20212.628442471683
96326,20675.440220843797
91225,33876.2725390895
90336,20148.926249999997
99070,8729.130606724575
88213,15510.177046766195
80925,50033.3021400717
99202,13644.605384615385
98190,6787.453753433357
93632,14061.7925
103377,8168.613333333333
106788,21013.09255416044
104266,19838.62686011905
97957,12140.14
79055,25732.98749582913
99963,11505.186343144775
104883,18364.665383822205
77565,16054.541739836537
104641,9271.016541009121
92456,22031.575
90989,35122.81
96336,9277.863853118646
75990,11865.325527433148
81685,28442.547953898975
93610,25578.535
92156,24123.675681818182
98823,15505.73932941391
92141,38630.95
87756,9295.010224494583
87211,12801.165531135535
93983,30794.677190963608
87098,7028.568111237036
88453,18634.47347754459
78408,15447.981862790963
82661,9254.355471082
105658,9453.991009941414
82377,11962.14807470883
86738,12270.959525547143
90498,8159.779737209976
96128,17165.32483172547
81136,21073.89906589491
96840,10526.294396974952
104970,21050.43344578785
102228,10369.643421052631
77466,15505.146890164951
77981,10155.98883862665
94406,58498.43573529412
107110,12267.623833729545
106442,21210.785253046794
90593,12824.012884499503
85731,9350.639237088555
91243,23323.494384623085
88327,16860.705721153845
101596,11804.218296783627
91216,26724.58738095238
82093,51535.327472046294
106882,19870.10774757859
89713,12909.716857030815
93144,6210.155
88299,18155.681251216447
78242,20351.4820484248
93200,21137.761976190475
97874,12975.454346197255
93836,40475.77575
77774,31147.17268939394
94322,24055.220836467244
98230,11845.081875
96006,12356.014342675071
85959,15874.955178571427
88398,17703.18363170642
99305,6122.495778974499
86936,14845.31901614057
107147,13798.437704212456
89432,17906.803838473345
104475,18219.512964285714
93164,15189.913031578855
77276,16940.033155205907
107454,17784.69595404595
89979,23116.43053000512
105360,6425.202192460317
88586,10122.98484971838
84105,14604.922228528463
104625,13941.60310483871
78707,22090.095512672193
98962,5157.003674242424
105679,7009.04125
107418,14599.948334870114
93072,69252.655
78519,16070.274922718392
98281,20354.264736111112
99872,7379.085399714781
99188,4908.028596491228
102719,14365.071666666667
107129,11052.781509854398
86785,15582.507859576452
80533,17754.33745222231
78168,18657.91525487804
96300,31949.436666666665
85605,10518.652899568873
77676,14371.13756933089
86360,10162.858020955739
95177,43801.14188766263
77263,8108.339153282202
83488,18304.774462530684
106949,21053.016873463905
86400,11479.075669732463
103763,11071.836000193467
98495,11620.915055681946
94363,7378.45
101940,9216.47962222239
81366,17181.39065457677
99546,15203.265
80651,15896.474054727605
101196,11810.426362037873
102050,11364.153328125
99804,9057.884624999999
87153,8365.878774000324
81225,15135.478571218855
76181,20549.529795454546
98469,19107.81
93979,12922.73772505669
87480,19390.142140815835
76369,14536.581880477122
88375,13358.20591947027
79983,13565.299706766917
87393,15011.55906154893
88732,10074.323191703894
85383,7590.263182958709
101126,6073.665
95928,18502.539068693695
103011,3224.27
80083,40176.38895833334
96118,10994.89639133101
85674,14324.426387877722
82917,17399.089488885347
91143,14396.9923923445
101645,11123.244485307998
92817,16278.546883838384
97402,9343.743006189941
83885,24130.305
101758,12794.24806330024
98594,10103.850283613445
102018,2181.92
77568,17041.763672496596
92202,21672.242440476188
83954,13884.31478022981
92567,10810.783722069598
99006,28729.26
90732,14486.277196020621
81955,15597.940617047676
82585,11682.280425051807
106285,11928.4617979618
93620,19441.567414460726
90725,16223.66125817081
92088,12922.190541666667
107174,6764.845
90304,14112.071982418425
104127,18241.708741590108
98880,8699.03
83303,6147.447108514907
94770,32135.907443350774
89074,19462.85470000441
107549,20506.958303240743
99624,20872.67997222222
105181,8855.091606006637
88189,8837.86568939394
76455,22007.688670994998
101020,9770.91261904762
76745,14967.121785714286
89568,16488.803375391668
83478,9615.66347259033
85747,15904.091588340281
106272,29973.008250000003
82872,16450.47706012235
107532,10037.2875
90049,13304.434443277312
81364,12595.36
98040,8924.783808913542
102958,14831.7075
79260,28800.350682565077
92243,40071.26930577221
88478,16908.88367614559
86621,19565.79038888889
104072,22113.754182500514
90813,13811.439685982434
107620,19633.290917949253
85958,8864.065221219214
91758,27074.415266937882
92388,36900.605
95940,16517.364026862026
95423,27008.720928845774
78205,15326.455
92781,24918.78636363636
76964,18097.811266941393
91309,20090.295
87312,14524.42303213312
99960,8122.501875
105615,18614.545023681105
81777,14392.50408811326
90088,7645.738031454053
101916,8256.597830087061
102032,12277.2530135009
78757,30917.4975
85089,11185.373116154338
107536,12069.929011964929
79554,11963.86935314685
100053,12707.033621794872
102087,16621.898074470897
79180,36605.515
78292,10490.93
87547,20283.75034330484
96714,10743.886434936398
101388,12033.14416457335
98889,8622.543113320016
90037,10939.391931712553
95831,24735.47275
101678,10135.41677743271
77780,25891.515444669472
104014,17974.33881811476
105304,6619.305888888888
77837,18504.81199020658
88541,6818.39473989899
89143,18242.56914529907
90294,18026.058492270735
94097,21187.0088881047
99108,14032.78835864351
107044,15295.158670276202
108467,23248.288830946516
88739,22573.904369368265
102441,13905.942884406999
86183,10179.904257816948
106346,12669.448268732494
84130,15187.339916962072
107757,10008.585
84412,11026.96779203233
96522,31318.412273738264
79372,18663.58
106945,16618.623684357808
88312,7829.944494242336
97814,15534.665018575348
94724,51068.938507822684
79892,17730.70619231325
94500,17194.68730813876
102161,16008.537666021963
85073,10998.761412975762
103316,11170.444830717513
81537,14471.470781385282
79187,30717.46528367205
93646,27081.545
84942,11801.799368311122
105305,39836.28833333333
102440,8127.159222579432
99694,16942.700965447155
97189,11369.888333333332
89680,14293.76537187544
104471,10847.457781746034
98066,5180.235
104541,10524.728447450856
90039,6995.920888190231
99640,14596.28114083091
85034,13959.024523488742
105699,8518.798903998355
103097,9229.192017797217
79154,26875.73657251908
79730,21704.159531007754
93954,18115.73
106821,17641.693
108129,10317.765
81433,22111.80375552566
106810,9924.364906536672
89340,8560.957658876318
92137,31435.6
89457,6872.184444444445
91797,23161.395
92334,20175.08985090177
99141,16756.22
104901,15371.19181038309
98189,8915.990200435059
95071,20865.115
85149,16266.197985475184
83164,13863.245882179499
79589,5141.105
96533,26517.57019070187
79514,22423.96
97024,17444.12
84010,7612.543349358975
77716,34745.495
99999,8228.245284256212
91937,31001.92481787503
83222,17441.030158590464
83874,12865.920161008064
85379,8597.275432539682
80923,29670.325
87263,18083.403197759806
77648,14419.532583333334
90784,23262.028603670635
76092,27805.825638194314
85877,10707.68975402464
108297,10038.236240089565
81020,31497.721913875597
80092,25182.042293871025
94008,18851.0042399302
101425,7587.420982142857
81218,22115.37725665266
102599,15143.015
79959,21183.285
88223,17522.721006312673
97792,17785.218420647147
98438,7615.387599028518
107986,37340.555
83947,7763.854734233169
105867,19209.223745023595
107403,19486.338084455627
88885,14301.327931144564
98450,9634.6525
83554,7850.710681818182
92398,27645.97
97238,4945.8798035175605
79115,48670.8
92394,14974.740041800185
86813,11818.133216456034
106364,9648.930523784657
93974,25241.37682052689
96921,7597.41138640526
76493,14127.04
76358,14094.385833333332
89895,9315.73757735089
91354,24861.003062724016
105589,20460.742426171135
96412,26939.583062458405
98970,10639.688907104071
103020,9293.986977670515
87261,18692.991199067746
76112,29816.614681431893
96166,15942.71687459293
90696,14033.604096163454
94089,27772.113703703704
78422,16534.046970238098
106298,12064.981666666665
105489,18407.394905888097
108304,26628.949231924358
102353,7693.5369731364235
76411,18499.589004866026
84847,12066.860337047103
91646,13223.021249299722
76141,16467.04256750515
90730,6418.339821428572
100429,11854.410003245068
85989,9178.776518992432
105539,11855.496742645888
79951,42715.115
96676,6958.263777545029
100762,5616.105
92509,26910.44
79582,28928.532124999998
108529,20155.948333333334
86542,11450.835337047101
80669,19724.507259364404
99953,12953.463756449439
93023,16119.373844952772
102223,15168.470989064856
102167,7113.086166666667
84525,8559.978420983936
76654,31086.031814735106
96998,13564.506774387486
94337,17808.855
105106,9632.1
77494,38301.525
91245,26090.485
98303,21728.15124242899
96838,25836.95284392447
82064,16901.97333333333
101129,8557.573712895619
78108,13127.84348638328
95497,19016.45149877186
81175,12534.322253357754
89631,34212.3258686139
93976,20319.46064934156
86199,19405.675321903243
106842,3664.795
78263,11686.986
89187,16340.28539142974
104396,21840.185
87198,21838.95
78994,13720.82
82655,10136.427646153847
76432,19509.013333333336
95404,21188.224181469603
83767,12964.020595144777
87719,10151.36665418801
105980,9891.044833579333
99851,19668.375
80432,8326.561904761906
80344,29019.91678323059
83694,21917.37649032258
96247,20437.058376190478
86395,19377.65803030303
103276,8448.405176630435
80262,12588.404802786783
88698,4580.14
101575,9996.817677865612
101293,4139.05
76732,17612.661350513088
108287,21607.725
100140,10288.108654585114
85239,11125.563459420042
85252,13138.232149244255
77174,11039.196332901658
86250,18742.11817115252
101740,12397.530384400765
108134,9230.277492424242
82406,32395.477013254724
88667,12323.897084408209
96978,8636.195263538295
78635,14611.596065562162
96572,9371.58912353699
87841,11390.025583345994
77951,19464.66
77253,10607.417261904762
99102,10734.038867180545
105959,6777.39
91687,27653.949417989417
83483,6638.808000000001
80361,45693.07335417633
94647,11510.625512931036
100857,7933.911136363637
82465,11725.541445503517
100672,9403.939205590965
88369,15263.239116895638
89345,11930.746595659508
89610,7335.300678327502
108452,49963.04481181319
77913,54566.125050182214
94990,32809.81
78501,12445.35572222222
78393,12880.874108090187
101975,7833.804262636496
93585,38069.575
80079,22594.006452380956
92292,32926.122964238144
88595,12020.893294535394
107865,21627.54595238095
106687,15109.379097871926
101741,14857.969571343689
93999,18878.446542222697
107722,14861.471648000095
80167,26895.081058532
81844,5710.75
77048,18255.744413657187
107873,22131.29444320377
84939,10370.804716900462
106486,19467.352245644463
84683,12285.93884920635
83721,25511.36083904329
95371,16425.257857142857
77370,25665.579745879353
81285,20384.825
92306,15680.528852053034
107739,23231.29509586315
89483,8663.606895042936
78832,20710.70725321239
95190,26717.72597222222
100747,6929.341091297805
106957,13498.210342851182
101143,8665.840333333334
92745,31345.575208084112
96890,4276.234929824561
76809,10700.932358695654
101202,10899.87
98845,17952.91
106599,9322.60699501162
102195,8121.486041666666
92630,24322.788125
94558,21988.16131542548
93959,24559.7971759591
77993,31081.648062361917
105814,22224.85771897547
90144,14554.548169393314
102474,10652.59
93582,40463.351124894514
95183,18785.60916666667
102451,6990.836977513228
90109,3280.4
78889,16990.270457026305
94338,23117.57
88104,16011.818965517241
99955,9643.24876542281
91274,17656.90261111111
82254,30526.045241099684
94279,19343.092008763004
84677,11284.86
86814,21742.015
107316,19038.280905585583
108497,21792.755
97403,13776.190392443139
104859,11023.827395833336
76106,29033.63193827024
77307,30898.97455123428
105083,14901.63371637953
101644,7621.815
75980,25226.026449112982
80678,27306.190697213107
96987,7533.160218740386
84261,13863.697994281481
103391,8497.539631349782
84290,10027.561145849517
103179,8459.761342382939
92887,19974.735672327763
88486,11439.253339679875
95325,20332.10611125333
108122,6101.39
85364,15815.788279220778
80688,35519.66416666666
84356,21196.866458333334
82717,17099.543987888483
95166,24712.23255699223
81154,12345.361333333332
105294,24448.072770379338
101409,19650.270119047622
90808,15579.034033301776
91000,31478.74069166677
107931,31265.20869910538
80058,19401.29530074113
90511,16554.593579715445
92525,32387.85806848924
90057,11439.638400326181
80266,14349.93826934821
84467,13167.551177054118
90576,20308.01908044376
82575,15846.972478737047
91601,35853.795
80196,20501.631681581388
83418,15007.51292995169
97121,16951.571666666667
102024,13162.062083333334
85225,14359.587964285713
107001,26430.682597004477
82592,15581.671466577542
96681,12224.22262972309
87462,9876.926820190716
96787,14892.16
98868,6079.03365516063
86472,19080.320974681184
91250,25596.285595238096
84328,11952.36196432637
101840,7901.73
78225,20567.700022870213
81026,10785.879736383278
82325,10966.835
106596,12654.582720649993
99810,16946.009732003044
88054,17554.284820494864
80041,32469.3975
102577,10927.365093230044
95870,20587.57575175017
76937,18248.886960210646
108359,17258.308487484734
102482,12197.609181825652
105228,21213.692481172748
94110,48898.795
91022,44669.22293233082
84243,7522.864444444445
88868,20294.014551759432
86994,15269.9055006139
103924,10927.122171052632
102415,12708.332371794873
89954,12860.823064439639
98212,6823.843422050419
101117,10159.91057562513
103865,10438.43936945898
81944,16393.77831911659
87371,16834.66808940243
103778,7215.87
84310,18658.227428571427
78146,23170.516717561404
83910,15296.432817073171
96498,34703.05542897727
103937,2753.165
97439,14735.8775
85156,9877.858247334347
93197,18747.947
98573,8246.583039215686
96816,12701.007568592056
94610,19097.315
102536,5404.6125
81021,13844.73
105037,20256.54487459266
82891,17122.863145591105
83601,13914.981602483382
93413,15853.650941698348
84517,10450.94523942827
98296,9671.868656961593
83442,12365.39600385406
83641,10170.684555555556
106454,26765.964552006386
88540,6730.4427118618405
101350,17573.206785714287
86741,19920.893155067155
79411,48626.96166666667
81400,18528.47745367049
92460,14255.580102239534
76076,27830.23035
85593,12081.71112432188
99476,9410.2565
99991,14992.67713114754
80184,18578.543315786334
91365,41617.934226190475
87967,9882.688885569258
97960,7311.143932398753
106216,9451.955416666668
94470,36980.735
105054,23694.497506081403
76801,18881.186820254105
84376,13415.148515553074
95818,27754.388703703702
101354,8517.19206271767
81184,14909.879684137686
95386,28115.90750627498
94813,20333.071251732967
100188,11138.872904446129
97816,16252.830311111109
101948,7019.277464285714
108229,21687.387939901604
77604,19520.17171679376
103052,15637.905839708568
83998,8951.2834375
103163,8915.615
78407,22171.28650023784
106267,14000.68324883906
84808,19307.413089265883
102176,5467.721746031745
103807,11070.15703294347
102936,9691.565
77803,19819.793068656865
91153,18173.045
96806,26472.07051070823
107797,19344.360501068986
92654,9255.833
82110,36702.955
92570,20359.68180316742
84350,12568.013587047102
82022,35274.8015431555
101036,12539.225375474738
93012,16660.935
104053,9749.5406785483
79339,20655.695532222588
79767,10313.615
97252,13934.620813901489
95098,27604.335
99791,25198.961269616222
95121,21378.72959326647
100598,8357.291296245181
88806,17476.284163036307
93433,17128.840907431168
85064,20659.598488372096
103820,7097.15
86190,24916.977314814812
96438,21011.499428571424
106282,9701.335778354907
93667,18333.65992091421
93191,15821.906870931634
103899,9790.74
93568,38733.5025
104546,23760.246319032063
80852,28613.067124999998
91782,14832.877562049574
100867,14774.631719469366
96727,8707.488288754292
88787,15406.767871621621
80175,14939.541826664901
106215,22185.215
82884,10286.210668213163
99701,8821.996633152086
96972,9186.082655063094
102844,15925.45427145947
85912,7398.259992160993
105580,12968.482230202113
92949,17592.846071428572
95794,26955.951666666664
81410,16494.38233066563
103413,8531.025
94880,25900.311627220617
87634,7757.736944751614
94036,23365.9945
82130,14510.32425893064
97256,14170.21887170417
103817,10544.409915204467
104456,9242.448882142859
78003,14289.76514441285
104097,14473.877705226076
98797,7605.999954471218
107315,17579.06361111111
106755,29884.88375
81147,20608.487407222587
105271,5875.8619282655745
89017,7801.104426669266
90194,20816.93184752802
106608,6883.553178829622
106146,27400.1724620696
105471,12870.69375
104538,9278.257730829937
78198,35191.084444444445
104720,13785.273296443744
94900,26305.097972222222
94045,33668.506142365295
100816,12639.230579971741
85400,8265.901530379902
96876,25381.976519163974
93515,25183.091772144195
94077,25062.9397718726
87247,22197.40399801587
105067,23488.70480013611
95538,47164.78666666666
79301,13083.434246513723
89679,15595.021260411755
90677,23255.50734484485
100348,17005.888833333334
82373,24492.056852918056
104030,14855.63
91200,27347.774417989418
108132,10122.774077506572
96587,11176.74877333898
92498,18497.744166666667
103409,10320.855472689074
91232,22355.079557497123
80016,21066.97015831531
98705,9759.583
94058,58402.125
107248,17648.909920102084
85165,6339.612802156219
87202,15640.1271820922
84291,11358.833716825275
96682,25681.84185108238
76451,34897.902079245374
91004,20772.07425
87541,12290.083240568381
84735,8542.70735113695
86029,13483.006987441384
87675,10764.121128861378
79434,30970.30534722222
104691,23147.55503354581
95401,12967.103166666666
103975,10230.140983821733
106441,12420.974312546146
105335,22667.013769500085
86453,6259.000218822886
84490,22341.08492037335
96908,12707.701886505003
87472,10788.672702448059
99908,5500.134068627452
84898,10290.85
87539,11474.907913946274
100666,13636.412459455503
82231,16879.544416666668
92648,22779.49666666667
84694,9278.89581862821
81594,8908.81592052246
82685,11455.15234598816
76620,34071.42571969697
76943,18521.988333584613
80231,22696.871274599085
94782,10972.635
83815,16330.181553398059
101713,11026.563837823514
86358,11200.910114881197
98701,18835.763
106421,11905.247022321426
97920,8551.136428571428
108072,17143.936820810206
91315,21978.005178571428
98550,12334.126783196227
99263,6494.1745548147355
95373,14898.259838181953
80445,9851.361014152513
76982,17496.754948570127
85544,10534.367002482792
101977,12002.495637703
80279,23604.045194878763
102808,7168.67
107325,14095.2058509582
79988,16043.456666666667
83473,6600.636858247695
80074,24395.325
87094,12517.986960844612
80523,15925.809047619048
84129,14100.427088607596
100159,10023.565
94256,25633.45386029412
79199,24390.0943585983
106674,18504.534998366013
76299,14428.896354779028
82217,35973.0001369863
87294,16793.329477564104
87361,7744.7973402395155
105782,11469.082938804273
99109,12354.626717948719
97733,20839.57
80963,23116.44550747863
105129,16093.761972301058
103322,10978.884230834134
90068,14739.76685997068
93845,18771.275581029273
104956,22742.194549333984
103473,7276.703333333333
78167,22021.45159938266
80718,36494.12918677363
85621,16180.68611111111
88490,9970.498260275035
105456,12139.734401960784
98490,9861.086541576977
86488,10007.241001803204
107303,20271.885680555555
106463,10414.029064737026
100403,9544.864188596492
86991,19219.61701940729
95381,38617.850750000005
85219,9322.893469782623
104635,20904.29302643544
99004,12217.126928571428
80747,26588.764552889996
97854,27559.46819702624
102646,7885.7383426728065
93364,35506.74991071429
101209,5785.173791666666
89140,16579.973164785097
96244,10421.289660890734
93727,16029.635920634919
82138,27514.915421057813
97759,18700.31964318438
86015,16219.449697439923
81090,25979.759533333337
106085,8088.595426948052
101600,13378.615415915916
94831,22613.144649943093
96566,12838.508214747968
82361,27668.45285714286
80479,23036.44176588273
82068,10278.929134615384
104750,10497.782306875137
93539,16820.659852941175
98127,10341.59894736842
96971,14766.189907018472
94105,21790.030435101893
95326,19475.04505336342
107438,14820.328943041659
100536,8719.67242481782
92659,18100.8025
94809,28174.42896062271
84186,8103.527962043703
85631,8370.358100017684
86381,17044.715711044075
78721,22943.85693418172
91773,19115.07222222222
90453,14294.480416941726
107225,16181.649315744733
89949,11740.818522552965
104531,12682.883246031746
76979,17664.617000000002
104743,7522.065250000001
87731,9393.714710144928
79915,8870.665277585766
105072,28453.388036827535
99332,9244.103880952382
88800,7588.905
89522,7039.374250548968
105361,10170.37
96528,13462.01214037857
101546,5946.456866666667
78680,21413.498862007236
87029,13970.962116217015
80591,53815.777509959014
79887,20827.248910256407
76107,30617.065
78272,13332.510721350329
88116,11638.21168545098
99644,12799.088333333333
87595,19399.312166666667
79324,16923.772142232327
76408,43541.74
79173,13675.556438487847
95084,11762.099381313134
95455,24351.245
83809,12850.804320302692
107320,14888.590647782978
78828,26677.238077020203
76284,14865.211094322345
105622,11400.60785351273
99344,7666.273175
79395,16135.989482338018
86906,11510.251082026483
107576,10658.108431720042
99418,10622.743221884499
89050,14653.925847757
83758,9486.852237274765
76289,33476.855
95798,29357.09875
76119,22858.69372398972
87583,20994.541625
93110,17939.987375958008
92911,20621.458816742652
99758,7657.896320901241
91697,29035.930134474565
85260,18417.867645293172
108475,19524.24
84184,10230.069910877037
95737,23070.05
105286,13889.903236381513
105354,12692.301134276446
101587,12870.820679901202
99526,12186.72793165592
82328,14999.664571428573
91052,15476.838967432312
81332,47970.031418757935
84562,18482.207463769624
86175,18870.996370748533
94828,26336.35
76792,35839.40166666667
80436,17454.691243056495
88143,10286.417377659722
102644,15916.618212961366
79459,25793.429120543617
82225,14364.794219358764
83772,13449.506567958133
82109,22882.27770152107
102803,16483.800039481812
91947,47391.48404778555
88498,3801.02
104204,18328.105286811868
103303,17930.38432565599
95989,20721.459788690474
90917,31964.634610777342
104994,16911.05375
91408,20000.89983280577
79084,23543.803009477277
94840,9579.085
103127,14299.815
93504,16518.714774460987
88642,11387.637733333335
95535,29560.23
82775,11656.770121793845
96490,9201.263423601586
77545,47056.955
104939,7607.813809523809
97679,13005.359645513683
95462,15292.1575
82601,7179.941393007413
91541,24929.182666666668
82997,18426.727508365868
86757,5896.03462028805
86498,15953.37610495092
78468,15480.910000000002
98262,22598.7800569008
108488,22141.29602248336
84813,10844.664455582224
84965,8955.798002375775
78478,30063.91705499451
98819,16772.823922391442
101543,14282.50284527462
82061,24441.951772995577
101359,12095.755810402778
107203,12017.269484629562
98811,28540.818997402515
102982,10460.765
89603,20730.78380889724
95083,58871.84333333333
102426,11142.835
88264,11835.03723104034
87119,13254.142743732245
86554,15968.308597179428
103454,15637.905839708568
99382,20639.91603171972
84255,9460.260052806974
101580,8662.97
82690,25476.88826079272
103650,12033.526950125746
92587,78224.03975
92831,13710.016666666668
104410,19564.217033722565
89264,12565.642256161804
82865,16512.28587719204
76984,22417.72617387358
94265,26394.565833333334
76786,9808.36649298822
86379,11393.909932675258
89735,11907.4850972812
97066,13257.104613761956
77007,21365.82257526048
89137,15089.710365618806
78243,14713.58875
76669,27309.902714795597
89281,18872.685
105621,23294.873317443504
84020,11320.613391304349
90142,21066.92601154401
79677,22609.88526678835
101025,12962.620636715621
101821,11264.481416836472
77424,15001.544038336084
80188,19924.30993934993
94655,27090.5025
85282,7921.6504508158505
78763,10960.221875
85774,15751.755003508597
79278,9949.161446393411
84460,13981.407341851984
81489,26038.905964623882
90788,21548.92703703704
90191,10946.680892956876
106772,32387.81983933003
108112,20685.655676217684
84380,13227.128255135387
93636,72307.615
103749,8821.00920931131
93435,13788.2675
81394,11864.844687486957
82146,34140.59275537635
98362,2635.775
88250,12060.449888392857
107041,17841.795625
103478,12840.959166666666
89273,9244.493240016058
93583,31850.791583333335
92107,25288.116893939394
79557,7704.815494450296
77861,10700.08111111111
84591,19576.015
102756,5551.345
91798,20705.761000000002
100309,15632.281892531933
94987,23970.767714256883
89991,13979.252603985924
81523,23043.1880693816
82815,14538.08507352941
84366,9543.689180560243
105609,7397.957734857354
89695,9407.9
86242,15611.372034609223
82477,6217.896041564888
83774,8934.26797322908
103676,9060.764235515808
85371,18844.874084440944
77386,45466.845
93572,10591.780833333332
77535,23372.984977836943
97174,12732.256508141052
78330,34394.729441894124
94032,13230.675
97537,14207.49
93975,14663.235330882351
80657,27120.33067332872
85971,14542.49510320576
77536,13501.40255849607
81757,15216.247354501545
81232,27533.649040832013
88606,9798.945745422096
107709,11495.321690238672
79596,21134.68633656431
85671,16538.73630947106
93617,25891.82936111111
104211,16130.335311646699
98843,12539.775
76153,47684.74437082542
105258,7611.703195639204
94812,25852.92008591422
82892,18681.0560222362
87816,13352.545654716692
90058,6844.745829670329
95471,10049.027854020978
90419,12203.296358156806
88777,13747.164646391833
101559,8049.565092513268
86808,17026.89999138986
93637,19955.011466680888
81562,13490.765
76442,33857.0125
79967,27478.35537227035
88683,19505.257714539002
78139,8685.941980994152
86530,11466.250890561687
77000,28949.734365538312
101915,11114.492454041341
90706,11666.436666566073
77396,17638.22099910233
83475,18357.82530930829
104217,15465.66984848485
101461,8521.87170138541
82676,8376.276548073032
104438,13057.65228420191
94757,23308.939746629694
84916,15438.84995034585
85934,18603.50850204097
93051,17195.671000000002
85136,8413.908074171013
86448,10382.308783719813
102828,10546.28342105263
101564,9159.652652765226
85740,22297.197272727277
107725,18791.650104187745
77165,20828.459022916086
107859,13837.09
83065,7799.014785846239
83470,29039.315
82147,23674.50049420059
103691,7430.605
84024,13214.790983282935
99630,9764.980330336763
105243,18082.72432370047
103804,9768.332312834224
80130,10211.267095238094
97317,10532.430135964914
78532,35113.405
98989,7299.760508333333
87716,9063.066601198527
103640,5639.105
100541,17160.162043248583
101428,6436.519182213224
100899,5053.805727150538
91739,27882.465
94502,39657.96828947368
93919,25400.90666056166
79707,49422.413988110915
91516,32827.18321428572
93156,24173.755
93340,28842.642199675323
86892,9889.125580844775
80420,17162.760121608524
91660,54105.33037788841
104006,14248.210563973063
79833,41477.04464285714
101663,7614.722916666667
102471,14910.775264705882
105380,8771.858802733737
107076,21474.55102331002
97009,21844.24446886465
78577,31925.474043918613
100281,7695.6064697015545
81075,45097.53746760618
105712,28358.553489532882
90807,14782.96053616089
84240,14868.379116389928
96951,17538.835593716838
77270,16168.039561373505
81760,14826.335
92040,40594.1662
89339,17525.054305134607
95256,25540.195
84788,19320.963189655173
83686,12501.41445494445
98633,8826.123339541107
76608,19922.49503249936
98918,17054.403875000004
100264,10444.251761947278
93998,19097.189909855242
90051,8161.842871791487
100506,12387.95677625472
95747,13036.359446271928
91393,12990.012647058824
101051,12917.10816792807
107844,16093.894566672894
105479,19283.907973068926
102468,11781.537542035236
106785,16925.97423611111
91577,17545.92133483025
80832,9723.96893939394
88616,2764.8385714285714
78897,21467.981830933662
83228,15665.42110834184
90389,8565.928407229041
90154,13051.848046771534
107664,21104.672079545457
84602,6832.624520060363
103155,7619.3467615161
94290,23701.982480754505
84292,10240.995875992065
82455,27841.55
84453,8326.368438515507
89161,16532.385007209694
104207,14676.519732640294
85660,9646.956152304123
80032,35817.0
75996,18724.70735589979
83712,13301.14298076923
89784,9912.19
101364,3954.35
79099,19157.848918801403
101423,10444.75
89977,8552.462374549063
87688,9692.637840492169
87401,15863.79256707317
90723,13426.319441766886
85875,10656.457110617228
106387,27667.546552521006
76002,11419.665946283298
99436,10313.386046365915
107239,13227.676823222977
80251,25295.78423992674
85127,30163.880626567072
90351,9502.251255601814
95526,23808.432408782952
79335,34600.91213162032
104754,11185.157883168105
91081,27388.508106060606
82005,15245.620860842459
89414,24458.68472222222
102366,9104.742021929826
107017,9335.019692368729
88810,10023.97205352112
86694,7249.491880439363
79641,8927.885462858858
104863,15763.14377936508
100526,16939.934394781143
80318,22322.419858960573
100931,13680.949749238189
102375,10882.06
78617,20689.721818067672
103552,11093.0569760412
108268,16021.286179774186
77842,15907.116764705885
88774,8541.578136855673
82323,13689.91051948052
94125,25513.5264484127
98661,9196.290567902397
100997,14741.768894858178
76933,4699.025
76957,36941.236000000004
84347,10374.850344060544
102000,7285.654861111111
84626,14832.680324074072
82214,47732.987962879284
105909,28305.285837966305
107442,8972.059367225876
102342,8208.23
104461,20930.30668548017
80095,49803.41441176782
83558,15402.047397547354
104376,19543.21889087744
105494,13499.5996875
81702,40213.555
108056,12858.363981481481
84131,17891.42487964634
94242,22893.64666239272
102987,7063.8726488095235
99643,16912.888556135556
78954,30309.386551724136
85511,17951.298333333332
85380,10330.006528212882
77232,27882.264642857146
86585,11650.275
99729,13258.326910589532
94946,25389.19
97768,18887.925833333335
83855,24317.463571428572
92397,12828.525
90311,10636.851
99324,8304.454519639934
81167,14709.20613252504
80030,35500.815
103679,8974.932601491226
80164,11983.901725077492
103198,6517.3136343434335
87658,10767.914856369687
102090,9139.96103631171
92710,13385.973685897436
88551,10529.698359098486
91001,24407.205322580645
100653,10307.787047619047
106050,14614.408333333335
92084,14481.49952586207
77402,20146.01796219791
101296,9129.349517797218
107242,16280.432818708974
95646,19006.866335404316
99126,7967.128582806003
90982,19492.65648944169
94896,26670.233346560843
93011,16587.364916666666
84607,17727.970466585444
83352,7383.505288888889
86097,17308.272285192146
99312,7742.8663282669995
77584,28821.816199369976
97372,13244.89842557796
107179,17641.402339573488
105835,15172.422325574047
92924,26319.09
90798,7543.9444114148
77487,20152.108379311318
87523,9591.77862939501
104328,29437.897678794685
91404,16386.965
105702,21635.988419452886
86051,11893.321624462937
98136,12394.0590625
91149,18444.559539483696
84015,11261.915345180738
78227,32630.04
91810,42571.160727994225
92345,18284.157264492755
102647,17840.06
106549,11312.99750327264
97007,18247.43973854087
86887,17501.99592511753
103983,14707.781795655426
89554,13460.752957788514
88066,11631.48088751478
98778,18782.711499999998
91459,32028.885284268235
79659,28176.334295464563
83978,6483.582666666667
88036,17076.236170071606
80483,15029.15
101770,2282.54
98220,22050.21115308764
84427,10871.558796676843
94491,15836.844838709678
83782,12410.905
101945,12033.63
96613,11516.127423712212
80126,45651.805158477
83381,15894.343999792658
100263,10487.395012377581
94953,21604.290687479923
84413,15235.256943346509
94816,40914.86546825727
78578,20811.443045992804
89766,14871.57947610163
78560,32348.06452748502
106444,16594.292062301232
100883,3171.611666666666
102769,9097.925785040365
106426,33862.705
92404,38514.95
84800,8620.495
90714,11188.493199999999
96274,17348.59
88259,8868.645182842944
90683,13340.903038919692
78878,12166.985370408067
78675,11375.528102544893
102189,19984.78489909648
97959,17887.559585231786
78324,20838.661656590637
100397,11013.039305527554
89808,12201.903936255398
102920,9493.055
77724,10767.990801101514
97183,18497.038407321637
102360,7642.06
81748,19175.281059816974
100225,10635.961909691643
101411,11957.284847578652
93887,24970.036666666667
94437,14845.316262785302
102317,7906.7139767015715
100939,10796.353794703233
102016,7553.748439280627
88651,9904.845943092943
99340,9871.143106060605
107078,25264.602537516104
100937,10867.282466946128
86922,11178.402593991163
77864,28221.041188730527
105180,14259.212105803956
85599,8102.781827134987
94556,44629.185
88368,25046.593786439462
81005,56873.284147703875
79083,32595.265
95200,24302.4975
94374,24245.54911904762
94160,24204.178333333333
104549,14453.404018857644
85933,16840.64324730402
104848,21848.034868492945
104424,27889.1649988348
78183,16093.715
99280,22482.964237317225
97928,7188.273467741936
93122,15464.348356147597
107991,5241.851825396825
92468,28273.968898749798
97451,8863.443609618618
94463,17120.214349207625
77629,18807.201079637707
86008,12263.946488258112
106210,29333.81082442334
106181,14697.579334280303
87485,10753.621407501456
107645,10419.873698254256
100084,12768.363305852468
88201,10877.059158478138
86236,16625.810511158987
97090,15767.193317460315
83909,15972.60545021645
77686,29494.964440277025
85505,21316.818126755545
92046,26627.088703703703
76681,12932.617559119652
102648,8305.955588235294
104998,45137.42462346477
86349,10741.578711941458
77229,15142.629632018372
93379,19849.403741770915
84973,4224.96
80681,37823.245
97876,11175.947328488379
89330,10898.211039395157
106836,22720.06104166667
96449,10796.637492938127
88765,17328.20824679915
85710,7489.144763869349
104002,27234.997162877688
99224,7268.414832664973
96767,20714.20065316803
91035,32799.21664799369
91531,11818.765
95857,23858.735
81338,21697.046172038325
97921,13272.798333333332
94040,29675.791186332764
88240,13203.541831622837
104643,12969.498689263808
84702,8600.205445103657
79809,14577.516666666668
82171,15879.28875
102481,10739.237156232652
99514,9569.732014796959
76656,48033.93082635763
86176,13986.77938317037
85784,12282.65240445038
91529,25505.17176505243
96184,9707.250727550769
94982,25891.82936111111
89887,22227.715
91306,15871.818055502832
94801,18916.468916666665
84873,12816.427117415958
105262,19096.994699306313
78755,17946.44084104711
105378,20380.325
107314,25504.316744612417
88401,17494.6680880102
104523,11283.146759576004
95968,16399.41886335784
106940,16829.79124566223
85854,12945.493996950227
100090,15892.237600545774
94299,23861.605120681004
95815,45923.63928983055
83336,13977.881045430555
93357,10353.65
83671,11776.472797321065
95352,17393.703166666666
81447,12555.458560808684
82530,10208.133482949432
84072,7000.079553403007
79590,37008.08818181818
81072,17808.15222577909
100894,12920.304104545454
94501,25948.668172667203
98410,18359.66407770854
77356,33730.81738721467
89008,7647.469837964649
79270,67778.055
102768,10000.655295995612
104671,16317.550401761344
91482,29472.6175
93496,25314.04974387694
89699,7792.722981081775
93711,19082.47571742753
92768,23992.138
102118,10146.502
99410,6936.641747968497
101552,7912.495
105876,8907.197610807294
106386,25679.2325
94563,21606.098388432507
95860,15907.652508345502
83636,10745.375881498023
98837,6483.5407378716745
78724,9591.52
92579,26404.426750000002
82223,29137.51751848379
84289,9739.084090638476
77579,32316.55557233854
83896,7507.138449346406
87389,7587.775001600408
88139,8741.305157731691
106790,34791.62057387093
82260,33240.885
101627,9615.209212598425
81876,22157.39955147552
91029,19471.861922526175
84583,3356.605
108158,11551.702561599799
108203,14971.664365803812
98582,7775.1261342259395
107003,38921.36089635854
107777,27127.051492411072
90308,8703.782956550294
76799,16333.633343847612
101387,13749.004498755587
79964,19275.92558331479
91606,28150.371991281998
103952,14183.429361180375
88622,8613.982284863072
94559,47125.88
76143,16844.173012820513
94903,21541.210583333337
104486,18782.479732142856
87551,7195.325424439816
78063,48986.94777798323
102556,6139.487142857143
100052,10739.237156232652
107074,40001.31878804348
92069,25705.811428571425
107850,30034.323870913802
104540,13974.037991347132
96846,22446.986275250674
92391,24575.01011632335
84659,18564.786431818182
84117,17080.60815718568
79120,12688.387948824331
91389,13075.592083634872
84349,8829.746787493472
90954,45344.735
92695,14904.68637530769
107811,22848.983464114834
81971,19642.749023716402
83450,8450.135066803728
75976,26005.81426515151
102965,10508.72
90287,21443.647833333333
77605,45767.98422343371
91214,26366.31375
108303,15803.783934721847
94860,43891.39785714285
79366,17934.112384169883
106091,12447.892478521006
76439,35604.00363636364
87417,32758.978248874497
93478,14147.468016174555
107216,20136.60369284448
103764,16951.8578
86879,13676.430414560162
103625,14481.32043956044
76402,9588.615180451126
80311,19117.976428571426
80391,37176.865
100880,13066.628903679655
83171,6103.71560897436
88078,7776.436662125405
84318,17781.653054124166
93526,21948.18277777778
94190,16190.647407407407
97052,11996.715298874014
86101,9585.981505122378
87543,21320.919169645695
85029,10513.433870356796
83740,15273.271553398059
100089,6067.131079545456
98227,17183.74400218518
98248,8642.768976890757
107138,30170.155338001365
86854,10232.321982440739
102785,8076.704367189955
87839,12738.803067550505
93906,22362.767666666667
84661,17013.424707155587
87432,13594.45123108108
85654,18605.094924242425
90678,18182.115
95299,18563.760357142855
95236,28550.17
107608,30599.51429397156
87004,20113.150833333333
100566,10651.389564616371
80665,11389.979697686731
88010,7353.4026882394255
102663,12213.95900158171
85485,10727.36041252265
101269,10212.6025
104674,25309.449795522476
89263,17336.993444897
95420,19189.825
102691,6229.83
86663,7848.523228822595
106138,16389.642537500407
91571,23007.91356060606
93819,14509.941666666668
78571,20097.518050104114
94985,12296.805
93301,17790.97761545399
106718,11908.903395647385
86771,16275.316537263072
87704,7957.234046992481
79666,14791.618125
107584,17719.455408320235
84895,11166.77647440487
108408,9990.660699125963
98171,17939.18863034808
83310,10679.834134723884
86673,16438.977540650405
82853,14705.2425
105650,13071.039118183711
98670,16057.448414862907
85066,5063.00975
83794,6674.632998083152
80583,13078.808472816398
88130,15265.880254861959
98999,8958.688392878188
101330,11246.250986075509
94984,19072.010922731744
97990,7732.453333333334
86985,19517.602323854306
105865,20809.56955741649
108519,25675.431599417534
85264,17175.58324498296
99920,14490.972283400954
79757,25000.835
102991,11882.297216463565
82734,14909.482110574432
93798,24960.84349708064
78739,17680.89545641528
94102,25251.77
107720,15337.638559294941
104818,24119.05812789021
105035,6042.619166666667
78882,11979.513333333334
106768,9321.306999310655
104488,17818.75312735293
83401,19420.0375
96513,11998.244675983437
103742,7803.069583333334
85746,17150.248656223892
89503,7721.545850789558
86162,10116.411225965192
90081,11449.687878916146
87809,18399.987284183255
105903,13203.229813142587
91476,22883.72277777778
77323,22536.083666666666
79344,34670.140261857705
86967,11726.3625498325
87631,13398.851148274138
91478,21794.99386983243
87477,17406.053096387983
97456,27116.914262554026
91210,29274.565
88841,22088.96883498192
86262,14154.731674694749
98038,25009.687398324775
108461,16812.284166666668
95645,21683.097907876778
91233,19439.920869826696
81480,26907.637021491002
82671,17660.725535312973
105275,10896.366310163694
77852,17222.713346270688
90565,22392.577273948267
89172,10820.600301124316
102384,9402.9465
88944,8660.34437266422
80531,19176.211428571427
101795,8198.131428571429
90744,6087.966190476191
78179,32315.530142949556
94388,29114.521339285715
92546,18147.259588296194
84282,14481.417603021977
87078,17491.02848507884
93190,36253.93802380952
92014,14533.601
104501,25517.483482905984
79523,21935.217973575396
81096,20748.2001837636
78193,32993.36
94720,39267.83
97242,10279.302013604667
103784,11965.82587679273
100186,9310.098610386493
91494,14472.28388888889
98765,4992.496666666667
97370,20039.67033794163
76295,28823.23
105840,20246.937916666666
100641,7825.986426948053
97160,29350.78108905264
96440,22216.66892968467
84853,5921.032415050985
105223,9873.820688771038
105879,10830.002729607728
80347,30972.64994929457
84534,10162.485071013505
85045,10812.68404642793
99348,24537.64595577236
105487,18483.16208575248
101906,6480.30625
84905,11663.366474688162
105810,11516.172307692308
76346,11634.57751298701
104163,10116.85147546036
91997,22562.98
94182,18046.52130638408
98583,13291.708452380952
78048,21187.04961427549
91650,16428.584960037595
99045,24105.599161472026
90167,12924.756492798111
81936,6713.770431372549
97322,8817.607423114321
79506,16009.917205104503
101689,10522.578679263117
99677,5870.744956349206
104364,7827.581031746031
104493,20909.82023249883
85811,12106.002567585452
76088,19353.084625512383
107014,9937.405322590612
85517,13447.24818331532
100065,11633.786204715816
100700,9157.64218348696
100178,10282.89021536774
86072,20624.52392330218
89071,8379.817428571429
76027,11376.535
84394,11868.202676411292
97989,16300.983050000003
77527,11409.745876698935
89342,9942.48209575244
94118,21518.163301790704
94468,30500.249270621203
76061,20060.688935955524
85744,9326.405750902866
105185,8634.426899825474
79043,17917.421503538928
103948,10932.222376308313
98325,6776.776458338416
77056,17628.710973345314
85262,11075.2487412854
94885,28696.594769274565
92436,65972.53
105339,10055.358202283067
85288,7490.723565444557
92944,20533.817286757323
83145,15491.563420384566
87905,10766.651217123708
89188,11680.35190563398
90245,15354.109915966386
80370,17337.522307692307
92165,38893.07
91638,18803.952603666334
103657,11819.225352932981
81016,19677.047021103896
103792,17139.397043248584
94815,14649.489974721046
78957,9065.229323717947
83141,10785.04785117057
107365,12373.99363057012
95563,27280.325
76918,31185.547516518192
87215,13110.012220595172
108328,11738.700955135488
108027,19412.520646067416
79325,35369.35680365297
89545,13430.633999708942
103967,8364.495
77530,35195.18214285714
95330,37042.18
78671,3114.805
102103,9090.268053773434
80024,13935.575
89481,9824.305
89138,11030.897097655481
98762,6727.6797288686
86166,17792.591116018753
91396,14647.157856321232
94749,45032.648
95788,16981.75891666667
99730,12056.796928571428
102801,14259.083093931265
87208,11890.631666666664
83098,10465.237482471024
96015,26377.406035730583
107970,23735.197604559195
77471,32639.40346041924
85822,6674.917291666668
100518,9664.484971627066
97282,19205.759479166667
107193,8208.36091759156
104825,9240.062490315637
82687,30290.475419957304
83026,11672.395337047103
77470,11252.356658054132
79254,13402.169574225358
108020,5528.958462121212
99103,6291.296809523808
78665,27022.502043141634
86932,12720.505740357206
79269,17829.64182040465
92024,55066.913274467894
95652,29812.105931963826
96170,10245.847987912552
83586,15464.196961914316
100804,9649.710000000001
100758,13438.928804438903
107628,18446.17557526551
108337,10626.694383604488
83175,16401.342574938484
90838,6837.820855150698
102741,14897.424974439182
81263,14999.018325536419
97071,7344.168912330318
95004,16655.37
107019,16635.233605828485
95503,16588.82868627451
86249,13502.78310079308
106921,31473.49914285714
89972,21972.955331031306
77660,25549.51685855688
77328,28529.48789320073
98264,11606.466464546831
86800,15662.039507453797
76661,19514.493391582437
81734,33854.88
84741,11798.183762974188
89926,31605.20980483265
79502,13206.677720235422
96963,11789.31772439796
97855,28418.810834808763
86877,19543.94706759955
96814,23282.52773294076
94648,36125.5825
103104,7317.59
77999,23098.515260317712
77500,23365.0875
108189,11596.231533579925
107124,18108.350952380955
105320,15762.886236690183
84589,11525.734706081666
100502,4529.03
84272,19440.50171753247
90146,6093.675295454545
89016,11127.47587902661
92360,21020.51949189053
97341,14524.04135183357
99635,10704.937916666668
93758,22049.32933119893
104345,20745.35198054152
104346,12300.443256795224
103219,19489.271955128206
94240,14457.007071428572
100510,16397.59
97788,9858.295622895625
87877,20486.60341095233
83993,9286.759437206945
95268,29412.259564393942
90857,11973.780833333332
89897,18576.272559286946
103642,7959.647499999999
79712,27623.25527777778
84733,6615.311476129814
103510,9954.466726793473
82151,14269.503542834893
89275,6630.815563973064
97022,23362.180229585716
89964,7026.173333333334
103169,10660.529294871792
98586,11920.51923621892
78199,7877.94727365147
78507,21384.597942695334
88856,14684.211666666664
79309,19052.161638826492
85685,14378.036825757576
76527,12092.270916666668
81636,14222.378333333334
86638,12304.723809903762
106517,17602.254984495787
102023,13730.384697646512
91620,52203.195581756045
101886,7019.235833333332
84887,14100.428783976746
84751,9320.012818102423
92613,25028.725588235295
91825,24482.579532695898
101895,12293.69903846154
90560,18071.53652968503
105545,8844.192888613039
78700,19266.6541403198
82886,19464.68
105649,10795.205675925925
77577,19632.39159798535
98003,21945.175181333645
80537,27272.565172875962
87387,13662.099771179797
97626,6502.06554781266
92948,28937.206725352113
104000,10688.635795414697
78385,19917.46214189153
103301,9843.21308381062
100102,7254.911666666666
91401,15324.550895744918
105726,9939.289019752583
108002,10182.09360544786
96055,9177.924809502436
86533,21370.985
84966,14494.805912290185
82750,9345.859455177342
84780,17325.330723315947
99760,9694.01349462393
96353,27074.111320812783
90252,19267.337093028662
92114,21321.86666666667
85641,11126.170875998281
78846,29939.60139784946
97479,27159.080061582335
100657,5806.381761904761
92553,19846.04784913004
87684,8137.478000315608
76579,20312.939172953236
104441,7765.289898680955
102915,12119.434910868737
98255,10547.85197310108
84716,10844.048605994922
85426,10809.295027582131
76829,18260.32333763182
77899,37461.675
93875,17439.925
94170,35038.51256384016
96206,18741.83263017144
82777,14604.602238847168
99399,8412.630517357224
76017,23648.250636622794
78785,15704.6666302214
104195,7667.931400665083
100767,10627.878000646937
93500,16377.83482745095
103248,6855.729625
101828,7883.504296313006
93209,24253.845
96665,6128.80900915751
94208,20726.295234308724
81789,46227.061336777064
92578,20005.555
84750,13702.078205462263
107543,16771.771181618926
83294,15477.506692356306
82408,9692.843005952382
104836,26764.30144017194
87366,8963.178940466112
100488,7966.628333333332
87296,16476.38831959805
99820,6828.03616724974
103856,8989.122817859494
80536,22861.490470238095
95407,21786.139182026138
78024,21542.14183825757
88166,17132.160352342522
79046,13504.746027037998
100829,8482.016759753564
99250,9609.396666666667
107164,7707.551666666667
83857,8596.712019445922
90031,25839.69833333333
97531,29794.75617138266
78237,17663.43853138933
77205,19980.514010204166
84796,17381.531579004328
79769,18829.427089713674
79899,13137.132304145538
81570,27875.591332309516
96209,8384.247771798453
108012,12516.255540736147
83784,11465.58282886372
95293,28813.56233580513
107894,9305.858078895359
90118,8342.29037037037
81548,14911.22483251278
91246,12957.71
106066,30018.6812233161
76349,55021.07041877196
84792,10897.753556697557
94792,19556.338207659832
98772,9909.33042857143
81023,30484.78
92760,15189.30832006178
81049,30848.501466847676
103697,7152.83
82248,30557.36931382512
85475,27654.985714285714
80927,27267.961883488006
93520,21600.23163512404
103034,8167.49
88006,15531.290880019587
80697,16988.22492367962
89565,18491.185
106983,15918.836975006783
76042,21568.63867231352
95214,23063.554881814904
77712,16736.197355513832
102226,7793.600025058241
106128,30783.843787633126
94347,42420.82
84176,11265.755050208412
92633,35107.99864832536
89147,11586.636708889775
76200,18907.60294117647
91972,26161.54503267974
95624,15935.374563492061
88237,13304.654706942183
90626,18492.055
79402,29638.483731554144
92751,17210.474443885836
93494,27518.03833333333
77785,32519.8820863826
108502,10563.657819160122
76356,11014.2875
90256,9141.194
76286,17915.966605844154
98835,24499.97714991126
78799,27409.40008135666
99864,13315.417751514478
89317,21679.71188342837
81235,36084.26
82980,9044.562732417455
79032,13312.338334272908
94549,17527.005153036826
86872,10451.640660355339
101730,14538.800508102258
82684,11471.27246275114
99516,11618.27850442092
80017,7203.1
99863,13055.482708333333
92792,33199.57
100593,10620.187064730946
86135,6603.442518311151
78870,10505.300388888889
107586,23606.58625
83757,14149.810480479951
92765,22521.02083745095
84890,9656.73249932321
108290,14180.386245729076
82893,27628.55
89660,8721.572467153695
105543,12073.31990773525
106368,11922.1684375
81799,34454.425
102757,5687.057949775457
87520,7965.88878844562
85172,7842.398339592487
76593,15960.40180443978
99431,9242.9675
104403,18330.508122375162
102932,10106.55
81998,13446.270612507307
81391,8201.97
108151,12929.110017502378
100164,15809.928304230469
77950,38099.0
100416,10851.97
108237,13177.251845456438
93464,19949.142650489175
83899,11672.600666666667
107184,16409.38375210173
78001,33300.92
98816,6761.602911985018
98737,22480.634903181613
105432,20035.47012820513
99160,6567.625
99195,2099.645
90337,9595.031052631579
85546,17109.644603625926
107128,19003.46213100181
93327,32036.49815621822
81501,28871.550458029564
78485,15406.833377192983
98491,21679.949391579936
91265,23839.96363630668
97185,14221.742254574767
95708,18533.35
92269,22112.767345849737
90122,13720.501662158698
84219,10740.232288444697
95920,18748.27375
82679,12538.285059847758
105174,14748.013306791128
90879,12002.71
77507,40197.02
88757,13534.462755977462
101256,8538.022568593395
83426,18136.76891682364
76075,33188.135
76871,16806.855
77695,37754.814
103555,10837.522209952092
94893,22170.312499083393
95836,15978.89
92061,13085.004145700914
79710,10847.455
93899,12645.65434261696
83299,9722.436394487648
95620,33661.80767530212
104279,19524.432900221796
83705,17445.024735648396
95472,33598.7
106260,16468.838963903057
76886,15394.306428571428
97248,12149.203887001078
80660,14844.465
101333,11434.486955462682
89360,7006.644938186813
85450,7799.37334980243
88836,15810.759599246623
77416,25568.3485633963
79577,22120.30736111111
98503,7442.667758022031
76778,13728.865592489685
93681,14910.409167036936
98418,6514.1987191290855
98615,10408.946447368422
91857,30325.33
85059,9654.185627373312
84064,14497.977175595233
83511,10500.085427701706
87961,11665.340459149455
89756,8244.21
106904,12272.685580559531
78218,26272.425700093714
91503,23004.875
77126,9849.522473484849
97801,8740.239651901204
87474,13332.579969690072
77057,24034.357666666667
79478,23507.448088729558
90041,16789.534102393867
83374,14608.344384268215
102094,10910.017804602012
103780,20640.59124609944
105079,7675.838860577488
80462,27980.245
101705,12262.523620196991
105756,24909.300008094633
88993,10520.120643960148
89593,9320.97
86338,18548.795000000002
77853,22419.797761763326
92077,29364.554009864667
102494,8561.348373694207
92534,38116.425
78971,27981.65779063796
84687,18589.85691792929
88376,10738.73158130618
105707,14603.52909690601
80939,23664.818
82258,20240.325466011
104917,8919.626780303031
95086,18991.657086498883
79275,15527.11143452381
104721,10844.257046564548
107939,19608.04361111111
106703,10001.120374185093
107820,12696.022937063808
79947,20225.935489328265
89961,11751.6825
106451,9631.82807205514
98821,11985.543578983965
77748,33317.405
104802,25523.044308888773
81481,46571.367069174594
93544,17899.356847826086
89611,13826.354295387764
79850,32890.9768190929
81466,26888.173971759854
90668,7295.461167183321
89743,16170.906921165964
106672,24672.96833333333
76030,16702.626397058822
97231,6462.118784722223
93484,31363.041645545374
81393,12741.720050155935
94369,16309.5125
93507,33782.2
100752,8021.526040815944
95565,24831.29
98749,14730.761105207046
99634,12535.96041691619
86127,7757.749478932233
101842,15291.225
108481,10647.258037320853
82863,11785.147559074649
90043,9652.651824854982
76857,36564.60253857472
83241,10588.043650365824
103197,8982.492648809523
95458,13951.782869497472
76515,9035.722083333334
84987,12757.877932184674
80199,18611.01795238095
77835,22714.546856270255
80809,15656.46925380953
77245,24199.628019229625
104828,15153.99442110886
107338,8126.135
78811,35874.595
76708,34632.406337719294
88559,12614.801994047619
99380,4607.87
89411,7332.979218398752
94532,25582.192166223802
88046,5906.713075757576
99155,11530.498943584727
80986,14194.529067370655
96122,24618.774843833064
78618,18927.99448448487
98205,4497.695
98995,25500.1490033919
102432,9685.966438144458
78709,12014.432162162164
93586,22006.703586721098
98147,8999.81141727335
95468,33943.281940489265
95425,16190.704230769232
89106,10422.76234952346
85764,9854.985368335934
87674,10986.745465668952
106365,36836.25418548388
106263,7503.280129606395
97423,14966.791837037035
86855,15501.725439189624
101637,8084.71115080022
100129,7528.855597018022
89346,11171.417002923976
80037,7995.229848484847
87439,7978.499166666667
76329,56319.417769962434
101234,15644.518791666667
93715,28107.021087537967
96728,20649.44151668875
88023,14767.66641029209
100289,14626.486779995563
93685,11572.95
97301,13076.15
100588,10551.97311685304
78240,17597.03857070707
91194,33886.92
78088,20581.85630869504
103811,10074.170709952092
79852,18521.926684217226
77718,18051.975
99968,6785.180606565656
82937,14158.318109370122
106774,18145.940605470452
85107,9966.82989826723
77329,25374.430523348976
106498,14240.159051759105
80946,21240.962097346986
89630,21501.05541436464
105995,26087.77565971705
79926,48449.22937795556
93982,14557.122895989974
95152,41600.1
102460,14545.32
86797,18196.759458333334
98696,13670.76
87491,23757.95
93185,26548.32
90910,18832.3775
102510,6432.787152777778
99707,12852.1412708976
106468,9713.571081212025
97505,14471.149549851189
85240,17299.540459789216
89795,25086.469560308968
78677,16541.335420376254
94311,21420.0828966644
79406,31771.594742869704
85528,24471.075
95656,17188.948032573386
102783,12489.91000514431
76191,27227.477962765624
96193,13371.170141364135
108352,20304.065
94226,22859.83641930109
94472,21472.832637996944
78628,8217.785
96861,16184.021024114012
89698,14673.661586982338
89021,16219.135
98919,11825.513595238093
107511,28470.748939145436
104317,13217.66962657097
105587,16881.020356656205
89244,13937.253643179276
108221,44441.891124999995
104558,20285.677736842106
99691,11842.861543640181
81153,21164.088
83019,12762.475168186307
84699,8046.537035680703
92354,46460.56400369499
77258,34829.9925
81991,13603.505843768346
99191,15482.687191246712
80072,19072.443922494174
97195,26941.97765404293
83104,16412.54655339806
104712,11859.539456116012
100443,11376.752052631578
93443,29206.07369408736
85543,15236.1725
82977,17261.511756527838
92597,29229.30543459857
89182,17054.036770951927
89737,9786.8135
103093,13201.599191140353
103417,6395.012640177176
78550,13095.835099094147
93081,32671.71
80992,13194.98251671045
83725,11047.905385626296
90755,13597.375923759519
89727,24856.175
82723,13942.921785948147
85046,7450.506930536017
105507,20557.921723056985
102497,12637.71398588902
86897,9679.313831755278
81522,13127.115036377416
106201,22136.742678571427
87615,10970.834346662758
84646,10675.107819580991
104296,26096.135
84433,5993.49826923077
101470,10399.52408991975
76641,22615.6
88265,9122.247616625076
101728,12803.831635220125
83541,9737.13808947761
93807,32512.603333333336
83873,10687.57738788997
76785,38182.36872222222
83629,10551.056296450226
87576,18045.21890277778
93395,16576.40385030529
95537,19157.03904101432
89598,7047.633640271483
78074,33943.40712019082
102980,8954.28
104929,16425.39391367381
97395,13295.193126875025
106751,21704.202008126293
101628,15776.135552161077
103613,12614.15
103641,12317.334258322087
95834,19205.495
101797,2046.695
80042,22178.05520358456
81608,19248.16520769921
86535,14489.061639086818
98235,22601.84118176167
94784,17261.328869826
79342,12569.881751373625
97906,18619.60910555777
84622,12768.351212297634
85948,19646.925833333335
88274,11844.031452144876
92480,21034.83572218745
86378,17662.985578648808
107558,11923.439405456773
88531,14033.493963536415
103681,13160.55317522011
103559,7548.502628654972
102821,12323.517096733696
77372,30068.123665832045
108078,10473.997382182486
96014,10159.590865384615
91072,17554.906386363637
78981,15243.918653622968
85860,5958.04
91538,19039.62
100904,15308.295309117844
83903,10923.663281589577
89075,14282.215135221726
87210,4649.806547619048
95405,17149.566634615385
101957,13045.62750832665
91384,23470.281666666666
91816,21711.17758644203
93271,19711.612430334968
106951,17662.59575
77457,14887.8871227587
99216,10033.913321140652
106683,7870.957368421053
79593,14060.15891307689
92575,15751.814812846116
106332,21077.370261330172
99751,13415.587445429412
97844,18983.621420274172
90776,11086.8875
107788,30222.210799891254
97552,9085.297049379133
85396,9116.913685863707
90072,8020.7270778155835
104380,9843.188837880189
108171,14824.768869795545
82534,15959.590048864558
77917,24117.2026224617
76212,16278.717570449564
77975,16843.027906537493
96718,26879.84089829749
101250,8280.12880357143
102875,19093.365
97385,9225.678951309292
93943,21142.45154676843
76389,18181.545090978332
104653,18756.365344781832
85000,11247.836289801584
100844,6019.0575
94384,46171.56733333333
91625,19952.18112485931
92124,24910.4862852458
100983,11883.108876515773
97669,23029.03941537064
76674,19614.9750451932
104012,19473.057756410257
100742,12235.121805649864
97937,8753.51
99509,24659.89717051595
99834,8609.188333333334
104037,15035.233407548227
96369,15540.331295228527
86125,9921.806978748788
102999,5187.8804955354035
85473,11290.756132820703
90508,8674.103745251614
105281,30963.41981187555
90368,10788.578958333332
84029,10465.37355050505
88603,10751.638394115906
102423,7158.295
105253,21984.833105880236
76230,18048.775211525146
100316,10905.121949999999
102553,10565.377489177488
76308,44914.698
101348,11189.418059757854
105689,27052.305
78347,22921.76727054097
88127,18436.405787596465
97320,12293.898582579299
98421,15847.675
87422,11637.944933623734
90886,6644.338330882353
82580,7600.890046658014
106420,9732.153564560438
80218,13466.00162181021
77197,8407.8075
81116,14321.687924426142
103847,9988.15842105263
76611,25218.04515768536
80677,14656.33623105201
91546,15427.197102655231
83706,10944.269241789158
83288,10167.355186774592
83664,9976.939756569205
81103,31522.46142290464
104136,19013.981322963686
79754,26026.01047296015
80794,28846.637703652472
90027,7723.647745421246
99186,11538.909213947989
79957,11744.218636363637
83420,14009.711666666668
106971,10918.764933883003
88929,13344.659878657614
79354,17770.317330727372
104624,19282.966
103631,2469.4016666666666
106329,13600.680636312605
94466,23051.5675
79495,13815.83
92262,15409.63438410301
103626,11176.829458599012
102620,9330.013368748861
103026,11368.384097282456
95440,25710.681
90675,8149.724513779885
92169,20011.890341065675
85598,8742.944488777443
93980,15161.187839419475
89884,8227.46099788838
100361,10331.015833333333
95314,19312.521937894522
102984,12864.928663101604
97290,30776.48665964649
88702,8287.833801587301
79250,22888.83456870252
101218,12548.970141906508
85994,15668.297017667832
91181,18950.367
105974,10167.183783914728
92222,26406.031783185204
91691,29325.31
103472,7685.622235380383
90116,11653.151738145352
94185,17244.497760843482
95705,26851.405703703706
92442,8397.015
83759,11120.453216023483
106311,26512.018472778316
108531,16169.52157462097
88487,7624.574320467537
88956,11330.913387916384
80477,22947.749714638292
95422,12791.8
77410,10825.688487878786
91873,24510.173576206405
95274,22286.19
90023,8754.048915309393
77204,15397.963563816736
76504,20374.365059887044
105902,4972.407170454546
81820,14455.26323587054
89405,9572.00900164397
92206,15586.998988891202
79328,19045.473546759516
94971,18955.16305394284
91185,46622.86175926303
103332,11849.751546000927
105983,17348.0541930172
81775,20319.9517770096
81946,22409.027312104685
97846,24814.72760731699
103884,10363.741071428572
105182,8998.689845624584
76148,25367.639447995996
99255,19939.150486842103
87785,10934.400601508423
78903,13168.10328546627
94578,23003.321197624886
107853,12788.874078647314
76717,28077.835
99052,9542.92
82390,32977.48207799366
83676,8696.775943802739
87748,19721.94623701106
95443,28242.699166666665
94430,16312.149373113612
83886,17930.525721153845
78492,13025.792113106922
97540,12802.193702380951
103167,16405.474741935483
82621,11110.971476475992
88729,23295.71
97779,8956.008969138793
87179,8251.889219303037
83693,10811.36505931569
83068,16120.474092598579
87978,11992.76061618506
77547,12339.292878785203
104135,9952.055840962359
91838,20520.400856462387
81044,17326.525351116135
82100,31825.561464170674
79196,12394.863395337301
103420,9001.098521318541
84430,12514.545260543462
95116,27611.742927253963
88758,9842.457001698043
102600,14965.435
97943,23203.29766666667
82923,18085.417563213614
84173,18078.304628280104
91455,25754.365158730157
104107,13926.357789719113
84031,7545.0795
103307,4831.720499999999
103516,13747.805251438347
94534,14230.64
89498,18855.37453557989
78100,7526.52
86728,10107.52148865689
89787,21096.835456492343
99604,6961.926470190719
87920,12697.103404655805
95679,29021.753208273607
106342,11055.637504557337
105013,9245.45903822981
94526,24101.81
79217,14415.849917784706
105206,21841.041150866688
80930,14536.501467275759
101748,9164.62
108486,11996.403772465546
93949,31496.221949490206
99658,24598.8492270205
97561,17996.137510673
101617,7921.270235040501
81330,50246.195
101771,7626.69323315083
97270,6259.850950943149
101595,14156.243558192013
98215,10740.645386541455
84007,13438.541860945486
92680,20898.83
78992,16162.881817255175
107596,22020.249442162934
77206,13912.136777349953
82743,11587.013384972111
83701,18171.3975
99165,16807.1534375
94432,20071.875
86548,13087.614972274367
76397,20694.831396236026
100070,6442.980297619048
103513,8483.551214285713
80091,20058.585
76782,20179.691388661784
100886,11073.775303224907
103951,7806.8211955407905
87351,16717.982797643097
85974,17625.34524908487
79314,22821.368593846615
102475,12452.163618503038
101614,7565.073101402593
99033,9476.036756172856
97666,13228.173477339897
99253,10372.100860428858
91658,21873.25530728546
82007,18925.711094506878
76687,48640.465
83921,12497.796903868952
92186,23564.02
85865,14035.931050743375
78521,9093.34
77902,14664.881762110594
101697,13725.634376302442
98102,10390.687672916136
88037,10622.051466728566
87226,5655.350583333334
107492,9751.299105263159
100723,8663.859016753868
78581,14109.374637283076
104777,9107.44503619845
95606,14163.609166808577
101145,7580.71420159949
98544,11490.419603971488
96417,23488.46629497126
102714,11528.989574231326
85830,12130.26
80541,26271.49303248495
88142,13961.56590719895
95553,29959.93446889663
107711,9892.695
82572,11079.80709988629
77820,55204.154958167725
94456,17251.74525
90433,5618.813275232699
78161,28410.394165655245
98322,37082.962
101884,9191.381812026908
98723,8910.953205840686
100828,9583.689903896377
100612,13084.864004787698
78754,16424.926449635892
95053,46340.255
87293,10454.874013238754
83679,16249.06964153664
102810,6806.5261666666665
103021,16166.74875
90497,14883.688134057971
106798,13457.62497487352
96234,12973.635993043215
97962,7421.17
81585,10953.63146578282
101255,8300.375380025904
95824,16693.010395449895
97053,13434.199642857144
106657,23590.08644823639
107453,18472.294547821955
77979,12852.120470125536
93717,18647.199416974254
100424,9330.432464343941
105579,27474.18351252311
85608,21928.58057262604
107878,24850.315416666668
83229,15319.519934386446
95478,27676.859724861304
104405,22305.704553744275
86681,7350.507260391588
81901,18989.786467863763
77806,13548.476073179272
102650,10004.924301526524
80845,23424.029609929083
77445,14947.275446969694
79206,31561.8275
105219,17835.408539036827
82665,3248.39
79532,29252.653840513867
98125,6502.292960393063
77147,19016.29468356643
84836,9876.14137444855
105376,17657.93235009543
77343,31282.705555555556
108114,15334.830891892
94994,11917.18
88610,6025.037183284917
99609,7299.157361415117
107243,21686.426176855424
98829,13572.58
85362,15698.70286594203
87409,11123.43714289303
95322,24393.73941988234
86185,10993.715679837582
81792,32784.160534281094
84113,11145.854064447978
86139,16403.905663879053
84719,14987.832207317073
85120,14755.53295945309
101693,4873.845499999999
77413,20255.716366197837
77179,17845.26133654712
91580,56381.69703159042
84116,11879.39789468415
93025,48719.0
105224,8494.87811904762
102854,12068.867217261904
76237,22680.25014970095
105595,21722.96669197838
80155,34957.536555555555
92056,29801.135
103229,15492.706976574591
98783,11364.853359963876
106357,10063.30902253442
92305,30343.048333333336
96312,8967.034305555555
86890,8223.511126006304
93354,13473.24213526463
86898,15187.713185884984
76058,16840.442075375606
90555,8775.849526722572
107136,10556.616666666665
107052,29197.09627566235
76384,46269.16
101670,13962.00648037467
102438,11055.302809374532
81063,18398.696857712668
88254,11161.055233333334
87041,10071.503464151678
84909,8434.748137680524
79053,18937.460295340927
88187,10336.835
85814,12093.379567922468
106396,19180.119297877558
90460,16127.164147042853
79261,16762.961359630957
105167,14453.036329365079
84047,17905.11441284645
96771,12556.96420563341
91074,69470.25
92357,25940.351151967057
99588,8835.908825205977
78138,31660.143457612634
94328,17440.997122892215
92019,13110.483333333332
77557,24198.159002462347
83024,16448.25535602539
94888,13834.537073529411
94193,29445.96746331405
97909,18883.65203071254
79111,41215.176946428575
97936,13967.20299868727
95276,38245.1425
107815,18001.944691368888
92806,19957.67
91317,20618.846033756607
89507,21348.38409698026
97462,17521.06625800322
93693,16842.10420075983
81331,27594.527192184025
77260,48690.21814685901
105287,20832.267383512546
86064,5189.125757575757
94906,28780.59375
94965,17945.834166666667
105863,8242.94017995691
96962,12601.187312459124
82573,15791.749947916665
83271,9729.610352842808
94624,10334.435
105014,22462.978107790663
99965,10660.529294871792
98009,11911.924428571429
108442,10015.784007936507
78211,31899.40373287591
87609,4406.16
95639,15091.742218581378
83389,12375.65089497356
84086,16271.879062037133
105956,10847.457781746034
108384,5578.921210127592
99053,9682.0
85503,11510.213592436974
100879,5882.73144736842
102238,16639.794824470897
107311,18875.02037404617
90740,8439.959027469096
96463,30194.508074481655
96521,27369.85485684902
100020,8259.232833333333
86048,15878.868665803224
90310,16038.063153846155
95810,12969.343078231292
106809,6891.5623012820515
90420,14739.271965439688
77189,23407.837626373628
103940,11561.252438822401
99054,20606.09356207037
86669,16125.316170877022
108226,8581.012672619048
107731,16273.388411459986
102410,7232.00929906542
107012,10021.041666666668
85117,6266.149369392919
89298,8694.220855511232
80880,17995.80753030303
86954,17254.616547728572
100029,19315.531425925925
98943,11963.279010673237
81089,31080.05472222222
89148,11125.75460816144
98024,9773.27
84621,16430.627397724704
98748,21500.4390212283
106824,19311.79437497124
106049,21474.55102331002
108266,17023.13586824345
98763,4953.648621794872
100238,9999.384503209467
107279,10804.964171817874
78188,49498.06986695537
90443,14433.318065572455
95384,2730.695
98928,22605.468958202804
83992,8611.508367969363
94914,18250.710987079667
92340,14968.48403406317
77677,12516.161386660724
90840,16393.138153846154
106434,34728.068052928924
83736,17264.607833153466
90022,12539.842639200599
87633,2561.17
101312,14712.892079887773
92614,26146.648715473086
79410,11371.90204864532
83220,10058.188918097261
96064,10608.223030303032
96470,10070.37228989502
77247,9439.083333333334
102732,17809.024333333335
92569,21521.676739130435
103467,12487.120927661108
102976,8244.919716724859
87220,18716.09388210269
82183,15817.317769230769
88173,11720.742295972632
94227,22336.65863215035
83048,16145.598613565968
85320,16678.56660625144
90217,15666.195
97112,14089.67235464015
78246,10322.241073306595
82000,22924.925261849156
79672,12065.468917554246
93499,20628.124646672804
103355,7420.01
93334,29474.498278523995
77302,13326.044809523806
87100,15267.551817073172
92568,38753.49575
102148,7704.465844350313
81098,23358.061545683853
77544,32059.850794316437
92644,30956.18430337032
95996,26221.005
79138,14224.166661092597
97082,30066.5891903271
85843,8631.995305043822
103831,11289.026431242726
78047,28286.46820014837
99184,13007.15
83023,8140.846625
100629,6380.273809523809
106087,15662.64533496239
87161,13396.427342131092
97572,10480.63230881855
86106,18933.737814009663
90163,22376.8535
95623,46135.17444444445
104349,14637.103809317716
84422,9111.45814946554
107061,10525.623990148379
78175,35436.86611111111
87468,12875.635641307585
87136,12903.400285563657
84238,9645.208989678182
85432,11228.769210066075
85363,19417.265827726555
105017,11153.951200466201
80633,28334.119791937537
82273,29183.768836957042
76668,22860.172421845935
100970,13097.709198709535
104985,10747.250715724957
76457,18000.750793777454
102241,8447.195
90884,8902.310263715899
79706,24571.924133751574
92608,19596.970192307694
86284,10780.031325634754
103990,10340.292046512786
106152,17346.306
97553,19347.685
106477,8876.140851420849
78423,24342.18
82766,17788.6263803354
77477,48934.72692243827
97680,11754.932601586836
96346,13512.869456927168
104141,17677.710202474234
80807,24447.772339480696
100442,11130.229756337236
107029,17863.815625
90213,6492.293927457088
88434,20063.37977284956
96441,9780.51089525961
80102,15092.016257323101
105520,29914.99846574757
78279,31238.104576156536
95023,9171.68
76739,19838.1517984248
76776,31798.867693262207
89754,22956.018044611883
92585,16141.158126534663
83197,8895.288584767575
99947,13423.002434518703
108399,13262.088779966645
99140,8089.085907410972
91454,10722.24
104130,6130.203950330919
108320,13468.381501856504
93440,30356.483333333334
105567,15958.10560573822
89460,8259.181097238845
79662,26682.206369573123
88491,15038.783373983737
77034,16695.567916666667
90404,18239.990318242788
76014,12192.26861111111
104971,10002.359272015085
92516,14217.864432971015
86856,8991.037848501257
90648,18393.61
97201,10731.494231420169
79186,21560.0433015873
98204,9196.779667538482
82568,27999.26
97595,7415.4684090909095
101703,10341.233416882817
84202,9687.131291005053
97310,7256.395502923976
105498,14027.242925970228
78896,36447.3565530303
106029,16295.008629952963
90047,13962.851666310733
83277,19445.74756945662
103503,12437.973612960004
104327,19147.034397055275
78026,31989.815
80909,21999.969799311388
85733,8658.93119047619
103986,14255.844264705882
103236,15616.803236713933
94181,27102.14
78518,20692.865625
88239,8546.701743986407
94503,48807.485
76074,14831.94184072872
94424,20263.542983870968
97663,18542.542
82357,21697.887199458793
92631,27009.115
95482,50957.36719570875
90697,16271.886197130136
78798,19883.802821731486
103348,13876.577139898503
83659,11129.044248423557
91108,14425.44
77916,12872.764523809525
106086,16983.445
81928,21398.23794117647
108406,10186.161363636364
89731,15278.303984894843
106178,13487.604561246011
107719,23107.19488194444
90633,17443.25
100003,3450.66
98978,12254.204393635298
88009,15821.221503623188
96631,13908.836137152775
93628,19926.201873172515
87288,10678.218701177017
82057,27116.466597603383
82925,15424.323218384183
100038,10717.983333333332
78420,15883.245408410316
96271,9336.060034394774
97966,16729.865
96110,9092.097
80393,14895.8
78706,18620.773405982905
107484,17073.584155536984
103084,10345.197367213303
99792,6857.800553316817
93476,35204.40424074074
88975,10192.77526564292
83981,14281.212427673068
79492,15997.124343757376
76802,31250.245358292996
83781,6192.795585923945
95719,28187.681537700046
106177,25350.38948255594
80626,28416.628845464824
76158,13674.55375
91434,19437.574716641015
80463,25161.395
86263,15393.320902235859
107666,22544.368585909702
94262,22744.903264537683
103501,12967.786313448556
89996,15652.149281888027
87306,9109.130021931658
82265,14375.711311858075
106825,15769.916114486503
98851,17802.315
80547,27886.820424061356
100440,11306.055416666664
103194,12140.958130624844
90394,32346.782201233433
86111,6600.714246161146
88528,19991.4200625
86857,10065.889452010462
78099,7980.0
92331,19246.361843544277
96016,19537.3947861824
91750,28146.351790322577
92459,22162.65048393752
107321,24030.790833333336
87091,9816.945717532468
97925,3511.985
81737,15122.95528710124
99093,9500.119225146198
99531,11384.927672062744
84423,11358.639972872012
76406,22281.103203674298
107350,20260.79537026862
76326,49223.091670622816
84338,24866.340986910727
76577,24886.090046499026
95385,13880.2876388206
90391,18591.458307692305
107624,24864.97875
99241,6473.550590463457
80248,20955.641626714958
85295,16054.10992268271
96343,9764.133779099613
80926,12107.550298600705
94027,21674.56
79544,20364.41162640748
84425,10691.63539988181
105264,11784.112466835333
82643,7774.326999999999
93474,13882.137738095238
107072,9103.937104166667
83519,4116.13
85962,16726.782978700925
96932,30427.657724113273
100759,10617.532643681154
107022,6779.71
77012,35469.215
100651,9362.96123841674
89430,19016.3575
88981,15659.873958798826
95740,24039.509357497118
101954,14259.407481489097
103408,6276.45
81304,10398.40698939949
108421,22639.269114267678
93532,20447.10748251932
101576,13916.445285925249
79931,19309.728758320358
108176,10501.09624702381
84455,17971.739514233956
106797,30427.25125
76513,19352.920371915498
89674,16196.139603838255
77722,20084.708441291135
84754,19408.511671097956
106492,10640.566001475472
99242,8273.15
107569,11679.596055555554
94320,18522.252151862183
82637,10565.157448300366
96550,15926.95
105480,18970.61212984191
100624,7507.887951801764
89114,11736.409796597007
100866,7456.215
81896,15796.596650130017
102689,17021.967443548387
97911,11866.918168173821
97099,6746.348555555555
92071,22307.755105810236
95849,44935.145
102903,10781.750689627985
103725,14922.479514065844
101176,12410.811582180939
103887,10440.142432005494
80921,28183.141161849886
92266,20747.580714285712
106467,7948.180064102564
92139,24993.255
106826,29519.231511028087
88193,13110.707162661674
106211,14289.064886363638
88612,16066.861564783603
89179,16361.272165839546
80004,25344.9475
98225,9560.067571303596
99856,21426.746669417094
87150,24140.965646001638
94786,28967.41731369971
98471,18579.250692307694
103319,14145.852550875352
89393,7886.681527204287
85789,15715.469375
97761,20384.562442369614
101800,11960.784524157292
91588,29075.812083687022
76096,10219.46611111111
77378,20902.862169312168
105010,17054.88641275733
93587,29879.466696088402
90171,9602.690457841045
90438,7665.271421966747
91148,17738.63
91323,25781.45
98577,9439.678333333333
77741,15737.345529156588
87789,16110.63
94742,30425.134468144344
78295,7198.586666666667
104797,6478.3872543688785
77425,10732.537314814814
96208,18289.042099103244
100731,10268.721951395199
93163,33881.090375708845
85915,8913.93645385604
89993,13180.169741888114
99626,25107.88427990656
78228,21848.106927931854
78779,11830.02429053387
78654,18356.655833333334
82947,19970.56908036698
99479,5699.63011904762
90585,15221.812617876885
79933,22329.986376884863
79287,23283.00431887152
92899,27714.502037037033
93755,28300.279166666664
92117,30987.945
102417,12608.806831393873
106587,28517.3895
108201,44851.01125
88442,7075.59251150845
82673,10392.894571459665
104223,11090.08004036296
86036,5259.275
93425,25205.543851270762
96693,10924.214219965368
82050,36264.4051369863
99460,7458.605510026774
81829,33252.46372549019
83925,13668.335415013318
94041,30964.52
82035,14373.850887652494
107368,9007.335
105591,22141.869404761906
107782,9290.01566222869
96340,13955.83
97566,9715.149308319322
91719,14058.299880162594
79210,16640.446222222225
89898,9719.584649523702
106642,13223.651232142858
93485,19176.440935672515
98774,11471.54802857143
90967,20045.204026304396
89550,17538.244816176473
99247,9278.163116445176
99897,6790.684166666668
91394,23660.316341871905
88135,5714.0890626566415
84111,16875.305448207775
91479,27113.069703703703
82622,7627.624553451581
104106,28703.937420152663
77050,30338.87403028266
105631,10355.41625
86427,6679.921019230769
93552,46527.64
81830,38204.5151369863
82034,19703.832399193514
105857,20368.180333333334
91623,19498.264114200592
87886,16750.091002928348
78123,2527.63
101951,8788.670527102826
97543,10883.564985462204
79462,46772.266598902635
90234,3310.135
81860,22423.56277000777
87045,5669.208146270397
107162,13437.092083333335
90414,14882.156113978093
78353,28064.769868889023
90940,22115.742295454544
104123,25906.748464475433
88330,9828.594859932095
84769,7905.402272727273
108396,20777.660040723167
89556,8691.16
91348,12167.255
107687,17354.727692307693
90777,17106.015
104801,21985.75953796654
82951,11344.346872810193
106440,19429.45366719521
83562,9071.676305564564
95283,19667.637857142858
84042,9267.099577372026
97883,11506.470141660628
101997,8358.19955149938
82566,10094.160416758139
87497,11986.57829388531
79697,13199.42721312261
85723,18772.02765873016
103511,13112.75890724685
101075,15682.411093412624
108424,11116.616669822277
102011,14016.78655239436
90054,13732.426149082568
105933,16459.195615903245
83807,15268.434854166666
77338,29159.883002545834
96060,7501.6149953077975
103133,10320.584
76548,17570.679838729808
79177,23345.105
88937,17861.161351410934
105216,9803.410637877076
80415,12878.98765202748
89404,4897.365
99503,12193.171666666667
102640,16026.807776852685
108003,30925.37391697205
78038,12345.640845316942
96267,23681.26581975217
106361,26624.10990924535
90046,5768.324523809524
81034,21953.680675403226
77832,21833.558030334352
76482,11630.516244192766
103687,8278.16
104148,16108.481871093863
96008,9345.69187363133
77464,29603.272373564676
83612,16976.358857469677
88727,16781.866259623377
92881,19434.504123000876
78787,36149.5175
92593,16425.40896894611
93216,14113.949722222222
108447,8671.305559591874
91746,29583.08250314938
78670,17006.037033730157
93142,28133.85
103515,11450.761163245528
101254,13392.117566707908
103532,11786.508495683796
95650,22330.75471977536
100251,14625.737964480873
82597,9872.628172879147
83045,8029.938425290254
95764,24229.565479390683
83685,10753.623113429327
108088,17378.63939501538
99800,9126.644489196353
104273,10410.478337594748
86860,7222.296171183888
103756,8145.8360416666665
90038,8277.231083333334
81692,10299.13827922078
76875,12263.857950259482
82474,9157.910020594454
84165,11291.935641214228
92416,19222.728117835104
76486,12878.5709375
83332,16941.00691308944
86362,6919.532449494948
99000,12983.71
79474,10594.394023033125
81625,18120.482755451943
84416,10837.630542434601
107026,43257.89625
78888,28179.186041666664
91402,12508.075447757188
104996,15459.557731275872
108161,22397.525
95547,18720.117607943193
81861,13882.532840406639
77574,35246.24291482991
88480,9832.350387112943
78311,31946.1025
79130,28078.63958592621
86087,21923.37809561551
96083,9026.372497156352
102730,5406.248608225108
93459,29052.94859884432
103121,6564.323333333333
106519,12269.323616829935
90685,10808.577102098612
95357,14395.825004219229
104263,2047.915
92978,23985.645416666666
85290,11612.1621686543
90632,11665.524583333336
105283,14419.433333333334
77070,17731.305666050263
97304,19049.68918181818
97350,24117.60189244126
88499,8415.451992899916
88773,17057.04803989317
97413,11158.249166666665
97795,13926.574461939103
102571,4793.66
100395,9261.897183456233
83692,18062.15891084985
88058,9655.775798458566
88108,19579.333329449717
89818,6338.105804578563
84732,12293.841787640438
79794,14535.832820791953
103320,6041.64
91794,15078.085
83061,14876.536803948678
88593,13957.309477110342
100252,8465.409399999999
87177,6824.097341010122
108018,9069.208746376811
102667,14433.678333333333
77541,13368.133333333335
78985,33934.735465109006
96495,12835.243484848485
91698,19423.636837225276
80282,19545.23
92825,27630.72
92684,26945.33
93840,37470.073333333334
85266,5800.210979815617
96656,11049.056895386333
87600,10398.27900292083
106994,7802.527976190477
101405,13410.37
86756,3492.07
91439,13008.865971177947
85088,9535.530568781065
93892,16652.875059846512
108240,20109.130797621187
91934,23475.835166666668
79263,20894.27443804036
99012,13885.143214285714
99507,19402.99242772611
104775,13948.865264748047
76783,19071.208555998972
98630,6112.193112307832
105799,11554.965122906755
79687,18661.934468663614
102242,10525.09
104987,14870.230750045406
76197,15926.927967171718
79819,37582.60785714286
105059,15958.917333333335
103748,8719.812299383506
104789,20545.1125
107740,20010.103731812167
94310,19166.89
95974,24488.666923076926
78991,26954.218258807585
85346,13246.324166666667
104905,20910.757666666665
84858,8494.076666666668
95021,23817.785
79234,49945.48502232143
93929,29400.72
93964,21161.304947078545
102327,18017.305241935483
93930,41427.56
94220,39663.965
97355,16557.996935690942
101356,12392.708522990135
80132,48066.79113842763
96537,9175.552153036555
95767,10377.44
102780,11372.059496505624
98549,5104.368810045948
91031,29354.385
91922,19637.055
92327,19675.02385215386
101273,14051.503992192018
83564,9595.404724729491
93121,15771.127800388364
91848,21504.779987830516
99112,11838.762729390175
79484,20332.670230314146
83792,13043.22375
88337,20839.988256944445
98896,6166.946
82576,19509.349375
85186,10814.03185342218
103570,7587.622204660169
94806,28766.54
107394,8297.758183574599
106891,9210.24339611958
77508,33279.635
78851,44429.782333333336
81113,27068.7793166688
85437,12402.518001606399
82280,10902.634787019295
85886,17579.885399660307
79625,26930.128062362804
95239,38746.62
82313,53403.40111290019
90789,18532.166186294806
92484,20668.420849534577
88349,6776.5878756281945
87936,2563.08
96057,9981.40318171973
102286,9921.886946400373
97187,8415.67268105883
85499,8970.923666909479
104015,14132.409829285505
99732,11601.001859072427
87915,12577.382931930435
81687,12353.48436138771
86009,20151.035
97444,9102.838696827548
102004,16232.819028027872
104458,7191.397422480621
98519,7225.289899899616
82785,17804.91086290369
103479,19275.79511904762
100675,12499.29674918465
102764,8553.123804412642
84770,12590.573813452309
106124,7579.573777116402
103447,7804.100282424117
101681,14861.639468873585
97714,17459.590595251037
101446,14835.008723109473
108526,16216.741594853103
92403,17738.60510416667
76218,56431.54623967236
81456,10338.127392857143
81297,30942.641006966736
90637,16460.39
90327,8021.216916666666
95775,14768.078040216085
89328,9415.702763031099
76281,10785.556630952378
105285,23646.084396068833
97967,15717.998173937895
103677,7190.085
89371,16638.35775
93864,9848.379583333333
103191,7255.497375000001
84138,16012.062837238343
88931,25293.29
83174,12377.980895572784
96700,17233.911149068324
90557,7479.848786383032
106224,17323.182353297536
76032,14437.354786882512
93904,11333.74
83233,9947.00874062859
97166,13629.81557692308
107008,11607.822609068757
98411,8197.317084656086
76898,14142.18442920582
77335,22138.185405957025
103661,13495.740471956144
89251,20177.05400297619
107278,10600.225001854753
76306,21604.95446599113
95821,32612.44629666958
93738,28548.164155098446
102085,15543.832573183307
87697,15191.76431029188
95925,18424.063664146717
86432,15867.549100340959
77843,9141.164545454545
91784,21720.74601724138
101658,16502.782075268817
77139,28054.833254142413
82509,9420.196739098255
92105,27230.34888888889
89714,12418.01544284996
104701,16888.289841285896
96529,13584.208394312935
86466,13509.911037890424
91745,13730.442333333334
89336,11749.454695732715
77392,5987.64
107821,24591.965
96431,8180.292194531972
96177,9093.749554029306
103091,7175.048842676769
91003,20326.66579075235
95781,19289.641146660782
96216,13345.978468760433
78178,46202.01
108259,21128.961400901455
81909,8073.086666666666
87054,10055.84
95949,18870.68005400548
84912,15280.904643200778
106750,10375.179881403366
105535,8375.588034001394
104790,10570.184911747769
82394,33336.335
85536,10667.884134723885
88663,9993.581296522783
95114,22304.75
87720,10580.947208333331
105355,6859.74832373272
82633,10559.771505141098
77178,17138.9775001665
82650,10349.552668062594
88354,18164.330864718613
91594,13848.86
106838,30386.1279973146
92201,27488.96769563919
86903,16928.24400108077
91790,32018.57964285714
89435,21215.723019607845
106192,10192.342819573463
100291,7923.127068295743
80263,19236.68078623486
105259,7022.88869047619
90581,12942.916015458777
82168,15902.970622510671
78900,20605.755560092457
92927,20221.996720138875
86035,13731.395906013347
82812,6015.884153921457
90960,15459.61785381363
80564,32465.19810395628
88136,13636.575279736802
81598,12014.651395462177
84515,19330.794770519668
76559,20529.575634669094
85602,12700.402675767878
87221,19668.82544711586
103271,4702.62
94627,4062.915
79016,14794.1025
89875,15940.758333333335
89037,16022.031524342205
100203,6096.9518868723535
86521,7959.977505376234
100287,6924.744072681705
100028,13190.62754398566
99993,12408.704341853409
89572,16459.430416666666
89439,17084.8
105686,9151.282416666665
92939,16175.867333333334
94055,29780.7
80380,22039.220660256407
99967,5546.791666666668
95543,15643.7414231037
97455,11801.396675983437
77160,13751.740619889784
105212,21419.02065991046
100236,9925.965
107291,10573.301794133715
104571,9572.038931666173
107474,13799.810701919349
93115,40393.23125
92068,21696.255
101225,12561.571298336525
87087,12112.913333333336
98133,13597.137624193703
108494,22454.248463410622
93501,25688.00308302808
99785,9768.965
99377,10958.996274554835
104791,21495.74466341991
95521,24881.875
98752,24914.71740477688
100191,6518.096349206349
86298,10841.190531845743
85617,9841.054350092174
101651,14934.725833333336
93014,16782.24696787398
89934,8156.459416666667
85334,14925.93171285043
97879,15447.745049608298
79690,22254.458988095237
108126,20143.1507203117
77117,45991.52122782554
99027,16574.600157577734
102822,11891.796112342188
80603,13824.59625
98014,6514.979792634134
77131,48028.08137635584
93449,21397.590817349148
96996,18205.36220271653
86682,6325.440339594461
88766,2856.695
89860,5351.853703607191
103646,7244.81
97690,18252.871715397538
101168,9262.400984326168
106415,7712.738319264069
83711,23433.120093283578
87996,14017.755
79855,15363.935645223419
105266,13757.856044944681
92717,42589.235
88833,14263.645876910281
100290,4957.545
79845,13153.975333574139
102781,16959.13322724868
80780,27640.53359163082
95643,18312.355757256642
90478,5887.280521978022
78919,44931.95655528267
87599,19312.4525
83576,12591.92
97582,22442.474035609343
98560,2421.4
94839,14651.892316756293
79584,31385.4
95009,39229.67
86194,9895.412938901258
81291,15524.43411111111
108264,7745.208627777777
91618,26784.4225
103987,2145.6966666666667
98687,8048.7557365202765
89683,10121.951904761905
80178,14597.538110410787
85041,8880.52706482112
85795,9331.6
92667,26074.68
88648,9941.06861749766
81003,23851.598541734205
89530,9979.0575
89343,19347.053599681185
84383,11111.154477806645
95447,21980.882707642362
103195,11734.156926693126
87916,8783.547504591354
79701,7928.365
78939,34059.995
90700,7757.892523598013
92770,24102.374333333337
108076,31490.406582737873
76716,20768.837248049927
94223,16011.413077446294
97551,21259.333195084484
92126,29536.81388888889
92616,28653.72
101680,10425.79
91237,35673.805
105108,12016.519048766333
96867,7993.7146253501405
89088,12991.88261070528
92402,20806.48032142857
94049,19749.78263114091
86720,9399.512073038322
100554,18964.231307516035
102551,13044.702591164178
88297,10189.202523774466
85365,10051.077129851106
82994,8291.202167177342
79914,12629.789410039093
108258,17507.909047549983
76068,15810.099264705881
82252,10978.061465782821
85769,18504.38493742178
90927,39496.885
106917,14836.83
97051,7655.601881297681
89757,7473.7605104438835
90517,8870.073460756035
100679,6986.515541666667
102698,12605.96811111111
76935,15030.46143903875
94802,29318.92618453701
106017,29955.72466874972
105400,10359.670902180713
107120,13790.318205156602
102046,10623.210833333333
90067,11799.604356728429
82781,13535.199349294831
95277,48984.933648927625
95689,23308.050833333335
105027,20398.974814047986
85236,16837.27704079254
97380,16607.995636097436
100285,19803.256769963715
98812,12743.279098174418
96265,23769.12008730158
101336,10151.797061233985
107335,19278.451593406593
96385,12881.149692640693
78322,34736.08113534651
91805,40043.43435776942
106808,13213.501809003852
91272,25053.291875
97409,10253.650472424782
84801,13623.22208007101
84783,18620.935912456105
78594,22366.38920660413
84618,11960.212431722814
95162,16458.43161075426
87803,14573.971158708362
92565,15600.721666666665
107155,22653.773988335117
93075,26240.91562553179
102973,9749.315457040686
89247,7751.580496514432
79555,25744.54842857143
90326,20791.7162398374
107169,17428.748068986806
79268,21685.257007505414
99954,10580.15252164502
80374,28524.681544642328
101695,5461.806993506494
91260,51002.37
78376,20818.13210195795
105554,11481.022996878812
106897,18006.605
88890,20357.944802258764
85043,9943.075
90014,17324.648153846156
99924,10729.81
102210,12471.217870370834
102041,10958.69185282666
78082,51247.361657051275
106653,9242.087969947279
85042,6921.0183333333325
90502,14354.665769985015
87396,18436.82044117647
92489,21872.646021785
76383,13700.773381975865
82522,10688.303391678386
89906,16726.170907969423
103260,8207.29161430655
78162,10900.01356140351
102594,8157.526736133812
103841,7665.952916666666
78789,17602.1694507992
106717,10284.334950980392
88775,6921.85
88109,14108.847535811681
87997,16861.25873366989
88027,16438.66604140821
93890,14451.82
94101,21904.345
102675,6397.265839147287
101475,10681.908098166134
80558,10684.675082251086
87171,7505.024994864019
88266,10882.056546075022
101850,14844.368700153611
99649,16348.626301571376
105512,13461.335182239141
102290,11760.36
80390,22468.6863893629
90266,6905.108333333334
84938,10078.932347978762
93151,47536.58315562027
95267,31671.016460478277
92188,22066.857670646383
80014,22392.5875
103390,12704.219867870226
77627,25189.862540545626
104741,7253.039993243245
107297,9883.002900303849
93101,25556.99
94142,18324.694221214784
93814,25196.78321407759
92300,30657.22
89616,9810.995393355255
102876,11066.053288139268
106731,20412.908329545455
97653,14502.233062437563
86484,9914.976076625579
97041,11155.535127023182
88263,17783.4295
79035,17027.618397962862
85171,21402.398739837397
99949,10686.94677744453
97528,8539.451233577554
89333,7514.563611111112
108420,30926.87378627679
103545,12133.672649860442
87578,10803.62
89794,9465.315150854583
78220,22161.005754951133
86074,10464.487329857295
82330,19826.91429530446
77108,12073.353000000001
90682,19257.436857142857
105643,36998.237375
104819,31527.190143847867
98722,4492.795340909091
82464,12970.327004417028
80687,26113.22312195549
101340,5590.493888888889
86763,17858.073505478344
103549,7189.606
85520,11500.60212855284
95658,37550.71
98745,19168.986113959294
102751,10254.285
86044,18218.443366027008
87791,7326.38745092146
85907,10192.914705903222
82976,17924.210806087947
87738,17756.120466585446
96035,12343.460151515152
88577,15563.190379155698
87932,8482.091811688311
100197,17601.123560500586
87983,20158.492755952382
83455,15818.749089083287
100627,8553.385185185185
108491,7970.2375
103896,3383.565
100166,16725.410277777777
84224,18228.178295900176
82279,15795.498073569193
102695,9304.681898120774
91730,13163.721666666665
91520,16920.307770062747
93441,20360.87
104061,14074.348746999465
85328,16007.945277777775
78431,11339.39845
89987,11700.40519911808
89785,8315.565
87524,11916.636862319938
105313,20821.79953790727
97204,27754.580174864583
81190,20026.048059001285
106185,24886.848427534722
90483,11617.979622053159
85436,12569.137733333331
89422,13925.370926315789
94943,22508.59715216717
84834,10104.824824648727
104864,12030.886963038874
104593,18469.353286990066
97614,8428.697257127676
105794,10260.344673365653
87647,15852.424502889116
79445,24874.856461198116
86179,10239.006222222222
80653,30897.647641798165
86987,9514.522262561555
94399,14470.4275
85016,7718.920087013008
97822,10001.440986725971
78119,16872.163774281275
100744,7081.386000796179
105979,10643.74933482764
99994,7992.48660893247
100774,12950.502770914365
92935,24425.636666666665
98288,12662.639898912617
76583,12158.918333333335
83919,11226.083680007105
81696,39226.78289285714
82491,15774.847555328235
105912,8037.561776467757
81324,20805.997761599716
76616,27568.99041666667
77437,27521.211111111115
87372,11031.341666666667
92668,27082.41768181818
89936,7190.463142744336
103228,11014.32480465368
97587,11163.57753422678
101465,13035.12045167975
83831,10149.700906370254
106127,16150.414676895596
81306,33733.815
90977,19568.276606811793
104439,17401.206189020028
93212,15313.28
102209,8603.139422346214
100072,9289.442891244471
82518,12690.491297977836
103988,5003.932285714286
89788,6836.232258241757
81061,17185.133174674167
102430,6571.844782087621
97938,6551.309043646549
82243,27038.069803078106
98210,14147.090129310345
108342,20470.222854678595
83764,10798.112557532933
106233,15046.15384433672
99659,7879.417793881801
99142,10867.661940516546
98655,11484.57171394799
108449,17456.709647380398
104515,10137.722038744269
97931,10967.440405258136
100995,9454.19474373349
96070,22995.33846879144
76333,13454.902465819981
106307,11261.157268552432
92092,19016.79844873124
78883,8838.795
94921,29361.98
78172,27968.02
96430,25548.644090572052
82844,8061.991053877386
82378,5435.525
105297,20196.795866708657
95050,26350.81416666667
93124,17463.784079220353
80112,21034.20298622402
86478,9577.452390379143
83917,9464.196530815514
100721,12580.69057997174
94123,29900.18606017536
100693,11629.121062403317
106688,11556.12
102131,11344.812314275874
99935,8313.114731283424
102108,8029.85
82729,2704.625
77495,16068.95987408425
98827,12252.265047281324
97526,18266.55454302687
104954,9465.99730980778
78155,20846.089613267355
79469,11090.977987013866
98055,11883.681962789811
102443,8982.40169000796
91468,28930.85574422081
96944,12311.186581780537
90974,19464.70113322429
97294,8337.925026841827
98347,6813.083197463769
96505,17213.6394268461
100542,15599.882285413672
79348,19008.52731567356
95285,24548.335
103440,16988.32
91432,22226.685964662043
84815,13560.465609005409
88959,18350.881305624916
96017,25463.869478145516
105760,11760.564918961541
102874,10639.483333333332
103528,4726.01782051282
87558,11686.820854395603
95691,22022.347926367558
106122,27905.539980158737
92479,8088.48
106673,5276.312718253968
108143,31870.714099925277
88298,9951.931683844454
102149,15417.522348484847
87765,16141.27508666039
90258,11359.14
96940,9434.409642857143
108032,7713.92844915087
77733,20533.711778874156
90186,7195.418142744336
94702,17463.95
95120,28446.19388853208
91144,13061.674944444445
103053,8577.406580822764
99408,14990.275
79533,24821.937394207107
99369,10809.185313673099
105062,16163.811854694302
102029,12813.528
96368,21107.559041175977
101066,11537.373237651238
100088,6126.020833333332
84869,14557.605201072562
100736,15916.618212961366
85981,15031.751043956045
98872,12860.742088090543
84037,9941.632529222266
89217,13068.965
89775,23822.23537245287
88379,20718.126598677394
80011,23038.077964767082
80836,21175.21829452264
105215,12320.963638256399
93719,38458.79
107968,16449.5530651341
98967,8936.085
85591,16072.506923395027
80478,10489.1200251554
92882,17850.567857142858
89721,9349.496666666666
101878,7904.655915651075
102301,9478.655
101408,7237.63486111111
81446,12390.706252136752
100045,11121.829317418216
82986,14374.559555640439
78772,21902.29681022409
78208,20037.95857142857
81689,10282.504962662337
96791,14896.601218810778
79141,13331.591666666667
84271,16002.493367653367
94879,15695.393035842275
107759,19914.32
83675,10037.728091071192
88258,13176.139340504697
96976,14047.43203300381
92824,18101.252
98414,7549.5672551314065
85028,10089.58884952346
97506,10006.993125
92767,24401.276912598758
100210,12540.020757575758
84470,11708.961772959798
90627,6777.595
98768,3930.69
105263,9872.59631943305
81662,35628.28266991607
93787,15711.169005773692
82688,10173.588608377853
88923,8803.553624789862
97463,9729.13603989502
93008,13125.805999999999
86807,9871.906603068926
79997,22044.51802777778
106742,18261.835433262808
94777,12010.673999999999
86594,17993.84578021452
82991,17462.49682681555
102203,7161.37590700929
103539,14891.291333333333
96264,18034.714573075125
77721,12861.643969850633
107801,14527.359271188716
99511,9683.099433411497
92801,22063.275545454548
82658,6804.485522997608
91732,15286.883467137748
76557,21437.288829212455
91314,38856.355
82198,14183.049796762376
100607,15480.240756434649
80984,11909.8645
77901,12799.615323125998
95736,16363.697620776407
86809,19591.78909288098
78288,18361.662633485594
101339,11206.440002522113
87249,8140.307337297753
82143,34720.64423076923
83850,15213.551617682904
106952,13628.948267857144
106504,27518.227547281323
87341,15534.949378794814
94165,72018.4725
79986,21457.15696079139
97235,11832.171993012424
84860,11432.481375180376
94913,24328.32666666667
82439,7671.935478038648
83066,10707.4
76993,28316.281081268433
88803,17798.815
77506,24961.35670006643
76456,18988.207459367288
84599,7297.34513922888
76680,24747.350333333332
78685,35168.58075474919
80310,18322.768275452956
107412,26052.801416666665
89792,5436.925
87421,11154.295
88821,12093.82548944953
101930,7915.567432033238
105822,10870.148501114094
97642,16976.56262064359
107339,10363.865694394059
76550,19754.92658995356
88272,5744.704895833333
85777,6893.696621760201
104995,14689.356625203292
82640,7499.6669021739135
80887,15464.747857323231
105022,18777.2525
79920,18296.946849042673
96724,12479.48953125
87654,12244.920016667307
80242,32282.030877101053
103464,10627.020423744123
99537,10016.249511101096
92524,29227.253065671375
83634,14558.858999999999
77597,16153.989457131496
87830,18324.792921662927
87700,18109.403192307695
86513,10205.251016703109
92891,12051.819578231294
79513,12029.27
101087,14180.899399629567
85729,9564.788457777295
107672,26737.68601064284
77549,31808.593432291666
94307,18744.986711840163
84500,13185.399261371083
98867,8234.6685837425
103039,12261.523478424351
91192,29651.479
82205,12353.380927558981
100369,11282.460116541353
107529,15020.911275877783
106073,14427.838378607958
87934,8311.23430967122
99978,14989.062663494733
97512,20093.025
78085,22388.13097616977
83329,10042.34502053123
106679,19758.3504121738
102680,9854.987531327473
100260,18529.88945545541
98100,20191.895544303035
79452,55099.32161155169
94814,27125.402564365395
83431,10831.717035171474
102298,3921.615
86411,9693.047826981
105783,12420.986010746417
79588,19891.436582998464
77976,10355.25306704594
103387,15665.882399509805
93070,41151.556666666664
108393,22243.165
105094,16398.269690204692
101152,7749.318733335708
87464,10856.08756001479
92410,27895.78516129032
102395,7934.852411369125
98531,13026.145
89945,9526.930840116567
102454,14983.461602463261
104729,14182.190800940669
89493,10855.638435634799
92058,25755.202612573266
93884,15252.014967019926
87594,7318.55684517815
100891,12233.182303601401
81535,21762.64931473543
80847,27909.28222222222
90120,9303.97394736842
76004,20697.451363636363
76670,16638.075
82018,7918.539000000001
90007,16210.46
76604,11807.15752997716
88324,7210.770025246286
84260,15327.939228244315
104662,17835.408539036827
80740,20054.262410895884
94973,16702.201163704784
89099,26672.0
89528,16358.192357142856
87947,19075.255
76967,24035.16833333333
94126,24200.685428571433
92187,41970.7075
104140,8325.322277777777
80573,13968.491673204542
99372,13541.313349798895
79790,27650.285962333455
94392,22860.513779069766
103573,12102.792522144522
96538,9585.208609553614
96774,22032.963725340804
83631,12912.49615172968
89532,9854.261666862636
83991,17925.15781818182
95769,25142.085
83263,16352.047071490164
87065,10256.292731709987
107642,14206.682792398777
85968,9172.183547628134
77321,16413.10385144928
79237,26556.259442522583
98975,26317.7125
95590,23087.773357142858
104906,16166.94035741264
103289,12500.756568292747
82134,18886.838334574037
108432,15274.180996518515
79361,14907.999841061186
79283,14102.768151546272
108270,10115.728772667215
100333,6072.5261666666665
89059,9903.91
96852,8643.984354166192
89651,18555.13758095238
82856,5396.415
103072,18341.86704791732
108315,15052.915
95664,17930.56
87882,16114.618076685927
81682,24311.55996871735
102981,4974.677333333333
104776,8676.75
97621,19541.381954486107
100451,11370.98104103915
94393,42569.925
87416,12901.563635038294
105999,8488.886028933091
91075,2631.42
104390,15166.497447916667
78471,57913.025
91077,13486.17611111111
81733,15551.678226817825
81475,21896.845767507002
89546,15419.705347298679
81968,18206.895699680514
82201,19044.997681599736
100703,16374.546747700613
108173,10316.18839796884
99283,2576.435
88618,8352.352911793738
77172,17293.75889679808
105813,13559.818227667627
85410,9510.033189322368
77665,11772.12552873614
106427,13074.176270100836
100684,7872.699587490178
77682,88187.36
106196,3839.22
88627,25175.37531548517
108029,14771.478724527795
80142,21262.12334846817
101534,14827.008880283312
106737,21176.44104479844
84776,8282.044030016119
100686,7374.535
100393,15299.844274004683
95593,19109.74773076923
106482,27185.75646210804
82594,17880.931477798058
95052,19637.835894203232
77581,31453.167913720757
105894,18197.78871584084
98981,20081.90449290669
103791,9781.96328736624
89035,17954.247508467022
78988,50680.493285714285
102284,7663.55
78961,19912.939135989818
100824,11673.09799140465
80563,18920.67958683085
106006,27875.649137921264
98874,5787.80537593985
92004,25304.78269230769
76541,5233.405
76087,9529.222791666667
96383,8614.163924563261
89403,10800.75852654991
85502,10652.570608486454
78453,16330.798194835137
105672,9629.087074510277
94086,30426.054418675398
103223,11832.076047139417
106894,5720.395
104079,15664.760748034656
76659,51709.765
78970,12467.830036614698
94467,9069.415
106317,10847.457781746034
90990,19255.868556473
85168,16272.91247860033
85329,18123.65957984854
90573,22224.563285714285
87552,8733.53
106650,9203.866972827587
97658,11568.761205342254
103443,10096.100918814464
108293,10409.334591983541
106230,15691.612454460288
90762,5188.703582309267
90385,11944.837348316929
92892,30481.765
87166,10954.904117918193
88217,17725.78758452659
107357,15009.864567626819
104588,14972.44050905716
106711,22504.348494606038
82117,28421.192355609877
76811,22717.79127033141
96629,13903.071974088845
82497,13464.230641549368
105204,10448.688176676338
92020,22884.89874103318
103534,11231.42052425703
87801,13371.148717391305
76388,21353.94163175661
101512,6310.158333333333
88523,13651.917675599023
82847,20853.7912398374
96295,24990.47844647268
104555,14303.237421581527
82459,7663.12277738383
88896,11474.783519417977
98912,18725.29135897436
87904,11824.314588916615
97899,8492.727490416917
84404,11421.32176388889
83628,34387.5265
98240,7562.492816706674
77405,47419.021402096216
95241,20427.48
86588,14921.27791275319
100568,6858.521875
103330,10070.674226563391
88168,34348.41
99695,7889.985209219381
105415,27735.305913251028
108291,9714.791174603173
82483,18784.180524730193
76215,12558.276480769231
95883,9814.679139194139
93944,17703.30082089226
80545,13593.28375
87133,13988.126836656604
107929,14591.029045449222
103594,10582.939847415793
98090,2968.295
85950,7910.636112106538
97817,21614.55494948811
80349,11727.950680270756
92065,27812.095
81419,20417.209398590505
103547,15340.680645635113
82647,16273.458567895868
103287,6558.1886343434335
92620,23005.10935749712
97818,13107.40789476998
94762,15442.150053552405
86986,14833.701794871795
80244,15011.955629997636
81808,32567.43827089338
101955,13555.16499886207
100277,9248.503333333334
97433,10317.770153181445
101701,11720.294837549418
88891,18354.49118658281
97998,9648.326091050514
84676,6037.502183284917
85102,12262.990549482025
95997,23136.919104247103
108269,19382.739897084197
101745,11754.13886904762
94167,23021.8675
100965,3330.9
96695,8163.354105430197
84077,9621.146785897981
95666,31460.649389411392
93525,22770.125112356538
86442,9912.9175581835
98856,17308.9247027972
102762,11603.683798605492
91868,25223.225530303032
85895,9084.88881303857
83837,10046.257410714285
97933,23969.369495528714
77159,45297.23020751005
86267,14373.702694588015
102669,3880.305
99058,27876.769980969668
83648,18445.15260827383
90586,17836.307297659474
96303,12158.120002547184
91599,27238.163703703704
104830,13499.916045847269
103867,10739.237156232652
103352,8333.709359439026
85911,13070.039937865497
86215,8885.274799031986
100026,9603.211
87347,9183.159262318875
95363,15865.680392731847
105922,26673.389947368425
100582,10324.003980665748
90707,12605.64352155354
89442,11741.541089743587
107455,13508.004460881297
79441,22919.775941382257
99119,13963.757222222222
84855,12164.41
95694,24842.41
98802,20178.87003372507
93759,25213.248492063492
100855,2915.975
93601,32584.811130952377
103425,8550.403593350851
79810,31041.29209064327
106082,11470.536
96555,12704.331864756832
76273,14472.298306457433
81265,12888.055716766467
76722,20755.82060763889
87080,9430.579249970122
85477,13695.548874078786
100688,7684.84
101612,7330.315077380951
107135,8443.364502975523
82754,6772.359181593278
77167,15898.900157248585
95627,36863.95
77685,20458.02794591427
81835,22949.03281400966
108459,14137.083892217524
99976,20047.46053315213
77873,14818.109990913497
91574,18700.441481413713
98487,13789.532922866061
101067,5054.69875
86888,16460.68026849022
79051,19429.82
105704,15662.64533496239
93009,23893.870875
79182,28139.946284175618
77226,19569.963333333333
83439,10735.974172941977
106093,18317.501479998675
85243,17189.445037264017
77181,16948.06191921265
85451,16485.092203290023
76412,42711.925
87990,20269.6986209115
82077,31414.055
86289,17406.765669797092
81566,22403.273313609254
82864,11045.235298707456
99130,10009.757133141762
96176,13596.573079130862
102269,8079.558810667011
91841,23426.10576923077
76041,21910.970397935285
104840,18581.05089430894
106253,17977.01948445259
98245,23392.55549062049
77039,22085.71448606101
100730,7594.7677497361265
87739,5033.52
107559,11099.650555555556
103282,13012.485
76646,23983.583400231124
80252,12087.763109595266
103895,8703.77715736787
92491,25884.915
89765,14883.289605652077
106652,16951.504010683762
88005,8411.136765311678
99470,9686.16
77069,18880.451415472075
77955,22662.640579666207
90809,8613.363277978866
91610,20737.632457562144
102774,12582.84335758798
78231,8935.41160232332
101171,7969.158143699367
94420,10335.066875
91378,29177.446673162183
82771,10943.119377034775
99918,2884.73
103574,13889.42
86799,13015.769682051645
94318,17809.66217780027
76950,27285.784
101720,8865.187581336653
106698,22251.41788396394
103488,10886.39971369715
99153,17183.851377284063
104945,21321.637666666666
82708,17122.41778285669
80674,19395.74337312521
84122,10973.75244581098
100375,2140.565
89456,14122.356803374356
82974,13892.388566488773
104716,23111.621633308427
88124,16287.336794594628
101244,9831.239855090313
82069,17843.349856321838
98606,15445.678920559276
94412,31074.537957539793
106030,23921.808883325568
89877,7701.219844165796
83349,15112.616817073173
84253,14064.713284461624
79774,20415.667683042615
87259,10724.092000556519
81587,10344.854032148933
94407,18715.28875
105889,12904.68480765098
90829,14221.410979503033
90286,7903.51715765125
90162,12827.944722222222
86022,14100.956524739846
108101,24002.660833333335
76814,14191.047426218614
106162,22115.305806274653
106605,17661.387147468307
99590,12649.499166666665
102676,11500.062937463143
107658,10798.7875
82396,14041.830663571407
108051,24424.155
92955,27689.26
83520,9757.996349139516
80338,16625.90998657715
89312,6498.030885050033
80751,29878.564981984993
90622,7095.511428571428
79431,19998.64311334961
82870,12759.401779255331
106446,23778.218231494877
96223,7554.347505966233
100491,6849.806805555556
90125,34214.37677009306
107869,19709.38548298397
78278,26597.943266666665
104244,12223.2484809597
93810,24292.008125
90911,25089.55
81869,31117.203627359486
100472,16269.50125
101927,13501.780261748487
99713,17946.060666666668
108184,14262.724247549018
99764,7211.436445661896
101286,15411.336263912865
106534,8483.39233396522
77461,11512.327874495255
108272,11773.442851037562
106010,22015.78226391778
89193,14424.20478439219
87761,11318.57470478019
88154,14313.678425925926
97789,12394.187289971482
98271,7387.891938094265
84160,18863.100092188484
80752,10533.120171112427
106107,20883.64
87260,11297.164045807454
76549,3761.095
106619,9404.279402421125
93849,25690.61
96045,18982.076077423953
98306,9194.835875498491
91896,40827.65
94048,19295.460170745922
104918,10148.528273921425
97720,7924.017709765474
97482,6866.460818512896
94156,22378.140023448774
96469,9279.901166666667
96918,19664.291415494696
97241,7906.359156022082
78150,11822.221916666667
77808,36595.74261476271
103265,10140.279934639395
99485,9463.225138888889
77860,15069.725
83834,19145.315686877755
82565,6099.2718276012565
104344,31119.94902797183
88984,9087.974955294434
92161,18458.513341926646
102199,18448.11625
103723,10045.517323809798
94677,20122.343552685314
104806,10976.141816977226
87148,17073.27017839806
78411,16291.952664845698
97856,12863.284315811963
80535,21812.87394225825
90156,10721.428211125554
82176,23198.42
76790,9523.588948717948
91762,30702.89
78650,30364.15905172414
82763,16261.126089801319
82678,10794.17637909343
100137,26568.446603464243
78365,29938.557135789022
88768,11032.492368023724
80346,22346.08697636776
106682,19213.35573406126
97171,21390.577288967612
81701,16500.25456441103
84073,11855.31015305129
79549,7235.498245192308
100269,7558.02
78466,29768.29478459857
80489,9632.87388888889
100009,10774.78341092694
78769,14232.47449884453
96821,22874.8021875
107253,9502.409228976052
76045,11886.053230456657
85567,18305.437996954595
104651,9477.812393204435
94428,10152.07
90549,15707.497494591424
100940,12089.155114122585
105608,18710.216979043456
105280,10090.574454272912
92200,18007.29783333333
91082,7767.552916666667
77298,23516.049218078093
99432,10008.588530701754
80426,7937.312583333333
100817,8189.506749999998
98552,14108.992083333333
102428,8873.150345106922
100978,9090.983
96371,14592.064827628967
84334,7539.1570720279715
90196,6929.652543080415
102540,11111.736047309716
96914,7173.375107142857
100895,10246.879212598426
105296,23176.086440574647
101888,5586.88
104077,7074.307667695681
94267,32410.008161347498
96803,21898.427791501683
88905,9025.120568938903
106132,8809.626236291486
104388,10507.40868604696
92704,19224.18989197291
86345,20265.75175
98326,49170.778337436626
98572,26815.35979166667
98754,24746.66835643467
77794,11801.336785714286
101082,10676.959986636135
98455,12416.972413353331
95796,16517.32701818182
98861,20087.296916481177
87570,4982.756896551724
91904,21186.882746281266
84147,14913.77291275319
79470,30783.993393553286
100012,7809.934803845086
78698,19226.695483895335
84929,12268.34303076518
97808,14405.796605530915
85299,9487.977863889642
91297,54104.731842558474
100772,6323.975
88500,7999.081834219946
86077,18840.368653770074
91891,19356.29
81059,20583.782364999523
91023,26644.949642857144
94693,24813.918493025492
83779,13010.15773715762
102323,7530.351205533596
86078,10039.228728591479
85595,18456.96087828593
78582,33271.54138744589
82311,33579.8095909382
107228,27564.414505976907
90613,15655.638815665285
102643,10145.194158550055
87044,16588.547
94680,23545.272761904766
86222,15473.418655030946
92844,22440.43
107625,2497.5
98155,6966.528422050419
95145,12471.92375
79545,17265.794166666667
86312,11126.30611111111
106466,11620.466214438342
102721,6855.541875
82720,8365.428051159884
89908,13349.866421849578
86593,4589.503611111111
86930,8013.12
80460,15811.027198262333
85235,18923.570655409407
103331,12839.603409803965
96526,20851.871454545457
93359,15260.662490159946
104761,10630.945952380951
76684,29528.259116641202
76697,20173.040585604238
92488,21166.716761641474
107148,21673.33944470677
100685,8379.467205950912
79407,23033.772121212118
90983,19847.88588563627
80435,12800.453747703019
106658,26049.783438155795
76894,35386.47
77367,14533.784352504155
80301,36240.74904761905
81032,18758.318009101542
107900,36544.785625
83046,13632.678850448223
102331,13112.131404819116
94376,11823.83676127345
83559,11863.655801473313
103509,12162.75935001553
76553,18360.93458937198
85897,10759.166672729656
91644,16094.511866666668
101598,19712.00001957178
89707,11350.4
106964,15920.401646649836
86117,8414.291636951175
100179,12515.062871434937
98605,26644.212052624087
99719,9464.710471078864
96764,18156.90961387091
97262,9316.946078583685
79645,21943.202672642055
85785,13716.652850913499
103444,7779.515272727273
105639,15005.977713168219
106379,20993.7166775724
94283,12052.982916666666
80195,16635.66334726184
84709,17481.816715740813
106270,17088.490037362637
106321,27903.903174804695
102975,10153.517428045987
77231,44606.78566008773
82488,7228.030126214492
100406,13462.95543668525
79606,9627.560918831168
81036,14090.81115131579
95806,29168.55641777806
97217,18230.423149432107
93696,19827.62514473684
84438,9528.523016053887
108083,14687.930485418758
94109,29880.78435854137
81873,24060.53060825836
83535,10874.106313133161
108253,9542.112077928665
103572,7126.155134012644
97782,20675.440220843797
85759,16480.768333333333
101313,8759.325823219624
98905,12997.641928571427
96344,20076.04608884865
79144,14306.29
93593,7723.93
99886,10564.183170408978
96085,7735.623927726253
91717,25435.112727272724
100170,13972.736535925249
101760,15892.237600545774
104762,30106.50091105761
94364,15727.878638069807
81819,18014.471396079603
88720,13408.899794497122
76810,18586.714626329405
91505,31096.857478347694
91740,30003.34161735406
107115,30722.789558116507
79860,20715.695912924744
103392,9279.872009359906
107926,7564.9826984126985
98206,11662.005528571428
91551,41666.37
100331,13105.249444444446
76115,22177.532480777314
82255,16074.294749793899
104007,20287.6906124669
77667,7102.887
97247,13004.8375
104182,44565.04053449518
84802,11631.048606668759
82517,5164.135
79978,39845.92
104400,30617.340043118427
98809,16209.135
96889,18695.083623392784
106291,25456.090989205448
99347,9687.731124910311
101462,7107.79824929972
92841,29037.575
78210,66031.135
90440,15816.068083333334
84119,13869.805
96872,14374.73134652702
99411,6885.887383333333
88399,14954.728333333334
93645,19367.611747987332
106472,12967.666786809796
93223,16979.752979312354
100761,9819.405
84396,9468.780905965508
81694,23192.0
91499,51601.97071008302
86428,2713.845
95718,17926.4687393725
102532,9777.49634659091
101976,7956.814648646779
101696,8606.75
98887,7043.844404621461
88660,16635.246435832512
88640,14633.53
84379,13069.28937778787
84581,16200.926941006852
102278,8740.29540484395
87590,10793.64587982022
105244,22007.695
85140,20869.653285714285
100212,7354.11
82463,9917.260204248365
89649,12091.658838947864
105119,19113.120373695758
101138,10984.29892857143
97613,13750.867575300106
106323,14358.735304776363
102910,8038.613988095239
106664,17262.239355988546
78285,20210.116010692243
90102,11791.906436753785
96386,10021.088914141414
90800,7752.143612196573
98566,18631.118711161278
101815,13494.990909411354
101798,13819.051331006307
97728,13493.66300057796
99174,13579.21609389378
94250,18261.852152494877
88827,9881.078068642155
105493,8909.712208563706
77991,29700.71408509604
106003,12859.589839161457
102938,14080.626254101364
80815,16579.3815962593
102775,13400.155513569602
106108,8758.252588613947
86213,13181.316820774717
97119,18385.878636294274
90341,16928.799111047996
81713,25196.875950011774
99887,6908.7091666666665
80067,46070.42871632466
104710,24602.53521309101
99374,12047.127647058824
102685,9960.7875
88454,9830.593496941889
88121,16478.586889547998
104607,13212.213323130196
108321,15867.830339147285
100788,15916.618212961366
79504,20558.446321510066
108273,18748.279666709208
94291,26968.292205667352
92974,19077.46998447985
98506,7382.707568561874
92238,24083.953685064935
101214,7503.97380952381
92872,24487.005
92412,15758.638164977336
99487,28707.745489339864
95246,29497.269113381277
83843,9886.68795858253
77705,17095.2567022032
82903,16442.507610717494
99335,16147.975
83112,12355.70061408744
82946,12523.37261953199
105777,14939.62197073042
87013,10596.189591666058
96752,8295.994447168656
106136,19965.91981075231
79867,34012.166478187995
84377,11374.796549506495
100807,15521.420967595139
77327,32157.848146772576
90531,14282.67611111111
80907,10076.45
84019,16682.105007002803
90542,16245.11
77431,10978.441620349678
100648,14122.110265620759
86836,9800.774487180162
85657,10016.593845834612
104881,21218.560502031
87108,2891.21
103909,14663.29
101363,10459.466306022408
83894,9947.294455893672
87239,16741.07719157181
99880,7270.152556773008
101105,8864.246955230368
103682,10507.169047619049
84580,18874.955766347848
103278,7222.475416666666
81972,9578.266173976606
96088,6505.016666666667
89815,7704.238925328016
83189,13406.073500594612
93790,31566.95
86893,7310.955473155929
85632,9168.40633119658
84891,7231.992349358974
81765,26166.635460485053
104808,11520.38052777778
78274,20909.973596850974
104323,14920.580537590944
104215,25404.096318953998
83258,15986.649170797618
85415,9470.507906660372
76352,16901.969597928146
105843,25041.330033625723
79923,9867.891525974026
86788,18951.718209876544
106140,10851.956055915318
107298,15020.968710983136
80097,66225.1417758059
84584,9256.575908270877
97123,11984.05572385621
82024,69173.845
80482,24636.966834956715
85092,13357.990142662487
107615,14143.96411539695
83158,18812.568935313368
98377,9759.488595929897
101038,9993.075
86398,11173.044230667034
93257,19799.214582434077
76372,20948.498936170214
91976,29565.5825
89914,34022.48900912968
102249,9969.42124135851
92223,26854.105
96162,7856.816778918209
78476,35782.76
84032,19947.16201940729
87790,10175.312497419503
99047,6659.949030839282
85743,15029.343436908739
100359,7972.08
105381,20837.0817686001
87011,10786.335666774217
106016,22071.057191123997
104246,17364.11230357143
98535,4717.407666666667
101636,7670.778888888887
86057,18604.598583094477
103082,7359.649188311688
98076,6767.4662534333565
83514,8670.019161793698
103770,8028.182299575672
81344,18466.325543639778
95622,32998.725
103797,2544.505
93056,25346.16185185185
78395,18666.663823972325
89628,8431.282934625011
103060,4440.3516666666665
76440,20007.66651549888
91172,29624.771614395868
92399,28044.379761845037
93498,26414.241666666676
88211,6221.904166666666
101974,5807.614668109669
92110,14964.48
108282,10486.080107271146
91046,17519.805656087097
87325,17474.428429761905
91442,16988.17785059282
105058,8913.585957125742
83755,9874.309224692259
84596,10608.483697913085
86642,9635.682788762573
104884,33632.865
99464,11926.70052857143
76380,17432.088630791164
84398,8659.957587572104
86695,14031.53412266087
84967,16528.897784678644
91413,41594.573317099566
104536,19594.840833333332
103653,11890.088123457655
82660,7616.531007484025
96278,17343.2025
104281,9470.435474462673
96493,12058.37251412692
84816,16286.326598272502
96248,7919.519067865093
84910,13754.224579015912
76150,36412.18
84168,8371.073771629206
91284,22712.95528125
95359,15925.045675347872
99809,18438.696807097174
97478,12710.370046723974
90354,6767.337056451612
76268,19478.737372953135
99017,5439.035332167832
92966,25095.88533333333
98031,11412.17017094017
102949,10880.895
96793,12403.618151600687
88706,7943.455316607966
100609,9065.199461731532
89116,7823.780846729599
85861,7218.522986694676
81217,20943.71054861111
93134,24817.28227777778
93383,22298.189557497124
108417,7376.770941616412
84549,10748.750191679048
97741,17579.125
82038,27028.787215691274
104696,11938.313120618213
102985,11071.283323700605
76015,35966.505
89233,5456.746499999999
107693,9018.511163697236
79543,16355.532529136706
88941,11389.354289709549
107133,17936.178581719912
84262,9042.368247172017
80022,13868.345833333335
92947,3331.405
106355,21412.47843376768
84561,6901.26
98987,20238.62956037747
106383,21033.41714619567
81784,10445.361784493283
100364,12619.9288859127
107310,39660.52420289855
95690,32435.628333333334
76393,29545.590314692938
99698,11405.989763205536
92142,28843.8704989143
83931,19349.317612274222
89216,9059.808410471887
78447,13266.224015124017
88380,15847.438870293588
106609,11524.453965458355
87906,16559.721861891936
107946,10825.266590196916
98084,12503.392916666666
86920,14196.49005936602
96738,13185.001077001543
90639,12801.326262679358
85170,24849.913164090885
78613,21505.052750842762
105247,24108.452718253968
90641,11952.268333333333
103803,10531.917816548226
101871,7424.9065
84737,8934.466742553992
88357,17103.455884577554
76060,20431.86709652492
96081,7414.101512379994
95771,19026.783158152826
90465,11901.842055869003
105795,6536.125
99716,9532.062299465242
86627,9120.172771366102
76452,31707.36125
106972,20632.159622503157
85032,13303.25361152048
92339,19992.743333333336
92906,30479.523033084144
107476,25362.118363931288
98693,8868.260706116838
100745,14993.926536835788
93962,29864.30283333333
87071,23708.265
78456,11110.598404994398
98616,7507.083224355072
89502,15507.333558786975
84812,16912.04333782791
99278,10572.862172629595
106760,30273.781724259254
93843,17049.441307957393
89686,10042.458427489179
89459,14056.718463354404
86882,19004.678
89055,14915.350981380767
103280,8217.497453119275
82388,12757.926327586207
84322,19976.51243052282
99763,9694.04987491031
89240,8311.849490832652
89369,7786.588769155505
97845,9580.005
98505,22916.655830419586
83594,9291.252887693765
76879,20358.11403590526
107542,9616.714714263619
80047,20448.798621416692
103396,10042.123977272728
91511,26470.147958333328
103680,8181.525
90952,31280.771423989903
80329,28741.073651943658
95213,14789.49114959948
93454,16533.35537447064
98790,14075.128519376593
90991,51387.38
103576,15879.818886748582
95054,16382.99426741397
91254,40852.205
78354,28917.977181116083
82354,7965.073189102563
88849,11016.179717070703
89577,3403.22
92417,19053.246390506047
87390,21194.839604814973
90610,14786.637359741584
76083,26709.801502497266
81716,13340.257577200577
91781,32064.026602831134
90138,19722.770495789777
82651,8625.795106295142
97872,7779.649483991443
84809,16730.97764003121
107232,14785.70961111111
82070,13284.829687825073
98299,21825.597
108152,7376.1983340503675
81894,14033.45478976788
92170,28547.953499999992
76815,12612.311452035698
85318,16191.302880826612
101609,13999.886098090496
85681,7928.527958721589
90628,4499.3654166666665
81278,9634.473060116141
85022,10734.729228160804
106237,9407.855477272728
99060,13732.051428571427
97068,20133.315778273023
81590,27254.20572619048
87125,7930.638394660895
86034,6184.025544280008
92154,15940.6706284959
94085,18795.178954499646
84555,17811.801864426474
96138,18977.915002880185
87289,16588.07967257402
96099,17716.705
92408,16432.514
79885,24178.04064311641
77403,21703.23001553883
78502,37127.48027777778
101012,17172.208017403427
87470,10769.2425
85394,16946.19169135297
90467,15975.32
101768,17913.210553839785
82421,13102.788071253071
85707,17643.833589448826
90630,15901.42
83619,11075.438689291454
102793,9660.65201970971
78299,18641.80050290846
108074,9591.993479910729
80894,46324.60075048835
107622,9328.99798076923
89930,13673.613365410429
105194,19262.050676892533
87228,8291.638900137063
87821,21878.9
79921,16874.28
85109,17087.3063014332
104039,6296.0495833333325
103523,13604.54527342255
84724,9768.903817670485
101351,11771.097171052632
76444,31142.24577265065
108202,2348.495
92774,38092.81416666667
97279,16460.737718064265
94079,14919.974083333333
101938,5958.487482852397
105071,22678.620643631337
91761,45741.71
79296,28897.65664378539
100769,11088.333638860891
88597,11316.917461224664
85935,10037.663219060543
100302,14941.374609399294
89081,19488.763125
86282,7082.078164514116
107202,8811.895332001273
101999,8847.916194743264
77135,22087.698010540804
99417,10273.185810270284
90406,18830.312904761908
94752,13344.630444444443
83342,13443.638309111186
98973,16891.40472222222
79768,31670.183552572693
77192,10144.463634483207
80500,12625.703333333333
76835,33790.34
86983,12745.369549532561
97069,26021.243684690176
97193,9505.111884882717
105073,16827.844375
108405,7170.940467695681
90739,13991.652197236197
100079,19118.861785714285
97513,17665.91
108004,31589.45190176861
100330,10758.443094442848
88508,18969.473748015873
81325,27619.5189013086
105920,17814.83371960391
81530,9334.036525974027
86776,10520.858892278373
80384,13043.57689006397
105020,18756.367751213602
104228,13598.799376835907
103926,5948.386086538462
92044,30955.664600052452
107049,10167.190088709678
107408,20263.523530216615
97280,14707.115
84121,25088.80994308564
107517,16068.216511836266
81847,11795.303939741545
93671,17722.585
81276,19464.06277930403
105034,20581.432083333333
82559,16297.228234209992
97468,25364.547150944778
101227,8001.686311984843
84614,13922.041283465214
76259,19750.45830802584
81329,44359.515
91999,27068.01
83557,13953.471464947821
82819,9530.834659118802
83735,10628.70958744866
103607,7249.0822727272725
93256,25234.405833333334
89255,12050.272955930617
102147,9086.755
86853,14336.559267664725
76266,15540.321875
85025,18857.207904971947
79566,21617.666924885212
95663,20972.460953748516
96600,10219.724954631864
99798,8462.825370338694
96922,14927.511666666667
76888,43285.25375
78701,28835.730445195142
108246,11256.681323326433
102309,11278.052149796033
89158,14101.949155243557
95309,18988.720686580058
90997,20944.035
88930,15145.076899382759
86235,17503.225181509093
86159,9444.399177108222
101049,13714.45330178589
81773,31020.62727005151
81389,25492.07952286773
88802,10827.182047917884
85702,10466.997111664346
98780,22780.375
84786,17348.632572649574
85683,10619.142461840329
77857,25231.68309256162
88429,17516.476894602296
102069,11325.577916666665
104862,11866.761128885006
108204,22241.70272893773
105476,10142.415625
91778,21501.98
100851,10888.075075481833
82960,15937.271666960249
84799,18458.544682010644
86912,11225.45189039542
101533,4419.605946428572
90657,8783.115428327503
88912,12072.22017681465
86715,16864.818556384373
87508,17180.038898006802
87984,9461.453082917247
94852,11984.98
94905,19869.18293114235
76632,21943.9293982592
84100,7222.296615293093
95802,11631.298999999999
93740,41511.765
98565,10714.73570238095
104153,11834.145729166665
82480,6996.961278966132
100660,10130.70342105263
76089,25879.290889955144
104329,9532.430494055894
76434,19541.181161340195
84061,16209.210730211817
92097,18358.3659375
96236,9191.657970695971
78908,11391.054347826086
104602,12109.780592857143
102750,15213.63509654863
103394,15026.545980694395
88113,8697.405223272375
95654,28231.84274994028
86372,10683.041383113705
103110,12767.183580696012
88378,17034.734065971083
97704,8421.629249965314
90821,15687.74823263843
84901,25142.19266631084
93956,17158.513374785314
96320,32117.119655794304
81148,23313.144861111112
96461,25434.55122592644
84615,10922.27871434847
108104,22896.047538011695
78039,15045.78825407278
91425,27232.87
77044,12273.536584745203
83049,18609.802583333334
99803,21090.945
77693,19325.74200823718
95508,41233.885
101593,11382.169145298323
101499,6423.811494893995
88319,20245.30478814002
107344,35443.00666666667
88590,8247.526127100235
102740,7527.14
85931,12143.471489361702
77210,19633.03738309664
104732,15134.142234848488
101802,9622.387851365616
106071,10781.480719762134
107867,9885.913187248749
103449,4631.211153846154
79433,25158.203368295744
94897,43717.37
79851,18206.82013904205
103779,7045.978958333332
84206,7952.978088436061
101707,7491.3675
90924,14691.755687134504
92910,31429.515
95774,43512.9536446609
78551,41886.4152
97038,13908.188858315689
107852,14067.860791666666
87639,7774.603177423037
89958,18458.667775325535
77096,14563.248333333335
80491,20496.23405753968
97835,10804.612896886878
88697,8409.825369636763
78196,48689.19861621852
100662,10029.30611987163
93739,9185.755
101433,12073.099302207893
79620,10902.031460636652
98914,8300.13
86750,9560.482298620325
99223,8638.61
100046,5558.892545396017
77452,27901.256739554294
104703,14742.118523064684
98198,12399.336625031423
104049,18292.39172054982
102264,11405.093544642858
104967,16399.188444197447
82009,18250.51
79345,14319.271650607288
76063,38735.345689393944
92506,18480.650294004707
105509,7361.986666666668
87958,12144.759914052704
104150,18785.189772625326
76395,22147.64579915496
92933,22037.200888278385
105564,9750.825
101877,16300.98102111954
97863,10009.077089646464
98886,22996.2728125
108166,22416.836002351516
84870,18301.92001427061
105095,14630.16000072727
91461,19214.06347826087
89581,6832.125434463023
79917,6447.98
86396,10932.891442767475
77190,27270.150925925922
81287,10807.07618756085
103138,11219.39550035938
87123,10878.433391405286
103793,10486.235759735648
93077,20841.436539971215
107545,31365.397103574196
99055,8699.03
101183,8366.969373197067
100713,8213.51028989097
94948,25612.935
104333,4972.205
99987,8184.226291465857
85251,10521.916340053764
78966,10972.382963181093
106038,20743.66744149478
80139,22285.1925
86167,13101.493510893739
99261,12586.725738492181
92352,13534.7575
106505,20701.575
100845,10705.770822510822
99620,12720.854394782666
99159,20714.8185483871
106476,24453.376831099635
98980,21093.124573386387
93289,19719.35811154778
108209,12336.647024665386
83126,9250.636985984473
100563,6440.7427906976745
105255,9606.192965274031
94179,20212.58735434415
90552,8481.923999250459
91267,11265.31
96812,13521.56525
88257,19893.571666666667
88718,12146.207956387461
83854,15626.062864598418
94902,17365.1260199334
92523,12764.881164757482
89821,17569.166590257868
95400,45535.5
84369,10260.09327853124
104199,10821.831629994216
82116,25768.53479329408
100708,11707.473173107155
82790,13009.980795900181
81821,15939.502662894909
88277,14103.711439145745
81500,34544.295350841814
86835,16552.143999910382
79378,32942.82205711245
91295,30181.97126190476
91973,25277.96
104856,16333.600138143027
77543,20023.79163106878
108162,8884.69204598506
91217,40471.64625
87896,18007.167450757577
98107,8568.273593682128
100169,10731.387110680991
90709,9947.141633380565
80086,33454.42833291977
81299,34420.367861721614
96112,18609.30202956989
103775,7270.902272727273
95669,29329.005
78443,15086.42104300577
83136,16005.900223020832
103945,6621.98
93010,27005.825
91906,25259.69345238095
85113,12180.28179046909
79454,17139.149185786435
95079,43414.85
77330,52114.43964656453
83798,12989.045123592376
90237,7764.637563926371
90782,8443.160585361427
93557,23853.3125
80716,18647.59056713343
103222,7792.998112251727
88529,7893.183850108225
79327,20435.875328480688
103525,5924.355
77294,14358.2360155162
86934,5862.44426850479
83687,9741.461168245456
101179,11191.997894050726
86285,15872.424965843873
108225,31876.074948859066
79458,20140.16149936623
79962,27190.662189843482
77878,31077.395
79980,28542.51894268778
78111,22020.252806512188
96878,19879.247394678496
91368,25766.26049206348
85298,7408.72218522409
85082,17477.1186029041
91369,21522.25776624852
96485,25649.9509703734
77644,13686.785
87187,16985.14551023444
108438,18168.036791570146
83884,14736.301271481147
79694,13302.537204329006
83581,18339.968833333332
89661,15781.046750000001
91756,15650.4072872534
94344,15022.770966666667
104700,26471.47641632894
82382,32243.56439617764
107594,40737.735
78751,22640.714876212016
80127,12657.982909092054
99586,12030.910047281324
79871,18626.183333333334
107372,17624.59779143913
108028,25140.080330922123
85904,13320.53308403315
102788,13880.729008547009
99942,12728.786288461539
107103,13619.637140733523
84087,7721.355898989899
97292,11816.943724637684
104542,14752.427329297525
94429,24256.336480855858
86335,16748.269594458718
82367,13822.26470996213
86457,15833.307595346549
107346,12579.815427453104
77766,54816.32482278796
94768,45112.82777777778
84426,18301.46077056277
104173,17899.781666666666
80165,31254.92720867166
80521,23949.06223556998
95028,30545.820308321952
77278,36340.64321020646
104940,20111.835
76864,24033.86
87845,9140.689906790369
86391,14152.36615915878
85488,3603.595
87274,18369.525722651582
102371,7991.055095543924
77811,14987.442032491903
80166,24902.471735445415
85693,8174.929676634385
86192,17800.060395899
104128,20372.467581098714
76805,12075.02
76360,13962.895132441588
100706,5184.4725
101318,13246.188231649594
99579,20179.888487781955
77331,24877.792999999998
107340,12520.653065121185
90662,19324.913639854836
83565,7060.996901260503
89664,19301.128724137932
78421,21899.09980144894
85006,10879.905781932755
93876,32721.008064516132
97786,15978.753681771672
96174,25078.12942619434
87729,8754.902833842425
83280,11148.157674307504
102207,15628.544210298998
100949,8261.04234469697
105703,12904.585782316255
100936,4489.013988095238
80419,30649.425830995347
85990,8786.501652785555
107505,22058.221931321084
81337,14698.721014135392
93683,31422.951712506143
94646,29970.24625
93987,18073.180833333336
80512,16836.015
76113,20567.775
106835,7042.118571862348
100428,14014.742245471838
105624,25028.36398574367
89652,11814.421879918142
95108,25735.1868518249
99206,11687.478388888889
76036,18087.112464514918
86230,9183.87642402505
84454,13382.305178096616
79349,15766.748636363634
85609,10609.054142471336
77345,14964.680286215518
78726,48562.395
94445,31146.16540185798
107695,8277.766607142858
106991,17980.088328993
79308,13340.542211538463
86486,8970.05837842713
80429,39568.56833333333
87107,18320.21600378788
80582,14296.405757575756
90386,12085.405174283154
98363,11360.706666666665
76705,22005.52128928687
104824,7241.704021021022
104154,2264.0475
91270,18567.115
83116,11481.805296138544
105710,6262.26
95042,17604.704473039215
88001,13918.352905092594
85212,10654.394029421646
91875,21633.57130896977
108248,9534.115
106378,16638.492793528505
89950,18531.96085909091
108165,8291.824
83958,13222.207203102815
101582,5970.556704545455
106377,13464.042547921312
104057,9710.589533799533
92245,33661.80767530212
91187,29860.1995184506
88022,16670.96093239999
92561,18756.592588670206
96757,9845.854333333333
104597,31443.91316333827
101485,9258.684461736695
88381,7680.7889089072405
103776,8643.165416666667
91215,28948.135
103022,13066.133946531105
101933,12975.764494933232
93174,29583.085
105945,7469.849377457384
78879,19073.514857142858
82065,10881.489166666664
99235,27513.194838649946
81250,25743.00368428912
98942,22343.142586206897
82966,21245.465
81141,20455.50330686884
101325,15360.743166666667
82470,9252.183410515596
79063,32027.539822509905
95324,37837.69
86407,6475.349463258748
94026,70693.965
106390,11284.571000000002
105069,21594.95006811328
88045,16287.29901984127
85356,13323.002281970063
80298,24853.82555589201
78479,11506.016309523811
98197,20238.13410333279
76490,27039.750607142858
77678,30777.634960265194
87021,16551.65261252463
107215,19423.825077689256
81404,26528.855
84641,14017.047854900467
96328,21880.16846651093
83845,15301.771381991035
102745,7707.058098688751
105081,9666.534728651657
92135,17095.974916666666
105888,21035.87396307083
103985,8946.45809145322
92091,15071.87389462081
88090,18111.12155320268
106712,10180.769947325281
83446,16157.586224763072
84263,11077.899410498068
87277,10891.245827515457
90625,7333.879488898184
79466,20062.056646828336
77287,7632.900095238094
91628,17678.03085179853
89171,21262.69407894737
78750,21408.00552377688
77085,29052.513266666665
80877,22389.3975
76526,26352.425
81085,26394.003478123726
107918,12530.876654161939
89072,7691.712537373653
103832,11289.892291241385
90495,10567.602485978661
100430,7697.93
94346,10559.676458333335
94350,20265.14548846389
85431,9396.581118008005
105851,20139.928019407293
106969,15407.181619412346
95370,14800.401212060602
94611,22973.655
79129,4534.56
76596,22278.13733806789
93211,22532.288887987015
102753,11427.586174521244
98370,17142.74595739143
90773,12116.238823493162
98298,13225.77053323147
98150,7597.097607836558
101220,12037.448654644388
80802,31648.756488581756
91398,19136.602581746247
86010,19265.60783531746
81267,37020.7508393023
79745,17635.279254334782
105864,23701.245
99245,18561.96089467435
77308,15982.066423160173
85341,13133.92348523167
78845,12059.051467146473
78542,13035.46654290171
95408,19983.048929523913
99562,7588.54160783656
82748,16490.819127771407
79419,31271.715
107846,12760.450032304101
90929,19425.14877048972
77964,20493.536540084748
95902,22965.49854166667
105576,9287.79923076923
94067,25573.0275
82322,15242.89
94533,13473.820629486474
102326,10052.122727272726
97048,8463.4861180473
84908,11359.763823541907
81143,17021.812523973185
90090,10959.696542501284
93029,19756.540191068078
85943,15677.241958822433
95392,19373.044672131145
107057,16587.152625
89067,9443.438567786217
85202,19785.399082136584
81457,25298.38834390311
77074,11201.284347222221
94378,20138.814156636025
78921,16903.66642857143
80414,26806.306433658287
78653,14257.513625773168
87185,18151.901670035208
103928,9436.310278136647
77930,15049.121424372666
93057,32468.619
81986,26354.493901142057
87505,20617.181666666664
104258,4774.525
100795,9821.206992053367
82702,18140.870821489476
98156,14367.920540966386
81155,26350.642759689097
82204,11422.965
79859,15659.497425980393
79501,35712.0551369863
78998,15783.343097360581
93846,9405.545
83490,15641.499773339034
81890,31057.451387300658
78672,18247.31365606517
79310,20919.34130690707
81889,39157.7
84975,12844.42141084764
104001,21023.745575396828
90374,25126.973666262333
76586,47838.556195849895
80099,27655.623075059102
78984,25942.350916680043
76198,16623.858095238098
106595,18972.369486689284
78327,16079.59401587676
88954,10102.40756688021
94710,41473.865
82380,7922.4
95780,28746.38
80440,60100.93
103715,10508.919302568298
94371,26542.43321350297
105793,23059.097583958384
104941,10462.473625142495
77499,11388.21875
79776,17153.33439844379
102456,6098.6052500000005
87034,7697.71676229276
98570,15339.176341418535
86294,11779.773648821061
86579,12878.283833923144
78767,27820.724516666665
101407,9621.142643770128
90427,9518.031666666668
86604,13318.782360914549
104481,6916.340860323886
102055,8904.840949404925
76565,31799.29410093745
101769,7655.250861111111
86849,8078.61492789096
89128,11651.603699808431
77119,10698.0634299302
94623,24070.757631487562
94988,23882.842499559876
107071,13654.086728988725
106724,11996.110980513231
79938,20387.99325
98217,14452.467481192527
96660,18408.400352453104
82817,11695.588268241912
89810,8788.23908409289
108212,11056.666607861385
82851,19444.114924242425
106739,19349.778333333332
98224,20190.78330468656
79457,29250.56643920152
87381,10419.753767424616
89127,5778.88160137085
79388,26409.395091807914
100705,5934.5
106385,12084.836867968868
76142,28386.718520833332
79007,16735.441632078273
95972,44573.415654761906
100737,7655.990866740384
81958,28199.096704635376
100805,8581.147839285713
81226,11726.317510070754
94857,19326.995232724326
103193,9682.995684920543
80622,28077.092047619048
92116,17882.05720480226
108228,9846.045802332495
84744,10398.420779173704
90654,16172.942103838255
90551,18004.170833333334
78428,28703.957108034152
80781,29919.645
87118,34975.81
90187,10643.384489382237
76110,11520.20595708394
81102,20244.253392857143
89957,9967.05911019536
103585,8802.332978931783
95786,26136.3
90883,8114.84246438511
94705,49216.68161070238
98890,17576.47
91766,33391.36568452381
95207,10220.44510654623
77002,12905.669438288398
98428,17541.378728070176
85456,13144.218759221592
102472,14892.865179886865
83021,9713.23355637394
94063,14377.939785064937
94665,31303.64959548614
81432,22352.74780317818
79825,34802.57409563015
95008,24097.918703703705
104634,24783.480123560745
89960,8208.71047534218
99162,11101.546957417582
99269,8837.119595844779
102221,8643.698
88075,16051.79231360727
86981,8355.37043809249
97144,9933.703750407667
95073,24054.563176838055
107794,11041.946638887515
82837,9692.013873040907
76265,27744.49836456644
102416,14067.216415064104
106292,26099.803925749802
94162,23981.182340192576
85715,8512.736721215262
108484,27996.00455579473
103120,8033.5
98178,7576.009080516625
92208,9683.276527777778
82800,14116.041356160957
86660,11466.174830765132
94811,19246.31632493473
95020,12395.154439342405
103339,5971.375
76719,16681.001666666667
106391,10367.82261020231
95855,40150.06933333333
107989,14733.132705320299
82154,23513.970809533523
77767,15789.53155714483
102776,13100.390647285827
79642,27171.015
77306,14195.897674999998
98007,14747.664573232321
105538,14773.631876408062
84076,15154.706817073173
77749,26795.111833333336
95734,21077.651238924835
80602,16834.880625
100988,14311.198778490028
83690,11392.070337047102
84882,14021.596490312162
101699,8255.593450419528
86025,15524.548558028588
104331,22174.349014226445
93789,16637.646413331
100427,11056.390597537495
89980,6571.39814516129
92989,20741.016112550107
96820,10204.87072075463
76354,20169.697206513876
93143,58619.65
95045,22840.455
78135,13222.12559090909
85841,10537.928092838134
105453,15918.661063403135
86843,13872.21718036321
76450,53956.19
94878,41364.94393269231
85792,15781.331642077119
92518,21784.16
91382,22740.568630133635
91966,40810.45833333333
95486,19660.044756850122
108090,19482.985760410105
83588,2362.945
101240,9306.595285705896
79797,32298.24297297297
101978,13952.608909130526
77559,10024.06849569505
84171,9005.44456570132
84012,12627.435015247602
78716,20226.854584449946
100485,8322.951518977603
98908,9096.567772929231
93238,32662.284976513187
95809,24232.16659209854
107070,25194.6196229852
102546,7917.106074879228
104507,26421.665625
92943,33186.505
90241,8193.617365352704
79542,25007.98
82510,10032.247578941773
93255,25512.24859797297
96559,12394.131116749799
108483,18426.51947019647
82288,24990.005
104480,10645.999319012808
92328,30210.265
95793,33094.9303007913
105673,13488.209379180604
95841,16002.33
98338,8500.185
103579,5634.768918109667
76861,22979.45214320684
84414,5390.101334973584
102508,6518.3325
83622,8779.988098856396
98822,11001.97172996716
86291,10064.592282694724
84831,9516.519589542413
82626,10722.356867690316
105508,15358.15034918207
77130,28255.109929237027
94652,28558.50116307719
83243,8906.909092619991
80908,56556.84742472506
106139,16984.770869565218
91617,19789.550461791554
83524,15224.291889880953
94486,25746.739375
106044,12450.804815380172
87195,10254.330361098531
77450,21219.952688534795
99239,11959.333115115069
104813,21596.538252226786
108254,9531.426498988341
105150,13374.224378020976
88390,7994.496192889635
97902,20486.94115201902
101186,8127.595666666666
79116,24167.6132786182
77214,22288.17205279217
79298,5697.966666666666
91370,25214.9821875
84827,12440.51855730667
107282,9832.876561128474
97678,7765.034604487179
93570,14552.535819279194
77654,13629.95332371215
77227,21915.638258818337
106789,17323.188973272805
78869,20960.080986742953
76531,14610.921999999999
83469,10085.542200767844
92278,24710.81840909091
105949,12198.676045871412
89026,21623.81666666667
102066,10993.541444204928
96352,14851.410384656243
77819,32626.224230367236
79655,30143.43745280671
84059,12367.141679226768
96541,10105.48494312156
89319,7462.504199346406
107795,9556.512350935574
96961,21774.378814814816
78158,21343.372172348736
77428,23301.085
101125,10887.004557109556
95105,18990.42843707659
80306,9875.565
88903,10914.651841417635
80574,19002.195
76321,27400.756666666664
88786,27202.915
95682,17738.607830882353
103135,14340.397871901365
84241,15094.383464323075
77809,12297.500484764658
92926,33509.940341617934
105895,31080.892000000003
86247,3083.06
103470,11447.037844920102
98865,25360.160818680393
107363,28625.440060196375
76516,19748.44998206954
96506,12348.97156119424
106306,12386.31179434524
89093,14164.410000241613
108123,10527.297017979412
83510,6838.495758928571
86792,19898.30083737866
99984,14603.54
76508,22871.53762013048
86580,11352.907018851885
88428,11704.084354395603
103922,18352.126262973532
96703,27007.261796568626
107626,17659.06
90100,7099.286637247086
101987,8823.978561706626
88615,12299.025039728092
100138,11423.309365842491
83743,7224.786785654342
82321,14879.53469867186
88594,8461.916526277135
93842,50272.93289182918
89350,10832.842531163229
87643,15072.51533901756
105892,12113.585033125853
105711,15646.555
95657,27129.661875
96330,18695.417015472918
96906,12979.432084374677
82247,20082.49020114412
97125,6922.076978632479
101306,14572.752601921467
96708,14783.717484387718
77250,17176.77173611111
95451,21906.415
99405,13133.74888836731
94758,19078.713642119343
101101,8758.07706733126
77643,28177.700947341906
90209,12985.900448910175
90312,12914.446763027858
93955,19259.788829981153
76334,22774.174653368584
85190,12967.903905835408
97992,7077.999710676559
92748,55427.18441630824
79843,22557.383303279028
88769,10195.201838393954
97453,14418.59435626873
82550,8680.91201043655
90775,11889.022033314277
88190,10697.885848683556
100712,17067.692741935483
77237,34710.13570916515
78997,23503.79291666667
105656,20286.41651771727
93368,25264.877791145173
93469,13669.280555555555
98426,8434.024796299862
96832,10382.938488526177
85322,13740.142978963298
97139,12148.361626984128
78678,18489.035537579894
97821,14361.847279206153
95410,14118.985555555555
107358,16040.240903824799
96750,5943.918899769586
102529,5298.432124929419
76433,13212.77732142857
101626,9169.865227272727
77790,19767.377963247636
82932,11572.283756125362
89517,7538.3864888531425
82905,14228.696876131326
88552,8348.525483598294
103006,14819.558816058652
88811,16293.327463621741
101734,9900.244110360447
99230,20621.854356060605
106537,20195.799693531637
107114,17732.996482518465
98513,16724.69916666667
92795,28918.21
98563,14150.158214285713
78599,7604.02
78911,21610.616558657344
84652,13401.988643215935
91014,23099.04
90901,15881.152240714275
82041,39441.024
79218,30416.29537395108
107371,44121.90712910671
94767,21823.38931870665
91910,75721.65
103462,7014.935216945774
77125,19407.919275339416
95567,47293.84
95039,24973.68152173913
85065,11918.330863207546
78252,19601.076023799855
89580,16344.48286209177
96742,7962.864979972586
79876,38302.083333333336
94674,22619.335930721798
107822,14813.26659149938
92586,14445.998431786324
78107,21924.010025281405
91241,24204.031734973156
79077,7762.345
86212,11553.229931665748
107527,16635.66138124052
88056,8577.438741251617
108480,14675.840328563005
77620,10457.6815
97188,21845.057602103847
94979,20723.394845354807
105541,16152.620384615386
105852,21677.880536957007
99182,16567.532849534953
91355,48391.33
88516,10994.557996412963
76101,22184.966500150123
87097,7562.193449346406
96299,8916.231930034071
100944,10496.467857142858
83995,5573.847287546003
100407,5259.605500000001
88255,9905.214488641517
93935,22046.5213310433
95442,25481.672583333333
93571,24504.48
78642,55526.987725961946
94545,30819.223703703705
97746,7603.222275310799
96419,25171.07664323972
102851,12411.331160005808
102356,8826.815416666666
94962,27020.577232001287
89175,13803.992448865616
104139,10383.250491194374
103395,11265.47053216351
97017,6447.409031954086
101358,8903.136160112497
107417,10285.658936507936
97977,11474.32498409499
86765,17770.37117205332
95743,25213.301486486485
97804,18973.201153792663
87010,9405.35
86791,9726.584309985388
97486,12982.54
81124,18015.566091466913
105391,19251.36296110241
90275,8036.325121859937
104855,5738.668475108227
82804,15293.867476791233
94810,17355.606471126484
79517,43617.875
101826,11546.376368683059
89848,17448.972489837397
90432,11867.512229284079
83070,11316.362442260108
78270,10920.292023809525
99275,14461.18970713222
92424,27633.53
103334,12832.405727764568
79160,20546.94898772065
98830,29812.435223334487
87956,11383.526435372054
84523,17934.76029411765
78157,14703.041944295723
79460,20648.363127158194
81918,14416.489888743841
98433,21497.60442524161
104582,9965.652904580977
80046,44514.14
82135,20384.420055732484
89685,16351.215
100990,14317.2
85624,15456.090283029172
88293,9858.316906354376
82215,11557.280653830452
91261,31220.9448760785
78018,11585.076428571427
78266,15831.74013914636
101074,8063.692011657442
97075,18823.843874223006
81806,15966.50380941767
80743,20275.808364898992
95234,23324.68044148006
100410,19759.286269571778
106840,23146.6481307815
89637,6060.144464285713
85382,7440.255833333333
83832,16817.408634059957
108331,7617.78664459452
82026,16109.823333333332
108448,10564.947818467394
90028,15819.923117711623
107663,27200.725920147714
107477,15580.091917838676
93709,12004.666666666664
91327,46711.995
98548,3218.58
79064,12451.054892945012
100670,7578.62741091954
96494,11285.28716530516
89974,4688.181904761906
96107,11134.091726075805
78151,21616.635705674948
79304,19029.852123573986
92842,48587.2075
87813,10693.144881957374
88762,17960.33614862915
90399,17233.040837189255
78756,25560.851172348484
94019,56201.81472532265
82073,12570.67
91846,24007.805
97414,30750.68813964103
92758,19228.837411255412
101342,12048.121712621312
105987,20702.18504403252
81349,12769.17125
103712,13108.895745635646
83627,14090.868596208305
95247,14048.035
92833,15539.700131816193
104587,15594.996368164437
93265,20019.1097899072
90518,14801.810205853177
104256,21105.4525
80882,20311.149348830517
108148,12455.334586123578
81385,13866.608481822414
87860,9861.936199090416
107638,13090.211858619921
103947,15760.891290196161
91049,44389.587857142855
97916,7137.209695945946
95433,22725.217689916954
95871,33657.455
85779,9017.120570804254
103360,5354.0
80203,26633.282564281555
88511,11285.186232443086
101672,11295.103087333968
82992,4102.615
103889,10374.145867213305
103630,7725.298333333334
103366,14346.41
97200,8182.496694531972
104563,10257.475797619047
85824,8612.238389027127
91924,12228.415
96499,14096.16
99026,15862.986660539214
81965,28629.17432492344
91604,24337.339396551728
77552,27402.22648736188
93750,30374.83018619372
78941,32054.42
102717,9868.509244399756
100534,11262.235693370449
99036,25171.323670519465
101961,6465.85917248062
76940,16170.954886363636
106310,16588.450427108568
81520,29490.86549636915
91800,8429.737142857142
95707,17721.166033207093
96395,11625.875584501558
90505,22531.548603670635
95284,21070.48
98094,21572.47745122019
97884,10050.78985110664
98933,10803.856892169151
77664,37806.494
93941,24801.863712544804
87812,17889.957086513634
81266,20664.1485
103825,9173.406558800623
99494,6825.998762820514
91256,12235.24
91703,20028.576222570533
99971,5790.4450704942865
76631,22125.744086121354
103612,2290.44
98611,4518.089166666667
94591,27458.505031215955
80518,26854.08935897436
94000,31369.404013402305
85010,16952.397529314556
87369,8809.473242587745
86714,9740.69808947761
79985,14050.09174665113
88051,3700.54
97065,6830.305184138436
91307,19192.41822380811
98365,9408.679972527472
76522,49536.37078085752
96638,18141.843850537764
79703,13138.262837946853
83107,10828.965583113706
79104,19783.553974358976
93563,31388.177916264798
82599,8441.094256498305
83486,13905.456501643332
92895,17134.492847826084
108343,30464.866582801114
101774,8063.285928571429
82612,17686.019643115942
86861,7195.018401133641
101902,16182.76980026145
82973,10944.452671625162
89872,5963.922864583334
105616,13131.595285315474
84876,14267.680553763084
105133,10821.23573932325
98877,22195.93932999321
98515,22442.00402035002
98327,11052.416471873103
106633,12983.637395833335
82505,17919.486982843137
105007,11587.080887945454
97269,10164.268241884056
78140,13025.026834627328
82318,18303.866340585588
92993,22248.86064756593
97743,12048.370833333334
87763,9356.180097643097
104942,12353.478333333333
92045,17122.99
97767,29477.197392307873
108348,18671.10404222023
89665,22467.67555153174
96862,9089.969469927611
78597,12179.565
107574,25173.807578894597
94460,18988.148194256708
86944,7813.814124953992
104505,29556.576636927857
94837,28035.64
84576,8094.718542214736
82427,6923.104626068376
80054,26710.301906580815
103504,15388.914565217392
101400,14506.215583333333
95904,23759.535544479488
99877,9007.902490569979
87554,8110.567374186916
81180,18132.887978789615
101239,14198.441627594628
94258,40778.15839285715
82942,14318.660111966941
101204,7200.674383612441
98516,15522.35
86925,9893.059466393555
104724,7095.142384615385
84627,11821.32420341721
90133,12834.608214285718
100320,16882.795561767103
88358,15631.270083333333
94280,12204.052823967699
95334,20693.55774258499
95899,26999.720578703702
87270,17806.54969269044
80723,22919.660352576175
80469,11297.428276224886
80280,20740.601666666666
79493,11040.781243087893
92221,16891.98875
88547,10638.31247784617
97994,9568.512197986576
100047,10818.871544117646
96172,6677.314152018844
88933,16410.284583333334
107059,12970.808209681778
104280,21766.669264601023
94714,21610.02818887054
88671,23923.59172443301
102414,14364.296508552987
78051,41041.175
89512,9900.061568722704
98524,9025.325
88047,9491.736973768115
84441,9323.258735569985
78156,22304.223810502208
78648,14961.883055555554
78364,12045.893310379819
86764,14324.004567060947
78495,22096.550724980145
94609,16451.62
83449,11159.564415009765
102392,10450.982317927172
102455,14895.907666666666
83713,16174.04929504264
97475,12095.613005614665
93371,15121.947541670743
94199,32696.7783890629
85023,10548.271300145765
95338,12383.95018332974
90965,41070.94
77195,66151.46
81875,11119.780888259702
104416,18584.272409937887
87203,15088.83625823939
91239,24419.914964052285
78127,13436.14166170635
98386,17030.683520209863
96497,11047.135342371694
83232,14252.824295791146
107692,30345.321776068256
100734,7875.774589497805
78271,32809.73607983587
100136,10636.252631093557
86004,19240.51701940729
77776,31052.721666666668
84950,8519.297920777884
84323,10994.295381925458
87033,18587.9125412935
94088,21048.53098128665
100594,15433.0975
103071,8462.99163805513
89791,9685.308043283856
97852,11694.033333333333
105601,10712.737747616833
82003,15324.280780441666
84872,16233.070605629458
82701,15248.308642803277
92469,31409.732865822465
92873,22670.047334425297
82114,28959.906305730892
101316,8694.549940680325
85697,11382.050860822215
100885,7852.349879646338
95305,19290.969994694544
93741,11323.935
76178,20116.501963542465
84999,18826.81940302621
104143,22393.535
105483,11890.21523669468
86136,10323.138483593335
99292,17592.21
95024,22331.950054945057
107831,9338.223174242425
95035,34857.81421296296
86842,19132.647814009662
79511,49799.33618303571
99852,8355.844944699369
92478,20854.191837252063
93704,16498.954052002522
101664,11753.906447962392
76931,35203.31
81674,19256.75345238095
102597,8026.01
100630,5917.995
76978,29348.316810184504
102490,9813.367435790356
100842,8176.244231283423
102990,3844.08
105412,10550.238871410129
78744,22672.93179320744
76082,13535.287427343736
82773,13043.269885172018
107285,17967.884387264054
85211,13355.39072521376
101093,7096.95625
96626,18181.688119737773
103089,6185.0375
98149,4145.18
89290,8806.649409938516
104295,9395.670086580087
106958,28938.533436507936
102661,10310.411541671507
84082,10400.4000488835
88521,24439.110545370797
78312,33908.715
85481,7886.074650741259
88961,12205.678392802456
96432,29069.23656834732
77539,11045.63
88374,16985.846730295198
102919,5825.767324789011
94335,14332.40250014191
85305,8017.3506912850635
96360,11907.130499999997
85471,8708.091593947967
104566,9368.047342088807
102100,10109.45
80170,13247.74606060606
103347,14750.022964480873
87487,47157.825
84090,15267.766558028588
100034,18027.037095429183
86825,16958.631808835693
80018,47473.75561122614
102611,14697.832455185124
102665,9645.15
92920,21794.678344674106
89381,7108.461378567182
105151,18571.55238997114
84039,17150.591831829246
102217,8133.115865820187
102388,10123.495
98820,18944.991928571428
100665,11053.189166666665
90384,33460.64894737261
92859,10380.377169136418
106356,9700.882123397436
104723,14675.917349432802
93244,41233.95230769231
77449,20222.705
107911,11809.493990734753
81721,27773.23051630059
85237,8103.646851155895
87601,19585.798426092148
98578,13123.49718361585
80704,30633.552293823253
89078,7519.678010093085
92042,9390.97
100450,12385.643
95304,8500.74625
76023,16950.63085653348
90609,13137.91301722592
95170,19165.605358699722
96870,9645.976199087681
107247,26967.436292760893
100484,10489.43436945898
77659,31040.435450492627
79832,31192.69108044521
91419,5359.195
80371,21233.941493053837
83386,15609.444598951046
103919,10833.817453695847
95201,12380.619204545454
84155,17444.60173274138
90743,10648.542937045435
104381,21684.717804093565
89097,6897.010692469439
102033,4973.965
91725,25693.481944444444
92999,18207.05283333333
95835,18754.365997757828
102206,9566.076463193367
101763,6831.585
81377,16458.93502466978
105683,13800.033348366413
91033,31454.43972747959
103314,9857.810712104645
105070,8094.615811986865
86950,8993.932507179561
79171,21894.22463886144
81227,18419.82000434492
80197,15636.310135946102
92037,25381.71225
84688,12504.25219869054
101952,7797.835
88604,17577.270833333332
104058,21500.805
106274,6427.743552631579
84985,11222.516205952392
99085,6932.135612328562
80801,18383.045060936096
80233,25793.30375
81000,43035.51357142857
89057,16433.876522918108
98382,10296.632333333333
106493,31838.526241957978
95057,19880.98834868256
84556,9671.910022555863
103037,15827.433610225396
92174,22372.77158333333
90920,13585.01986111111
93409,32161.854606331173
87113,21657.005303131995
104981,41931.61140968726
104556,14526.75
92782,19518.078057019007
90546,7262.275595238095
105506,14508.24642857143
84787,11600.384778350062
100399,9797.487805441557
105911,9349.349751087868
101920,10433.140713967194
89224,14541.695940803742
106787,32106.89
83083,3893.55
102399,6974.842892156861
77196,2923.065
104889,7358.718469654138
79598,10019.390930205416
100540,7638.294825748604
107792,56168.93
85758,12767.497250887822
79333,16095.264589779805
99351,14866.915690961796
86706,7652.806619405089
89547,16430.357937171586
88092,18215.349488885346
90348,13698.875579352396
96125,15892.127935307704
86921,16450.177305969162
76903,33448.04333333333
95539,10912.583424022454
89841,14530.97005686685
102771,13108.847841118197
87174,12353.713400849538
81975,48247.38
95289,16590.661583333334
77318,26497.005449199107
76955,15280.585
80996,51639.74109463644
87707,5590.885643939393
84519,5863.77715909091
96833,18063.15
97584,7459.713749614732
104697,11582.64932002193
85510,7856.344778443621
79758,34421.23165234386
99502,6199.927404474634
80725,18025.575
104108,10482.951210288342
107802,22065.83379024142
84871,13119.723835992036
85817,9882.154432697525
95473,7189.883357142856
85629,17161.48721577381
99641,6694.130205582532
82356,13322.952005381207
96335,22741.225
103623,10580.026131665492
84233,8830.961775806047
93708,13553.845963495925
97947,11916.255535109984
84368,18290.098833333337
92108,10793.665
86099,16249.56003907797
95173,23798.25775
78389,25895.951748167434
106219,13480.421882905624
88823,16297.879632478633
95608,29689.76
95876,30717.069882188825
86433,13683.076119281483
95515,20785.66973214286
97503,17221.432600737597
89163,14833.69083326693
106479,21052.171721278723
83722,18293.59672156933
80644,24382.158653856037
86002,19403.946145833335
86783,11014.85738070636
91928,31415.65494726503
102142,10876.98
106024,24596.989336466166
76022,13661.608186153704
95221,13251.915484417319
105051,21390.82723809524
99939,9673.925
103202,7335.713806306307
104770,28967.32028937729
88396,8244.130892458525
93666,29605.472293787236
100763,8595.869236111112
96842,12503.69395468682
78807,28220.15939618542
85559,10811.36505931569
84384,18291.425
95619,26847.154349854
104008,22338.51518890996
98379,6805.614882052223
90476,10129.421463633957
88845,9815.342754148052
80296,9438.010073734906
88294,13191.068796111129
86733,10609.490893759643
101515,8186.8219718735745
107440,9781.874815811998
81834,28031.176691025124
94764,29392.508936170212
94968,20170.077132195896
88218,16201.119939209728
87863,10488.43225033646
104019,11998.769641583254
103369,9165.561689779963
106979,5621.956564857054
89717,7260.092484105764
94504,4049.825
85722,11055.31064037706
85311,10869.25953539108
103162,8649.789311166049
79834,31096.85411698049
102283,8609.861677317296
102686,10526.507101424519
85834,11332.745057486458
83633,10779.922306471795
101178,6431.38850595238
102859,19519.21444744517
97691,18117.228961486955
99575,10462.573074971882
81921,13604.206779545006
88114,12632.782838040539
100101,9552.147224319899
101736,14397.884007239034
92763,17313.183252317256
93514,28487.1
86322,15206.35315205384
84924,16333.765168845643
85898,8420.924903790261
93419,27900.747228212083
88784,11043.250908578537
95012,50624.915
81858,19828.40122877123
101610,11491.009558245582
99190,9985.887299465241
87530,8962.77619205196
86979,14838.903320100308
77670,2117.41
81123,12089.861
81724,10777.130645631241
77870,11181.872285714288
84193,16002.857573703217
105928,16973.021968625453
97607,19238.38345949469
96063,28721.609873646208
77962,13830.066786616162
81560,30669.256420963473
100204,9929.436306092255
89185,15216.163078279727
91744,15423.088757912843
91470,26604.645
78412,10092.73410448375
96222,16419.904203163926
95148,25881.651784946233
106039,13395.992967144677
79352,11200.73738802518
96602,6599.72426984127
102798,9549.949212598425
107301,26133.592570296318
96147,16730.0329116724
87382,16498.803072916668
79907,23287.011201162357
102924,8204.784416194678
78012,22857.624417263843
78333,17395.161666666667
105989,22829.55
90607,15352.295968295442
86110,11277.767733333334
81540,22774.257575289826
77937,19573.31453410709
84630,18512.013761122438
80988,38264.82666666667
92519,24643.16489702517
95795,11944.046965311987
86837,5531.287386560886
82642,17595.379258249493
86017,12884.856633458878
84772,16092.135738424542
103962,11025.202514440867
106264,9058.605
84934,23117.30122624523
91598,30210.780209115685
104102,10306.905865433546
81261,5508.72
78425,20660.671082872363
96508,9580.455714285716
98668,18471.99309589947
93948,35516.85558468708
82909,14026.206831306363
91514,21791.687858166923
100969,6889.698433223522
102102,6084.259151568503
103465,9922.259
95072,19450.45072389519
87535,31616.451457640258
107564,6433.445717298491
103297,6254.711309386974
106528,9657.745640170264
83748,10280.183026242214
98195,6617.58167491687
102113,16479.758104939643
94277,12634.6225
93160,20027.292666666664
92063,28011.619358660133
81037,11873.034434709774
92602,52853.81788760554
93096,18836.74484848485
97243,11125.13657730111
78019,14934.940096435397
107604,10397.321805301295
101438,17135.98658333333
86439,9169.020513507327
82300,19850.218085867957
105142,12727.908048780488
84429,6151.206387986849
98958,7631.10609375
92197,22274.424557497125
82096,26316.055
81536,27779.330210201028
101623,15237.720833333333
85596,9690.134144300884
90600,12349.795188894008
80089,49207.49256161508
87224,10625.130420881598
87685,19105.919196903244
90958,29241.17017886286
81004,19835.401924682523
91667,19708.52115074721
77877,22427.25394512402
90956,18377.069583333334
87744,14349.20225
96817,11367.942426066033
97163,11504.39372247405
102517,12081.92003250728
83356,6691.939438531197
89415,9465.285582314744
100153,8655.397068482991
96024,19322.9258652793
92043,32137.53
100495,7960.687916666666
79653,20795.078758461317
88149,16236.844301892552
98022,21127.16001663932
84983,19427.015
98394,19021.825966115506
78062,16171.42575
83656,16559.47960517426
93963,55581.020694830884
81988,29792.423173801988
95992,27321.705
82620,11980.346909675067
82149,15024.09977575426
106199,9766.589815811998
107884,23865.27166666667
106607,19007.0290369002
84212,2776.153333333333
88234,16649.292635882866
96712,15281.840486814988
101058,16789.44387142857
81149,28929.741555170036
92670,20877.30440468389
101383,10383.71025
82563,13056.24093561351
100600,16051.257475340099
90826,11368.980625343243
102364,8319.855562875195
80759,31645.662091029724
79628,16876.214545454546
86113,18301.00191792929
96607,9790.74461649833
96462,18378.84415022679
88668,16305.736716496893
85575,19715.74736586942
97718,11043.994566923755
107322,30340.86286599467
79948,52980.72471963644
84361,19770.419166666667
77092,21225.28186667218
82359,21552.000470588235
87495,16887.676956035633
102966,13600.293909130525
104309,16865.787353508502
106312,23963.003496224163
85152,11773.071562778772
80835,10931.767172890568
99488,8938.096565551708
101023,10042.25
82295,19129.685
94330,23283.88575
96446,21189.48832627679
99608,12432.696928571428
108305,14752.00538706466
106512,17376.24509830775
104003,9543.963041148281
103550,12216.163337761234
86253,6785.635466239317
88355,8896.261466451
101629,10779.565
101460,5234.695461818646
87820,10877.158502263028
83140,11565.717761744681
89804,11880.346173728523
101738,13088.359004787699
101121,15600.798674302561
81810,43472.805
102106,6547.010297619047
80437,8978.157780015343
101463,10739.237156232652
97919,8041.929545299285
107407,25442.76701615867
76258,25961.91564324984
100626,19319.887148809525
92755,19957.175
102655,7980.386648131563
89223,16827.85670405111
95180,41451.355
96372,7390.494404862511
84089,11032.149258200841
82203,31954.66323076923
98785,7487.242775310569
95930,20536.760676072037
92151,17851.112
105149,13645.399704183725
104517,8085.789224137931
85727,10393.872047535211
104769,10999.81788751478
106796,19204.607993698177
79021,18226.652736348347
86121,9546.106423651972
103139,7928.801907404926
87918,9011.396177561839
80634,46360.99360574373
103033,6904.451875
80019,15739.049137202996
108035,20823.325
77891,8220.629123543122
95749,25416.376
86617,8133.907026126954
77709,10898.1625
77952,14067.744592293335
97083,12719.093485773326
78040,14521.701652880567
96041,29355.2205
101843,7921.78
103016,9803.74063030048
86049,11787.5533047328
98228,8625.201305028988
90554,7101.886428571428
103311,4982.435320512821
80418,20668.367655340586
81866,49847.10375
101259,10413.280848403236
92909,25565.957666666665
79034,34723.653780721965
77129,10360.851903784262
99018,12341.071023809523
107391,12457.384187141195
108170,16110.715745438882
80664,27380.384239428407
94438,46962.275
100436,10959.417032258063
107031,12979.248894817074
103954,9015.284
78892,12650.023168800739
88505,15928.847931496115
103329,11004.003717094358
88345,12675.066167712479
105950,9874.447265151515
98331,7449.765534756835
77666,17492.388897493052
95383,17296.423007164405
108535,12433.244583319796
78705,11673.87233811537
79597,11237.87
97585,25519.920995385422
93832,25890.15
97348,10204.899623515066
87291,16497.4527221147
96291,15262.933804403972
84851,12129.126817233504
105338,20735.561594017094
84514,9023.019524605279
105830,21956.832322463764
78819,10619.264914829531
79728,56886.645
105993,22853.200455128204
104822,24398.041328529594
101141,11094.371591119827
82728,8054.23233435456
83273,5517.105
107233,14510.7508622623
81943,37214.98818181818
105637,27573.233333333334
81203,13104.206641812865
95127,33548.06801341497
79994,34434.82423076923
96025,22647.786990722645
97390,28976.57241640517
107522,17299.103612012987
99674,4227.39
83001,19858.43047230686
94573,19059.972916666666
91983,34283.17
89935,15758.68989800182
83115,8298.252550752033
108439,19243.159640567766
82297,16215.306253620227
96542,11701.59185897436
78269,54082.26541877195
104124,10694.737692472303
90435,12689.9995
97520,17969.31274442881
85468,5863.855899571309
83566,10364.392154643601
106890,31566.280889092406
98124,7300.523240015701
85866,11373.092006349232
104379,25563.740507567956
99616,8509.50164966157
77346,26927.26
83668,7990.294848765098
94488,24758.731666666667
87494,8678.72701043655
84099,13133.213172914542
78345,13079.691749830445
95626,17186.630372256575
91044,22446.014012272237
91343,17821.352659241602
99823,8503.469580269692
97197,15591.505
76399,23623.731346418106
95484,44203.27642663043
89728,21382.58944817928
93866,13132.067574263037
94053,29001.789716167186
103190,11596.062728147563
76312,18066.163338369966
79453,23682.648841807906
99956,12274.501373015873
96811,33540.07368428857
100537,13743.449023206069
98142,2810.17
106900,17284.20610267071
89474,7223.922299057857
76696,11095.573487878786
87479,13323.265518510572
84806,10317.392483834214
85385,28767.5
93372,45600.397324786325
92860,24660.812467948715
105267,27194.337939188954
86951,8734.835810936038
79622,8824.570833333333
95103,19369.5392503764
87138,10476.473606739648
91912,17316.296404818004
78932,18030.155054116327
106494,12357.376642944077
91645,24260.47221114616
76102,19173.91580710371
79636,23935.883571428574
99416,11717.79852453013
95715,29561.31258379121
81323,21316.10974358974
96273,9419.218864867016
95585,22038.47271825397
91885,21749.05582375479
80762,27233.185920661
79167,9173.79
87173,10783.193686742363
92719,22900.32
87482,7174.146194023749
95215,21910.983328085553
104054,31068.581451284128
103066,9840.421868117724
102449,10077.59620868547
93985,24980.44630330871
99869,16394.4175
88347,14081.043970156641
77208,12748.995
79376,16059.852719076385
98451,8651.826615384616
88983,17042.011711897125
106464,10674.533515873018
89146,16513.69630761809
105833,9897.398405555174
79242,23367.999774816693
107738,10037.485
77626,13431.875515430807
77415,15995.598796439626
82458,9883.555090536103
80995,24036.268702022964
98434,12398.015348327512
106938,21579.73666666667
102349,10741.162331164218
85791,15272.659058092446
103622,10314.673427217858
108149,9655.184775837664
86450,20371.24535274062
107252,13373.780609469426
76034,7994.060833333334
82259,29859.419868421053
76581,31490.691552731685
95499,29273.745
76648,45568.5354546408
75992,19840.016030607705
81407,19054.1975
105954,15960.545012710432
97001,8924.040955119286
96179,10305.529726570645
77616,15731.540045624652
108142,20404.27685650985
89107,8287.08740041973
108236,22689.358738639396
92520,18462.128833333332
93186,13886.685972222222
96171,13059.371335429261
78460,12041.488797619048
85417,13360.69804138207
100064,10620.713227850867
92393,16528.344426513082
83360,16034.625764754894
103935,10794.530577926138
106977,13166.727121955126
107965,14359.73384566994
91921,21300.570274889236
105002,9975.775
93968,23440.33277777778
83088,6863.603854166668
92707,24655.24
89001,17068.533867098562
95856,21674.223333333335
88962,22529.10238095238
99828,13390.073120009743
87980,10769.58797776497
103861,15225.398607427058
90588,11513.445
91508,31113.325833333336
86131,8262.272446047424
97249,8163.6286434734275
88232,14730.490977272726
78451,29199.610031542896
79773,20075.075
82873,7649.600210030884
104116,20995.03
83673,20035.24875
77622,36781.46
94936,18840.270700781675
93795,18253.045
96084,7709.558479392216
105406,13322.234567181133
102280,10803.286217094357
83867,17326.181272712463
83621,16800.06112778119
98536,7398.598551989878
101889,9466.135
84479,12602.9947783546
77956,15629.652366533437
99484,4727.966929824561
82140,10390.690670710866
79005,35858.835
77513,22694.52042675444
92211,23599.40361111111
85245,10978.321666666667
92239,20080.11338344765
97205,4812.879661172161
84822,9868.98675142373
104413,11134.821920000843
98704,22600.584900278744
76724,17432.45578480704
101457,10798.43314483949
85487,17833.07608398838
107392,8561.895
90712,13350.398767114182
105823,7320.239643790849
100345,12338.015702931883
104219,12841.776586557175
90297,7015.779600233101
77122,31621.25603847021
104805,23666.975
94490,31803.693684891598
99948,7853.05125
103562,16430.77
93378,13994.307446577186
92288,12242.66851848203
78059,8584.987495421246
96096,15187.122865384614
95732,11519.837903442318
87817,6457.964796592081
101084,9488.722
90506,8132.732617596773
95676,15770.903623141565
90249,14453.817526618654
95932,31155.08
103254,11811.426391770281
99286,7475.842861415117
84918,13399.98447279866
97397,10043.451154420549
88837,12689.316083333333
99212,23513.51715728716
86421,14395.357809882602
78337,32444.941666666666
76020,28789.84208333333
88038,10574.047577380952
91409,15603.289918832348
95205,8797.342666666667
108031,6116.79
105386,9794.4
100613,15773.872795382187
95685,21701.05993310477
78731,12242.728253968256
87310,16627.095007002805
101113,11140.643456681151
89077,10059.764198181803
96672,24004.104190480983
86775,4625.231538461539
79262,28467.52631146902
104469,13458.383082968217
98351,8868.863333333335
80728,19709.21547348485
97386,16634.46871303696
97417,17559.426607789796
93911,23298.8575
99842,6764.30125233543
97191,16889.475322188868
103152,6722.981428571428
100093,10265.261470588235
104319,15435.485615188112
78419,22982.283936170214
106929,9403.356580666476
107427,11062.84828324871
93578,20012.755356850717
103404,8428.798194396679
77844,21864.04750065804
98068,14106.105
95709,42609.567691102755
87946,16737.117927792053
76391,45995.53793284348
87096,12719.682639994708
77186,27340.033333333336
90698,11535.497931404072
93367,24129.463
83133,10768.397241285164
97840,12482.3470454567
87605,14635.783413485946
78472,20056.554062418498
100925,5133.24816017316
99596,19082.13198257813
86081,8203.187043624272
105725,11142.225894610598
94362,18418.225
88579,10638.996097527635
86705,11943.93950371377
80813,15179.073735795253
78885,9111.77
95548,11871.525
82342,21291.066281791354
77011,16946.615218500672
83904,10466.64425994079
105485,10948.8925
107922,14814.29296039475
90200,7255.594556451612
104534,10558.77776388889
88664,11386.150868487286
100499,7058.403789682539
101035,16173.826250000002
90482,14977.68092866213
108068,8739.375175229901
81709,34578.693186231525
97618,9199.222116112107
101931,10025.492
100284,7226.168976918666
101027,14635.658094756121
96674,10425.331323238363
84856,16030.26485886618
105326,30572.370628074495
102491,11331.293340738257
97616,17271.503441772824
100667,15576.905052020877
108197,11109.937640642866
94844,28481.337480398644
104934,15555.965787337775
94116,25986.033833333335
76214,21624.646094021184
90916,21157.43783910414
106013,12367.109005132681
103429,16262.0222185442
93335,16730.32908175852
99260,16645.453606666608
97043,12387.19513437951
77925,62904.785
86716,16420.886316035092
82230,11860.863199841382
77567,43286.21972104019
108496,32398.117065845436
104871,21077.370261330172
77957,11930.910201501492
96401,14796.240041154784
88284,15372.7764721647
86845,7217.388472562214
101349,4446.775906504065
77015,13462.081155500124
94471,19523.99121376742
108380,19909.300277777777
92533,31388.177916264798
77756,12875.788588888037
76035,21494.76703794978
75973,10112.914827380951
94675,9767.453956349205
79435,19972.83651348864
106542,22370.152215075716
96546,13464.236304742324
95946,20520.195171968968
93188,24652.69883640553
78117,17715.514805336352
102180,7042.048214285714
81825,16939.579642237433
90050,8123.39920707405
79638,17929.420109787145
87579,12783.685959933246
108103,17844.922473399518
76578,19386.375
79112,16657.131125
95959,22021.373922950188
78244,16341.435541902487
77851,30864.75
87052,16971.009345238097
88538,19195.92325
79011,25037.81817722013
96381,20357.49450892038
105358,14481.009049911068
92876,18730.60498551585
87699,6291.986656127498
90203,16183.683153846154
77001,18369.331130036044
97974,7683.893644764958
89985,9379.052920884891
97810,9581.867197802198
107459,9742.43242853076
104861,17992.249212121213
82516,9724.260572404182
83497,10994.489714537813
80194,54852.37850009107
85730,9487.535041027159
77914,27957.16
88779,16706.461914785097
88366,9123.562297649398
104300,13917.037188065602
84300,11284.55384766472
79422,13361.25
94910,27225.098703703705
108386,23841.05530997721
92708,2912.485
90802,21233.36541436464
104397,21687.387939901604
98039,14073.545
107887,24101.091999639244
105290,10474.620708928573
102575,19894.4130042302
105040,8973.410107142856
98430,10614.585782051283
80499,23593.29075445788
101694,12156.626448373501
76386,29871.34938822607
98181,11912.466928571428
85340,16712.774396236204
90766,16609.987332297853
93472,18437.1275
79927,26549.36
80854,20531.255917569924
100180,10197.135
84437,4912.575
83358,6825.100420745921
93108,24859.425
104330,12132.893166666667
103518,8515.237783564542
89006,15829.216448691272
101611,6655.915
92226,21210.038440945144
84798,9649.860267572696
92840,9912.285
106054,12739.662962777065
78261,33034.861938259106
76071,15241.481283606745
92246,22573.828820201554
92296,15606.322285714285
89469,11438.508048740163
98079,13608.907829670328
81294,11398.358174603174
96301,5062.920708333333
83888,11308.553643844814
87403,8404.534492960169
92192,30619.58
107592,17866.987198011328
77496,15513.339417821842
97447,29416.37884853622
103131,10222.662952422234
104590,24677.416345962654
97597,9927.30325505661
82167,21593.17934126984
91027,26487.95083333333
78607,34820.22
99587,11537.058337991717
93937,23344.115
100307,11763.339936214523
107613,16130.342171283026
99773,13666.330285367649
90044,8927.174166666666
85578,19033.300146005302
77103,12444.400743589746
91386,24605.661875
98955,15985.904562594269
95927,23325.01
103188,6792.49844066315
77389,76167.875
81822,11011.318604199005
90768,29429.0396780303
77594,13217.230799598085
107085,16487.543250087758
87692,11242.011145042361
77813,8222.408410384875
81414,14752.859126659649
102900,8765.118898265338
83150,17553.545526061775
92414,29159.871314691773
105321,11812.800877807815
92658,25132.725
87160,9021.1269525107
107827,15959.969857778457
105790,17738.61875
87463,17256.49068733331
91532,47789.80755086819
77459,24028.603189224505
81593,13429.655
103719,11465.946184614726
102291,8258.618987763231
77211,22549.611064011326
92956,19947.09
86578,14385.16577876837
85882,13051.110366440762
82082,17844.208696650603
91811,30050.841934204065
82036,27585.017490510698
76773,18206.10358838307
99406,9869.500851009296
102289,9166.7165
94402,20476.740545454548
98621,8767.089011904762
96476,12588.357654946849
93410,13598.66
84989,16446.5938697027
85123,16424.2317053018
88492,17481.816715740813
95128,25650.702399267397
93047,15254.576363636363
84587,13967.018160477315
94856,24987.382765235277
92247,22359.251586442027
101052,14054.356952084985
82940,5226.160131578948
97756,11193.880948127606
98444,22530.671752873564
77869,10350.253817460318
96694,14782.467875009841
107101,12412.408681149718
88276,10811.36505931569
84648,13531.981346673063
88011,11993.371181883442
97951,16934.687425
77288,26971.04708333333
104937,7420.272916666668
81621,10087.315
82049,33400.298214285714
98553,11096.622310186354
105056,30837.790142595335
80914,39820.065
82440,17751.04196570444
94927,23953.50476831119
84303,11856.506013211401
85533,11251.734442349942
97576,11794.069955662619
82216,19585.520093753814
84279,18254.32697855633
80976,13990.27
106097,21031.66883531746
83074,12129.883723709954
87581,13467.218353337927
97210,22259.525625
90785,12037.62560741531
99434,14809.735768718156
89600,17855.9137398374
103809,12922.626397138614
92260,9731.52
89667,10802.647534342243
99310,6141.45305490343
90375,22202.354273576093
89468,12008.6925
94940,22897.307554945055
97747,6009.418061793209
97570,8753.545121427318
105994,24095.79270833333
93145,14760.051812596006
94100,17184.720290885587
103226,13322.807965410408
100167,14952.57713114754
98138,10725.523695681411
101043,9654.155
82078,16855.392326315603
104748,10819.826727820242
103881,14777.479461881581
86774,20239.84701940729
89857,8940.559975022803
97150,15058.195786030095
107683,19492.315
83708,20567.194395759812
78775,12862.28033653846
104200,25051.54115522528
107581,12545.878425362627
99756,6472.211210946712
90210,15301.28310106812
78027,32908.67952543779
97012,14192.54595365913
104010,9479.468281230878
100639,11274.37402071923
93792,13959.585
85574,17854.301758314752
105066,9629.707976190475
97307,11273.033751340574
77243,45247.57191666667
100661,10293.63331021429
80825,20364.83755068705
85856,14436.708309350643
85793,12948.235007518007
107091,19176.640841382046
85836,23746.173668877454
83887,11000.591063351401
84721,17929.308035109985
77636,4111.69375
76905,42620.001504504886
104895,13616.515865384616
86377,15288.575019239708
83076,16615.143176162303
90124,4180.525833333333
105661,12465.627373929312
91631,8137.585
79760,52449.84392796978
100714,7636.225189832789
99231,17859.573680555553
82805,16835.235626515736
80714,28587.03818014567
93820,23984.92583333333
85373,9665.269488538015
95562,29996.137680197247
91723,28699.732999999997
91501,24331.692114781785
91222,13814.993722448997
97984,27725.542807946476
95047,47104.4992389536
101181,5622.675
88389,9293.823735569986
86999,28746.658285714286
85255,20046.435833333333
79093,15507.964000000002
82409,18277.285182127667
103128,11192.267505450549
107027,12708.434478070174
108081,14091.584597222223
85698,23437.928333333333
84249,19923.075
101719,7239.675
88643,7075.224750105715
80972,18323.181758295625
106047,17438.830545700388
86779,2021.585
78587,32518.359677527755
90179,13664.644245748714
90972,9406.47
78609,20359.553241587215
98324,7742.596642886687
76446,50255.30365516713
86829,12990.61115026888
87796,10695.4637196637
83650,15466.521987772498
81411,10373.34
81963,32656.456218304684
96782,21024.78
89718,8664.82093294616
95518,21087.79268181818
107293,8149.85538888889
99739,9278.497569875775
103956,12113.892982823243
85946,17792.5127419585
88532,17942.01273814579
85713,8263.915060859596
78184,19177.699324004774
100234,6098.239366666668
107715,9911.435628787878
106150,17190.52676094768
77266,13081.50620448299
91067,21496.625
80869,23474.230625
81462,12659.379168408992
83382,7809.957119272174
92915,19254.60465277778
81139,15935.88
96523,13183.847986576993
107090,30608.723099016846
108117,19948.71127890638
91742,4075.69
98340,12457.45529331451
88371,16166.789616080674
101031,5457.1075
108430,32306.958316436252
77740,27376.721933339424
87861,10018.027819519979
84746,10209.292063485549
81252,25602.85327702525
81933,14985.944477488014
92153,21120.039757269828
95485,17544.002174992314
97686,14379.39638997114
107452,14825.944369795547
95477,24307.443999912924
95752,32101.57697480979
99499,6216.637779142442
81223,15972.169611787183
83589,28139.4875
81497,28491.073682738806
95884,23640.21449661498
87806,10963.331694883276
92330,19693.15407081644
84558,12763.485343463384
82990,9649.6654666517
90851,5944.511190476191
96997,31448.326085871213
90278,14332.117899352425
82417,10956.961683258705
100247,8017.83
82239,28691.698321824773
76975,21337.88958333333
102948,9569.297222222223
96929,12451.58
107088,14513.866195888115
94670,12816.741666666667
89862,6295.950478860991
94506,14936.805
97696,8813.00914880451
82696,21795.675
103767,12793.435722222224
105307,12198.578966846426
106510,28100.619653826227
88316,16106.264932845617
94321,21334.56217795544
96595,17677.862326512477
83223,8491.549732753401
85551,12196.220374618604
96007,11561.24579710145
90296,8303.093636363636
97407,13375.550523547221
93071,16067.21732645255
97275,8262.349247600245
86827,5445.72
99759,6464.684984095615
106689,20421.128165569095
103062,7117.345596237936
99657,12743.820312768139
93428,29137.59833333333
88504,18430.61217254829
87359,10624.48217152355
81906,15884.378204503146
107446,9712.361475549946
78926,43103.895
97871,6741.973861794113
94202,13988.493098484849
101216,12624.43027083333
89614,15488.344864782926
82929,4734.35
78710,13301.012277932865
104966,19073.172073397647
88410,13418.796103316045
94382,19683.034258873966
106319,46354.740564257074
91212,18673.560839153615
103584,9810.356344072981
107593,9428.824348947057
100069,15167.335739064856
97293,10688.715184698287
97085,5809.887857142857
78830,16597.280749999998
80409,14005.776754924642
81079,32962.55238425926
90437,7953.168803263117
104169,30344.252290317883
83432,14378.940580006754
86630,15607.963061151317
100678,6155.475955783016
92564,23491.24583333333
86007,10662.2575
84102,7844.5334949803255
85324,21283.49608078808
92796,12368.445416666666
78277,29036.826209165818
91813,13956.21625
107896,25344.222445959593
80598,22379.900741848018
93630,21907.806068748556
98016,13732.051428571427
79518,50253.02751210654
104016,9992.793095007102
90069,19732.18061111111
108485,7992.517888888889
105556,29393.604740557323
107276,21972.905653153153
86409,15990.880022542193
98131,12047.376928571428
95165,15100.045244553377
92954,18406.72991138882
108363,7670.481662964873
107775,16555.193288858485
98806,6247.846805555555
82105,17607.435200354368
95777,13624.375416038209
78794,20502.552814630995
77994,34802.74854166667
90061,11538.63214002809
98353,14657.690553719613
86777,12152.877748083065
107107,8546.109305555556
99207,11201.789562065662
92441,23845.916666666664
81253,20324.896266735763
82071,22662.448339649614
86304,9675.156525868235
78529,7321.36
100606,8870.372384708011
108524,22983.78060283688
87772,18967.695277777777
83062,16666.165581025238
106197,17552.806674098418
105773,26052.801416666665
79317,22813.750102564107
103930,7335.512272727273
77486,37060.975
76154,28707.130118743993
89324,5418.76
98354,13364.38241841004
108349,6710.967202380952
108146,9305.728606276878
77826,22398.27621879445
91078,19484.592920187715
78136,24982.798759687208
107463,26302.80264554788
100749,15916.618212961366
77223,59042.57581163773
92513,22055.154464285715
99409,8213.436492722705
94380,27499.722065050806
84791,9922.590640016131
86042,17302.477304535696
79939,34293.324919913415
83953,18493.353
103754,11168.148456681152
86091,13405.194583038123
83114,9945.779921031693
80956,13966.720971383704
96276,8357.884518868635
89799,17981.81
87919,8232.87541350478
84054,18752.91880357143
102856,8543.533952765838
105645,10214.624669060238
81207,22778.385529381783
79629,22240.423508515538
97211,18313.77856200048
86631,5569.397743703744
93438,32224.45841232482
96983,20311.991797563285
93914,24976.815907482545
98470,10656.671655554326
76650,11503.669921978793
96428,31561.577533758846
84958,18528.015121473352
81064,12997.052183195981
82469,12650.683017848683
102139,11597.245191608836
97800,9792.488502664086
98474,6329.801332764703
107944,12216.227074431663
97401,7521.437779503105
108476,8609.519585535383
103189,8181.326263918631
82987,10728.94782589384
80903,27655.74305555555
90854,10013.466610195359
95644,36109.06416666667
98728,11967.925
94370,18239.425
84537,14009.883714767004
89358,11616.493573690539
76221,10740.202314814813
84935,17016.5142345516
107676,12823.694922844728
103154,10340.894567235766
82600,16344.186554010807
104290,18463.586862857755
79972,20049.624298699822
89202,21289.5625
97253,8874.00872633075
97358,7970.960388306944
106932,11109.727962859066
101140,6761.476052631579
100650,8360.550103105681
99817,20610.121350095786
80953,19850.896364459688
93851,16865.080481721507
89574,4726.409166666666
91092,12242.66851848203
78214,24103.279533748762
80283,17616.164739251006
93158,18418.871792270533
78562,50117.31641071429
108498,14196.602029263491
100223,6663.32
76976,9571.517611763238
81119,22747.451145468825
97369,25686.346826870704
95721,21607.4354484127
82271,16941.687488462696
102837,10337.705358055793
94761,20488.315564516128
89200,10945.055636533862
102690,9546.490656431903
101274,11715.580006027107
107682,21788.834490347486
108276,13375.37906909036
99011,13105.325
94484,14582.068008723883
106033,20404.460315567263
89123,11543.32270142645
88740,8814.232225571257
90951,26284.998703703703
103812,5490.2
100056,10122.023977272727
100691,12588.606858974359
88394,16341.7025
97620,10144.455138779726
107955,8166.0398813795855
98144,17721.269400641024
106325,22428.64990571364
92867,42944.965727994226
85204,7832.641774956192
87062,19469.957029100133
81539,19398.469601073244
92009,32864.1429951069
108224,12732.217716643767
101686,11451.834495470337
98557,9117.72726150875
101594,11705.44859999143
100647,2155.31
102401,9643.742500000002
86093,11216.120700202368
85837,13481.97262315271
86260,15517.561666666665
79830,34589.89424584972
100041,14362.52
92230,21000.5625
94661,20064.45445994427
79450,19601.741931296616
101374,7494.388409905226
76983,34844.7225
99673,18933.323276986546
81336,17572.480189393937
100376,10757.0375
92756,24683.081666666665
87725,13240.048070587938
84541,20831.8
82284,43900.85
89479,6855.006364863208
93259,115942.085
105648,6510.935625705586
99099,10253.566601406035
104543,21225.428638009053
108474,24842.725
76907,20118.528514782636
93652,25637.17
100967,6990.372029066065
94331,15776.816577233962
106381,8858.2825
83170,10692.09797261282
102953,9557.83560913191
103590,10498.469
77316,18874.426825838924
84682,19650.838155067155
84524,13321.071463598622
76747,16978.311181439032
99049,9345.810857188262
105881,16989.198
90833,6752.613691805081
108079,13126.136890001651
107295,14327.539306100696
77121,16362.704318181817
78927,37935.358928571426
103048,8591.095
86216,14160.403484318906
88448,16772.00688059163
86219,16386.51905339806
87181,8371.386902185155
98755,8497.569807692307
76443,12846.668203765108
101149,7295.1325
104315,22314.52379683267
108345,10205.3630247701
100156,8247.336190768017
107263,15675.553935790876
83935,5350.289542854805
90584,8120.497531449731
105733,11673.003830494257
88332,13147.297726640678
81979,21361.889478197605
91864,47307.62666666666
106847,9200.30590909091
95136,16631.06483552254
96991,9401.968571400697
105905,10896.266402228992
102080,7587.480946428571
98072,8005.334288627862
103711,9378.217597909037
92213,16277.483333398679
106898,9987.87298076923
85333,16235.21805534452
84559,11112.176840678916
95428,30061.02180153765
101003,15085.321528210108
87773,4490.45
100739,10069.110105043632
99885,12254.220384615384
106647,10951.340576108063
98019,9742.723830336763
92212,26015.220178571428
100786,12220.380587181204
85518,16034.60408076564
89849,9829.448662630926
76149,13298.755694444444
97490,7555.588697209055
87476,9126.21349292908
83248,20091.476309523812
99352,9560.496500000001
90736,8580.615
77596,20495.44785687499
77209,3108.94
82308,12970.714264722068
78207,17637.57917470043
104041,11595.59657573659
81125,17011.45525
81691,35143.64772868422
94459,11262.005
79977,14343.11
96530,19122.443346255328
78367,22209.124318299633
108100,34873.67
104510,9728.621641900176
81891,11709.29
97087,13951.005097778081
88161,9907.897563817489
101097,9596.857
81742,21088.408093795097
78409,7836.21
107496,19049.943995462818
99326,7465.137706032638
78535,9103.026916666666
106164,22027.509720640493
79719,28457.829633734742
90418,8818.122586478132
85844,12291.351647499954
86639,10013.300886795587
83745,6871.84746225412
77300,54460.812748404016
87702,10988.032431694934
82586,10442.312781303433
83769,10614.966201902465
81708,30914.796296992477
90224,12018.220249145883
100063,7506.639785714286
79249,13570.23375
78719,31313.70568612392
97287,8534.96844620931
84267,19372.949375
84056,8893.957413509108
101164,11259.626885003885
85826,18041.51209722222
93793,26104.02
90945,25360.582245132766
98991,10646.867280701756
79647,14143.747232148267
96794,15106.383249999999
83984,15316.839516641432
96688,8750.479788858642
79838,17889.263199555757
105671,9802.780735616554
87438,13267.286567499155
85859,15688.338403686448
91639,15942.695996570203
81134,40821.445905797096
99992,15370.498834813363
91262,25077.681309523807
81417,29696.095177148054
90783,19642.165738134456
88898,16041.940194929275
76241,12989.54660103948
76491,16881.326437026077
83132,17134.99236137451
97757,15950.42009751443
91753,30187.045
82333,25425.93
88295,10438.23045612778
98314,10628.295339425476
86172,9302.29179599057
78331,21100.700188857307
81996,26894.7540111046
83315,2757.9383333333335
92376,16143.46366675684
103058,12783.194182995976
102215,12085.765067920343
104225,28163.38506921603
76910,16960.415394538944
88657,12076.16833389369
104943,20168.064725905817
86434,13566.160956486045
79432,13600.253731032828
103103,13988.167881769568
91456,41574.105
89465,14074.603983232233
107774,10705.925
80938,28504.584804074224
94883,17131.880997469638
94135,27166.69308487572
78747,18142.513576083802
76240,20412.10460332786
95820,39507.82
79092,25169.817299470407
84393,10411.288517648074
94391,37058.27923913043
77183,20659.878835978838
105612,7835.659588467015
89046,9822.199603321174
90878,23765.836214790765
77058,14748.736887254903
84468,9011.414227776817
76713,22639.15000021428
85568,11532.00590132656
82191,20436.27214461206
84825,18268.08761941382
79009,52845.87510836905
93908,25325.97
91135,24625.834528601492
94603,21934.95125650826
105887,23576.510639913362
103196,10793.1525
87544,14238.849848089796
99605,13954.741212500001
101660,10731.387110680991
100671,8653.71
97839,26953.72279825067
77742,35679.095
106144,8632.08
79681,29329.49547968384
98764,9547.987192604693
98200,11884.131460003744
82652,9136.29645874092
83599,8941.123654770916
97776,13853.01576190476
83403,13889.886501643332
77472,34411.065
79535,28072.03121428571
82632,15638.94127687812
98612,11644.170384615385
76103,24229.53124492174
94824,24919.969978718535
87424,22080.670944444442
79193,18371.4226958191
80853,14954.995067424243
87885,10400.79647318148
80891,26716.495743437103
77149,23134.533188057547
91012,14069.858087453484
99259,8058.569267521507
81555,24875.242397208982
93917,29135.873778160567
88089,18537.66845588235
100704,13341.254253311185
77798,34657.95
87342,11221.732740573152
96013,10078.475374531317
93380,18304.77465500273
84040,13031.484795774717
88600,18196.72361710804
76133,16958.655668292744
94842,19703.042976210214
98184,5933.107679903431
88767,16477.807228550904
98741,22059.120751234404
81739,11426.351666666667
91321,26531.932301332927
108030,23837.683744306007
77680,19181.07416666667
78189,27072.248354721727
82302,23837.45853479379
78968,20042.07403085184
101390,6674.355348936013
95491,16414.849758139415
101687,5798.314774769586
76371,17262.904922361875
100151,12938.084812163515
92147,22073.422414923454
103385,16080.878793555055
86960,16700.798839722967
89563,20853.34016666667
98013,6373.907345306545
103747,4852.44
107681,16537.425912265575
82686,7753.9863697338105
79913,11298.4420506049
96545,19698.065917312608
98278,11215.228698177754
88916,13252.888197193453
104733,12328.519460257497
103529,10410.687
100642,15809.928304230469
97860,9232.399642339544
88870,15348.50483093966
97563,21322.29931223978
97081,12153.720002547183
89544,7593.1978264822865
96332,11963.67664026915
97064,5629.320500000001
81916,31313.035
82148,58779.119570362775
102447,4098.685885198135
103111,8656.089375
85058,9685.143627605928
76422,21212.494053409617
94546,18577.62
96769,11368.891666666668
95364,12216.220340802985
101118,13032.025
107644,16961.22829524041
104650,9023.413473544973
97300,8537.404386263519
104069,10722.215671348693
84700,14736.94618125309
97122,12788.253848048504
89878,19373.91222766123
82579,19317.32501002674
107967,8007.507291666666
82494,5187.4975
104872,15331.118962668537
76339,21025.43595939091
90676,7041.202871040714
83780,16015.311783047391
94444,25072.45875
83532,3919.345
103380,7066.938944444443
90941,38700.17
99845,19460.43
98053,12389.72552857143
77863,53469.72525641026
81107,24331.036693604387
81176,29595.5556324571
93196,59356.78
102895,5226.3121287878785
107093,20784.324723955855
106566,43620.51
88893,9922.989816894698
81939,55623.14076434618
98833,7472.718003628505
102812,6376.5513035714275
95766,21459.27231055403
83556,19297.544260688108
96725,9365.053929288051
104649,7185.723787037037
98466,15679.30362707288
77661,24876.56349456488
99882,18525.400079273597
82646,10990.661985561906
94874,18641.4014954485
92800,12969.010872157189
80265,28662.170884660456
80587,33564.26180365297
92298,25357.159933564308
99023,24072.868409278355
88098,10530.235096194396
100928,14413.921358006126
106437,14924.063683452492
83122,11102.850311158672
86614,10458.378491527346
105454,20390.042998018722
89282,22040.561818181817
103136,10374.540140456238
104899,25059.608352208674
92041,32179.475
80795,14024.683380971797
103043,9697.05
90842,21320.43794861037
103070,13792.356981863046
91523,28129.741087301587
76427,22048.999359226418
86188,18916.643230719452
105618,35505.75125
82931,8702.203938062647
76137,11368.908039085914
88017,14229.258836884806
82713,10876.051488734443
76155,13319.241432265095
101057,9587.96296412421
94699,40315.8
106794,19073.209527630435
97000,19785.7675
90986,23118.50920833333
92785,7079.265
79156,15824.08356521739
107616,20511.874083732764
84264,9396.58603586691
93932,18502.54641889128
102956,10708.830595238094
79715,22143.725722222225
82329,20151.971211002274
86636,11572.629931665748
94479,26914.492474494342
84998,10241.607804021354
83835,9556.559405379043
106823,9794.043771188226
80760,20690.513
83060,16721.957352466976
85872,9667.675006604413
76227,15311.99511658603
103460,7488.585
96989,13332.130790357438
107858,13794.274493198216
80447,11290.411675889029
108267,7782.408197593997
86584,14876.294274350286
96426,16202.20843032287
86696,20300.55568965517
88252,10986.727131193295
91515,53950.87744277962
98357,9733.197916666666
92439,23932.565400560223
92341,30417.985903659697
84739,10615.789472696946
76906,26077.274728538036
100027,8708.955135936385
102225,13535.406576447507
88476,13700.806942864449
81778,23714.59209356566
103266,16919.644978317054
87660,14952.0360372807
89634,7161.657213510649
93577,27530.89
92450,18447.473798923307
99404,13260.630756534625
107936,13507.578938567685
86174,3858.785
98273,9249.789225146198
99007,22545.69656767236
81615,17043.734748654664
91236,18398.64761468258
96984,17886.292115025768
92538,33798.12297737631
87039,4375.015
84235,14208.293603215594
77010,17042.878615636066
106727,5200.63
102933,7780.713554343164
80821,7906.008186369487
81969,17943.392590358977
93088,28682.012592592593
107004,14326.063971189382
79330,31581.969957546546
80388,24971.36165575217
97494,17175.582580637954
107144,21057.094347964518
93860,19477.708333333332
94845,16188.285642286855
79152,20167.835416998783
95032,21817.181321895427
108333,11654.195481740484
76925,23294.485001251855
93278,59917.056607142855
98608,7531.935785397717
87236,8976.627880091599
79320,26272.26904411765
83893,13551.85593756576
80973,16370.89
97659,7001.941910697007
102063,8958.839216997836
96324,9720.922751088357
101184,11808.079287924878
97392,25941.907396165832
94094,16669.290928521474
95219,16040.820838234204
85048,18329.209121143456
94887,23092.68236111111
88002,18990.95107142857
99157,11461.49
102746,10672.376807471264
89164,12496.21696474359
101079,15055.18953177001
94124,11762.141200487013
100161,12187.930528561428
84658,16573.463826176398
105603,15672.202757768364
90963,18875.171125283858
85012,17251.565625832318
108298,14514.08011217801
104080,4605.57
91850,38013.50239945992
102713,4574.98875
83295,11095.990645237898
107847,13076.029479395604
105847,12574.93166063989
87143,17375.386735683
106090,15397.708117802396
88925,9389.9405
106297,19395.74017857143
96596,13205.13736239233
99233,6607.600559523808
103321,15376.481020874493
82479,13215.14708235244
102734,17612.225499999997
107461,28516.36342341943
103237,13870.620920126958
85581,19098.049636363638
99196,7257.634258022032
79178,14464.205614939825
84339,15795.549296187684
92764,18493.136826024856
85498,17121.19281059271
100622,8782.56165723982
106518,32537.62934288115
82821,10946.3701652571
97628,19964.74
90763,8670.806857102381
91567,24525.88285693473
107462,8189.032432012614
95833,23149.770054945056
102479,15916.618212961366
97555,12612.961333098905
80881,9148.745
84016,16263.257334848822
94051,12693.776666666665
76277,22456.01466666667
88676,7271.635
102566,10245.34792483219
88564,15419.5175
95048,25000.619
82166,12836.24031309866
86227,27222.47993843908
83738,8962.088657931332
103684,11361.36786180525
79893,18801.046577867804
100634,9273.580676574747
96392,15338.088553030304
96311,17715.332212659257
85015,15476.135834818087
83050,18286.474538324415
81925,29460.98684995059
106187,10638.432281235127
83863,11910.215655455933
82048,30230.967592293746
100962,13706.867939525797
91587,17544.094166666666
104915,18144.372935309504
98779,16468.50381017264
96698,7806.587586309524
84701,10231.01991133296
92986,25334.9395
77112,25668.02224079708
90774,9457.234544300156
88520,8850.23721068961
88281,18784.07
91388,28885.4425
76441,31203.782490627855
98643,18247.793484848487
97850,16331.968416666668
98344,3427.48
99441,18584.29360524892
80230,29236.062759781475
106370,10564.68928078419
88901,10691.539641678386
76590,14084.068333333333
94998,13632.91840866356
77283,31706.67205729167
104065,24851.694187055644
107919,12038.73
103743,4842.27
100503,6865.906910714286
81273,13003.66
81878,9811.163919642857
79224,28780.896633424847
90254,4277.785
82712,9281.36425
98113,8422.385729131354
104562,14474.8196122623
103014,9183.979877435546
107299,25909.504904788264
99799,6286.89593390167
87952,6587.83
101836,9373.892521929823
104896,23596.42755235043
107665,13237.608485714285
96182,25334.273314041402
84731,20769.155
85565,12444.2050346167
83237,9929.539988934666
80785,26054.88947595579
81935,35025.69860336706
90932,42627.803072463765
99204,14826.570250777913
78802,30831.994642857146
105421,18801.571721919325
81831,12723.541567066915
100016,8124.8
76262,32549.4537131395
85286,11528.60412000499
78629,14635.629852844397
79451,15542.189878610361
91132,59127.42
88726,11760.748499931675
89928,15361.617991228073
84672,15605.496007348022
102127,9996.441764241028
78630,16173.605231496547
105874,11459.260588930947
81491,14972.85
108085,17349.24
99711,8314.721429902762
95713,27353.67
79499,12664.577417111352
88373,6484.812481962482
106412,19038.633125
86000,10319.442425700696
77849,17158.51428555036
102224,15817.389220089062
90591,8075.055661518239
78511,15817.02323076923
83611,16683.17527177162
95316,10802.455
85207,7275.125639228881
86755,14037.65437987013
91361,20245.285
88107,6720.5744082633055
99468,4693.325
101776,12512.750687437914
97132,5873.382672619048
106405,12448.343265254127
83804,12806.93279302596
104093,19900.395
81897,26502.969474823418
97522,12837.41049908485
78569,27406.759018669138
96486,30963.8967588676
99636,7638.312225579451
80770,35536.567077852
91534,25560.76
80461,28757.49567036474
102345,6283.685
95431,29469.38194057523
76350,6876.54
76330,14416.3325
101604,10716.302379865516
99303,13624.7765999602
106266,17295.088396067054
84697,18307.85577167979
86296,9693.089825317013
90658,17565.788613628865
102954,9447.081358913101
106174,22944.09235335414
81510,22854.978342171926
89222,14760.62533435317
104391,15979.332720072567
76573,12449.754888888889
78060,15200.371102941175
85030,19236.66517406205
105478,21706.701098634352
83477,11820.464340095896
101134,10277.030833333332
103096,8314.141636904762
99391,10988.153896314981
94614,16617.232104366958
100110,7766.159975027451
81782,27336.075164786827
90292,8307.716083333335
86357,8231.416503137862
76157,9634.030501114827
80325,22511.028505193746
88991,16124.795711833565
83117,20214.547426638175
90513,16332.003038554496
82037,12437.730902777777
90066,10153.74111111111
92814,45087.87
93991,39415.09
100121,13868.774369509469
104495,10569.667654589974
105953,11861.648455372451
108089,9536.87430952381
84778,22182.403333333335
100753,13664.690708910184
107832,26980.796164332995
92190,12443.845650183148
82029,15783.811889272585
97914,10463.84455783677
105776,18051.27787071262
95402,15703.897476572038
99097,11270.369142078636
105043,9490.228533389318
106998,11232.08
99567,11607.207115006799
85421,6953.920607142858
99161,13233.391297390915
89951,6940.032099033817
81358,28876.060248399655
100373,9676.0387780784
80291,37691.557181818185
88545,10189.548329452788
92994,20167.581383300007
90248,25073.70699959567
78625,21563.781211309528
81990,34383.00363377851
103075,10955.69
98639,7393.613940425592
103368,14056.906875
95427,13593.9775
84503,5935.22
82446,7266.911851581386
97175,12340.054551815185
101777,14337.472173976112
76086,13599.845133217792
106347,13400.437536866553
76445,46307.455
97649,11169.049968660038
99273,26739.804971264362
98864,11840.728595238095
98037,21184.399573386385
107264,21577.825426249765
100104,10720.837393091186
81842,18749.973502393863
81839,13732.266343114467
100608,13259.335434189317
106588,8806.473405306719
107466,29981.594334482113
86092,14544.452699070895
92204,23241.317000000003
107905,43803.407119565214
76821,19681.01646058706
81022,11973.92594619824
105727,35393.902802013174
80544,51330.43060185185
93388,16376.205
93775,19353.641886843034
93733,22545.472804716228
108177,17861.40060457251
79746,27486.404497351363
89285,15617.860868981908
100243,7845.666991995593
107171,19861.416825152904
93444,13891.530793846234
107421,13397.613635480997
94071,23067.776629863674
92195,40842.32
76108,16514.41575
100603,8780.94368479315
95800,12434.332489829825
90708,13414.460429099545
102701,10846.261487008374
97732,12974.112542755718
102574,9310.098610386493
92237,31532.99575276989
94192,37903.45
88219,8049.617356559527
88910,14731.619284473376
100811,13218.591630442044
103288,7659.236145833333
100370,9833.9775
102544,14498.324134615385
107473,9332.554975490195
106926,9835.7
92514,19929.526344193117
78557,13475.6475
99091,15055.529298780488
96487,11209.531539502163
86252,13791.406592760917
84763,6939.051492119086
82531,16456.45198678567
79012,15622.97357802795
97078,16933.470833333336
96824,6028.179350427351
79970,21020.62280899251
98057,17257.115000439975
105947,23286.21083333333
82539,15450.635750295403
105816,21247.79878239408
93800,18898.68
87079,7661.53631343776
87453,11862.496991652593
92855,16157.91
95805,18448.635
76398,22913.838949178367
90724,14091.561925931603
102196,8006.1144870649105
97661,10318.324387566006
105475,13246.872972009734
81241,12645.534722222223
91106,21803.877313246157
89543,25733.374519688645
94403,20355.742306959895
80666,18981.785
99769,14635.77364449703
102351,8512.85375
102941,12580.814487821013
82783,19452.29107749963
78504,26339.646895819227
94715,19936.514467136076
92180,25094.153984126984
103904,11003.806939963453
102921,8552.65677080789
99685,13773.057261904762
93048,18650.066666666666
82988,21934.297622696602
93279,32528.01
80084,30075.70431671775
101966,10608.89938023088
94667,30975.913690963607
76298,11670.66558932094
87379,17003.440555555557
94212,15853.110610119049
81333,16783.78230769231
85998,15246.447142467403
90198,11012.602479949463
87823,10520.18929040404
103530,13220.903451280601
106243,9262.66
81208,14307.82
105153,9131.895
104103,23341.176061231115
89555,24110.45148972053
106042,19313.471285113035
78170,36572.693333333336
107675,13697.391153330542
106705,13903.201597152103
89953,6709.473258241757
101934,11884.98671175443
104727,25814.61895833333
87327,15520.145073629948
103247,13111.425316695224
84673,12449.594288561077
107520,42164.205
76626,19967.3202378858
98638,9680.388947368421
102060,8166.545638007237
83635,21230.832256944446
94566,41749.65578947368
79207,37961.12925
98700,17740.174615059408
86563,16414.698552228412
86891,17641.668348244893
85278,7281.629438311688
91817,29986.485862026908
99473,12311.535
102489,5787.569799342235
89191,13972.38865915878
101746,14737.473696231167
84538,11535.18832731558
78072,24873.89
99832,12066.144428571428
103475,12603.464185190302
101016,15689.031208466233
100280,8219.504734136479
96067,8196.435904761905
104086,19916.169763250102
77248,17694.465
104269,19715.41
89495,7501.227357811604
81340,32992.95
80277,20094.55469879914
76683,32554.334355542105
94847,12822.269841359177
99029,15639.629016839486
85874,15097.961009151475
78105,21258.295526113245
94978,21568.764453372652
101666,8858.384318596229
100757,8233.561777397259
86704,8072.715302396175
91205,25323.873395297145
95762,11757.12846153846
93641,20858.09772716232
87073,23652.57
102433,10782.268198161002
104382,19690.74057530456
108060,8658.215714285714
107387,27029.563152694223
85027,11841.219407315044
86014,19771.315467189805
102602,14873.737272727272
107255,18099.280900665228
84269,12745.608033497152
85885,5999.65
92843,13908.742333333334
107862,15329.59
98781,24292.54053559532
106119,16349.952586403568
101872,10320.855472689074
87865,18935.36440511111
84803,9451.033278585242
88438,10746.838059683698
80105,21755.012316024284
80595,19741.515383116883
76539,9514.095244973045
107236,9791.478272834414
84946,12853.453449973153
93772,25971.09838095238
87793,15960.947470238098
104843,9394.348606276877
92234,18793.037747273545
89467,13563.926357708937
100145,15603.32567154892
93382,47276.70028005465
101891,14535.934098039215
81354,21197.69223074411
99309,12534.658353174604
81431,17249.699356561567
102073,10191.711950064098
88468,16746.87317631888
101873,13907.897698090495
88120,12999.389795774718
105714,4929.027818627451
106015,9650.049
86707,16184.208086891776
93107,18893.15
89230,13582.54
100875,8450.890710935959
82920,7755.509495979354
98114,14478.618057677226
87262,9091.065603327615
104436,9794.105
85404,7511.643765151516
96189,13373.11490530303
93408,44714.61
92789,58821.75404761905
77768,33736.81
99414,20077.59590855993
82807,17063.648551221377
88996,12770.953124203237
90305,8284.123985340604
77030,16755.98812776871
86129,7904.766664134143
83660,12990.540822077939
78602,24418.225541739925
83672,8645.637735608389
105105,33795.39806101191
78704,35775.38666666667
80789,49779.270245101165
96633,16353.961641658823
86132,12260.819035714285
81619,45913.4475
104645,21665.785868048595
103853,5538.285
96259,11950.249312151616
104677,17279.502923288688
76418,21008.07629623023
103593,10336.45811560492
84886,10487.329444594547
80773,10309.904483711338
94688,21364.137386018643
103823,7021.488363095238
98757,18365.1421854974
78516,8769.751875
80596,10165.853611111112
102855,12755.420729076479
95957,18784.514857142858
86440,10056.713727128337
95030,26238.41
101874,13573.508045093797
84585,9444.745244925547
76257,10783.152658119658
76971,19520.81633040868
94070,25951.505968253972
106041,32054.114145721927
87346,14888.409516310285
80993,28539.58272153571
105309,19093.562665043293
92622,20378.114441425576
94582,35526.385
83334,12481.360089495138
98922,7061.865833333332
77691,15597.694334596934
95469,16507.119017193207
90587,7299.188559294458
107411,13344.067662337662
97489,10239.588173651555
105719,19239.698819627843
89534,10235.91944047619
80741,24090.92
105737,15100.828886791904
99043,17750.605
80254,13748.711282657094
83172,15450.834308481151
101830,9545.755855263158
80506,7013.285
105763,13995.172217766623
92507,20752.550553674057
101742,8239.924416194675
106547,32465.453267447698
98619,16068.148713175406
83503,12160.220214096647
80565,11443.4014626765
83013,14958.438054918362
85721,11483.190076524243
87556,9620.727146229223
84442,7165.896694444444
79634,6398.905
97497,6298.876692890443
84325,11490.10684342994
81399,10221.071845238095
96361,11836.103937185553
101973,2469.1510714285714
78352,11184.775
96564,12994.200015250575
94669,25921.222976190475
76655,47977.02600929407
76084,17806.92110479798
93215,17834.953673685384
105802,11886.723096074165
89981,6050.746509740259
84315,18070.539547519944
83297,16203.411652901901
93291,30418.365
92128,28324.46
101550,9910.784293344528
79384,13983.346041666668
103643,9751.590282176101
88482,6975.904541829741
79950,26919.366282287865
79519,27880.57119494982
80376,18007.866199555752
83366,11421.111447368423
92250,28329.03
87368,13442.668710509874
77347,15025.245131429841
107935,7317.414637777359
95765,25766.26049206348
91877,31671.016460478277
97574,7895.22149195385
95192,12809.376173659675
80288,22871.45315126705
96795,12480.792055555556
80851,30053.82340623136
93753,27646.118824337344
99782,4455.007333333333
83153,22115.015
78634,10672.057603873252
99463,17267.26184410687
81675,17552.343871772806
83093,11415.74290976295
82993,9946.907875914847
86972,15775.194743451679
100455,10814.894893787088
92692,22024.87610714286
79761,34070.33264562533
90624,13525.860862824753
93517,24906.241
99893,8518.668961879375
85441,10043.426844060543
91552,21215.173020396793
81031,16343.706392814722
82232,3998.895
80062,28877.576874709717
104764,16543.7455981272
83572,8069.268018518519
100100,17913.210553839785
96649,15766.137826911825
99860,1743.555
81915,28503.65622269521
96284,8434.2688125
89243,7711.925867841428
95051,15748.584653180622
101507,12525.204646171092
108257,29992.360093273037
90558,21354.9141961925
96913,17098.910942028553
76621,23609.16
99801,11241.518333333335
95155,13736.886487557733
96739,16009.467788226744
90592,12967.268571428573
83307,12608.292596006148
101154,8278.104782600874
88229,10311.067501395926
106301,12865.528864337211
82193,22444.60297247977
101153,10997.285
107721,14782.015837145704
104792,9672.951343434344
92322,26925.26738095238
99316,13138.738256534625
86404,11479.760270232495
79624,27401.53823456619
87122,14274.392291666667
96046,15310.267153112223
83384,10071.547942126806
79657,13934.125835691155
86605,10449.841932987489
91883,15526.812572882192
100473,10276.122341535298
96611,12313.335833333334
89102,4456.83
103838,10054.692377932552
78454,19337.431192299893
89761,11910.269889135021
106275,11709.232089356447
77831,43758.568668003565
82876,12835.717391637896
96899,8123.515
99945,12102.139265681193
83505,17445.76785020003
96841,6404.621144579153
94189,24041.740356677867
85020,11998.3340625
101456,14876.422131147541
94155,32307.213561406763
77575,18543.32367299669
97904,20192.628259569377
102523,5602.744166666667
107541,17877.32361111111
87223,9507.616925578877
94975,10018.81812648877
104630,12760.593762716475
102538,7080.65111149759
90345,7016.63612628547
90170,7465.181284555201
79448,22318.138857087248
100139,11604.629202380951
97457,20050.113902354253
76291,47198.0077548647
83987,14502.892206940109
106283,44310.85034339242
101864,7174.58
95757,19129.198583967256
107668,15582.385844275661
96696,11061.77623175153
83094,16129.067744556218
89521,8460.18641553288
98998,7686.3242659158095
97028,9122.692107007604
95291,29594.87
94443,20780.845
102182,10570.326666666666
81794,19527.26762800724
105003,28687.31767347337
83041,13035.24005237507
107213,10184.753977272727
104467,11748.860345655381
93950,27118.07666666667
103790,7962.9111524238115
89125,9859.599871064844
80748,26497.2818910348
84795,19400.308014337115
91105,22214.775
86086,17088.558826821518
88522,11253.305821446987
84472,11165.470767138726
99289,17183.62535704326
88050,15881.323480900333
98087,7362.565
95839,28977.58
76057,25477.365695565444
89619,8604.379823193862
86471,11988.92961108129
97685,7690.711986466638
79824,29151.899331892757
91710,27777.356444444442
104474,31150.662075098033
104157,42983.253541133854
95117,32154.985
96337,8036.6033132668235
107562,13190.29787059899
107286,17010.00233576794
101251,8445.036153206645
97688,6940.2296000423175
86405,7815.574046992481
97631,14078.4925
92981,35729.28
79580,23546.81
91562,12367.044732905983
87048,16529.20761995669
96103,28850.701986497137
101854,11184.745459036329
82126,16823.475
105443,32275.44996420341
77293,45201.53384615384
108262,14274.440690965215
107157,11456.455062017227
99717,14128.97215277778
93208,23883.899018398268
81353,18901.136996062112
81790,17671.93222222222
82153,13863.046949504165
97223,15733.0266091557
82088,35209.32180365297
102996,9997.11875
100023,7902.24
84333,16872.84319083278
102506,6704.519676010101
95753,27135.295
77116,8756.296666666667
84459,8364.290792207792
91453,12003.96
76524,55300.89837366285
83249,13602.0621875
102313,5803.314333333334
90456,10038.594416666667
94635,26443.83
101187,8075.225137778887
100776,13909.53
84563,8939.371630285033
107706,15106.1115625
78776,31373.424265625003
77019,28908.568791347523
76122,23176.524212962962
79042,17443.69
101851,9464.554723553581
84657,9997.953577030035
76067,20044.168475776074
83598,5789.075889957266
96003,9299.24093705272
77817,22190.004990699534
76887,35788.335
85766,8231.53316054128
105836,20369.00001096491
92443,50508.255
98875,28067.679626007448
94808,19721.331333216247
99490,7796.43009375
77469,12830.48
105148,5236.653968253968
91649,17579.665
107040,28064.657682379355
96074,27239.817386937477
100656,7756.156393234463
90366,14890.754783432094
93981,15472.360634395653
80858,12871.325
90070,12482.327083333335
86606,10062.817084016395
104521,9190.573944310145
83071,14761.388056915119
101956,8984.518077774868
83846,7230.258345238096
100982,14503.195994795427
102610,8030.665963282438
97828,13029.403428030302
99450,6616.463397744864
87521,7929.892603864735
96065,25438.56047394291
88306,10134.414168650794
96325,12276.639168888823
95801,28323.835
104248,21162.458951628396
98652,14334.651235810114
103877,13871.898524607113
107470,19758.130152958227
96801,13341.61234237647
99595,28591.176043295403
86094,18341.89156091602
80874,32226.795
94606,23885.98
96127,18659.22
100687,9043.066527777779
81118,26197.37893838805
84405,13583.477287324476
83257,17700.62329900369
81541,17496.662884615384
77940,11359.18625
101270,9506.473333333333
85349,16764.831588838366
92315,14873.016055555556
108360,10864.278646615774
77607,30780.858112947502
95640,16439.498678571428
98143,10795.048791032797
102200,9143.934238177282
83375,11737.662136097686
102178,6898.852333333332
97500,26571.61184109782
85782,8522.065269722438
96049,6458.221642210145
102744,14523.86673874245
102560,17348.221797619048
79010,17292.48877683983
85644,9536.169988072406
76595,15836.908556426917
82219,19316.762878686306
76899,19587.160989904674
85663,19689.9375
92737,16402.145863830614
106758,2976.64
94625,22061.2
96472,26027.91707209176
104250,14654.117717633597
86303,21167.627256944445
107881,42584.42166071428
101517,9781.455847974623
89988,16405.730817518383
92689,29135.625
99002,11310.482686170213
90734,13330.15785034791
91013,41750.44
102056,14138.848085550826
106641,18070.343375
100391,7525.256855274319
77305,13348.399396551724
85197,29018.379033220037
81122,19212.551396103896
91088,26208.855
107377,15147.48581465187
86495,11186.923497240197
78661,13046.828045064543
77687,11966.217026552287
98480,7989.878715441375
101537,7027.015
78032,11906.960264272915
92374,16380.036887225097
82010,16062.818955651892
84496,11194.642837047102
98337,9474.20585927136
99520,8542.940498301445
98452,20740.305
79828,25890.256200025502
77151,22362.995562107797
84095,16670.768946490163
83491,12053.674077975555
102170,8253.834486966147
88063,13563.747701495222
90214,15704.586859145145
91980,25229.988111111114
96573,20084.725
105573,31673.847242968917
86880,12305.160372743392
100420,8377.225010234508
86053,10233.176123503548
84481,18930.68153409091
86088,7511.554596802727
83553,11676.525104753226
101328,11708.598777683224
105352,10340.122340308002
100532,13064.747414215408
98052,6835.267590112767
83818,8648.16743673286
99576,6595.348716265597
91026,14872.074501262628
92445,28237.599895621202
106934,7231.540749999999
78791,20433.439418756
93664,25848.923363636364
76923,22728.1861622807
81335,19548.245
105969,26811.553527084176
92701,24905.63635597085
98070,8663.462985588973
100423,11910.807214651035
92335,26915.198584707323
92370,32326.402617086213
100177,7256.306452380952
100125,6596.39
82358,24837.406157721285
85557,4874.75
102609,7212.846696428572
77612,12241.6175
81173,53231.65
93689,14591.777124999999
89219,6564.17681206663
94659,11355.185116407984
82424,10108.856005049809
92367,30215.45
95828,12037.893715909091
87894,7874.188958752358
88621,10122.428805858019
104992,21824.91053229665
98567,7661.127792851292
106250,9224.342498556967
102235,8191.575
94841,24959.478083333335
105496,12377.602961856515
90019,9665.087119252874
95575,32038.6625
98437,9010.47604978355
90907,15182.44388888889
83289,10191.863670637409
77938,15211.57829248366
98791,12487.641928571427
104254,21290.565
104311,28301.44684528417
96753,15223.756162531907
77998,23959.843595001526
101102,9460.328971550836
102836,6309.63929906542
85330,16272.988333333335
108511,15153.468550135081
89527,14142.012627383014
87734,17674.171717018806
87110,4912.575
80936,15407.055
80100,17125.89
86546,9878.083496048186
104949,22398.545986662717
83654,18784.5741265851
96736,7897.609962759464
91898,24602.125
90221,16208.435
96356,15560.306781746032
78901,18161.181899735235
91469,17955.059851731603
106591,30519.787510088863
77763,23128.149724889063
89604,7692.822967888891
90001,11246.135
89947,11861.804608306607
108218,13519.07797274797
82927,10387.960021654855
107140,14612.36303216486
95013,27701.446598349576
104979,9590.851547619048
90521,14300.471780128044
108465,25349.253652581152
106606,9592.25838828124
82999,14588.218708387103
93784,18290.804051540406
82680,12699.225666757038
100796,15481.061865042706
96230,19866.416351709402
89110,6943.655331168831
88152,10475.201479485468
101403,7658.621726889333
77566,21916.34331211075
86366,16329.239177468573
80356,28901.21485730578
83500,21833.957272727275
76673,16051.145981016882
100256,17200.791709915247
101335,16051.257475340099
83416,7732.7716666666665
104983,12137.573559945642
107300,25672.460379756634
87350,5785.144404761905
107106,21721.24663387891
90550,9987.405323339066
80002,24824.96183687324
90827,14726.297057890248
97480,29907.131836124277
88160,9975.080665709702
88467,5606.614944624819
98500,8059.787084656085
86587,17647.343514858814
76737,16468.912408284148
79089,15873.049138589027
93153,21574.08163512404
80315,17740.885722296778
76731,35861.295322415885
94243,23103.33614781679
82571,11462.188953249533
86896,1735.885
88404,8688.590384615385
108530,24892.86333333333
100573,7897.855
102888,12424.892720226648
76011,30648.333845846533
79586,45327.52
85620,4194.233
93470,21150.919418555844
98335,9184.617713718062
87826,12826.711793664701
94743,25119.535
81247,14968.03512650518
91376,23759.927333333333
83451,20946.37209301608
83176,11149.77206313263
78867,25723.473660062835
96786,8577.947943719908
81019,28312.375833333335
97316,9372.06087912088
80560,19155.121029387283
88535,10767.81434675722
94281,26544.130388202197
94309,19477.0225
93404,32397.61716086649
85218,16932.68089093461
82697,15648.37206416902
94919,25084.16434885012
80829,16892.732401259433
84671,16317.770689226976
108043,14413.950836805558
105111,24402.046786877905
76997,10807.963955216126
83545,13966.658978983978
82274,22424.00366501671
100513,12929.515
93471,39870.285
91627,49471.12416666666
78780,48167.69279805774
90005,21348.38409698026
104234,9818.762880312246
100798,8586.405833333332
101322,10812.955795463291
81807,22027.583024283682
84469,10752.278230754784
94701,20934.877307387815
96119,12845.087106748866
104478,7583.014881590522
100116,12688.685
85151,15671.839722222223
106970,10078.484065852625
106570,44983.239705882355
101472,7891.7125
98101,18455.196849896478
76225,13521.320795570915
82833,6986.096536412306
81055,7121.985
100048,12841.333333333332
90519,32588.05170674965
76484,16885.600596361186
101898,12514.964691737594
81741,33298.48498789631
90441,7542.262781150121
108314,13482.110019052623
97881,3896.715
79306,25220.380003793696
107116,15952.349685986059
98899,14865.393493437117
99975,7240.884732142858
84378,10478.723968999018
101661,10656.536754385965
100239,11437.55646336258
80035,24629.487
85033,9764.64309883121
76723,9988.15
107773,9266.827896473465
105937,11493.072685183137
78321,16611.550943251194
82047,50422.395
95113,16553.904393939396
84907,10055.492881462766
107479,17366.54559164105
99770,15355.638794638962
86815,16409.504166666666
101558,12812.84687001887
102258,15387.924978994184
95963,18898.2324697195
91995,10358.138194444444
82913,20003.027000000002
101968,9855.612147710272
105332,17945.820523862356
108213,14870.293609370354
83825,10534.164286759784
77438,20264.807020833334
95768,42576.828948412694
83195,19949.02568181818
104287,11570.072714055823
103213,12921.033333333335
92744,15562.278347688443
81351,30791.67181644248
91555,16671.893928571426
84546,11576.500627454527
81270,13209.54
98294,11382.74
94278,19095.438365618767
103537,14708.530833333332
104284,15395.881308121907
76635,16999.503755613936
76676,27954.765250748722
98118,8453.687914293096
79440,48393.53134956281
78969,28112.784117185405
76500,13263.981508680612
106027,19683.855
84604,9647.676122164947
97498,10231.778842981434
92641,47272.70583111889
98216,10181.905192307693
102453,7969.0166666666655
96270,14657.479017857144
78777,21894.323892706376
93169,10412.133597222222
87621,16555.32576478442
76876,23031.81631150974
83561,18526.335591579802
84296,14127.995716020409
92355,29219.694906320427
90302,22331.24768599456
91387,14643.087135264634
89854,13670.542969928589
106305,17746.804048327696
98703,8890.703550093787
97929,19489.826177999807
105575,13960.295731606546
79052,17583.419195672544
82362,24925.8875
85625,18046.135689655173
90792,14190.219829881016
98488,9772.936325872364
106795,11125.028333333335
91666,24571.743419975523
101528,6119.221666666666
94739,11492.02965054682
80961,11646.527292101386
91988,11099.3
80335,28149.669738095236
77505,17068.17053048086
93280,15680.585
91630,13547.135
85422,10832.109318226283
104986,14392.98815965644
92176,67554.615
89861,8096.297697957257
84435,14323.421024251162
100381,15042.40564909373
85651,11129.011151030623
96525,17737.898744126836
91383,23321.7
99177,7255.98432307295
85842,27897.005
79658,23606.689296132314
84332,22955.495
101621,7101.245
94509,19334.789285903527
87175,16972.2407083164
89394,12194.072307586413
91163,28400.54
107771,16291.895540099269
99551,5784.715499999999
87537,16237.962031885185
76726,16112.073707683545
106637,45441.1980263158
85583,12924.354906304974
84617,8815.029115384614
86419,7647.187552631579
80036,36077.0951369863
83956,17885.436625277427
106663,10900.611459972279
98368,6673.79788068266
80217,10859.45294642857
98528,8834.407047255123
92746,31059.00416666667
78042,19391.54555259819
87314,21165.326145833336
78148,18420.083671819004
101574,12630.735477053155
84789,14706.671909414557
81056,8095.43
91483,14952.005096153845
97869,13723.55899231788
89084,16444.383671578424
90398,16167.935
91038,23963.465
80326,55351.50871581979
88665,8167.052241510727
99793,13735.899375
107218,12288.562669669758
97438,11306.19142784546
82375,5418.315
103211,5383.498122954283
83430,16245.711010946085
83717,7905.219539256298
95607,22611.14
99653,8357.581995298864
77072,20037.225
95300,13309.674833333334
86090,18674.628676948054
90553,23894.650774305555
90690,13704.676901842224
93608,17040.503883603895
96059,9743.112509320335
105488,17098.225
102403,11850.983292178675
105357,11663.109518929628
81201,20308.261479787423
100092,17293.665
105800,10649.066696779755
103658,6251.007333333334
82416,7455.432535714287
93007,21017.885
103850,13471.631197036237
97328,12302.763333333334
99167,7935.586557229568
92788,32728.855
90228,14584.83661023999
105015,24331.983815476186
77838,11981.69808907946
88672,4942.845
86881,9334.39790262476
90515,8959.470206411475
92777,35698.948443223446
103455,9663.359590548342
97286,29544.49790760297
104633,18963.085905574455
83548,10215.536745220057
80980,22593.63337657861
87954,17048.404887820514
89975,6784.988657176158
83762,17317.6434613558
90615,8955.834390125046
76755,9872.057416666667
103371,10205.841812894367
102703,10729.233222194223
83856,2521.82
105099,8725.756612555688
79080,18968.902180097095
83898,7060.549202200577
88241,10378.19466572561
89549,15261.516860463984
79740,9658.365070241893
81937,28704.4633210654
99084,12616.520822094571
106967,20695.112957441284
80358,45227.15498260073
97694,12754.770224318148
87454,10010.657669459204
101943,16479.758104939643
105586,7783.112099206349
105651,19106.463137216488
84667,7226.93299784745
99050,10524.791309703218
81245,24884.771424434777
78547,21025.43595939091
82473,22055.741477601434
85978,7485.048833333334
88385,10270.901342871244
95452,13958.667418467352
98159,6730.894960093897
107952,10460.48470593192
107265,8074.603373957181
99744,8307.655
107450,17640.19697509543
108280,11762.058055004094
85684,7736.319533689857
90660,7499.2112863830325
107627,13473.581142857145
93896,23870.615
105931,20494.029003528285
107160,10066.55886858295
94644,18597.81461302203
100057,13077.103410388687
85053,11199.693666091945
77037,32057.152022290116
81281,11960.091861546547
101247,15615.93
92031,30039.513341539707
83306,11635.357636646113
82079,17739.182764069265
85936,13749.945358136669
90480,7641.625092295244
92696,21617.394893513276
105467,19370.897258195306
89682,7403.555866629401
76305,31245.601532221874
79665,27392.24
82839,10938.661609575145
93076,18478.977104988833
104369,19551.2925
107999,9409.54123370315
83787,14593.430463142233
92554,29936.368973285837
99110,18763.632885201554
82707,7100.8271875
80261,13433.78375
102365,9426.749
82760,16498.271988935638
81142,36469.11704686695
88411,15977.818430805835
97734,12054.134008158042
81604,47580.98562919693
84705,18767.598793290043
104661,12824.750193101834
87897,12475.039650849538
84651,8537.676156351063
82294,26572.554831750047
100689,7151.68493006993
105236,7955.619048913043
77656,13612.173228980218
94054,25372.486785714285
96367,29845.127255263335
99913,18460.018368393812
77083,20829.256048242707
104849,19805.38774801595
98172,8210.564467741935
98043,14425.994350972518
90979,20432.05537103754
93136,26577.009375
88750,8964.41136224215
88471,7920.838106125025
93720,21993.79386983243
76649,12019.91926388889
99291,6039.313
89267,6118.161060710881
108244,9828.038181999273
95194,26661.319417989413
103998,30864.3936003252
103782,7994.468365417539
101502,12651.135256759115
85961,9587.870900172235
99073,14734.13369561729
106535,17437.370068986806
96594,8154.371461603135
76156,36492.2475
85484,8362.995062091502
79139,10485.274956520392
96730,12621.073271520147
101796,15357.6379040404
78809,31584.065861106457
101193,6901.9775
96275,12438.953799582463
98321,8798.756428571429
77928,9520.509711789751
78328,30607.61
103527,11120.287265609268
89266,10349.463801120402
99074,8197.322638872984
97952,13741.447767645735
88220,14048.83677786266
90223,22703.701136065727
76506,26087.955321675745
104498,22426.91559072782
84634,16712.34081547619
106803,25019.48793898418
80608,14584.731663978759
78715,13076.756557551365
89962,19722.770495789777
88958,12283.808139994706
98941,14025.785
80707,19361.811532700962
105934,9533.220394475233
106190,18724.477223326496
107803,25598.70833333333
87945,17482.844250000002
96859,7953.874252976191
84495,13613.367685213929
79965,33131.325
89496,8226.729372077356
101195,10764.1045
97209,6774.815912198912
101751,16250.540737396039
101541,8659.575
96051,13840.793158984547
85075,6780.119767653915
77118,30017.89119368948
80487,11646.787842597621
106184,10748.599326872674
96374,2413.865
91702,17794.22142857143
77517,22447.585339826168
98188,12345.862507384694
91641,20951.866486399365
94607,24387.770356934732
86769,9619.018377344957
80484,52630.94966666667
86964,13131.455
103086,8137.49
84257,12879.884201041312
91852,17273.02176190476
87431,16830.38434179616
80439,25805.03142142148
90405,13473.032552170778
97647,8163.225851114163
108071,14747.403857441155
101911,21814.718702380957
82293,7716.0003333333325
93627,10362.894375
92080,31531.59909871009
88291,10337.995104168498
97591,16497.895207760754
94632,13416.29288643009
79572,22686.26629419192
100727,14355.044258599642
77760,14679.890739832472
80267,25107.145199187682
106167,24958.45981124042
93339,23021.123431772263
98727,10870.420441221502
106765,15066.906
106746,28880.085350639616
80012,26483.991498490515
86651,9741.883072404184
106616,11209.557886904762
88617,7584.901089649671
78380,13083.486694742744
102380,10887.637487508217
102093,17870.216754028806
79049,43319.41404220778
104933,15582.735189325951
81578,21810.964526077787
82296,29962.925
102256,9207.67
83868,18950.01693756524
101459,10057.714104693123
85014,6162.955268120166
90820,11518.31062056642
83173,7555.789957070707
91252,42250.99578947368
102307,8295.537234534655
95153,18380.41059494595
99149,8178.020149827574
76130,13639.083853174601
80049,25537.584644040908
84353,12072.070946668186
79550,9910.473095238094
106113,30075.54266898372
82182,18210.753387694484
99898,11849.238595238097
94685,27025.03
108125,18196.285074763073
76144,14780.274731078176
82087,17451.529166666667
96666,8634.501393939392
105109,26092.985297281324
94341,37081.305
80039,28198.009906568284
91350,21180.690943065976
99415,10490.536283584968
85832,16322.745022727271
94022,10855.031966506114
104332,22108.164639795046
89367,9126.916511537125
101420,9314.502749723682
99401,25430.13671903094
79179,22958.23508241759
81603,16712.39535878522
94068,20136.59511253075
98185,10631.658907104073
99646,5071.74
83218,15624.529912280701
84593,12213.017399891773
93040,16140.68911914032
104544,13711.899480507152
98735,13322.125691940444
86524,7381.294967851507
102541,13628.435767277915
88339,12878.76272715172
92750,25339.946393865077
101882,8292.283637820512
78793,17753.92641892399
100625,11737.461844742655
91791,20183.911525472096
98604,8590.18547908846
107903,12483.543709753438
108450,9112.584202968279
101903,7706.263441399088
96190,21715.811916640243
77299,17608.428800134094
96588,25037.44705511886
80932,65544.27
81221,34975.6190198811
107383,11481.311633000172
92815,27495.80674049197
98724,14650.199672161172
101984,11398.678203403013
85939,13550.793062499999
91597,26884.65613344799
82514,9507.484979166667
88788,10095.719297117883
101131,10642.28
82614,19923.075
101646,11212.801417113105
87641,15206.548219774242
103855,13006.784056065886
96901,25891.53505300922
101942,21172.828924295063
92415,29933.25673603441
96467,12090.225
104656,32712.565065424275
84104,18165.969370008614
96685,27724.36844047619
93816,25606.910599976127
104925,8211.312710091199
82086,18044.96104713618
93855,21063.781314906166
85411,15870.915341182526
88743,15636.283942402157
107201,8409.148690250373
91771,14322.498333333335
81001,25370.363333333335
90074,8331.56
82791,6904.39551389801
102636,2017.5975
102722,13313.20618903483
94571,31381.87524160157
103852,8348.758426049002
81514,15640.784532311798
99997,6530.653809523809
85808,10709.327431818181
95355,10946.825
101928,7134.168541666666
98862,7030.174410176533
87759,7741.780832495876
101810,8863.253
104902,42041.145
101361,13091.621104247699
81707,19509.63461313922
84482,19451.42
87358,8533.27492177734
103589,10809.989047619049
103675,15179.094448183307
76652,17484.12003788708
104101,13555.002786932224
94807,18824.084924242423
77325,10793.170199999999
79875,21723.12615575242
83034,13421.98721989602
94997,25887.4
85209,10018.804230868616
88344,11860.72
98849,8171.905694699369
80527,32473.545
87245,16778.462566517228
83783,16211.678003998664
96515,10309.932936809444
95110,24048.824716725438
92177,33614.978270479456
94690,25114.026456501833
80340,13799.054373433582
80211,22204.72226814194
87440,13751.581666666667
97742,10152.088669117646
86586,17391.859176453596
98006,8429.895
87613,10320.626548840602
76521,26770.452819303806
105734,16080.546975661608
87925,7221.015613095239
94634,16477.336647897384
102227,6542.260903882492
85292,8974.344162794372
76921,8679.633132993133
95158,21020.691819824882
95582,22197.162366385706
105636,24190.624382513313
92793,22186.13
80981,40578.62975
76421,16506.437053571426
87182,8499.849188832055
93677,19741.655
92969,21967.925438352235
95005,16532.422533204783
85337,9351.991396347266
90477,15395.060218096638
83508,6132.321157699469
96886,14030.097708619433
104112,14852.792311205725
93923,27264.422097100232
83338,7087.631353743836
77100,23227.538740041622
103801,11528.989574231326
77772,23855.702073028697
94352,21438.3
78360,21263.833843714605
89986,9926.864041129063
97654,6366.180782051282
90295,18621.75
89180,14699.888269249817
82039,21532.10903506582
79485,15304.335214985984
87606,7152.127542827743
99574,5571.4995714285715
92198,39329.675
83529,19805.461228755277
83789,16461.37727064501
106137,22740.722996031745
81731,23028.529285714285
82668,9785.320161009264
95865,35717.51
103389,9087.676916298164
98482,9530.799364035089
83775,12450.110633318336
98846,24699.80439264128
79233,13297.964293159035
93254,31352.84749999999
84246,10230.698855166522
101996,14568.322671170585
96237,13033.131761363638
104216,14825.944369795547
105667,30028.528875757853
78813,12992.160834989243
99270,8867.43831738211
78588,18690.274175658094
105552,12045.626919156142
97164,20145.63969640767
84342,15557.87155339806
103688,19430.67607551927
77484,9214.493333333334
94326,10687.285
81254,31716.82166666667
90674,13640.063333333332
104261,10435.427050568236
106636,17401.53544499506
83188,21492.615
93725,19055.59705822758
91349,34429.092124999996
106973,10347.46239025178
89671,7016.213692369036
92830,23093.517410057644
105964,17427.01
89696,24194.224749115045
99813,8998.39111764706
108159,41913.49991071429
84988,15834.215677741668
84921,11125.887100639111
93609,26642.4325
105751,11416.980842323233
92102,30578.28439854342
83130,18709.792552844126
91136,25657.9525
78276,6608.33
108370,24377.525709991758
100384,10439.601571428571
84940,10454.874013238754
91942,49407.05916666667
94454,33673.73
100909,7547.691666666667
87701,19010.51085632184
104798,19357.95394117647
95263,23608.745288040504
87121,10356.5197304666
93095,19754.2819375
85642,12631.316438436112
92656,15517.2375
95617,42212.425
78219,13313.472624368615
104179,15606.815
106438,22034.651709848633
87196,11113.26333470516
90335,19768.954756810224
82059,17827.002458488983
92365,21121.290364078548
98309,8658.445
77684,12360.757701301163
89823,10908.070759760152
76689,19104.883857142857
98279,20895.75507650029
99892,9055.874854336806
77342,31542.242265625
81074,63706.16
101487,12212.967322584258
79070,11592.93080680691
95231,31609.697
102572,3484.345
99529,11504.371127446087
105996,9911.435628787878
100780,7641.507767857143
106814,11243.924663369962
85545,15957.808252568266
79630,18229.217637497513
91145,35722.887156862744
84823,9203.705
84954,11280.204699311727
96658,12378.16504761905
91360,26580.2525
90452,13762.828525956944
101820,5945.135305572388
81605,21678.785209790207
95895,26327.24
99378,7209.535553316818
89327,15088.809166666668
97326,8182.574085363561
100777,8795.92058459596
87405,12809.08280296022
97627,20781.37956852595
107458,12224.26132573017
79060,17105.555543269234
96136,13238.488477715286
98257,8671.96675452982
102335,9820.09784310936
77850,10578.713103174605
102160,9641.874652872762
102379,4672.285
104579,9611.638680536043
105614,18038.299271656902
100113,10570.860653201116
91032,22178.804396807438
84428,6055.98797882225
95075,12476.287083333335
103736,12081.70403125
86290,15240.558850492382
81511,34624.32192947371
90680,16473.385653846155
108256,16520.426247969157
104529,19868.226492423677
105190,8597.081452380953
83963,14398.881080564262
82386,57056.075
96710,6434.701642210145
83474,6751.653582209896
85539,10051.872946235486
106439,17606.10448452011
102158,10093.722791666667
88822,12953.993996950227
100881,8782.4455406789
76677,48143.00584658216
90178,7620.543652486227
93735,13951.104022309308
84662,11400.936913069901
106182,13650.58141916163
83398,12917.02292036277
87992,14127.969845863674
87968,8475.579717783674
103912,15010.805
93375,20269.408015503577
101226,6756.145416666666
77949,30459.808674072287
85607,6857.668333333334
79522,21750.94832020997
77739,10145.413381975868
83123,6869.421239184793
98241,13000.56
85653,16305.844280948113
103346,10837.663015873019
93933,25094.862472222223
103652,9294.835426189964
101032,16967.71485240477
95245,44912.885
87397,10710.18617124591
104051,8199.587453311553
88815,12787.191026043629
78834,44692.15941666666
86348,11211.140595238096
102205,11031.506925965354
85638,7234.931075581889
84036,12646.302106237421
103627,11269.0575
86641,11130.946257183725
76954,18037.772013341917
96042,18317.917850931677
79230,21586.054429537897
81240,21264.996124999998
98464,13545.336222407988
93761,17814.169393939395
86239,16406.701826491448
106231,21627.25503771288
94092,29337.94477004891
93651,32223.20722088281
102239,13830.172504454009
108216,19696.898813107877
87035,12973.233073502886
77754,22553.759551669365
102892,9486.918855263159
104205,8862.192588448022
89539,6950.565733744326
94276,18162.053214285716
78405,11703.34873630258
82829,10874.899932929457
96653,12573.429800595839
107768,12184.37132182852
82557,10065.986691815893
79190,14841.118790089677
83639,19687.87195346443
106302,25080.712345267195
83161,8528.398208191727
101839,16782.035851626017
76769,31021.66
92536,29525.27769634265
105981,10558.77776388889
89644,15199.870724166844
95175,25349.576456501833
95837,26638.12238095238
81282,30989.588624999997
92231,42898.92
85287,16606.572228107707
82582,11754.711675211365
82666,15386.846664141414
75999,16574.93
81738,18991.71722222222
87020,11103.472724192025
93066,30951.264539632895
88496,6747.891416497715
93297,46821.96208044733
82044,17130.46924737499
81673,26874.059959595957
102694,7494.929696428571
89509,10825.152847875124
95965,31176.956418214875
106101,20713.820776273446
83569,8783.391847083585
104718,21496.460390722816
99492,20851.102138888888
81091,61392.355
91028,21690.485200377225
87981,10386.49145862705
91801,16943.69470456613
102243,6383.55875
82445,10290.92273404338
104094,6346.428920634921
94745,35756.81
90106,14075.359716986553
89015,9732.42375
93183,17614.631083333334
84610,4590.835
77055,20535.424098077045
79194,15062.916910693013
91155,27720.6275
86569,12671.332494430486
82485,6783.094234412539
88760,9920.602327423392
105923,7564.091882811523
78686,34740.895
88814,7952.747256134812
82320,17662.754076695528
102937,11031.449319251695
87116,9653.028478408036
90494,10035.141562458462
106037,11168.149524909975
81698,36507.6
108120,23273.222842710587
107501,15291.165228393247
76407,22445.555268276865
98601,11290.722730424714
107872,14712.576287383787
78176,18879.576836568158
93534,46905.26073775653
91839,11239.01
106436,18631.12703656439
82935,17327.412140496952
84674,17539.166181578224
83479,14767.728649500265
105047,21717.9525
103698,6839.399643939395
99614,13493.691458333335
84726,9413.080753177808
84695,7119.184467804373
91147,23904.684752629997
87076,18432.28295535019
106200,4915.66
94496,20910.445363805058
105826,12251.424218117983
94976,16407.375714285714
86380,11168.590829601095
79211,10586.178996309247
83213,11702.841506199802
84355,10624.527422409024
108034,28579.57441899433
106948,9625.010107665816
94995,32224.63106531389
101963,6749.300262700941
106550,14824.768869795545
85682,11611.86735262804
98174,13622.894589532727
105423,11971.06
77341,13938.269837725971
83563,13055.381419244062
80177,25922.635328442204
88183,13792.305171450747
77520,18915.44253835916
96601,11961.076741541969
91964,26290.173539682542
86685,12308.918905082794
83039,16363.08467839806
97785,8335.681056672825
95814,16110.042938776836
83452,14818.69898601059
84518,14858.503543956045
102194,8664.968857142856
85247,11207.460131114964
85418,5984.27
77908,9874.403912703146
92033,20512.675284681853
80872,14091.776708333331
86635,10495.47313437027
79420,28978.53725868804
98251,17982.413031319156
77158,25956.8448270638
89969,14110.155225052726
85928,9543.174481823877
91375,59135.36
80568,20383.41738095238
91041,20380.70200947982
89322,2149.525
88057,12069.47344642857
89486,6972.772959268801
105977,15364.121439907885
88167,11433.216618334327
81115,42514.114485805876
91486,10826.550375
100782,16158.913845547675
89320,13854.52449815271
79784,17070.71644553495
89096,16081.646485452557
78264,8836.862083333333
97581,20870.432694588766
79576,33502.99515453158
89259,10178.620128716037
106745,8910.474555072888
92013,25089.225
86678,15350.763012500664
102324,14231.083300382661
77632,34506.19410215053
106887,10570.445492143259
78950,21623.352980442083
88191,10073.552030874971
88247,9654.344710144927
94345,14032.11271978022
95349,18530.278637724656
93901,43857.975
100074,9178.58
85164,8748.727592993111
106172,22475.83875
108479,16193.023896794237
101908,13516.595
87385,20459.22625
81494,10520.260192355889
81977,6274.67
108330,12402.77792161911
80073,14167.354725108225
98716,11348.044781220791
104170,8992.619302120538
103992,13829.430038082723
105540,17720.322367505814
75987,14798.809442078731
99496,9661.829583333332
78765,36178.796529357576
98564,7924.148817367769
81895,18798.080470783378
100955,12246.223895722416
77153,48394.0559057971
103888,8044.03323162526
105921,15415.62290545482
99660,12734.573353174603
78579,30217.068406943054
87023,16701.014348083343
95879,16546.17692826618
100433,10055.8051881566
83011,14104.95746564736
103255,10052.373828204964
75978,22724.310397908255
102295,9566.06650446579
92099,13038.730415966387
80985,26941.574119047615
99556,8537.511853143706
97124,8394.430038222086
81386,23028.239943235683
92818,27377.548232727717
76413,6275.11
99585,15859.280155576233
98093,14108.581482505992
87527,7979.813825507611
77911,30566.199099894577
85090,16289.679548850572
80843,15514.644475276169
107096,9661.820886729118
88042,16222.155615201464
83948,32777.711998874496
93242,27774.45
83677,9473.679026508218
92864,10619.55045177045
100323,10660.529294871792
81042,17441.79816360089
89663,12697.03972146397
85381,10432.764173355567
96699,13482.38544368858
92422,32229.114601569298
96880,24055.29550837132
88530,11870.337495039683
81438,29070.2395213505
83484,5809.4858899572655
83637,17507.81249350734
89092,12877.01083167774
93732,22859.631249296177
92925,18866.395
105183,12898.800731731777
98369,9627.836833333333
100868,7930.379976131463
82430,12567.425046113372
97604,10157.305156795972
85474,18005.721667925212
90978,14132.125
97258,18322.604731037958
106720,9964.718843962992
89418,10636.288236189452
83154,9038.913962524046
98671,17850.453333333335
105356,19159.03374714822
88880,16654.20310099506
84275,11641.824599696416
93184,11394.4365
99811,17178.689647058825
96995,13103.347512987017
89700,6897.968744056587
99390,28370.103972721157
100504,10216.414356769657
80427,10621.200782828284
105125,23252.355
105652,13831.378409221647
82706,7442.4971473805035
97831,16783.688023174993
79865,39172.96619047619
78586,15183.222637038525
85926,8550.513218459393
83961,17738.423877935675
96313,16780.749948625933
77556,30139.49624731707
108155,21847.719620343298
77590,29008.378957355213
90192,15724.913999999999
88094,10238.937892763599
86737,17964.160972222224
107509,19658.451529544094
96960,25930.16179082596
85495,28966.825446743238
80902,20935.107082869956
87998,11455.15234598816
93672,19438.438125
101245,16205.637361237057
85802,22463.472272727275
76378,24672.735
92576,24991.015125
80096,16506.1696030685
103064,4874.760952380953
101782,14024.977088607597
84729,15891.504997887094
78010,16836.387090098033
76995,12547.664241955135
83407,12062.758164316954
86858,10068.912755404734
92623,22551.755
107680,21503.44083333333
77324,14444.374914788277
92312,15849.253301101953
95266,17386.043541666666
86907,13169.992576134933
98403,10035.420745024567
77236,23789.8057039749
98098,11823.521262059789
100392,7886.495
80696,13187.734619931309
100083,13327.68508685421
107500,31275.250414504848
98415,12289.486717948717
89111,19787.69632884138
97813,12698.10386819321
86818,10561.004822833795
76368,17853.845295017316
92461,18998.953970454953
79280,16117.12095206767
94481,13202.92
85233,11205.355055331893
87051,10366.109188655078
97596,22781.5384375
84911,1969.96
84923,16377.309579829813
100105,10626.377916666668
100360,10053.308778551971
87548,18457.390719646177
106839,12615.538740056083
97625,11439.243182633154
87757,13924.722026413141
91686,18871.274831311708
98789,14136.165178571428
101190,7334.66241469033
88070,7370.15304242134
93252,18729.856792207793
99741,17324.38223664375
104820,8084.645
88169,12231.765
77198,10362.243631460096
93558,34591.78453736384
82381,18650.345
99874,12267.289798697539
80727,25454.596470588236
93762,25998.435
82928,7710.741035221695
82083,29654.66615300832
102681,9478.468038493915
84592,6834.037791666667
90373,28926.2919159254
100741,12213.650442859409
80833,10565.7478732627
91415,24107.423702976503
98086,11555.845878528338
88138,12871.180089495138
86387,15455.708256467111
95134,57788.93573529412
86392,17619.343503033622
91440,22869.01666666667
79877,13537.571041045314
85439,12511.361521055234
88629,12073.353431811383
90541,15855.83656257259
94365,19192.63
105625,43756.10711956522
100340,13819.52
78761,19086.431513430423
89066,11452.695589672141
92418,26609.766
90530,10341.775276097998
91595,29295.445829247627
101516,7233.430679824562
93518,14162.129017857145
93676,14829.359665478312
77432,27238.86875
94585,16038.115949878862
96358,6449.698028460778
78159,27984.34295838278
93872,12327.102426739926
86968,10617.295638780024
76425,22598.35526287602
91431,24744.47426463953
79862,24457.33
86839,13401.018849679733
100378,12201.388928596405
87028,9406.67163402609
81612,20114.227316849818
80822,21557.53581224022
79272,59801.66394904283
76037,36186.25375
94336,11760.05071806531
95900,21758.91
89645,7951.670311477451
88068,2181.47
78067,29228.4
107703,15138.267974074557
106822,13651.822538831162
82155,3603.55
91564,37281.90930769231
107241,16346.786275585633
79829,28692.621318279336
82574,6004.960119047619
93529,31353.756562761082
86196,11820.391715336684
88887,15080.650356072356
103822,12036.187759085004
97431,21538.5100877193
80655,20457.820604197717
104352,8451.95068137255
95983,41630.72578947368
90231,7973.225413744023
91426,29227.253065671375
96804,13688.21
91789,20265.891501038495
91063,28388.195
95672,27499.28
89669,7919.8510210686445
105177,26754.662446651357
83317,6591.14
86083,14655.10728246032
98558,9418.33508950619
98497,15766.577161595305
107910,10431.64360374069
101650,12639.538196969701
98157,13594.642777777777
99234,20821.6036534243
91943,28769.794721560847
99237,7281.91961155894
86413,16760.092789141414
85589,9025.206671743
83028,11348.218263149585
84633,17274.742080669334
76000,12074.373086124326
100519,8530.861620495496
86940,13489.23
93162,27345.68762330499
98061,8706.064206349205
99205,20429.932252482216
86507,8770.254634702598
91613,25546.34416666667
85308,10273.010387578754
105270,20726.31187121212
90212,5806.857702264239
94127,6856.71
99422,19775.29575431131
105583,10254.555795568403
81264,30752.615235255143
96205,7058.02215486251
105242,27676.822082786584
91770,20698.108563686692
101725,13188.624101648142
108296,25019.48793898418
82556,13043.76982271746
93282,10712.027331002331
90749,22956.018044611883
101708,10522.308777943656
98952,10481.407880324383
84008,6903.41973989899
104420,30938.402202422843
96406,7821.089517576703
83723,18337.265579034392
97143,27099.00156609722
97025,13098.979432045238
81322,72416.83
102314,8238.28625
79427,7954.152799191752
107605,26830.13209066916
87036,7080.404293650794
91115,50963.8109104062
107095,22757.05151558587
86726,7492.1735
89311,14690.317922245747
85612,6905.241652264759
78297,12347.06443092202
87140,15688.376980550078
99815,11673.720528571428
99814,11614.626442689256
79285,28288.557548002307
100846,13864.753076923078
83155,13373.108641956656
94858,26539.28703968254
85781,15212.846558028588
92914,22170.286729087755
98443,20201.27749679397
92134,14648.27679775281
102425,11127.003051242174
100338,7677.065277777778
75995,12805.77852545
96586,6580.02426984127
76467,12601.58833982684
79386,24168.692305351797
87549,9537.477616463397
79953,14035.334613933455
85516,7985.71
102251,16029.97
86747,14168.925521175419
96255,9767.655
102580,4307.991696428571
97573,12163.496374051685
92803,16352.047395126043
103185,9944.125737703322
93477,20206.24122004567
90488,16026.63774972267
103256,11693.734033052042
98259,9720.958451791306
79168,23600.002809274058
101416,11799.883425189393
84088,10070.87108124003
105807,21380.725975191453
107132,16542.946091269845
101505,14411.460198808343
96102,17520.983508042682
80342,22036.70253443044
83221,7839.867801377295
87186,17711.182650026374
89162,16174.528216216066
100282,8321.01971970547
95292,26748.86073529412
95878,41287.31662280702
81326,14052.849042207794
88518,8127.155
108243,31032.8975
108026,6931.558788419913
96751,10695.538384509084
90571,11944.466536439866
76767,20512.038049844723
87910,10629.75888966877
108470,12423.86081193519
82634,6521.754137130929
92666,28552.710976789556
96690,16618.8926437542
102493,7427.09013117284
99491,20410.33525595518
94959,17480.672620648016
79015,47038.07
93400,16236.470447890728
90577,18978.575770743148
83608,5320.363715565216
101527,8949.940860941022
99227,9718.903935363693
105333,14482.387610714286
98720,8554.359761904761
83359,5131.19
95498,16241.27825276657
101019,13472.976677359573
86045,10790.172389339215
87546,11379.908698611347
87526,5364.255
83304,15026.165058606251
81244,18902.057494949495
76248,22999.138407536244
90107,10254.302440476185
82584,8082.7251346263765
97783,7625.353816849816
79048,12455.377595238095
94531,19594.35077380952
83872,7740.923418361524
95726,26931.435
107362,9150.284171911422
88562,6386.931346726192
105680,8250.277333333333
77859,11203.115299473495
82802,10936.48893748234
100220,5927.0
80149,21871.469561929185
78826,6685.058333333333
92081,20313.739734312585
90008,22439.67341781176
86319,12756.917352790388
93624,25763.061203703703
92325,23333.958375454047
87857,18709.101374227914
84996,8241.885959143763
105536,7855.093259803923
86209,12117.80524143486
96095,20173.70642857143
78426,22211.321642642255
80287,18711.050806655127
98154,8223.431488074018
84049,16365.083122571134
99005,13686.934464285714
101228,9400.578426189964
79488,36459.135
95378,30198.22759265949
81740,16989.27140866174
101394,12756.652469327775
102736,8962.327415678901
75993,54870.594615384616
102322,7817.094965119277
106248,9473.195329140133
94377,27478.693703703702
102281,7034.461333333333
99028,9600.806756172857
88725,10769.464211752656
101290,8673.103055555555
101436,17007.902741935482
107395,13123.119949477623
83696,11574.058133920735
87319,12666.740756804666
77845,7385.346666666667
94163,10941.700812500001
89778,15432.799839529776
81251,9993.93504352019
88855,7502.340684343433
99680,9717.652784156742
94593,18917.485
79028,40282.7475
100784,8115.82
90856,15718.67
76836,22719.018865079972
105944,13995.557803858828
76844,13843.997948236112
85377,9977.725394240962
102613,10026.021999999999
105832,18825.35755541872
105173,13933.333906547157
107270,7959.719499999999
104605,19397.40766440333
93776,27669.72122782258
98145,15708.414405637253
105384,7511.3218440067985
83797,12372.097774905335
78439,10609.29459090909
84850,18827.835314860524
81348,15620.96103543509
81586,52400.625
97554,4010.525
96691,6490.496461050726
100073,14726.723264705883
89195,11200.662678575332
95919,17992.2378255783
78872,7889.115
91100,25668.635
80008,17211.933878437623
89155,6451.776305814354
79002,4141.29
80103,19949.564167952736
95722,26907.498518518518
92248,31840.547703998
104759,12148.930305506145
101435,15482.119288981108
95367,28584.795
93611,31749.929976870753
95610,26156.737558556357
87950,13444.338991114688
78095,23830.72
78646,16981.63032320536
82091,19963.7947119595
103774,15223.608774004686
102660,7621.692272727273
92256,26530.082388888884
102733,14057.31153592525
95698,17325.995104166668
103008,11513.354282300137
76310,35212.90333333333
102230,12207.18452013322
108434,5148.967749183006
103325,7119.5925
89871,10718.642642671457
84888,12210.2005731703
94838,13257.728325740823
83744,6394.923108391608
89112,14736.247272727273
102043,10718.513644230807
105254,12321.029493927814
77814,22963.430253768704
92390,10100.9625
106879,16832.22804805922
77049,13850.08085182616
84476,12120.9419
81372,27895.904947767594
90236,9191.735
92132,18528.90172637039
92240,19564.842857142856
95286,23295.115
101750,9992.274727797148
88817,17445.23791483814
81131,21259.543333333335
84244,11836.547507586072
100801,10647.822731251765
95844,19608.052761961917
83870,10570.656616401086
88723,11654.703473356927
81243,22590.992708636844
100385,11728.471369755956
104717,16552.965222943723
91235,14248.259353835445
96520,9258.057909356057
93381,33970.63
80691,33832.9
92000,29475.094929997624
107035,27348.25908946572
102138,12182.283149346847
84605,8595.626951464532
79297,44383.895
106336,26355.90722222222
94253,25255.075699890134
79716,21971.104473856212
83444,7977.0369909305755
106618,11882.971144483565
96175,15559.232527777776
103007,10314.004687560377
83413,10033.203391304349
87204,15017.699061548929
102288,7859.529395088021
80637,28566.45
102156,7644.28505620155
99444,5483.347395659895
88292,14653.251217254197
88382,21904.69592924342
83149,16113.84995101624
96173,15168.317212987888
104005,20098.610437178268
78097,15808.359338221659
79949,20175.371202953796
93089,35491.71
86142,10701.31252412062
79736,12241.71239232386
76052,22266.685
80534,14061.604725861784
86998,11381.258296703298
92690,25031.561666666665
88656,9160.518073485147
94395,20014.28
98447,7160.081872239476
97701,17817.57043945313
92140,16475.655
100562,6689.561696428572
90947,13874.480376615702
101174,8347.74215620978
82150,40681.77125
82220,13848.161132211399
99327,4417.03
98695,16148.041717129028
81373,17747.379631170017
92571,12106.495833333332
99568,7327.884054487179
80774,33833.99625
88548,14877.18885465012
89214,16293.433471658233
104968,17444.413438270814
76079,20195.023119815407
106643,19002.80835671282
98760,13242.63981025641
79377,19182.054160776464
92075,32508.898293290044
83689,15651.751273809523
89321,9024.685568956873
101772,7748.985025058241
82498,13143.106177054118
100293,10086.635
82360,23514.81329949875
98921,12628.78130952381
78949,31858.381358812996
77501,15572.4899169646
93322,25084.865416666664
85827,8090.473854856255
76428,18245.31948284314
105249,19399.451271067417
93940,26140.4635
85259,14268.367834452803
95570,30181.3725
87993,7790.559065101738
99558,6873.735401179376
91277,20432.075545454547
93825,19152.797139897928
107121,30070.986725126
104959,16428.62241928702
96364,13260.10439939023
106601,18141.365
106375,22276.920826770245
79619,11844.83672197334
76473,15000.482325757574
88184,11149.905727422463
92530,22598.000823754788
100669,9136.677222222223
97656,16443.366289950452
78071,28174.413638334387
89316,9036.663
95061,21930.19622416379
86189,12678.268275845865
89553,16731.927954715447
93106,23287.600873558567
92968,14443.150223608634
84025,25697.60162790698
107972,10265.329694737606
100646,7261.885708333334
94107,42114.27
93865,15506.28069770849
96199,11339.757694607244
107397,25451.94270350571
100882,12065.187765681194
104739,13604.609182467027
85360,17934.43819018405
85630,18513.583194444444
91862,25306.949523809526
107207,21425.469514798926
97162,7103.819729166667
80025,33228.39582964125
102082,10692.27875
85267,8059.4303614279
101929,17719.428701579123
101500,9458.98011904762
79709,17256.313831130512
93972,11879.417708333332
103035,10809.08
99214,11671.122497609069
90020,15845.370348002196
93078,15653.975
91474,26940.32476190476
104931,17371.5164486715
78728,26431.427203042655
79185,13640.709241887993
103871,7333.164041666667
91303,35027.56001190477
103205,18272.540833333333
102796,11083.105365678877
84381,5636.008350732602
80694,2810.84
88412,16631.114285714288
87437,8943.6609375
81938,23223.725
87557,8131.221840292019
84227,17522.433416408465
94972,30675.41
101329,14296.541945331697
80069,36152.772476780185
82432,6338.799513888889
103399,8977.039333333334
77538,25896.86442037088
83684,10791.770245943748
101430,7350.545
104322,16986.68195019957
106856,12601.638789409148
83084,8950.40643370981
102179,9447.695
91752,21674.047000000002
102244,9405.103759469697
100903,8175.94575
87128,13055.764296398014
104654,25013.018164595196
98265,5829.192608695652
101764,8746.689399367595
77753,11981.377410256411
93483,33023.444577930335
85586,6709.516308183561
83436,36402.385
80395,15936.579278876006
78652,20790.411458333332
92985,11283.374898809525
87343,10878.06805404475
94390,31193.61143721204
94485,40542.6825
79564,20941.5560301273
106104,33046.22306395707
84557,11644.29495488261
105524,29753.830416666664
96622,23697.19513876161
85389,13328.877589495138
78029,50245.530471477054
107904,16069.089924490065
80526,44367.855
102233,6228.953333333333
86058,13560.06519574479
76614,28625.885077050432
81334,61589.38
95043,23363.18324786325
80400,16947.246360582056
100114,12965.922971688376
92049,26000.359500000002
104070,8592.7925
95487,10582.524752976191
80402,25641.82843040293
102682,12243.743904761903
79747,14393.870127243787
97331,16879.6861331372
92573,24728.70055072464
81827,18687.843666789086
99721,6250.0824045383415
87560,19612.050302281103
101447,11255.594930688067
89027,9783.044527433856
100905,9115.815
86467,12273.84229021619
90523,8070.354223307816
77588,26969.12
79946,23956.124189411275
94096,20178.14
106481,9158.586205048534
100694,15951.137733678735
91176,59650.01
106878,7141.048552631579
99871,14492.3485181279
77534,10580.511666666665
102006,10924.987343685505
93356,24586.94583333333
85788,9828.70785586963
97108,18827.294734859228
93129,17167.617849941726
95168,41838.04769110276
96578,10624.24656266679
79570,12453.212692307692
96604,15339.963860682074
76367,7441.664023185146
105065,12991.813901198355
90635,16150.141078431374
107221,13594.106837372696
80375,11826.72277173913
94421,21657.61591528698
104009,9467.282091718145
84804,14028.354153363058
92074,28607.26537037037
103678,5300.135
102350,19920.7908608334
81690,14839.295
101817,10178.852201086956
108275,24465.942571428575
78030,16947.39201990493
91570,23465.36
96746,8217.511994276556
89748,21438.42952453069
107889,19391.773197916667
88402,16397.685148255183
107789,18095.817022114694
108061,25892.403694862154
105143,16495.285429753236
107488,24332.171827188937
100812,12209.046008817937
97830,10670.837647555301
100664,13811.87704946524
80071,26333.382623401005
104550,14325.33521103896
99466,9604.840666666667
93777,16401.162216779172
108105,10486.938934347816
90322,9708.402626566416
101860,14712.72213114754
104129,9487.204391032323
77381,15975.938039455039
76946,36413.19433333333
91556,15071.87389462081
87190,9365.0034375
107647,20905.5225
84177,11950.83250911169
93266,28585.425
107341,14466.095
92693,26560.561
101292,11319.962035690296
79651,17755.408454482153
81654,12038.494583333335
89688,7025.194142720307
107423,14241.51889423439
86626,14377.047538449664
101633,17165.965
83827,10783.455402461988
106678,16794.484021162967
93756,34760.8889411219
84185,27867.565714285713
94867,18352.043214421814
101062,10450.240623707563
76567,31925.582517921343
80522,19330.818985636557
101932,9447.683
86016,14211.778662296945
98609,15192.809412873634
84081,10815.246925387673
78446,10655.804119696133
82074,19530.38472222222
108374,30487.675232683578
77895,23115.54520375318
93416,19486.6554160082
89357,9244.83
106786,10756.184270256172
102766,11577.456103590559
82233,11773.043076530405
84115,10287.958798657126
98073,10915.572167275546
106198,6661.631785714287
100335,15649.309362949753
82169,17286.611828870078
101191,9268.115
94584,15084.338175481418
81980,18802.052812910657
93574,37148.36414539401
76934,33396.261896770244
104181,20494.909762200165
85205,12439.349728815072
101304,11695.46108785569
77927,47744.881224273704
82028,25791.99315037976
87191,24208.81
77713,13127.435
100414,5277.460869310643
94287,21589.85257262404
97941,10288.165284206902
93702,27050.380175776583
91433,25042.085
92420,19509.579124892833
88433,16930.35583333333
91656,34074.04
94313,28114.68394550537
91218,14490.501568527328
104418,16968.600588690344
86375,10482.832287401608
97556,13968.990416666667
94514,44264.73216666666
79165,32177.90986842105
81780,15920.07875
105424,16853.468341125546
77427,10463.72377016129
78626,21225.191735737757
85465,11182.966495058168
87616,10936.865013338807
101667,11832.910650504418
84226,13809.734227938301
104737,17361.03841236773
95041,32470.564300152557
84070,12153.29697564528
79071,16370.997875000001
98688,9132.180836254829
91104,33964.2725
95301,17803.288122160513
82795,5988.398333333333
76606,20223.2312406554
94708,22325.145
82934,6702.898888888889
101243,4575.1792857142855
94629,25540.1325
88235,12517.63
78913,52080.677429329
94480,24117.765
77005,15596.129842812396
95511,23078.723310224086
88879,12919.39746696884
78396,11463.88
99977,13004.188539647528
87602,15521.73787162162
105439,17783.478878829093
91094,19449.7912786358
103575,5656.467833333333
102840,6769.7101785714285
105367,10552.265958105245
91884,22520.38275
84572,10515.36615938057
96544,7907.134664868166
94082,41068.02
95510,13528.665
85718,7769.231705457067
92527,19933.86095747449
78855,14078.480497380346
107521,17568.6033809011
98876,5085.9288675213675
98440,15221.880232018702
98714,10518.010982282618
100643,12400.43049168426
89570,7585.925542936314
94168,32346.735
93299,19912.475
96033,19887.506666666664
93742,18803.783333333333
89946,14086.117102391434
107741,3251.93
77268,15839.346950681158
84848,10311.09304555339
92323,33445.1075
82181,32574.613379429262
102252,6483.904333333332
100240,10195.758949902249
90422,15847.927035009512
103145,11096.042979566013
83333,10576.64752616971
97103,32794.80002545504
107379,30863.76784350381
94694,24624.525313455044
97339,32336.609709321718
93104,27132.5725
88194,10246.05170557861
81954,22042.048869421287
96391,17415.534720957483
76563,11848.129041070042
97630,18949.87028594673
80201,25298.89504661517
87854,3393.36
102312,10741.621886638137
93848,22822.365
82542,5993.875227272727
102300,18403.92333367003
97229,12046.57375
98907,24272.87313599484
81238,12328.46625
101377,10059.813180643509
79109,13392.375430471408
88044,5327.148611111112
91950,32411.4836385137
103403,8592.496271430626
87611,10199.211489888043
98169,16053.472733517829
84352,13858.561833325019
91787,17913.970132022143
85668,8244.674520181348
91287,16895.825789136303
80289,18001.18239697718
80647,24367.178051486746
90612,24249.79715131579
84941,13805.758447918492
85955,10188.544826044454
95019,11308.57888888889
92685,18520.091983660128
87156,8009.301906573025
98300,17496.872833560985
80737,23332.77138738013
92849,25716.453984126987
87490,6658.337491723963
106168,17364.360195178557
87014,18479.19838095238
95822,18838.058466666665
76797,14179.327918126548
88416,19073.613503616125
99974,9645.05
79248,10377.93895309755
93969,42880.515789473684
104746,23383.358537126063
101092,19987.90854761905
104076,18561.21894174663
99087,7854.646585342598
93808,28511.94
80849,31001.008380058305
93870,42753.98
97218,8935.067832743247
85690,13310.716593285222
82581,16542.270440422566
81062,13801.201970791652
98925,13962.530965447157
98116,8869.397333333332
78229,13352.019536309923
77717,3591.915
92227,24735.431875
97525,9744.300928571429
92015,14219.522777777778
93168,15908.526634615386
76841,20136.573868277555
94920,13385.306
95188,12140.929041229605
91909,45079.374500000005
104631,12427.50383333333
91186,20397.437600315126
100465,11213.479238037406
79253,18075.84916841471
97133,10636.947012601997
84758,9577.25361354334
83113,9184.506653185364
92012,27854.401049150983
97730,11515.07977122136
89579,16408.448153846155
89670,9549.181858071148
98105,13550.846605087085
79497,21606.97927147554
85954,12895.948078648456
90314,5490.745504669929
81052,7261.546161858975
78531,15129.134456659816
97791,13380.42
77746,21398.839135202717
105318,21724.56961904762
96956,9357.472860684855
84493,10412.67375
102164,7985.398907104067
84640,16420.167640643514
83292,14476.725093883135
80446,30354.940271117008
106883,20175.865
96822,12137.648255333435
99282,10027.38075690554
94359,11777.39438349151
105084,23954.99668331151
85908,13940.529193487133
106431,15281.64823472736
97313,17247.97
101268,6216.791875
77989,16019.26150793651
87682,19837.957188057044
106611,35251.92328571428
107890,10260.34019544748
79578,21488.175090911835
92372,30225.888738984508
93915,23264.274909461863
85425,9017.642890239356
80577,8729.325833333332
87561,15306.803603463106
82120,15884.903271354935
91633,20791.0725
96970,8869.0846195527
103356,11041.753101219289
89416,15940.31915580649
101155,8447.809375
104222,20524.75473745127
76104,16983.725407407404
108362,11566.777326715093
80616,44128.51486225441
98659,8263.912976799733
76470,27027.276537466776
86501,4280.8
103166,9427.93
80799,11176.595
103699,12063.140498045843
97005,20480.963749368548
89375,7779.221687890228
89434,9201.061278026138
103114,9827.094000000001
99021,26326.980995534283
85368,6109.688989974938
98207,9795.3575
88420,11502.609076342715
86225,11335.915991729755
107761,44923.31364060758
83146,18393.26908303773
97834,10069.532616072702
95729,29067.508336448373
95480,46149.03501744616
76736,25373.730499999998
103683,11619.122593075455
96410,26531.06062795742
101570,8734.410477808637
81039,13089.326687212684
82813,16724.805285927523
88704,16693.520535714288
77926,14811.702349516636
89560,14979.145651211242
98902,11571.413095238095
105164,31749.73531852799
108109,12260.02488174326
84480,12431.477323690538
98239,9131.988507011423
82385,33907.34923076923
91637,29227.63282906242
85732,8325.571624261831
90790,6721.999757763976
90251,7785.686665993285
101246,7938.452217753997
92962,21443.764223577
75988,21356.165032452707
106880,18610.283525408617
89844,14305.91487739311
79925,16482.512292756302
76282,18984.593128389468
85648,6371.355491710045
95507,17222.600889248028
96605,22516.077370478986
90201,8676.588611492933
93506,26837.92515795466
78490,11812.992365660655
106831,15956.798497807016
78101,13603.118533666155
93059,41069.455
106820,9470.765322302537
80839,27422.01416666667
76695,14935.05832727073
107678,10665.294177882399
77084,11682.379362105776
107856,14830.70603205633
104446,32358.708360347115
93306,16524.905215986346
76610,31554.84950396285
94451,18737.400222570534
96510,15097.904767857144
84861,18735.54600951826
85787,24649.967603442343
78201,13371.04128196488
83353,13782.096746377943
106485,12682.656006134217
98115,10991.77972131532
83852,13985.062520156549
91320,21799.60787870046
92427,6707.425
83851,16872.997742673993
92011,15750.72
96043,7399.813087690089
93535,23580.377659090907
80183,29544.16270779329
99075,15529.395867497402
107932,14655.393673133121
98968,17740.174615059408
83350,11179.380964034402
77983,17733.452389411577
104722,19900.49933408379
101213,10339.095
99670,8742.267164714849
86163,17143.265811629197
107969,11823.39975
77875,17025.127108053453
86254,9705.686148178138
106709,14921.644614135344
79732,24126.482175141242
107841,8937.640208333334
82222,17460.07494911546
82020,15327.276973635859
78930,26178.970254368665
93446,13047.495908816425
82880,11345.892680958686
85724,8390.852896135726
97629,26254.60544300326
106635,20968.229162878786
94103,18815.57
83051,12517.296695824269
85087,10701.31252412062
76917,15974.390554688362
95037,32532.682596861472
99867,13440.397777777778
107425,27129.878052164004
85753,19586.506495911497
95099,27261.645
81950,18004.845920614513
87493,11796.661054612243
84035,11140.934872095308
98743,10805.2945763096
84532,9237.753740272801
106827,13600.719206766917
100006,11007.610044791481
108013,24777.660637254907
102898,11666.240618603619
93509,20126.165410747093
89759,8776.44
78191,27830.196
80286,7081.863287698412
105908,22802.809438712036
85325,11199.600990971096
86177,2687.965
86780,16056.14986315683
82738,11089.697881503515
78918,22925.852742707702
79161,32040.977000000003
84004,8737.2144340435
92541,30820.159999999996
86047,13307.001433656067
106538,15144.23315426325
96648,7526.3628125
101018,8095.506306984987
97019,22108.565652173915
105288,10749.461320707072
103441,12189.69573241781
84757,17440.493219457014
107069,9858.489630861382
108356,27935.300800037356
84436,10171.377780030325
79898,20458.83833110517
84703,19333.815624731873
101219,16670.222799745625
99858,12222.633812723509
77333,8934.054093137254
81923,12991.788385084259
85116,15341.623455612296
106149,13269.285134149643
91228,19547.17
91512,18862.860837955148
80878,21464.20018181818
91229,27641.033203703704
99181,7672.3291211378855
97944,12061.178580343558
78314,15445.935416666665
103087,5728.319480938416
98170,7009.79758229685
86475,8554.57820521294
76501,21936.869583281943
87632,16727.54439521757
78342,23131.29039015461
99723,13068.237637362636
87620,16503.485935639445
108111,35766.48913986014
89385,9977.171918468102
78604,11606.120034722222
87199,15183.022572351487
106661,13002.262686673943
98162,7853.338213569251
95522,14309.183512638507
76276,11924.785
80135,23359.965344129552
98199,8111.875476799733
97771,8767.553653944351
80509,45998.43679346031
80570,34398.32270775023
102070,14520.84149219202
87513,14080.171525925927
92822,15853.562425930695
85443,10612.616672343744
107258,17903.080005785614
90876,19899.79
105021,22148.685171026158
106246,6351.645
102213,14339.657210326961
102502,8139.46
97859,13001.361564906118
90858,16859.80277777778
103900,8858.412236111111
101159,8364.762645489483
79882,11538.72
107307,16995.150323439717
91892,12983.922035251751
77992,18481.794583333336
103300,8011.925
76540,39392.465
103225,7406.26
93202,24243.098222952423
106035,9148.9925
80459,19940.07278635953
90377,8731.976287989602
94302,23318.520054945056
107598,14515.077307692307
97476,25571.44156739723
96871,16245.3203098283
78543,15728.987273550723
89215,10502.620883007517
87251,16597.374106092306
94113,18352.48016987873
89499,8369.522882980476
104785,13193.731963695533
87775,19342.722707506495
91882,23094.55764786626
79256,33293.85621093229
100717,10883.777289568541
104470,10285.503935458199
98732,14329.513413961231
82547,7136.613234067039
83776,8625.019724607782
106546,21191.354087714644
88539,11490.330569791806
83929,16492.79215740514
96026,6800.001044384058
104011,14345.968015680557
76131,16273.034933523079
91826,32596.827908549785
103999,25051.09466565354
82675,17113.08656999481
94439,26521.108809523812
96307,10226.451031425371
78033,13958.531135161134
76854,14694.337860653068
90036,6873.817345566188
103891,11679.976409021141
101263,12805.344344470988
91712,19090.58
80856,16810.486205237074
95058,19518.249833333335
82735,7910.7315867371
82588,20333.33515151515
80775,51043.903408603604
104524,12299.923318794086
98431,9369.73375
82272,25726.330492904857
80152,17966.49
99115,9967.507280701753
91591,24382.865
84573,16581.410547907075
96777,10629.525107526882
95331,17051.940406689566
87492,15633.708441008872
78031,19984.2304280517
102367,10564.925833333333
105139,23964.69934343434
101793,10394.920206032939
82312,32415.012300018167
90663,8795.422455083655
97827,16796.354397376123
85812,12001.3119071665
93839,22186.947269405726
92711,18527.331006441804
90705,13806.751853776133
105089,16276.149738993803
97946,20091.372121087283
89744,17816.28920639883
91047,22083.17962898043
101166,6922.679
101641,12556.013165566952
96865,12685.191686507937
76615,13069.804695483788
107736,17279.886431276584
101285,13258.442468235111
87016,12904.038734327212
99919,7660.515
99314,20815.436733811035
80754,27729.86399065626
94215,35671.425
82552,13055.848209863776
79696,39567.32
87903,11963.556328205123
77373,17878.518495782
76494,20204.318096196526
80003,23743.096029812048
89000,11101.086337047103
93128,26173.101585220997
107992,12031.165
89029,13870.336508466104
105461,19316.624
95945,13680.51178853004
103106,14772.96085484073
96246,24059.931688045937
90428,7093.468744056587
88909,8000.632115384615
85222,11831.434974403519
106888,9388.825
103117,9152.798115787165
93022,25283.893150326796
103375,7624.6799170368995
93229,22841.027706798675
85603,9668.68813929828
89869,9956.764006802394
102338,7660.98986786021
82631,12997.551045774717
102687,13687.778652446093
82001,23484.103235042738
80204,26282.367859290018
76279,26978.39644684461
104066,20754.000001777185
85918,5574.6800948357195
101590,9074.492947689512
95375,20560.705347989795
77897,10952.073652190982
95209,19651.29525
95921,25553.477896634617
105769,7850.678500043095
97833,21776.63152303514
106557,19053.74254079324
80274,16364.493680159803
91786,26172.16
85350,15605.128604950918
96217,16179.07114990656
86429,7569.463333333332
76233,21445.180855778905
98782,9195.328601709696
77064,11497.434583333332
82904,17881.2736459252
101384,10739.237156232652
103541,7733.295892857143
99625,11938.099443573668
89436,17821.771583932426
92889,17085.53651819505
78390,45292.753701702626
80649,18563.419542932555
78894,18071.31
100312,17785.587083333336
78222,21576.098494162223
91392,27746.236875
81452,10015.925
97819,4343.675
105008,10670.543414453508
94993,23289.199540463243
85430,10484.808834534051
94075,43810.35
81246,25830.355
78432,27086.45
89458,15013.4964610312
86520,19137.66226053394
84594,7696.4332833911785
87131,9068.83
103493,13835.414863479054
95302,15725.11327020202
105156,20671.875621616462
101489,6660.1258333333335
105619,9117.2305
81460,28501.633333333335
79311,12512.3
107401,27838.06495701317
106068,17097.761288966063
82033,24987.846057959345
93749,11385.798571428573
80321,24653.636694869958
103609,12648.809732095062
83443,9496.433121296075
79664,21012.01579236485
91263,22296.632425779233
80368,34453.525
82178,17149.245364447605
77812,29063.238116208824
88159,10545.956336439427
107356,10088.712443699851
79312,23082.994102058816
81185,26821.99
103927,10755.85876668237
92977,25161.486
94013,20666.11
78601,18391.29785962788
103250,8481.261761822605
90673,7277.474211120405
92757,30759.724166666667
86876,12051.161538971726
99148,10198.021353867913
77972,11436.964694515887
79854,6949.901875
97128,8168.2593892333025
108059,13698.128045276433
105613,19001.992084595837
94727,4010.195
104783,7552.558607401049
89446,18803.87918599456
107306,12660.99701931332
94890,21118.495
94080,13744.195
81720,20818.292013697384
105157,19368.803780628798
79438,43799.56245219047
95275,17642.43252623083
86870,12337.479616060231
86336,16874.712377093558
95031,27992.982534241128
76727,31468.78092304315
76416,27568.99041666667
95523,24068.980375517327
76945,12628.996992224576
92733,20278.123462516327
87625,18655.248300596122
105282,15164.270821630873
76798,29984.255
93061,20242.77056451613
99449,6459.632920100023
88177,9103.585
89115,16269.295850347875
97192,10216.109940912935
90003,12004.00665295103
99544,20063.477655651343
95661,25289.47902518315
86502,7178.632542827743
92299,14450.795
92164,38141.145
79415,11570.396884477237
82793,6833.607844235364
96761,11135.93579798436
95372,14143.923174242424
78310,19341.151385947385
84611,12285.407375560682
79039,11397.919136348004
83955,2456.44
103422,7892.735
98290,12186.108125
89786,12860.462504579311
88966,14171.195
91692,15084.32
99720,10254.487295687104
92291,29600.805
104283,20033.885021860093
77907,33733.62916666667
80667,23214.785
83714,11275.095208861247
81499,33689.3351369863
102870,9842.846036019537
84245,17264.715603158445
96709,12079.515
96985,13869.787442640694
79739,26450.167916666665
101167,10832.287149796035
101412,10083.2325
97207,12168.330905379406
77022,14228.873723199382
97267,22030.495371354424
89310,9867.879386506038
88525,8355.124101738544
100951,13243.009733333334
105401,8056.775340576664
89558,15275.13682670679
97593,21399.45538055913
91993,18706.361666666668
99362,12936.84
86021,10393.02917944406
80590,30550.837414313886
76881,15592.642345895269
97173,11988.748600521372
100208,15363.973135119224
106111,17712.22925
94771,16164.881938557408
86006,9563.31289890562
83246,14308.146013087524
81624,17101.967805187516
97158,12293.404756365528
90839,6508.668472222223
76730,11668.445380952382
95912,29840.643500000002
98742,12314.5282
85366,11518.630240499833
88971,9960.382125932476
91073,18367.855
84276,13456.329055204222
93643,32432.251982242433
77674,17207.969150409845
107054,19383.744542733664
76029,11694.205111804862
76703,20536.827304761904
76951,27826.351469649668
92952,23967.81079608896
101165,13064.233376007965
83703,17482.28382409566
102514,11635.258667373268
84274,16163.726939436936
80933,13832.810755555554
89802,15532.994033301775
95459,25126.22360714286
88242,10936.757891572057
80337,19252.667757936506
96758,15976.948936170214
81706,9353.78
92861,27987.133158602148
97057,10780.395
90369,8197.081553193184
77587,16217.385388653742
92265,17957.67125
91500,30538.37
105511,19281.615791355343
90137,9985.35620867986
78339,21186.699652900883
90208,9419.6125
101548,12908.13653846154
79969,33150.68423076923
83047,7338.691618806307
106469,15369.001894480456
83513,19223.73406162465
79652,10897.471974226795
93970,7121.92
95655,23182.079670599964
93966,13595.069582633052
103174,8906.685
92732,30055.023226100668
104052,16429.376742510303
104427,13476.489285714286
81504,24995.772175141246
85835,7780.736482087739
85265,12748.574563550861
88872,10083.77183083791
81581,28278.199838346263
87525,16020.609083866017
95242,14101.713801564641
84066,9348.922540007352
91130,47676.024000000005
103798,12653.876394076473
79777,10694.03381266325
96975,12447.489012516697
98657,9167.249403363221
89241,11770.263407284425
94846,18694.082916666666
100346,7779.210447568826
102570,7871.698112251727
86462,10410.432165452385
97934,19970.155106269383
96947,8862.174986872553
83667,9560.60286395787
84928,11930.983650220032
107956,7085.076666666668
98949,12684.483799954285
90998,13104.88
97708,12926.652347043932
95416,24893.08966770424
78313,22911.481770010763
78886,22272.903787512296
104031,18815.005
105160,30331.12806470231
103659,11547.29101259946
82200,17777.08786416821
90814,6674.254857142856
85367,10870.108387413296
83180,11779.085
106202,16006.431949404765
78450,18109.437721520888
99063,8899.03270695589
83877,5086.631631578947
103411,7145.81744047619
108533,19633.290917949253
98123,15067.717827777777
106850,11893.646777749316
100148,8148.272498044145
83012,3529.421666666666
82410,12788.317402040484
81994,12605.541848397304
77099,31055.07
83281,19210.7357888557
94288,21778.775
103702,6926.446333333333
105076,11346.429716810966
77642,16614.121825091574
107183,16871.713040690658
106615,12601.638789409148
84149,9515.694020785784
76911,20444.005
104162,9401.492083333334
102563,7062.955
98356,14391.228856598449
90601,17465.054666666667
86307,13190.587176724137
83892,15702.501834277027
86128,11217.016624221687
92836,14352.71470691193
77569,26748.12117168371
108327,17909.348000875187
101953,11771.023421052632
105792,27423.45434494888
97726,2900.52
86652,8890.405781328322
84446,7243.9508534382285
96826,13994.6589567017
95460,19988.76
86352,12901.453649166308
106793,13662.937023657847
87778,13710.058333333332
99950,7402.695057808792
104088,14671.169595325255
92232,14341.99810276874
94143,18362.537537886925
87874,8486.9498333588
83793,13056.061045774717
108182,18850.47511904762
102804,8339.162357853498
97509,20182.005545192584
96468,12439.574402024771
85388,16019.473120655995
76856,31191.45166666667
106114,27734.924014106553
92900,25031.230094126622
84771,9428.163888888888
87714,10907.520099066729
80892,20348.443666666666
91592,29214.60596159408
102842,11777.225019390962
107139,21218.841558121327
94334,11926.180349310778
86768,12315.320369047618
103414,13398.384197036237
92179,26441.853333333336
106474,15312.607944613968
86309,9466.180994848692
91109,9723.834463189587
78133,23700.02165183946
76963,14135.940914512455
101391,10838.550072179381
107342,8069.412630599503
105184,26857.37606203533
104693,30753.19
89673,15280.532896192679
103903,10330.505642857142
88947,6841.8726656863755
87569,18134.273207960163
76483,31908.548932291666
86102,9582.783229166665
106452,9273.280675719354
107976,17348.293916666666
85216,15567.384431677016
76812,25855.033571665263
90905,22040.053797877612
101716,10244.9325
106450,45512.38125
79930,6802.625625
80812,29437.52711654427
80862,23891.87287795938
103996,19455.208572120708
93119,15869.209664435453
93986,19109.378333333334
90226,15913.943576044958
104841,7368.721724137931
77115,8124.745
82162,47005.561542831434
88176,19306.029705882353
96807,17807.59751087513
87893,16780.820865855523
96864,9919.345559006211
81129,12935.19514041514
94158,15850.925628996014
87268,17142.909504555148
101545,11689.886802792718
80322,13857.941222222222
95591,21975.87851724138
97284,2463.525
76503,16829.269344696968
102457,7261.817000000001
103358,13436.268719064268
85800,9771.734707239053
77892,11986.016497716648
86918,5857.920388414217
88797,7571.343213025099
101581,6854.155
99941,9425.46052609943
86005,11926.413996941043
92601,21409.567797488933
77922,27387.31
107005,9743.55
92729,19086.66856175046
99740,21571.12020377382
104686,11263.628257969034
87339,11027.986430211231
86577,10872.769406793723
105913,39458.30625
87402,16755.572511698167
88287,7568.117266196898
86544,9614.053300693895
87671,16493.197
91204,20237.96587811205
99618,15384.166863138289
93596,18762.87176586703
100194,2154.18
76820,29683.774146340056
78350,27667.50469494594
91114,20886.1775
106403,24561.02344044125
77876,18736.699352813852
92321,16320.875550763443
93803,10762.002916666665
95007,22981.33182375479
93540,18769.79921452158
88267,8144.841840292019
100770,8728.346125
79033,37041.01090909091
105481,12077.857935606062
92645,23415.965
91504,15010.58531085895
103374,16882.795561767103
76555,28960.5295110288
106876,20073.38767904462
83008,7120.685690476192
103085,11619.520522659339
108288,29014.580474905735
78153,25252.758333333335
101104,11025.448501397106
86300,17361.353232760866
83596,12931.699360266803
92918,19641.92861848009
96263,13328.274961384479
95845,27583.879048842384
82174,9373.760540178571
95636,31774.079974936925
87859,17473.435108486607
92038,13412.24613028526
97965,14046.815115671912
99236,9245.10312114866
102581,11605.907375090916
88484,4915.675
76734,18213.32207316587
107756,10346.975840365209
100368,16460.293152388913
92542,29223.264525249102
106507,9667.22191454536
94713,11646.541523391814
86830,8621.067943802738
105659,12145.882702441442
103299,10336.19
77388,44260.00565413534
93171,32326.301826644976
95564,23360.14
92209,20463.301930555557
103068,6510.858214285714
101008,10517.74
101098,10517.469990883437
100297,6793.93
100668,7131.490243220009
83587,11918.077323690539
103730,11113.920295444503
80300,10552.56261874237
90994,31681.4775
84749,11515.123924556432
96883,21924.59131613068
83643,22948.81060565155
101307,9497.653922238696
96979,21006.145
96090,17364.061595238094
82603,9515.808227804226
79091,20014.14200112068
101959,11778.94114716124
101554,9239.113922447345
100961,10717.385
82778,9349.220935853049
98924,6508.797981078196
85086,8123.907889095862
89149,7793.473413181097
89443,8358.128052468073
88608,12959.90817669173
108064,21485.18043939394
93913,19477.474859009046
104833,18805.674824619826
88819,9111.170365683336
105039,15466.9795
108163,14119.192532395584
78429,20256.27748504334
100022,9072.31626713775
99243,19137.72378324338
96715,13669.909216326243
88735,21133.181469798656
86496,9077.89463179108
90642,7611.652523598013
98358,7416.575
91268,30278.48
106457,11815.522567827938
87063,12002.550867259679
103942,11482.127
101823,15689.031208466233
104919,3099.665
89192,21198.525
78525,22956.71
82948,12851.722802294775
97364,12668.19512678131
77638,18710.508904632716
94939,16385.47
102799,12626.492952088709
97063,18289.023859789217
84889,14483.049861909974
91197,10532.915
83936,6065.908636408869
88850,7588.985
104781,28271.114170225635
96341,7690.977623005698
77784,20154.14449772968
79500,22580.554206091783
85956,9629.163711787332
80268,7588.94
76575,28380.496737266956
88273,16490.322910183793
96863,11054.993549174227
104149,12993.553143288887
95323,28093.525
108521,13842.534441852602
104891,25477.829164038878
86333,6633.649246161146
97441,34843.635
103963,13463.04994080254
94117,21597.330454219333
106930,19801.72420996056
96478,13114.121969255051
93273,19277.487132701222
90140,5329.189717634831
101752,13651.8953045886
102564,9406.568224358974
89449,9139.118768988521
82080,15830.598638973765
103168,11649.186740842491
92400,18681.89093062983
89829,17016.375964809395
100294,14493.527244047618
101914,12211.61780289331
91223,19415.31803920239
107925,20047.815
108124,7347.500555555555
99736,28213.98094346853
106222,9081.74727579365
96843,6205.400888888889
86576,14555.349082608805
106802,20278.433459252996
101331,7938.85581573726
76847,11556.863184523809
82850,11085.494966370154
107284,19450.63225195731
77599,18372.322630847953
96827,20501.134514868456
76080,16926.242449049507
89213,15592.612387268846
91332,30056.6625
91930,26110.32
96005,12234.903696969697
94637,28059.1467037037
76949,9502.856666666667
93336,21549.667175780716
79792,18523.02708979603
94859,27837.52
87815,10223.286569039827
100994,12455.036160005808
103939,8047.409166666666
91674,23623.04475603837
81166,23313.563022374296
105292,17477.624080081325
76991,49611.98653114344
100176,15208.741274004686
100118,13551.460513355041
94700,19523.87878715731
101432,10156.78129701376
78373,20296.98412381114
82918,14677.647183902149
80619,28668.126666666663
98870,6663.224335093896
99728,58462.3206980057
100347,13676.135
94871,19291.111666666664
76922,32690.76
102057,7587.53
106406,19447.85501286061
81647,35966.5
86232,4585.524880952381
90976,27965.778703703705
101053,9402.495
87392,9968.902741797878
97377,16074.660093641756
96652,23350.898604824546
88212,10242.01062997889
106859,11764.568203525641
92678,18007.9125
99554,7870.796842790777
92531,38803.7225
84190,11359.352194340032
98562,9238.463587551036
102014,8259.31
105663,18163.870863944903
88795,8325.551272495048
83227,4767.745
97436,5906.2425445604185
101846,9554.24
80332,26790.470507191058
104483,23601.5083125
97675,10698.36883080808
87703,10039.516775498529
105829,16889.474731800765
97495,12442.996320996572
97230,18108.47050836587
99232,12541.711241758243
108036,5948.002121971595
90470,15961.131857734383
91410,24084.219656708283
87856,10390.413872625857
97072,13375.43790488603
98581,9256.5205
96021,19354.37417542017
104873,22194.59898974415
82366,16619.36422550505
81093,12206.97202915765
94091,20359.545201811186
105502,23468.820681818182
81212,26693.80781461229
78477,19693.687987224603
86344,9568.68151817571
87337,10072.408702380953
83364,11977.018511904762
105029,17786.08923076923
84927,17150.261273678097
92467,25842.984490421455
77390,22611.727601703857
91159,19446.122768702902
86919,12250.629414516983
87364,15194.836720200632
96009,15021.397554208756
80050,23144.054205128206
97335,20177.615549060283
82533,9810.82797229109
88494,11404.671925188904
101773,4362.31
84410,15319.705297602623
90583,10217.14006518448
97361,7803.253038839499
101276,9736.671255519424
92452,20421.886557487967
107354,9017.248471123543
78584,53623.36690373643
80128,16556.5
88645,16880.7975
86622,9737.20915175894
81676,22606.043542658732
107409,27864.232700828383
101162,11520.797322692988
107883,12220.40599362342
84824,10993.16348329815
96253,14155.444979966866
80764,18483.91136904762
105145,18080.45700703451
76292,20110.00058078628
85405,8208.334322087549
105373,25854.459212121215
86540,14209.62365024774
91362,28815.909869233932
90075,11606.710445306724
81886,10886.00811504679
99080,7161.369810686431
105235,14443.147216550387
96437,21928.582852768694
83205,13280.562539004248
94569,29177.51139612143
92687,34646.36581384015
85951,15888.221690833036
84977,8281.689054118071
86143,19234.919295967193
81763,13583.528333333332
92970,26498.555
108286,11021.637009518257
99395,7286.123175
81779,22047.61637239567
82131,16772.53584722222
77833,11962.545277777777
91949,46736.17
84571,13925.96974233918
81403,30395.04
86275,11650.25005076606
98103,7836.79025
96519,17369.141853357127
102141,13052.932832440247
95016,29983.592429973985
102800,16676.709166666664
102275,10816.610666666667
79437,19477.0475
99129,4316.145
102738,14095.340987332027
88502,12824.009993443316
83847,6152.712460344858
82098,32087.715
97608,10967.205938904439
93635,47911.77
107415,17045.375
100604,7305.11
95825,15587.20679373683
89837,9038.47872606897
90563,13741.039595133401
87183,10710.463641663024
82030,15865.090994848231
100952,8688.464918011681
88907,6974.075786699508
108136,17715.475791666668
99824,8143.365736520276
108052,19539.130833333333
86157,19579.333329449717
95635,25950.6325
76024,17952.504319874275
92449,15258.652580808426
101870,16781.366750417477
85896,11728.40200093323
102465,6344.95
80302,14246.480126780316
104316,7847.2568857723145
95294,32095.75851276109
106995,44824.25123624956
86510,10308.088576086957
87250,11825.105674582624
86483,20827.575
83417,14420.924349089462
99580,10326.81076744868
84527,7974.929515828675
86193,14170.46503733974
98832,19220.345354497353
89427,14764.357941118016
105172,10301.457705078274
100800,13333.57989589876
81313,13727.188497895353
98110,11212.610041963788
83944,12696.288525672073
91420,22138.25813173719
79842,26001.93623185489
98350,11851.262729390175
104288,23316.355
96086,15309.255
78566,21629.083054754155
84457,17771.50077827381
88685,12957.210037344094
87157,10441.913128687991
82023,23497.215514261985
95492,26657.79888573021
84139,6428.869460486272
89309,19976.51243052282
85676,8245.468154214293
94553,7617.05
90271,6787.701923076923
85678,10109.694288528139
86238,6986.146651939813
104335,13019.424743436708
83609,16673.319758344205
92930,19359.525
101478,7490.724
86537,9692.45563094205
95350,20393.943181818184
89176,13064.398282992868
89383,11319.658616331137
81369,27054.569097515796
96749,6913.950176315649
95414,30578.28439854342
91568,29184.266203463205
92425,29242.244829305895
107079,25256.48003362572
93550,30195.995
78972,22226.762173087434
80719,10185.59788888889
92919,22987.741944444446
84505,12080.645463964758
103401,13562.41
97516,8166.365
91738,16193.41
81664,10253.966875272168
108017,11205.076347000284
94154,16840.946697476367
94015,24198.21451871453
78990,30049.58
100198,8915.523910112497
91258,30885.19
95886,19690.603282845925
80048,51993.21075
92615,22450.996625
92333,29172.11509232521
85637,6223.129902412282
100681,19613.767063186813
86280,8670.625
88934,11626.092124787252
102926,13029.555065506262
88415,2081.6275
108063,15134.799480020827
103273,10653.6
79468,14178.99460779448
91285,15424.07639573143
99111,7487.633330185054
90686,8322.025600593252
77458,20692.48527266202
103540,6871.836833333335
98158,14051.444268104155
80240,31320.44403571429
93032,18317.040222570533
92380,14813.890927261335
91853,18531.32708176685
76049,20980.69681001164
98852,22624.672828282826
79019,11890.094099282771
78009,14047.906268939392
79038,17964.936588611326
106404,10485.909652725692
100619,3993.1341666666667
82348,27329.180885181133
83844,8489.55370089103
101370,10694.058877525258
82900,12701.78
77014,22974.290535095766
94704,31218.156187982615
105395,18809.67807599913
92471,28289.989998462894
82964,18915.322985119048
80223,63911.64
83523,11936.982663624978
84395,16201.585439393937
77474,20614.304681050937
94649,11104.5745625
79826,12149.613989443262
81786,14584.623035714287
106749,17353.159853989102
94115,27961.895
103835,9437.44872099891
83617,15912.146919449167
106555,14001.78340635344
86868,9374.601485079302
105245,10770.768854003189
107495,19915.95666666667
79571,38811.28
100328,14250.814782939658
77453,24966.401994955664
91473,22342.066620689657
100493,13628.171200673767
83383,7110.303356773704
96482,18295.236880379616
91509,25101.422756207692
92051,34366.998807664895
82251,14053.671841899235
76054,11962.830133081658
105927,4710.405263157895
89426,12950.85
101006,14108.752211462432
96504,16877.758293301787
89053,17482.28882409566
102578,16380.184267098766
104576,13971.56811461803
94137,18927.21
96387,11226.790178117493
106040,16703.500800115526
79795,11199.455
102216,8697.26905606063
106933,22666.20231153655
87217,13142.33651720597
98953,7135.964310623652
106935,15238.372807971016
108160,11796.340321428574
86220,16901.922449089914
81017,13694.942589953758
90319,7335.41239252439
100847,10058.56
79811,21120.26434860483
82324,33283.92696325624
79204,21500.837471998137
76561,20610.654209352128
90313,10052.874071428572
94271,12405.236325483093
99090,7015.270205582532
106261,14351.21
95699,25555.109
101624,8073.585
92096,12767.261999999999
104402,19540.29646700067
106877,5540.107462121212
95341,28400.389124544552
79252,23839.776588624332
85039,8589.372799139213
95172,18906.722916666666
91340,15267.914642857144
91584,17289.780048639484
104972,14092.753456760338
80896,21314.08300005048
93083,18023.215
90855,9218.568511712136
78320,18145.85046322121
98584,21682.094315949027
97117,16401.42749521101
90267,9841.47623015873
104276,11470.0501570953
93771,17869.594583333335
100654,13414.905492744685
84833,16344.85607309596
79006,31964.66810220395
98734,6869.709166666667
96686,22463.03170972544
81262,10949.334803571428
104374,9414.950008159327
87939,11096.405549562794
85868,10352.113257646335
105505,8233.36480392157
87999,6576.81960485348
84535,10347.781416875094
105765,15011.430083787334
77591,21114.61558194452
83018,7956.646666666667
95281,15859.878479019131
104629,19097.49962666342
80247,17588.026015273874
98202,10653.406977450544
89361,13061.676774166152
86384,11245.718995031039
77923,17149.5575
86901,9700.158898550924
101827,13616.858194444445
101756,7912.495
77041,27467.326607501647
97753,9861.34578740116
95848,21798.0828359041
94827,23478.59996275201
78247,35677.63933333333
87132,15286.67449876029
88911,18662.07235520328
88418,11649.217580340845
77238,11675.775420168067
88359,11599.764699404403
78818,9948.507718406594
95395,18157.40265625
103416,11924.53233774246
84747,13276.977900928881
101608,6383.0905
105437,24163.873175653593
76320,16163.800152743017
98937,6514.585623955723
78233,10825.786539903078
82250,15696.450679946616
96164,20718.013924505398
105298,14044.962843332589
85892,17111.19217156495
93834,14039.699405888301
84717,6017.2180335561125
104176,11304.370143892964
95319,48846.015
85002,7813.336719095388
91460,30414.17261904762
86992,16292.774870888034
76228,22211.376434471087
105611,10819.535768883103
83256,25273.955
88943,18190.84024937745
77394,33108.26839522156
100873,5867.842361111111
92464,18643.630892779474
89315,14521.606008655015
92773,113703.47
82489,6777.312975113122
76219,15479.53597086222
102904,11878.282732630963
91039,35048.83229166667
104890,24339.32216880342
99922,15435.43893939394
107007,12567.20957701156
90649,5787.886666666667
90166,13802.38835424298
90837,17797.06494592542
84748,15883.237728991195
101034,10076.437
80579,11950.821136363635
103124,12430.61137039967
92022,11204.69
103382,9472.330791532617
104089,22119.10669702322
92089,19800.9114375
106395,30196.40686462522
76012,19712.142340057402
90152,13780.383463424101
85524,12323.019912149914
95337,25191.412144304668
101744,9192.589670634921
105820,15617.54126913973
100587,2373.58
95224,32702.562500000004
88607,8176.096313098548
105741,18997.68133333333
100550,10104.753597672403
80543,22928.273320209977
96731,8186.931100952107
94235,36842.515490591395
89536,13795.885876139819
104062,9371.65875
79870,10812.96611111111
90961,55509.35
104757,12653.116289494037
78702,9773.69
82823,8385.888896209735
76387,12024.52704185724
83860,8326.853454937649
97853,8086.072202545416
96491,30276.88956114987
93018,16932.142
105464,19542.422452549486
91589,17123.06820723684
81040,13096.50831034853
101726,5100.862878787879
89843,10693.956642203606
82306,19067.78719229789
102706,10839.522170931636
81905,13950.51566009778
99194,13446.59
84038,11427.215063078567
99179,9787.025891812866
107945,13591.010571113744
107187,16317.752067608453
106729,14510.894468596645
76009,16268.594176240429
80160,11242.020833333332
87798,2785.1
106779,10205.633922837855
87694,11730.960381669416
83225,12918.739341204906
82371,24848.305072004354
102154,11250.237689118569
91905,25232.34
91831,19416.23849057078
96829,14999.382357142857
100724,11280.14027965271
98429,14372.600606060609
98046,15045.834255050504
104025,7402.538587662338
104930,18414.30846899225
97711,10003.3952449158
87985,1838.665
102005,7732.163498129614
93141,31207.495472647035
93564,18939.30208934219
77719,21399.954419430476
99873,10748.514810061099
87053,15577.698634747194
96789,10094.077435897438
107871,19830.721126770153
107192,11215.558681884795
79928,29210.95736842105
107669,17614.643133495116
79401,26385.901426341687
95320,27080.52481521739
94864,31676.761436639914
80654,24487.655
99193,14057.100591935772
84375,9594.108593067302
90211,14928.88698889474
80720,13406.358478084794
91902,15390.17042671299
82275,10135.583839646464
81465,20867.775
93508,24530.31333333333
88780,8175.459376169963
92268,30409.697146890274
87172,16810.569140544638
106818,8515.441841294405
103457,18274.049806215047
86080,13365.860334772215
107319,16198.655523160465
104533,11964.811222222219
105670,26571.158848386705
81801,23609.085
86611,15561.73825456494
103251,13901.46342789331
95313,38698.7
83324,9795.250684141978
106920,12571.823648659372
93607,19527.14570627289
82902,9526.934514880952
98295,12845.581262939959
99592,7743.478968784466
83209,20795.910406504066
100342,6151.0525
100059,6853.006053189457
84964,16361.18191856061
101150,9947.21
80834,15335.72
94660,25101.331875
86817,11707.250781396073
82881,15996.012101395749
92477,25186.60321407759
88843,11240.045770569424
88409,13928.458578006374
89464,17767.39352968474
84554,8291.069056000391
107456,22270.12892664444
105815,31182.171001831655
84223,19828.19839521109
77230,39344.05499999999
82653,9295.1146875
84903,7364.24619047619
96636,14587.431001559908
92293,19629.53422952048
76243,10969.892243735429
78795,23956.939563492062
77946,55526.987725961946
108033,26593.529287918987
89601,12666.9966462142
90606,18418.025
92249,29626.282789522214
92624,19353.452222222222
97695,10164.486974048983
78743,36290.385782122845
99859,20189.35333189964
78302,21873.174571634554
99986,15760.891290196161
81908,12373.815140358918
85440,7987.769469625712
91412,32076.3788654426
83964,8264.900988247862
77867,12457.258460475021
98287,10259.59986227216
92675,4788.635
93893,13776.653189342403
93828,33083.31530699343
107502,17659.032003218934
93726,13841.278015766915
93097,14636.518815390693
107762,17438.756909129486
93545,50610.32066666667
89831,14073.946514056066
108065,29076.03179203107
90388,5034.51942032967
82017,25362.575508474576
91025,27709.225
96293,16076.848757915697
99187,8360.1628741189
98283,6586.355557316119
93590,16277.039167228377
105510,10026.391481435452
81365,23116.597503457557
105805,20138.58358241758
95866,53483.67530935962
99079,15433.487037880064
95673,13896.028472222222
99311,19001.933923816374
86145,7564.057703149992
103531,10959.211666666668
108261,20447.24913568376
85582,6333.481448578043
85281,6523.130564401025
92591,36891.92
97180,34658.16603192855
105998,16758.92166666667
101355,10786.565213876625
104286,42377.855
86703,9642.263956835282
76535,11592.947928335552
86181,10904.983130628552
77004,18817.547378296636
99367,15696.69808833231
106001,17495.271666666667
93179,26167.11
83031,10218.15
86572,19998.43642063492
80350,23105.64916058394
96375,7415.274990324378
102219,7408.936488095238
100942,13585.587158893606
82949,12363.484772727274
104083,27930.393402312744
97140,13277.093166775012
96421,11074.95388888889
87075,14116.188270339084
106419,21294.48542168051
93602,25135.13486367948
77222,10290.550833333335
101712,9681.2
106666,7493.954672215577
87295,13852.781020168066
89044,15450.70909770614
106433,8519.650299171193
94575,31785.37806451613
107025,8246.74
89318,10018.048474206349
86030,9503.252690889156
103483,10698.698538165265
94536,15994.61021407046
107058,17679.435
87031,10455.872511175106
100119,10687.417716395934
105938,10911.007847319348
89724,21505.325500890616
99480,7476.878104760931
83017,10653.245292898719
108355,5757.5209642857135
94711,20489.495385497365
95759,32288.195
105168,13430.017304337402
93791,25159.04
85850,11321.227229885058
102333,8309.118078768202
104407,20957.52936028803
98798,18698.503333333334
89284,8091.234064323358
100823,6132.941222222222
80514,15445.167158119657
105308,18427.894652333107
104612,22984.591297261082
89638,20471.86347995305
93794,13969.831857470437
83933,16786.09465538847
90413,10259.082857142857
98929,9578.385311111111
90959,18021.792264492753
83414,14311.269548749293
82228,19536.692103346464
88669,10470.871222307529
106815,21330.220404761905
84567,11155.426638840945
91328,31972.55277279744
105740,10497.231447450858
96452,6546.787333147865
76038,20731.07551086508
99940,9382.365
102377,14846.524514065844
105229,21202.230533182166
82158,21342.15717161017
104844,19361.578319627843
101203,10935.303421052631
95222,19615.56205867918
89529,18881.674086080584
103230,7014.780106015038
100692,8298.145416666666
99821,15896.675
81086,22356.148070048308
89399,10912.755
102445,6327.94875
96444,7464.98
83485,10211.33474912721
93778,34957.325
100464,6882.106926640927
99865,11729.731673697626
100107,17372.68625
83973,18068.582073520924
92032,28855.825
94017,14981.15826923077
76046,14015.491633249456
77816,14220.6557996633
76743,33050.19704634431
87201,12937.8155848826
90652,14396.348819021894
103448,13226.190166666665
93642,24734.505
85409,16008.34235620915
99777,6588.25183676669
92216,14950.935976828414
96269,8783.495
94298,22936.215
106667,13918.313833333334
93716,53979.545
95754,32627.47807774409
89379,9676.560547596666
95970,21335.506638700354
81911,18621.551270514276
85652,28849.425
107793,16775.59937026864
96389,22183.20399327995
80000,20554.45022882
104440,12711.264083333332
92029,38466.485
93473,15467.715835499013
90350,23615.73923492908
84947,11885.975
81870,11414.219319716613
79936,12440.55781629599
79910,18528.166269277794
93467,33717.85
80387,28759.8
104360,15503.345209381783
93150,25285.155
79119,21312.528349158732
104462,5004.92
99548,20845.443921249847
104024,31877.52001672732
83480,18835.252503934043
92501,12664.295596447757
86740,10688.924125000001
82165,24058.7255442071
85963,17501.33212341198
79487,14171.388471358321
83245,13986.263002959515
102193,6526.3857499999995
95449,26532.922873394844
99413,7434.871625915751
77176,16800.152320082063
107260,26295.74447858242
94187,25856.46
85664,15022.691759085214
97886,12085.655606060605
85384,11667.546082162371
81228,22986.60434885621
81930,19298.789339863037
106627,41403.58404166667
88081,17742.670446042986
91651,14645.788101310154
98067,5534.034365721996
100814,11217.938759050423
77028,51267.218716101044
89853,5594.98016611945
92951,10139.959432539681
96866,24931.77049409265
77498,25739.46608419764
102959,8394.685954487244
103546,15342.165
81127,15745.713459363986
88867,12181.389581212652
90099,8042.849029641059
81637,17802.745833333334
101995,8865.70760626767
92382,36900.51
99078,25141.025070390166
93118,24603.41
91524,12806.06
105674,9795.277222222223
78943,8228.509183373691
99513,14244.386999999999
82972,11890.76859193327
92438,26977.46
76466,21668.437189960565
93315,26581.305
84637,18470.693567782786
91553,15030.4475
92093,18627.496666666666
89774,19777.730614837397
86455,9922.718550305824
81999,28269.758284385836
83211,19972.116852785373
102893,6570.348287121213
101347,11278.589638888889
102099,14922.479514065844
108532,18037.773663326854
94030,30014.29675465839
87114,6786.744504901962
78523,49467.950999999994
89274,17507.85360242184
103663,6858.532166666668
98104,12125.411538913986
86952,10630.067013959682
93621,13604.771524561404
90898,14619.17
88902,17832.379333988378
99135,17972.320851162553
96645,14086.644757363736
89265,8582.084142429503
88536,16264.780821400356
76788,26377.335
96496,11251.15875
83580,13462.335763628165
80060,27522.69351009448
99910,9683.78
94254,25047.76375
98982,12921.12580734388
101182,8063.317902974151
104497,24380.56360065082
99215,11555.893888018112
102237,8320.785916666664
105340,20786.174211161047
98398,7375.3400624999995
82895,8210.285312499998
84880,7510.79625743707
76633,25614.585
98237,10613.604911653822
93475,15207.507309772052
93644,9529.3
83331,13002.218525672073
94673,44562.1
93774,27603.237814364868
94872,18084.215336466164
104642,32314.06241998396
105806,10093.567150266561
93351,19013.48301262106
99440,20346.288719323242
77434,19602.558696969692
78382,36370.52
76269,24329.100211523604
94221,35560.51
101103,7867.51
92917,25558.390250000004
83521,12910.69978618355
83915,9771.345642352791
93502,17438.125
101013,12469.52093863324
81762,15810.77778003644
106753,18159.78
101173,7368.118983585859
98602,13506.388031875738
105397,11890.683927428205
97067,27770.829333333335
101378,10884.790072017477
101862,15545.089332611831
99039,10638.138907104072
88393,15938.015106167379
106130,17502.86527616245
85828,16389.9026335612
108231,24536.130154553048
104898,15810.201666666666
93112,14759.741835748795
89768,8096.790394731262
84354,15050.406817073172
100168,7264.725
92834,15904.013548000488
99208,10477.016173312357
96108,12576.059965082333
80163,13879.651674132323
105455,11551.665084230463
80323,29065.223385059813
84714,15901.712878993743
92348,17448.301507534667
83603,16516.862735042734
103959,7441.661799339302
106728,13165.583167740659
78696,35467.65107954545
94150,29119.62631731585
105629,26485.26447988302
97037,14248.705467662207
92850,23160.858571437788
88432,8958.788163072244
77436,18631.94338512891
76469,5462.48
102030,7088.697722972974
87669,10722.525572056677
79981,21838.969593692822
99662,11497.36523159708
78260,20873.03583729662
94555,33761.22794261653
84628,10888.2185881597
87955,6847.4979917100445
85130,9730.055973196362
76417,28304.09187493292
86241,10787.06234952346
84603,9392.556047870172
76645,18374.341128287393
100195,7183.122375000001
77467,27888.21141456582
98126,20180.097663145785
98081,11911.985006387778
81234,29103.093447357496
87717,9758.114544143025
79724,33219.46
78643,12513.4175
93113,25916.92
100597,17029.896954521402
91190,28847.40017857143
89351,12098.073390459858
78056,30547.346330377244
76053,18904.844503682405
104592,12437.403553500702
105891,22887.022029686934
93731,22561.905
90123,6235.933818181818
85669,7650.926145833332
90040,12687.613436534542
103624,7944.109296313006
82545,13199.451765794418
101212,10781.746438307075
76510,11951.26
88673,9654.097611642537
107913,16218.568432299828
76619,22655.561379310344
98461,24148.15884468673
88455,4371.075
94543,24284.622196969696
79082,24834.18
107039,10660.525
99565,12947.80604124579
85597,16213.688134920634
90908,21203.935
103741,11081.151706786926
101177,11402.200824175827
100246,3159.49
84497,20238.3
79003,13551.383333333335
78075,32118.920438119956
85527,12745.41246546388
99400,8483.688487056397
83118,12670.013311092758
106176,20853.90762213896
79864,22350.68556944445
96609,12217.137282828282
77968,18853.217628028
105349,10359.067223846087
95787,19332.332330132598
86759,2150.43
80898,14229.87375
80948,13577.67
107151,13119.06145198114
85395,9036.956239956105
86612,14255.126005854323
78951,30493.341867438518
79546,15441.304074416252
83345,20874.822256944444
107224,19531.012088561973
104509,14133.589149648948
77088,36425.17322426651
88988,11213.29723989825
79061,24852.61466262421
89758,15140.895667486959
79439,51975.67958823529
96411,13548.141632377054
102234,10205.060583904824
89720,15746.2784480517
99600,10070.247885606033
101235,10071.45802550963
89235,16948.8588355079
96214,32916.000560908265
84205,15409.047928003147
106816,26727.173422221127
90934,26395.228087862444
83597,17403.309206795995
90454,15975.665
82998,12588.390310790412
76772,24072.365
100571,5835.58
76400,27982.465149656797
107381,18643.080429112557
93102,17197.118543782468
97419,7084.6135764134615
98844,7815.525069649361
99354,8331.148094438406
90811,14788.815200744488
98152,11917.17086664508
90157,12881.707353766715
102629,14249.319876521853
102111,9820.15
100448,11528.989574231326
106531,11762.535338951599
107493,7802.174821874081
87471,8935.7720941344
83607,11607.49236055613
95488,32770.655
76205,31030.422548903072
95394,19846.683167258558
101050,9728.405
98680,58802.08970899471
97176,19034.185
104530,15916.770412552436
83396,2621.895
104984,7149.1011487988
102081,8118.73391563634
91955,9892.468896978024
79996,50069.13549057481
107833,17535.946424435024
81342,14760.586981815235
104936,7424.5038596063805
97105,12963.915
96834,13590.048141865935
96402,14386.91491841657
106575,9237.04045238095
82857,8537.985646825395
105504,9225.808463725489
88261,11752.211675211365
99175,7533.188138876184
89160,12878.301558304564
83875,6541.38682376775
104695,14423.287789185239
84189,10908.429924383548
86024,17798.662641423383
98475,7319.2585655823295
79856,28738.185
80385,28200.198369714748
78287,24886.545
88807,13664.397771391834
86288,10518.240714285714
107610,18546.639583333334
94375,20189.25151575978
83385,16408.62089559522
96627,12220.280059523811
101257,16669.432741935485
91915,14855.383857685321
97986,17217.943473605235
80806,20119.15178258282
96930,13702.325848304423
89391,12766.802406281638
85423,2763.4858333333336
79397,32501.13
102565,11830.316477863847
85590,13682.663344976005
81920,11702.602637740183
108098,19705.65322630825
91230,63256.38
108021,6841.367075757576
102554,12218.633505234071
84182,11763.473569754455
76770,19682.41332527031
77856,17193.46445284278
94249,18373.82853298574
94729,17244.82952070481
77171,16301.035416666668
107487,23848.780114806428
78766,24171.95992097819
100849,11605.40680736117
97721,17092.08219431735
92837,16962.983520788694
83099,14770.467232742378
102521,8674.234763314698
89738,7027.24535407066
84234,13277.521507040707
107428,15372.4362803413
93895,36664.32
95662,46748.14
80328,18355.94934993829
103054,10883.70490634007
104950,8338.64
93125,29005.766081997488
77393,46418.04032285531
81178,32460.79097666123
77207,30927.344025073984
98648,9238.48061764706
106065,32365.02097693435
85228,12199.567465225724
92787,23181.21179619442
108462,16584.109467622784
102896,11582.179485597573
78301,12509.221785686113
92584,8009.035892857143
96414,12169.992810888994
101267,9705.952333333335
92934,25473.32020833333
80206,12708.66360038143
76657,16612.287083650892
99365,12004.205942982453
96142,30922.084296816814
96484,12751.154177536231
81767,25090.7495843465
84926,9392.095761639675
84961,10729.251760915464
97487,24972.023938579197
86753,9603.795385937612
76410,17070.95
103512,5719.17
91899,22845.558905818787
82404,30788.623648000885
84598,20683.39778814002
95115,22105.71
92544,17235.933514670054
94011,22790.901721611717
77265,22709.58043579434
103378,8434.105350467291
83828,9505.110040007352
106142,26415.922726190478
76564,29477.81212998519
93718,16373.60156660651
81110,18445.068224764644
90753,17901.840947801
86557,7637.5025
90778,9424.996703584467
77313,16745.540798533897
103914,10892.99867586433
86688,14240.104662620875
102878,13102.683220061059
99734,13187.873924290054
91581,28038.980181316696
105434,10397.837683834112
89221,8349.22213934826
84974,16318.303905722096
101055,12535.982329213213
80952,31270.563444557254
80861,16476.97258531746
77446,14373.290314048121
105345,14629.827468950958
95204,17442.663346698515
96228,13702.853027071042
100840,9134.375258928732
90096,5844.766276958257
97213,26489.103947649
84188,10873.932550835523
96571,25290.237566092495
77068,17916.763
90711,12945.042773652305
89855,11705.174445573542
104858,12450.824166666667
95897,25831.625588235296
81849,21423.262799504766
106143,12284.801253921485
106333,21594.91432075819
107165,22974.81676740466
77133,11762.812568957412
91788,26191.71557032262
91418,18735.49861334228
100158,11141.80369157937
96982,17730.39413131131
81275,28287.350700991083
78741,19526.47938918456
104961,13337.87739417938
89332,7374.154682539683
77546,32627.740568986814
90860,19098.50629032258
79924,12893.92
108433,16490.923690133855
101702,12184.654880276565
79340,33775.157207596865
107333,9669.491256340652
107963,27011.24354681303
89408,9777.09061724233
93686,17808.875
96129,15465.55119582354
106156,28728.253359473845
87515,11755.972166499938
92980,29917.6665
83982,8382.93336198939
85504,9734.968654567823
108354,10244.519235930737
97260,13167.772934065933
95437,23436.389750000002
88483,17036.613220064723
87959,22049.855
93858,16639.44703024829
80968,21428.687
85754,12555.183774481538
87723,16432.842020521337
95880,41537.388333333336
106868,9709.16298795226
93138,12754.822660628022
104747,15329.82348957616
94889,21040.81035775987
84681,9481.092244088877
98538,8539.232082549634
77073,27141.403295234657
106730,17346.517877763374
79208,31804.546666666665
100127,12768.32114102564
99655,7638.831137194815
80695,12884.911490751461
96818,14546.727351432883
101382,8168.294469029564
81239,17632.73642889723
91299,24364.22571760963
83005,18762.44008172429
99363,11230.301454272643
76302,21666.09419084475
98317,20731.4775467033
93829,66845.895
94188,21945.494857142858
102190,15386.68695896263
94901,18523.1338125
80495,28645.23666666667
101373,12058.035910249846
76822,12863.42356060606
105052,18436.138109777585
98580,6294.30984563682
94567,17670.30166042601
95144,13951.395631941843
95559,17775.954691843177
81580,42065.70666666666
106874,20932.26683719774
79121,27891.51
77257,18995.112210445583
87589,15311.465760565856
84579,11416.558317302537
95950,19771.51972213407
92510,18271.59
108139,16837.475047336702
76182,31479.389017088528
88687,14140.50942197481
79244,22550.756013719514
80690,19513.0574822312
86259,15709.600533962132
76977,13707.377429596656
95716,15215.247294054801
97234,13466.924595816059
102608,9497.653922238696
105976,20961.030240960605
86505,8309.468214515817
91220,32321.587016193727
96558,14028.5615
87444,11885.658614285714
87498,12787.753934149017
102631,16823.87
82185,16469.626507936508
99403,26002.643406919226
79515,38731.07
99088,10227.858546365915
76226,22024.90372105831
108382,12220.674309920021
85313,15015.405595123948
94499,29796.811360922322
99934,6683.824676010101
82376,18915.005490736316
107765,30984.422736016953
83605,7190.797580055209
77701,15944.66648775813
94028,17237.873415719696
107523,12250.478085359844
90650,21247.79419203868
87414,9463.210000747431
100055,8819.537429755683
90566,12222.815754068044
77944,8337.29566976527
104365,21905.315
100010,13384.71812545161
97116,6974.16987765794
92053,18527.320496903445
89028,14472.758925595237
97021,26109.82908374971
76667,37749.461
88020,10588.165713655582
94877,18135.180625
93946,21467.229089802942
107829,20078.24
78257,30644.797917606706
79067,22274.194157366204
77650,35752.34535714286
78087,73687.0
106695,12117.13314086838
94630,8219.21125
106256,8360.59
95601,16339.842761094798
105796,15607.237569640713
102585,10687.913421052632
87265,9954.16093303559
81014,35653.1801369863
79536,21197.304883664972
103430,13767.184606192464
95642,30878.51
85927,11849.612122037863
98965,8867.641169590644
82285,23947.74960992908
88076,7350.493963772696
87977,8353.614934085488
93013,21112.599899936635
86356,21398.73
82657,3530.06
104960,12345.067900676937
84159,16182.88261904762
102831,7626.46
99907,11873.52669126312
95588,18511.62838914177
87604,12482.490629612737
104688,8457.843714285715
78457,31479.43
89007,14704.937382550459
104449,17222.212978547534
97888,20422.889738508162
83178,9714.5936886236
81940,23429.162136925574
103932,11766.48
93309,31458.757219559433
108001,13416.91552702363
104771,9050.045
79382,19985.731979166667
85883,10148.741279100528
106425,12292.146809634329
83165,19790.617430555554
105632,22180.12875
77132,29132.019761557836
101743,7004.194345238095
103628,15571.007968894082
90647,33792.14885762902
84997,7846.485552234783
91158,28009.84856039482
102727,8428.468809379528
83926,22004.1125
105492,14474.8196122623
84091,7710.273502287115
90093,23380.68432339712
97013,8091.1074842795615
97421,12625.62146091539
93503,20834.564691045176
89921,7014.972689870018
94294,29070.06
88049,5903.710777521848
87152,10284.641729450772
100030,12108.781548340032
81887,22411.581518311286
92813,29661.275865772586
103849,10145.833641233072
81370,16502.605
100077,6532.2547601096
96215,15914.506946449816
99477,10677.009874999998
92453,42000.13456521739
79103,23929.797103174602
83988,10805.15351005371
82753,9853.499895996174
88096,18961.47090909091
82591,23715.153309792757
78600,9765.250853174604
96130,14677.123333333333
86532,19015.972222222223
78212,18612.200116354386
103099,9783.465019670553
76517,15306.819166666664
85372,12062.783285714284
87192,10962.41317231745
89912,9160.87
100674,17174.468262959283
78362,14876.206965792726
80234,9864.892976190476
103492,9789.20444237572
91876,17107.055
99906,15103.22802200235
86556,15704.27342794155
95439,21783.10103844351
89552,15750.66743217866
97510,18552.21755279724
77027,24387.601115033365
96651,9951.026813371815
101124,5238.3064621212125
81564,28034.20125
103834,11288.308551670552
106120,15436.471685361617
108302,11694.19553113553
95258,26315.702999999998
80241,9920.685402350515
103079,17361.00501000843
107671,19173.551662756236
105451,12463.505381993835
100581,6987.905833333332
103200,10818.932982308435
107958,25065.124677712054
80508,15863.26289706711
86519,10165.054421661456
106014,14988.084347844457
88647,9044.51325974026
78370,20467.391550456094
80157,44412.568315795215
78549,33269.388997590846
78346,16175.115
102025,9399.384179339553
102642,11862.321051876417
101566,12813.784663694038
105090,9436.753041773758
102879,12041.042796959333
103116,4806.455317505721
108181,20268.091174242425
90077,9236.277097802547
87209,7854.491288809632
78488,25070.48826517264
80235,47008.32594814284
100754,8636.484425133995
105566,13479.551331912091
92772,24009.39875
91123,32675.185
81751,41500.82675324675
97826,32271.801602728086
79668,21046.23139836417
93067,10902.499791666665
102583,10535.80636288505
107690,17264.931305097918
87693,13302.778538733737
80476,10403.85
81846,41552.11101556777
104885,12370.74243537088
97224,15128.674601674493
101301,15010.750858912217
77468,19389.36666666667
102865,13866.123135119225
89933,19597.45607285197
80064,15820.922109302053
102316,6306.529589147286
78861,11684.49845221381
96856,11077.462708783512
80901,30840.876065527387
93880,4698.45
93155,18303.000151515153
95490,28507.9312037037
81179,11122.22625
105515,38713.035
93763,29476.355
79292,19722.108617018228
79547,51136.18851130312
76889,16288.760396761296
92884,20313.787916666664
100959,9580.605480542987
103931,11653.30270082353
87109,4688.91496031746
85670,13642.576144036228
106941,17751.91459882387
82237,27918.303
95369,16161.395
104098,8577.877346039402
88392,7759.792321292175
79992,15168.697851190476
91429,21983.288333333334
93131,20024.16
102287,9697.238101942876
93988,16398.88313946546
98533,17583.487909406565
82402,30809.317887716763
100838,4306.496428571429
100418,3568.68
78723,19344.399430997204
102054,19070.960666666666
103873,7160.853285714285
102429,5154.551666666667
92423,20607.317222222224
100306,10865.302456681151
95398,28535.55
98509,6504.546069444445
76571,19915.80290484092
99096,11995.791560403677
79974,34849.67290358284
86070,10815.281221202991
106407,19286.604092539783
107921,6367.844833333333
99358,6184.878664502165
81645,34213.175
82190,26378.1375
104692,25585.47621212121
93221,14785.238380325814
100438,13314.260694444445
91444,19589.851346655643
81053,39060.99
91363,22287.37062267081
106954,20778.561810601284
106654,17723.125528846154
99522,12410.055883394047
87009,16961.68054005614
87909,11493.981011904762
77419,20715.918336419018
97652,20096.338666666667
99779,12274.388125
85584,14778.366625900686
91829,19166.240181623933
88101,18354.211078318487
100556,4784.168363095238
90352,8452.303129752294
83282,15979.819558487296
83007,15335.682775355544
108313,11854.672496976214
78810,6465.065
98828,22933.58734465841
96114,6539.213079573133
79191,20595.007109311446
87297,11507.483985133913
95877,13369.45297222222
94139,39975.765
100850,8901.731331336654
94945,50846.900902380956
101089,7972.4704313571065
105691,14709.105
80668,14389.468963436077
81214,31463.51
87518,14361.971650002433
105030,15936.311052144585
85923,7413.094980502987
83311,14708.625324074072
98855,9876.369780701754
104159,9367.842933752368
82779,10072.823139005197
107742,10546.422069870103
105468,27852.696726190476
80455,26376.133607432912
86388,18287.15552228164
94821,49633.06376122653
103268,10021.435874675597
102051,7602.48
105353,24426.30580538021
80456,22649.54573809524
100987,10053.393278469468
91198,26622.278095419835
85153,13091.59368998012
103654,15825.372467734096
108172,10432.241768999087
86497,10869.990918829906
105311,8806.17854594017
83207,9164.295156585462
103088,14030.926623553672
80581,23573.475476190477
94590,23448.34
92857,19224.94458942987
104990,21893.08155316874
106022,10897.707451526774
105717,16209.168646902093
93403,33195.55317833371
85166,14724.45061688312
106430,14352.293791009504
99092,21686.06630039335
91093,15292.515625
88851,19299.013740449183
98289,25777.866868917277
105096,29723.146747577604
77047,19667.92770599228
104430,20744.402228940584
89790,6220.26316083916
95496,30021.6
99397,10713.39756971245
98691,7415.264879614988
76750,29319.088333333333
96768,15895.616479290808
99671,10303.518486842106
100893,15616.803236713933
96376,2734.735
85359,17744.732055893448
85526,18286.246145222995
99471,7142.490506713554
100718,14128.450738816578
100408,6639.978671171171
99396,12318.22258566739
88571,18138.375
82056,34001.3901369863
95339,39368.06666666667
106966,43951.036742888224
87419,16514.335403019883
107951,10632.547226157822
89086,2518.23
81863,49231.21700653546
85352,7256.700769230769
107573,15059.004609664842
85160,8102.191043334871
86447,15062.26898630883
85129,16549.644835173764
81978,22912.61703777179
76538,21210.8335458103
96475,15057.216327715978
81872,25460.41
100975,5999.786424466339
89846,8955.410220750486
76813,26257.62627525252
79861,10737.620523676593
85807,10921.279956370112
100520,13986.138754773641
83614,10287.117114289811
101194,16892.54724170274
78639,29229.204798611114
97237,8242.12793625108
106299,11127.102009803923
88307,10403.74784737944
85314,10129.804691920153
105736,14672.983303902507
80065,10450.379767862729
92131,17156.23549616342
88644,18391.04055652681
76738,13050.139042980178
105697,14541.717667613635
87316,9595.78274955224
98209,13614.705384615385
96229,17520.651182397458
100262,4590.450795454545
100999,8755.235981060529
107614,9936.713009955276
80838,28665.461726190475
100986,14978.36514758497
78593,25534.31083881579
100441,5926.547361111111
82682,11859.13731829574
78999,32151.263557291662
93261,13964.878825757578
80075,35474.2830952381
93655,28354.334692938755
100596,16637.5889790965
104232,26197.851941161218
91804,40682.88
77995,16035.82371700313
103787,7205.044458333334
94205,21965.40047036058
85358,8374.173183798488
78658,17348.861513358148
104647,16513.09177582525
76044,21351.624036741807
76998,11083.807651258945
90687,18065.595964072585
88724,20763.98373220443
89881,14019.43142985801
77162,17368.001773987442
105640,15176.61931913609
87663,17694.01718367974
79472,11730.71383832241
105402,9875.133057142313
93024,27183.978703703702
88764,13334.097327550011
102845,14282.349418024818
94779,19653.446549219505
78682,10796.003080996737
95089,49462.86983051264
92437,10588.545
96574,7417.0175284066945
80215,8895.67625
103217,8621.055801684184
96957,22107.582469798657
77332,14528.134409002068
88904,18104.137692605975
85813,19075.626604200035
90079,18433.717443692884
106345,10054.450797619047
93236,21437.477360366014
77551,27448.66326254068
98682,10526.0325
77482,26381.520043682794
106734,22499.158463626653
96167,14585.66429943503
97901,8076.8208189539555
88753,15657.285952380953
80085,21691.916805555556
101127,10669.498916602075
89915,10902.489538826305
77818,43026.310625
88216,7991.959529565773
88372,13830.526408706466
83811,8946.547385325024
82936,10916.837298946264
89742,8623.132666666666
91673,29389.50783529845
96257,14472.821666666667
87975,14866.80425492174
80305,27076.837922619045
103204,6445.170833333334
87651,11114.054254352812
97692,19933.790266513057
79587,16967.266907393205
78081,20260.705629600092
90382,25867.787017543862
101784,15126.832060185186
86751,9676.880772356855
83746,7322.009326772364
107367,23144.07396942863
102824,10676.464944111194
88861,10731.063118481616
81296,14544.11
93069,26155.773521825395
87324,24233.631817722195
80156,26525.73468123044
101653,16998.269914382025
106220,9283.686730769232
106598,11264.668500000002
100402,10708.13
76609,24905.821604341894
84956,15026.103712534235
95576,25859.503333333334
99581,8040.053095238095
80485,23060.237414950607
77166,29397.516795144154
76018,10974.8025
104735,12340.784251413475
93333,11949.486787878786
99795,11443.172337631118
89839,9279.717822217437
82759,12874.016113073572
78936,24954.54488411073
85749,13614.006122990122
103893,5198.8736944444445
80488,17586.924629414985
85554,11256.444922925475
90240,13758.754043941146
106288,17486.67117833932
77948,10865.902203176727
102329,9382.67590707324
100162,13321.368930021708
88576,16804.46226866381
94039,17618.615770766344
94453,20191.34
87879,12839.20841117896
82862,16694.259592047587
102535,16460.293152388913
105231,13456.551666666668
101295,10563.322095362908
103639,17054.52110721421
100996,9923.801746588557
90885,6906.246267796357
98058,6730.019083889822
76405,19296.913772727276
81140,9713.658431855278
106762,1555.03
77805,18528.08527118894
91903,28607.26537037037
103506,7477.025
99841,11231.920924950464
86237,11122.736859137964
76010,26951.27637795786
90547,16590.73690468218
97073,9797.132220610994
96345,20415.463565881026
104803,23056.45683395839
97547,8853.33162677178
80566,30919.19800362288
76686,27107.647433333335
76532,16758.398050768465
95342,17985.265239281318
89227,9241.751037451264
100141,11181.079094068175
78308,20889.648578559074
89064,13695.921983660131
80510,17418.9275
88585,12919.2725
104610,19492.754833333332
82104,10531.97628826051
82975,11860.974503713769
89065,10293.843206263695
101733,6111.889607323233
96657,16348.698224915213
86410,16211.094670877024
97079,13774.807051455371
99980,8028.817754888862
83405,16852.278040009012
94937,12752.017387096772
88990,11732.794095238098
100897,10014.273973363266
89852,6017.882291666666
79720,19564.373709599226
87573,8103.741072756599
77570,49302.95354956026
101535,5536.4225
106853,28508.03738651007
90614,13639.67121413656
99883,28812.23449330843
90053,14988.541186420123
85345,5212.960254026754
107848,11766.573421116056
93445,28622.16192128923
80275,13990.18027979326
78979,16847.4009533012
102516,13300.400574363226
89258,11120.119662244411
107117,23294.24073147717
106721,7382.042368421053
92982,41065.69125
83496,7875.745102755074
81803,66270.51
106993,16176.735625
103294,18456.57052380952
94098,14804.432202882817
77532,14052.220092249916
89286,10875.852911906275
89501,8466.547009240725
95186,18785.532343627885
92283,30936.238148279666
95290,20334.02694018405
96893,8986.386807818351
100971,10119.481717156941
78080,26498.442976983097
99131,19127.358580636814
108281,7023.177269230769
100144,7169.83733237976
105273,14335.767866855786
87851,13985.770147727273
108128,12341.037587412586
86420,9581.80763598921
88534,7741.35170940171
91836,15754.32380952381
105068,10421.544343073594
89909,16643.04200555022
83912,18031.012527777777
92078,31256.449914417095
97169,8570.671453082441
89505,7822.361816214303
84000,11469.123087795424
95770,20410.075
96966,9691.047022825911
99958,12672.613291105856
93263,34432.53273184012
85201,5189.307777777777
87858,11329.323308559968
76733,16523.18773809524
95475,18503.818034227388
76959,17115.925474747477
88587,6849.608916824919
106240,12121.196223577233
76297,27954.189273451193
96655,13411.025015749603
97329,6667.526475694445
104459,14927.283921828366
86218,9638.26564058381
92652,28533.875424565016
87708,11002.662992365724
89003,10971.11276269961
77758,10268.85
80355,4700.745
102381,10298.236875
102034,20201.308022475107
85449,16665.0794394576
108344,11630.214823340018
103231,11622.489669962097
88619,10379.395623892437
91294,15993.33983227081
91671,41121.135
89398,16100.657709213956
97449,12992.230168655151
90985,18508.20331388114
95931,27433.442491453945
91207,16135.99375
93227,48024.79416666667
83380,7878.617493368701
88517,4563.855
94074,29443.91487773488
83286,15066.036990279805
78621,22556.66869608883
78559,29969.291426550943
95517,21393.11743788168
90301,7774.381966992292
86982,16125.576365147717
79155,12561.83178381915
87645,12904.24306206628
94734,19232.29875
80776,10685.602083333335
80191,22037.555
81665,21302.04710333567
95409,23024.15875
107275,11123.515463521344
88752,7386.750904040406
85344,14079.042062632854
96113,12623.938776469731
89564,14152.630007749056
83351,15578.27180393551
77727,20097.574278268952
105427,12495.07439763024
86511,15688.64692671993
96465,11761.504384615384
81345,27294.323946572837
102204,7867.162203867848
91518,50442.83714285715
103030,7372.345
77586,24833.173791666664
81802,18163.734498978607
97913,19218.262929250577
106159,18824.29981555722
101107,16544.273893579895
77988,26444.37625
103558,9134.34677209131
107080,9968.455063160889
103080,7973.47
81729,30756.235
76576,13047.894624999999
81302,26840.843426665313
102815,7197.879676010101
76838,125490.545
100835,7324.368315476191
92600,20143.86
98836,10626.083947368423
107734,12476.817489131787
103146,8482.96
92838,30557.366061694847
107210,15094.028980974346
87193,8524.094762619456
80803,22219.6297260274
99014,24071.648958333335
81317,14039.345
105975,14647.257269727732
91289,13018.1197705745
102427,9103.455
88770,9179.465786037681
93130,18491.675181878403
91428,31651.71588377267
101880,9355.983333333334
96317,12833.70677777778
79846,11134.755
76152,29410.43648363171
98591,9481.670891812866
83409,12849.993053345874
98307,6795.42
81931,42372.16448580587
90083,7195.144139784946
77773,15333.113463807824
103635,10594.902709334252
90621,7334.183075674326
91055,19182.399671018335
82011,11113.374665267933
84194,9604.01945425012
107360,19368.803780628798
89868,13850.449826787173
78774,18992.991758281976
98229,11427.622844925743
78895,13471.604793688766
104821,10899.063949569585
88829,18092.987857142856
103561,10838.309612519191
95077,28352.255
77218,12890.869817617391
96894,9267.647371709167
102467,9260.416363636363
80026,13716.130248201764
81904,33439.63
79212,20145.078153846156
76081,25810.339005359638
102446,11806.560562900773
92123,30473.284521739475
99505,19258.573448275863
90701,32709.22214606784
94131,31309.06221069913
98499,9650.262678791903
87292,15742.85150825455
101982,7138.933166666668
79507,16071.57718452381
80367,18107.315
87303,9605.487604349075
90939,19408.370263510045
105990,23163.675425925925
93538,30032.15641294704
96747,15230.924587694537
96705,12321.413469696969
79540,22682.03746023839
97104,9760.501671590908
83406,15734.15236111111
105299,10472.703333333333
106722,9697.264953238047
105452,13882.245729551614
87290,8806.57901464129
81467,19517.015
105170,25510.39340759297
93330,22167.985
80272,20048.775027777778
107730,17785.415625
96010,20188.27614688637
81845,21196.52
80811,12371.765433948403
83571,13166.719103316045
105322,19016.252104213367
77762,16576.21935293865
102039,7104.66205882353
89712,7996.728746528329
89635,22713.9775
95445,29887.890641062575
83168,11233.613280747983
97583,10367.161231630826
90719,14094.967914053637
83437,19428.45479563492
95182,25271.32935812349
85203,18749.939397186146
103788,11382.750731380429
82303,16208.05145932629
75983,34181.27354761904
86812,9109.49883563763
81841,26334.745
84828,7214.905076631702
93783,27525.1625
107916,22757.590147495303
87430,7842.241754182578
104874,10398.73172129368
93137,18568.205
103047,5615.698333333333
102110,8032.779505327447
91435,18576.79428134925
86558,14020.414229750511
95141,22917.784830069122
101513,6758.406625
98883,8680.260906094974
84488,10875.319339020392
77317,27202.04087700044
76345,28591.655
91779,26209.196755799752
76882,11480.649502294873
90888,9536.021666666667
98663,10395.843390826178
95756,20260.075
92853,19282.253333333334
105681,24999.040209131268
100628,10551.428
93663,17097.032961549627
92183,25398.57
87635,18925.9462979798
104386,29363.63227269238
87388,13232.2317446027
77217,21633.710084618102
96722,19057.91292128679
96916,13462.672833457462
77168,48865.50575556796
78963,13304.732943400168
93780,22797.01
91677,24516.487850082423
98082,9086.474061944205
76229,16871.758076660946
92338,24705.54
84178,13517.789330297217
106784,10621.781646531765
90742,4018.6620000000003
96034,18766.117042017202
98064,7908.87540938112
96973,16676.402916666666
102048,10449.970833333333
106484,13163.910833333335
105759,12754.71631111111
93589,29531.700109824254
99057,13317.819967948717
80757,14856.524226628268
89636,8098.54579540664
83495,8167.182640286748
85277,10773.816398347817
91843,37761.235
107118,29477.397170104934
100387,13864.435524167562
81885,26235.990404846696
105369,18441.853938392505
103588,7755.115
89859,18363.492030275276
99533,10147.931218753642
107533,16416.904915312913
103667,7447.715749999999
92303,23263.691000000003
98400,9195.923047619048
107283,10626.86906068931
77352,29458.357918055477
83662,16995.638644406874
79661,21233.226875764638
102007,12220.237500300345
97793,12726.339686788342
106968,20133.781338965713
91632,23125.04001172471
79763,30985.825
84785,10069.43533431938
92155,15093.184045592265
76625,27295.712260361284
107370,10236.407125068417
87638,8002.745014646519
96040,8331.97195576632
97299,15425.041284548077
81301,18694.749832298137
83192,16990.990258516144
105291,44269.03753623189
87135,13412.761886921277
75985,31241.49950245663
82125,8377.58537075537
87636,11251.727550060545
78783,30716.454723875835
78662,3905.6
87134,16986.55821468531
89451,7550.694180030082
100098,10731.387110680991
88589,8511.040797765205
85831,15152.764934723438
101724,9814.380003237073
107345,16091.678079545454
88336,12318.977571676322
105588,10461.243160914499
95273,21019.46748605038
101163,8525.806039383047
77479,9105.562789548712
80339,23679.885133257667
86561,10280.876738904553
90365,13799.446118897136
78103,15523.179271991492
98617,11465.609026698245
77621,35668.065
91901,23802.699740068543
93087,20002.81628337586
82739,13621.835044044965
100953,8030.244998210342
80117,22077.924868129245
84174,9496.698825470632
106828,18700.142820685334
90803,17548.686801835356
85910,11668.565101039298
89576,9741.22906366103
106572,20449.729659346696
88570,19281.611666666664
95066,22292.867390180883
101114,7490.230114232085
90936,19603.54667102678
99197,8064.510625409165
106363,8399.12023076923
106495,12040.837436170004
77516,8308.525
88093,3484.353333333333
95483,14098.47013888889
93513,68478.21625
102348,6463.227790697674
104779,12377.963182512973
90381,15515.189684876
90866,18126.57741164963
76005,28359.993919779863
83160,19242.73248952344
105547,13657.552817620372
102598,10289.982045454546
104485,19343.455484089547
88186,8126.639375
100958,6665.137811507937
93967,28916.881083551896
93296,18216.454017543856
102906,11930.66201477032
96380,13546.02
93298,25832.94256776556
84722,15541.287177670903
76718,20780.986455026454
80056,27477.08764574135
78850,18597.678542366946
100715,8650.812913714162
97058,26517.57019070187
85906,13759.418986353543
102477,7616.276306306307
78624,48668.6676057647
104387,18425.8029982285
104252,11771.812307692308
94178,14676.077953595981
106337,20592.24509401709
105385,15288.71375
83119,9036.015925284535
76930,15041.0329982906
78083,27808.19539620006
97868,27008.11548282987
81081,8173.563181818181
102325,8206.025302759042
83604,14123.385468590544
107825,5358.257075757575
105577,24531.585
107308,9476.207789915967
103876,15030.496000000001
97378,22009.527175925923
89508,9384.6355
86933,11053.78229300257
100033,11098.863809523811
84820,16032.399135427106
88884,11166.581057294907
105458,5942.208381415494
103164,9248.892709652388
101838,6423.335
97811,26295.77888888889
93826,24944.137888888883
86364,6738.320853014726
95317,26228.89363636364
80613,21071.321907416404
78372,29853.183822265753
83283,15626.624990809782
93249,29572.947911119903
104303,31614.955
87973,23854.36200221079
89997,8834.850385103098
103013,7394.869000000001
85570,10373.046361507935
102979,5937.338333333332
78598,8903.877407018363
101402,6329.955333333332
87313,5821.16
95505,19225.788213952324
79319,20584.785896270398
95230,31298.886306582313
91808,19318.738818795555
98678,9621.440642980831
84270,11094.779143610738
84932,9524.855358289682
92433,16519.80324786325
95944,18651.62375
101180,14082.210220843726
82624,18542.391143217894
80920,22786.68816152819
99771,8939.59653846154
86425,17254.563482070265
92191,19308.117386961236
85940,11855.156705409514
97391,14742.913000370274
101341,6814.577013492064
76066,20453.22860574475
93226,19643.63685813634
108367,10053.762645546405
83144,8945.411417341431
82764,10281.38500265971
85112,18448.292744985152
97167,13203.650777770938
105808,8655.060166666666
108416,26013.17
94695,40587.486215736106
100332,12961.03325581646
102829,7995.132953867847
83817,6931.405752046783
92304,26619.58531349206
104385,8692.400670995672
77858,23685.034483847656
104454,12137.219375
100292,13702.647695464715
88759,17222.66157894737
81746,16620.449801587303
98246,7403.727425054111
96680,9300.434450504634
84163,7428.465180747187
98135,11780.941149436874
75975,28834.557138492426
92064,13958.90475412015
78732,19644.809192601362
99528,16132.62629963227
97651,8102.909532940642
88195,10524.098197031793
85398,16671.270932049305
105940,9675.400506655005
83822,8363.602767324448
79148,20461.079446479445
101011,13422.82449868649
91642,25766.26049206348
92277,31749.0507439205
78438,14351.085
103126,7158.1614880952375
90247,16476.321131186032
105738,12896.663356426012
91585,24086.44125
99313,7753.043658617914
78484,9709.939
91221,41109.095
102068,15809.928304230469
103027,14363.004587430114
79594,29702.05
78290,16708.67876397401
83059,12725.093445535618
94542,21077.651238924835
80450,15120.813521890741
86055,12782.180163696445
77128,24221.625
78459,23983.361829481797
106614,8210.44075
100580,8725.5225
79200,17038.661648287933
90988,15799.431173270621
95354,60008.21
95524,19463.328831632858
89514,24596.65824592934
100494,7790.335633817349
80365,29636.896557922893
100498,6377.617142857143
94820,22787.594285714287
95203,16315.061974747474
84845,14312.404798730806
103726,9578.745
78164,10457.032619047619
85894,8450.54513095238
83974,11288.447096597421
100042,8534.00404609199
82641,16482.11857473927
89331,9862.134285157586
104138,18939.093003382488
84136,16170.890821400357
93037,21079.219770775337
88791,13198.717359985785
102077,10727.313715586217
81882,22560.683924496177
98035,10815.516328173375
108194,22847.371144983597
101297,8428.874801328378
98938,13105.024431107277
98486,9506.705625
83293,8727.114105506225
96404,12094.259068690408
90115,15485.933458685526
100205,6744.655
81271,14246.865235325973
99430,11688.859618382734
106622,21138.13966768908
80213,25008.197401881716
106624,19091.498806672036
89907,9589.138306341469
92178,14408.22065546713
94849,31352.069642857146
83585,7873.427310178094
85742,9564.974324979567
98510,10906.8
95629,34328.45
86114,11194.915
104028,23353.0489220467
78862,14573.143095238094
100720,15809.928304230469
97302,6700.288308876812
76761,15680.202575757576
97918,23725.37303646404
95704,11912.365
108116,39133.66545289855
101381,9064.425
95542,15701.700988472312
89609,16303.018295604475
79374,11836.945
97399,12885.17342929867
79350,13394.36624260734
101700,10330.956493774895
76556,19466.785775523444
85945,9724.500914972316
92706,24860.445899052713
98698,11829.156928571429
98683,12378.856928571427
95706,32031.9175
91170,33221.62545299879
89870,6686.814183045025
105665,24085.389880952378
76774,15069.230902948353
106996,11826.916591808042
100111,14671.8
85146,10371.887744074482
87623,10427.611179785243
106125,16822.98551787102
81146,17990.300390960834
82472,13378.477856692161
106621,15795.587995576529
92229,17145.146666666664
100574,9383.557655252916
93325,21697.887083333335
88820,11534.530932321557
95448,26851.46416666667
94293,5350.965
83682,16389.9026335612
82826,7576.89726063889
78729,15076.170727316196
82431,9883.854400316925
105701,27189.3962981742
90828,16943.101220238095
88782,17864.218563913786
90765,21729.803706976883
89779,14407.720364434961
93973,30661.551908602156
82915,10871.558796676843
107131,21671.97
78143,32078.94243229166
101557,13597.755689393938
81060,19874.81844934414
88032,17559.133242133532
102913,9675.617006030474
84050,8475.848
97797,12730.427609508548
99183,4839.873980650154
81588,28811.66802431909
89819,20624.91949579832
86947,12233.19
107568,22025.93
92085,16017.272083333335
101729,10487.195651388842
89417,12977.177395140612
89797,8016.579098672035
89349,12183.19970238095
86040,10611.60756288134
85454,10558.016920557397
78374,25659.745
84084,12218.275865234467
88370,12063.85491186712
99555,21906.595751234403
91675,74657.945
87112,10502.950410977113
96235,17240.3444514846
98203,7268.334925360749
77675,7407.275
98775,7946.315979092511
81614,28433.735846697222
102391,11490.24886563347
77097,24782.935
80494,29181.367531936197
91050,26132.315
90412,8572.023657473068
106318,14655.977699459707
88976,19333.815624731873
95898,25509.917727272725
107839,22750.379186166745
83737,9300.842574732555
99929,13681.008285580145
85736,14298.424330405574
100856,10717.27375
85708,14437.95347273305
90131,10072.305949945887
94568,18970.55873756152
96466,25954.28
100117,12125.87189440594
87585,6768.27
79106,12932.26400757576
80237,20550.812692810458
91302,26941.91
83945,15792.996679215057
80650,23370.12702407838
95104,19706.76
96677,5894.786105010015
100682,10842.041208281451
94464,19391.592857142856
89293,15027.4475
102107,7265.584458333335
92219,26248.80702096052
87853,17351.560653846154
95391,19456.359723875878
102232,9265.11985643704
83035,8786.174223484848
80636,12335.838307928883
105398,22323.8928807815
103291,10763.508421052631
78340,15180.63821212121
107130,13842.49360851927
85694,11527.585233432543
89901,7488.477119716365
101501,20953.683757628398
92797,46062.42642663043
90279,10038.192357142858
92115,28920.1
105910,10813.754246031744
105226,16599.054120056815
94797,26460.674333333336
88857,16281.788502930403
91374,19087.711589286053
106841,17692.441994935725
90283,14709.22734798535
95421,23374.893500000002
102374,4483.71
93581,25397.61625
77463,35741.53850194202
94949,22342.49973856209
79220,19887.079861781258
82822,20637.0845625
107897,6398.56814608637
77398,48466.99408328447
99943,15134.25713114754
101334,7144.395214285713
78664,12604.530303030302
98917,24798.24687612405
98320,12615.27361432655
86414,12577.0209314738
106690,13294.117686618103
103656,10785.864047619049
82816,17098.22655448336
92595,22757.297135458117
89058,9712.683763255256
90981,39438.325
84545,30154.299104624624
85121,11036.661185905139
86786,8004.487754500027
104318,10636.465
101816,10269.203767565883
85525,8781.289297922309
79169,21404.54032311183
90473,9426.822970534515
76459,35201.755
91881,18325.196
76343,15140.631444444447
99475,3623.77
76756,18980.31
105158,8658.160341269842
82355,31383.92025741832
102382,11143.957492629947
102739,10425.008166416997
95595,27203.08009355958
92655,20904.295541967236
93230,18968.42785523188
92502,29035.80912274016
78020,11408.823541666665
76077,18077.350820092106
107845,7337.652422480621
94272,73846.315
89239,17325.906718529797
81657,23765.01652342677
79605,19233.274823934808
92466,26170.265
89062,23029.826818181817
91866,20652.211123448214
87629,7589.959100469156
94495,22567.62
108301,9608.3481860848
97893,14582.016844098795
88636,12805.782696149388
76642,13988.271666666666
97723,8229.35
99689,11671.279742775221
98669,9266.973947368422
107547,31307.325567983833
107324,20211.328857120352
96837,5759.820846706133
87607,11350.754340659343
77412,30051.29
87012,12059.045817922468
106509,26886.012447368423
96290,14406.465
98997,16955.923616618427
80784,13881.89218023771
79231,17768.878333333334
99071,12463.229144362098
95343,63240.17
106067,19069.835
99385,25269.767249216296
108247,25589.56
92030,43887.29
106907,17211.368586996337
83305,10165.985633790091
77537,10661.701807343392
94191,28741.298421482985
106218,10582.528928571428
90895,17503.025142868908
87733,14675.580422111814
85938,12381.128361149702
92778,18253.53523955869
104351,24587.980842114404
98023,32749.790286040014
100496,10086.073302278992
99703,20167.182764097666
97963,6115.01150595238
107514,14641.216082413624
90147,15734.362083333333
78976,19359.2259789128
87951,17230.151098310293
87689,18483.233506493507
95720,29314.318777777782
81362,13361.792684941283
88028,8584.083287483307
101241,15279.863532141673
77282,19358.730408253858
87318,11997.960216622367
95832,14119.857916666668
93146,18849.56733471399
105053,29253.858910304523
106782,21541.74378471526
95641,25141.255462449488
101467,10028.34858599752
78487,18250.613397032736
97221,9390.767574418895
88550,13418.95
102969,11083.003126452542
91727,32446.99645313747
102790,10550.26276376565
90218,10132.285681623931
95243,52107.10038282269
101112,8339.54291973033
85231,10380.38803244835
108368,16337.210646770527
84764,6562.749598784937
104560,22015.78226391778
88854,9903.555209465387
96342,27983.883262262232
97363,11698.415
87222,10131.8729242799
85750,13667.415116911856
99457,10046.805024762682
105834,10585.44
81230,15527.314534583977
89905,6755.762
99107,11880.135378438228
97725,27042.87782521582
103383,8351.592583897062
101881,8940.4
79274,35855.3801369863
106126,17957.793243413867
88014,8313.806895829179
81379,21377.47043290043
76685,11586.617578074703
81756,34241.39
80382,21046.11763888889
87661,9924.059075884923
103160,14607.375
81893,30694.863590261248
103538,12486.851855318335
101780,8841.43322333139
81384,17928.419640151515
106350,27341.15512504464
92907,18575.290800000002
99538,15498.996602631683
79214,18371.187477470503
101909,8998.96619047619
107864,17884.718614214544
100524,10145.65125
84466,12359.009704789047
105389,21608.81893478261
95621,16916.79614282662
85294,6142.244178321678
101831,13108.905163271083
104539,18174.282513255064
97418,27769.292367971342
84417,12482.351474122808
87082,9131.673977793042
90484,19999.67859508547
94455,25844.29118921776
88204,12598.620431547619
102964,10459.466306022408
83265,12410.912604166668
79644,28020.73121528935
103662,11519.873892975142
98160,18553.273333333334
86602,21270.885666666665
96773,17947.90535596432
106258,21525.787907552192
93161,26909.868333333336
84913,8134.56
93566,27940.85097787267
99048,8710.28588235294
105009,19602.060152750524
78907,12709.153239157351
86767,14872.336332349209
91280,35142.11253868275
80284,9736.858626271436
90664,13317.152916666666
82570,12530.053483962696
97344,6523.636865639623
107585,18221.853270048232
88462,11633.041517129417
97190,9571.884890681005
105578,8017.666741452992
100275,10023.759652646218
101818,4711.345
96900,13609.189925304137
107149,20226.628535604505
92413,32204.161909243492
79385,33806.185
86389,10690.998571790415
95212,22234.18166666667
76373,21324.336428571427
78959,23879.242517507002
88737,5990.810833333334
92016,39611.565
86224,23990.540457070707
82578,10043.834874640768
97155,9086.62568528846
107701,14814.092306464101
100516,6683.21
100278,15408.314811264721
88637,15412.12674314616
82527,10511.322451661317
84753,7674.381997867797
103714,10812.086226837411
100322,11584.261522727273
86770,11670.138209820127
81754,33703.282145576115
88214,10210.881920889791
104113,15859.042
104421,5720.822142857143
97736,8846.802512347396
103535,7865.12048245614
83206,17795.63406646987
106330,9341.3146221967
102339,12911.92104402674
87709,11724.257621953955
76492,21944.125
77728,18871.826094071504
80481,19772.34625
103158,8393.865
88892,12733.598319531477
100388,10660.529294871792
92082,30019.199041666667
81236,26293.81028882633
77042,11271.084448323618
91157,28587.51
84392,16967.930865837174
93436,28463.095
106487,25570.841809075737
76638,11014.301694227992
100756,16397.976948529413
89769,8202.011748134326
107047,26651.925791666665
107482,15881.48644225434
77672,49902.980285714286
88137,8237.977515360984
94234,46777.90698260073
100690,9153.197653366764
104730,15987.973741012642
80889,53021.58423913043
83038,7662.27908737768
78952,11805.538782776248
108324,27209.8625
89723,15845.640237753298
84963,8442.117541717342
82834,17426.188748171473
84141,12628.199756161803
94870,23144.770555555555
97980,19867.438643349753
84101,11604.426345135013
103187,9891.672187232274
89617,12080.29938859361
107178,9179.812212953715
92448,29309.863496781676
105739,12979.033468321986
94934,18155.7936370466
106422,8916.651180866946
84357,8329.56796155367
81219,17613.50680358489
96165,9724.952595855231
89437,7663.393772924261
107434,25270.326032756806
104751,13981.93997712848
79869,43833.33570349848
108255,21515.297407802373
93706,17186.536587203303
77694,25862.225
106112,33383.051666666666
79750,21844.403957373273
92715,26435.031203703704
91183,23235.395
104425,15723.893654422545
91695,19834.016325757577
107783,22185.26140772128
80023,30739.145546585136
106551,11671.937307692308
88253,27320.625464975845
89867,14472.96762480293
83678,16251.042099885202
105660,17953.14862130163
88202,10886.499079478348
95119,25070.183703703704
108260,12613.83191315641
83078,8179.018188538982
82345,20618.24679966564
83217,9981.173571112182
87850,13192.336842001932
81035,42233.78599999999
79575,30612.324094586045
91737,18872.57049933445
87829,15870.732557601277
83729,10568.631168451011
85611,15904.369747621597
98402,7144.943120318352
92385,12058.998571428572
86408,11653.075702380953
86059,19165.51983449062
95741,44166.33285714286
86739,9397.087588979297
78929,23103.405033627547
83842,6411.7294157849365
87907,11658.733453605853
88079,16217.879351047235
85643,10913.154679514135
81382,18150.69774503889
83493,8927.973615822755
93460,36917.47
80412,29470.183887956715
88171,9649.839049539563
99783,10584.227107282619
102777,9477.513051526523
80663,34353.52923076923
77531,11247.581666666667
86865,19503.13105263158
78461,21378.50544002798
107352,24506.466761493124
94120,10031.754761904762
79496,21475.995933601305
80515,41937.49544642857
91344,42362.31
79373,34646.36164369229
96220,10455.91586892126
93246,56385.84309545751
106908,10131.649591796946
78245,38955.0
94731,16979.093513957305
90402,6803.055969086764
76206,50721.4594254625
98559,9698.052303260121
88796,13305.227445344331
85816,17246.932708333334
92649,32435.52939463472
101935,11056.665288288477
105463,20961.185
87365,8153.518707677235
95227,29249.66208333333
93234,14937.825
85937,17793.214065226668
101266,12486.107191199146
99571,10375.425865094847
85700,5990.5175
107102,11143.926757326006
89204,8494.425556393991
107013,9136.430489462266
89174,13621.268630574792
105413,15036.395677228707
97676,6943.639324320918
97236,6583.457231723579
103159,14521.291020415048
86515,14783.274796055099
95748,17903.500668701854
103941,17649.529694957982
86393,10231.446103896104
100154,7631.77
96775,14720.850039682537
85975,16764.38761904762
80620,17934.66
91545,22627.47611111111
90512,8898.02104596179
98423,13328.158403019323
98191,12911.95940185215
92713,48528.88028005464
106242,18291.662153503767
96941,8118.362513624802
91711,15945.958992770846
93194,20241.20278198663
84431,17606.595437004125
106092,10177.193618092118
77699,7093.041666666668
107042,21481.49283348025
94581,118735.19
94719,26418.1425
103203,9540.077735046265
90527,14493.097486111112
105553,9806.128443427022
86257,13811.192289930785
108539,8373.938075757578
80580,17118.063030340556
100564,7831.470806170913
107330,14717.730521516885
91726,19679.482394305465
102084,12319.07513004206
87088,11926.88754357563
106757,33779.73379262673
77040,12595.7825
83253,12520.971033791402
87231,5256.255
86913,7237.749424593681
100372,6569.082081354319
104194,24616.695666666663
91979,11837.501785714287
82139,15209.580363754276
82434,10096.392350910213
95418,23793.90068617022
76862,29860.077853592607
76939,12989.75861111111
86454,18153.098171221816
98632,24743.9448973863
77936,29304.890541807916
85823,10018.52890346362
88035,13630.445000000002
90469,5817.427451356887
77882,27958.476510514076
91663,19526.818118782634
84326,19391.53561689275
107834,13779.353684899115
102220,13040.448660622707
105246,9810.727373547184
107828,23138.619182510396
78808,9609.327065781441
87428,15210.258663187427
83186,10938.775372499198
83578,12459.143020833333
76948,16774.446968245833
78241,13696.1975719697
79743,44270.335
105523,6492.1574924641145
90957,13957.662966801076
100382,9878.504903896377
76105,15321.483095238094
86104,7673.7091666666665
101922,12704.724545004727
76554,17173.541687253673
106985,21915.675521390374
85689,12767.075356778716
85008,16401.07345713649
91965,17566.00775
76366,33380.62375
86191,14184.500555555554
99663,6551.322441351306
96285,9462.837262621384
104099,20329.47829469467
99056,8975.235
84374,10098.437133297708
106354,23459.07347292692
93698,44337.505
96634,9330.355531881029
84156,8976.76631311843
108084,22768.173769500085
87399,13852.72076464398
105466,26385.484704754137
80586,26151.300909090907
92580,9278.503
101845,5262.371515151515
84566,10352.217297596893
90141,6881.665133629397
108378,10889.423333333334
98277,3021.775
95092,40834.190833333334
104064,25481.965756503752
107637,9712.673482860644
97365,15592.798229838254
96955,13109.184892857142
95760,15408.709394002231
95872,24488.30076923077
96240,17660.808894444843
88163,17735.496416666665
100611,16100.461919515088
78881,23092.869393909386
101061,13947.862777777778
107426,11955.684859465648
84044,12220.075
104552,6592.46120931846
94780,11353.7
91863,64399.43
100864,8990.627506271454
81237,19932.173014854015
82136,14285.15958045977
95905,13294.789784772762
106384,4848.065
104293,20181.821753945
81454,20524.80252863191
107302,21373.14599747474
104291,21633.76
82868,14829.568511904763
97858,14247.625290011136
105855,15022.576534031417
93166,19619.6575
94741,29391.78209944754
90290,14178.888860165169
89573,8621.931343112245
78623,11544.983344155846
98815,10685.411815265812
108391,8102.966217532467
84762,9756.377213388136
91318,20106.661829222863
79163,17432.7925614419
95977,18056.022810689177
85867,11015.850421922249
88322,9890.431921486259
79623,22477.752700089666
98269,9029.415464595952
99650,8592.059115384616
107902,10520.0503720446
105941,11056.736642874488
81949,12814.5375
79343,28035.907124999998
107578,20022.342405084277
99489,7167.233565456284
85577,21530.745
96815,9647.198281388053
101625,15689.031208466233
77737,13669.393137254903
104092,32765.671016682027
100181,11370.582951446628
104928,6577.1164285714285
98913,6791.559382527779
91602,34891.37658333333
83876,20793.795
89307,9170.316874305707
94093,25543.44972222222
90665,7683.676172154186
89424,15434.86078681054
89966,15882.64812189569
87512,15579.907897812971
93925,16852.347269001475
92819,42962.70578947368
93100,31019.97
84387,11693.219698010447
102337,10653.74252591974
96351,7425.758205416832
84790,10191.740849523461
82257,9239.72625
99957,15692.13829656298
88917,14382.654917304471
95068,31179.87105034559
84509,16113.454965843872
91624,32209.063216391907
97851,13600.744754795774
88699,15164.51958133579
100216,8891.531691108441
103752,18210.356938492063
86444,15666.01689665196
96692,13416.19
99855,9642.015833333333
80299,34118.365
106960,6629.688133113233
97471,19536.56019615749
84560,7182.293333333334
102670,10098.79568336049
89279,9962.41890274691
101965,14545.59
97569,13541.569310369314
79614,26383.5225188924
91772,27562.415
85007,12325.726847868787
106561,17997.393200463433
75994,23194.056401675483
79691,34620.6701369863
89364,17406.234325079982
78875,13472.522159438591
107066,30247.927040926825
81507,27768.737331689837
95249,20612.54723128665
87015,8992.683667229729
91324,17132.660520833335
76752,6662.89
102171,13031.310146853146
101910,14221.746687258505
103619,14935.18657239819
100128,8840.28324961032
79404,26677.214159019462
93180,29442.508893880182
98208,16310.844651268506
79595,21519.292755303384
80232,29531.215126699488
80698,26299.944453437925
77442,10844.63625757576
89295,10670.33478474538
107982,8438.505
104260,8988.270397905497
107081,7112.278039251206
84397,18805.700454030033
76341,11861.294777056277
105837,21256.23408661333
87758,17591.885083138695
89085,9756.69495736455
85464,6284.1456548134665
108404,10054.684464285714
87357,8613.20790596144
96567,11266.54125
106723,6437.83105263158
102198,7075.455384615385
97673,12077.412265789473
94078,19938.199690184047
107507,10021.99989582727
97681,6728.675897435897
80033,7265.807142857143
86656,16252.46820392974
77797,19372.630886919804
107699,20034.166476589908
86945,10382.702517005839
105222,4619.038333333333
104904,12210.207365362736
79731,11788.036270702458
79205,32285.88
94275,44130.045
83219,11533.264909348965
93926,28997.12
77804,16999.26108627407
84512,16562.203147604967
77215,11101.85
95226,27733.010588235295
102992,5836.640173160173
98108,12824.001776052528
80629,12794.365357681534
98788,15382.555166160595
84971,10180.48428496732
97484,11781.05391955144
87887,10282.942734043381
104294,42097.225
84316,9358.43017200198
105685,22462.041436170213
84866,3583.67
108412,24306.74
83463,16429.546606342312
105005,18190.15725
94134,17236.235
87832,9840.781598951202
106089,8034.956967912888
90745,7213.3478710407135
93579,10521.654752976192
77750,31611.97700506079
101618,6834.085
101148,10815.211727395821
91084,16708.884654577345
87106,16351.241553398058
89045,8802.662699362047
100365,11152.53342645355
107100,19168.475226600473
89836,16709.44224475673
90463,17047.475601502483
95908,29529.797290322582
105700,7571.831922663364
93105,23245.815
83244,17810.303398514752
97603,13990.869512257255
93616,24313.082526768856
94245,22785.559444933864
90752,14322.509572171348
99594,13323.497751514478
93068,37745.95166666667
88443,11484.179161277918
92592,29316.29283088235
99796,14660.663217647058
101588,6830.061000000001
89633,11847.64138676236
99577,16803.8443
97165,4712.878674242424
95686,14284.5565
79266,26641.119469696972
76351,23488.978180508988
87457,8316.745417332864
90220,12111.045608831704
87855,8075.8625
79818,18293.90891651322
91024,23705.33176470588
97908,12085.311928571427
101556,10271.144041799378
89750,8041.8295595238105
107781,20604.74
94151,11027.46125
103214,11497.264751336901
89012,6347.026064993564
80997,20411.225153780662
90002,15642.842864804586
88243,14116.41566006829
77631,20294.534007878512
76185,38845.76833333333
102767,14529.427764676844
96776,28181.343183464058
107630,9778.627565008494
97550,10430.986701339292
91871,17962.83
84499,14332.518529375458
94523,25620.138333333336
95467,24106.40632375479
91735,17536.052316242713
89874,14019.458976515329
90168,8856.925256410257
76765,13631.4975
92590,25315.229666666666
100529,5336.743051846101
99330,6289.356
92566,24476.90129032258
85303,19505.257714539002
108401,9304.460851648351
107621,8952.545279059115
80471,16717.16986163836
85478,11229.331936990317
78386,21685.144580321703
105016,18219.288626984126
76807,17192.217601967815
85036,4763.926388888889
85428,10650.583212768812
85783,9634.897641997153
88510,12115.26344881324
89262,22766.061333992096
89136,10635.306271575815
77193,49306.585
88928,7188.038472562213
85930,16404.09021806028
93387,25990.723968300965
87348,10986.727131193295
106766,10491.0565895369
94358,16510.519806047254
81582,13584.540303180536
87880,8344.71032402943
80554,30575.52
103295,10608.89938023088
86265,7177.436594521283
85650,6010.577720283328
78496,9686.790041965527
90155,5988.93
108366,18425.8029982285
95435,11946.758035387662
83433,16400.2272301202
97917,11982.253
80755,17086.06023174905
106070,8924.781728676979
80354,19061.720756352035
98453,8109.230833333334
100106,12094.477603389
90408,24387.082047619046
83615,19972.64
82425,16383.655223526475
101993,10653.37
94522,18011.08
84782,8703.647493704128
108223,13647.561712841605
96160,9174.156999218605
98432,12679.336458333333
105363,8695.48
100535,6929.62875
86591,6468.013143311151
104667,19614.515706655908
90913,18161.423538786737
88935,12949.539318053636
104570,12730.3341157693
83610,14180.849043318778
92006,5150.385
86169,18490.59998952344
82827,6933.937486324208
86592,11042.86191492796
87212,10170.222144674231
97120,13758.787954004945
77359,15881.227110080321
104752,18215.28569093327
97296,5569.655
76528,17304.245
94678,15832.65006539484
92677,17123.827783816425
79068,17073.28858466121
79258,15363.617379867546
85903,19717.851403508772
85139,15658.949433811802
93427,19897.643666666667
83820,9036.469825863418
77286,24159.34677515926
99210,7163.247316566284
87068,11391.58827559344
83423,6980.907870104897
104277,14034.409955357143
90679,14963.64117939146
87218,15999.036255353585
85604,8778.81125867875
81045,28459.8625
99525,10395.893041905832
102332,10024.695542018806
81248,20027.720950882453
94626,36994.195
102031,5841.6060385752235
99240,20252.169973399992
104198,7903.644308387743
103296,2643.5152380952377
105530,21471.790668895148
77830,11424.696377484966
107707,47602.11261782851
99875,49273.747991282784
107727,10172.144953533252
86279,10741.833043664039
78738,18427.724577380955
77514,18030.47501915938
83235,10022.559802177031
96964,6382.917694444444
95157,27377.18722782258
84407,7766.013418361525
107930,14617.373433540062
100103,15820.464330094708
97895,13425.275089285713
96823,27087.678731510146
85448,8274.528264030669
99246,13818.935
100586,17316.212741935484
84536,8552.788668418687
79744,12623.212901678773
89433,7074.317157499364
93466,16684.640212683313
80628,33021.058333333334
105144,29122.01119289107
87407,15640.591948216776
106295,26116.094365861012
84239,19303.489289391997
89362,11022.710948432623
85099,10615.33999261329
88071,5936.233151050704
87696,10658.150379287827
102512,10184.352130165544
95911,27440.885625
85069,4526.195
77710,27043.0653125
106234,17573.807786130536
96338,8931.050339932304
76534,31891.752846636897
91330,13749.801856060605
99229,11952.461928571427
79318,15157.714092108532
87465,16169.533503051376
85327,17686.25476675978
85601,17942.135466762382
84287,20029.11026984127
99523,11011.91751683352
85692,10418.393117906071
101573,6203.32972972973
97295,9636.752467337614
106567,8933.033891025641
76031,8906.878333333334
96219,20779.26875
103153,9708.823417005055
91126,31531.753415959687
106188,22441.863004393996
79174,15372.73914999234
102013,9409.507273809524
104603,13191.371906552573
94006,26125.56441111809
108326,12719.576376858506
78483,27514.95535
85801,14634.619687552122
93295,22526.274444444443
107744,14840.580909090908
100171,5234.9755
106558,7630.575
100806,10684.062393091186
87732,14774.312088607596
96227,26896.28628375275
92111,20440.599415311433
86147,10669.51026966013
89519,15694.805511214578
95271,25083.27887022103
95264,24240.765
102294,15576.905052020877
81966,14028.439633971422
103012,15150.208774004686
106989,13162.511150793647
96772,16035.978734433382
102972,9758.436963053986
96306,33769.597868171964
108418,27717.670761904763
78045,13248.550257575758
88095,22915.83141389824
107561,21085.070239070534
81795,7837.426666666667
106736,20011.81918181818
89308,20699.034190273363
92852,26206.405
79486,14234.32481223249
102942,8878.365
104342,14242.172854975854
92242,33663.51785714286
107000,14584.650097012176
101869,11506.32175969667
103744,9702.802268609543
92316,20052.326880062403
100386,10226.814269189368
93123,51325.535
79755,48288.315
103598,13777.849104915082
85309,15720.612762238246
99062,5957.503236118217
106747,26414.015450021267
86675,15237.075
78833,12985.299833333334
77194,16223.10771526611
100977,11109.927414016858
80837,23711.44460992908
89253,19096.52860364944
99368,15698.535098308554
82058,9557.242875
88519,15840.191300717592
91242,29874.555
80897,26992.587284663863
80505,10878.906689192345
77645,29314.840331441737
100818,12090.783785691334
101021,8441.86
80028,34485.83744246253
105669,14963.768104298802
105092,5061.5344166666655
85973,11280.38738636907
101110,17948.47
87926,19493.33232385431
102411,19543.12347818163
86210,11548.83347291798
106999,10497.803568481742
86228,10326.872128638199
89278,12828.139808304566
85460,16467.76728784793
100527,5132.820378787879
88852,12627.785
105762,16951.383148459234
100149,17334.08501000843
80290,17612.985765608417
85953,7765.484446549619
81492,16122.622593607894
76831,17708.45842705784
106123,18403.544718925594
81945,32319.963333333333
96796,23404.10833333333
83848,16625.32916401007
76568,19407.790008289245
84777,5535.196734663364
85159,11762.330348317975
86943,12072.693947867923
85719,12867.154190178171
90325,3463.65
102061,8839.6
77924,22143.615728639925
85093,8786.377149390244
101892,15284.782326412867
100848,10729.23294084348
98725,26444.239040311986
83883,7535.831558275057
90754,8066.495597902939
83803,7217.5461904761905
78486,12329.534166666665
82705,10240.276439860803
81532,45025.035
108285,25747.644791666666
83833,10837.329777558149
98263,21302.225995790817
87000,13529.209780203993
80673,22750.785
78206,27148.074878715594
105718,8120.858877718579
93533,20521.411175254598
92133,30841.851273123342
91065,24967.963492063493
87899,19101.798333333332
98017,20469.976178879955
99570,8276.485
85188,18123.887098534542
101319,7179.56
100142,11684.973035714283
100019,8591.131657989421
96598,11046.238380952382
81397,22602.327419764475
89238,24065.39875
95758,19040.524613728117
91540,16033.924645744919
88474,8379.1925
83465,9727.857700514585
103092,12160.509985398861
84968,15357.801975743501
77523,22343.6074827041
93366,30215.11
90815,12592.17
86902,9059.522612428627
98479,6666.807211970778
81068,46214.45243585174
93005,12411.856666666665
79216,22428.79333333333
87027,12261.747670453777
97332,15774.843360808547
76700,29111.0275
92098,21526.775
90564,15012.667362467328
85106,18328.570648506284
107907,20052.820365848715
84142,6510.418635050034
76304,26426.135116071728
83000,10198.839674189216
89782,14275.167734728957
76184,3183.305
107539,11209.731297246646
78236,30601.677035027864
82316,20280.966310562504
106526,9858.584727849182
94138,22388.906826225462
87340,14856.602535258857
79516,19674.13267294455
77411,23102.770371148457
86680,10008.033013058724
95225,19530.175
92224,30115.989403864518
94791,21586.921759223533
102989,10204.438593293882
80765,17536.116522102875
85393,20805.67
104860,19125.436409288177
102484,13235.91545148194
103672,10858.722122274057
82448,14494.827748543647
85479,5099.91
94775,25327.5975
98729,21193.02892124985
76893,16885.584071731195
88144,11422.648240974457
92369,12171.105
80841,23566.17803671963
76791,17140.716992733345
91845,16155.897516401099
86949,9771.28895868728
103913,20586.50877750007
85869,10424.077383134125
76426,14647.012552809709
85214,20746.675
95332,21678.795
85821,11030.285925240172
79430,20349.447326521833
104573,10471.952117464707
105788,16069.38135068483
104867,13561.691785714287
106367,28210.399436170213
108241,14940.22453833279
76913,44421.02376723059
78712,35933.56944444444
87769,9537.11641414956
80169,20261.6151919862
102028,9505.815004360906
102001,10894.545892181326
107798,40715.44920289855
80044,52240.335
93757,17985.871083333335
104233,19913.31042763158
84195,7737.15582165539
84096,7939.706086300808
82336,18439.40118634977
90423,18920.62625162338
81769,16758.38825921101
79650,15551.52325753398
84837,18720.363587301585
106303,10131.536454248366
98551,26332.155
100452,10608.89938023088
81161,24627.425625
101116,8109.75617649938
93465,18345.708333333336
92749,41202.9725
86281,17417.81
95586,12056.15096153846
78235,28954.65557142857
102754,9760.03181030119
100017,9230.376231421784
102637,15389.651899103948
98192,12398.084693675892
96683,15685.733553030304
103968,11019.64938172043
89159,20686.709206349205
77752,18854.6516121146
78526,22576.26170624746
108387,22681.947869323143
78659,26246.305
77013,20655.683349700925
106480,15067.46361127419
93920,25336.35477777778
92912,18937.93222047353
79044,33387.675
96831,5479.21
83502,9815.867566714353
99420,3420.95
93785,11442.75
83739,20577.600386554623
87018,20954.398739837397
93773,29599.839341096795
101674,9061.50816677838
91655,22793.17
104412,4726.4138389154705
91636,25179.164620800395
91101,15417.357083333332
102437,11789.737690016596
96958,14825.83929761905
83934,10759.274241290772
83372,18827.256069692878
107296,13424.480752129248
104909,19497.554045741177
103886,9878.238888888889
98858,9882.278530701755
86276,11187.610511104285
98148,13037.079142857143
107294,24970.489166666666
81812,39858.66375
77997,19618.027757646305
104626,10374.044189194821
102424,10237.80020530285
84992,13175.146969537815
86867,4352.383333333333
93370,22959.655723514214
90804,17319.185
76001,12566.804140385982
85691,10945.939437782541
76328,44267.473671011016
79143,13022.607116239102
91356,9983.125
93553,18701.30756594304
93673,21868.159845401136
108239,9826.910203621526
99923,11779.183823529198
81616,37528.68180365297
94433,24817.876285245802
99985,14914.29577558545
79648,35263.53034523809
91423,45608.81777777778
96581,12856.749438873627
93321,56831.6735
89736,14877.468386474417
82722,7654.283125
76093,31981.522140468685
82767,9217.035572922878
101615,15689.031208466233
96585,10038.144865370161
81552,15904.921561407175
89656,15412.577944865623
76301,14281.470337671974
80683,40601.22801049344
95638,12744.2775
78343,17899.52621577079
81495,27797.457298305384
78517,12153.64070425061
91764,15522.586666666664
87050,21823.125490322578
102877,14816.552267460267
86844,11235.18403997051
94535,15416.635
80871,9277.220902296642
81126,9320.814375
77182,18207.574251796254
89335,16931.60923107331
99612,9948.510708243643
89041,9816.816720037119
104165,12780.882083333336
79096,21805.794858222547
76051,18019.965783471358
99599,15371.614468923828
107763,17509.096333333335
106646,13747.19756431476
88985,14259.717871621622
107109,26780.607137095645
85110,17323.107470959472
96907,12290.306666666665
106806,13546.288587331566
105409,10694.303412386033
105449,15972.125381773556
104042,22967.194442004846
101299,11274.91950031625
102434,19782.97516199897
96363,10517.712497592385
93918,19733.62
80842,52125.585
91578,19650.23962051731
90458,26269.733500000002
82186,19889.767774261603
99767,8619.554416666666
96898,30349.83556390113
77755,21050.06593524531
82958,13663.924337544722
89248,7083.910733469287
93452,9192.970738636364
81517,11176.071500670387
77919,29665.318437964776
97110,16014.381645504802
107317,9212.354318105998
106102,8823.910092389538
93034,24018.71011794872
103446,10856.652559757855
82762,27660.041416666667
77365,22238.423598214285
86634,14944.547527578203
93109,31264.255998737688
96094,5048.582380952381
108191,15519.852133187593
82667,10655.302144618454
87953,11751.342398548859
79188,31415.655
84962,11469.0622
88377,11709.273612285626
85942,13189.491711346014
88278,13566.481923471963
77743,17444.23983521551
98341,10214.313042250233
101197,4969.642727272727
102838,12839.298409803967
86885,7077.683161553369
87648,13664.8875
78995,15554.23
81374,21114.4823085094
83829,10779.376991896383
86073,14743.014871985122
82848,10711.646704183677
101727,15238.500610255816
89929,9886.322264179842
108534,11639.2595540766
80592,24961.579199640142
96292,13545.540707024105
102569,12189.645647834668
84692,16083.783367582502
84531,7966.520586717542
100173,7790.957916666666
90263,13180.800072215878
88489,11462.840818472037
83941,20067.9
96621,11745.84
88427,11935.087323690539
86625,10323.065989315959
82798,14334.206471453803
86084,6736.4175
93058,28443.236203703702
98527,9735.695952416138
99786,12595.11410325871
84132,10041.058201085008
101160,10671.935
80396,34663.205
88132,16776.752860582357
82835,16433.421126461988
82959,12267.584194978548
97225,17435.235
85463,16353.365152118713
96733,8929.193549751248
91820,12170.82138888889
105870,24271.526025828203
83255,15352.99015068964
78899,18835.81217484275
99812,11770.536258394046
85798,11432.97599619305
85452,11664.287448802339
84706,18197.458171221817
104289,20288.845204545454
94785,14692.4
96707,11027.3252230717
92847,24515.986818181816
96054,13409.13143145743
77986,60319.345
103435,8223.753069069451
97008,12785.88687543156
81650,34802.57409563015
76920,22536.76219645766
100479,13364.66
78120,11576.890238095239
84761,5221.7432575757575
95062,26759.53
83102,6931.924191646532
103872,7947.512349887964
103816,9409.535
85672,8683.134155774924
102125,12334.066666666668
86928,19353.734986125062
82814,15104.248144396764
93167,25716.453984126987
97674,9496.015882246104
107400,29085.09759444393
92669,14305.451588536263
78046,23074.34
85703,15431.068166259824
104265,16812.885
107786,13741.867723391833
83707,17511.43293532087
76858,22918.56456261807
94147,21395.11802038976
87307,18187.382921662927
90594,22973.713064814816
91305,31760.3082166885
83302,9993.624385585948
86173,17292.990672130567
95811,20522.504720246674
79868,16602.261584932297
105265,14084.370598915995
107009,9338.291642276423
107281,17740.566475796153
98848,11842.82552857143
84222,12498.215656028367
98808,22341.18548038455
94002,33435.729115906826
83985,17401.78
107772,14048.406805555554
86564,11496.313643755517
105241,16244.715882867822
101060,11184.179098159764
104362,24099.14614162311
77441,10830.333275385947
92827,27808.401704472322
86523,16780.53028306748
78695,31836.86015505264
81392,21103.99591117216
104823,24090.579281105325
93521,28766.621875
107098,16184.47807423944
106011,26297.208948717947
97032,6668.83215149794
88646,10559.771505141098
82014,26402.32166908485
88034,14107.13141981761
90561,15178.565191396212
107888,13204.516284865462
106249,12709.795458477338
94608,22637.502554945055
78134,17832.545
92898,35971.015
97031,9594.973117129462
85220,14660.298820243308
104973,19625.896271067417
104081,9889.765938045259
89865,6141.20525974026
91706,9306.163
86089,15594.622382581376
98736,15445.523360575935
83238,10048.226099871663
104237,30582.5194419493
106990,9160.02194164186
93432,27728.9
85280,16705.40112193214
79909,15750.763279364874
87698,14086.607418215934
106059,22127.476980339106
91016,17411.32218248663
80180,20498.809286175714
90006,11837.321890365707
78122,22889.427553418802
99672,7769.7313784964235
102297,10436.59
76047,11211.146648201486
106296,14855.594885407405
79989,32423.14482380969
100843,7273.8428621838575
89014,19441.51641609638
90568,20858.741440476188
79905,19108.427284798534
90643,16411.69
100729,9777.964034113647
97084,10943.35
100984,12654.45598122277
91475,22692.58929799537
105531,15358.741989458455
78482,11796.425165441176
83254,17194.030213025235
85217,10180.025
102974,12321.374355318338
80040,23766.173125
96077,14060.711559521818
89073,9308.842771752374
79118,22345.3313250998
107565,10711.727960507635
93486,18776.0775
84670,18743.02956165615
81104,16457.488333333335
97867,17642.636785566778
92897,13950.893213742153
96592,15748.425614825119
97864,13608.052738492695
83369,8694.465344967532
100471,13156.946267991103
87533,10812.499268056283
93111,18503.52648955869
99979,12662.052977053156
103340,15498.779851626017
104434,19763.960712391778
78515,19950.76842301926
82046,48187.4821780303
100572,12148.393124844144
96382,13803.689452425915
97575,9989.454749999999
76210,24399.018674179675
96628,13611.978664529915
98232,9849.840098162073
92457,27616.406666666666
103665,13623.33898083596
107838,16405.249038025966
81165,19163.454245787118
97719,26125.66
80739,17734.890771100727
77593,13065.945638440862
84766,12890.145150883838
97274,12117.312813723118
77281,9256.144578858642
90347,5914.134236111111
77555,17988.334267857143
103246,10621.12458166178
78404,22486.420971619948
107745,23167.6246875
77017,13418.321839173157
107995,16507.46611111111
80982,24330.442786907894
93844,55287.185
83606,14671.590705936467
86904,12328.267916666668
102616,12618.470163584196
81768,31584.099512497094
81464,15537.02794278083
103309,8988.152365170628
92975,25729.080695829267
96156,14617.876316558439
87770,11196.171201706366
99632,18409.167359969742
89924,7474.006951769214
77573,21667.585321059563
102968,14777.7743997669
77822,19411.920833333334
77725,9287.671740384616
100787,8972.686820440804
78013,34716.43
94440,23116.22611111111
83938,28649.296687669488
81204,20283.131970238093
76519,35661.222954545454
82172,31278.889920897887
103592,5937.1755833333345
102003,7174.003871031745
104259,17651.355107142856
81120,18164.639375318584
106207,10507.657618618787
86710,8402.262355702404
94024,54391.4301597224
88164,11479.918087118678
86667,13141.11234387926
98371,13814.141547619049
102344,17919.18472050645
83142,15622.995
92532,25859.025
98345,7951.54751396271
94565,16233.004583398679
106223,12074.049944702305
104831,28747.781919345573
96144,7799.062336438018
106634,12875.2782
90623,11241.935
91275,25682.03833333333
91547,15703.017222222223
86390,10544.328773794861
101986,7311.533
102994,7131.033535123268
85291,11313.760984456472
97430,13283.831496706645
106209,17582.476396454338
94798,78770.56
104565,7662.280767857143
93679,15999.4075
93960,31641.90704882752
90063,6531.31313888889
80038,33354.65173808506
106513,10377.223333333333
77267,24453.164486809357
91539,28784.491611406807
77973,38880.11
95999,11147.93826923077
78036,22705.58311770926
106191,11536.90182545894
77480,10773.778313312172
82656,9032.701246221384
93916,16293.212005324265
95975,17648.448524704327
81550,14357.466686651467
103221,12222.458467033568
84062,11170.5529655316
81584,14971.80333311786
99564,14666.559451659454
100276,10985.919396206094
81308,16457.41796598308
85519,12586.687733333332
80114,18149.696085858588
83911,14690.939705410772
101879,10577.752412216569
106626,10543.569307589905
89009,11588.925337047101
81989,26035.545
88197,10790.497593749998
93592,26744.58693121693
103290,12397.63315648623
96988,8209.859942005223
106777,21902.267607894537
88922,26316.6835
78224,16228.994166666667
79643,43537.15729166667
100066,10397.48
99132,7479.539966269841
100610,7347.809
89409,13350.69787599895
105675,20504.80136363636
93304,25840.395
87662,10244.602883196574
99433,7678.281621137885
100011,11568.811145298325
95327,27422.77531214024
90169,14448.857028617878
103978,11121.72860359794
95238,25706.906203703704
96242,12609.700193903318
107917,12116.451666666668
92639,20388.099880261187
88936,18864.68833333333
102923,12937.047474358973
87883,14341.66876189523
82670,17279.993680773754
104229,27679.95579204052
82031,20051.051142781213
94197,27609.39284009375
93921,21609.359375
96030,31386.514196948752
106335,5970.604521554125
80671,14853.7702
86723,27036.85717417018
79293,30352.660189792565
97549,17841.59
91837,18389.316315789474
86437,18315.028471569334
107577,23289.203090356346
88419,10378.824728929436
80746,45900.70247880947
82548,18122.374630335402
102711,10305.841130276565
80682,21607.280505888557
93204,34161.90331140351
99582,17756.147655553374
93195,33351.740466617935
89626,24799.5725
84713,3385.713333333333
103182,15042.901343536922
96954,24803.23573024198
81758,24719.72
91938,17532.93991387343
92961,14011.49332240105
89533,19710.907804112554
86243,13634.723103596361
104482,17997.19
83198,10633.465658918009
78284,12487.952450669689
101133,14678.592845363448
94339,25181.006333333335
88631,9373.051574115754
84364,14747.742461941432
104341,16187.82028750041
84650,8954.727390677883
91140,26782.469583333335
88889,13274.531976549268
98085,9870.189034205698
78796,12116.975
80524,25323.737689516125
81309,7597.624694805194
87410,12912.188329916771
96810,1946.305
89982,17039.99904856357
87326,10498.840500752269
79722,15154.127659012753
86367,10968.166280995412
105368,23518.228805243583
92505,29347.35
103000,12904.25180105782
85052,11995.017135841354
76497,48274.814345108876
105312,19654.92652053339
89705,13919.875357905985
104999,24937.80833333333
107876,27437.638268853352
76095,20608.307400679747
96723,21226.427010743515
91593,28966.027633723093
85772,20981.58
107199,9583.918893939393
78256,50255.30365516713
78275,30241.752512964256
87582,23003.30666666667
104231,12143.395821428572
90265,9290.3775
81793,16741.94857507363
90526,14913.266795251335
99086,8783.827411258872
92743,18679.9
95412,11626.081704545453
91146,27323.048703703702
95923,20483.638
76021,19379.74875
92858,14200.791640567017
90984,35930.46386363637
79158,17085.895416666666
90318,14513.966467113532
91747,21367.0
96641,9394.871134584351
76202,14850.546623501688
101040,12961.822950980393
78797,28677.471529810868
84745,16558.453496527778
76942,12114.37648148148
78980,28502.005833333336
96662,15497.125959422923
107813,28074.143547698695
93431,24487.345681818184
86915,13243.012402987193
105102,29868.70039399466
104447,19957.77714833355
83183,13558.939172713715
78917,14643.915
99336,7280.13110117057
86883,12303.533799414547
104155,14153.826809841392
89989,16078.03144935483
80406,26289.475
103151,12577.453330101838
101077,12927.373685522212
80134,21076.098559126254
79090,27878.844227171674
93482,58376.95
87205,16717.333856124267
81295,43160.97645349847
89726,9214.82168062535
107842,8908.784333333333
100351,10182.70468127728
78392,18141.565
106503,13491.74695687586
103982,8649.605315177578
89276,7967.853717948718
83143,11536.102410714284
106521,22969.80828031528
100841,8606.14259571256
76990,7751.590458333334
108466,18298.092473820663
94285,21270.22669030646
76323,20215.540339218926
90868,21165.035
100631,12744.14927104201
76196,7246.893636363637
98387,17750.382272727275
107494,9345.941925798545
107439,13434.962666666666
101458,18740.398552052455
78473,15040.160177369045
107016,14807.058032030804
102109,10282.552371528409
76537,11473.49
106523,16090.604150279543
86340,11336.480069951056
102486,15940.093125
98993,20634.60102107614
79358,9940.523198103152
79906,9791.631428571429
83932,7504.383402265903
95064,6828.815
108339,19004.22440569059
90489,13975.817855488724
107984,21669.035
108096,25450.52894610769
98313,7407.5911730295875
79508,16371.429816756005
94289,25183.451832794286
104393,15442.42914365879
108220,10084.759455499378
104795,14573.783328749496
93178,19493.62678095279
106079,41082.63577731093
89584,7446.888318305286
102435,7252.780952380952
91967,46322.32483974359
107618,19839.42212574556
86862,8134.066428571428
87991,10703.058480618714
83618,18625.868965603993
90089,12533.24716147481
90681,14881.920287917728
85562,12156.7812716008
102934,9865.218468427387
78806,27542.44834654287
104615,24552.482888565897
101221,8441.86
107067,29610.49873398608
101807,15238.500610255816
85952,16311.685623101972
99387,35781.03
106135,10836.653146167559
90522,13521.30152190938
80068,29149.488855087693
95046,36014.56
93546,27161.073500000002
97202,24877.767383973598
97567,8254.622417124541
79963,22212.21284040172
84033,17231.543058306277
86538,14768.524321428573
104104,31172.62227335877
98033,6008.884434097153
91989,27458.2775
102114,18176.95515916312
102507,7969.1540093394715
104663,14293.867925970231
90772,7261.92875
102250,7610.107960972016
78758,14472.79
101421,10502.9955
86744,11814.577396088902
98916,8404.221944793815
86659,19505.257714539002
79853,29627.1143109319
102463,8538.990038264812
103827,11694.51878249991
106662,21471.112141858117
97291,9666.673499999999
108516,10855.385997785677
101211,10395.318361156613
94947,21636.85
87948,14046.39247408946
83719,20067.755453928006
105186,10799.177209428644
97592,20190.771408450702
79918,38484.39619047619
78137,10590.972007908393
78859,8552.17
86082,10712.336226371099
96316,11747.724999382917
80327,8693.875
81639,9461.537727272727
76145,26024.777103461754
76612,27802.112612120454
99606,18588.045692307693
101120,7927.833667611125
98540,6476.390919344792
99667,6578.136753623187
81038,26479.648297200863
77521,17265.26330162297
83408,7460.762029040404
86905,10313.228860251013
85997,8431.364032095049
77009,18363.73887723698
103958,10227.887548387098
90392,7983.638164712153
94800,12251.600059523811
84391,5829.507415050985
94843,22483.80271825397
85555,16244.22611111111
101453,7933.278862216605
86686,9499.903559164799
101665,9045.79375
101044,5489.6575
84230,8449.4513267432
88440,15103.07946585213
103253,7911.676956521739
102847,12099.572884164565
94381,44699.68214285714
94229,26323.70666666667
76327,34907.66363534651
97717,22325.400105242872
101291,11966.680822561046
81877,15622.221174681361
88927,6273.136616266437
77137,29536.687230084175
105325,7888.51255952381
79368,65284.16
90769,16086.75681802525
101376,14572.102455185122
88733,11632.35314705865
104519,20520.07077383624
79100,11455.132330164528
85667,10115.399327710333
91111,31217.62942018824
84474,17305.053141941054
102166,7245.8275
96711,17636.19689473684
103102,8325.434336554108
102519,3311.42
92508,17632.993333333332
79560,26770.86913329406
79530,17310.83
103272,7472.67125
86935,9294.471609906712
88977,18159.471895833336
92681,13449.552213917286
91978,14312.001056941968
81144,23374.964498936733
98005,13113.575446700645
82716,11400.36113487015
83371,7905.451827134987
95566,19680.68931459008
87240,10879.296748666477
105593,17207.233542798873
85457,11219.912685020172
89803,11602.29
107934,6552.816835180624
94736,44634.03206521739
92865,17445.412297744115
89863,13579.479504567653
101109,10903.853987008375
100755,7933.8024113691245
99015,20823.84099117089
98439,9424.672872958108
84150,9760.776042951456
87593,14764.842149306576
83830,9199.423017106741
96778,12878.647628976709
93458,38248.98366666667
103141,9445.990626614986
78576,20501.132916501254
84582,8399.44467063492
84034,11441.05249434974
79223,28090.892119047618
88574,16332.377505252101
95914,19145.599636179526
91830,24001.024628851545
76682,21463.25468185877
76091,21720.746312449846
86187,3979.065
80571,21367.9257020202
78015,20424.976126766025
83392,14386.330885124025
82103,13720.675
93859,21400.295
76290,7258.00080343298
86539,5201.49619047619
81288,18334.95799240884
103599,9271.371895342738
90430,9302.469587551555
89392,14694.097822972533
98963,2077.33
88846,12745.353740701326
90966,43713.435
97360,8534.63
82496,9952.603459530324
96630,18422.643925111246
81712,16952.486880922108
105871,14966.871001101754
90926,15241.537423353748
81443,17223.25
98173,15714.320438888515
90309,5713.488768939394
92444,19875.44380566369
80136,20622.599464285715
95739,16378.977345428986
89153,20545.091429716518
76376,13968.189494790186
80884,15133.742074219641
87395,17350.054238324057
85338,3413.72
103345,10389.84037984612
82351,11865.463092463091
94598,40385.82
103500,10745.617543285423
90717,7194.198589048799
79512,16066.697969902065
82283,20656.004718253967
85192,5265.405
81490,15504.699952257395
94793,24292.72624973672
97046,17735.350736380686
78567,31387.065
106928,11956.636874764852
102478,7994.445990850327
99213,8339.103168421054
101949,6383.3375
102151,6835.035542212518
82627,10934.400601508423
90239,7147.24535407066
91840,24938.36655754228
93782,42680.007932330824
97384,12447.534985357073
108322,16656.09269230769
97638,7686.094261904762
101508,18272.540833333333
77475,28251.043333333335
106194,42451.23625578369
76651,18237.21381818182
104133,24199.413120070676
99030,8568.273593682128
81824,17421.269231586175
83167,21253.707256944446
92274,24448.74091997552
86068,10278.70298962833
78912,17240.200040514625
88363,13395.19
97410,11024.677828677157
77823,20460.425762874227
98879,12364.748360974598
77043,11677.499426340595
93902,17678.67400581335
82757,11117.788880738597
90417,18401.8075
86645,17567.727182017545
105708,29195.58291058162
79365,18810.231686983312
93456,23647.295
104676,15410.49040028354
92775,20563.76429096639
103789,10371.946191389128
98176,5481.985
101278,8709.80986111111
86112,16635.2275141514
90579,20324.800406504062
102615,6601.744040404042
97093,25435.52341674992
84373,8923.480291666667
97755,12295.871388946543
100097,10162.295
80866,19859.385
84693,14237.375858491012
103077,5124.315
93079,74256.1
97533,27345.414702828704
94217,13416.215944444444
106019,25424.27147943303
107836,14924.037196392952
84471,12731.586750778295
94600,23995.91641255993
94349,16803.84114448052
95132,25907.98083333333
104772,28101.4473955187
92560,17278.387333333332
101638,8290.0425
100523,6250.13988425926
82090,10131.44125
95816,18643.906078529657
88689,11602.672409420291
82540,7642.973291620659
81643,15084.905444777638
104880,15376.523335397374
84922,20718.365
97849,8660.46628008858
107366,11636.888743115436
89303,17612.160764205935
76547,47333.96265778306
105055,21645.687035324936
104312,9189.75406052592
106500,30843.69
91096,14257.03894455576
92671,19173.918559841684
95982,19062.124096638654
105012,10093.332065852625
108232,28685.33906828015
84668,9707.391108700042
104903,14936.691170074098
86487,9962.653292965333
102860,5383.125
93205,11680.8
78221,18728.060531041134
91931,28751.766162833337
81589,16571.481333333333
106873,17336.475813235484
89482,13586.126751444417
98459,10978.744129273506
97660,9148.534864286135
96409,13156.896411012835
101480,5035.435239837398
105862,1996.23
90363,11628.903402020202
96433,11015.387044119398
76970,20717.418091617936
96689,25896.879280542988
88899,11850.159170424724
87559,9288.15383718276
92908,27780.173703703702
105211,9809.725833333334
96729,8940.112712683836
95854,20985.305831641657
93767,15034.859915768702
90545,13496.41470352403
84005,9172.448773809525
77380,22878.605513013437
105877,10111.993594016374
104706,17950.325833333332
89994,8492.120458716054
90227,14328.794752845408
89814,15743.233659030646
102539,6382.194523809524
87753,14098.016118443316
102038,11587.329476190476
76666,17695.779264526507
86698,4891.841893939394
97368,9575.475089218204
79416,20933.142030146355
85147,18488.883447979802
80148,20712.001451886543
96579,12948.854530532686
89817,9677.643199158849
86431,10154.590798976755
103566,4123.75
89355,9864.433508879678
97349,6549.645427350428
92618,21835.296743655246
98595,13268.5
87502,12846.922119986168
107954,11612.996469246033
81470,40032.791
79848,26677.031547619048
96373,11054.68696257359
79599,26201.695629904698
101454,10157.352266925456
92802,21837.9
82725,8776.370271844891
81084,34017.42102537908
90130,14304.587629087608
91985,14339.818333333335
79528,17935.486782352942
86359,12950.442677053168
95724,22911.53026136763
102527,8586.778762866841
87032,23786.1647153055
78499,11675.036648201487
107980,29881.260033350532
91005,75849.23
100196,19656.20775584022
102797,6748.715513403265
77141,18762.802174842753
92109,47516.38088615188
96501,19515.602653002636
83865,11029.74209263918
79122,31337.51979165643
87979,17238.95901840338
93237,32975.26060606061
99104,13129.265
95095,18498.39
89412,10164.8099799807
77440,13033.253751388142
84127,6986.395
103842,14439.878294538044
89806,7057.312137605043
98894,7749.948644764958
88126,13687.222666666667
92809,17712.675
106076,13950.852762215996
80110,25184.625446787824
95396,17591.287079822378
103003,12756.084758680558
80123,25135.975
82441,11718.09740496393
89990,19188.683896825398
92936,20436.009752721482
82544,9388.729362147807
91339,82797.64
103929,9797.131754385966
102389,12876.172271793403
91128,25185.421849358976
89752,7869.34855891207
76840,6482.59
96514,10899.48525
98706,18208.59699055171
107602,10189.82821212121
103844,10159.81
76375,20726.265427846323
80401,14445.41302009257
79030,20081.69520833333
105766,12032.436483271531
83033,20089.67325014116
92521,13305.425
90836,9336.45
99168,9350.650268398269
86363,12082.692878966758
87320,14284.917222222222
88185,8998.791237187554
79290,20367.51126290376
88091,7048.438777086531
83838,6428.869460486272
88099,7182.947111111111
82824,10385.148510287288
94204,10238.786885614385
107723,11306.769537164379
93691,22696.893966665677
99317,21503.13261845636
107105,15294.662657019573
106351,20345.57629383147
82970,15578.27180393551
107261,6203.088306391525
76679,31967.99837962039
79464,16132.662808237861
91312,26529.466095933552
80546,28588.229986057762
89220,9759.271455282977
91796,28442.96125
106360,30095.01
83027,17495.15628229271
81553,16470.97415916071
79124,15416.547542883156
82590,9296.437848260412
107515,17624.48255064561
87964,5802.4799650072155
79995,16125.98527471618
101022,10174.55125
78580,28061.774627430725
97644,6804.3207656402665
87603,18676.305015959915
85091,19485.858333333334
85155,15805.488867343729
78402,10606.438083838382
92603,29694.097090594525
79788,19418.68
107769,21300.198706931275
105117,11492.552813568376
94619,43516.96
76808,20059.565
89229,17531.167927846593
102592,17151.93704324858
84597,7677.461796018628
77146,30263.154747776756
98794,8416.328109791926
100453,7623.929018849369
84075,13182.680997990123
92090,28835.360728408155
97646,15961.553311966662
84071,10811.36505931569
80924,28882.7688759699
91167,28003.343703703704
92607,17970.126635681736
99654,13583.370266542453
108195,7538.26875
95150,30229.938947374223
99921,4056.965
83768,22146.74
106095,11680.609166114466
79380,29260.609495284552
106671,40094.736666666664
91757,38288.525
84936,17686.517543033817
77970,22413.72697592967
103327,10604.972269144144
102169,9594.696682713102
103207,12374.148356961543
81602,9001.179366035281
79975,35452.98629761905
102385,16519.988999999998
80726,25823.551457830028
106953,16280.181033433068
92929,21673.101021301398
96553,17309.443242707344
79654,10763.319285714286
95376,21732.9
96667,17197.20568886411
83421,10425.780861409683
107579,18083.56474498296
89108,19166.961666666666
79958,27266.774660231666
101980,9169.733978902597
85178,10834.48381511931
100898,10554.18
94926,11785.643095238094
104484,12908.539345396102
80250,35488.33200097684
79639,51814.3613863031
84385,9654.799998461947
98249,16047.222534494342
94803,50042.39570944091
99178,10410.745130042582
99706,22286.58753118048
82493,10439.8924001819
105868,17673.88898986168
98807,9443.178642857143
95529,47960.94
93580,25766.26049206348
91437,36082.522873371876
87804,6397.878825043378
92901,19453.01042680713
77177,37192.87873951317
78856,16811.804566763134
84586,2422.47
85230,9102.763
83215,12518.87532369054
78610,19415.32
100081,8028.118636363636
105716,13850.168965635785
95022,14491.206378220115
94225,9007.83
106371,9360.567916666667
76850,26459.36
108514,22568.185649802428
80352,46499.07523809524
87930,18657.431376212488
103564,12724.280003644537
79881,46435.00929346031
86736,13109.467396809343
83661,18936.904553820415
98853,25010.400545634915
107158,22805.984455128204
96809,12188.351626984128
84048,16094.710037855753
90608,12411.92111111111
89134,15981.337755797324
99321,9761.708798701298
82452,25527.729656619766
80684,28034.537461521937
99699,10897.163244251804
88449,8958.64966708157
76962,20279.48412968183
105626,16914.199093236417
78655,29879.71214835013
97115,6051.697824581614
94865,14994.28485792072
85675,16983.723676061985
96671,12213.172857142858
93365,22881.305
105188,16742.949663563344
97713,13809.266687020454
98996,9236.645
98329,6034.730831281451
96091,10632.552435897434
101010,10753.349047619049
87169,17875.88012943892
83760,12653.750331461582
98511,16917.96138888889
94233,51507.61430564329
92072,14621.345
79796,19488.056968137254
97619,31348.131080148407
84419,10409.926974605269
101015,13186.272943362195
81132,16318.005002109003
105597,10001.652483042535
99139,12841.085416666667
93116,18452.15673232502
97838,13762.065
76627,19489.588491142615
81785,15962.774823075324
97645,12801.752747747749
78865,20453.870419695606
92152,32486.9225
106432,26762.845598540505
81609,25667.839472373285
85585,19458.372424242425
79017,11661.906922799426
105666,9694.858783832467
97664,25637.04117451691
84418,14795.15837152536
102163,9060.242182007922
99675,6262.1593350938965
82132,28050.724496861265
89488,10984.998378880577
95516,14427.373180555556
88542,8334.308917997456
81995,17180.704494949496
81065,16468.375784313725
89542,7863.420716411933
87184,24065.925
87194,19043.01358464737
101981,8262.523625
105620,9270.944597347749
99094,24814.36993997128
101950,12264.243314029325
93488,33149.36785714286
79632,21810.74651663071
79299,16613.67541666667
85438,11345.811866066766
91006,56353.33625
78636,9656.6775
98590,12826.372208275625
97735,14032.644704285703
103694,15616.803236713933
97890,12644.268035714287
87646,5945.039425711835
107953,32300.8525
103882,7888.526023259172
77900,21616.30598879251
101991,12799.101473749273
90105,6224.100901515152
106516,14596.691252379887
108415,9274.08537196502
78853,11690.375
98196,10073.295
95738,30986.71
89535,22360.32345474539
85467,11722.76222099039
100920,7333.15
97314,9887.47031749914
103461,12793.979773278506
104907,11204.08676160619
92168,20043.335186499873
98077,11116.646742781992
80593,54747.08333333334
76915,12183.049750712249
106919,26831.762561687334
95592,32420.9475
105772,8772.255118869436
95614,13575.869975160553
92550,11569.515
92495,29157.43333447445
84341,12199.528563537617
84600,20762.773406512715
92665,16494.005215986344
93922,14634.048828328974
88129,9288.74248611111
82700,12624.095216775948
94492,15316.345
100974,12616.538621794873
106554,11310.313656862745
107785,19631.00619078913
107443,10542.583966478142
105470,8506.647693441999
99750,17740.174615059408
94633,21055.82956313653
99429,7278.200517494031
88790,16025.453837168194
104180,30966.62
104589,30832.402772979465
106704,22317.982386237938
78596,17687.215
102083,7020.949392156863
84507,19755.241363636364
94274,25101.399134615385
92588,13821.24
84344,11581.366209697368
99818,33051.09766224001
76710,25984.227798448082
107923,13233.049403174606
100470,5777.83
102211,17594.556958841385
90030,5579.556942154463
90852,15854.033075407502
90222,10684.421747373965
105952,12301.420312852106
100876,14089.807982142871
98062,12484.266458333335
100478,16920.350181543534
85486,9354.841501707197
98292,7423.023003628506
86160,11526.352665497905
82468,21682.816025641026
76728,14821.233265873017
97277,20145.04642857143
107553,15535.853672480618
100325,9400.742158659757
91775,35280.71
104326,26096.01474659922
102909,11006.594643504079
82173,28836.67512761434
96281,9583.105714285715
92426,20837.445
97724,9480.69232936508
84057,5938.075
91020,12758.87827586207
100095,16134.433523248681
81655,18588.722847222223
107220,9628.98536289825
91626,30679.561405696542
108469,20172.873276656315
94037,32396.473755822983
83530,5946.074030388472
84542,11458.398958909376
85634,11336.96198115703
91707,48130.3626408246
81934,10640.035861265722
94960,9387.422225378788
105778,21255.15251650498
83841,8590.949817356393
77242,31739.257368000737
104694,9189.67200620502
89706,23000.070005542828
88670,12600.731962677266
102492,6459.8525
82971,13025.785982900188
87256,9473.98
84642,17447.552578915016
107437,25864.407872319982
94640,14970.766096182431
96089,12470.745396825396
85018,28160.8925
106576,22613.643573693742
104158,9960.514812982256
98002,9534.995733676047
108045,29173.962565659556
105890,9997.771133399605
103298,8058.525
98977,31717.559919116688
100431,15916.618212961366
81100,15216.286044318114
85300,19676.448159758165
77518,18532.242908419616
76712,15608.519722763347
87545,9345.47170334843
86848,16032.391478876052
77647,26404.40939527549
92094,24657.08
78540,7989.213333333332
82957,18082.525833333333
82768,8233.758746631145
95875,14841.96757925605
80705,25447.96329023034
76746,39559.41
93222,19866.76
84494,11051.53342166864
97557,11213.251666666665
104969,20122.511368647694
92998,12498.35212898213
75991,16926.290204554225
78217,19008.66745689708
79176,41329.4385992674
83261,9578.772970539812
81177,31973.325
89681,10221.775
96968,13946.100562621034
82896,9395.506943311108
108357,16634.123366761065
103421,11259.626885003885
87971,12272.045
87170,24322.40063899064
89941,23818.651681705822
104046,23104.12750005227
88894,12601.95803903751
82638,10864.409915886488
79213,16321.128993531522
92902,22040.555
79282,15726.626363636362
86331,12144.612429639448
76336,30640.79804947478
96080,10655.343174603177
86990,18540.091388708515
87762,6264.551326768876
80699,22044.783197674416
84711,9512.76380507487
95297,25290.465
92828,16868.271193336943
77614,20900.295315179093
106565,12140.24491257183
96874,6835.600713569251
77145,15735.116055962826
80473,22933.31625
89438,16614.399758188432
98442,21784.33262987013
106213,19999.835
101442,12680.459309678588
79337,25022.75644230769
106021,35922.15673809524
88638,7541.388788977784
77383,10690.350154545456
88452,20491.376816970165
104464,12834.171819030707
82639,11048.558895501601
87305,11326.590232335322
93172,27694.138703703702
98857,29136.1579020736
90873,20758.918442828588
99679,7786.171899714722
78104,17034.934564292824
77770,17098.67
91351,10179.94
83700,11982.046328227134
80548,27134.409533333335
81163,18053.85722222222
84140,20773.080553221287
95479,20976.01618650794
91705,25917.425
97722,17397.936382115076
88383,10549.371278800945
96632,9697.065501411846
76496,12625.911185525532
79062,30385.304308326173
103519,7226.450777740895
87592,8309.229278773255
97668,19470.721454545455
77969,8461.07
97610,29448.901359952084
93889,21028.238694595417
87792,7893.672736042694
95078,20177.95644877687
87575,16353.16206801411
78804,12522.186494200243
84242,12016.402082815026
83462,10677.572330347532
102260,10878.757104757568
102635,17323.6540618797
104460,16702.930805555552
100463,10240.650086633339
77272,20019.75412033484
82246,15111.040105388847
81472,10868.745358405127
82420,14811.82618125309
91586,25891.82936111111
91099,20748.884125
103536,11367.39484068282
105169,13366.121382693376
93837,24008.798
93958,18069.6413936868
86124,8473.5675
97448,9176.57368128312
83040,7729.776355391031
104713,19169.138658860014
101549,10933.481705804537
96018,10110.742485074628
91089,30535.49
105130,13687.54791833231
84720,13750.918255095597
97182,12293.878492433918
81653,2805.87
87522,11054.906211505633
92754,14802.136490123936
77510,7679.053888888889
94863,17909.761993643027
108414,12127.204278695375
102393,10403.576216667585
81528,19933.806793527874
78983,30209.58588376658
98051,15966.371946676592
93080,20038.0875
92657,16587.461491323626
108070,16591.64660848218
96990,22148.767822734382
83301,16280.923247160243
88459,14991.711306916284
80158,24320.42708681427
106913,28463.47259081026
91119,15584.791577164573
85522,8894.055190077184
87469,9399.964710144928
89620,16454.003930947223
106903,5368.025409090909
104183,13337.816499999999
107015,17823.06294117647
89120,10869.47333816281
80555,28491.423148022015
107037,41344.017443977595
83340,16608.395956792214
86654,12339.599702380952
76116,18597.383564549942
108208,11195.129617631224
99790,12096.94
100950,7834.584967672805
105495,15498.594188790907
85317,13129.356498477726
90114,22186.372385059378
99322,21438.466645833338
77185,22593.814669015796
99412,12093.137139374518
100021,5079.897739837398
106020,12330.53020747145
85234,17375.05090598291
90059,28079.70430337651
106902,10508.999594194172
106871,16864.769911616164
97784,20151.962
96140,25343.966082709143
103840,11621.196072217717
99573,9288.909042127145
81967,17434.035561055116
96124,8399.858626373625
80245,27060.436668562936
90896,32475.77153846154
100257,6391.143771621897
76759,26162.97126847113
87022,13669.389414414414
90758,15460.535328935257
94073,20150.646525916516
104837,13227.892691438932
103025,9516.77
91765,25859.73818598437
88352,15006.44374210962
83826,15430.440947439924
106648,17629.71733608919
102967,14069.785967171718
88989,9609.956024826244
90846,15670.552949219586
90232,11813.33000876127
95262,19971.864535740675
80599,8385.975719732973
93353,20386.138
100230,10331.796999999999
104516,12731.467828377614
76127,16198.5375
99603,9731.961547619047
87441,3329.45
98607,6633.594151515152
101385,12207.278504171376
84028,13328.7800615449
99900,11245.13979289798
97880,31472.495272707612
103005,9970.8713994187
99862,6671.8375
84899,7478.66051440214
76129,33222.420360417695
107674,34294.9215
79058,23050.65914452858
103161,13821.604500481668
77525,21903.77928550174
89366,15084.36374411876
76529,20687.056471237134
78121,51195.32519871795
87960,8296.267127488218
76468,9673.915
104029,17492.093827431312
78294,35242.46831168831
93269,48070.04529963322
76124,16974.541666666668
107551,19344.360501068986
103953,12207.347789502164
103212,9723.71
77337,24436.546234126985
94095,23137.63
95358,21745.67672848208
94772,25662.18
99318,10784.617068515054
96569,19070.41495107123
91669,19033.716683404833
95240,20621.054375
79693,23096.56
83100,12104.777812807471
85506,19487.5075
93245,20060.190833333334
81444,15184.250348993612
95558,20863.964063782816
105709,16853.263975765254
80796,21862.178803247836
97061,2286.46
91452,21457.535
88626,15639.74191211995
92700,37949.083333333336
80109,17549.384116436424
103649,12347.360552990278
95545,16853.469289377288
96879,19614.034455128203
94580,10800.592113636365
88361,13526.81894892145
78094,20851.67979166667
82831,17794.492641758854
76965,39322.96
89246,22124.108704311457
91844,21027.64
92122,18836.582333333336
98944,11582.636845238094
101088,8564.51986904635
107119,9828.000163479126
91603,27191.60240740741
83339,14231.87517857143
105408,18869.47293825156
97091,10662.196916067502
93822,16936.808484848483
96950,12196.58793652683
106461,12346.217050708756
79538,31638.026853313324
81813,25169.66446078432
92640,29502.981739716717
107376,23244.635802179597
88834,13140.78368171811
98532,12702.7890800634
94957,19965.520316513925
84884,13216.113443707152
80124,26434.93222222222
92048,31178.18690853265
90244,7365.408204314537
90103,6031.27619047619
108009,4997.25
96435,7578.763483125538
89475,14284.978734728957
86286,8943.101480044346
100193,8831.267904476168
99733,9277.152778361344
100561,13430.210093872258
98626,8552.832055555557
89177,9791.6620625
80294,12415.032881918532
79134,28449.967378218258
78603,26706.118330774618
108528,15960.363739149738
79147,20741.68822304702
78538,6907.635
105042,20028.92236049942
93560,19273.24626336307
107122,12157.006837543591
107336,11564.794451309177
105831,17365.00893650721
92973,21896.292720315927
79087,14050.910479525863
86806,17058.52564760661
98787,11224.8125
99838,11999.99986091954
105442,18674.675672315516
101659,9114.455029964605
95085,25592.465
89893,9306.612932923335
100412,11403.95579675626
78433,9573.19
90887,15304.293595859708
87783,11408.985551341253
105572,11540.613622301893
84065,18593.487493210003
93714,25153.59394230769
96148,11341.30500984226
83771,9252.342616554904
84970,6111.665
88859,3467.585
104620,33281.18
83749,6900.057100220363
90174,8221.617851610068
93947,26650.139166666664
91462,25988.178333333333
108075,8486.851983032822
79113,25794.186266705627
88445,13867.420822048176
81311,34490.872442462525
100633,9815.375
92904,23550.384714260403
83091,7727.043914682539
104657,17120.3635120745
82910,22040.561818181817
92383,19230.464628137535
93424,7826.64
79891,30902.204763106954
98961,9159.963346608583
81502,30469.725
99035,11861.12052857143
81371,14186.22
87333,10990.511369488624
90353,5075.84692032967
93258,26172.311236111113
102053,6885.03
86713,8301.465446978573
97203,12854.71405285415
92794,20377.02
84293,15068.621682646673
91672,16095.338714285714
87085,9535.214327733673
99300,34603.183333333334
81242,16590.255600674864
77834,45654.69911895091
86864,15587.707182427139
108332,16188.539138716298
93461,21476.268609313913
85198,41512.1
75974,21815.466743218258
78679,24102.327726192852
97060,14253.749638674122
89300,19991.864166666666
97682,22152.10766171393
86664,6522.687908524905
85169,31964.823706592415
82930,21743.57
104583,19811.14
107212,22692.939605040792
78128,18702.035836224015
101395,14387.828173767752
79984,16205.88553040526
106844,13780.2639114175
76507,15473.09415018315
87935,14992.8806158669
81796,15555.443333333335
92942,18849.442687506275
87848,11441.365625966742
88325,14687.199075190943
91296,14159.993479262674
103415,10993.33
99038,22025.157972222223
101080,7072.2357083333345
102789,11394.99642408086
84656,10175.811967814521
85716,15861.773111051874
90233,7990.861068466194
91097,24953.16458333333
104466,12534.520691703563
85061,12544.748369047618
92535,22817.67694805195
82437,14413.065306658214
104845,10957.29454697948
99353,14074.023058156465
94273,47153.371391575856
84080,16507.19373581747
90877,14701.33967344898
77883,11612.405364364551
106394,20524.876083333333
103042,15020.815833333332
105388,15933.183199186991
93490,15765.79595701602
102852,14775.612632817005
101859,7096.695
108113,17852.85003310177
77290,33883.95636338296
80341,23103.978857624228
84286,7171.167774319474
96187,22592.58202577547
100716,8679.648411751714
99682,6937.213762820513
89827,10675.410182772792
82053,11489.072121952087
101135,10248.6
78574,28147.34
82541,17192.189800079752
94530,33199.95397521874
107277,18150.71242366947
88719,8068.382194748298
95962,28579.215
89249,11119.033158553939
98786,1781.535
83968,4484.885
85115,10974.352916666667
79741,16053.919829264316
81050,27987.962115993552
106955,11212.651367556238
85572,13311.130423234612
80604,34133.9230952381
106115,15725.79456178372
76213,16750.587301513107
92026,48638.84147092252
91397,21677.715
105916,13251.154898459381
100938,16592.70909090909
102187,8121.411620699051
87434,11829.180729422234
99959,10999.09088886089
83438,13197.49051145726
77840,15363.900586123878
100930,16008.537666021963
94925,19147.915048021616
78494,15442.523341354832
102418,7930.437685486633
77793,3642.965
78383,23372.94273140727
84216,19774.728155067154
82610,7463.704458152959
97544,12814.951740966604
92549,34837.405
80538,45928.55729318387
90890,14269.167849574098
100299,9376.335855263158
89902,7416.959902597403
105561,19873.17503778595
82364,8345.97982470274
78091,10617.718
86023,18491.44376112244
79752,21740.307823281568
106315,10281.3109539918
80934,19668.91201680125
78782,28726.236062498203
76471,25967.245
87418,9277.074712823984
76891,28147.575
102628,5368.924861111112
89363,8992.272541012271
89237,15344.02315205384
80257,26202.68291157968
102857,5863.231693337129
76201,41490.38794642857
104887,8949.612645250407
102310,6465.545833333334
78714,59610.455935185186
89302,10101.92104641202
87676,16713.985932399988
90321,8271.515
85244,15225.926058028586
101913,8718.855
87086,15335.212335287126
81974,25830.341568442116
98075,20073.148654925844
80870,18020.60339046716
81556,35195.870647602715
94722,32142.53985119048
83840,9814.703681318682
100809,12195.699210307423
77101,15340.138105771079
102172,13896.666109988106
86373,18051.773333333334
77540,13924.833441739023
86271,14303.671202194273
77679,25840.623181818184
99807,15796.317949125096
79126,14572.46712121212
86337,14362.312195642104
87496,8535.70234250769
83272,16622.660744997018
103495,15916.618212961366
107915,26742.84238888889
82213,21288.37218840723
99461,9744.050330336764
85797,11600.05375
78898,12650.449213829304
86463,19371.15511378253
108138,18518.659499999998
88417,32204.629416091877
78694,46372.249022587064
99802,9304.35521063346
100250,15461.241138912865
83482,12300.719308411977
104457,11247.514310897435
101415,8855.318088640275
101767,16525.59318495935
108250,18695.987207619644
89772,9230.75901958042
91127,16318.502689393941
102887,10300.39
90756,9686.169700680544
107554,23344.48665575397
103731,13056.951697958237
92317,15344.20275793651
86805,11829.532249005728
91722,27520.40129032258
85026,29171.18494029809
77478,16517.946818181816
82027,20380.41125
102742,14156.840651566534
80198,17140.5302482697
94907,27554.1740253268
106738,9030.56798076923
99797,6416.035712818066
106456,7129.986961263444
82741,6267.577543702356
79172,30318.83204930008
106696,12739.079047214631
82422,8394.644918325863
83924,11918.989231665799
90599,8437.82239691152
108095,21593.51053229665
91777,19061.37851292368
95001,15815.600522617953
80408,39100.86
87330,16199.956175054498
103361,13017.322388888892
89641,11791.376977273427
90618,14488.49345351764
91679,31303.94300852044
96844,11381.176340286029
94418,20650.865
97002,16941.755017265048
79748,28935.343225662567
96355,11939.767724840387
92347,16905.62267672258
81569,14827.747502391927
106924,29202.85353495744
85270,12885.868089495138
99622,6411.252635840101
106843,8276.2725
80147,15811.07005404682
102181,8043.97
84710,7620.498984879963
85189,11654.665711937821
99281,17415.435
101130,8746.948
91554,21579.315062968042
86116,13172.980475567747
106899,18881.91
84516,16274.90577741703
105422,30798.935176648414
76956,12190.426169871795
84006,9222.6
81453,12931.540980072461
104850,16635.947335303175
90867,5760.5075
97154,14746.109909546403
102088,10344.58
96019,19071.844318928266
100300,7384.04625
86459,13000.079166666668
99304,10521.214232943501
80630,19002.111234060532
82387,28451.19191930696
91359,19131.218999999997
79123,11720.089229537272
103324,9425.1575
101086,13704.68850907571
97170,7920.152310718419
91834,10058.465
85238,7350.593666247172
81942,12862.32138888889
90971,27936.9103620781
87864,18629.566379951215
95296,50934.067142857144
91427,13464.723981684981
93697,17839.61961378654
107694,24934.25354464748
77364,19471.32215003679
102144,4934.8425
83410,9100.979928892692
101560,7232.4732601456
84775,10269.789007426334
103879,9835.34831081081
103933,9880.112270495827
76344,16031.43916632478
82119,17698.084053924274
102130,11363.983698195825
85748,7924.314072525403
93769,21172.275981286653
101775,7541.717645498646
94613,20358.077857142856
104021,27966.851428120342
98175,13234.101928571428
98477,10252.132549618656
78185,15165.228122647452
81576,22085.58
84854,5285.378611111111
98361,12890.47089761435
81390,9869.996008487127
80911,68435.08
89407,32105.257693913514
95981,24829.96
79131,11400.939638292264
96624,13215.924571470376
85131,18327.808799984898
76436,13089.624303921568
94111,16727.041959114493
101518,11802.195513643139
76588,48096.076216877475
82353,28352.325569110937
96186,10084.012616072701
92735,19173.418809384155
87271,16158.575490641266
88968,10108.827177881996
84154,9997.447328093354
93692,29019.73221135894
89484,9511.150674742566
92547,25574.70511904762
78689,13055.3325
102058,8820.032096079307
102579,14822.03
105825,9965.237867077865
96154,17220.649883227725
102183,11338.112066878246
85976,8117.083138166062
98679,7593.734693776084
89612,7263.09425974026
107988,17966.40360023665
83362,14302.012341924757
94251,19238.83914473684
97018,13280.043175216753
90329,8847.061819514238
104604,25178.102651515146
83742,9733.30074291933
99447,9009.31046459595
82194,16992.19925
108351,20492.134010318772
105314,26455.876624999997
97351,11672.110416666668
105861,14511.0420587882
83010,8637.984477401713
91447,21178.972539746017
87619,9342.53
91870,18855.831109519546
86543,13640.396161450448
91484,14559.86625
100659,13016.292030303033
104491,21788.28595396826
100779,13209.392154456656
100935,10394.463909129494
82331,13691.735022930194
105140,29603.400527541908
96349,13425.484227703308
82664,18890.18223297736
104532,9620.336666666666
91854,27268.758703703705
77003,19189.089801094407
85137,6636.051910715913
94577,32122.4475
85461,11074.107081371802
77550,13219.100277777778
99095,10284.46424230004
91832,15889.340041142765
85920,20718.264206349206
79766,17337.812307692308
103839,9775.05734433622
98167,15856.039215639503
96684,5860.725
106982,9197.436810897436
93524,30823.415
108310,15499.771040320213
106569,10367.128667166558
98088,26844.5885
78890,18088.61715187198
81559,18505.90447922059
105178,19221.59799422491
90578,8817.03
82299,21412.504296087365
103885,11128.36344179729
77488,10583.228711667623
96669,24463.830126254154
78344,29430.265
79405,22121.299476540615
94620,38566.22
96836,15782.491598726032
80212,11829.171699999999
95746,25132.48891903069
77363,29242.58065522419
76866,36219.94101289207
93847,24731.77095833333
105175,28639.159708578816
90010,9008.69286847306
104429,14009.106452441078
91160,30458.995082878344
78906,13989.398866463001
106414,25511.26833333333
86910,10343.143019675343
105882,9749.883500000002
107238,7804.759171928133
77102,18430.251456640104
76704,12493.930018939394
87083,17097.292842366536
79057,27923.761122954587
83270,9984.599333492282
80561,34868.788095238095
88469,3123.12
78768,17596.171235349728
83574,10565.262069349998
76771,30386.38157425935
98589,20167.16267540955
93091,20212.81
108358,11031.077194380983
94601,22788.305409600907
76151,15488.121933389608
87442,12154.14277961506
93531,21173.123125
89771,16592.61383901324
85803,19066.333541994856
93147,26666.85225
105196,9879.715006762992
76171,28984.26
90616,13874.74815140071
100032,15606.075569087856
92905,35213.26
95696,29027.74519939367
88913,12918.823892539602
101504,9586.788360589138
92241,14370.6
99822,7140.785883333334
87745,9669.69929441394
105827,19518.518855586193
106620,10269.783234971925
93497,29457.779943731675
89250,13444.460956486044
105581,7990.42422358034
91076,13570.9125
83506,5052.682007575758
100635,13511.875
91828,38716.385
76039,15430.455
80685,11754.851739548852
97571,25787.10343975088
87425,9907.842663220894
91662,20142.918
105161,20783.087908132216
81006,39544.728476190474
82888,16306.16114765982
78545,21275.476959883348
102922,8825.82375
96198,9993.366884615385
92979,24985.055253968254
105623,13085.090931862782
82195,13284.259861702023
76760,16263.31061323049
79305,20198.13563690476
107942,11602.575488018827
81981,42214.41661363635
100135,10180.87
84307,8686.437899247858
92628,25519.945
103304,8190.296875
89421,10223.31285741518
103645,11136.90114151995
77164,9363.075
88451,18797.651811494565
76488,18622.810057603972
92835,28773.47
80449,13616.525067424243
97408,23005.85179340825
99256,20325.447657832705
86205,9048.038245192307
101002,9684.61
93390,15999.788449567268
101654,7318.705
90595,8775.903329039938
94955,25044.225416666664
93871,25368.765173857966
82164,30396.031157568614
99373,6662.611441351308
90148,20779.648740082554
83210,15580.045629711472
81726,13219.85311815886
78041,21530.11745273784
106229,9027.4475
84209,22243.493285714285
92225,29652.015
91878,14336.6525
97878,14493.652066541854
77435,15428.115705190306
91180,21858.005
100272,8393.598333333333
94228,20489.9490910417
80549,13604.165
99566,9572.120862934364
85829,9337.48822817253
102693,9778.607561698796
83322,19716.871022374497
96980,8710.346666666666
101844,10262.67845121584
80791,77807.2075
107384,15020.52748468123
76193,16446.316769669585
88605,13220.584295360859
95910,35423.8625
101217,8306.86375
94833,16267.449417693742
80221,16829.49730769231
104479,7340.053333333333
94405,31085.59
93415,15495.366199774684
82460,16716.192987692437
83009,8001.769212356504
85429,8608.40215730323
106034,7502.401965231697
88406,10583.367993790853
81623,28655.970417569355
93605,33720.97
103670,15513.058493079534
100409,6656.80429906542
107237,17868.86101976073
101669,10430.892611111112
78854,59183.72455176195
94034,25776.189055555555
101096,6825.415
98417,8069.840736520277
76874,14552.190267857142
94954,20423.910878112045
83137,21886.465
94653,22751.095888278385
87567,16704.2128769576
78154,12994.738659489634
84461,16434.473905970393
85686,11096.765078098275
94342,15887.291193340681
101392,12526.266858608014
84192,18771.207730351183
106701,10138.038008235257
104013,20678.210714285713
82745,10105.085
103973,6591.124166666667
90409,14329.975491930456
90651,7932.810938807025
87413,18216.634924242426
102121,8783.110625
92145,26388.086944444443
107141,8024.262854778956
83230,4732.64
78553,5068.05
83939,9932.303602545604
104875,20277.081657522987
78129,33793.86875457876
80313,26265.44634643616
85535,15311.391838752821
108311,14013.651829556457
102292,18265.287130952383
89716,16400.51
77046,73430.385
97611,16232.68496525059
93038,20109.13
80503,13003.89
79132,14120.893038461541
103759,9392.7925
78960,18637.403946314953
97265,18594.68088023088
77855,20058.092325920265
97371,12841.641303960821
94297,14808.52084848485
95653,5435.225
95891,26830.136428571426
81947,12586.676805843985
79702,12807.650927886001
76463,28080.90143166883
98065,10347.9975
77154,28346.995
77348,26737.019516666667
80987,16659.25625
92207,10975.755
92983,32397.61716086649
80731,10523.359007034633
86277,20888.232361111113
103051,5602.774285714287
82013,19902.53285076598
78814,48985.820302015796
80153,38532.62
94618,22191.460832810866
80059,31677.285
105557,10097.858980680829
78860,17841.965
84849,10871.41229226836
96896,11867.560819141348
88244,7740.3844524168635
105984,14943.905292531725
82644,13476.056870191875
90970,28703.289878307092
98810,22299.822162698416
85184,18375.664148068816
93723,49113.774465818286
105049,10091.507333610833
88554,11198.198522445453
94996,14572.032529558892
107689,10189.82821212121
81575,44624.08831579522
106988,10189.82821212121
89894,26369.830555555556
81703,17213.065
90718,17367.69840222915
99561,9773.198940546581
81269,31689.213571428572
103069,6465.667077380951
88952,13338.431959402498
95295,14865.14
106589,25304.945726553477
102918,8136.874484903382
93669,31451.903124155793
86144,13452.495367616255
98336,8971.275
96891,15200.337222222222
98576,8979.015389564533
86038,15646.745955873255
87511,16365.968853364468
83642,12754.785252181722
99964,7222.765708333334
82842,15091.519556916284
101714,10494.490496475144
99439,17602.21819751553
108487,18970.106669629873
88965,15461.834956616682
86445,6278.178158325477
85916,8060.535302396174
85616,8265.068017857144
90865,17172.13674548921
88634,11168.300150820662
108094,14642.806548061963
82654,13667.935636835062
81401,16737.573012173834
85163,17548.29812442926
97623,8663.234294680344
79759,22135.8175
108230,9763.894647435896
77757,29974.5002795615
83089,10141.284133195228
92851,31638.698900199823
80656,13859.735401825557
86019,10178.375887419108
100887,17449.78596959538
78011,37799.42559523809
96398,20190.5275
85254,8881.602685191543
95254,20104.253181818185
102320,9254.768692244224
88408,12251.42808558634
106594,5719.07043939394
83849,6352.423274924949
79313,17952.156683139823
95010,20524.355565856447
105546,15927.93528115317
81884,20818.449721027344
106088,22420.590421147976
100892,5994.4725
84487,17023.653969562438
78004,29106.301111111112
97446,23712.390154503184
93170,18142.357298101444
83208,19039.61301433712
88728,8703.613342383838
91300,19062.078315626903
98637,10708.208683189552
107267,14598.342405330708
89956,15417.75795997552
77052,16891.88115011762
94583,17025.393533333332
91424,24216.579929284035
104774,7853.580095448223
93699,27263.4225
102986,19508.491676675094
94176,14576.875168512237
95618,19380.659901792584
81622,22105.84725597539
91273,23969.829333333335
102725,7898.7531547619055
90479,9996.906249999998
79835,19157.492749999998
78909,36137.42342105263
99437,12092.611973672418
79890,20801.24625
77662,11682.250555555554
90320,9331.964481092828
76278,16262.39464963215
80029,16590.278465745243
95797,20549.4494375
95356,52447.965
101962,8322.051617715619
85810,16581.456425010874
93588,13590.88274729573
85679,7555.02598657069
78286,13603.309409410991
105233,12395.292698578427
98613,6091.649296831642
101314,12469.866522648188
105749,17682.27042731704
106103,19625.484901845557
96678,10404.262324150803
85003,12739.739237932172
78035,28991.69
82443,8544.945682748232
93373,40164.72
99857,7573.798773491568
82450,8190.505
96256,14630.80354985119
95924,31752.165
81425,19104.250373505194
87252,18658.47
100379,10166.121887344418
106316,7760.459890804598
85879,14357.591761363636
108334,10812.909837562003
80243,22597.888537579653
84504,10821.372732126994
106064,8351.038389970234
96443,9486.1364010989
99020,6978.928163278428
85068,9255.03005820575
105374,9212.354318105998
101946,10221.989859281863
92945,22405.321224163785
79338,29884.926205695796
95027,23225.727409375166
81488,47576.44788313656
87754,11003.28494194551
108454,19863.88
91283,21339.38883753813
106232,14825.944369795547
78368,28511.8548403498
101417,18113.776666666665
81479,25950.50939272159
94527,22454.311093672462
76897,26852.236358893417
84107,9467.281526095909
103177,10584.239405408842
88043,10980.51397312351
93710,70839.473
87679,10511.118910402767
84644,7881.0878125
79097,15588.680895025125
98030,22170.701081761672
95131,19010.080321055382
83593,17895.783610319824
82532,14064.40470140798
101675,11763.378460510377
85118,18820.841606096255
100813,12358.375403354918
88693,16354.194589800443
85819,14888.71
104337,13056.90460410259
102104,9211.084785683219
107526,11170.837203079793
85600,13422.06948366013
81771,20334.524500901716
98339,7797.773891085718
81855,11989.405
85755,11234.182421751668
87321,8112.83722972973
101819,9326.64326369464
101569,14093.855
94538,8955.679041666666
104142,26547.132557072815
93830,26336.5925
82076,25716.80628513924
82721,19837.16
88982,9857.996181479255
85055,9373.792217549571
101426,10194.341956043958
101136,8897.515
91939,9438.40556454354
104368,25213.900833333333
81513,11279.067851990847
76394,20230.824736842107
92054,18949.673098639796
94663,28943.085804568305
106117,4038.55
92528,25974.45125
79929,31119.911247910633
81579,26859.805
107328,2828.85
105031,21837.914763953126
100819,7550.635277777777
87353,17345.37136399042
77698,23834.83373015873
77157,11745.16
85947,17826.52864285714
92761,19656.023361154246
101344,7645.008622200263
76877,13185.469535466269
95851,12415.38
84319,15045.778436547751
93218,15832.658292997614
83770,10424.99834818148
99753,7516.467611111111
82062,22315.616691301842
78053,37950.0725
83901,10330.972082280967
89826,8849.686483339847
104171,10405.149156636864
83906,14509.627088607596
86819,12672.769451266662
88150,17494.103043325184
85289,8303.655461425109
100567,3227.0
105930,11890.738710838743
107244,6396.069888888888
85900,10838.47371235873
83184,9851.853941264308
97034,11986.809166666666
82506,1704.545
81182,30325.424360848414
78619,6133.41
86046,17098.746598440564
92798,16017.688475469044
86595,16452.6858974277
103854,15080.9175
108504,18024.731169531402
77451,17821.0526984127
76665,25764.695185287812
103434,6550.984299065421
82338,21052.708481888632
105189,2604.22
94512,20143.505044778714
97542,12097.045
83343,9363.671999999999
77274,35431.92331168831
83810,16158.761111111111
90850,13967.369555683234
79688,15165.855126017286
104038,9293.196195399025
100468,6057.345
81010,18539.28110985526
80372,27296.941309460395
95979,23038.80194805195
89813,5793.24
96873,13076.982392857142
87267,9925.724883873923
83327,14166.302425646583
92095,26898.768500000002
84723,7116.944303328835
101561,9924.301019463815
77409,7879.3615787545805
76480,21924.338943860777
97632,12686.08880772237
91990,29280.840336691836
98020,19326.921715540087
81375,26438.865
81903,15853.275947031963
107050,20547.51
84920,11500.60212855284
108180,21118.18355976486
94696,24581.595
88215,10701.232049595505
93276,19303.033665259565
80359,14556.7713019313
88717,4521.705
99702,7781.273933176988
86283,9591.724168987066
100037,6325.99375
93640,31414.83717566915
104313,11603.673939912165
84666,17001.927849520154
93000,25989.72
77512,20605.633269055346
85094,8228.502139380718
77184,18363.48
91257,20794.661778966132
103957,7676.009916666667
78533,29319.002314197893
89080,12377.695680968389
98463,22129.853043346255
89002,8015.6009097405895
87542,9863.392556771914
88641,16359.710244347318
97972,8996.902781293269
76363,19954.15851409785
93821,30917.150756843792
93549,16825.767333333333
86037,12105.925795084126
79563,35891.91907161399
100014,14474.251056089146
98717,17897.771041666667
87323,10086.239540979468
101054,15133.427768141346
84408,14154.907222222222
82692,11209.464554478458
91513,43881.94
92863,18676.253333333334
90666,17742.050226344327
76919,38723.90736842105
91549,50562.03127500214
90300,13551.999620888288
106228,14297.21875
101551,10028.407264761836
105986,14480.873653846154
78520,20266.282690220727
94130,26934.88473188406
88980,10953.50941596977
76245,21059.89823756844
96800,11341.328122386636
79591,29848.72222222222
94738,24556.36747704786
103275,11033.531321276434
82981,10111.050609659946
102017,10978.068376397108
85242,8368.360424896953
106488,12814.555340103147
80606,16196.47238095238
100861,10966.232996909706
93103,17576.625
83680,17686.10476190476
95926,22254.134730845526
84955,10219.903327215028
102279,10300.87
90285,14400.402030982908
86735,16534.616437285527
89918,6608.168888888888
100914,8074.99160893247
90315,8488.365
98805,9414.76329040404
81572,40140.151666666665
85263,5929.969824561404
91962,11735.535
86328,21263.534737335835
79610,26049.008222222226
96570,2964.595
100929,6776.514363095238
107784,21296.360714285714
94269,14438.44190240342
105574,23829.810236514462
76572,12676.039541166381
96249,18247.658632552164
97897,13338.14400106114
77625,17387.33114291815
102369,14552.743294538046
84079,14046.11622473601
77866,15596.680247829456
83806,13132.234891312264
107540,20204.01149107143
103244,16287.33
98859,22601.314107142854
96719,17534.392724483976
76235,47431.13546326107
76348,6871.455
94323,47342.82523250261
96314,14066.561000000002
77439,14698.16920995671
88588,12783.560119727494
89516,14128.008126221006
92199,15775.505
81669,27873.97641587889
93600,26815.659510840433
105605,9894.592972277682
102501,10051.67402348512
105250,19791.087857574716
103132,14021.349679333258
76914,32084.973571428567
103063,8359.05602080789
85636,21196.866458333334
95703,25584.891041666666
95014,14052.072777777777
91855,26493.76166666667
89326,17795.63406646987
86878,14387.983035714286
94159,25518.25642857143
98939,19462.454186749426
106603,30920.93513736042
97683,13531.550213338061
105057,13060.928862044673
82551,8410.797114011928
95156,16273.468263888888
96663,11180.987614572085
103966,14925.36
103721,9167.770246367454
104581,9629.742326232781
99601,22645.645
76271,11538.975216819998
106578,11859.570711315586
105436,7465.6563428690015
96180,14401.92173238526
93214,19788.86825173297
83950,10796.18403634239
87436,7691.544975149609
78008,35124.22562499999
96396,7170.938604166666
86423,17185.531519133645
97519,19396.72334471073
86137,19293.31700174015
94515,15609.19817894126
86264,9053.404614083656
93856,14882.206666666665
89370,27516.8925
95869,28842.857293293982
108411,15769.370453776495
90193,12186.918311255396
84817,6697.2091666666665
100719,9148.112938596492
82801,19535.43357142857
83103,19185.04701940729
103950,7831.681136363636
83927,14811.340711785462
96442,19527.37985233427
92599,14320.821028493483
105284,9315.1225
89963,14537.220907792209
79117,10495.74
94001,10937.309759615386
90520,6429.468718352069
83344,17950.318189689493
104811,26724.05197723827
81567,4521.99
102778,8300.703892857144
90439,20327.919166666667
104220,9634.631153846154
102961,3668.08
97588,8772.07819260408
78049,8692.9475
80076,16061.997761356877
83466,7667.889070851562
81941,23227.71495875582
105786,15879.456546908377
91443,17435.6052585639
99961,13584.2
96323,9302.779499999999
107235,19084.03400061847
108199,4648.879992424242
93938,28335.399586031777
82727,18892.431506266286
78548,29688.221269386937
90362,16342.912357142857
92257,24098.256379310344
80015,15894.66
93724,32139.82439367987
88826,14840.043333333333
80051,3413.13
90219,20110.10104836011
83727,18179.557047929007
90139,17805.8909829581
101189,7990.362857142857
85435,16222.140614629117
91933,29573.327160259654
95135,10304.461875
80576,27566.96008333333
97289,13321.202161153315
90225,16983.583153846153
77958,14850.951260597472
96218,28997.6368296701
83747,17988.3225
85699,12613.223551954125
92682,59465.854107142855
92129,41716.43329145855
91533,30810.196966444597
86503,10296.575045154923
107555,20580.295071759258
98751,25432.001878422183
88145,15590.304531775595
104214,21377.95333333333
80027,17195.375245393392
94594,19210.680833333336
105978,9634.754418520679
81202,20227.112291666665
88343,17294.844147127467
96928,22526.97046979866
89639,9353.885226021312
83427,8266.8135
77241,14133.337032636437
76837,20429.831000000002
105316,23731.356965120387
80915,10888.863097222224
78226,19950.45564712986
98367,16119.448278211195
99268,10163.989292985465
102336,14076.134648809537
99355,9198.951495497908
92728,25686.912727272724
105261,18990.08
86321,11273.142029248316
83913,20369.525
76582,9112.996865079365
80624,10778.80438095238
105804,14500.912526679842
101229,9333.389967457693
104782,9883.850964285713
91859,46167.695
81892,21665.949749182222
104257,14777.994399306963
89995,27425.17859857993
94721,28890.473560635204
100123,10739.237156232652
83121,7833.235223380164
89621,8759.390992268118
86608,13768.898915123988
106922,9303.40732142857
96146,18830.3275
108383,20055.223056506074
81554,48810.9070446508
101538,8725.577562852606
105248,13823.472896365814
81033,21829.6575
107312,15254.139226153535
85588,16112.659002433595
108227,9876.533349814523
84017,15667.335164509168
101028,10053.645
93019,27661.823888888888
84359,8864.486934523808
90602,8147.982061397928
102834,8434.708
85284,10749.1571625206
78749,63576.96333333334
96892,30345.296991765947
89640,9088.64374737529
102773,15616.803236713933
105779,12909.030075010547
108453,17797.128229754406
83162,11225.257006969552
89704,12849.183882346413
96488,8514.628830799773
81546,20543.298745422
82108,20616.201651041814
96784,8872.623621597542
86526,8152.49809866551
81220,31216.21232189018
97126,10181.286657711078
79954,26472.98860743291
100182,13289.124359138901
87058,17980.262347291584
95026,20995.674287081845
96334,13402.86
92636,19803.388846153844
89131,9779.678847487772
78145,15215.12
106255,11713.15548878061
84691,6311.981366488857
83425,12383.601997386575
91526,22237.59052994228
81170,11903.742614035089
93766,22988.113253480475
89183,12752.666809391303
87644,18360.77942070353
105559,45072.295
91968,13843.4024565354
107198,14743.179461382113
97030,8826.962894046317
96512,19883.37171446491
106506,10185.774199990734
97240,11820.350175983438
98164,6763.642876810651
79782,9192.069771166334
102498,8224.699400427493
86052,8987.103089343786
101070,12660.733977053154
88461,6243.831255442414
94238,19983.11578596946
97040,8776.469126652435
102861,14166.613482098579
81516,44766.665
98512,6963.768762820513
91654,26989.932132682134
87837,7580.811666666667
97950,17900.085
91492,26878.39464309041
86374,9403.113982297806
103671,6938.881000000001
99254,23782.41401732138
96920,20601.17835747025
100733,9844.393347943307
101602,7168.395
101809,8674.129312852607
93626,37195.34464285714
94707,26577.7485
84718,6220.030353226166
77357,18647.795998773116
101735,9542.548168554793
85009,9752.843435143219
98213,17247.15321553885
89068,6890.211722566652
76270,16632.937419467788
84608,17760.96758108079
106582,12182.652721950353
102112,15599.882285413672
79840,16179.809166666668
102362,10546.032781733473
102074,14886.031686888626
78050,21184.022029506443
91002,34954.040714285715
91648,17621.40056041861
90182,14924.221617468884
101732,12006.44176329561
108023,23679.953429659497
94586,23534.942101528384
91189,20257.168017461383
95199,22355.18525338776
78510,12169.364404761905
92551,13043.14532911533
92368,21706.53327830708
83335,8079.750883230431
82609,7128.17
83471,15775.194743451679
89455,11626.2650467434
84982,8984.700967455148
106978,29140.506597800628
96399,19305.006844089323
82526,12772.256785067872
86743,11023.375553165877
92104,18625.88964226813
97862,8968.316995791109
99211,8955.30087578705
99118,22547.921459539455
97657,29639.37508599344
80627,13201.754816717892
76293,16866.058230384366
83108,7682.316728518861
93728,19999.825
108295,13595.214122142177
87957,9783.367131242172
78627,22326.07390526449
103227,4666.63
88115,9784.294473484435
89694,14063.356823015303
95755,43166.175
100889,9882.096290525598
76859,13315.11
80975,20000.68300676293
104878,11278.036699750757
105859,20815.8775
93283,23107.070212544804
76217,15298.19
90731,16587.62468660294
99826,13885.050565839323
84180,12671.634953748517
92500,23860.06957419786
81956,11761.566554195591
100508,10154.477266925456
78336,11688.495726611269
98694,15103.095090909088
92486,23498.085
77134,16363.101047008548
94264,18644.429551656056
108210,6938.657955018713
98310,17059.36
76260,37386.99
89623,6657.302129660501
101737,12456.66625
97665,7992.152241273975
86041,16966.950582478592
86653,10406.746522722286
88423,15186.161538422028
103407,14521.291020415048
84654,18350.032432353644
77143,29242.58065522419
106392,19336.328054849615
86347,14095.944375
107230,10089.930552503416
103693,9285.497260473137
82765,17236.92920197964
103894,12096.816803567766
105668,12825.019182859796
94216,9751.129999084249
76250,29037.721664198536
102466,6152.899464806873
91919,17853.55
99138,21001.779845874706
102850,16424.31497792689
79094,23484.587233843435
84552,10419.679792648083
93668,26848.8
93389,15897.673479262674
84312,10018.35106908411
79379,22785.839638972142
98739,7301.3776424940315
91448,38213.14
89834,7823.137341994685
105359,8595.460133116516
100267,11954.059789623865
89101,17160.32705959461
76904,21613.753503543878
76664,30113.130871479134
102621,2785.815
82337,24477.4
94266,26040.445
84994,16707.235497687256
86246,11596.877601649281
96923,11171.388572453048
107661,19224.380378014423
92401,18992.701912439574
96296,14620.024239962773
85114,11538.611543432693
83081,9956.091074429392
84948,8774.325400257401
80292,14939.397142857144
78938,11904.48536349862
79942,20428.96656102603
80899,28670.849141815605
102476,10689.57
90589,13817.04844246581
89944,15536.175
106241,17836.746155056942
99835,17628.409311367388
98665,12102.40470612848
96516,5855.992517094019
79065,21447.787596353646
97070,13289.351794871794
88721,17152.575123400675
100311,12274.286052631578
97912,6827.7746085699355
101514,8888.687230373376
91763,19396.41702323739
88488,16429.943600773215
79955,8709.87222972973
105677,7636.489858994493
99297,5962.594893652124
77377,10331.01
95552,15784.904614501706
99704,15946.036267919466
82097,48968.31873027375
77067,11266.085
93326,15716.2
98258,6042.328246940726
98900,20737.14942255105
101474,10404.6545578281
91945,13435.132880317145
78816,32456.015
95208,11359.55861111111
80788,18296.985679695903
92446,12878.861499999999
81929,29921.844743076643
101068,13079.643608568027
105116,9748.57280067155
96828,11571.852771551692
102272,10216.808553960072
89347,21686.85708281058
105201,13820.50782005326
94146,16680.7405188976
105641,9859.153251133033
94416,37472.425
89152,15011.926146594482
99500,6585.510070859941
101711,12250.185
88178,15183.022572351487
94259,25342.005
90380,10729.10125
80659,46224.105
94687,16965.52
100447,8758.81375
80895,14198.322356326944
91806,21799.272
82758,9902.41508010356
81850,17238.869583333333
85521,10473.446221924827
92432,19567.989906282633
78318,61038.824758515555
98804,13587.93738095238
84403,18932.54670892414
100979,12502.983766543177
80559,17777.936999999998
104553,19919.486307692307
90570,11322.678544631217
108278,27410.07277028762
107134,9918.504647435897
84351,17122.743582478597
105418,9811.41966364043
93910,19877.79607078651
98231,24182.419003940835
100789,18012.63327777778
101332,14473.808098039217
105715,9559.327454729751
82170,10888.074117063488
101526,13520.850001534314
89070,6227.67794184824
90429,15226.862424310872
91152,19785.528104166668
82374,51111.255997767
81668,29070.604264256395
78914,19629.354275410824
105239,14523.228174297923
107483,19036.985393718292
83354,13976.12390580344
105252,12476.622851858754
93977,19110.76289050605
89807,8218.596966529782
81551,26301.981248050324
86311,11677.159468295511
85966,11593.757888014952
83878,18654.64573615566
103342,10785.908310810812
102398,11592.878123737371
77021,54765.94569852835
82755,8170.888243547905
88635,7376.899703643579
105457,14348.78865580808
106552,18414.861182360324
102641,14340.413406863428
77582,22885.54343733439
95453,48903.67491987179
78388,10316.185000317086
99772,15796.148128860032
77990,11706.775
78944,31789.132186030714
88290,13842.89275452724
90011,5595.136825196624
89540,13718.143455452795
78904,27238.325048387098
91379,18225.413889881293
105750,10900.53602126633
95603,15779.69
92481,14087.565576923078
93463,18504.30181094099
88974,13904.273333333333
77787,19287.234544220046
101389,11248.435293379473
90559,33800.38404199556
90421,13055.208750648475
107190,24168.111379616734
87506,12843.403457183964
101147,14272.456031029356
78096,29680.77537757961
99840,6445.5025707859395
89677,9525.855
97991,8751.58301568231
103556,10270.857483821734
101327,10027.544231060607
108008,20037.483402466456
107752,17842.712054515887
94554,17197.373479134018
96408,25481.621955249044
93573,27307.585
83674,10273.800873067457
104503,29233.122918559024
93082,22120.220010295972
101841,5965.7964822981685
85143,32321.61547638034
76781,9668.110127138021
102153,9021.785
97411,6714.088384931246
101676,8804.738503438606
103176,11979.803147851413
80879,28235.68106094515
79695,16879.004231494855
106987,35430.33997601919
89095,18994.215909090908
88707,7809.678400534379
79935,12763.25314463484
104678,10438.649461798734
78644,11106.3505
101947,14339.335101619978
85390,15844.024645890724
94121,13603.485833333334
80525,27503.84372078241
92964,26083.204353727866
81982,29115.718833333332
93804,19440.135541080534
95574,30713.5075
81710,18661.149651348256
84452,17911.079534822842
94410,19705.446286142655
79137,27771.218750021333
103270,12264.23857142857
82736,4934.104
106741,15340.411993401207
77630,18144.393914224078
100426,14754.63983333333
107231,10474.642642857143
101001,13306.182677311856
95067,17857.401207964722
107197,25596.0325
83522,11392.681822243638
80239,10757.638628785848
106389,21732.23326013306
99072,16087.5141363451
92779,25999.70120851756
107906,21903.886368473028
81289,4869.59
101206,7307.655763888888
85646,9037.39696666127
95202,26001.235588235297
96423,6398.3342974639745
106597,7575.270771881873
97601,9994.885397330087
76974,53633.295
80171,27002.27688258993
78391,21208.091339949504
101424,10739.62864354922
79548,32825.2401369863
99083,9981.72964667246
96204,27108.35302735584
93318,11051.414791666664
85745,22262.819
79531,45651.805158477
106411,15830.456295093796
88431,12932.505
79827,14795.921972756963
80860,22379.65393480861
93114,31331.81234460237
89031,7102.579090849146
105755,18172.357125
81286,9834.78
94641,18720.3
92196,9589.03130637255
103591,6986.037333333334
80497,11033.91947373679
89672,6776.677
80800,20279.740551019528
102146,10824.269576888786
106675,21471.112141858117
76780,18417.88
79880,39493.57833333333
90306,14283.054111438756
102271,8938.75312271638
82996,10026.956240467252
77929,29398.81
86610,13376.825981542177
85316,11702.623786858485
91134,10961.266000000001
87377,9867.230900866838
102946,13462.39
105420,15244.44903462413
78375,25668.93666666667
81157,9858.1
93430,20132.540405609758
90671,10333.991684523815
98881,7858.971475850728
107152,12517.13179974531
106056,8013.469185791473
86256,11035.395739361704
88692,7637.369283115735
98622,11448.965562065658
84068,5212.965
85863,8672.512166666667
104131,11472.214185606059
94296,14688.025
104177,7888.1
105126,8113.891787472151
93360,27144.21953977547
91059,25479.94730736264
100015,9731.31103064163
97027,10336.74874794028
106300,28008.65853718681
83539,14419.647603021976
87099,13819.129439016353
90692,6747.168888888888
107313,14556.53768080594
81341,56203.32
82901,11122.120766355647
85576,16451.016021551193
98646,13035.552975979068
102552,8673.879047619048
84874,16185.275245996932
104768,10706.425129960577
87768,7128.1738888888885
93342,18742.558319444444
87241,14374.112762668321
103615,10203.547943243406
98526,14296.675
107464,12754.784838872065
83357,17991.743333333336
103171,8324.554984123402
100341,10614.532771022283
104547,9327.384530693433
102882,13969.808642857142
107531,20745.737039803447
85433,11283.359202590647
78435,17383.025625
106094,19162.728888182948
92625,85109.655
100319,9962.605852272727
95937,26794.21083333333
88915,9749.977203538065
87681,7686.9411462469525
92428,6031.025
85427,11393.499759289796
105372,10024.208225937233
82482,21604.11
95178,22452.935833333337
106881,9293.458129018578
76562,29533.853243307327
103710,10420.519393939394
89109,7161.698666666667
92522,27793.626279135704
84821,17952.421398032046
80597,27015.436395699606
104040,10580.017844012922
96115,9548.28933410641
82818,8911.912848994449
90316,16112.09
94385,19530.458571055384
86823,10368.531894618452
84842,12018.461161289324
102995,7098.842045454546
85397,21805.75583333333
81427,12855.522109772248
102461,14867.344711165224
77422,32387.827618934964
102354,13574.45
91822,21765.842589629767
87427,10027.96740348952
105450,19676.679899573195
94789,21826.285
106631,26960.671486331685
97004,13951.364714285715
100826,14930.270830879903
97915,16354.584730077688
93253,31794.462504336043
85776,9916.115573237536
105562,17828.701365557372
77560,16761.375
82659,9937.584072628488
89531,16976.905802863
94076,19788.942266449743
98457,11428.260291032795
96163,23739.73651030799
84779,10153.998020955738
104551,18738.415478486328
79934,16457.562604206163
84896,13269.455823913242
99393,11016.473321428573
82051,15595.943554200767
93247,17104.623885179706
86929,9916.111242001587
106943,12029.230666666668
79979,24678.3525
80912,21081.388178571426
105006,8708.080647058823
94368,30900.825
81871,22828.60316638056
90338,11559.59627933667
104271,10339.81575951826
89984,6780.717
105122,10057.149020539133
104308,26039.147417562155
92941,28481.053882804372
87433,24351.48
96289,19970.774321428573
89130,10624.503465020594
77233,49825.760575288696
96895,12657.9812247657
90364,12008.268571972416
76283,19045.74006064276
77689,23333.543063853802
98366,10524.393972543758
78025,21486.710691185213
96644,11037.611530111726
80641,28950.501244584964
80271,28832.538659794285
99003,7684.824681277058
79756,18778.075
76981,11039.03648148148
83320,13838.849904364497
96797,4912.602928517561
86350,11230.945292231596
107535,15263.173409856357
104370,8234.263632411068
100740,11312.903833093815
85851,12154.481153900364
89132,5072.878555555555
78746,25304.834665461305
88999,16602.41104384557
96416,17723.850128262173
88921,7508.076652173913
101078,12953.408654256235
92447,23059.269
77960,16091.210555555555
106799,14963.793318668831
99888,20520.818722222222
83252,16868.664112675357
78645,13781.603809523811
92233,25979.94
104026,8444.542563195755
85148,17156.55461160715
107726,14397.192932467027
93331,21544.545126374207
106236,16347.276203850972
95282,14772.766441161315
76222,24880.051885397774
84158,5508.690657845157
81857,39257.705
94698,16862.6402126924
104680,6092.085
104366,20548.4675
82562,17512.35028628112
89753,11864.08562078597
101937,14187.099614922057
76600,16398.042697212786
102683,5587.86972972973
89245,18575.41033318406
99902,11627.296522727273
106525,9655.284830745535
80738,32766.275
107909,15546.273034611531
105939,15789.870411733524
92485,30172.25467780082
105128,16750.2
103147,7379.214458333334
96539,7883.227014312266
99656,7800.874585262703
89755,17827.890614837397
88400,12853.394287020294
82968,19151.125
103521,14954.060363366352
94755,27418.377
82278,29209.5044550929
106205,8109.385120805485
102677,6520.690301010101
103577,12842.973807692306
88365,13507.727763129546
93543,15335.077952908137
103285,11111.690148201413
91445,52046.21250146392
86676,9875.002662051267
108086,10390.452916666667
97671,12601.27861111111
85193,13127.089208441348
80220,46776.79249231531
107824,13345.857106593943
87246,8727.151480744278
85080,9238.42148611111
85470,11898.276994047617
93453,29544.65555779696
87214,9934.71917231299
99010,8845.836428571429
77246,34348.91339285714
81671,17225.36266625265
83651,11381.707053604536
101085,6198.813692307693
86961,10362.04847377986
99154,6898.847478102452
85563,11504.311054099124
98972,19242.858265549145
79331,18314.575511482042
100112,11184.487899891776
92540,18906.35769795482
102135,6291.3545251970245
104980,21474.49710417318
103442,7187.290214285713
104320,11392.0940625
91208,73914.885
82486,21968.07536748837
92052,9830.555833333332
80540,18556.201010639397
89228,12693.3107478715
98960,11595.843311170214
86821,16777.19
95220,15817.265947835038
104196,12277.957694197661
77934,49862.79
80965,17108.72006547619
80864,16410.914670024886
90303,14926.402690677967
100396,12545.311502920753
98226,12201.728338034189
107713,8744.443180008662
82199,24769.68293428912
104715,28096.854048084515
103412,11304.655764999401
77224,11253.610389355743
79149,18777.63561392774
79332,24930.70462470266
100094,15616.803236713933
76280,32845.61687346832
104668,26780.92309102633
106239,11557.472661127711
106918,17476.313551282048
103738,13842.4790796599
99768,15554.941183170638
99895,6726.841835093896
88553,13513.080061929697
106781,10520.198182346108
104339,23542.7481980922
88198,8273.666382923466
77024,11528.534146825397
90492,14428.800155504681
87383,7989.713043653559
85194,6935.4968516067265
100821,10101.228701239883
86207,9375.200334474375
80736,10655.929305555555
85035,6737.734426218148
77847,9804.408055555556
102444,8185.375
101635,22591.174271978023
99639,8500.884657410974
101365,6585.391430158732
106612,23696.908848008035
89655,12966.175
96679,12278.761892857145
107353,36759.68
101805,10759.376724137932
81804,19108.45025414863
106783,11879.285767779858
101047,13922.410830137966
76164,40894.865
106524,9126.255
104745,9609.15929754217
88874,11405.65815882532
89206,4656.4975
88602,19023.404770519668
80458,25256.677983190635
85756,9766.015959279164
100972,7056.82018989899
79897,31347.41
85913,11353.041209331615
107705,22985.13055555556
102659,7349.051666666667
101994,10466.117091556027
104004,10330.857704830296
91171,51705.86
100207,14958.916473271614
101431,7932.773333333333
92034,18372.74204494261
95470,31753.51663865022
79276,29229.734100260466
101893,12600.015003644538
91522,29636.79983333333
94047,20093.73642347677
100620,14430.039088285643
97405,10733.157095238095
89277,11545.766900912724
102728,11581.340169392166
95665,55412.245
93861,14869.27576923077
77779,11023.241577323992
79844,18623.207222222223
102549,10535.310366228863
79764,22223.461346300868
106543,16643.42273956399
90127,12663.33107638889
78759,17112.731580808082
85232,16646.966829142482
103173,13173.26428978259
77690,12133.4225
78669,38038.246
77821,11853.964833333333
96869,8126.88
99426,10286.482840909091
86596,11746.372105147138
102352,7880.6075
88825,8001.649396791814
82595,19584.150798336883
79408,23049.78575655231
105771,20577.767638827012
92499,20437.805853420054
82744,10583.19561053093
104310,7403.347398225565
82965,12077.480595037674
108492,19652.83
102748,7720.63
105549,19594.968349197377
103794,14643.953083420063
87574,12005.915780140213
77090,18496.03392506174
77729,28027.841462578992
92854,18997.41071863306
82724,11425.88079035982
76843,7963.835111026653
95714,9442.535416666666
85077,16781.561621715373
100035,4790.052073170731
76694,12508.54
86970,11489.2235375817
93243,23949.8973247435
95700,23604.49467892136
103907,11311.160968919827
105698,15309.064556541947
84320,11299.967225662449
91561,23779.627825472126
100459,7630.664388888888
106398,24161.165069200215
86911,3806.88
102905,11362.447858492385
103009,6544.483222222222
76287,13219.332131768691
106832,10526.121516586789
107240,21174.41255555556
104164,8804.832099022566
96561,12979.998542843352
81823,9773.269962606837
82102,23235.226827651513
81420,28816.753633811855
79102,21549.887214786726
92252,18052.751737767132
91605,22455.115
94353,26577.5725
76883,14388.443500000001
79941,20632.465444841393
102977,7983.506481429573
104975,27538.73
86138,20134.998269400352
76309,19646.586507891792
104976,18353.16340096307
105819,14259.673681837547
103115,7111.690238095238
78958,20233.06378864342
86851,7221.42513922888
91889,15765.997743103946
96977,21232.031171062274
98888,10511.848152829964
87642,11526.962796919957
96835,21028.71533884865
95915,27160.10125
89880,13334.880506740137
86974,10597.783725302374
80793,12913.340492822965
95773,24279.187583333332
92664,10543.288194444445
108423,13272.564268345093
88073,16560.001863357844
97731,18449.83
92705,24371.47442773338
98275,9227.913346445917
106563,7511.232166229299
83216,11093.150371589249
108252,20057.935769227206
90052,22602.34124970893
96839,16571.04169129555
87847,7708.617231551001
101778,17367.460815089667
90493,9337.809837025909
84236,8249.343334503297
94651,28405.2
82828,6372.3133019459565
84570,14298.085980906051
103560,6400.918615420955
105414,10096.395930396813
82874,9475.9407495562
94023,15393.121429908613
99936,8972.690727529163
97927,6288.096269373624
85922,18510.928109671768
92409,16532.44422674753
102547,7621.4225
98620,7846.776899714721
77418,27039.551171617946
106846,22036.920714285712
90794,17016.375964809395
102848,8092.535994693376
77668,19928.758423019262
87057,8992.328973032432
92125,46625.31356976179
89356,13506.195361550654
93931,18823.982455742833
98496,7925.694351820549
96762,13662.449285714287
77603,16000.416142131604
76242,11299.500909090908
77854,17577.518812631028
90496,7653.093633549944
89873,7811.83230891207
81047,34359.3236404486
81482,13953.200484663897
106630,20494.909762200165
102807,10047.003509931908
101397,9607.998709769714
103459,10216.604563346671
78508,35195.18214285714
87042,17087.56329740592
106348,21286.96835486066
90653,6570.925999827467
76159,20994.683502943008
87944,10129.639376820183
81531,24193.42716905852
107875,6708.129813131312
99542,13418.63684430159
107359,20305.19486111111
104564,12848.245170307628
82560,14018.335
93591,27928.16875
103234,7593.3879166666675
108458,10693.927225719353
79888,12494.94138888889
76419,23203.008018307137
106649,12531.429582836803
90004,7863.674926708294
93201,34481.5461622807
97558,18239.7327567763
83097,14048.508827860373
96492,5297.682083333332
78413,6536.9
79076,14174.14
87061,10052.296853766406
83665,12590.023733077722
97131,12628.4155716666
102075,7015.412714285713
99331,7887.641393642304
82067,46033.08348065477
85459,19122.009742296897
94510,42395.095
97875,21039.8346356469
105176,13399.54279604096
89196,6312.0645963747675
97424,20559.25
92886,21963.169370071682
76660,12056.665
81181,16266.766666666665
93133,14626.593106060605
84390,6230.625841075592
107413,23800.434761346973
98681,10696.752608493018
86318,2420.73
80893,26112.258222222226
106409,22687.54635911017
101539,14237.014782939657
107735,13712.170783469446
103362,7110.574057952556
95493,29214.332230885884
95573,24792.23300916424
81435,29649.150656410162
89730,14057.49500558965
104812,10427.96973555385
95540,14678.235
105693,9110.585714426496
99879,15283.731981863486
105045,10012.581097130884
95556,24191.839527685384
105209,12304.833132094429
77262,46833.09
88746,12527.043901109218
106257,30381.275784391906
86665,13660.07882416397
99714,15720.628977219165
86308,3895.285
107814,12917.31803896456
104110,16066.831666666665
107020,9962.748883402817
99899,7982.459688156428
87878,11241.742611373025
107898,9409.906061750748
91803,24582.67303030303
91708,27512.96
88131,11718.022116218519
94236,29309.82
94787,40233.485
88426,6249.835818181818
82052,21514.73
81430,24342.6476179546
103458,7871.698112251727
87322,10892.85595792946
88030,9734.768529766932
94505,29007.05153846154
80104,8390.671161586733
92324,28958.08320827361
93393,17760.71
101185,5416.442994113967
99944,9854.659110360448
91381,18722.360586513634
102720,8168.485
80107,24889.71823877267
93006,31863.328077844482
85248,12130.30368250047
99068,12567.868742077804
76834,54284.63
89377,12749.468571428573
101452,13582.355170789344
92548,40530.030700549454
100658,12904.708277160942
98383,58123.21795899471
77915,28400.516890101124
86268,6720.327251717795
80304,3401.23
106680,15813.904879451877
101132,6986.065
90092,23443.5522576347
100329,13775.648528798049
79943,13908.655
104189,14701.346960736288
107250,22538.891810499063
105088,7847.486774017875
88824,18556.785503675426
89166,13765.095262385388
78748,15479.881540312988
80118,19670.236398809524
106238,31935.64930231882
105638,9616.134699436185
94974,16244.972593434344
78384,15887.49026143791
93451,19858.42975
98422,7374.628044470767
91430,38351.32
77519,20439.001
96946,16487.23587012987
98391,6332.931717817173
102809,6109.533552631579
82926,10582.154597611809
79108,22520.7725
96213,21415.05125751039
89205,5471.904394078144
91600,40910.711622807015
107292,25341.560773281344
90688,16865.806972567596
98776,7388.2530039176545
79778,13818.808555555555
106834,8271.415167236113
107835,17539.38598197063
99788,11154.73554410833
91133,24292.495898716603
82747,9740.13977505141
95651,22459.11
90035,12921.697705536499
92821,14676.20436804536
93614,22274.0
85993,8969.833042558306
94616,16346.142857142857
97987,11599.435528571428
79300,22766.759833333334
98588,7602.778489739617
83355,8768.92161422151
105664,22811.42429789457
106502,21355.224084731264
77235,24125.05617199103
101503,9965.205462653726
99569,27614.767201502204
93332,20865.415
103565,3726.345
98223,5746.24
89090,11291.96063869366
101490,4913.6875
89428,10032.677434172892
82555,9379.283244023081
94744,18603.05359891311
97092,8433.757767524927
80994,23979.168058726358
99486,8820.297555219688
88556,11749.887447818595
105789,26605.65570873874
90968,14267.8925
87386,10784.559765157866
96239,10748.066093350384
98412,8717.059661388495
107073,10960.123023809525
85775,12384.164003713766
103494,14709.20976142279
96232,8334.1355
95146,19683.60638416974
101493,16343.968308467744
108369,22832.52001883239
94214,25144.054001291992
95377,19323.435027322535
80081,13922.986513305832
81186,15163.527739858937
100638,12075.62971159311
79228,22055.34
83296,16601.465952787297
78663,17284.239674036282
90474,13411.415218586151
99746,11758.493606060605
80600,66113.98
104132,16286.209977886618
77292,10514.998333333335
104314,12525.589799365094
92563,55266.05411123105
81135,19713.927462375872
83199,14154.496826098793
103083,7268.01
88165,7024.220388719937
93492,7484.78375
80502,21875.767431470646
87640,8518.85250133956
95862,23149.381595058047
97106,15205.939535985493
88353,6059.7026601731595
99443,16881.685211252367
85914,7950.915000327093
102522,7866.801534744158
94035,21105.24
82309,14511.21953688251
103845,14771.052138061303
82955,7498.143208333334
86039,18169.608
76890,10555.105
94862,21420.3
89261,10300.897972947609
95261,28696.761583333337
76543,27988.622471635863
93805,17622.05442585784
79387,27913.912081590406
105256,18883.801666666666
103632,14163.189845274619
101647,7945.288862216606
90779,7823.898830995266
83004,9339.47396245947
82810,6055.684125
89851,6811.688888888889
95583,20087.61765364408
95318,12097.306666666665
96740,14497.869356268731
89999,7055.547491224054
101586,6857.223712121212
90205,21860.972716513053
100202,13449.903429851096
95896,16620.73611111111
78190,23036.990664698602
106867,12291.20817968752
103122,6777.196439898989
78800,19322.307859276934
98137,10013.962991194086
104071,22162.77
80969,15996.62001462646
93695,13150.928333333333
79235,15643.279734844686
100233,8180.4165052031885
103673,8269.371909491334
82811,11229.377839859722
106273,22972.677219368048
81714,11725.83844871855
76623,15814.744031543461
98396,7241.308761812214
87067,18136.73751485782
94615,29621.437389294777
91380,27472.452996681008
81368,15577.129090989167
100189,15915.249544534414
83055,10093.166021819105
104726,11006.530057043094
79494,20760.85696532335
86895,7194.087738035293
104253,46862.05
80451,25894.630868939996
81633,28636.218276982177
85761,8837.623659883799
76040,16614.200595238093
86749,6554.997083333333
97161,20579.583069456618
89492,7783.286989079446
101063,12880.965
102557,9516.832034051355
99966,7793.416989457103
93615,22295.85
79812,14752.052994318181
106083,34520.22
91688,18456.076075163397
93348,14081.082897477432
95861,15645.28
84278,10873.641306697557
76892,15963.465846218493
86674,9403.664062260294
76138,20242.61
104974,14194.287487373738
102421,13400.916804773307
82617,16338.756914785097
90307,7875.560355896844
92258,20567.662673854502
90255,20956.778084542908
101498,12685.273760603746
80567,13180.29148612028
95321,23340.309301662597
86671,3278.535
89272,10990.742874174455
78823,6114.625
95185,23728.73
98753,7546.479236351642
88611,3427.015
108390,13741.523355201967
105366,19064.76419430761
80433,20477.131867965938
104145,11496.921
90881,15392.612045687034
82596,8920.734260907855
85279,11209.066492804173
105968,12822.454126815228
84463,15996.481612710122
85840,7778.715588011965
78708,12604.74024951765
81642,24960.71872537879
88004,10565.076461458322
97345,26945.190092542725
106927,7772.302894736841
78351,12216.937353843166
91596,30769.206986142566
98390,14156.8578928989
80145,14618.993390151514
88364,7983.082560039484
88715,16265.66588657572
100449,11528.989574231326
92076,27028.21034182888
102573,13105.590166117545
89983,18563.65
76338,29766.85036539419
78076,19185.866197967945
96116,12666.329908356422
76662,19161.09193941489
94194,39307.86625
105200,6908.3
95232,15769.537683734321
85705,8295.94
81683,6413.583333333334
92007,38976.265
101156,8079.004515383622
96857,8919.908955525309
91201,20524.72
77066,8727.535833333333
94938,25172.756257910863
82691,11461.051144176663
108279,23826.68347563269
101317,10912.163722637348
91872,18799.330666666665
92517,18084.975103785102
76176,15305.783350087944
98840,21308.71199201313
96297,13848.485473918052
105077,15350.85033402205
108306,18365.901661447428
106837,12702.563083226958
80906,10743.462750550618
85979,17969.97957795205
100004,10461.08254930249
108473,19515.298333333332
77203,18591.758849358976
101523,12097.583154761905
91769,22108.724363357625
95403,24281.811444805982
83930,9282.923683402325
95272,27365.328999999998
107063,16126.14794117647
105033,7644.397128450016
105705,12796.371576464528
80224,17349.108888473977
98468,9184.657621212777
90993,22095.532134821635
89413,6377.766821761365
98561,19652.32233576605
88199,13149.862306614674
95082,16542.595
96647,7422.607623005698
80307,18386.139285714286
86717,7649.9925
107754,26041.83702992277
92740,20205.4891681947
89653,11890.58
83458,17116.820403290767
88918,6196.27
80859,12098.22
76830,34580.89833333334
92727,14062.5575
82512,8253.509200421053
94918,31596.508558646165
96158,11519.878520599923
97812,31308.409817522144
102820,11171.290013637446
88655,9412.339898190046
86512,14898.045
84814,16906.933781435062
82832,18565.638323529412
86946,7827.2635484657
102885,8038.508841269841
86598,18072.993683577122
76927,49578.51524944514
83377,17217.643101216996
81917,28531.495912740593
92972,22211.737996940836
94932,16712.858139361713
76026,36329.23
82383,32545.683373015876
95697,29915.203644138757
79489,27838.94727475672
102254,10225.598931523335
95248,30594.02806897922
99438,7750.25448365968
96002,25550.926602031435
107266,14314.520146242063
98233,9424.734934614886
87721,12062.829637030361
76462,47601.72
101352,8721.007625
89118,9551.99125165321
91908,23490.625
94169,20984.59677272727
105347,17514.26957596529
93347,20384.295857282792
107981,18820.512
104698,16132.63476771222
87678,19088.06577695094
78945,11427.35994803743
106051,12233.491601383996
100768,17098.230241935482
78915,29077.162274812796
101837,3558.045
79136,11497.517130411255
97035,8192.447079075062
78591,47509.095
95969,31821.473301006743
84208,9879.65822064934
100228,7624.273897910416
97687,11130.910224478353
87591,14730.021116487509
96149,22041.39549984639
87736,10585.97175
87550,4188.62
102052,8380.775245894718
78827,34161.338208333334
102402,15231.799944425986
79412,27420.934065114197
77865,41092.145
107971,8766.346321987668
107469,18143.58642884451
97612,11315.127134468617
108451,17516.083431076688
91741,22423.67
97524,8589.49337075537
88979,13993.03112654176
87740,15496.264223484848
98817,13175.45729878049
93862,18896.35452954292
99648,17612.1880293812
76643,16113.564833333336
107633,17813.085952815945
91213,25055.588125
90869,22118.705315719406
85444,16394.82354240564
104383,19147.47411189021
76870,21611.15480769231
79279,45350.38177332945
83999,5228.519763986014
98596,8852.078354135583
86831,12375.65857389343
78863,32552.600639905893
98360,7096.913841666666
100096,11973.063018248908
104448,10365.856091960975
90367,9446.271750498112
103277,12425.166666666668
103728,10140.927641151316
84370,9669.116099090252
89978,8871.280794117647
92359,16000.082483877231
90135,6899.482248895842
87969,15313.231681404508
102318,11875.643585152084
76607,33156.84
88481,11634.753912952818
98436,22098.816189958594
92888,60316.36
106269,9543.00655263158
100538,10770.236088620864
106326,11666.363500000001
82449,5682.881544584027
91142,18511.51365789295
80150,23684.6364123095
106004,19277.714316286292
108069,16914.39039467135
87037,17967.01583333333
101280,7663.877632080094
95763,15828.074075021139
86504,11888.762167800332
81964,21510.51932665636
98685,10893.0
103215,13043.348848922957
94922,36818.99
78554,23447.993084914622
105764,10974.7275
87972,12535.748010774092
84358,11948.492689045997
94964,19071.946592467757
103241,9629.123829883734
86647,13455.631186097355
99158,17150.207858395992
85420,10422.734349468159
78077,26201.400000000005
107422,10495.088333333333
104022,22516.92583333333
79737,34886.50240588567
80207,13868.188060678453
80967,23478.277000000002
104178,14606.51342084727
81030,17994.921833333334
93015,23599.45
80407,24033.084776616826
87649,16475.960564351728
76690,16738.01125
79789,21454.931494047614
82746,7703.240628938386
87159,12631.79011322014
105962,12252.418203168198
86711,12582.04567818022
90644,5769.876666666667
85786,10338.295999709957
107631,21925.133170603644
99617,7705.464319403715
96261,21795.345971428575
103524,8630.23788079451
106761,5662.547857142857
85261,13049.703571024207
82784,11304.975515200193
79866,8998.47
85332,18281.75201940729
91102,22922.125
86628,18547.875536645828
79673,32427.595
83347,16217.210563464068
94145,29097.32096360946
106036,18750.501983343394
82287,13668.804068526886
88789,12065.048172218934
79618,29932.95
94133,20048.205
76165,17994.101666520804
101369,6142.085
89387,8362.47242292071
76789,35568.93380952381
107309,13504.4225
91783,26540.4175
101897,4503.1823863636355
97745,18461.666503254102
82133,44799.75962465679
91614,18496.880698986675
97308,11261.23095755602
95044,43050.78
80363,19894.464405673276
87137,17163.745495670995
80900,10229.429871442779
81525,28611.670647885454
86772,11257.161137115261
104784,24771.992474162475
76211,33643.70834500982
88180,11117.393400855804
107375,19808.237756410253
87142,8638.334881944444
102944,7136.009791666666
99258,16039.394160539214
80209,13899.688333333332
81591,14577.388885281387
101494,10646.397893600057
103703,13363.544321203672
84613,12436.835742453748
81070,21844.575
98675,22265.153358255626
90638,6450.2290454545455
78215,19404.22521962306
104188,9838.562786096256
79525,27552.371139650022
95362,20542.67976213183
95717,10037.088
106872,24898.455062364366
84301,12341.902309885849
81601,31630.79498214286
86575,9000.77432790316
100108,10731.387110680991
98140,10071.909780701753
80480,17369.51086299304
105961,21443.70583731814
88147,8565.275
90426,12477.89653175414
92503,25360.625
91066,28473.971725352112
103976,10488.316930975207
78267,20960.648462896897
99535,7847.218136299435
87776,8549.457555723557
108501,23377.967455580565
102285,9649.508855263157
105946,21900.070501514198
107799,15116.188803343417
90291,14584.164398792043
103617,10660.529294871792
97086,13748.383956758224
108058,16040.655745438882
84663,13831.842376335313
83054,7457.493423913043
80706,10225.329670820009
84885,7700.704545454546
96741,10282.232629205191
89018,16482.38419031279
102962,12051.473712331559
107208,20476.03688275228
87254,9152.365573485147
90928,32998.925252447065
107211,14058.829659863412
104636,14708.977249810287
96902,25846.132577500834
92953,19076.46523484659
107082,26312.395773944514
87483,9848.998286794282
81493,19946.302314184315
97521,6190.366657363104
107168,51254.33965796704
94004,25481.489592592592
87794,13530.786633239604
99172,9733.197916666666
78673,28274.96486111111
77673,50353.5544893342
89569,19859.100524254747
95130,10789.305347117795
82941,12873.638451295345
106278,24717.221770797194
92295,25128.983111111113
100500,6968.978375000001
82192,47382.84173397713
103583,16867.098110215054
76059,14076.293666148884
105499,7541.729763627195
107083,12240.081629055188
99563,9153.419420884367
94951,16649.890725732603
103148,14128.412656224667
91319,14836.6315
93386,26420.50928703769
76109,9844.433762626262
82945,6955.299980913403
101785,10536.194300445934
99381,3827.4683333333332
87060,19118.20201940729
95211,31758.825609532454
91694,21329.076956160665
77173,47558.18987625236
82094,13950.662925837525
102120,13904.56051335504
91721,13259.91
88100,7800.442810457516
101115,15574.280319195563
104595,10631.275550246624
90098,18326.542281504066
89595,6012.198666666667
82269,34305.045363873855
79900,19823.550173393214
90360,12425.796988150838
102462,13633.130535208133
106639,18475.875034720164
100825,8550.186840668053
79579,31945.94425726592
97198,10509.738731749681
78303,12896.183467089908
87680,6597.6835
78160,57531.84646214598
76168,30520.365367438517
88329,18876.35
97416,15693.935864644867
93159,58951.48
91927,20485.02611764324
90611,13166.182783642218
78641,34100.49
92598,20657.417222222222
94425,24104.587139480736
91168,21682.450438017226
78734,22019.37220500912
78005,20714.23474867842
93001,31346.900194738126
101473,14038.14975717032
81076,39923.51208333333
89625,7665.291421966747
77610,12334.488333333333
99909,14210.141948717946
84285,5482.252738095238
87146,13012.187306780665
106204,21319.44658749492
79047,11117.522377450978
101371,18222.380553839783
83269,13995.322916666664
79251,13605.555419874225
83976,23673.817317959165
102684,6921.3025
97327,12057.244297000103
103469,10682.348712121213
84299,11089.101830002077
99272,13797.17268122394
89489,7728.411568874665
83325,9776.699095993474
89423,11512.035101319796
86724,8946.902379126137
83802,10124.222293233084
92419,47117.22920094654
104989,12362.424179317582
83670,17908.855670703528
90400,9225.412737343459
107433,18400.44689420744
81641,29753.433705904416
103722,12238.406530303033
86632,11558.012301010096
93036,19375.75114473684
94398,16303.48
84906,7141.513502054747
81280,30175.64
104075,13919.015755316417
95998,24455.182938233265
100993,9109.52
105404,19619.675
95615,24528.68
88828,8641.03650877193
94230,31826.395003285157
97101,31261.895626819736
102266,7502.579503968254
95269,11635.817863636365
87008,16357.403392741862
96384,20940.394437692266
81461,27320.581786678675
92651,45984.45412669377
83997,10516.72932145092
100143,15809.928304230469
86721,18510.022048426104
107348,13243.367498740621
99221,9733.842280701756
92846,21977.73170048027
101042,12998.846757784862
76663,42090.19897727273
87986,5923.765957431457
92959,16823.574561111112
86076,9377.324048025634
76987,13104.676638237725
76842,23391.26700415065
77966,12721.405303518855
86599,15831.339557279669
87922,9976.13552497809
90812,6062.184499999999
90897,16579.327333333335
86531,10898.85691661489
83583,10296.303325945126
81256,26336.608795752527
80343,13570.659057466863
102122,10931.323502500818
77334,34775.273497517155
102222,10262.72
93883,17246.466189399554
101876,13400.437392857144
77602,15663.266428571427
88598,13927.293348581787
77524,28368.2
96783,30291.743090715096
108041,10849.709582215843
93694,31919.546833333337
96258,15359.745476190476
97398,11561.46924752792
84225,21919.72182916667
86415,10078.909258913076
90604,11122.942933281698
103848,10342.154657771585
81012,11779.850161264905
94703,25676.045
107406,10591.3899732286
97842,6326.494804511279
106706,9331.405508623606
81667,32207.962921982984
81092,18895.678113926082
97523,18819.136987731945
77107,29020.525
100699,5966.176086538462
86969,1846.97
100917,10674.93923507686
86251,10246.011326233218
86424,16753.185606060604
79990,12447.43235042639
86382,11982.151758820159
101613,7760.121136363637
78397,15085.55125
80111,12080.418567760107
88021,11209.400337047102
76832,17981.39122166127
78935,14114.78
100446,12574.796209577918
100621,9510.720666666668
78399,11958.876666666665
108515,20793.64372951329
106023,11385.252063434004
93721,60472.955
83647,10336.882509693107
94136,27694.194735753434
95847,22955.08693481867
107172,14681.926682883386
94458,47882.68
94175,17429.496732909378
92726,22528.678382352944
80910,43790.175
86869,11336.717012195822
81258,18383.068311698717
84340,16169.28038719357
100324,6026.35113890572
99428,5783.811
88878,13478.06671511719
78066,49181.750243752365
105935,20242.73848243464
87309,9394.730206047063
87656,10189.480574754461
83790,10677.813630223234
77893,6808.285266258677
76055,19608.134828177976
99688,14894.01665079365
99661,9190.317087551035
93173,35390.071
89291,7743.648817771222
107766,7540.928820638239
80369,16624.448333333334
84448,19998.59200116852
98481,6026.871660468006
96477,29947.978720830368
94818,14337.305303756253
106708,13012.822757936507
77786,20976.914999327204
77244,53136.689216848885
91199,17898.911879994528
101108,7502.334523809524
78967,15971.995
106914,15590.101800350878
91647,21411.06166666667
91411,27978.31
98766,17709.620501088106
105906,8615.01781794027
104682,20899.02
78615,38533.115
85253,11224.823479581335
103137,8266.675771289723
94662,27959.359219771242
104640,7531.694601524021
97535,30892.602705205605
80168,34911.8901369863
89005,9672.490229166668
99876,18968.487083333333
88741,9852.463008879677
88333,13945.20407523865
79822,14170.526650954376
108292,17115.100951499076
106845,13799.994974955853
92167,16365.029080086579
91226,14640.429240079364
95206,14282.63729775281
92166,39227.68
102963,11845.78704496776
79527,46234.15975840537
94552,25255.035552116744
89210,9727.60930090944
78573,21887.353636604763
104073,11821.743625454288
98520,13263.285062975949
77491,45871.63571175577
103333,13194.706223448446
80090,23782.763996012924
98666,9195.642571373877
86798,13077.394922183455
81728,16447.505496031747
81606,10898.675267857143
84372,10865.211637592201
105528,8364.562163657249
107436,10344.118969144214
89038,10514.020668804793
102983,17898.209708333332
83135,11824.955606141566
98165,10374.053398360405
96159,8242.35737889194
90229,9102.108357181693
87710,15811.026970659856
91414,18496.315
77961,18814.604764690986
101890,14032.46475717032
83710,8868.879423380518
92874,21412.245
86534,7199.494916486291
98517,20643.96077181801
76174,34791.89013636364
107068,20624.29124621212
98050,13629.443500000001
98718,14954.739490196082
101964,13793.0693150589
96813,14238.64
95118,15764.290079120878
91139,25541.289471430387
98838,2247.25
98268,9476.517729776075
99553,12602.976554163177
98904,10795.600060926341
80828,29219.792953542204
100001,6515.9529999999995
106691,23574.295672565
108038,21511.030116900514
98715,7436.205773631693
85714,8171.553464406763
88475,19561.84008194987
91923,24825.055
94795,18752.65292782589
79738,12263.200197586291
104213,9987.99
89425,2381.9985714285713
82405,14026.175
101000,7926.552533005618
83819,17081.061190430875
103491,10240.777
88226,9457.225
102022,10766.435345146334
106889,7013.226539490553
98697,15692.005098308553
97178,8883.043446683265
92375,20312.62109562759
95917,31991.865833333333
96308,11911.303242167614
92406,15760.52
108375,9100.624804894182
76860,11695.821458333336
82234,20488.949443304005
99593,10054.617916666666
82962,11521.611299501232
82016,13243.36759403243
86781,20149.5985
101065,14806.50375
95525,19297.29867178492
95306,32073.713575890655
77397,34792.251000000004
92496,29447.49
102473,14181.384361180375
102927,15207.507814436687
91897,26907.286666666667
95554,15189.105
97488,26147.375234805193
76085,17294.780555713387
84133,9623.6345
106369,22290.618331750844
92172,14072.625
80532,13031.970867970653
96952,6841.900192668371
104627,25865.726158045105
87415,10896.62399188727
97047,11144.484736626566
87227,11379.540645960484
100308,7838.05625
105075,17295.19064184007
84539,17162.040277660933
92284,19291.79
95634,33629.8024673913
86731,10697.671054924755
96425,13206.453130394704
96765,15072.8178671426
93239,13035.73
95450,15659.701412587412
102086,16589.50934810098
103024,10577.655
92808,26265.896559945202
99619,8276.791666666666
79704,18560.7325
99613,21921.215
106854,7647.488249528551
80959,45853.619293984266
96020,17440.322346960915
78736,13977.836636363636
101207,14170.857980769233
89767,7420.49375
105747,17871.479375
77828,14283.280423576429
91572,27539.98008901616
88785,14007.93482054787
76972,27582.85525
76362,24378.653734126987
87572,22294.221396825396
82399,30079.38714055936
93833,20217.72411256981
94597,20498.26643635717
86551,9270.059826341696
107163,13303.334485726831
84085,12199.75826734506
93349,32228.635
99389,20544.95
80970,20177.11855401951
96279,10243.712242408908
95329,26456.683703703704
99228,12220.942266414142
90184,15755.495
107226,15652.835724192475
80769,27798.31118554858
80742,16365.714563492067
93650,21773.745
107530,25326.678298394683
87038,10643.857508267194
80146,33237.29852388228
94892,29238.212107142856
107150,18581.481468881055
77880,32100.6767247765
100591,6664.544953056886
80919,13115.057457248637
84533,7124.0361274509805
82006,13303.235539924157
83592,16668.145777242786
77124,22165.264215540243
93924,19210.26643873876
95528,18430.535
105644,14322.153296986438
85662,16757.898685536984
83079,12918.9226849414
106655,11359.793811946667
96517,12942.155496036054
80260,34211.56656080019
78203,15127.75067261905
104045,20823.278721386043
76147,32228.24376688969
94260,23918.385
101648,12312.769515306121
84725,11551.1697655952
100099,11781.909808611488
79381,8946.28509497301
77511,10463.01552020202
78265,14824.050266657188
85496,10635.7365142649
77336,12591.251440448019
80330,32533.838936230266
97617,13060.255
94477,40668.63
94881,11683.040685606058
76653,102735.665
89023,16711.273391270424
104965,17296.086965078583
79637,16674.327337382994
94018,18378.02408512961
76481,12316.353374501905
76139,17525.57469569379
89662,15309.668635065944
105654,19195.490636181024
101555,5678.615
107636,13980.378737373738
99722,14732.44
77887,35966.343636363636
83236,16374.743108523284
107964,22070.139031499137
108137,12627.150645870035
99718,21158.728407299295
86701,13717.946415886
77077,17523.31
88040,36774.83
78583,16320.500744949495
85917,12889.150533497152
81283,23187.556833333336
104304,10382.199513986014
87081,16054.921722222221
87129,8717.436127452711
98111,7940.408817367769
76125,20728.765
89395,10454.162849288394
105028,14057.311584586882
98036,12125.916717948718
78805,9816.22239323834
103101,12608.86153846154
108365,9557.874166666666
103367,15640.814342080423
79524,25854.012977509563
96079,27782.950463474328
104361,44176.767974971364
106133,31466.732142857145
88514,16000.198526322061
80511,65613.655
90340,13647.614328492416
105563,17205.669203671325
85987,15128.83635938594
88251,17979.281943869624
104270,17202.52294117647
100820,7094.120384615385
91061,23948.69083333333
94348,22982.6
106956,21951.578308673015
100858,9983.17
81114,29365.26
103100,9100.44
87787,9937.776698551359
96168,21393.584389635267
107880,7618.771464646466
79423,8686.662954545454
96948,9482.314197802198
99709,10897.02378823586
92562,23794.3
101684,11192.10729006781
99037,16342.489173219907
89129,12711.46866528961
78722,12755.509077395589
100854,12877.122640523909
94206,21363.02136983243
107045,7234.672142857144
102537,12408.722287204939
95597,45418.81296971809
88680,13732.1490625
96439,17665.91
95466,22965.244226890754
89104,6360.87996031746
88224,9758.396940099165
86152,9564.38106631149
98291,11670.39575841051
106901,18808.119476470994
81783,38603.26
100932,6870.371666666668
81607,11658.362838703695
96664,14471.697545125355
87553,18458.936278793575
95513,29537.698614040528
89899,18626.04483605451
98891,20635.401031719717
107167,10027.672568086884
77353,11079.347761904764
106280,20554.148797167447
90874,6700.286662128034
101248,7976.68
79805,28174.201875905055
106429,8809.264887530402
80749,30758.816328946436
100354,9266.8065
80249,15737.904492151161
108135,42331.23666071428
80931,17114.18477279306
107899,8467.73776270375
106399,12298.037352597856
92635,29507.053219780224
99128,7780.141475850728
83388,9494.457646162715
79225,33309.66184991571
103533,7494.0583333333325
103029,13697.463398750828
107588,27444.58578380177
92646,25273.52555147059
95432,25429.425821634402
105377,10302.2277899757
104914,16103.670567840494
103692,6639.948715279553
90273,15823.37554972544
91496,14359.870958603435
90243,30737.297303360992
88300,13282.522234405707
87519,12467.000472001082
91612,19541.1939375
101939,8564.790420375999
91015,30217.32
90181,22525.145386002885
78441,16423.140774785672
108389,11651.128742440256
92627,21682.87909022912
96927,8693.52321957382
87730,10359.460875678804
89842,21551.484187270413
92971,16787.536384615385
85556,9475.864509221743
82669,15966.916449335551
96673,10545.02888888889
79153,39338.895
104675,12186.859040379552
91062,22162.154863275617
93779,23691.765833333335
84248,19881.133155067157
85038,16408.056842857142
87003,13542.898687141687
104951,13678.40684251458
80530,9528.965
83785,17209.042457622425
88812,9377.805654990563
82270,34578.693186231525
108300,12441.325090784747
103880,9599.057997372049
90507,16217.6375
108049,9885.553003463063
77105,20655.354451718493
86615,10175.924356638185
86494,8610.200759981273
103184,9770.444862489016
98599,22528.56635953945
104375,29871.514635996966
107205,30742.299674317994
78844,9464.74617268271
99780,19977.825971191403
88969,10217.749405565337
95137,44771.195
102509,10284.553421052631
77745,30197.724014081923
86566,7601.079440947849
97877,13713.411444444444
101765,6868.7
77886,11574.679173326675
90185,9273.428461876792
104203,16337.06281246246
85229,16669.751144872283
96143,18834.179784057396
88575,17155.196308587267
104096,15801.895489262373
90161,13611.92889570314
100702,8588.920140703498
91390,20597.60102133296
94518,19557.090213268217
95365,14621.008798269308
77078,10379.624549402026
103981,9443.705
93049,19917.47
104932,8009.703333333334
80929,21737.180973484847
84280,17466.524053419536
107619,9098.619964285714
96726,6921.413294715732
95122,12888.2275
96286,27210.706319239678
104463,12292.625674086792
79669,16773.92961622807
83751,11345.343776453614
103686,7864.651534744157
76601,28377.765
78424,29180.53097235614
103522,16892.555504739947
96181,16553.882666666665
106896,22258.564115629983
103201,11686.610377310939
108472,20767.337079545454
96100,10363.063756493508
78149,36226.894107142856
99046,7839.535
101215,8631.272707848486
95675,27258.685
103753,7194.537039835164
102010,12979.454948121256
99789,8379.228166666666
78760,28432.228026135228
88270,15327.838116883118
77169,30472.486859626068
94033,44208.785
96304,10113.283264159321
83591,9596.720756013452
80417,18801.6280876819
87101,19828.233333333334
91487,20674.89
107256,38949.841166666665
81695,29927.968090643273
104760,6772.477161550255
86668,11027.001052862124
106007,27596.082149431928
94726,20057.575
80940,30973.56
94574,15249.11445010371
100505,11256.418037090301
86383,8319.060945761961
95683,16933.234
79982,10818.355670578394
91488,46145.879
79556,39717.25
108183,13764.459194444446
93993,33231.43218127676
95976,32800.3570408933
98574,24933.033089626802
94825,34870.59842362794
88397,10453.825
84250,11197.68893939394
98593,10135.04050965036
98330,6454.3645860575025
103350,7050.503552631579
79640,11898.595
88447,11048.803870226986
97515,15864.75891239651
99951,12882.485198757131
99333,12872.783013367309
88755,6166.763095024703
86184,16014.457917805585
79396,13635.95561878426
86690,13540.631297136433
84172,14424.841709780409
94766,24698.154000000002
95569,30462.575
106158,12906.508472616912
81339,12781.423285728115
93286,24553.876666666663
98950,7847.457540630184
78868,16293.194137175326
100793,6505.795
90095,17020.585
77269,25346.014568310686
79615,22875.677103915663
104050,8708.0753125
103961,12077.246055766058
105844,17786.049476259774
101832,6759.232790697674
102550,15919.897431372548
101434,15689.031208466233
101418,6960.204047619048
108042,14778.722111959629
107747,11238.829244488437
84521,8694.997796025591
97615,14376.343135811207
81424,11449.475
99517,8572.258593682127
86658,18507.864115436845
91422,18814.015363971674
83839,16510.53262603529
95100,17593.46105073052
108425,18582.93501297231
102439,6393.372970238094
88840,11651.476496549276
90580,11521.329848384254
85770,9078.58884079611
87728,19390.83875
89952,25057.94927627024
97315,16709.5125
85711,10692.087450869185
90358,16096.773032025761
102929,7012.663333333333
82447,7661.484494655119
100245,14744.622751661716
84784,9557.370235285367
76465,15410.797713903743
87664,9514.652067084768
105387,12902.244772199323
77089,17527.90623356394
81610,12313.686000000002
81058,16208.020024467598
77730,53071.87
87459,28351.39833333333
104036,12336.820694505868
107145,16536.776227788592
82326,31469.851410766587
98946,11834.302761904763
107053,2881.23
108371,16368.669857873849
99914,8039.701666666668
103049,16242.57937285546
108509,12998.014122346483
97598,21545.91921979866
79617,23509.806011355366
95140,20400.06993945782
90323,5358.534351966873
87974,19919.012919849018
103944,7630.6093702433
103018,15689.031208466233
87158,11133.526128492424
77669,17438.54921461871
98042,18063.977828659943
78268,45890.220894660895
90767,8338.615753269094
90669,13119.29
81912,4690.885
100120,10790.226315178568
102601,9299.386838982038
106911,12948.158782055185
85941,11417.736598410089
87006,19880.54880952381
79286,27904.12045809229
97138,10960.83167857143
90797,5603.126381654056
100707,10861.444916666667
107334,11625.582055555551
85757,9126.005020833334
85888,19365.809395733817
99962,24927.351259095296
76188,35311.1063936341
99064,23877.07452521681
77045,30479.89074816487
84655,9509.104563701352
107154,21846.36839983636
95840,12912.233
82979,17748.39545389327
97459,7766.245687620775
89352,5767.17
98956,20487.057950396826
96121,19830.56654056251
84625,13354.195880416997
98767,8408.584359791927
104355,20124.600561781186
89678,17922.817351972946
91357,32939.65666666667
75998,14826.502364390664
107603,13463.907503310857
86574,12164.929229635369
83632,14109.92081135434
89374,16859.402377093556
81663,12986.737677018024
85717,6919.961342157878
107272,14749.710701742368
106265,3271.04
99040,16120.932216666666
88694,16358.530322333749
85144,15742.06913953575
86820,12168.664702380951
102396,9468.332505723443
87881,10654.645604569181
76603,13030.424237714988
100941,8732.657220633408
97580,23847.65161188811
106362,14862.121191886285
84680,6659.323
105064,10127.82998907758
105522,17086.10283339716
82587,16263.17662891463
81216,29540.16122340077
77075,19029.69779863416
95633,16750.931671184648
97702,7063.20561728395
106735,10692.372083333335
78177,16794.256681665916
108495,10132.715864281476
100743,9903.981392444271
88876,2942.465
101192,14308.422747664437
87450,11620.268059725333
87281,10795.585531663579
89740,17893.938913504797
91037,15278.66237706838
88485,19586.81873612506
103760,10350.865373087645
108527,12960.293571428572
94564,29907.85241389282
96909,13666.850848304422
96759,15759.197299808606
99752,8395.258039215687
96075,15797.605
93329,14649.37410378056
96936,25892.82113820183
98873,8574.483269258371
90863,11962.430224145844
76692,45249.213083333336
89812,16421.18551121458
82128,14298.970568981205
96066,8876.375677798116
95160,34087.19785714286
94923,20779.74815602837
79998,20729.105335801167
98555,19457.053456699334
84197,9987.19178823036
93881,41892.82829145854
96420,11132.072758405113
91466,11059.955
102246,8845.57725
95149,23072.565
92066,32142.53985119048
94579,26496.717284451657
81791,28724.04709064327
87929,9034.581792079109
79839,16340.235733561503
103708,10097.359130952382
78718,20895.20605795007
87840,16532.572222855364
86316,12602.799378506357
106118,24907.235653108484
87923,10211.309494047619
105417,18957.438307982822
95584,26385.163333333334
80187,8704.677894736842
96280,17854.05669867375
88069,7208.2264725622135
102826,10039.181668281653
91166,22971.86
95616,29062.650816274763
77374,25720.465648766745
101288,7641.979659090908
88801,14882.97060808601
100060,8284.274967966367
97336,11318.243058023872
79226,15718.711047891953
106287,11254.117971633643
95018,21638.789409655634
78131,15879.223209842432
84551,18943.915426214313
100445,5503.385684281841
93031,24169.821
104415,16951.993597135042
82984,18023.77070220058
104242,7219.088099999999
86170,18258.20525297619
79814,20711.890494160096
94172,28841.15
95530,51091.009937816656
96105,13443.263842965673
87822,7677.127193223441
78073,15690.892952536447
106610,19247.061323309015
99065,10127.734601406037
77646,56369.62685185185
86266,16637.917870052963
80186,20500.641260801534
102645,9279.247728536864
83453,17176.224338811677
93905,22966.33
90535,4668.139988095239
103695,12363.744275883837
87488,17250.464205137505
84520,10659.065575684303
97541,10448.408550762259
93818,27708.655
90796,25559.37455882353
92896,31337.80722218418
95577,17272.74
101488,13849.892245471838
92336,24597.42
98826,9373.575
99527,13908.227619047619
90582,13595.118996532343
99787,20077.954100161704
107806,15232.271490501438
94108,21481.76
96333,10407.196906204907
100710,13994.383014131814
94129,20965.0
85361,9845.379962121211
86043,38060.58
86833,10017.534662452035
94373,19593.16394253051
77978,23712.030728021975
96250,18489.443773151223
95594,26982.41652173913
96781,31394.065
91860,24593.91221590909
91206,20543.2375
102627,7317.166125000001
89384,16383.655223526475
100945,9757.527145586451
103337,8078.170999999999
78230,20725.65841666667
103814,12396.781029498427
96429,12771.84
81547,25264.288011904762
85056,27025.53429227941
107758,9751.539006220864
81328,21574.03833333333
100775,8482.834316219272
82066,22177.211854660356
83908,18098.062177085947
105323,11251.40639354302
77492,14309.552851248975
107451,8523.596727739568
77351,10970.427110877681
98029,8082.780977591705
101572,6709.192576298702
94944,28590.0025
91179,26147.831785714287
97780,27281.876451719316
97978,12451.988782681707
104953,13210.3485
89173,19331.535260912697
103406,10474.837470150444
105570,7172.622028717627
81815,17543.26282025979
83095,13301.143300302176
92184,22513.104693306715
88793,11587.072224857788
81805,11534.35
85794,16991.217437618594
97245,27567.965
88691,10070.287127144016
98261,22670.821423320693
76495,23434.775018083757
100400,10538.252680786269
95964,33055.4452020202
101477,10196.67681994256
91345,19614.228617070436
76207,35436.86611111111
88153,13960.035
96153,17761.881127869023
82291,13986.488932773345
99451,7869.849691197692
87965,21091.14
102559,9772.094428571429
106147,10019.726965184118
77921,17187.540476190476
82334,22232.128246965454
108164,11085.906607252713
106096,9862.810900595636
87657,17618.977427412417
98448,18929.548338164248
91900,21504.37
103220,10537.043987008376
107077,8167.632138888889
78197,10993.164390676728
101655,12130.339318849989
107006,11544.96609442472
101367,10784.224272814436
91219,27453.865
92182,16412.669080871805
81544,18287.142142857145
80496,20688.31025528072
81766,23411.707000000002
96589,8957.31380698704
81711,19766.474929112555
94981,23558.45209695927
80701,15732.72333209475
83791,13302.908851940032
84832,14968.202056493546
108407,9216.686666666666
98308,17469.737292545648
101437,6734.80813963964
91248,35597.097988095236
104100,19717.145
78410,30243.05941907353
98413,16283.39050577985
90060,11840.121451451549
101366,7122.2
98709,9193.034233632387
102890,8654.37972652569
87962,13132.46920401076
79140,14604.84
94166,34406.500468253966
105551,11206.07694338529
99518,11760.910778902187
101813,13988.167881769568
97443,25439.158140657357
89725,8619.356911432864
100115,15694.577128801637
91893,17907.28
90000,6057.073714594875
82989,11203.3801248054
89359,16375.674447580323
91971,40341.86
88614,8046.741296715804
104765,12574.159211034303
80918,25574.98
91622,16568.374852941175
88210,11591.195027166917
82019,52398.77042662569
85200,12969.786437445642
81558,21092.45539280781
99276,10812.423087121211
81563,33911.94727331042
99583,9420.105084938252
77201,10566.825244755244
94664,22215.007860031972
99203,10463.635748478198
89314,11680.918580842028
89306,15228.553318178163
90716,15853.650237179487
84217,16823.79332037037
104655,21142.174236842104
92210,19768.12469018405
82528,8141.165675505051
91346,53865.16
88118,19031.632868533965
76132,20690.630419695608
101208,11392.9113388494
102136,8159.590212121212
77562,31871.137537437287
108283,24771.152210341268
100008,15576.905052020877
91342,43432.57
107698,11346.121899111535
81538,12050.239971676025
99044,15734.52539358215
83163,6155.0083230244345
105124,9644.782490175026
86549,9780.30913003663
91034,10025.4925
101853,8316.165
99837,20321.697573717953
89337,9750.374055681628
107369,8788.208559523808
77529,15714.73243421583
78801,15576.06
76409,22740.88280788177
98146,10008.675
91565,48614.93656644108
107994,20030.737461773308
93945,32332.5175
99755,11555.199603971487
78753,28207.591641862145
79674,21267.125162526667
101599,11528.989574231326
81659,33405.60093597556
96322,7059.798003950976
80700,35649.437490345044
101522,15809.928304230469
93595,26212.638181306305
78924,18071.022137289314
102891,10739.237156232652
107611,17896.489183325422
78528,47463.48749794983
86323,16279.71996475757
103910,10578.665555576345
93854,20084.870193100094
88710,7745.204807692307
82438,23590.600846153844
83328,17769.85357142857
91690,24708.465
83796,6097.936678414787
99904,9733.684666666666
100270,11118.135847670124
88422,8384.349301077202
102971,7859.853002760525
106161,10013.419585325004
91244,16383.465920634919
81158,17149.981013004093
98004,22998.13722222222
84522,10033.1011267615
81215,24582.747044444444
94487,22534.672357510328
78065,19179.376
97766,19682.997430646865
86180,12883.3009199027
87921,10420.700774723196
76160,30158.058091960975
104197,9079.0
100295,8770.033845067215
96012,13291.742793939395
95783,14902.343082191781
104527,24444.703709494937
77354,29490.84333333333
106062,8311.025445469413
84578,8695.823544077948
99784,13369.47692857143
91716,20953.79862191036
97394,13121.067089863676
97254,23514.66142396779
87501,17333.206880815258
95532,14620.82857936508
91011,24149.01275193799
106069,23913.108917759866
105103,18026.093916666665
84421,10723.846676263849
87363,4978.366868686869
108379,13546.836852662167
83268,11339.424811866185
94592,45930.908166666675
84041,16222.700541666667
88908,24102.070745810182
85932,17968.251562071742
96593,10176.88277214815
106195,10325.814123309034
107153,30530.124778887104
104500,14385.633198715586
85737,12398.424315833803
75997,10324.87941747329
79336,32887.79492442375
77061,40747.5175
88839,18123.618916823638
86859,9219.27590859509
101090,13959.079373214463
87563,10274.049047619048
107188,9172.134070942855
95198,18493.58224431818
86476,15847.39242001006
99894,25198.072956261993
88279,11099.230677309532
108121,13664.419393826378
99827,14009.419003339324
107457,30048.598294660795
96509,28181.196
101858,9480.489295407191
93052,23839.025
91879,30440.0775
107229,6452.347253968253
87917,10080.940458243544
82310,10509.143232864355
93584,15383.008035714287
94356,6595.775
76249,49045.235
88386,18698.295
104406,14844.462936205724
98286,6779.98
95310,25520.805
95994,22643.456944444446
79879,28277.996666666666
97135,13190.699763005457
81818,29723.354648477318
108055,19495.987380036633
96474,30027.777226104612
104358,27453.01725608109
77110,12135.374978724118
95124,10765.425856165033
100539,13011.333975899035
102883,8497.621941317404
94081,3920.905
100018,9209.414923536524
101491,12573.248805916302
89297,19611.20698087931
99337,24786.857357474142
78463,12608.96210691824
97799,13849.139089560626
92138,20665.54881647173
83715,14921.757282913164
90455,12258.97161674347
89100,11558.085496929007
79908,21619.48808066326
91045,16524.18104064234
78357,15086.76
83989,14604.486090847797
83057,7926.379140482385
92472,15128.295339419476
77836,7457.137801573425
91661,27322.225931818182
103107,12178.037088607596
95476,28776.203873897357
96615,13770.472129788497
76337,59128.829268518515
85067,16136.159053398058
95176,14805.66285714286
104450,23075.4025
104227,24658.18523089978
94327,15073.183727554528
97056,22509.293971428575
79775,15242.47
91282,27508.04833333333
98425,14742.864292002972
79509,16612.6
79798,14902.444583333336
82615,4552.14
106314,22343.02306014116
88964,11321.352858771404
94303,14567.297135264635
96851,8462.39154682953
104465,11910.673628885006
89500,12711.634322828502
100482,8310.61305673194
102159,8161.992555789659
83242,9925.965368309007
104780,17949.815522851124
83902,7474.701098173621
88955,11704.630667010852
83139,4682.568760683761
88842,25271.07
99320,7751.38197809829
81840,26385.04503767282
103216,7417.681500000001
80734,23240.763970588236
102743,17740.889681818182
76855,22295.564364751033
89866,15379.424868551136
106171,32488.480187142573
76530,11675.758159945093
77933,11487.95466090486
89304,11771.825
77180,28648.92519196271
101525,12534.259395536745
83657,13886.871391002911
92832,19056.29663100135
102059,15339.049457906169
98895,3728.83
87994,18894.765606116584
86458,10009.655469302063
95568,33454.25213578153
79603,22608.522142857146
77681,12104.85
105596,16666.203381976047
100815,7263.359791666666
77113,52648.413663917716
95519,13378.882960526314
82180,15431.977647058824
105893,19669.88322768415
96087,7866.430892587483
102458,10015.705296639826
104637,16842.934284266936
78633,20872.761468216402
101205,10660.529294871792
90825,6991.215733744326
77280,30227.021580680943
94924,13828.602457199546
92185,29254.62833333333
101547,15809.928304230469
88425,15331.991756559959
95191,21369.00586909878
82878,12430.511920380433
87900,15118.869970652673
90045,7254.355608925389
85402,17471.98143608073
78124,17994.06101341544
100374,10236.519633273503
96192,8943.666423265013
108050,45596.51
98773,5763.791614219114
105534,8561.857738970588
89256,13143.449023555842
102735,16433.61167185208
101683,10536.589601424517
80977,32151.61862749666
98983,9984.675867334552
91969,47424.91
101852,17275.626652889532
77600,14706.305
95813,15428.34413795131
85687,16280.590639283506
97288,8984.757876435844
76331,16591.927
76111,19853.394506082805
84464,12825.862668714884
102105,11198.234777117648
92739,41142.68
87154,18490.5880270979
76313,8905.291875
80830,15139.776559874388
107419,44916.568625
103729,15675.697816518958
93796,20008.3076209139
85542,8536.243353080068
89838,17785.274496630835
93303,17615.969184861715
86555,10137.604926423042
81471,23329.961303853048
97273,32493.331672079057
84529,10703.1425
86886,2821.3
77905,44089.24024410152
78325,12748.848949886533
91821,24870.440321112645
79209,15254.943366673426
107729,10631.000948309438
88328,10474.485853068521
85466,8879.282202194765
105634,8940.364137739822
79780,11001.4125
107271,11163.885780800465
77909,25376.91333333333
81592,20058.934860773432
90946,18897.295625
96511,14476.232500000002
101345,11049.540892181327
94773,23002.12932212885
106754,40149.93125
82112,24331.997916656062
76758,27526.102914258867
99146,19131.424315724376
103707,8695.8625
84009,18119.849337361688
84288,13684.086744281482
107688,12707.541185192087
98025,16945.048251980348
94529,25939.148353463952
78142,19503.000821428574
98985,18825.92577540951
96366,18457.672931039742
96697,8667.196448057464
93267,17342.193333333333
98625,6837.986735074627
90111,15746.57024430593
94666,30132.105
102390,7220.291975063938
87799,8502.503283276152
101806,9882.237938423645
92319,16045.086701993661
82564,9854.867951041062
80431,30656.97
90298,10646.749583333334
83570,4371.355
85343,16017.499412396106
104567,20624.4964962406
107481,17379.980130570413
80625,17964.997408025818
98575,10603.298200787462
76415,16926.03875
95772,26576.953333333335
85564,16921.53658690476
106489,9316.50282039906
104520,9345.455542399866
85622,10764.388340914697
104842,24922.62498453855
81717,31735.33779734226
91720,12605.449204545454
93411,29231.59870331584
91818,36023.82860322863
103824,12505.883835993543
106453,19299.11168371351
96056,22239.46554532986
87924,13185.418089495139
76902,24922.93684757619
107200,32348.38423899686
98825,6441.846269230769
84740,13662.229796611366
94186,77382.81595833333
87093,9576.705214048421
90703,9516.026725344467
87711,10490.863783311508
89763,15094.541453794454
107087,10764.336561658829
97903,11558.243183281813
105393,12777.020192760145
77984,18637.477313532276
93270,30957.2399338756
83584,13188.737597713756
95630,23841.12
92001,11338.38920636308
104596,15500.301020768327
108196,13555.66853883116
94963,16715.035
103813,5499.942371547526
97285,9754.722412329273
102140,8644.545033783785
82537,2436.44
105396,20400.994914238072
92363,23222.935
87145,11511.61517659671
83808,7363.054739227772
98940,9617.578114035088
79334,19879.03808492529
88939,9569.786897024493
86108,11668.25840651471
107513,21166.61043773408
93992,15601.00885635097
77114,15590.385904182025
106247,12678.707278779253
106460,26391.532013701777
90980,24399.9187657563
91407,42576.22
92716,14293.55997078735
94427,24325.011875
79107,49432.09
97517,24722.98758771992
82963,9852.25239937868
95600,16789.143749437248
105627,21163.927413931528
94599,23883.69
93831,29066.64388888889
77796,19363.981666260854
86054,9738.993998067926
103984,6833.9307499999995
79232,23374.964498936733
86186,9857.19429931201
79993,22209.555
106645,20854.59918130427
100923,10873.386326152984
79473,7059.150468326346
78631,12122.033327586207
98920,10803.016660947087
93487,17984.945414668044
89722,8161.556934723968
86489,10255.803623410011
77792,34337.64116666667
83434,20431.127276761617
81597,23502.368581276314
93788,29800.758662833337
105929,12251.794375
83037,15438.094208778308
96675,24602.59430562289
85315,25900.037130987123
88309,17017.908570641317
80642,21198.261488400116
85401,14473.387766667693
81449,13480.294366180657
108274,26073.215
106544,7457.567897727273
91643,39906.02293233082
77829,31325.870218044183
78255,17901.18089477946
106408,11983.699044648922
96365,13580.01
89365,13477.30176758623
98758,14000.57559011597
82412,17045.97653846154
103970,5960.3775
82004,29946.296007735753
76359,22901.737816849818
77601,21021.985
87750,13125.308500430752
103263,8230.782977596415
103050,18258.232409090906
106203,30113.516473019306
107465,26670.153747564014
89824,10611.265945238092
83691,12769.33549120524
83517,12166.510928207288
87354,11337.511230665343
80631,46486.31319855297
88470,16835.88983079977
85074,10415.581729943957
106338,11556.261252968437
86031,6500.439470124174
77815,42670.247052061866
94854,30891.129535612414
92558,11825.33
105202,8925.420250305597
79841,16484.50659615314
81027,33600.76365909091
81862,19837.350427026155
90349,15900.406701646723
95059,32673.39605693496
100279,8788.15810626767
106984,23064.29360720896
92688,26663.75178787879
79781,13674.851672800884
105426,22609.362404945412
76908,20176.151500745826
86624,7919.660443509771
77747,22709.792184181715
104911,23875.610717948715
100968,10211.606046967147
103235,3850.655
79717,8257.686807692307
93346,15749.177545787545
81416,53315.58851851852
105745,16806.79736210476
89942,17071.80585568315
99350,15221.066392857143
77848,16738.689824666777
98163,9279.355
79733,12022.54625
106417,10806.749166666665
98931,6627.6670968748085
79025,20932.02738136806
96098,25941.845481690656
89627,11789.293639198144
100722,9430.029542929295
89119,7406.816171726617
106445,18644.864636519727
80588,18868.739127164503
91785,32596.827908549785
79294,16017.313113189255
105542,15831.094774858184
98603,14602.669705867518
103921,7683.526445901541
98405,19291.912596187027
79284,22015.215419169846
104738,16123.827231753829
104623,17804.996716101694
105041,11536.848181513174
107556,15874.85
103553,18736.068741169693
88716,21781.205
88844,9509.839387915295
87568,4162.105
84183,15602.712801470589
104240,17422.357315188427
87404,12699.644625672072
95985,15034.859915768702
95986,15245.162037015396
102723,8464.128114971356
93713,27403.455
97359,8660.440646395513
91991,18957.91136363636
77490,19266.23682269786
106975,10014.859264870163
98180,12868.230234312403
80465,5160.96
98027,1811.635
79085,14322.78432391143
92539,33405.415973983414
92267,25408.69232405757
87807,5195.862307692308
78839,12648.231222362147
102361,10073.806999999999
76828,19812.227506724066
105914,26086.053688913482
80885,35014.2201369863
89833,19972.800697607872
81436,10985.32388888889
94157,24782.46
98733,14887.87252368537
102978,5376.758189332348
81455,18868.701285687323
88578,4811.645
105743,12395.587000000001
94325,66013.07333333333
79801,21573.434830879272
105405,19813.096420163052
80670,23154.873527201493
91173,13214.89591420787
80960,14350.881348725594
80623,34002.2251369863
93516,19242.823190184048
101762,12766.972606356128
104665,17059.44019230769
93682,26241.1425
86261,7572.977562870082
97450,7443.289823631047
97153,9451.568594720498
82769,8966.081200595228
81781,13166.2044437162
108329,11146.914949915374
93812,34792.51657894737
81383,15762.577663398692
84306,10089.13619047619
78773,6297.625
85809,12022.321325204612
86305,11183.985123797396
88701,14828.82
99973,6730.721
106851,11645.752989612567
89751,10597.836897507195
83788,8070.085489121752
80351,13337.065
84894,12804.713645269592
97232,9623.733571411507
82689,16922.95971413981
102485,12864.18
96093,11584.198780032466
78234,47173.7364418601
83402,10654.07052641159
96362,30572.73412684684
85275,10670.754872652884
106895,23588.73555106658
87163,16255.412757658
94751,15301.573693572396
93542,19158.490168602213
77980,21147.87786718751
76166,13130.38605369022
89776,13418.716528863624
106767,19273.831280478928
84743,17470.14095299354
92273,22305.39796383189
97882,12055.82375741924
76744,17989.17805633224
86560,12310.21152831188
93835,17084.895052083335
94203,11459.72105060948
88439,10023.392041175997
96097,27531.74806604543
105131,19247.28211015728
100343,9399.536436678844
90841,11639.2275
90540,8666.013295420922
92762,23624.236614718615
107805,19475.826444116396
102622,9020.148195488722
108073,25126.54187671641
86061,19001.29186958751
92883,21078.094104911506
82290,6129.925
87824,9264.36394675504
82554,16553.25085426267
102928,11143.165906340068
77420,15047.935379643652
76315,25561.318888413673
99825,7979.831886724385
89292,10507.196726985789
87301,4410.2
103076,11836.940892857143
93084,25821.885
96934,7896.17591114577
85141,6158.085402755819
101607,9752.81804438278
106992,26921.322936507935
95873,24600.584417297374
83341,5272.144901960784
78017,23439.49125
83129,25107.5642953708
92261,12858.37
83824,17631.88697368421
86151,12717.286949579831
88105,13290.07458021684
101848,8772.891560971686
89588,7312.909630221655
93705,24218.575
93017,18313.934404388714
77465,19884.173005842404
105484,12038.84074310991
76751,11834.55892282263
97511,12296.244037464692
102864,10037.464168305727
85858,16833.87075618493
94836,18094.318333333333
85250,8950.440227201972
78497,22356.487823832416
99540,11766.281583588177
97147,30338.306323162484
81347,27748.777125
95555,26468.14079384532
98074,19669.098571428574
104435,10005.847248607924
107097,11390.957263530281
92205,14930.91
90822,12982.257559181937
93344,11881.417027310925
84232,11163.474535465679
105217,34041.975506912444
76013,22039.763188014666
102818,10114.408371753472
106541,11887.00381107878
87213,9086.60134916008
94119,18660.79141526042
105753,18832.239472365152
90397,16317.961686487677
87612,6170.956544435956
82789,18947.061218840354
102916,10341.761899982976
104561,7900.185
105428,12819.746414268804
86677,8301.587531227295
95080,26595.754204545454
90113,9222.469100561377
77433,20612.02676260437
106180,20624.4964962406
101692,8460.165360684172
80466,4519.56
99512,17612.1880293812
104554,12072.108518851486
89047,13647.965112728925
93888,30340.36617789479
89659,10073.263312188265
89920,9957.744964284015
86975,17081.93193065751
91405,28320.915
83203,30508.855
104338,17684.83461571564
91659,32901.44674071258
86385,14103.410594026844
81048,14954.523949593953
102880,8461.184336202778
100237,10726.137180300615
97751,7006.704189922332
85614,6779.551666666667
106145,9998.0389653092
105955,10087.997970836948
100146,9269.963925283713
107491,17800.991933428762
80061,18656.786069143458
94324,28203.231411367757
97114,24830.988562949555
106600,8111.380368506049
90922,23553.15378030303
80222,11506.283041666667
99356,9011.468272122565
92780,21107.000953748517
107380,8987.08340934066
86069,10637.311662875612
107753,18334.853706750273
97983,11067.74
88082,9369.828509485742
82115,11557.2598080903
81634,16647.60945314133
89943,11771.06825676474
104167,13500.51125
91010,21263.649160213397
85004,11782.999223355884
96953,24768.437083333334
78632,12036.041245726496
76114,13323.8462507215
78570,12087.51805993271
82674,13478.729920764843
91196,14897.341828676861
93734,11958.568301136365
96031,25134.48141650701
102015,9178.851521929824
108372,25321.670290225036
98719,10703.874529761904
83391,10755.9622
97098,19192.619166666667
104357,17317.58
93495,18823.948315715672
86422,17360.293872863247
99731,12780.69352606042
94144,19741.282582719483
88103,8431.50919922291
105199,24470.65685153706
97003,7462.6255858847035
99925,8360.753048842083
92816,16101.559195666601
98472,9721.993637936292
91986,15400.798479262674
84152,7981.18216870169
87538,12824.540032023873
93305,21341.29750764056
104249,16853.68776636226
85501,10635.370865671057
82343,28082.75534722222
80601,33971.4164017649
99715,14552.1
90451,32262.018238245928
98282,10592.013581277488
98397,20375.63290156299
76414,16683.537145833332
99016,14365.818633581213
85767,11096.71502802298
102787,11051.24779376164
101188,13720.208197108002
85019,13898.145710300536
79803,11307.354111212919
107582,9911.435628787878
98501,9080.374722222223
107021,9738.952575353915
82317,20232.791666666668
105678,2378.05
77931,20350.763049821075
101619,9629.049188423645
76128,16942.78199592564
86460,16175.729178156722
106084,8018.508924203165
80551,21334.57014954511
77062,29825.384116755562
98406,18339.44993133073
103489,6459.043505952381
107191,8971.742964285713
88549,13667.415116911856
85095,13681.291705128204
83923,16062.595596397494
87074,13420.335466928165
94031,25336.211114718622
99120,6172.230713750818
105824,13621.869001846735
82389,39728.29133333333
91994,17562.608453219695
85060,9454.556290222745
87412,21505.83
94683,17850.6457108214
83069,20578.768155067155
77071,28573.342119296878
81406,30973.367360027136
89203,10660.224033991033
82423,10080.721295496427
88301,11944.971057971015
86758,10133.202832094257
94072,16917.10908333333
102247,9809.808778551971
101529,7909.354
100738,11325.920808381832
101790,9759.958883428868
96188,8991.732204124442
98656,15056.205
79321,11966.687736323835
80052,18543.028507438125
85150,15676.199643146161
102370,8282.61834912855
107503,20135.80967779951
76560,22069.635221390883
85319,10904.496067782804
89242,19229.718668650792
89510,6798.528258241758
104922,23127.03349752821
86937,14410.083526604749
107780,47924.93872670807
102448,10122.175
89648,10248.602158709107
95347,21162.070426195467
97926,9620.809000000001
104963,15301.180275619474
92272,16995.73478226363
76618,20272.801329670878
87722,10878.145728465794
85560,15689.491838502765
92621,25914.807718738437
87712,10628.069732037442
91009,26897.60260606061
76199,18459.348740400652
99145,27844.926692566965
103618,14006.91424680463
106072,15122.546247094077
102488,7234.75
79837,21471.48465728716
102792,14798.183911583588
86565,6226.591182422969
98631,15433.48695060631
106374,45844.625
108222,9239.175
92127,19314.07
96068,13829.243634639073
84411,11660.63995604117
102143,10434.19392384291
77502,20766.08834636184
105514,15673.087705675913
76896,33678.77760186114
104868,20183.665140875866
99686,14146.969166666668
96721,20457.222822915654
93026,19877.65273578561
95961,22727.557558109504
97465,12770.58348882248
86075,13901.385702614814
106946,11611.369926718944
97605,17516.18062039945
83156,19104.317
88123,18265.168733578088
106817,9408.626934281205
103245,8032.29
78564,34245.93013095238
81879,23361.780780977224
102330,9252.319614356178
98866,12378.856928571427
87178,19100.280974681184
83106,10355.547475722846
78280,16567.744060252247
101161,11841.782878333288
96047,14747.090766989786
93044,12183.281666666666
90176,33803.370480343445
76585,21531.61397835502
99524,22397.267773809526
97467,23557.706448943176
95557,14669.085725677833
102816,8873.444892944906
87141,12729.04027027027
82602,14459.107158457713
80108,24905.1475
77871,17197.527407407408
89910,7300.852083333334
76255,10579.019873636023
76231,53479.59706182536
87089,15089.96444852941
107635,15282.909571230157
80916,26191.176551262364
95179,34978.47331499203
90694,7480.920998865389
87504,19151.775856321838
95882,20003.156336017415
82944,11536.94
90862,4416.52125
89494,11034.811810709212
81196,32594.978333333336
78258,27200.064139233524
98420,9645.32347652488
84051,12867.31620292017
97011,12473.277257994161
97357,7084.446466920399
82683,9665.868688930006
107472,9739.338567734945
101033,8383.426060366033
86376,19655.752432098765
97773,27177.369562801545
76448,22750.75232202181
94912,26406.651231060605
100444,12180.23147171956
92364,22074.304464285713
104206,25110.83057241408
82384,27785.136722806026
78524,28131.223222320117
82825,15265.298480006664
81519,24694.440961296732
89462,5501.411636285625
94783,27484.645625
99101,8983.966117101727
102363,7342.33
107901,13063.497199857598
107950,30989.10829267093
94631,22306.087047774272
85176,9352.458801250146
93934,15605.146945247387
99621,3359.125
101616,5455.547033488192
86156,16001.58077741703
96327,8409.594404761905
89538,14456.32968769687
98236,21056.061031719717
92253,21444.515
105896,18263.663033602974
97333,16710.025
83166,18214.447857142855
96224,14076.93
94462,22102.512674603175
82796,9996.845283502897
103597,9960.114317155068
99905,10580.261863957461
107349,14720.668229166668
76754,20291.07178835979
90912,27074.37598532495
108289,25702.265709016352
94106,30220.11151771971
86956,19773.458947653613
82492,7882.954693433468
81747,11606.38
89144,9794.49458487557
85256,11797.20292713999
85342,9352.068782704935
108054,12032.258307443184
94681,32856.19416666667
86244,9640.739778862831
81028,27393.696597506132
86773,7713.6866666666665
108431,22688.37266107521
102839,9786.615007796345
77700,12855.667537757578
92967,20253.89
91982,19964.728056301214
80639,12111.029736344728
97770,11378.585
100460,14490.972283400954
100531,10137.495427863803
84508,10462.75424345204
103706,4630.64
79723,46870.30739285714
88897,10786.466327377198
88695,10244.60084952346
87380,7795.086124580506
76070,27503.46875
99342,24355.856388888886
79110,16521.042480619246
89341,13787.598277205983
90330,17131.0524981059
93894,26132.46
104137,6331.815298245614
89113,11044.147653180908
91150,17731.896491528838
79621,27072.19215614297
86822,8759.010770016339
104869,13745.524692497516
93874,15723.15643861959
77606,30459.865193438196
96981,10338.54267099364
88437,8243.532265724458
87834,10810.357742424245
98923,9665.263947368421
108118,24133.823638866743
94447,18169.033953844406
99454,21451.60355994152
82144,14757.695
83494,14069.303549837037
76545,15953.93088028086
85852,13218.308225940104
107056,24820.84166666667
95419,9899.045
76570,16933.60344387755
91325,19226.484716006624
98990,9651.890833457022
107639,14854.435351703585
100232,11183.868059757855
83318,13501.554019621557
82277,41915.3787797619
105198,16560.604985058428
107660,18807.85474509804
92349,26408.808794432236
105445,15741.2825678147
98333,11996.569295604395
100919,12755.354545004726
94295,31487.04402641353
105853,7065.595571862347
100457,11535.46308703892
77726,16023.23877007876
96027,10508.876880475513
104201,11884.775608201795
105205,23645.99879069458
94718,59522.40146445735
96617,13204.997311101113
81405,11095.499077380951
98642,15684.885
89156,13669.998323888858
104916,11058.753450136464
107696,28317.27655225202
87902,10920.015860147609
106870,9961.574595517535
106153,13302.193528581767
85108,15056.576598907955
106590,14765.157479132566
97948,11695.07779919681
77144,28316.80398510136
91535,13139.892609126984
83900,4303.481666666667
107374,6457.91
106805,14664.59380407431
101971,7056.285384615385
103690,7960.171788580438
107830,14369.091706854982
105302,17475.014515348063
90504,12004.843535280565
91865,18257.455672334985
107204,19673.184659941897
93231,29416.86912091504
94654,17106.34799535269
107435,9757.950357125666
78616,29937.031634554398
102268,13674.785081317432
81320,22200.616776923536
85005,12287.195361758419
98032,7798.747462116347
92938,30570.26163351893
76177,11482.117222222223
83869,22611.227118551593
85806,5826.948350732601
77987,10405.996742408906
103802,10073.526992740528
104020,22424.197890385418
93262,21995.036009578547
92988,21396.4
84434,17838.941864426473
95648,34749.77280788778
77947,31699.239953213466
76135,15950.731341490082
80971,33579.08508590795
105584,10698.910684257628
85530,12682.176339285714
106515,14082.937448730283
80686,20923.221395299144
85040,18842.290121473354
77404,9082.382228387554
91234,37286.785
99225,10099.992038879274
88808,11032.407687266284
89948,15894.287520504922
107161,3889.855
83683,11132.533547925656
83709,17375.05090598291
80256,19006.93902993619
83504,13667.415116911856
90112,9541.822767209102
93042,36432.17403225806
89466,6447.887056451612
103405,13782.065769214607
86026,50198.8
86824,15937.493587379877
79357,25414.784767842364
78812,11504.57
105364,17408.221786130536
105744,7292.838045060081
99819,22592.13809027778
91051,22494.894294131
95688,21117.566123448214
102174,14079.087
91914,48694.645
86568,7791.449871323688
98761,1950.31
101252,9448.43202103256
91406,18801.799139446382
78069,14179.650990578095
86168,19450.822
105858,12066.40796126193
83972,17350.533482070266
107196,22739.68
80990,11460.098281746032
101095,13717.148283063656
93806,22758.33515873016
104535,8215.588003388995
99257,8876.572
94967,15492.77200746985
94257,17471.506666666668
100543,8374.28
96277,17806.15
78730,11538.4701458183
82370,18841.91864989047
86050,11118.836885677452
104245,20861.00991282043
89903,11952.053227058306
106353,14577.92181245892
90055,9416.7175
78070,24747.919175465842
84302,11168.300150820662
101048,8674.130001447877
97981,9407.37729946524
85001,16012.188434305564
79444,23026.9804916044
88862,11271.172700645102
90445,10248.763116975815
92203,38065.960789473684
100623,8839.353039215686
94528,19454.195
94482,17845.790808238944
77706,28607.885
100947,9979.263217812406
94367,24430.37348193473
108205,20290.079500000003
77256,27834.37
88458,17771.712157237915
102997,9216.733829797198
88421,9843.080785774113
86001,10459.670476190477
97594,15082.644861952826
76992,28507.38781632706
92157,17586.27142857143
106018,8373.805807477207
85491,12790.904273221591
103359,9211.697047619047
101024,7758.6470611603545
95167,32765.40483306277
93493,19559.87025092273
77624,17482.285
76803,26471.31692426024
77142,23002.207869981445
86693,18560.32409847532
101755,9806.485866300245
82229,29484.130829117257
105220,11434.576191923858
81442,41708.435625
92017,10367.819954545455
106471,12229.725593267109
86231,11297.785783880418
92036,24097.381585714287
93224,25203.91
87139,9729.136242667473
107623,9610.852234967915
81066,26749.661070180155
97790,13166.948526768436
76514,20609.67030962237
85297,11061.42124618783
93020,11774.585
88666,16817.549
98711,14681.977355942423
107486,20873.872851417796
79363,28436.122000000003
88053,8009.48153171245
87127,13546.468902854096
104704,26512.545981085506
103808,9271.031995947405
90199,26216.56701754386
92950,67646.3375
92002,22683.42521205847
108435,13996.35702962533
86748,11063.60585097995
86978,8029.9639435097715
79932,33336.06013883009
107382,7460.554863209707
82616,13811.966285414544
99198,22201.347629870128
96788,7882.511789672364
92073,19194.854091666668
92060,17024.455104166667
79559,7992.095922408778
105276,20174.638333333332
78536,17902.424630695208
86795,16130.744699334029
103739,16624.473268915342
105087,19005.51
106499,17116.4046198646
81009,46880.64266555732
77053,27598.078949635477
104832,7352.74422089203
81864,13441.361470331352
102634,8566.453640074758
90510,7218.0114713543235
103001,6954.693509615385
97323,22556.255847652108
77996,28357.4525
89082,16086.169369443214
106910,19041.610225610493
83882,8295.774605583863
106459,22057.791
99678,6584.480697463769
92583,35184.57449838488
76986,21390.626475308258
90844,8745.925
94286,10224.440708333334
85208,11321.400718445982
81224,20172.690259395422
85569,6697.486734214053
78152,25667.820451075262
93054,18202.436404761906
93481,20820.501065897894
99735,14839.982636147717
88060,15984.705
97546,14003.1415
81083,28943.476555170037
100259,10649.769319259456
77751,13186.451388888887
105093,7772.535931698933
94991,19159.930310338423
91352,23661.629182552857
99901,12121.226928571428
83577,14254.227216584348
95846,38565.65
89917,15308.335446428571
93394,16416.87933932361
102805,5903.637329545455
105448,25041.759598510456
108444,13396.496650781732
100862,6438.936190476191
95006,48971.9585842011
86446,8481.82482158083
90906,20535.74781884058
95336,26346.761203703703
94904,13242.21
81105,14619.431287205492
78132,11101.143654449717
87302,11270.560212093953
101471,9851.810217782162
90015,9958.122926596307
90539,14622.987535656932
82418,10190.75
79940,19931.721028808966
77401,34664.195
79054,13342.675
78493,47365.58329545455
87727,9099.667357371794
100390,7008.108636363637
86020,11749.510912751319
106293,25280.864699931346
105435,12211.845526232246
81992,27447.020754627396
92805,18808.275277013705
92871,22898.427820331064
101833,14018.591701276666
98352,10810.007414557524
98629,13172.19498337417
79700,16715.37035878522
99710,13479.965
84526,19803.050769980506
98636,11816.756428571427
106829,12537.455972222222
99652,17914.830625
85469,8737.099118263995
82224,20658.99005406277
81899,22123.80416666667
94817,23236.04996590909
92379,26384.896333333334
94423,29653.63
94010,28281.18
84867,14463.985508670616
84679,14272.569996648444
103292,9936.0875
77349,16527.2900540293
77697,11891.471562974213
103017,4301.518363095239
79727,22501.55806225864
86490,9801.201515659435
101009,8013.255
96540,13772.755160256413
106974,18732.121746873498
80055,21642.622819157372
102035,8601.956041666666
87843,7646.031909392568
107868,22681.550407448372
100831,8940.52
98936,10515.549629878658
96915,28487.275152192382
88473,18780.821255906787
89030,12252.583602011913
95894,20825.125
92113,22372.881873910166
105809,8974.733369916627
99360,14750.09
86746,9044.408992213603
101917,10322.152526369813
96687,13375.682952773488
101210,7751.6325749758025
101146,10158.429516991615
104900,9283.595000000001
85924,17579.05213172358
90544,7495.236852443876
93003,19571.0275
98738,12515.268628529877
99884,8407.99878143891
108053,26293.881766603416
90188,6486.825233556605
91970,19951.683452380952
103257,7321.425982142857
83138,8545.380993308761
104017,30003.40621953481
105104,7130.763779984206
100054,11195.794239660561
87155,19000.620299851456
107600,11174.268137254903
80848,29063.490892857142
86709,16004.054448562109
106214,29711.99317669572
91963,24921.679287510746
97698,7108.986428571428
106109,12028.795801951894
88231,9900.522190099166
104537,10649.066696779755
99388,11656.640730745457
94517,19533.81548204335
76658,43899.715
107430,20612.521459525076
87408,7875.0717041067
105971,16761.820222222224
90264,15553.03272394486
78434,16854.670984204105
88248,18732.312262147552
103386,7587.417111111111
87862,27656.335
83101,15592.612387268846
92350,30016.303823248654
98624,5785.929488493962
97298,14041.65975
81919,16739.96158690169
80556,29244.825
98141,14197.421573991498
88205,15403.766837254921
102779,15689.031208466233
99926,9877.605459646074
101484,6668.075276828434
102869,16442.045
89043,14756.394934918446
92878,25484.80266666667
101071,15170.383640091251
106583,26860.825254644962
106819,10026.020582189569
79956,14969.470367445345
90659,20982.244736031913
82276,11526.825102090988
85881,16828.933384727443
76753,32255.54827567304
102970,12571.18
93126,31437.85999999999
97964,11958.574312600487
81951,11884.52099845131
101200,12598.936243055556
96104,30373.69813255209
78169,19250.645809922436
90062,12066.088431318682
100918,9855.477894463815
108353,11140.996979457257
96642,16727.812694806085
104763,10394.346251664107
100926,14473.159211545533
107597,11122.217494661976
102765,6973.836862613997
85805,11844.19748752367
102162,13053.06
82952,15311.81375
94184,46973.94348385021
87797,14432.174633380813
101511,7741.035
107686,7457.415
95366,13441.09
78349,7984.095
100908,4341.259166666667
96196,6128.5741969696965
107677,20277.542486842103
93603,24069.742217478655
99861,14142.210775335778
87456,15830.16899283191
82484,13194.034621303317
89252,14402.265
104243,19458.71327868599
107181,30997.55103404132
90446,4367.266
81412,17039.586180751714
86732,13789.159605600178
103972,9653.323888888888
102586,9300.860382383018
82466,13519.543280399694
84937,16525.47333333333
103038,15689.031208466233
104111,20208.953057982824
101111,14353.694366802609
107812,12336.225173780487
81483,16184.292878787879
81303,18119.969752058296
105370,14779.226666666666
80504,29183.050301106767
85839,12016.933830109416
91560,17342.109957032517
92722,43136.5025
86115,17874.145415711388
88062,23985.121666666666
104876,16802.703525643254
98777,15329.5577882866
92504,19710.72627284203
94025,12291.916845238095
87253,15262.078613606449
106668,28238.193760650032
100007,10910.496856809608
100956,15639.458865042707
104055,14160.906965728715
83761,8680.121479303116
79429,18630.035
104731,20759.363510953226
104125,12098.918680117406
95628,23162.10052753599
80913,26694.725611729842
85196,13627.055449677338
102697,12207.758410714285
98587,6035.397255164974
106771,18389.618774621213
90889,13191.400366666669
99697,9228.458210287246
101404,7945.816707861343
96283,9999.885397330087
83072,8840.872713712582
84053,11313.225
92435,19790.68291666667
99445,11845.255917091572
94604,32613.836224747476
105585,20398.840714285714
106189,13788.740773088291
108456,27352.51822222222
107914,11735.249521822368
105646,9461.395133699634
99808,20596.76964188797
101337,13471.757549465243
94636,11064.798475609758
100480,7569.335917862348
104644,25698.973778703323
96254,23635.979695968814
105238,22617.57180193737
99534,7252.396965852132
85285,13131.831839285715
82145,20689.485855279912
79604,18344.898989794146
92928,24675.74158127603
82245,28457.51580005432
100973,11944.50625
76365,16810.498333333337
79164,17945.486888322543
75989,15881.386898809526
96557,21465.587333333333
95029,5558.475
107817,7331.633224137931
98521,10661.256589174684
103150,12244.765408545136
95850,14155.628821190678
102008,10334.892039725057
106002,13648.31544509329
106077,18388.355
83367,10629.311027626152
97196,14115.04
76566,8120.2375
104384,25112.98745384265
80692,15966.37
101094,11278.633706681154
81800,18859.286077914396
86722,15313.371567887809
100318,15351.450572662105
104827,21430.568760152128
98244,6670.907349896481
94712,27040.290588235297
98393,7347.669861415117
80771,6575.035
86607,17302.26804819123
80768,10382.664608225108
96949,18782.324522072377
87207,10043.445849940435
84629,10630.159207431965
76136,19841.961868723112
76644,9213.907878787879
107649,17526.996333918094
90281,12880.900800343563
108187,16049.42725
92025,38524.57
99737,22304.832162698414
90801,16965.112187171588
100790,13619.670282215855
102558,15192.6675
98713,9595.129125
103633,8213.883175087352
101449,14719.195
81515,21364.662495421246
98364,10092.595583333334
83966,11844.417810770416
99995,9774.22
99150,45170.35785122435
86873,13702.679178368024
83731,18423.0025
80810,35809.77890674824
94650,17358.875
82521,17344.227301221377
100255,7586.276785714285
80454,9462.701701359021
105154,13398.283942652331
79689,21988.710455571116
86810,7305.451993534351
82113,20793.166944444445
85929,9101.279375
77522,26657.0703125
103578,4494.355488095238
102688,14916.87766099849
90791,18725.651621136833
94401,28178.875333333333
76740,17784.917806239053
81666,14867.676330857857
100227,1500.985
85673,10566.487697883258
108395,22195.478003787066
100214,4996.73
95659,24758.694642886454
80490,25838.6949488179
88384,11096.366465048117
107062,9189.028928571428
105277,9274.87662196502
79265,25051.56023258789
84984,10797.427672353726
77376,11403.381451388888
77355,22794.90582378068
86313,20003.577184376227
99285,25249.423263057135
98028,12652.656989263423
77611,14590.938601689977
90056,16104.471923804484
84773,9629.031461597955
99264,19232.470930811305
100948,19161.471914622714
82379,26172.936363636367
85047,18025.61672853252
104114,17465.662181452175
107632,19049.362142857142
93536,14272.422222222223
81421,36383.802136210536
104793,36544.785625
88141,15707.84483109448
102679,11496.470757349487
81051,28119.6753331781
101005,15269.103436204996
97532,10029.903127629923
102499,15884.404831256195
89537,14009.801562592618
93046,18032.97408685082
79823,17465.612307692307
98882,22293.618863636366
97094,15556.530459801208
82461,11242.201757120925
86118,9869.931014671303
89801,7022.388065818514
83127,15582.490833333333
107519,9819.986664376293
82583,8585.711918250698
103259,8679.34831081402
81152,16586.353046996595
106206,26572.06674033225
96706,9149.18850852224
88303,16212.59611904762
94241,26555.111
95076,24871.535934411753
107546,8515.906074054117
78467,19120.907268372233
98304,18025.9003542247
95393,19230.60849293891
98134,12234.842755433569
104152,15625.03
76818,21602.066317893576
84707,6765.915
87889,16729.95027177162
104736,14533.848412789806
87844,17371.147523812808
88388,9222.035627916637
83940,13229.219793620603
99536,18599.077666987283
83313,17351.36196028139
89864,13847.213808504874
106944,19546.565
105635,8652.940185165462
83110,10586.863111736724
78937,38656.365
91724,19976.850898223227
94886,20373.090365572727
91449,19060.147782320008
81745,32006.285
93405,14770.191363636362
99402,3131.425
94317,13943.076534090911
78503,20762.269337940103
87111,15669.32976562174
108538,14626.036183980927
90689,7707.045475031391
84402,19179.086022988507
80890,19609.320048679427
101682,6719.657458333332
81874,11317.941547619048
84259,5074.7517777777775
96616,15260.06
106173,6612.105888888888
102534,8632.220265377413
81629,55572.16108324403
104910,13034.220031999748
92100,29243.424166666664
98454,9737.825556463626
81880,20751.84151463964
83346,11533.486175231677
95335,20855.575
106693,23362.863616071427
107432,10244.519235930737
82694,11131.35219251365
100199,11115.292757539013
107361,19565.4532711958
88659,10035.840385269334
84237,5617.980229819201
83666,9920.982744411602
104468,28088.94659650169
95495,15542.322074202639
84298,17463.538931407056
108427,14325.55119738953
88238,17111.80570673401
103836,14183.713463282602
87394,10198.795861040444
77799,16490.501249999998
97905,9208.485593660243
101142,15875.895771891323
103274,6732.08675
88302,13375.890717305163
76533,12086.321006493505
80080,23264.978837121213
105134,12285.224789259682
100792,10252.49874899828
81408,19017.10425159662
80410,18211.557170219374
86355,12463.393882783885
100954,6980.152388888889
93799,18661.153128900838
100810,8010.26
80379,17474.050133673572
107796,20058.715935718323
94046,15965.698847290641
99931,16183.368333333336
85890,3176.135
106923,18430.87477647214
98319,12599.03205740955
94853,19152.417701465205
91069,53469.03652896077
78790,7638.335
92697,25488.664472222215
94765,33033.00653688221
102150,11597.285394163151
105768,9777.725
81755,21367.735458333333
96933,9813.751692506588
92136,56200.48
96082,7664.155
108457,16245.564723763417
95142,28279.239528923543
85688,19114.91875
86672,12528.628079867449
107583,10904.093751740751
93369,25832.94256776556
97637,12662.606269626918
80868,14522.956757877399
102315,8166.5562009803925
108428,16718.35338197605
99478,11503.73964835603
98906,6447.742419993051
96394,9754.772533796127
106032,17005.3574011673
76121,18460.696633176085
92642,19595.955
94725,19986.560524996377
84528,15978.512480083598
104492,12228.235
98456,24633.939152417024
102089,9918.497987918447
105274,6797.431066854939
91436,30743.63
99127,4308.511083279465
80416,17094.660481134586
83419,8191.893913038491
76209,19752.095
91874,15442.784370433465
107892,13420.293894817072
86727,12917.869375161876
83096,6812.45790505343
107036,19772.843935170047
86096,8508.758369430578
89684,9981.551685648694
105301,11071.845851134503
79056,16504.5222033571
103508,15456.062346605557
102651,11814.685864891075
76605,16637.729596410532
99170,6100.509444805195
94850,14409.9198556995
78638,12452.853333333333
106031,16278.728165574668
104955,11673.32679608586
101565,10023.405308164687
105886,27307.417684342076
86499,11900.210104021297
91809,40335.86
86033,9710.856577380953
90761,16467.502083333333
104168,28495.753895624202
88048,15364.93437398374
106343,29006.68167924911
96568,9536.17245479605
90082,33505.0943317472
85659,8457.04582936508
102950,11045.24935943655
96231,9932.630616081136
101781,15301.939274004684
103210,7709.046747835498
95174,4146.2
105594,19925.96
107809,22459.872411533797
81222,33360.22372549019
84506,19955.425
83399,13741.947182539685
88318,18716.465
106235,22961.86935608559
83952,10455.801437908496
103610,11875.355918492147
107273,18702.623764341184
102134,15916.618212961366
77708,27960.640200993807
99754,13146.72848333307
103372,11769.813520711596
90457,8051.78597582167
80228,11717.97132256194
105630,17936.41380411255
78448,23125.469749999997
86729,9924.219524875347
108510,12471.41
79686,32226.346439739857
82677,17407.87620390415
94161,23952.089346205594
93064,14325.34532498454
103595,5255.245
107257,6615.176501349529
81162,31906.658527257703
106410,9947.712526517707
97829,23350.410969780274
92429,21635.17921231376
90183,15679.149538048778
83816,17224.88190851683
88613,9949.794090271876
90025,7339.041095909579
89004,6877.489955882354
107997,18541.6990242666
97458,16004.127126554704
82737,9825.032202178123
101739,11655.344669962096
86766,14424.446591807122
77098,15492.948811519062
93598,22912.366556603774
108115,11631.900846665934
107653,30373.52596826313
94706,20295.041910435226
105344,10142.576198303068
87516,7399.841937761068
98959,6800.7485
104557,9487.097629527347
99137,6019.969959169303
102126,5908.931315789474
104455,12895.641989183692
104278,11109.253265155605
80331,23768.122421984877
90087,18382.9056148374
93700,34189.54
108517,13199.131648179355
97373,20213.996276123642
83394,19208.947436497147
100989,10849.440255287533
82625,15995.033373373113
93457,12576.96111111111
103186,10214.447500000002
85133,12082.301847336392
101198,7497.235947379583
102095,7692.613747835497
99684,10337.69
83595,14171.179567882797
76960,37029.825
103015,7118.76
91987,46608.495
78825,24974.0090625
87668,17972.174995958052
84826,18173.11578032033
92309,11254.413333333332
90969,19735.534744653825
92987,17730.798
105317,17988.2575
93606,25057.173993896224
95536,45245.263
92839,16661.302522883296
102133,10140.666192104098
105225,18793.41756097561
85627,10001.806144487886
79013,43421.321779957434
92008,31482.349697214882
80983,19664.622333333333
106475,27068.997291666667
99357,12260.348095238094
79246,22876.509647706767
83200,7337.714898962148
79656,22504.238368055554
99031,25145.735760251922
82780,15984.21607316205
88310,11140.42154715526
98056,27958.986419921606
77289,19721.38375
105503,15391.90984848485
79198,32585.56423076923
93429,27220.03
97172,12478.551161889874
105958,19369.18983333333
103180,3544.555
85825,9346.84924898374
81725,31511.68166666667
86590,15367.648697813063
92366,29920.728701431683
80589,72044.765
95454,17856.84513188051
104525,7161.879888888889
107646,9312.586666666668
99226,8791.970167542016
77273,20092.665020299144
99642,15318.610472222223
91195,24877.02071407759
98641,22371.92154351919
107724,23094.56914980486
89646,25655.096373015876
85873,14978.49683049119
81468,33017.1401369863
97648,7281.3001723460875
85573,11061.243820691
102394,4184.060714285714
77771,20679.843725609062
88122,14155.771820334205
85640,14945.539082448544
97560,6043.235333333334
100584,5604.69
97404,13883.259665597136
82414,10652.66915099335
84609,12386.101503588809
100462,10122.43798819834
91573,16001.118069266118
94716,19001.325
107560,25609.966423350037
79627,19817.5775
83025,13136.845831084192
91918,9541.094888583639
87344,14421.028945074206
91683,30814.02
77259,11936.302486111112
95887,21903.957283727563
96802,15564.132737049791
103965,5938.380857323234
78110,9602.522095238097
99144,9186.190130952382
86801,11087.20407008882
88181,6848.42
88262,18178.865
85846,19358.99913921126
97896,14503.424033318404
92462,55307.158725771886
99668,21040.490371285305
89440,8048.96466886098
82867,27153.19431743074
85857,11078.88556674522
79583,30933.469757309937
103090,10000.508627036821
104184,31532.10792590861
100921,10326.780833333332
83124,14408.884301314432
93320,23050.913143939393
81985,26157.78347222222
89618,17482.233538715813
90086,8517.376785626875
80855,30854.892567413255
105114,10333.846199490268
92497,24486.415
89049,9974.019139448104
88584,20089.112408722107
88019,14916.197630935956
80119,21912.481677310796
84879,20452.725352740625
99293,11336.360928571428
82515,16362.804553398058
97600,17367.17
103737,11593.063114536511
102387,16200.173287037036
80404,33152.5927020336
105785,43703.24711956522
76379,20826.091588418352
100569,14913.205658858684
101553,10586.531568086539
105803,10860.99
89151,9475.391558982461
102960,7406.476125
103094,8140.587247412009
92146,9720.44
97802,10842.888779368708
102939,10731.387110680991
101492,10554.125270247707
84207,9969.373229715198
86995,13413.753152845135
90024,22733.783278922867
87536,9216.017520833333
103571,8117.81
87529,10981.35828183874
96756,20216.46235858586
92326,17587.10890706454
97609,7112.165186287877
75984,17045.14632738105
80733,33549.57
77150,11107.834342105263
102496,7599.209450287309
86666,16864.39394494048
78836,11176.817738095238
82444,9348.189932423584
104414,23927.88111263548
98585,6652.373813647374
85191,15751.54
88013,10603.238960938623
78962,20262.60347578551
101510,14775.674863918086
103438,11452.11643518622
99474,11782.43736361889
87180,16992.383717888042
82983,23738.845
87503,9481.511559532242
90410,21609.4302398374
98416,11265.4
104117,11040.789041090817
84900,7425.260714045633
88565,19407.70775275956
93797,17114.82
108131,44835.72745757211
78848,16882.108558234984
88151,13289.655516542314
85081,11138.595017779011
78163,9760.201548659672
106580,13052.375028581684
104638,10317.765
103696,11381.267205447331
99589,7857.087361931731
79699,14246.241775740576
95129,27398.6812037037
102173,13217.945484621045
92811,23293.58111111111
84986,7765.488139299072
84162,16049.464084048459
77340,23185.024876872394
79685,30063.876373898725
81423,24656.37544700435
93745,19815.286589511765
101399,10195.758949902249
91611,23795.710288040504
76973,12914.560897081416
83734,21857.230897608948
79526,20831.33489784946
80087,7049.655
102186,14065.608311539483
77640,27886.496850889063
105138,16012.99
79146,28602.756666666664
91713,13025.632189342405
104230,25292.756577944267
101896,5971.968690656567
107587,31079.79465438929
76461,31109.762801470322
95587,29675.34289841242
96185,11776.456809492152
103181,11230.905
107643,27238.33
88948,9896.387233393247
97565,25687.868724277843
83821,11259.590860822214
103781,7136.345
81677,53455.57611290019
107975,17692.953387216487
84106,10374.850344060544
93060,45742.642321428575
81078,30950.11618893116
106748,20072.415
79264,48740.37065518015
84098,9706.347456802217
87838,21355.604326239983
102957,13499.935841886778
89353,10955.725263173545
85492,11085.895743074014
107957,24056.310490896994
89938,13580.641381814252
90260,9215.041132284161
89571,12828.164041538423
106963,10252.905
97266,11434.535401404393
80413,11548.189611283644
86028,10833.590766431626
93343,28471.045
105232,8063.093253357754
107755,10309.92982655519
107326,12111.153154761905
107571,9387.458775494482
100062,9562.948220968881
91477,26334.563703703705
104598,8645.865064102563
98614,9162.689577047495
104034,28077.744236194427
98446,9390.16904040404
103023,6132.599476495726
91550,22643.86909090909
81211,19592.47
90619,10226.655928571428
91525,39242.93
104422,21077.370261330172
93555,22765.16627891197
88346,10635.914750186403
102067,6365.3143650793645
107051,19256.13806525432
89642,17474.64642857143
83492,14515.14035572638
99169,14014.532
85964,9174.267450879983
85179,13040.344563550861
100677,3208.87
85529,12571.000124046273
86198,13246.149219331517
99532,6698.077460093897
80443,31951.6
93248,21720.43020938614
86958,14463.349558742537
77942,27215.496178081958
88568,17423.14568965517
81730,55735.225
98884,8383.090617553471
82267,15599.258217070452
88088,11925.058541640728
89578,20914.63529661017
83568,26511.78
85083,8469.124166666668
79222,17412.054964795956
82543,10732.797339693345
82611,2648.285
99708,18939.634016959626
97699,6263.030285714286
91371,25438.682355006105
101757,6075.655961538461
104417,11715.634153302452
99830,9414.541693523857
88477,17270.929313390337
104614,16324.965838464914
76098,28896.56
92143,17565.446399246706
81343,28839.5061025425
77212,28013.507364303376
78262,51239.73571443218
95097,26137.5398489286
84440,10038.09141176255
96942,18226.394932404964
101584,9608.322498178031
77202,7175.87
85173,17815.752117056036
82953,17011.047831117714
81151,23624.09431078499
104377,17484.57055417835
86697,1528.115
96650,13548.15230840017
77031,18028.01302316366
82235,45900.39748484848
91333,14904.95
103393,12492.893982145513
76254,16439.490972542313
101592,12992.973807626207
101865,9708.55
90819,14109.378526637345
76941,10546.715244755243
91974,16036.57313564246
102930,13341.942943362195
96310,20170.455348270192
77912,23839.780220386376
108119,13680.87076436224
93631,16861.19477213728
76592,18294.875090871137
94282,33806.0015025335
77715,23636.757417647474
93747,18912.904920334633
94560,37661.885223529614
90108,16569.799404419962
102128,7292.976353443712
85820,17073.009421413662
79541,12412.015863583429
102901,13007.331187135725
102761,10523.965119047622
91536,20567.44679757453
82089,13491.960707454004
108489,9005.347601913145
98409,7532.843400164371
79151,13315.903391845344
95549,18292.234455314767
85472,7289.183842058194
82072,21670.671430213464
99386,13005.531666666668
92932,29271.61889808108
86525,18467.940645083763
99013,8979.500238970588
99472,6944.78038095238
89967,8990.073774265571
106604,24745.202264499796
91608,13611.804944444446
82249,27895.51600130375
85445,18039.001349874085
106905,20780.927079545454
89122,15587.959360387253
87056,15277.220012511041
98254,7235.277743312243
81697,29255.944329585447
102542,10970.2775
86804,12295.780926724137
92626,48760.02
76602,43508.245
87943,12149.19281660731
95438,19309.015
95823,18543.85991508267
82403,73582.8525
79347,22456.80757408117
99419,15162.287706611904
88561,9045.922707118558
104572,6078.825
108507,25607.42
97900,7589.431091057323
89733,13866.927555022172
86211,7065.099033942364
96713,16160.368153543597
107123,15916.957125181563
78086,18686.066642811013
100576,14802.937944491896
102589,18767.092491169667
104477,27503.29324715909
103487,14183.908356009948
79189,11936.445197649573
89098,16582.17371168436
79787,30702.013839261443
84294,17963.16730081126
79128,16465.681966346154
90269,8585.08
78251,21278.74811019255
80572,10214.388297422627
75986,48349.62637487022
77619,31479.72111929311
105025,16799.83805844721
93882,24733.55
78338,21322.234884691323
80621,28270.395
103601,4803.9675
88170,15915.294793572975
102889,12466.474942366469
76347,22927.33456261807
106080,6289.502798245614
98834,24691.48
76498,33204.615
85104,8635.787858896198
87534,10884.744093261046
89883,5395.027637354605
88738,4882.5821428571435
99252,20440.214454741716
102696,10747.150043432102
95948,22174.412890830456
105438,27884.224129146496
103463,10608.89938023088
100261,9613.952607413328
95315,22340.551809163062
104172,21905.315
76502,33932.15397366874
91569,26971.74
96071,12748.845844422598
105936,18766.325904761903
97089,16799.65892857143
85434,15460.917622330864
88446,10565.822357320054
93751,28948.732364262392
105399,13816.281172285095
88174,34197.55
88555,8396.16
102346,13162.529551852387
87144,10941.427217177483
101990,9725.03599607166
102931,9467.002043454648
108317,12978.761203463013
87976,7490.795
97988,10461.36360336481
101822,10887.450428591881
82536,15516.022714102905
80676,31384.44
91255,10547.305
94069,16362.625768181819
91894,25579.25761904762
108147,13407.27269070935
76928,23988.17482499008
82648,13707.472525572563
79426,13141.558406403938
101936,12928.395254751906
107567,21818.734658619527
88776,11497.75125
91113,26787.9826649073
84568,18235.50890506195
78044,24542.921208131742
76929,44301.96
102526,6355.767393162392
92515,9365.216741071428
90009,8201.864319342694
82978,8564.686414529913
104437,15854.973489045222
101451,13703.255139500076
76325,33196.99195371137
89491,8420.950417350385
98435,13091.063516138764
92282,15967.999028614315
82209,15356.107950177033
88705,14295.079989395332
104679,9545.651666666667
84919,7619.101955555555
89998,17893.105614837397
103520,5542.717912055336
106857,10539.69888888889
108499,12653.024834389842
78893,44121.89
100860,10350.115294117644
91684,10923.131309523811
80617,14277.980000000003
76634,35933.56944444444
92055,26079.495
83030,3644.965
86154,7033.0792855339105
96022,20784.265
100336,17495.385
92663,13840.568729441944
102884,10411.570550881486
80763,28808.435
78329,11592.965
87867,13881.239338358653
104353,26563.112705834257
94284,14390.573972222222
107996,19755.87212275092
95784,23602.37134505642
101298,17114.161666666667
95995,17629.147723647256
102718,6829.709457364342
93623,27051.466825371754
89585,16913.748935695075
77533,22302.399317274198
107550,14393.812816090336
87760,15655.9812974094
86299,3472.67
83152,11479.217005062847
91322,30631.365
91286,7350.505
89231,16682.09113643292
80082,9395.175033882782
105518,10117.23794273654
100224,12180.315861063402
97261,12514.075634615385
99651,27788.069286111786
76487,10273.594000000001
76867,25808.2614416468
84574,12178.406289295548
92378,42153.68
103934,10888.115
108445,8815.576220610646
76872,19907.903941807814
76180,48847.177537704374
106906,9693.948719688484
76431,14363.65
102603,10144.880429819646
78403,15168.171881397726
100799,7744.895693853427
104755,14753.752544019117
89602,25549.22680952381
101656,7409.89
79362,14613.201557575758
102262,14103.6357740113
79884,14394.025
97740,26928.859927486163
101264,7471.6601915584415
76525,11562.327021435685
101988,16184.350161482687
102819,20211.771769963714
95501,20720.041206273432
82890,13203.218647885611
94413,18626.62267140029
77898,26403.491908450706
92991,22459.56523359718
82055,11471.747138888888
100865,12817.026665992842
107388,12832.632244690158
94252,23050.99
105973,8240.999623680242
100976,15576.905052020877
106212,26273.417388551166
76078,8984.260714285714
79014,16678.89
104787,10343.439439489226
92342,23097.605
86334,8256.93482111045
94066,11580.388908730158
76062,9719.23830681818
99371,15802.54
91498,19391.172604166666
86406,18443.747205128206
95531,32592.911016042322
93274,10002.229708333332
100190,15637.905839708568
90424,20158.854006693444
99089,11987.134428571428
94306,15726.040614480044
88209,7853.256890046831
90029,8786.92603550606
103397,7944.271934591301
82341,27912.9475
92358,28086.226203703704
100389,11095.402691579367
104886,22364.0621875
98404,10024.010908914322
85100,16690.128839548317
84878,18915.138
78693,30623.65222222222
91992,58704.865
105754,8663.629185897436
89594,17400.71373717949
84756,5569.701718929732
91795,77702.52
108235,11149.023134684288
95474,22858.09
103485,8673.074215762987
107700,9554.447261684898
86613,13072.333300302176
85741,8652.642768962569
89372,10828.533286624011
79735,28857.055
76186,13636.144829082785
93135,29585.202166666662
108107,7337.3150210210215
95853,31094.95200544164
106625,25688.54334077949
94400,17424.734611073218
84893,13965.576023532545
97777,22088.74417883741
82127,27858.495464026375
102116,15007.929894179893
84330,19760.9975
105251,23838.189128269627
104115,9873.188360986385
93746,13934.641938320297
104982,18788.458454049356
105988,9242.885010240452
102562,3416.215
100822,11506.971049341042
104409,23668.89
80140,15344.727333333334
103317,10130.285109534283
96145,9095.886220695971
105732,26556.35083333333
100943,10951.592456681152
92940,13963.821347700248
108400,2580.7960714285714
108512,12683.925520961398
92473,43952.15308712121
99001,10202.76144736842
81082,23956.567133544093
108460,13483.101997288146
108169,11256.885067460318
106864,19157.848214627633
84685,19473.170145688713
77736,29442.810367494458
94232,25804.285
89520,3719.99
104514,19598.193625
87509,11543.831485765435
102802,9610.63584756061
91042,27981.665
79197,28800.33813435988
76499,15048.904713903743
100082,10025.432826086957
91224,25035.64625
95303,14555.308996733707
96830,13429.69494678154
88064,14101.41919346514
81628,8389.975
84857,7845.385936771827
82032,19903.9118931132
93316,23712.86680487805
104993,20831.64097473433
82315,18146.55175513489
95990,53600.22
89970,16707.949
93407,19697.653826785536
84755,14854.214430031265
84684,16473.313561526713
79353,34720.565
79649,51174.78114285714
81749,25347.304516221884
107002,6518.407063892686
82546,19524.762990095154
97536,15061.78366155563
77580,29474.565817613555
95967,22936.0
108150,6648.040860323887
98992,8205.57046408438
108536,10159.81081256701
102358,6557.6475
91856,25618.8725
93148,25634.571039682538
84957,14313.141000000001
95413,12986.750816326532
102404,11503.443627585484
91495,19535.824566512165
77953,22313.706647248488
87398,8016.820630197257
95955,16553.95125
93290,15947.742893173345
88128,9707.145130711426
88830,18810.33
83397,12059.935591512494
81599,33902.8801369863
106055,7136.3
77655,14213.496896367522
92106,28714.548631775415
96536,13485.961944444445
104575,15173.833112914124
105513,8847.041468253969
92308,17420.954862372553
82419,13830.72945177665
96473,13092.715
76961,28558.056551724138
104060,38161.053452898544
91056,20963.435
87618,17330.25953786174
95253,30869.60788758528
96135,10250.743856053206
98015,7787.653413994283
87695,10805.404591588547
79066,14379.36438057041
95512,34792.5560742163
89234,18200.47605787025
89971,12263.1480763232
103750,10660.529294871792
94180,31409.277558906724
107947,23300.70087671104
93455,72446.1725
86369,16155.443997669303
78817,19518.94914709768
85051,7741.071960487176
79315,64423.805
92395,27495.308703703704
82513,14098.592551892543
107728,7449.628844083579
90261,12576.406419811321
101064,13514.16992333818
79329,20391.415
88998,11503.470335953123
102002,9361.362825733822
87718,10689.1005380621
87774,20451.915
105214,16136.176876495216
103055,9920.54671261266
103543,14489.590561245728
104548,6332.195964912281
90387,9502.683257595234
83786,16799.227758453653
108102,13637.831515019163
101455,9124.87
100577,17970.667844649543
97483,6451.524028460779
103056,11329.213532509157
78401,11121.884222027973
97400,11093.761827665181
97703,13322.60982142857
101311,8958.331666666667
87912,10787.474894611329
97168,9241.006861854863
100833,14657.5275
93043,26316.86333333333
80772,21376.115
99794,5593.854403235653
78326,9984.67374233066
98710,8999.014370206854
92351,19996.238596895208
87356,6626.4392970283725
96926,32982.29910912517
100570,8125.5525
95109,21248.45
85050,7405.795542758365
84046,19992.762159090908
101466,15504.215637320178
90832,15470.589360807247
93397,32941.475
107778,16303.689944318714
106710,22542.061714114832
83464,8005.887125060497
93622,15499.4183875817
88744,17562.077192533165
107378,19303.949831125014
83032,11462.791089609878
89480,33777.913595308804
92634,26437.540032679743
81057,8952.5974729978
102633,22481.65654982956
101794,9340.500833333334
78355,13702.97047612881
76544,55842.30000807572
77408,13056.1024144455
104451,32060.407005462414
89254,18111.714028053608
85412,17185.424112496632
97709,9767.86621517335
105230,23880.106827303407
87691,12485.570104090355
90722,9536.021666666667
86679,13956.719259209474
81418,27621.667907707604
76980,17724.685625
105319,13976.859310522366
80516,15698.779946876783
88960,9052.258363813684
82982,11161.569962234425
105004,24497.867911706348
78037,37606.36
105901,20655.969805143875
77109,14066.536666666665
85855,11249.640711781702
107355,31092.77515685974
106193,10302.649660256411
97700,22286.90765729866
86150,9433.476336371068
76267,34091.69541829448
102096,15993.943083333334
102561,14198.276401848456
101137,14097.009873903125
92050,70277.105
103878,9545.335
94760,23336.3
102678,10334.545499705151
79971,26686.63888271569
85739,15652.566978737044
79714,19070.90910800281
87673,17309.33634314387
107304,19445.475
78692,29879.776262379848
107274,9771.491353173162
88686,5352.985
90843,13415.135
97507,8112.678636416107
92343,48155.95
78781,14152.770833333332
84990,20711.131162280704
92913,36173.739625
92079,45402.915156683084
98507,7871.816380815787
97152,22087.55202591467
78442,33394.70210992908
79711,12584.635099789915
96643,10314.10500931677
105000,8009.310535714287
89454,5943.164251984126
102265,15576.905052020877
94961,27311.958333333336
76335,16966.223373719837
82897,10508.657703690129
94061,26057.46
90661,7947.353460828645
78112,31419.92
95596,18879.143812373743
94740,34336.26547392758
83287,4505.865
96668,14127.968333333332
101834,17491.658378518234
77285,31994.18816644403
102545,14341.997487907325
96287,19739.833828197945
82156,69718.8675
87276,11344.065728605208
77564,18033.41790199292
105991,7282.60853290014
107570,14746.5175
94519,32152.05215330443
78369,38466.718621132204
92674,9935.926668317792
90532,20989.973142626957
85489,7330.4776350528755
103660,10273.695202993988
81206,16676.06166239316
106764,27422.1234627371
97425,12472.769027777775
96393,24066.035253304595
84960,11175.47652926181
78993,34807.35916666666
85876,15061.956216546556
103936,11079.274680226992
84201,6604.41174621212
105098,27473.082388787152
85078,15276.804368853122
89886,14407.113806401552
81268,48132.805
79945,17127.447307692306
97727,8460.301808611737
90636,7123.594047916923
80106,8744.54763888889
76947,13105.846666666665
83264,16045.471485452557
101532,6621.953634343434
91558,29787.87674076444
93311,15596.409746352094
101967,7028.728277777778
85725,6168.73
104684,22712.871071428573
89747,13547.094957025081
105165,17422.774413376592
104814,16112.380034059372
101904,8790.996652186761
99238,11982.964813186813
80989,24852.583938036907
93575,13832.123472222222
101536,10302.427934623625
86847,8967.467610367465
99847,11704.566906820333
89212,6916.2906917502405
93997,23199.415
93647,29005.766081997488
87846,10953.293466687226
93737,23307.3119984412
77906,24000.201426527514
80648,30284.77705930045
102925,7364.384084353693
103709,13229.763764728734
86195,12680.439697878259
76865,12415.40701388889
83260,17323.33395978922
97233,31338.28912317979
104618,20576.52783276356
83879,7332.316932331933
104804,10562.4525
100551,9834.349142807961
90524,19692.5260163176
99669,20482.73113095238
102658,8130.423228833499
101398,10249.795
103286,10988.106036292425
94823,32872.386561830426
83630,11260.173190183741
86079,7279.485991916469
102145,7777.0709700718135
94270,45849.42662651837
105688,27913.264622707953
87335,17856.21799197321
89805,14358.719637902877
95093,26984.281521739133
76699,18127.882516025642
83187,18482.12360449288
84218,6262.16334273338
94153,16272.912668520743
91849,16582.37125
96202,14249.336128605768
90172,13319.349293246712
98759,9920.947348377773
86718,7421.565031759907
103349,10336.40532960142
93293,46281.035
94622,36408.105
93181,21842.518264112383
104870,11855.365206094993
83247,8614.995888589327
87566,10604.909357066248
77362,20688.2734307461
79537,20319.1863992099
85049,13478.06671511719
81402,16796.988585894243
108341,14790.539823602012
92193,23573.324088722722
100184,15616.803236713933
106252,8951.663787328465
98047,11924.14552857143
105416,11278.87
90872,30798.160322239146
100235,9751.756355263158
91485,22514.528688017224
90534,21816.985797342015
77841,16349.788491590696
105730,12874.25834633189
84175,12825.702638441291
103964,8685.645
105970,36619.963902163945
99843,7572.92767745237
102012,11000.289339249619
76779,26214.456550220853
80778,20391.136461738006
106638,15123.468833333332
88233,15629.71
102657,30201.49488957204
107180,29061.088716689595
108468,15746.637768292552
86399,10721.89512023517
85128,22109.101314201554
99868,4844.574166666667
100413,12035.626279761906
91125,20807.126253281473
80467,27339.132562474748
78605,12922.072955029293
90259,14086.799628237646
106759,10435.37606600376
101253,8907.985158939131
100980,7668.052500000002
83805,10576.453336207987
96745,7631.865114427238
90242,16722.07811355311
76118,26115.031991147836
98824,7755.067083333333
78006,22080.289180402913
100924,14142.441928943628
77138,75555.35
87665,10857.619249330079
78023,14840.053972195257
96117,21636.88763481783
86789,8255.808667895084
88649,15981.73910113605
96792,8443.492238919926
79403,26528.382140704707
100547,8155.446944444445
106529,12331.219988162513
83042,11291.117609472836
80334,18645.16434082823
86589,8313.208333333332
101811,14739.732142857143
94128,16498.70125
95868,7402.206428571429
76244,30401.464051724135
88957,18981.66826828595
108503,17157.533370337995
84409,9165.212072249653
104962,27460.708371007302
105121,7956.534316475765
94389,14282.618855072462
105602,16565.0902197709
88289,9286.911054160104
108168,17085.458333333336
84978,19129.883804725807
108011,11169.021942233261
79783,12170.224702380952
89892,21688.1542797619
91748,25100.895
105942,12289.82762658667
106893,17305.637692307693
85969,11070.675265416987
105403,15536.899159118286
80319,26907.637021491002
103010,4473.425
76518,27488.67106363063
95598,14609.52592998416
101287,14667.351330476497
84475,12062.98125
87686,13985.614368823368
91202,22637.865
85296,17043.229805980664
89710,10161.442026862027
108409,13696.726133246364
104660,12251.991014907186
91493,15776.666880153056
103318,9638.939212598425
83537,10793.812816673331
93277,18930.3025
91290,16958.588072278155
107127,12225.072607003818
87752,11245.005957089887
82613,15104.51718938658
104508,9193.139563020733
100051,9255.582597562361
84203,17213.56780057104
88624,14135.978078514776
99483,7562.0539876338125
96635,29149.640070355214
78956,15244.599131016043
105839,22346.14
92487,20480.437611863556
89382,10240.048240100583
100337,7097.662916666666
78640,41854.08760416666
99495,6801.363565582329
95580,40981.13
85347,16585.9584252242
100050,13709.138670649314
97749,13901.357271002711
76587,29520.096838632595
95918,31803.693684891598
93823,33878.96571428571
80470,25198.767484941305
95399,86435.0775
101483,7755.488671013514
94776,26615.420902947666
97442,6278.696365450725
79267,26428.930394857736
82710,11926.875337047102
77473,19191.103911425354
105371,13466.762336064603
84991,14873.919344207929
93878,25618.635
107126,17386.756055097918
90996,9246.17
87095,9923.780639243749
80205,16728.693857142855
100043,9327.455689770373
84793,16013.463989295497
80403,13062.047296218489
88018,13337.34825
92747,26411.303703703703
104894,12562.332244439558
108319,26696.057424242426
99481,27263.075
98270,11326.4025
88155,18501.66643181818
84565,18300.253333333334
80779,45939.30404203791
105684,28627.036698391916
106855,14988.394115518528
103908,7832.647424805647
100595,10696.971561506158
89822,20310.98084040718
100401,11516.467559566394
101037,9216.392273809523
96350,19223.4825
104191,18533.977935960578
87891,11802.065406534357
97744,16256.433635589407
105757,21092.883020833335
98966,13831.762103174604
91869,8777.795
81292,16117.37035589146
108284,23808.80701663614
83092,10467.082239879583
78394,20024.462921311468
97961,12661.920853174604
77723,37036.52113636364
87317,8262.320571844968
95065,36385.54
88227,9936.220748498961
108087,9717.345
76311,10979.98162034968
100764,8647.961317640693
87828,11032.664123462557
77314,12325.840333333332
107860,12160.505772828983
100339,5915.975
106165,6211.001
104443,12103.581054441229
79613,33432.799034446165
92686,25243.503083333337
97493,18135.152133133044
78977,31927.946731350272
82933,14711.590887339558
80063,23929.087706838836
92287,19913.315
103664,11572.331166207076
102185,16006.531
94679,15997.894862577272
99024,8632.251289920734
99366,8730.86111764706
96554,9474.358400538644
95906,25110.63
85623,13065.189668082658
84336,16978.839003787878
96560,15223.756162531907
107448,6703.315535714286
104118,18467.309895833336
88391,8945.63646545855
100327,14156.840651566534
89323,6679.1250675473875
106925,21470.181040931027
98542,8995.550997198881
93996,22202.474840236857
85103,12075.260057971014
76033,22999.0
77213,19729.029046560176
98117,21341.803453203935
81109,35008.065
78316,23175.17043861123
91021,26679.68333333333
78093,11735.99455282456
77497,12093.753843067263
83590,12709.305743986333
76126,21684.64013395964
90509,4066.33
76454,21384.362942005435
82095,31657.26163674275
88625,15088.83625823939
100031,8363.42464795009
99458,7997.268780391979
88085,10563.840328539529
91823,18641.33388738274
77735,27437.721919429543
91799,6801.705
91480,8683.485
84915,14166.968484600291
83688,10884.889399874066
102334,8618.297423963719
97765,11603.913916236785
99836,14968.619869533222
98569,18158.16314189189
105050,23428.47371212121
80826,16593.702222222222
78684,12151.700564729323
99123,8997.995
96507,14821.77366669295
104742,21852.241214114834
93690,18271.139604431337
107606,14157.859468707617
87019,18340.426584591878
100735,9373.825
101685,7556.563029189864
82792,10158.17
100036,7843.470326902263
102607,7416.295749999999
97772,17107.829404087457
96207,16490.493325738684
100697,8403.111379949105
96481,22718.459195084488
89054,15934.554452167824
97847,22408.605957811582
87528,11563.42558967214
97145,7352.167396425081
95223,48498.67264523825
104325,13749.896466269842
93743,16259.915227033067
81914,6500.915
79040,25398.126002973146
107030,15966.393129890632
106244,26155.39
79602,28957.564958333336
107684,7088.386821541835
105346,23483.089615169552
100000,15418.530927069409
79001,10348.417114518363
78942,25218.769949558675
87637,11527.85371635069
102257,9115.655
103502,8206.534843376132
84619,4849.875
91129,23151.975
98493,13796.039261491498
107108,30700.151996693694
101158,8175.51
80236,18002.972822457377
105375,12452.109210526314
93002,28113.70069154861
91619,19920.743929523913
83965,14356.063855295568
94431,42599.64
104601,9068.591477940297
92698,30307.482125353417
84014,9058.43675
91961,27002.47452380952
77595,53621.035
88848,20874.537503667547
106046,13873.485383052684
99498,9447.74394736842
98153,7149.173720999269
83157,9552.801930726706
107475,13030.82
100589,13774.460373805845
81448,17130.956233882785
102638,6795.5250000000015
104473,26480.987506898033
102724,5946.072813184663
99338,10318.781036583034
92431,9657.33
84969,10747.229488255129
108426,1569.02
103206,15363.71265521383
87345,8513.621054508061
102625,16799.565976756494
84606,13507.106359875128
99166,7860.414878980595
94408,24918.57629032258
94898,20848.54956402409
93658,32417.315
98234,15076.319889244704
99725,11429.502497435396
103979,13667.904022999233
77277,21383.45747294372
84401,10105.426582104066
80006,29119.18
78572,16756.246428571427
88781,11588.765744037562
78546,16369.882927295352
103829,19352.22103770544
79159,54745.819972343386
104502,11384.371565655258
95125,25997.690588235295
80804,15609.894042870623
96580,26490.400951751955
92059,17924.105
100530,18941.630666666668
78079,26686.84676136364
95036,15483.12702991453
91490,19703.92088196047
103310,15288.909894179893
88853,14474.71910984549
105948,9193.602925552474
93744,18805.40570857945
108518,49329.90735347985
107733,20055.091783010055
106813,9744.118054538132
98343,13952.804722222223
83056,8166.057
105721,22014.684582807222
89165,7452.449596802728
106402,12203.925494067356
77252,45522.22
89194,7681.913992784993
76777,15014.035
90569,14272.082533425895
93912,9428.604821581195
96848,6358.555
87355,8241.502
80539,33993.87
105351,13854.311323529411
108019,7195.637908225085
91331,17053.377849939614
80814,11958.303333333335
95951,21281.413352272724
98392,9192.751986517387
99209,19732.537627116013
86085,9683.272652688835
84678,7910.4405119047615
96534,13176.30912990659
93665,27481.258141011647
89832,12243.845287144632
85079,10776.340903911712
79425,12326.63
96052,5023.490708333333
96599,11060.202312889653
103705,17420.22336309524
78171,30729.864620387365
92005,19899.8
101323,14342.64491212189
80398,18247.162584033613
82123,17811.022133119182
90262,6520.608472222222
93300,14378.55081661938
76795,16595.039253393665
91043,24662.63375
97362,14950.761121618298
98969,7510.338836961838
104826,13374.739137865834
84329,6352.010579859834
97976,12273.531928571429
96904,5411.541301168338
88148,12482.351474122808
94895,14739.740230121803
91122,27540.41
108145,12949.830357142857
85476,15350.747385284258
97564,16015.735435814187
107770,41403.58404166667
106947,22933.995238095238
89548,14907.805
79027,17206.750826257074
96032,19877.816570823477
100133,9715.413
83191,10920.096851005066
82695,13398.264725503517
79273,49620.52134572495
95667,16304.211545634922
99578,13114.303575
84492,13285.85393624475
92353,15535.72518928803
106435,16046.56199479355
86655,15553.204323760032
106651,13188.560007712204
90268,8402.844246075714
98311,15170.12963156782
86971,7509.757405361305
88573,14317.609437111358
93189,18065.81
87244,13568.864748177732
108207,8349.49375
95819,48556.18
105846,27929.44760507588
102372,7716.526715265866
83616,15767.710580528425
92411,25051.253833333332
90395,12803.209146330357
104613,15580.797367935185
95808,26164.527142857147
98662,13128.070687134503
86066,12105.39864078533
77454,14363.18
80846,17665.82291220341
89060,7170.8251304773175
91975,13860.672919976607
84011,10907.368537705492
88315,13078.45472942651
95692,28466.65375
98373,11945.821406427407
97283,27217.810924908114
101495,10160.57
81770,14351.263980794905
87458,15647.661885747406
102710,16104.9105
81205,30728.45972154689
97440,12944.990645281134
82618,8472.555
104838,7908.946286409722
103606,12820.675
91507,64207.79
81463,14167.433299551725
76741,35909.141754385964
94422,21070.636872208957
99543,8916.348333333333
104044,19183.968085615525
83284,9985.614333492282
100834,14821.195612949752
108440,10307.917982655275
96881,7372.374778949754
103925,10192.635911429643
102881,13796.179556635885
78690,21647.889603598964
78052,24866.589523626677
103938,13131.611454896945
101271,9029.716475276047
76924,20272.117967601065
100415,11871.582871238897
78455,22217.248682533773
102811,8267.875
85154,13873.803193532023
103761,7240.865
77732,17243.477040764024
85957,15324.930277777778
96779,24370.777839850052
99061,16404.027826086956
106028,22397.57513586393
85889,21644.01
97539,8906.445628655581
100890,14658.050833333333
96058,16340.297627933467
80216,18954.15930909091
93045,21657.137833790424
95789,15817.626702778498
89368,10816.478234638396
80917,20864.383730372385
93323,27866.935
103669,14298.952481489097
81561,17428.982478442646
92214,29113.36884629183
86368,13523.286767586229
95070,19310.4
80730,15165.42
105647,17900.10859120969
104707,27113.06023267025
80353,18954.7668878408
98677,26516.15544824134
89445,9584.169485969775
98332,8179.3325
95929,13858.315
88970,17551.97024448912
81272,14992.979885436727
77963,17158.82517057309
88285,17841.31050836587
88924,12008.547058046795
93562,35112.939464285715
89463,7781.115502164503
105407,14467.140870204086
80944,37399.3051369863
108099,25785.531324234624
89199,6383.464507953618
82756,15395.54
79573,14942.821552380954
98847,10776.020449467436
100966,8103.053424636111
108500,25504.31563855116
103830,11840.566633123386
84043,9933.503583248441
84550,11476.461933569308
83946,8742.075841175567
86287,11171.832173420664
77598,16841.76397174293
92893,17212.05317137393
106936,16384.545615689865
101123,9796.804304171857
83943,11607.822692307693
89197,11538.02628647167
80185,47384.69083333333
82429,16704.82233312135
95864,26324.61552059202
100750,15511.009604042074
85497,6007.811362103175
99469,16324.605942860902
87667,7819.461705359124
78681,47633.79
106579,16444.707749999998
97388,7872.198958754067
82487,11434.823493215223
80635,22924.34493589744
96378,8881.31773628908
77827,28605.847426497683
79045,33065.323333333334
95229,19695.982870041105
95387,17540.91
101754,7081.318726190475
90728,8351.114950332118
77618,28762.598681076128
79390,36554.57
79449,16896.45530084036
107826,21644.455764610386
87026,12558.98736102747
77765,18576.18912773746
89691,14944.268491232013
91087,15244.614855141912
79770,28497.146331117787
79341,32272.226616427422
87532,14285.275
104082,9531.813888888888
83169,6545.410580776274
107978,26008.80529761905
97466,10946.893850283057
98381,19051.023078785136
87614,13044.997
84768,11691.248046098433
103605,6514.795
107420,10061.887742721194
76099,45776.27080338216
81932,11409.162942307694
96233,11415.270413606277
103484,8953.79875
89608,14100.164395253234
91316,20154.34520856162
80424,12636.4485
83120,9625.528224553907
95888,19365.10389153329
103279,12613.099258322087
76800,12961.345
102188,14501.38
100147,5934.694797316483
107959,23467.96796801666
93341,15271.95256265664
87446,13088.844215045401
103554,7989.07311769753
83756,6379.11048683999
86353,9508.90875970381
107874,21840.87624710468
78416,16901.910636363635
100911,11564.924150424977
86514,11282.52948931419
92702,29656.018453376335
76787,19370.81069655813
98523,24531.809697907356
88972,18962.416838739595
87370,16199.683548148147
107060,9691.175238741473
108186,12705.392711225933
90126,16448.62
103874,6236.181650895401
88271,11001.842570346322
81752,14481.76741666667
78089,46267.94133094067
102383,13010.085039769066
76766,32293.00314295285
86120,10659.127763163937
82871,20434.92701940729
78647,29563.38014765772
92451,16107.246755237034
91743,23281.273125
96582,12112.093683917059
79729,18836.35250206901
78864,25961.043095238092
94728,19745.1025
90355,7635.9790764822865
103777,13712.92545885744
96076,5030.340696735454
79201,28672.365
106707,16151.78665985093
83836,10085.438968999018
82332,34308.125
106545,31192.93561118293
107268,27948.30943938878
105459,7078.97417099567
99683,14276.414833333334
98385,15766.373370607686
103402,9172.32
89402,12567.61907369054
87077,7163.0426232296
94222,21796.320977713178
89919,6767.385138888889
80585,28233.798297619047
102406,4747.932875
95002,15093.005
78216,19323.99384573092
81346,21248.417638888888
78309,19332.541753787766
93307,20150.065
87233,3919.57
77093,8480.215777056277
86762,7113.6928905319955
94561,15137.203136828648
76392,71333.595
76895,29354.62
85419,15853.134960076171
101026,14318.19106749663
102584,7564.8933333333325
81381,30841.38
81761,52398.77042662569
98099,10196.374
91347,14743.192378008782
100024,8122.396612745098
97924,11826.576928571427
100492,11611.209422005773
93559,23730.796666666665
103175,11453.87702609049
98122,14025.650416666667
84362,9913.292839635642
77943,20175.41356474085
87275,11787.521115630123
79991,12868.215002497502
102700,10750.897403384299
79660,47711.9898753213
105465,20825.949238095236
94354,30549.75601977951
96390,7825.126458295649
88763,38560.621875
87219,19162.173796791445
77221,27426.115553102452
78165,10761.03
95069,23859.91857425368
85157,12654.539558292157
94547,12894.840078231295
80643,15854.422675311265
97499,8269.5092056484
81957,24998.295267857146
82538,10839.000286797753
83777,21311.405
87927,15088.83625823939
82916,18622.108300596123
104146,12906.888896832292
105260,9005.12
85483,14118.437247669315
102412,12446.122905082859
86508,8036.327098895327
102998,11372.493438132557
94493,37053.92
93422,20395.70412738226
90033,10959.866973882627
92957,20825.75672825902
96584,13661.141667045147
103170,12592.293104545455
83550,17562.7091246909
76050,12282.5305
99903,10075.43013393631
95255,37949.083333333336
106697,22416.867173160175
91497,29740.51852349365
97177,9057.48004661096
101863,10829.715833333332
99298,7161.358929487179
106496,4642.47
98770,25631.59352300319
101801,11685.073517747953
85037,13511.54056696884
104399,19159.554036900197
83980,4062.285
97825,17068.99
81924,22572.467
104192,9662.619332668648
87130,8501.74147538371
79364,14871.565
81388,11226.59125
94917,19321.12975393014
102119,10647.319370991834
84135,11866.7212573424
94992,25588.32606060606
81229,18936.988
79503,19754.462
84540,14232.826992780887
77881,8141.416971698115
104978,2241.625
107373,16130.98363730077
76208,14255.780458342993
88192,18586.872402822326
107010,50148.691889556496
93961,49787.76
83957,20234.69978814002
85283,7706.315563291748
104226,6515.799810321258
79463,15189.896596554292
102587,13478.86952094762
90204,3132.255
103507,11736.741047139418
94351,30727.207536575723
95181,14288.762226190476
107410,22665.56460784314
86541,17926.790411532285
106281,20205.385815077436
77315,10851.166714052288
84485,8512.680481755284
77592,10914.02638888889
104262,26566.999162881002
81260,25357.975177627002
94417,64557.16
83014,13336.819449742083
78192,19726.84515657134
85838,9594.43418350755
98395,22419.512475579977
92617,24342.085
107538,8904.042823593072
102588,10442.620563915401
88950,12019.364735093699
101450,8877.359452095214
96101,13801.69125
90567,14133.833845750685
94383,33418.21958333333
82961,4087.925
96591,8151.002366116653
77890,21724.90606060606
77801,17077.274414024494
85738,6858.302954545454
88580,22237.435
88914,10129.300443320568
82206,20266.83625
107485,13582.064800002621
105203,25854.351418297345
82256,73773.355
80181,31908.063141491624
88792,8535.478835177571
92581,19494.841797335353
101272,19427.57232551927
102359,9170.1604167534
85306,9984.47800055268
106078,17076.84679066456
82442,8079.217814988015
106313,20577.284499999998
107617,11129.368447131787
89719,18134.341033827208
91358,18849.333600938808
89676,32946.06409677482
86927,15510.792893269489
76819,26659.446801615126
96646,9599.927693517251
81533,43708.46464285714
89207,13240.970171862033
90282,6951.616923076923
94908,25934.07711472246
89890,9786.8135
103477,14026.180300136379
76090,19732.23535755233
84810,5873.310909090909
98323,11651.089141148992
100552,11932.779740825385
104719,10606.629616065033
90016,15068.007335245167
84632,7005.0640886752135
99846,8100.750811720638
92362,30476.175
81315,11768.442374494578
85084,18435.81731617647
86760,10194.666839235406
80297,17864.878750900036
93420,24055.96856958393
78563,20567.487669404934
100791,12413.287523628207
89019,7243.557106449214
101709,9070.602964504698
103419,7391.42429556901
96092,17145.60625
89891,6698.0019999999995
86562,12216.454765471472
95874,27401.38
99343,12167.840857142857
87586,8044.0532230568815
103112,11603.215
82740,10322.194768899812
81595,34000.40314518421
77578,6961.51
94090,17103.72142857143
102873,8924.98625
103258,13018.79183986928
107497,7899.663888888888
101861,9102.931510447717
103997,25414.166566785876
79785,15260.997570476306
90250,6479.719662128034
93233,31423.440682022785
86527,11906.674245537513
86140,6204.985280212567
104063,8932.172965388856
77734,19804.64404317319
91652,21331.78
97758,10767.06577419355
95096,16546.96113373719
106186,9908.0
107960,22122.285049533853
78445,21155.423346411964
91886,21516.765
82711,9274.560350463313
99248,9494.943553746896
91701,15221.598235146761
88172,9482.03309392949
83916,13807.717375677545
88883,12116.710886513813
90342,14949.785
102042,10254.340831709898
96563,8323.630430075196
82344,21293.377902083303
102707,13262.953547893172
101718,12741.635551922462
102705,7794.14289727943
92589,28590.863092908283
84231,11931.398321727364
83534,7945.637446022656
85768,9511.222815133318
82141,11040.875
87448,12558.301646849235
79569,7962.0
82261,8664.910416666666
80605,13427.954707454002
91120,11623.097254138022
92482,19934.25
99998,10739.237156232652
82202,17738.626989997607
105899,15654.413697336286
93653,17598.220598279335
94333,15011.168447340688
107717,14096.80673076923
107655,10700.464037114847
86240,15742.467579950564
88745,15988.4787032268
81723,35217.40819852941
84125,14097.814928411033
89476,15972.664315467007
79059,40027.35
77879,12122.680147058823
82855,13551.05
108513,31489.99687504432
83646,6944.142463235294
95702,33598.49
84145,10475.720882024669
107629,25663.738125
81843,9890.605
98863,9596.277165384616
95154,25909.79
93275,26617.67415985485
94003,22654.52796018791
81095,17184.59875
81099,11305.411027500215
105527,12276.510752678572
89596,9443.489
91007,24586.94583333333
80594,15565.384647610841
82782,10719.20630268621
92721,19128.91662871952
91718,30204.53
87452,13008.335089495138
78098,11692.511460934533
84123,9045.14082483552
104672,13526.14807513512
105118,10254.555795568403
84690,14079.356526291464
88986,10623.146918243925
76028,23748.192970723976
92995,17414.376570105633
76275,32899.68296473203
103315,5276.359166666667
98168,18314.622129182695
93633,15343.916677083333
90151,10972.256137931035
105269,29093.99796636956
102604,3894.23
89541,9288.940214117973
105694,31057.6117392956
80405,30412.84016075314
96001,16573.148399185484
96500,8211.417373336384
95235,17743.05196483017
88367,20944.49024580654
98850,13786.28958888889
105724,23674.59315188172
86451,11924.940485112138
86426,12454.481613491684
81213,35315.115
98547,18540.674
86461,6574.511450091575
99294,22497.19874404762
99597,11263.589528356712
92255,9986.625
90097,22392.577273948267
102302,12644.507146171092
105746,10461.529142805666
86133,23902.225668186005
94950,55126.07919418377
103666,7843.431683069965
94750,19768.510857142857
92880,25127.39375
82349,18351.565922894653
107337,15228.602663696716
82954,6996.534706298603
89689,16276.0475
99034,12683.857979390174
79873,14217.186148828943
107966,20745.843336466573
88864,12999.541015882767
97942,24770.15058254963
97481,8790.512006010587
100313,11968.291915156473
99927,6201.70472972973
87287,9376.3671875
99134,22874.07938713924
104705,18311.918337167386
86134,20520.285
93028,25304.14664138085
80161,22051.308557189546
76639,22386.552761125506
79239,22070.16898015873
94244,20330.717872087516
103815,8507.321834773911
84445,15956.381189827618
85884,8595.042973433592
103496,10936.923127754644
88620,18046.073166052007
101448,6982.80875
100044,7773.924070526696
98388,15027.000486579069
87610,9931.131884837845
82063,25358.275196067825
82211,38443.301125
91156,15983.431134185339
83323,8158.640359969246
100187,9029.91746553584
93117,23803.675
82227,31158.680599246778
94263,14197.693874236877
88207,8791.995851329564
87988,15693.364912280702
104687,21036.139879499868
79791,46476.72646130953
82242,20666.607844667586
80273,12942.508184033224
81542,28757.414559699013
90361,11675.023040196644
83914,19247.25600649351
103142,10704.943916666669
80137,28471.982999999997
103580,14584.531493295019
98328,9402.062738095237
95936,33334.849633284604
95189,29234.599166666667
97806,26194.788091948052
95829,10799.510833333332
98684,20822.63003200793
92494,19581.249442307693
83016,19676.16943181818
80865,18197.53461644292
94537,19201.570232380458
86293,12074.905664990905
100087,6251.9675
95534,17506.066399246705
80827,24372.092115384614
80610,13560.115480392156
97472,6386.053875307935
85523,7255.430288888889
100005,7504.804255952381
96618,32220.681019878266
104893,10040.805162464128
93688,37530.4
86182,13258.034396033263
105091,22029.26626893939
103031,10446.200714998826
99359,6893.9736361642745
101907,16570.02
82914,13409.341148274138
83990,15554.039883719566
98598,19717.67206616513
85494,9335.056037806404
82922,9992.879119247937
82854,11381.985702219825
89024,18869.042509086816
91754,26395.688062701578
102699,4340.755
96887,15422.518114156848
102671,11400.195346182936
80646,23197.808709709367
88146,13329.60729941109
82969,16843.261401479936
77225,15321.313738839288
87443,7323.2512127752525
91227,14313.53652777778
95731,15979.792738839287
95171,20336.050335594657
97076,16580.36480902778
98901,10422.299561492306
86013,8954.390170852286
80831,22425.09551486683
100258,9499.78274199309
103586,15376.481020874493
84553,15088.83625823939
84400,15205.269571737135
93434,44869.675
86149,7091.5454
80336,22775.38796591918
104511,19956.33612820513
93127,19493.37990775652
86330,10750.093897369019
105082,11723.310212470258
101222,14564.930625159683
92606,22075.92853298032
90462,10766.400416666667
102123,11464.594989551708
83212,11152.52558384711
90403,14631.562535656933
79392,25736.535
102630,16818.03034354131
85988,8635.969269339661
107908,20299.009986842106
80949,18198.344901451328
80517,13025.594861174108
97922,12971.260823276794
100296,8971.246820440805
93073,21519.351890158086
97137,8001.231212102115
88311,10031.376248259714
78021,15499.096346451612
81970,23178.00128658009
98957,7263.473240015701
99602,25838.025
91417,13815.894722222223
89429,13738.761197772303
96535,17698.896703938262
80782,44701.350625
86889,18907.93728109314
79609,20865.250782656352
99497,11692.492972222222
99547,25815.25063531274
93817,3266.64
91079,34380.548767543856
81962,14716.629271127973
85833,8245.163413315204
103305,8246.66060893247
94357,16155.575
88736,9453.826231044555
105162,16911.819607843136
91131,23383.237029986278
84148,7407.225277752456
76377,18142.666172490815
76357,25902.32166666667
84675,16211.279299574166
83239,30950.207238047948
86317,7805.585904882953
93990,27845.86583333333
96357,8927.209680845752
89745,19751.68360044344
97141,20041.281217334796
82911,16752.15919330342
82943,7151.241079497322
96282,5562.834583333332
105885,20984.742000000002
80131,41085.918628246756
99806,21895.14037228261
105497,25101.13754166666
106447,20995.395097682485
107746,18791.515
89523,14985.201917104052
84388,13495.89353116189
78166,30454.432286230363
103685,8229.59623533122
105018,9547.054647435896
102373,3811.215714285714
76988,18913.270652173913
81097,24764.74090909091
105521,22701.406413690474
99775,12204.995650284465
99766,9791.765
101346,8070.786475366876
95228,3794.105
75982,23526.952722222224
107142,6179.430389724859
86109,13916.01741276289
94195,19164.05449718318
80777,35566.722845238095
92612,27351.07407142857
99383,9965.734999999999
81686,20254.7195
88650,10602.09575
95681,13531.218108892443
100071,9325.03039709988
77554,34709.88458333333
103505,4245.833333333333
93281,19670.15
107444,17730.868056457428
78752,21396.264882192292
103057,13027.702781951111
100248,12815.484439869255
98489,11498.433188261906
89189,15921.35900033603
81293,15477.741132575755
83285,9232.225
99459,13399.53
90810,7630.174166666667
82015,16423.29577260265
96132,17392.960291666666
80808,64898.46
104685,17367.587310154628
80937,19763.326932539683
103328,9862.921352360587
76512,18512.568113590263
83456,12906.118606214884
95102,36480.785
79692,21133.342999999997
107807,3795.925
99176,12277.243717948717
89632,10442.062193087844
85310,17266.65369478856
105676,16261.088188027525
96825,6291.7134497447
76640,9359.350079254727
99932,15685.11396196572
103568,13260.010174148714
100906,10892.039009384393
97420,15048.288701298703
86996,15892.062721308605
86948,11177.503490925848
77326,21649.86639937107
89296,14127.221075849684
83087,8230.924583333333
100477,16556.91153374233
84635,10656.291104185186
95060,30305.075653019092
79303,27376.765842693345
84026,8877.375474676652
87802,11180.326464266474
85561,9031.15813643517
95941,13977.578277777779
107662,19979.490229207717
105811,10275.379758928571
81618,15316.214939009455
95733,30587.04174606238
93613,13483.738415605087
82163,12969.705
91734,26625.949247159097
87677,2341.185
89816,7872.530418595585
106327,9181.362178371646
101799,9738.90375
106344,11380.289503968255
97705,24763.93942746351
86976,19101.65388257576
104847,19403.775782002165
103833,6225.761875
103482,9272.249666666667
96532,14016.691128605768
105817,12386.628688846564
80883,15228.933538120174
77825,53227.99678571429
98673,9701.258125
107364,7233.116142857142
88945,7080.594840939152
108307,16793.976009027312
78078,29346.37071630655
92490,22962.205
89401,11125.92921150743
81002,15723.330086491884
93285,25897.275
76796,30247.29
99933,4195.95
103989,9076.659921603408
77504,15220.865
77187,14241.28238668199
76477,10446.175246444733
104834,11574.197701034367
90656,19516.081994329867
86161,10296.654456610275
82503,16400.059189206175
95429,22971.717674242427
86123,21077.1401474029
85549,9794.802294472152
101443,9381.942858506152
89089,10806.103905245327
101004,9811.59958881044
98976,11391.578650183152
106328,44958.71
101630,4618.16375
79682,14880.855228098486
107885,24277.097967074587
97206,6282.382419069729
80721,29334.462376663807
96625,25119.48541360397
87687,15141.554880416876
91458,22947.38
104683,11645.091998161426
104151,10129.69130912647
108346,32854.351691894124
101262,9850.10058356215
96543,16017.973399541937
102763,8557.214375
81274,13278.601398358589
95280,10631.696666666667
82561,13327.565053838158
77783,15721.048143181819
95843,30089.218061676005
99776,7829.834935447915
79114,29073.21452976664
102376,13171.485
101704,12465.533435687104
77297,20315.804555555555
80285,40768.87333333333
83467,5944.945
101059,8380.895631349782
102229,12714.532333333334
84664,13482.445862756203
107750,20343.580987734487
102405,9810.804905248891
85553,9480.353779390854
89780,34161.94347379676
104268,10403.985643315018
102935,6882.231
97898,12118.40586237353
103785,5258.693095238094
98529,20693.852029764515
93897,11729.79826923077
101766,11008.052345572212
95038,15338.329579905992
108350,18799.37861111111
103542,10374.664369264341
106061,41971.147956798115
82286,20814.906926883687
93548,32143.49289622598
89937,11762.015721295555
97650,19505.512845833335
77515,31450.734765625
87466,15202.707114246103
87489,13099.484193888818
83029,7177.359632905983
78512,43516.91
93310,20271.44074399873
99598,10059.104047062901
91341,16516.33208333333
82704,8984.743524934705
80819,4954.925
82774,11001.52002226809
100367,8640.960572368422
80303,13360.14268325739
84897,11019.46488482958
81307,39682.56275
99687,9399.075020576267
85321,13467.485596346634
80702,12822.909510843772
103843,8669.821972868218
98898,6532.44494414764
87147,12306.271266184562
97662,8650.427492842124
97518,13360.419262482725
100217,5294.395
94513,27907.43
77035,12136.648653001292
103165,7824.540586291213
77140,13824.03
103771,12841.185
95993,21958.505912988974
83624,16368.739504849524
97945,9371.4803125
87103,6582.303291396104
107640,13161.737890995115
99549,10972.63647996716
80464,16715.66147021365
99623,13401.391458333335
103689,15954.9666213147
97337,10146.310712490125
84308,18123.975
81459,23080.365030893463
104126,30214.91070452923
97303,31000.151666666665
95139,17288.531071428573
93074,37129.705
102368,9829.283573643412
78475,8194.214685718915
80333,27036.254625491958
80144,11787.02030988456
100439,7689.349166666668
108154,20910.930356382978
107137,38070.20771479468
92752,28617.480832981313
89896,12981.740461704776
90485,36523.615
83159,11742.96545123817
76671,16617.916609064374
96849,13064.26678282277
93722,38614.835
107787,7673.088175602065
90164,14383.45370955434
84760,14238.255895822518
90370,9976.361075581846
88117,9691.567719408093
89557,12579.343366107061
98274,2578.82
97325,9380.320717371931
78887,27401.79965019461
90525,19015.32867437281
86491,23594.59461218085
81617,11534.853777412281
96123,8453.738602432899
79413,14116.313809702353
88016,13727.743412455535
104681,21886.467385947388
83330,8345.520252767283
99163,6735.852047183473
102236,8032.294534313726
78116,16378.100169590643
81077,21462.2833525641
81046,31271.064
93928,25319.342156125145
96436,9770.615157549522
93479,16600.118116666665
92021,34515.99073629772
95143,18477.893492691524
90500,12810.865957912201
78940,16272.497380952378
94861,16359.582499999997
81961,15589.462140522874
87630,9645.389772653847
101224,14051.758294261295
103357,7595.437111111111
99521,16997.305
103897,16180.851351626017
76701,9634.137073477057
83560,9896.901266136047
83516,18553.38270622706
76385,14054.654437946023
87311,17967.834194444447
102065,9068.164393183706
81718,20623.528000000002
100025,12714.268976076555
93182,31115.19256355932
79240,21097.0872482423
96331,14656.477990956073
84781,12509.18156955682
100663,3707.64
76390,21275.613550809605
87234,9699.058246312365
85790,18341.89156091602
91278,22034.05946231376
92254,23581.94415712003
99105,6379.513472297826
101324,12181.087352669043
104734,9934.561109271252
103445,17024.543952340555
103323,9085.563978902597
78055,22221.69739432112
101302,13158.4792491274
103095,9906.310998650004
88134,6904.882732142857
79346,13585.841558623393
81699,16891.1415622993
96464,25837.922405702095
86609,10449.741908195207
96737,26203.387787806125
100080,13188.76655370323
93423,23211.197226890756
79886,29014.81058601234
89452,13704.788627719367
81509,14191.62293930374
83975,16468.99914584179
81360,7630.479444444444
98089,8952.2615
104047,29767.410811739057
78711,17908.38687773746
81025,23352.437107665362
79973,17461.436664250516
102117,16159.777765905288
78400,48552.62639016271
87911,12453.49426430728
82806,15660.183421926462
102480,10091.361274267787
94044,16914.924794040402
76824,9371.965
104095,16397.30492490695
98660,11056.26
101444,10849.429661796537
92320,47883.122142857144
105141,15230.94615842491
106950,10775.36057108921
81851,29223.497818758424
100884,10956.146905844156
95196,18443.120435101468
103636,4262.095
80584,17362.43390218187
92337,17787.105
85513,8134.279522491242
85180,14388.783526548983
103365,11660.851549844589
85796,15904.328292594248
78462,30472.25737590204
87895,9260.106158596549
99262,11246.830047281324
83363,10004.546047897089
103800,18961.4
78822,10201.386940836941
107816,23888.114407546647
90042,10482.649034168757
99022,12151.969764705882
81854,25465.092103174604
102619,14910.876591848712
80425,19375.634561605708
102306,14618.219444444445
99778,15455.495
105957,20070.930078901398
102184,11532.08879860549
105195,9985.8845535825
98841,11162.419330445427
78452,35022.53290617984
98974,11630.083187496666
86430,12722.277200630535
87124,8743.836504429351
105872,20697.687665395166
108077,15809.328028998989
103608,9835.5
89218,11422.146555035682
106418,20586.97929516084
94498,10732.455
89269,17219.079522893775
87283,10281.900217871244
97545,10330.935246392219
85408,15788.179941560664
104594,8709.413000627224
103905,9341.237938596492
95101,24459.552666666663
83226,11119.63398773939
89257,16055.661785109984
79479,11290.68388888889
77652,19649.88
96606,9803.14644871795
95504,3408.2477380952387
84103,10273.93683486415
102843,8869.121244303626
99361,9207.654405316482
91098,18175.809681908864
92937,14510.58369047619
85635,11855.13917956386
105348,12240.266694144777
96427,21707.623405102462
89473,17357.335
79316,19540.516692568468
89157,18472.743369357577
92217,15077.96
99761,18767.2375
88748,12485.468140785328
96029,25553.704952342734
92916,30740.297089758576
81210,16827.906662784437
83778,25354.23184535277
89380,11344.391935442605
103398,2018.62
92869,29464.342810551665
105278,20771.00118801193
77054,17955.078346001712
94021,21968.39349648062
85177,11462.698739903026
77904,21093.761797855852
99917,15915.249544534414
77123,26999.017962945978
95195,22064.40875
81922,33531.7243276241
84281,18887.438000000002
101289,15038.46102892645
108200,25739.538333333334
90235,10866.603082819434
81150,31733.16
104224,15980.01034529824
90071,12056.298280136412
93187,26933.288825396827
84284,12219.407224477174
97109,8147.870423931624
102231,10311.735535957218
108093,9290.723818580482
108443,38967.573
92992,14335.386055555555
80438,65999.675
104913,12266.047590909093
82772,9994.827764005197
83960,12940.925945774718
83052,16332.3575
82939,7235.547289534513
91175,25753.15051981051
80115,23321.292561675582
99384,8862.603859262228
101540,10459.466306022408
76849,35962.10666666667
97226,12677.623915617201
97672,21116.716192716813
97579,8405.57
92361,27391.94419444444
91952,40141.275
79024,16887.165079661954
98048,15099.65743831169
95481,23326.852242063494
90572,11741.33125
91301,20220.6575
103209,9686.328753237074
78464,13321.233270318391
91311,25874.28
105722,19527.32496318821
96211,10496.395984719864
105482,8490.36
80750,55642.63182789966
85880,16836.377291666668
106997,19512.506030492426
99866,22986.923687063387
107262,12598.31804572525
98814,3056.725
98650,7868.347681161843
93505,14708.7425
103810,14171.406428089454
92931,48268.125
96126,9195.386746420874
104285,5719.3841182432425
96503,13243.81876472417
76826,18389.814397371112
102531,10505.060084792227
86939,14169.124383299211
98276,9463.60186403509
89094,8906.545416666668
89376,8217.015192768718
101715,8778.953039215687
98971,8286.739977591706
98359,13027.529302600806
101520,10760.030394761505
86866,10498.266486786204
80468,17838.823333333334
84146,8739.82
82628,10723.222736812868
88012,16915.54502236652
78341,15215.97
104664,9313.547222222223
80753,23991.952951659514
88296,13839.503922064816
100349,10321.151532570044
95307,23063.305
97982,21684.49216179654
99328,20798.943319861603
84689,6707.719356939495
86620,8248.202408562247
105565,11342.606931544771
94198,43674.25
81959,6566.91
92894,38170.71
95163,18757.74893639698
81774,17225.75206149886
97953,6877.8783114357875
83179,12654.902746635902
83316,9144.444937141685
88506,15645.203647569553
83533,10184.3295
84069,11305.88750827329
103724,8380.92
76757,16751.09038466897
88222,17303.574916666665
77382,16864.019
86702,15576.887856514877
92511,13903.631666666664
100163,13740.26576923077
78982,22517.898770561573
94043,15532.52669555616
87066,11161.732
79987,30291.460417072725
83428,18595.78040313853
88886,18980.146041666667
79836,16014.947761356878
95090,21312.965
77868,23403.127293238813
81415,20890.49
76542,25334.282650211208
99066,9874.578256557024
98211,13919.108055555555
77789,10915.04725967505
102614,10319.798300793364
100676,8388.665
95751,16044.400118047586
95684,21937.914277777778
108508,16109.328749999997
82075,16760.40166666667
78948,16218.82508979007
93337,20642.00135614913
86465,17236.116343143873
76163,27933.594420869602
101688,9769.845833333333
97445,19794.22
76672,28560.083547269067
108153,27148.239166666666
92963,25341.44
88441,12238.36344538299
76274,13652.368883768519
107189,8141.870596219677
79393,11061.423596996754
94684,34911.08995989975
77033,6347.39
106413,19515.176271067416
90407,22392.577273948267
86730,10809.475935530227
79417,13111.9525
93426,30965.70669281939
86689,6133.083235745614
94562,21644.093522555875
101792,18239.295
99696,12833.249188311689
84181,18349.5375
83652,20794.345029239765
87285,8388.796093980343
105860,5286.910910885167
80615,27958.415339362276
100040,6910.263797619047
88919,12196.8424233571
84980,11788.340966115316
83969,14457.565
103616,6513.088035714286
105097,13847.04299517632
81573,27594.482281810284
85124,16314.43751436258
82995,15300.33
106976,10238.445
97250,17133.83177891843
91609,16899.56
92582,31412.0373126377
106719,13576.351973182165
95711,23170.146274509803
81868,26688.340148224845
86650,9938.297149919446
84727,7981.89
79409,10927.63641867124
90538,16459.666944444445
90346,7576.0275
94050,39889.925
82866,9710.578134782148
93402,14404.586988690884
95803,63338.165
88730,18243.691152393458
84023,16781.373333333333
85119,14767.115465207253
80528,28614.44817482813
103284,8447.356148510911
87269,8560.824664659214
80708,15142.635755813955
96853,18850.502726124738
77191,21045.822551260888
89419,14337.993011363635
106060,10841.088496546683
98372,3597.525
102076,9902.08083977333
79960,28889.230720487772
97268,13478.971201923077
101849,15760.949762871744
96850,24841.133651538174
99301,7035.284583333334
81672,21122.884212736783
100709,12178.750223635789
104616,9545.140833333333
89965,8803.475177746466
93313,11908.021964285714
104340,12785.58960027828
103783,10979.868421052632
78842,29837.06959337098
87942,10954.128184797792
96790,6753.428861794113
97330,10761.85
90180,11439.927847098756
78934,30547.18436834278
90145,24194.224749115045
78173,20094.96451031842
92455,32239.251419384636
81565,22371.53
78530,27420.624516666667
103732,14593.887325703949
91559,23693.75
100802,10867.945199593712
104472,28586.535
96556,9437.683351956253
85610,10273.792153522898
81512,36421.64638020029
94005,26843.83356508035
88847,10395.343493915185
105272,19027.250068879857
88156,6944.104699792961
102245,12037.909920479193
103740,8593.14922952388
98554,1899.79
82268,12355.297396137401
80472,13234.705907205338
77127,23359.36204320743
94612,12245.79
91124,32208.18868187702
85847,15504.538893027096
95527,23936.184313791786
83373,16846.24590204832
86221,17439.550172145013
83131,16263.55916025641
104639,19815.997105070746
108323,44900.80178449517
95465,18512.000677218613
96905,17653.59
104272,16518.603012342384
90562,19102.055069865357
81396,31204.345650700958
107589,16346.970069963021
78022,16034.851101190474
89141,24017.025175617797
87808,11799.885375217793
92344,15726.84
85181,15863.775210577738
101172,6014.958313492064
107038,13880.33135259733
108214,50973.800418956045
90048,9935.537022984565
92619,21791.02
106279,12551.862376462193
103918,12168.565319451427
96418,29564.07311739902
97891,12156.991333333333
90459,8619.976069755116
90230,17024.780773809525
82589,14151.205
84093,6943.487938886638
84128,16537.84590674603
77775,20429.12906002794
80709,15504.579922719933
87084,17245.318534292208
78358,26964.236666666664
99051,7173.691553110673
81732,12886.851654696762
94316,30960.002820618047
95333,25745.89
84653,8031.255
94200,24148.00311433233
77707,25252.758333333335
78884,7733.0633333333335
87384,13765.865563816344
84311,11768.205537068641
106179,6012.29625
77959,49511.49
101918,12098.77748744651
82519,14258.646462441382
90216,6754.2829437265555
99455,9379.22624482131
78784,30429.901781193425
93016,22533.94
102343,6940.49
91681,25329.34555072464
94868,15379.712479262673
87562,7161.296832645972
96639,17365.92
85312,19474.305218360074
103821,6695.939753787879
101157,14773.423449374453
98644,9980.260266345267
91060,20870.775826655732
87747,10103.63
77903,22718.438469003107
99482,21268.91968419917
76170,17012.1512013011
83750,17695.196785714288
95288,11739.709583333333
83977,18877.426423769357
78300,22514.619669015796
80362,7455.8376724805985
101315,11302.403999999999
88661,5951.7265922717515
96575,27850.3553452381
87420,16392.241033676535
76175,8821.8525
95867,26604.875
80904,34273.66658480882
106939,14439.87778372425
97892,10125.45542857143
102282,16026.807776852685
81764,18749.01625
103326,11757.218693110186
94064,23773.051880646686
97529,21644.428964532468
97606,5975.776583333332
89922,22182.866507561943
104023,12071.3525
98885,8054.568649748757
83365,12123.27505798206
81828,41096.34636904762
100521,10817.280307354695
76827,9960.15
89850,8977.070248049857
90528,13299.837690684102
80710,26909.648571428574
104646,13056.848386698062
102709,11249.870729577255
93055,18216.071634615386
103701,19049.685
103548,8331.932794418844
96053,8201.006439563156
77609,30554.969293889953
99637,14562.042232031486
99911,16628.568692974608
87622,12959.729386994948
95938,16382.825347627388
93648,17338.65048221347
105208,19705.9993071024
82558,24878.926914090887
89781,21373.465823170733
94210,48660.33166666666
97589,26057.097230379222
96120,14647.627985168116
79277,28755.09
93852,25704.737515873014
106276,13718.282368964048
104292,22671.076294544735
103994,17098.58337155535
83967,13755.51764506051
77971,21016.258936170212
76636,26197.05
105328,12530.564799365095
89518,8594.847196697916
107941,11633.770653612657
79721,22522.323902439024
96770,9711.741607991098
105293,8943.61
81503,44129.021565795214
97932,13007.917925
101258,9845.330436638998
83499,7681.694498553424
85447,11666.619368311123
98221,9671.192406961592
105617,25037.156760549275
103224,7265.557302631579
82749,5321.858257575757
104578,17295.317692307694
77279,27021.67
106045,25479.08874376152
106053,9724.949132865568
99749,16520.96375182153
102786,15088.173648093816
87467,10894.526945609798
97949,8724.275372997747
91680,25682.561428571425
86203,17189.908525026836
102078,6873.700625
94020,22642.80010032266
97807,12300.19445894527
86146,11986.32633277207
92130,23723.117142857147
108463,13752.126080612854
79600,24212.2525
89904,9778.394857142855
105696,12694.523791869902
105440,11791.61411734391
78666,24522.657531746034
87225,8173.206839733116
92285,30745.37
85762,7799.583999732631
107249,9974.301080731273
86894,8269.228248158879
86790,19550.36125
98272,13559.72238095238
95514,15108.040348573873
103863,12496.425606467044
85887,10785.636454989626
92171,18668.99386111111
105828,20312.150127091933
99025,6049.829364291958
77032,7486.7369290697225
96993,17209.874
95599,14630.295
77651,37221.95894345238
99249,9053.315416666668
82347,29368.24737118877
83547,14202.470121794873
90793,8559.370109242518
94114,4127.535
98376,16929.215592948716
88356,12489.535215869959
97473,9493.154368703106
84728,15052.467817073171
99765,9288.133476190476
95147,26304.265
93220,24620.582575757577
91907,29541.595167297655
100215,9053.688195488721
93841,26374.72689288945
99392,10220.499262942623
100078,10474.8305
98334,42300.66141480358
97491,9316.114110132212
76179,13067.585795508188
96845,19908.5102760823
99295,13382.50361904762
101419,5997.795461538462
88658,15027.022525690682
82883,20501.38284330484
76475,10402.271143939395
99742,18805.66735077408
93385,29887.966051633237
96197,7766.905488076142
103239,13631.77422302928
89746,14861.354264747912
84083,17358.01061221186
90921,37313.51966666666
81029,36666.574799084265
85735,15560.754393506395
100511,7252.995416666667
86938,10227.208611069362
106540,12895.568558876019
95088,20390.329388704704
106791,25234.222744704006
101353,5898.5
90012,8124.723092143205
87810,9845.944401645938
78427,24709.779673509285
105147,22415.98325
99572,21963.294166666667
95461,37303.05
91238,24942.80995833333
89040,21158.228166666664
106508,14887.843040935672
84365,13900.665
98635,13725.963452380955
95456,25021.938785624807
82157,22465.310610047847
107710,14948.299166666668
102827,8878.183274990179
79534,22558.755516362642
81865,27214.40674472604
88639,12241.896937456326
106981,30087.338887579666
105063,9124.65591934851
89959,12928.161319549006
76364,20758.46369354676
82709,11400.936913069901
97975,7634.603768080314
81231,27720.095115059954
91395,19830.184622251294
102044,10226.287707040896
78668,15468.953333333335
78000,18076.948021700602
105797,20277.19876923077
97820,18565.739139393052
78541,16777.35559469697
83979,25258.482801777987
92189,24635.71
92421,30196.713225908472
104433,15007.51140107241
94419,23420.35076923077
81249,56143.575
83181,13832.350345798803
101041,4439.628388157895
84544,7350.859918931391
82304,25063.572988095242
97216,23366.55780117615
106909,24754.720417273234
88158,6547.049778846154
97244,29354.265
85241,17982.843363354037
93235,25967.106796296295
84502,17983.51381220096
100273,10311.942993781855
99220,8996.480665064102
100249,8045.655132117094
98796,12804.341651677356
100226,9776.328174603173
76989,57729.29426851852
101824,14598.882088607596
104347,17219.795
83602,12012.570054733787
105100,31985.71515906672
87507,8635.629389699101
105460,21002.552513633975
106962,17283.224930555556
76968,18243.11990646769
102530,11361.217836784388
80270,29598.80392349789
76134,12165.715
81648,20159.278363636364
82846,10774.381313578982
107094,28418.367114873585
88963,11537.37375
85665,15750.573472134907
83962,10660.997084871815
96200,13428.878515749602
89390,7572.163326569264
86778,8149.834116128819
87626,13657.69469973354
76994,14728.032634795676
95430,14903.95024390244
99912,9365.828685064935
79916,33313.475
77558,36445.13111111111
102504,3773.27
79125,17341.875857843137
90514,16592.82
84199,12132.84228119432
88179,12845.86166256201
93132,28129.981703703703
103105,15782.147965296332
91760,28400.54
102027,15411.175622690014
99456,10375.543437201246
97843,8697.785672002738
98592,24162.229166666664
101912,9306.237421235772
99398,8574.656654816852
78585,16473.370988129784
99870,14483.691408450704
86989,16569.045320525216
86206,9284.523919044343
84406,9784.308555458025
86226,4686.805
86528,13180.694148809525
84765,13567.130799959465
86600,9757.681714780176
97750,31257.311754654405
90475,8868.259312102997
103437,7999.296678721842
106713,17360.49519230769
84811,16174.231712210305
79863,39365.48069500195
79529,17936.142876456466
87367,11095.097088607596
93885,24960.84349708064
107524,11184.465126265686
77240,25255.048466161745
100091,11043.112787961429
77872,18042.46
97015,25820.195190248127
78978,19322.827059324438
95091,20240.085
107650,17767.53694117647
76162,31353.67676810518
102355,13408.717672910609
101524,10233.812941788932
78720,27118.0225
108192,31377.358441985227
94404,15204.066246523214
100206,11840.232770618639
94915,29567.36
101631,7228.915863095238
84639,12222.854475649716
108277,21415.400162780457
103453,11457.233289264166
105392,20925.471825396828
82369,9691.184262514853
104666,9812.026300402287
95742,28191.823164569774
96912,12638.80144719935
93541,26011.455
82393,17806.919285714288
81024,12463.09688813756
81284,18601.64867319404
78406,20002.323545454547
99306,10187.763770605216
108130,7599.732557104693
106160,18885.787013246707
102940,15117.258774004686
76742,20586.85375514658
108025,13399.54279604096
77658,24575.469978761455
84295,11854.359900493142
91996,15820.876724491123
103468,11118.679603727129
87336,10546.973970707371
103993,23969.817077196447
90396,7733.068038894599
97935,9731.961547619047
80399,33861.06
105883,10604.501945029215
92823,24936.19856060606
82238,17867.82
98091,18544.495
87257,11349.763213320663
87937,9713.561247364898
97548,15860.98
105775,17519.995916109383
81363,34898.21494738863
76833,34301.73
91768,20434.139023517386
99627,11138.101038020888
