carID,price
89856,14966.057567778089
106581,22875.340766798676
80886,13651.2757898358
100174,18163.054801469603
81376,23243.779024947875
85391,11039.907802441368
82175,14455.358840820814
95250,15877.465546540332
85071,2839.9024668034617
96210,19367.678438125993
80317,25935.413806389468
92731,23635.157773822066
107704,9952.69370973086
98302,8424.241754515933
107055,20973.626107250955
94621,34258.77412468636
91709,12609.965807633944
98193,41251.95892641294
76189,19849.676866278987
86871,12688.700373142872
102917,4777.706902474058
90923,25461.52872454982
101603,11358.840053192453
94196,27657.420262358595
85174,15663.304250558725
103370,13584.62945421676
107877,15685.247210616919
79567,17045.106377985907
90091,9722.50349712271
76169,14644.869087209485
98708,8270.856889751149
107347,23807.14008786064
89583,12447.878144257495
101591,13115.53680839387
92160,14910.661989855245
99676,10485.991510714279
85354,15481.888002140207
81900,11008.452736937374
80345,24162.09003065933
78509,28178.30765734136
100872,7175.989157679684
95087,25411.288343425033
86027,15796.124906329238
89135,14970.964430874454
80557,25207.904911737907
108092,6127.0050585342215
102672,17556.56796168875
83022,6687.844475707787
78398,20641.304633138036
95889,26924.352812293117
81117,42352.277727844805
93730,21636.47104356426
101380,13413.252391061149
81772,25748.744472465183
85304,13882.04373264367
86107,6092.569553425317
88696,17736.175502627862
104350,20823.382167601707
87331,14999.525777069117
85206,14875.476895138476
107445,25648.979847403796
106539,26906.478658356064
98712,22552.051104434606
96875,13199.678299503954
108464,21582.407681233813
99890,8490.598286741897
87771,18128.74757509637
79442,21238.057064827877
84170,12105.327911261833
103045,16239.995653471964
101544,-5229.9755120708105
77350,9180.841747802011
89225,14617.931823743878
79565,46249.85870308281
82849,11476.826633796958
94360,24848.904153809537
103040,7583.004323139983
105101,42192.91052032286
97077,11712.511482562964
98674,12775.054974046509
93447,28607.152378719235
84951,19761.998003251654
91953,10042.240059073989
102101,6083.971769283531
92604,27556.97918627604
89010,10418.737677440746
102729,9927.458190195091
88024,9630.179153607987
104367,12498.86500318952
101230,10361.184123098736
82524,19681.694316436096
95279,33664.9204943603
106098,13458.62701447958
89749,10806.696189436232
101277,5684.006172808022
108016,25336.386325587657
81259,20988.223453238257
97434,21283.986295219966
105289,26375.493967672526
103379,10018.84806163054
78317,30964.475135009103
104166,20332.8985921848
106660,25158.51127692796
107490,12538.652908630067
90684,13492.088013817349
90032,6925.452463684414
79481,21022.513735161447
102524,8361.205881888345
100778,17677.079215789083
77810,13700.958297564353
98979,13325.936540505923
76558,22817.041753116435
94550,34739.97382610473
107246,3459.192979099367
77429,23269.468230190687
106105,15234.452696350429
105213,12879.099111477952
102747,14304.641467058795
104958,17162.00089667835
96036,18630.279913232524
92310,25419.046559239454
100837,7088.695930587553
82858,12555.299482344864
90119,8100.598638054471
77304,23949.736032342353
89011,11870.780193264774
84623,18264.985321192817
99665,23033.375006422335
100592,9611.207227402076
82623,11731.845218352068
92035,22143.642014377034
84305,11385.776700662784
92903,6522.371810895744
93398,21990.497886441884
108067,21774.957948157073
85062,8076.683595983506
81727,35499.39327659838
95637,10322.721869165503
89690,6555.763725862089
83240,19207.033123785277
89711,8946.477860680123
96945,11087.963072624916
104924,22181.94413326505
79633,21335.94484382992
89582,1608.1053271418969
98080,7653.46564165748
85992,4750.265902306903
86712,16529.466268053733
105767,13119.171695340674
100590,11279.482353805259
104574,15505.01757662143
97246,11159.31798704249
78141,16680.172961811535
91590,28095.028593096016
80767,15134.074377951045
100344,16258.29580743965
88987,21463.74988206814
96479,19797.16702700087
90598,11456.086735701605
83880,10846.178674782943
86802,15345.15884113378
103078,15641.399412202216
84736,9234.08326749373
84196,-2163.0576033972648
102062,10224.350098059018
90110,3159.0504105007367
102907,11169.223266673425
81776,23989.9759257925
102431,3562.3039943873337
80442,14520.524914615264
78656,27621.98791035123
78537,32559.52491194025
102511,11151.161096963395
93612,28457.96035963941
99284,8392.098220605098
96315,14916.902827701208
94305,36520.55217600243
100636,10941.883017540677
81816,16794.643749657826
100352,15884.305644434735
101476,12004.522095934666
93392,30302.132206631824
93995,24420.232859728818
94261,26667.697674908042
89117,15639.434191746857
86506,-4605.037646849545
88456,9328.271043678791
84134,12631.326731742083
81088,12445.677800155161
103960,11915.280821231856
84925,13230.215106849872
97306,10745.610488406432
83752,8200.677888402966
100696,1922.9871664331768
76472,13159.140401085231
101128,11370.162659067544
105932,16031.414923401404
86416,7630.294872953542
79616,27179.866918509026
83395,14767.696586102484
88734,12448.842297330717
106676,19536.298225807182
102442,13896.319355475061
88761,17112.770204311335
79708,25697.430088192836
96808,19220.23545103659
103755,8733.002892363147
86273,17719.338561887667
97635,27614.321339659193
80797,24099.636902434
108000,18556.34711045769
95126,33990.19860807298
105187,24851.140759294372
81613,20481.03960328107
103906,3421.237050728485
105729,6625.528194484023
100637,18853.13658048244
82861,7553.6034363073195
107823,17603.552691443972
85274,16225.049958301624
88926,14304.677792722669
87871,12016.575656937453
97970,6414.677706482824
98044,9370.907397033738
90277,15227.087685089442
85647,12401.010731200664
107447,19814.393656769676
79418,6228.844521223991
80383,26429.337306745198
79894,17435.830702673462
105875,6196.148177941579
86032,6876.795477730066
104423,16037.244289042306
78437,13187.019822946691
79480,18799.71599365147
89973,4882.146940503468
94007,23552.935484739075
93952,16337.242238770708
84548,-1596.0100294294753
97885,12143.398583414099
86571,10883.214112624028
77839,34465.74170152337
102201,3685.6642032596956
98731,8520.313390492665
82395,20920.572702167472
76816,30152.269202962212
97956,6564.297796898514
86012,12035.459525729719
106393,21850.277799857366
81832,36351.097236942085
82787,20630.24118295441
103974,7970.951852830731
100725,10574.127619072999
86552,4382.224763935799
80174,17380.4564257176
99189,14278.750943349869
102543,13278.825833331368
98518,16605.53239005835
100334,10193.209029456673
92673,22381.522919872892
88008,12966.78074471928
105207,24283.70899687276
106462,28427.166338248608
106106,15142.968768231141
79705,19739.63782226543
108193,19327.61811965528
89668,7733.561594155653
86435,12755.741146650798
101281,10919.512105841943
104753,26055.53902602487
79004,18977.300401299915
89732,-5493.0725298873185
89201,14566.512352578986
87282,13776.08495930695
101589,7623.450807263325
87352,13325.018414086477
103388,8242.30918503653
93619,19693.540931106785
101941,6994.341069538357
106533,15024.332087677229
90018,18914.90625485881
101265,14686.215468576876
104255,20701.360493836284
80093,25740.568888364443
82433,5420.288110573016
77254,11893.780388473571
106400,25229.450638822855
79847,10701.61757637783
95735,26244.992790910783
106733,18792.892936666518
76318,20608.81629410471
95966,28796.877689205452
101690,11515.542654462894
82845,15718.882500166641
96266,22460.66748315631
104175,27144.313318684413
97347,13711.552453440912
92730,35530.56540637546
84738,9575.391346150689
102596,6841.230094385055
78356,27134.20239068364
94062,26703.62307811995
101662,4965.910283990332
81715,27247.158264568963
103046,12205.765328381633
108133,4520.687785888285
96302,13376.239471525703
83859,21738.31158630812
104815,17722.27290536757
95903,27312.405325128944
79683,12729.958883843992
88888,22688.499356962195
80529,24305.644851857534
81898,67930.67087311458
83435,12002.576770746235
80448,16182.000661870432
79241,30562.491547358455
76056,19325.132201782362
76342,17830.570710803135
98238,13125.995912725633
85878,6409.14860578347
102846,10572.350895694393
90215,-1182.1777663373468
79635,61943.45608216854
77561,19542.70432365605
101151,14405.313985278804
93594,25854.96640088649
78703,33497.682452618305
87596,5835.867041746453
92572,21576.714576441034
90757,9822.206499374612
95881,21735.106226117372
98008,16940.353122516517
84805,9572.649970472492
100888,10383.612738229036
82504,15125.14482406327
82177,16541.425521630463
89472,27485.82464161596
82301,16294.671124012477
106483,8564.577829648251
79808,14116.067043301144
83412,16868.97509926688
89386,19145.81486768281
89889,23830.151746855772
108249,13652.700387451332
98252,11309.344204915753
83525,12197.48021799693
102595,11104.90707637107
94255,12887.609840639743
91259,28036.748164921453
99539,4573.982211724973
97379,24889.564982529344
104452,24080.555561479698
88479,12225.210274277488
95424,35372.24955068408
94732,48933.26059868629
89025,10433.17525699679
89497,30691.016393754795
92405,22080.75455817459
95346,19317.76466741993
91337,24005.075942889292
97739,13141.828277845425
81087,22356.838333305714
80661,13062.66121970283
105537,13992.10947070667
81073,24058.82912748202
102770,10440.005328946429
99299,11760.862825650893
77528,17945.153842280415
95278,33483.611758519706
106536,16943.049140861913
79421,16880.318298205708
105026,24704.895611957167
97887,12991.706289364814
106163,4540.27485040723
103242,12795.543655538682
103098,9481.576707803311
76195,15372.103355513225
103418,13272.546319507892
102091,14356.15250989756
102341,5195.9384159917045
100315,20188.856837568117
100377,5134.894807785497
78857,23594.675046299068
93748,25704.162836160656
107891,9839.926004560077
77063,25422.906965863265
86916,12557.294673301309
108347,10572.867556849926
94475,14547.890585606132
100383,11149.030774920087
80618,26704.91657591082
98926,12581.257811540407
77228,17926.369455550874
106915,15763.043278010431
92594,14043.713370587524
80745,30350.110160515338
78361,11475.91299312076
95725,28641.15843165147
105171,7717.705512081451
87007,13214.654134417146
104121,17224.92180267955
92877,19240.161125623275
108335,35150.33276756615
101357,14743.657388832504
89325,9207.130889079785
103144,7576.1590686089185
101413,6766.625083849751
85182,11538.749362688683
84097,17609.38468810899
101970,2785.409477153251
98315,997.7031503095895
89048,10969.933797764603
106141,9793.358649185016
87105,17486.47360924894
88472,16127.741817580587
93361,16729.46873068348
87040,8467.246640061592
99831,10688.730274135514
95677,16341.774613833753
89770,6417.133134453661
77371,26106.7688701614
107143,19885.301126566475
100271,12835.599837124995
83905,13088.80218315345
101531,16445.146334552737
90617,9774.803833867436
83895,18935.789892240267
89453,16000.867976723219
106012,21969.210227048254
76381,22055.41627557544
106986,17570.746941175115
84143,13453.831448985406
91665,34745.787944090014
81350,13972.601337136803
80422,16960.92659581897
84794,6168.523001679234
81156,25621.50558516288
77082,33174.84294049954
97356,8024.005423845811
82730,17523.59712887045
99244,13420.31694035227
85538,16806.168425682168
101585,11384.07430796493
90288,11146.562662480836
98799,-7288.186454585662
93547,20251.210036846598
85142,9249.255264911451
82012,31262.20440536504
89654,16501.90348861136
102304,14586.591840435598
79288,38245.29991778781
77400,10942.409187351714
98597,4431.716660724542
103156,9164.198984334258
95446,27844.431374379994
97036,12748.02460219984
101401,10999.319111224702
80817,10672.232296080936
84078,7830.703336816481
95390,26086.258010113303
79883,23207.47199979637
104059,15473.745754068239
103041,12695.85175389119
81651,13885.861946557023
100432,11545.360021643584
84933,13511.1049750598
81600,21999.56772187983
78379,6490.548073110689
90816,9392.831111314597
107414,8659.355125579057
105633,18109.40116587723
99508,8210.134061326404
100874,9242.617820729358
104208,17460.26738550824
84774,13107.620864215882
96518,13823.745162820695
91543,31053.35793601412
107146,20936.09187641461
94426,22552.815264620283
99059,9895.386521376366
96640,8626.79506472168
81277,10161.987875153303
102409,15630.370029433021
104800,13448.165909196297
107498,19080.421006636898
90942,33228.540424773484
80202,21119.39390766741
76794,16430.725437646775
88973,15039.673034597414
91958,37109.62882163924
80562,23572.530668204265
103486,12501.230102545727
95237,17419.145635486286
105569,16677.221637261573
106560,25703.428147296123
107977,13032.064238539018
90076,17220.769662017115
93050,18783.11309921136
80609,25351.783558258696
88557,15732.606906777335
90894,22434.025316949796
83669,6440.695585418936
78849,18599.86560397759
101275,6907.962291144595
91858,9296.321638121735
96243,17396.920713962172
106227,24646.696365609172
105300,17099.00603606744
93065,31185.285716290262
78002,12441.226513787784
82500,14607.657394363254
78204,8118.173850406934
107851,8178.9078173791295
86217,6267.10625965082
82662,6918.266218017125
93324,29013.0586124294
79680,12726.450879420745
104920,19794.435658336784
96735,14033.77908107473
89992,8786.35385878507
106961,26666.41843861672
80078,17046.375796570377
101429,10434.423920569961
95551,22724.99583357982
79937,37427.72361648596
80680,23390.939422362037
99448,10296.809417996286
93909,29018.895950852035
96888,10301.849216784538
104584,12456.495045330514
107289,21482.774469880616
84126,14734.392914646167
101282,15775.009401137959
92474,23917.215796443234
88871,15500.352141269615
107177,17655.06438278311
106026,16480.801560661526
96937,11270.092690171014
83543,6212.156086494691
81094,19771.26382516523
77503,23786.015158810616
85351,1643.4615032251568
96000,16254.089625858194
87374,15980.404064208462
86394,19679.53221125085
108364,13254.364943718647
91441,28869.549300126942
97039,20500.640460419036
106685,9572.785295259995
95631,19701.951485152793
101883,6240.565649366934
78238,10458.455184662145
97508,9389.328252925026
98441,12262.32505108819
80066,27294.425549965694
79095,46898.29572194156
80007,20847.80775551437
100219,8912.183354753866
82511,9959.544586515924
89270,15089.450428821849
88713,10342.289168420266
100353,14973.173268180773
102841,-1531.0268791918024
90117,13150.89059743918
81549,43472.16702545868
82350,31751.246652978254
76546,32294.761765293213
81013,22117.629043098772
91240,20493.85390573461
91542,23897.17266033507
104518,14125.819084372153
93537,39026.09793015059
94372,23649.837622901454
104419,18127.68881439625
97636,15467.185923108169
96288,25106.94084900192
78717,10109.516401660998
105610,22028.52070712248
97754,18158.810481104796
81458,11967.324028967756
86931,18011.462333185656
90713,20118.510739892372
90909,29902.627094712378
77251,36289.57793545863
95081,10161.224543552342
95560,16859.19858264895
93288,22177.898072578166
105036,14877.743604028281
108490,10770.684809875085
96935,21815.05755094251
89373,14528.606312690372
98010,9336.685842788675
104699,26498.41479459589
86692,8653.633753133112
85024,7342.829354764599
79086,32229.114641785738
89939,14662.506904416565
79098,19354.993869098485
86141,18238.154132669373
105462,25437.976795693223
92870,29709.68072686253
92163,23974.086484423147
87481,16521.044930168864
83276,10234.169756790692
79356,27336.250615537
103602,11167.340803386456
88460,11682.477268205294
100934,8043.377357282343
96659,6956.1156706080055
83204,11815.329207290964
104621,20236.92985428388
84110,13687.601867578385
99265,16636.04844892071
79574,14205.59135257142
78186,11869.058700512065
87005,14631.665839191046
104043,14475.807852193273
81574,26836.04366797085
104091,11938.11149028791
77759,25801.089757384223
78181,12164.809570055935
96169,8597.766531861664
98267,19120.3441475426
97837,14134.309063067973
80133,30116.1586448321
98571,11899.204231864944
88628,21201.032146716803
78622,15241.797973786835
88678,14116.148438912933
87278,17962.83674855677
86963,10269.57363675503
100350,10795.366810369545
78771,17950.4946323422
95935,23624.351661471806
107590,13867.601934165206
84458,13093.432751268054
85656,9374.58301188076
81611,-2037.563396303718
92638,22341.837858794006
87478,7241.47672119784
98407,-1325.8996327166205
95581,12977.283884421766
100645,12043.133463335878
97184,5879.254854063285
84473,14942.227451408919
88951,6545.935790215819
100836,13772.978091493707
91338,39648.51343329181
94112,6475.4958537818675
89882,17795.80138223309
97097,10145.538495503328
99151,13030.53080388881
99607,10461.316812212814
78931,19473.070277414427
97805,8279.518837546671
97477,14112.390466658768
87819,20066.133559735747
76361,23733.1606045391
99201,26352.407416268896
103410,9902.536401243608
108436,17888.656965705944
105558,18995.11445889795
88025,5584.664517829242
101944,9049.272696312713
80786,21890.189988065198
84001,15759.37921524512
78304,22181.5030590853
100501,15428.856620522
99693,8137.790388240737
94557,21382.580698882644
82152,24185.322735332786
92039,31476.77673710846
83177,15616.137419208302
90726,6215.675621839673
82879,16255.971552858795
87378,16291.469827257555
91699,18857.001984634742
85500,19946.01536256334
97050,13113.860400223253
88754,6913.9024076085225
79069,32337.526359050928
89329,17976.379764208665
102605,10895.960431298981
93090,21530.922017952256
108403,17557.760721794704
91391,21516.19381781407
80964,22749.00030841113
89444,20799.79356702204
84092,12208.477375989467
100617,9354.838712170185
107962,20692.912946559343
106640,7234.8588099634835
95123,13274.648619432215
99114,4414.4684133342125
94461,24594.523225304256
88654,15812.980328710733
80421,16666.966813652136
78113,20302.57672519301
100558,8301.446669724879
78873,27514.07497846028
85480,11011.350671126009
103902,12506.485926390615
104816,21962.764093430364
89039,13764.459538613399
95169,18707.732957534598
93971,21933.884191116336
84450,19752.440823215566
80824,29169.8384477048
92545,22138.532718826566
89226,4507.9856119369
93873,22715.86754260536
85871,16433.914898943152
86343,12405.306661434919
93634,33989.43991668458
106942,7414.03443570968
82535,13420.28045372303
92259,21283.127918406462
88794,13497.796393255081
77385,30852.68790031591
76996,6191.586692966843
102708,8009.275671608322
81359,16184.175761373837
90486,-4069.044201813271
100200,8778.305575308375
87970,11508.15575337585
107512,12388.27998202113
79078,25028.24031484788
108477,15775.173621749951
80312,25083.500310539464
82208,6851.1322495072345
100695,12577.283109263342
99506,10648.687584770083
85773,14544.610449483005
101887,14456.196888291404
90129,11874.386457466375
84730,10462.766689440554
107601,24307.62207088695
89592,5554.923457367935
84844,14032.58320805035
96938,16203.183380776241
84981,15693.301213985316
100698,13496.795570741175
103306,15877.623676660092
107175,26386.224071696946
95411,29033.883250871237
101169,14934.289998873795
99407,18940.04543829493
78248,14948.690742397137
79031,17467.74636415505
91040,20938.339025064564
76464,14136.51533821252
102813,5920.420945534197
86811,20303.644479706534
81191,26765.2438602407
78202,29245.98621266367
82471,16534.68482080576
103920,9760.325068009432
79904,23419.45345829948
95670,26220.32355423265
89931,12698.765913918105
92605,30483.523181775072
85695,20920.986597320254
98750,11520.743707871676
101284,13070.920644097028
91932,21222.133752524293
98623,14466.506503267701
82499,12345.18550318307
93193,25458.082697242302
106110,16114.30598454955
78500,24681.67077316826
89447,15185.591089509478
103373,13884.58924130872
87872,9186.287545058636
99425,14042.253187420785
96552,6632.688920946663
105787,15407.285788814876
82567,15276.373878747749
102894,7213.588218957491
77641,13336.990967838701
100827,13003.592368118085
97712,14929.779195111569
95197,28206.929802991854
102993,12889.672241648821
94855,28136.252646049663
81534,19081.42690409119
95133,17549.893365327378
107468,4141.59890798579
86402,12347.46231094372
102666,11806.591804113508
92984,25238.12829837845
93891,16227.26532601141
94312,19035.546453719136
91959,34255.91038285379
91802,33164.94895236721
108175,17621.922953190326
78293,28404.892550342734
104991,10155.598322169853
104302,10117.214767656491
79807,19657.002260943507
87167,13882.407235607947
78620,22968.026957299786
81174,24211.24305171046
83125,4604.523916797267
103123,8376.647690892343
94065,21744.414412885035
78480,18160.408689950276
98280,10776.67345619831
83415,8626.35854134053
92297,107099.66637532174
100221,10533.93088454517
78829,19385.569358275738
93418,23932.147635617126
83424,11796.177988345524
101749,7237.79815881568
103456,11817.734510899165
88503,11800.982820243626
84931,17105.049896896555
107552,18648.758638349616
108037,12375.712704662707
94539,25692.659329825357
83697,4687.359118854492
87455,18728.792496138638
103044,9090.456248124745
104852,27796.965573614398
93437,34548.947031835494
92885,15691.005705563759
80922,18833.44027806702
102886,7403.462139643449
104586,19237.360258795125
81164,15136.477460072118
106074,19108.594809208473
87617,18490.442775047835
84513,14650.251176039932
96743,13437.590386164862
81209,25826.8930607453
95463,13258.21822953501
95457,21442.14369840052
101606,12591.806732892284
97485,28301.401244863453
91916,27004.95619610977
91629,34792.264317397465
84215,13856.260500723458
108190,9128.56969008014
88314,21861.45301355311
104526,18047.06528862068
82467,9991.563500544737
91827,25733.14393540085
77885,48904.106320635445
83459,8853.808290657704
98375,21584.34428023314
101233,11585.59933185191
97186,11584.871588550628
95520,31542.665980978083
95216,35179.6886816934
100878,2432.4674604775064
80031,27125.096061433098
106134,24264.270369589594
103526,7167.724900666952
104018,35223.598578930476
83920,10594.367125536752
88245,10970.74344026736
86248,9260.199204299548
86315,15751.781126062226
108157,27333.98780039765
102814,11859.084099716369
84371,15913.97397450301
95270,14584.008720778795
107670,21795.983264907925
78745,14992.761814553174
88772,14318.415534020663
82335,17310.885090568405
100049,9531.079290475433
84953,8665.863506486767
98948,18987.61773923919
95952,39745.48232605125
93638,24899.939194342995
91164,29709.68072686253
87627,17810.40563749739
89209,14851.415153273383
94140,22586.246427119888
86567,9138.195325709064
81451,30132.27218327662
94658,28814.839392530517
103969,6572.80963893266
90158,15406.72838907631
107712,14081.268020448428
102518,10633.295675923393
91367,26871.761795337392
78764,16396.305419203098
87411,12574.16358434693
80790,58849.13814329377
97848,16198.515599011364
97985,3783.1403757088046
99323,5617.947761586069
96854,12607.078743705159
103917,4898.358891293776
86223,6231.8198279347835
101812,9780.585602167012
102098,13718.343178512801
93414,10942.620667733381
86794,10687.184141248776
81508,26989.97542490364
105781,19875.281400430336
103758,8095.871223867654
100877,14734.302633948004
83075,15013.051604765238
100303,13502.169112843523
85269,15453.780975650583
95693,21213.19049882969
85891,15661.790352963566
85991,10557.605753534943
89378,12026.779124344419
79718,10599.485919805498
96415,12431.631196295832
87510,11626.270127512704
95579,16098.624308835917
96453,15367.593253388084
80182,29133.852716934223
103363,11579.886847445578
76430,20914.456982763637
86302,5938.8088098853295
78876,15377.748748750604
106740,10885.43735649747
101855,11492.675343128096
78987,26741.833552104723
100155,15716.470336212813
76069,29115.70035224914
79889,22073.4510934599
104035,6540.438343067439
102533,9980.521148385065
85374,12675.829362743556
82210,23271.98952141223
81145,14654.731069265204
99738,16870.782046274646
98201,28691.009343481204
88630,12330.46144434351
94084,25863.58168043341
79771,24941.75413771972
91057,17939.881578160737
92492,19806.744037544126
103600,16350.123588130395
105315,26166.728704588728
106151,20016.263855034395
87426,6735.939982824821
85249,11191.706388004142
77379,5657.5886169377445
76190,13548.16653015323
89820,22689.47944379135
92650,25745.704564027626
82906,17602.11095744306
104766,17201.332668259638
104673,17822.098245041347
103734,3159.202538246105
87652,13739.558555310166
107399,15407.255482162569
97222,17581.604740018996
100614,7217.588931950566
95807,25733.14393540085
88084,14466.596667859823
97997,15131.739877105207
83321,14924.068221339006
83002,14074.664968476569
103995,9823.758465271278
102305,5195.219695738968
97774,22409.403779185872
87737,10815.500409678836
102191,15720.400905492015
78470,25124.84999381174
81787,23557.050690091695
90975,33224.23611338947
76598,20607.777518176285
88308,11465.17802951765
105997,9925.901934280235
97095,20786.87205654313
100555,11743.525362907834
106628,21549.62673344527
84638,5287.683240476232
106752,23332.494857428355
88072,15626.671344876562
86734,12212.981948520604
105842,22635.00981016529
102037,17838.46054175108
96623,11312.70873393488
80943,13568.650223555398
107882,11281.958793480037
96069,9717.874389938368
86796,19959.38923029638
83234,16094.783799713732
85044,12728.4803647865
76183,27563.951849707664
102124,12914.934817843932
105963,12751.148401208891
108127,15081.003271690386
76435,48461.11958861422
89809,20904.938451682152
98129,16248.022649677898
95632,26862.3462189247
77264,25994.888779177454
102849,1343.0472315205843
106860,15714.775887261832
90177,8186.750475016548
104336,-1524.0073208126123
91068,33495.1848766702
85416,10806.613422749819
92720,21732.219711205616
105257,11582.159136363387
94524,17843.99848764698
87069,15561.572193877353
79026,16913.849485185383
100533,11859.091032604196
107396,7491.682206666534
77220,11874.498673259517
76863,14071.83140096647
89441,9399.648818709658
86301,16591.547491535042
82808,15930.157318750023
106681,15158.091424490838
100673,10528.50669893987
87115,10528.12648394093
84819,10657.256234003984
99889,16733.6051784305
100435,7680.9648788847735
91329,18945.136095945927
105897,12708.978277164353
94788,27640.663769743507
96403,18316.674278885424
105780,24315.191986591453
81290,23597.81388977501
91689,19710.9406241481
93660,44430.60608078544
84018,17856.677784469324
79166,21820.647047716837
99850,13574.402976646244
89900,15409.338292231354
76628,27441.464054925596
99136,15445.244967381992
89388,13767.232135457192
86441,16007.071839717722
100362,5739.079235062138
99493,12866.224084282545
108082,15252.949130876088
94759,25418.997222970836
91954,26455.504215532863
90378,16207.146605630245
86126,20820.678731260246
92990,21869.375371653812
80507,18741.150511391363
105394,20249.42906677094
80679,10238.280725059125
94014,27908.604837647945
78092,25742.036915041695
92725,9497.665837837478
104609,2643.4217448633462
89940,20681.348006696222
84337,15878.856669830158
80392,18695.4191015063
90992,33842.03194608114
88342,14166.04971837611
83193,7113.441331630376
83080,24251.281531895216
87197,15201.79563530428
106043,9088.522714565863
81316,5926.918626436796
105197,40959.18139195296
86103,12682.448948322552
107819,31635.17030405569
94911,20979.79329503068
76597,29586.591539778896
96614,9497.180325908146
102197,5466.808424713803
104617,5620.112234995062
101445,11836.286797896999
94521,37501.29542993006
107290,16021.232294517089
93099,27602.600662268418
82179,36401.74358062181
96268,25702.344164464717
83202,15484.306125583871
101568,11949.99338977032
89145,8020.343369873186
82718,5854.956503470528
84595,17299.064066016595
86633,13951.048462804447
91925,32250.17240511313
100357,6940.671239887883
93684,22213.99210301588
106465,35187.75178710416
84631,18614.872659673587
97796,9610.907940898924
82836,13422.160908240185
81314,44076.12139208054
96868,18821.16132573167
94329,17647.60920970545
85728,3974.741535031335
78259,10835.567939823584
107084,21715.505309064687
96134,8198.423174364087
81583,24470.28450778064
104264,18466.47178211266
86202,14712.947332335276
102867,8156.797635777133
83461,13537.033321006627
77589,18848.66833361598
94394,18686.4460075069
87588,10987.83799169691
98769,16772.046145981094
76735,23792.69712658526
105592,16226.83144112428
95260,21681.843125341882
82699,6938.822886699294
95827,25609.331003105992
89294,8141.005047687053
90853,14197.153531120584
86522,12813.021177146475
80958,35562.52522980025
94038,27646.97538217461
88512,7136.160022064163
80219,12263.783515818595
86063,-2334.4894674508905
87724,6447.838729890329
88835,13307.403878454916
105687,17707.07104596972
83567,13085.332299440746
106584,23930.29538588906
98492,6636.225789406992
94494,22241.836544517646
89061,5246.075804887787
103125,12253.183085616427
103883,12224.096872950333
80430,10633.607962568105
95544,28180.82544047151
105136,56446.295629426844
105560,5613.7494038267905
108397,26101.238187478382
82236,41188.54607836703
89477,16546.35201976039
98106,7743.624378129334
85996,7071.1665578280845
103439,15140.015994947222
90831,9307.301923799163
100746,14560.492860421695
81518,11531.833239404581
98610,12884.085017152665
100644,13690.2158688026
105486,16792.077917516497
79765,16848.15444595956
107609,10854.139094469612
85407,14195.84431751314
81527,25246.78580623944
80955,36917.20750462435
79400,25441.437749079178
101238,9391.980939365785
87024,17495.13889020199
88662,9805.870781465987
107983,24568.893509010704
93662,24895.19846286757
81557,22507.758865550317
94520,19065.107674152834
97010,14960.303989696436
77628,28118.58299307314
89561,15380.781160915998
104218,16430.945710191012
99839,9999.615690555755
87279,9216.093659295293
93760,25318.605017906513
89551,9447.623247066671
82714,16323.482666693475
98166,19817.37399011555
83812,11358.323958160592
102617,5845.130032944564
76869,18707.38472807735
103735,17704.042921044405
94201,21918.072242792194
107893,19687.2004348947
78651,12323.857501043849
85246,17446.019586894407
81194,24628.761650754168
81133,30268.82598782144
95611,29199.41987707691
93004,18584.021269072477
81826,30883.445433332658
100157,13594.383929542642
103768,2187.07398582562
93350,19115.470705190393
76901,23085.945500641417
88742,12102.76239212327
102866,13507.61953857501
76438,28676.688253258013
86105,9812.462684088188
107506,25617.76721254188
108520,7513.994713120044
106613,11788.278189364733
94164,34626.84913899741
100964,11430.58739869089
92769,14443.696891881547
82221,10737.11147033633
98686,24710.582082490688
79762,20328.171229939737
84645,18938.163679865444
107656,22124.541808997055
97538,15490.49413707825
99552,23325.755243513606
102157,8338.817852588318
80935,9633.97706956588
100578,10518.055829044133
94686,26164.299879269223
93268,35383.56414361519
91842,24021.045370417738
95609,27446.794148700876
91576,23157.65652254825
93139,42344.8956363106
101030,5735.469553603309
80172,45605.05718946054
106262,18333.839696694893
101562,12702.998522309368
102273,-9821.36505830308
87102,3997.9839376669734
78491,19704.099914656075
90631,9449.74575447744
94672,23079.83969170071
77261,49140.71902473859
80434,18059.460720995805
86840,8152.369403509019
95011,26849.53839362602
90870,9671.910499817248
97999,12373.545332479029
77016,33605.04811276494
96931,16943.084176489443
85215,10503.92512763603
105268,17229.682044704037
99519,7114.654682071447
104056,17661.843678364447
91117,37507.91461488305
107099,19846.06406627848
80475,13353.32902825758
76216,31746.230118312178
93207,26909.614425991487
105166,8834.248662453501
107209,16681.543485517177
100109,9358.52729911847
87232,14204.996288091941
102624,12323.165920151845
81948,9073.009953130688
93625,32994.538588381365
90334,12452.752050163705
79878,12753.665070048752
105653,18188.32580864897
108014,13713.88084210825
105491,22219.252586658084
87064,13398.916595647624
106773,17207.934459092612
93489,17731.36596633912
89490,23200.55686766751
100771,14752.854920945836
100803,11445.351289006503
92144,17338.574081901657
88632,12092.627722285513
78778,19493.38886846378
99308,12736.32274282498
77161,16891.620372615955
97501,9461.315083771653
100933,11343.335377237414
77489,26850.3581055583
84309,12047.545014519354
108040,6772.449368576774
97159,18167.766053803814
95779,21833.636841092968
89650,16595.09144035296
80999,2908.3076660334445
91887,21725.98314180984
79753,57499.52219248333
84669,14706.911673590226
76401,18293.906557107846
90299,21435.028873475618
80820,12329.385085341015
80744,32173.44383609986
96151,13038.033229773777
101368,10788.804046782805
106886,21648.713212019324
90590,13843.362565618198
102988,14062.34660182855
96155,15908.823922849957
98069,21681.306102362687
99349,22221.680766867365
105341,7186.198362286963
97054,11840.689513110297
80210,22704.17232705563
105334,16142.99813431755
88495,20648.26881337173
101578,17937.518736228998
103240,8391.207973354729
84979,12104.760262629381
88799,11008.004291793142
83073,10079.802060081936
107288,12892.708748191684
102097,14054.799908812482
99042,13235.320687942145
87242,13226.457813434241
77310,24386.106968574528
87982,17165.091836669108
95506,15475.813624978442
106574,18195.181518679285
80962,43890.40631035878
102168,5774.571929373205
102528,3797.6018148437124
99307,16914.64719943054
89354,11907.63160860103
96717,8924.02717739746
99267,19225.11745678419
84588,9065.733132425414
88920,6255.005001052683
101122,15086.986413886387
100916,9822.07425893733
90206,13551.015456072222
100314,10978.991657596103
91528,34227.18688426365
82508,10047.801346140059
77095,32251.329255933637
105943,11307.845601468069
92610,26573.20769211829
76706,19570.877196211528
101753,9556.080299173005
97020,14130.870758815821
103582,13393.992601593061
89559,15816.31546708542
91293,13581.419814365836
76698,28084.632825700595
105365,23713.92744264215
102755,14718.157940512054
82363,14318.181081264494
94314,25423.851133302353
92463,22791.71297284937
107566,9333.627015826578
99251,13387.520936652823
108140,27025.114481414555
99394,13216.83227393464
107849,21773.074820016078
85021,12513.240374161149
98878,11161.945529365586
80258,7148.664340484556
85751,15108.55299551877
77932,16566.080520261345
92120,17281.414813635034
84462,14914.294968714014
104744,14778.954155735475
78174,13061.029827723152
76239,38072.94975306593
99098,21029.248431722
78068,18322.489930744305
80129,18607.23741815159
92276,26866.204007369837
84297,24757.538584024747
99082,13850.244203675766
103218,13120.413805698674
100512,8464.788230261387
100481,7687.7146837631735
77761,15880.857662388724
90764,5628.810694416883
103431,10735.217750900001
96133,20231.91372703816
80377,24697.7368301995
93811,13976.754373272426
99125,11497.851586924877
92377,24345.176179562735
84221,15303.987673436095
87280,12237.6004675986
91188,23482.880265590073
83645,11286.121251519315
105967,6921.042268874144
89389,10776.635022399932
78866,20081.300107019066
82761,16127.268648275716
95049,24293.25170039049
80729,5605.886630076186
76702,28404.221190823737
93554,15622.647461664637
98932,24387.41067635471
91264,25611.64053806946
86993,15081.496253884918
102784,13708.59536670038
79105,23752.675375372663
102943,12507.184242572208
77065,23893.908975487604
104740,18921.58085267089
95500,19276.258072496177
95345,18072.09317923654
103581,10702.667199857264
86417,16255.922900610276
87299,11091.691507192896
101375,13775.301142859975
97640,29576.47240379188
99560,6419.738556301589
105849,22115.62180285926
95701,34462.25564904859
89124,13548.023955297092
78589,19521.80877159226
86742,10872.258373576326
84620,13008.572731622426
91165,29483.42371167809
88463,7865.9552779618025
87571,6817.576732877769
104773,26198.37363500247
83370,13775.540012880498
105599,11480.690337105061
104275,22208.255485831527
87908,18329.657785489195
92637,6159.905123843691
101747,17064.73417780983
99271,7897.789828052668
77493,28757.078476240433
100122,3370.250320395022
96424,13811.731278816307
103113,352.98898454264054
107985,31281.572462398042
103634,8731.566689074283
93302,26063.396500437648
93877,18655.99282522515
98121,9915.853605993527
91191,16328.573788008112
99106,20269.38945722377
83151,16245.460447021254
87913,2454.0030941857513
105517,16529.940910768364
99452,23180.075818206704
95017,23366.865299290643
98803,10256.24110236913
95625,27098.785717203813
76846,19045.956245255264
101791,12581.40432179541
79911,19153.489307182164
98545,13039.404966724178
106811,10103.088664637895
78007,36129.092645626566
97259,17014.76786754161
96999,8020.444249363645
101969,4537.847077005379
107018,27064.420174206574
76246,27845.967431705718
77303,9063.181361282532
103674,5026.991330589128
100794,11914.303238796001
84367,21979.154978542432
101652,15641.792469130138
95111,21018.28680420353
96965,8158.931104713523
76396,17715.499915041426
80269,19857.554900641488
87328,7005.8128695348205
85984,14949.217253422767
80193,24254.755317842293
98525,4440.657160332772
77460,27129.438975792786
85424,22075.105751796757
77271,18322.489930744305
104786,26642.34930362751
103727,9850.555961488963
91819,25650.56993440939
107028,21849.25904414565
94966,22920.41580173628
78126,18099.42689907746
86200,17538.784685847786
100317,5425.9976769561345
88403,19261.083347900272
102036,8561.624288999112
78858,24124.316049377434
85122,13700.609926575005
107516,18960.348448389326
103432,8192.585040134132
97354,8215.337825129453
100218,13346.805047046832
92759,21232.77053852707
107648,33842.48066084918
97107,22114.231865142207
90871,6394.578845086677
78611,31470.81113552243
107537,13457.601630763405
84840,11159.627425255196
79802,21496.181621200878
96763,2419.0548733545074
93033,15439.107863972367
76969,28076.64920592949
106154,10658.082298823023
105965,10721.852671193767
83644,22444.706511460623
83889,17058.52306658646
88026,10923.22724607032
81652,28297.834979231266
77312,17471.475919729943
102749,13931.458644831127
84444,15989.888079038834
81496,19731.02709230329
107471,15040.086631532104
84265,-666.4937422951843
92346,30601.361648765545
87248,8430.696105173218
94931,15456.768471318754
93712,23793.01762054171
80162,23322.815493150505
79351,23892.662706225907
85734,-3253.844575321382
106372,12671.401243053995
96106,12193.279304502825
96702,22552.057424970262
76823,13889.593271406844
102214,4383.578337932129
81128,17257.87700056254
88320,14228.861099458434
83531,4583.202919046358
104506,23810.710008558304
84074,4556.724670999003
104709,24137.391593256958
85626,12860.252942822346
98427,13160.113254069107
78699,27990.02333312598
94756,26642.17849223459
101283,9006.656511092162
82397,19755.785648228284
77954,24468.840076481756
81630,22312.717237887242
87025,15639.434191746857
81189,17140.723772371548
107048,26519.176104541344
99510,9298.544452408689
85462,21358.802835019258
99442,8455.057417664877
85541,-2755.2195079725934
81635,31944.18965768585
83983,15142.425025458042
96161,8616.241210522192
90359,14911.99484419729
86597,13111.830763926137
77633,14306.394542459628
80552,29800.76098246476
87749,19137.22713068304
88246,14156.947748031049
100434,10351.590123190133
102049,13041.722360590953
84649,13308.673351575655
80783,11270.003767542454
102021,7935.041242148403
107760,17638.379446370407
98095,5125.293760133434
103474,8318.79262889346
101486,17132.79005902484
78334,43701.96041450766
97026,13428.858063766193
87049,15786.327331689026
94207,23773.34933532309
90080,5065.2319382166115
82025,19389.258123222982
94478,24431.56786587242
90501,8765.98392266748
86699,9905.85107096519
91557,31139.686774004662
105343,9736.288239091338
80034,28239.5413285483
84220,14636.696967868425
79498,21165.387601484017
96294,25222.68680692762
107974,9399.685498448756
80316,12994.405130921816
99928,8039.264800094992
91851,10271.252609956307
87827,11806.467319068317
98130,16961.877800910795
96139,19606.690460395257
93176,28031.69950322289
90903,27039.610944154465
77200,20670.7452380291
95858,15232.018760750992
77764,6361.646637548354
93978,33266.52131097438
78852,14412.037985223376
82121,16633.026168555607
91653,28795.021447210533
88882,13070.589005509442
107327,5602.55080134817
86583,13687.552070585618
90101,14130.215511614353
90893,19262.93962278195
93813,36970.32331641137
79215,16378.37731250589
96480,9649.876253132097
78841,32948.206315860756
101519,18997.65851181319
77704,26704.048849998973
95308,24963.175218386732
106617,6811.908357173008
92279,23778.620830474465
77974,32349.46183358011
96897,8866.387433312198
84841,10573.583760605503
80966,13849.26000062892
81646,26229.095072253993
83773,11125.765690003474
80357,26085.69364666295
93576,14671.181653268352
76332,28989.293244230008
100522,11452.50492509465
95723,13947.076682504172
97599,9169.665534613894
83267,15174.922932904334
107086,13811.234481868229
80173,39659.65431261156
90902,32840.87444568945
85442,20650.07870735134
82924,592.3670730844569
106669,22618.180527835266
77358,24231.598169361077
86661,18954.578013394854
101073,12209.745336349453
83897,10481.480972598067
92465,24760.000191958658
105110,18276.887801692894
79370,12721.68371429852
106568,12671.621821807514
106121,2830.2029566892506
97194,9223.66870779808
89289,20386.160510448364
77301,24638.163920312218
89051,21361.367841307256
90207,14076.264761061717
95193,22016.867209426913
98653,6473.584544435011
98934,14735.48309359313
102897,2258.240961426418
90845,10827.03816084784
101868,12176.944459951435
95210,23233.60809422033
106341,13028.647209892553
101091,13472.05370747801
98060,9298.938390046957
90026,5266.3363999177545
88157,12007.613958980874
97383,14369.135305335712
87451,11222.327617314608
103381,1097.1942475943033
93512,15516.139001100793
77414,39882.2334399996
79553,16485.09187887879
96377,5544.060349956624
105001,5867.471170766377
106183,24711.432218377056
95745,25835.674769886587
107011,9473.270662565323
78953,21309.3727244516
85187,9587.476891603366
87941,12038.569475967623
77483,20506.316348394343
101372,10763.477218831635
83730,9958.11915648606
106166,19885.306129997127
83753,10820.806712007758
106514,23596.887382625013
101583,4662.553153139081
105137,-6124.398286292995
105295,25328.525187029252
77657,38899.14671487613
88515,5830.574709207092
93729,23250.81802150474
88280,14782.295198677779
102832,13913.692471689134
97873,12709.884789813426
101671,8208.058584281764
85210,10948.997049548827
80735,26438.291243974592
87811,16532.903397889353
97684,11695.169173058115
99915,11806.497325343058
97502,9930.095974357624
93678,33027.479504441835
78821,17188.196425011207
93898,19760.24695852413
100832,13695.144698987438
104921,12844.532504091992
83890,16844.63285929128
85696,2006.4989213896952
89485,10625.345417375891
87460,15497.95143694437
81080,44172.463961834306
87235,8060.110270685409
87587,9751.329732778424
96329,25877.71724513526
108174,10361.262245519785
106700,13166.109215313643
98539,20754.482546172145
105234,22211.64737607941
104708,12975.743986429854
79081,26704.117533787914
90270,19879.160914129512
106057,7777.323443234507
80928,30902.35528083127
94218,27524.310171091263
107429,12439.6112053111
107776,17449.713123999478
105303,6011.981189092836
107166,26828.428794683292
94379,23235.185720600548
94832,3591.2737562502807
83043,13701.474591228936
84114,13217.050126191294
84283,13833.614904244596
107679,5027.957951513976
89280,10931.514028562357
89840,9958.965551623098
89927,10207.888050686477
92218,24671.63547931753
97100,6066.332222594443
79443,10098.326323378726
96551,9979.146730923883
101305,10114.295316841573
102576,8690.727007811005
84060,17714.00845328693
92280,24620.1547070354
105210,12831.310816156258
104496,20319.22959899708
104267,11174.82667428703
91491,28042.705097204656
78595,18322.489930744305
100913,4662.441582902378
103028,11616.509473771304
77788,21993.472471882797
89629,6901.617300519782
93781,25190.071301616696
76551,46212.947279490894
84917,13968.619445941615
106009,16683.444891329036
96109,9028.2840574584
78933,19134.249599267423
80386,37997.647339605064
105590,19148.406178106954
87670,14159.032623040479
84443,20047.332998375186
95776,36662.33003766606
96400,15194.763905133565
90834,24898.794922485184
88360,11822.728051966427
106848,26903.916097058624
91981,32179.29164890935
89126,9943.59678591069
104879,19394.977538854666
90449,16052.756755805935
90667,24948.97018483615
78986,9959.272886203506
84945,15383.473158692123
104356,12438.452286538059
105159,20185.52835040694
87755,-2597.9891631551254
80978,27755.943886112284
87272,20328.2717357121
77291,28439.222665705478
84904,11201.14536237091
99446,22122.85346983215
78688,28195.967907099228
86155,14126.666298199187
79551,25151.474877666307
78281,9791.881319970664
94551,34202.78899937893
103232,9690.755442127214
104767,11959.510325828858
88566,6745.989157861648
77896,26937.10239992743
96885,17110.826741063764
95778,23187.064187796084
86874,10758.790237872356
91080,26465.24175691607
107737,13724.736667188248
104851,24305.492985067263
85070,23660.07971956893
87362,11975.83759027156
92302,13254.139910853628
93294,21966.518535466545
83422,18897.916640952553
84862,15504.323033428904
84415,12413.720376908012
78737,21521.71439897261
84686,4846.944128276893
95112,25171.341962034927
86518,13557.64450347541
84839,14708.799674830994
81172,25977.24245555832
89932,20063.94219046543
87300,10514.754650056311
105568,15989.600018609206
76252,15870.676922967416
80951,25258.962711583434
83509,13621.838099191364
108493,26097.56550981888
89976,9760.722790751923
102525,8494.905235945489
88102,7809.905822631059
89605,15438.487388852263
92381,16376.025848074865
81987,39192.89983899422
91951,25693.97028321038
108167,19551.823470235966
89798,9878.80641219272
97312,15351.847494910642
106458,12095.334261455986
80611,43151.61650863999
83390,9744.258625202448
84346,18487.14896672341
88061,13585.104941622532
91266,23121.841616658596
99611,9873.062828449867
106366,19140.02924437569
91936,27643.8447673464
82520,10850.845143867944
84865,8884.448481001644
80141,19378.822318845734
91890,20414.417971756317
76251,20680.96579807666
84247,6392.0600989783525
91298,38579.255707319026
88015,11530.84096227474
92776,25210.77127819492
76709,9333.220103715425
105728,15648.657993240957
103796,13671.526820421466
81171,22106.157296048168
88413,12116.982159158873
102155,1730.247167796173
81200,16328.713263190964
95674,10912.087288751361
96157,11545.13768318209
79020,24307.625476067537
103587,6928.26442605436
104190,29849.268898377886
80486,17110.297879195266
91177,15040.369012442485
76909,27219.04833036566
97278,9737.58246894034
77170,25346.44121772223
78840,14265.092107218457
107987,14450.461453151474
104444,15335.790397361186
98408,-2559.217691908645
90629,17933.84499808406
85268,6542.598963174947
98419,2388.7901910517758
90747,16142.207947684816
105907,14381.978951788115
88335,11687.251364377567
104161,24227.74513587956
101427,12657.30949978789
87176,18912.010929895747
94012,29243.383491252804
106937,18490.901031761932
106573,36212.16537249101
96877,11458.190742706121
102568,7403.462139643449
93510,24143.69796552661
78820,30827.062433008206
76763,21841.738486215298
106884,5073.031940584859
81041,13688.982712264446
93827,22326.002641784096
100321,8675.364652032342
81450,9136.507174556009
95107,18533.524555816264
93670,24987.33118948153
103551,13038.548480800899
106715,16581.487888962885
100863,11103.464302640126
79259,12410.095081737265
105336,28158.09067842219
88906,21583.630835910182
93039,27441.406608872352
85639,18207.59900971647
98378,8212.245070653491
93639,16576.93631233575
83518,13754.438707909103
79592,13157.98589308103
95678,14175.167292959188
87400,8931.676593993318
98813,17670.037843442395
79157,5466.151273799724
76223,45455.513456904315
95406,19515.30316436673
83724,5756.603107035193
89739,18044.645961594353
94933,25337.876349854625
82605,12666.019168735487
91566,22062.25044022788
76873,19202.261485770563
96884,17050.52374916998
85901,9826.367010037924
106449,23433.03357842398
90672,12323.121875335626
78513,25331.359545557338
86464,13213.611121022595
82921,10675.249347547622
93886,26116.06915528213
76303,14252.622054334593
98243,16771.14612164014
103497,12206.267138596942
87786,15150.862068748955
87780,15108.931627453747
99339,14169.30912117329
95351,26862.745106404138
106965,13754.073076062054
87540,15633.432947732348
99854,13016.82230071321
102357,-8216.025074363544
90737,2352.271298777403
85392,18453.196596897527
96882,5344.972950126959
88268,15045.449980847421
106075,19956.135518841234
88674,16579.25772842001
77623,17971.315549846207
80394,17752.904276200326
94942,27178.133985367298
101237,15542.309336459128
86351,16672.295488755062
87055,9532.452344143647
94851,26826.050523115653
79816,16854.16106529583
97214,15762.558995374457
88900,6327.2636194314655
97464,11480.857230355634
76403,17180.769895365585
79786,12954.509736185566
83858,12425.512084745616
83658,13406.101033289899
96456,14268.041010115163
106217,17435.226493657214
88111,14180.059495392758
86581,11200.775353932022
98218,17175.67649935913
93801,24200.824094003765
87206,11837.474457520511
88569,15278.53602331032
104348,18500.88548341798
76478,23904.48067434661
101509,17638.0879685394
100915,7434.731872672213
79676,22181.645585998733
102673,10763.24831756271
98151,7731.596836134977
77583,16047.550128644583
106602,26337.01325231241
90134,12349.990707119294
84228,4738.736181049146
100131,12887.903989697243
92807,25235.407446659985
95025,26550.01643068874
79779,10937.909168981269
77216,26540.17463723455
83476,14059.971870999263
88942,15823.671477150161
87565,17762.11066003317
97055,22455.6242258993
97212,21322.250041647294
97321,17395.487656359754
102240,12987.493126738002
91253,17344.638910273832
90284,17295.68978573804
83582,15370.594858177785
81255,30489.037584160964
93903,32929.374067684796
96241,19268.504058316685
99117,-2984.031060607511
79874,27523.616223841113
105193,20201.374535420942
98186,-3801.898554882391
103313,11957.826932897748
107714,17596.610087032263
101081,7195.094577486028
79663,-70.73113075655783
81108,10505.282456162298
86643,6043.534664416929
90931,24931.9561298651
107518,23976.848856470373
84511,18811.22961025803
80689,10780.094201921218
86547,4171.865539767929
79670,17166.21748256113
82281,20600.3025186729
102274,2049.7120014466745
107948,12633.99797500848
97149,12491.137844480745
95980,18836.498612923886
108047,25735.442278743223
94763,24410.772602054098
106148,17646.207899009984
84164,14265.117014594685
93448,26117.230896033412
103837,20558.195864606605
91861,24642.78940786226
87914,13818.261606463522
85944,9042.764353330535
83795,11944.237169481179
97374,16119.569443492537
80569,10945.332950592296
106331,31022.827122779367
93177,27376.444664339746
85257,15517.604767204994
80094,19679.462619437767
98473,14909.022575100964
98021,23616.350243088855
91714,20508.81954740549
82569,16010.1376837555
96451,10413.320161542702
86310,10778.603556760027
89702,7246.973030723129
87577,16741.770561004247
85221,24043.64677113392
100454,6954.2492579157515
96748,606.7856837240543
91472,6618.618225661536
88350,11178.668524463148
84386,15986.334287100663
107993,14496.097948286766
101496,3074.036294410529
96805,15185.143476223167
82084,19561.82242116221
94643,27466.89053839673
83871,16553.098296047137
82327,21313.706574667212
90332,12295.072445529204
84949,30294.069662554935
83111,19867.76142771082
92067,21088.328904929214
106714,20909.250003576737
85531,12911.170594345698
97311,10974.640443584995
78102,27179.66394246772
98348,18522.114010201294
76715,20920.10016772757
77091,16150.974680458281
105854,15305.406669923757
85983,6475.213440701431
80823,13503.845802511347
102612,14029.903295172146
104209,18181.684071012955
97643,10789.758800364518
95340,21849.438560767587
81183,41445.84868995074
87928,1567.3082689425719
89448,9873.899182578072
98522,12907.102004786244
94213,12035.124981519468
91583,7751.754552143251
90280,10748.895373180472
93287,31990.99381328723
84510,9013.135456228512
98179,20785.394592197394
88162,18722.5821966775
78449,33619.06460152978
94548,20684.225521781507
95056,26298.884895279552
106725,9665.78927812638
97968,6212.489222760676
104923,10616.513414511157
97276,7804.134590571643
97080,23584.2978903521
90691,28415.58863967647
88033,16752.59583363281
90160,16230.121768112942
81661,12299.28773495859
101260,12456.00841647429
79520,27382.732285585007
78213,14602.711524277673
76187,28026.829684517423
85752,15012.441385456908
90729,17781.77749269325
77637,20456.23136893871
101847,10788.058510838391
86787,16180.331333544942
105758,10842.379972498518
79389,26270.59718713583
98312,5098.251443492525
100222,5732.025408707925
87873,8555.647628493469
92965,21380.567915739903
89168,18425.604448323014
82368,22276.23749546866
76505,15277.839547212836
100946,7128.723459293658
85815,6005.906718485217
87705,22622.26965808209
106931,12099.693458035963
95571,22124.060623591933
80308,19970.380042527162
91824,23929.99446936937
106743,23253.29887615082
101866,13897.257925795337
95817,28136.252646049663
108505,15571.703165498884
88722,14166.710605373413
104371,23607.832193837796
93879,11512.705050017466
96038,18065.779573625743
104690,11456.043642181685
93199,24571.49395179584
85967,13866.148166373685
88714,8057.031299270706
99467,6883.280175949272
85701,8384.29360206621
103450,13982.537537596963
96943,10695.709129992269
88526,16323.824834829775
79326,11595.392510587313
92314,33016.78066683319
106373,19582.58407803962
76953,20698.342765027795
89741,8399.152149355945
100458,8504.80199852488
91895,42565.41563002432
92356,18557.162247164008
80632,23654.491954638514
106959,12836.555212539144
96251,14357.68517419121
97996,23578.309131290887
90021,16831.318654032995
94899,30005.183665775734
93093,18719.19595206964
100175,13919.835648258908
89968,6935.96827930831
102132,-4947.91786059528
99121,9403.287432727071
92662,21799.66962304286
96612,16114.487276597663
77399,18808.334479666642
86443,5347.377705934188
93198,30220.178740758194
98001,18026.213948045905
97764,13118.033709108124
94983,36732.99463887732
82703,11250.026164600527
94794,26510.474903739967
79793,19374.06762817063
93376,17119.199849700162
76374,23307.409136781913
84045,7322.862062826254
106780,17960.970251221355
93213,11055.217423551541
97870,10145.412559472303
97748,13217.632375911775
97255,10243.91592560376
102668,14021.975509779815
105898,7984.884150051406
101786,14398.028124368262
87690,14171.568196251043
86329,12001.700736128707
77696,29729.28842994928
104321,57756.9663524492
86782,16757.982591699823
97134,27806.02434107099
86684,10135.773530152786
95509,28602.922065771672
82314,19366.532576143993
84124,14425.162332224516
87597,12152.162928136557
81357,24151.919777169474
95055,18077.232516756692
100244,10943.609388017681
79271,6042.47281375778
82043,26622.584259462143
96348,21906.11680073204
76594,18253.069855455164
79552,15552.888155438834
97181,13063.031606636512
99147,14027.864529057872
90786,6006.3465510930255
96203,7909.514178122925
100288,11963.097922755116
81529,21069.693338427576
84229,15631.861800092425
94332,27322.505983009843
92714,21189.789653148648
107716,15381.62083515668
107685,26676.383132751584
97836,1698.4651946652666
98284,20892.62184357694
83128,19829.9568255844
105500,12406.515862608048
97781,11374.539642858785
99341,13334.001638980997
91793,28144.03517322248
76224,16840.831739921327
80840,23813.873493367617
94587,20396.09412895775
98667,9789.747451521665
78973,15708.02425284919
85175,13248.982029656107
107489,41609.80636168075
95790,14462.06036504274
108044,8328.643275403088
80652,25202.11123427759
76007,15989.176446304582
96039,9909.284871270558
102618,15745.6258809729
80863,9188.897737711028
95695,23427.94293425648
78815,24730.58219433938
98063,13304.862850960786
83732,13251.100182990562
83190,16053.419715686901
99504,13429.986140779107
82372,12770.999985236997
77977,38216.46646798821
81688,15727.936091664607
80154,19350.49541897545
108106,22495.153709396247
80724,15674.669967833406
89190,10977.745959274998
102321,15884.77731274824
97375,10233.250788016941
99379,24372.553124479324
84767,10997.90812419114
89470,7683.95373205328
85592,12830.081130449373
80381,25843.40483333907
92149,27852.779989633622
96044,20438.288123564867
79041,14291.85143612658
103108,19176.027745703374
91118,22693.082067344363
96434,9467.486582147738
86875,12990.817890563485
100326,9394.380239118957
106416,17035.72384434399
88074,9851.631755092996
91579,17376.53066588211
96819,27717.52777053778
80373,25178.925194775235
82681,11233.22685673246
88450,11686.621984149513
95040,17931.599943615052
76720,12651.183761106064
94576,2214.796876312961
82502,6402.846109573216
101100,8984.016432043958
104522,18576.224627689968
108039,13192.758539958264
77894,46101.59660379528
80888,12166.700558316976
80366,38930.16399356555
87653,7653.66612145418
98083,22048.499884425728
89042,15430.369791337595
102520,10862.375078558149
101620,9915.375669606878
108340,11619.69166691592
98465,-219.0278549990362
82307,24239.091274012913
107499,21164.128071348325
101440,10875.35620013966
82392,24545.195213455918
79371,15144.536631178285
103916,14063.583660802087
81192,6868.641356050181
108185,11909.14185021826
81811,17342.370352597452
97993,14401.238934901077
80214,20063.84942679439
79896,21334.313867957106
86793,18336.004995924195
100548,15405.008100462474
98986,10068.259884292624
82411,13548.023955297092
98467,7902.27067703096
98645,27604.145250394562
84530,7002.925349965171
86479,3514.4124801252547
90655,17219.983548161275
97319,10010.646836593756
107749,25167.42597000396
77199,26549.374522482394
79255,17177.490238693994
85072,7969.339540320445
99421,15190.608558262986
95187,14630.330051971701
103262,15076.68832237488
94589,32829.54318241938
77608,52318.28490024931
89729,3132.6430835652445
99171,20565.06719174515
90914,26733.367699512073
83250,14653.935838341367
83275,6979.437575795302
91269,27106.443494898765
83003,11403.153646291845
98988,17215.349058178166
105748,16859.596486986648
77688,18347.30855810637
91090,25919.820449062372
100544,14967.621226361429
96608,9324.205790766282
98784,11097.685569481704
85655,14938.980722469089
104236,7393.975911116762
97437,12308.784927892906
100150,1683.1913767898513
96911,27880.266571786353
87126,18483.79186169584
88544,9070.449815560456
97889,14888.014051684419
76768,16683.259923565176
101722,8365.816495811083
96407,14755.773230788778
80640,17538.096039411535
88000,14381.603021648221
103451,14106.066020707494
80542,37746.103599087466
82212,12439.617629950792
102407,8549.240772101935
79895,10986.731285268921
95909,20395.028544894027
79646,29495.65093614882
77051,27723.069289579355
79375,31979.317144101617
92023,27304.04580466402
87608,10620.221377638794
77731,9699.67551865052
94671,23634.53706720429
107804,17159.290069134095
106359,20951.964269050528
102758,3728.5387730778384
76944,30741.63702613568
92103,19379.438089422227
81188,15535.474607534357
84157,14985.778159022477
77509,26850.8496370222
87332,3251.6970589183875
101597,13775.729489989148
84021,12320.076847744062
79820,24043.429761741412
102505,12891.829938152196
82887,19788.627688891702
98676,16405.009586689222
89288,21918.053211173617
89410,15301.926132150431
76489,15167.006593034632
85587,16664.83431702687
93752,13806.149060424741
104857,15707.616532428985
91582,26805.451148738422
100760,13813.384343683902
95388,26982.015512114383
105606,19618.580875285086
93352,27168.22895078371
102452,12731.440839439683
88997,19821.383008372766
107478,15971.641389445118
82604,13132.24412206381
87188,16296.059144627347
97769,9444.260114948363
77941,27551.619804477185
91489,12107.002785267283
84501,15762.040150852277
97428,18570.2994260319
107961,17401.57933245685
106520,6311.131598402224
82860,16794.793240831
93232,25945.080488935706
106592,6072.411052983964
81719,8794.012610122785
81658,18896.865019917896
92676,23518.412611874057
102253,10228.621219359184
105237,14843.076600557732
78527,21882.969786579357
97452,8490.05997739147
106530,19899.54381792634
84118,15283.60967930935
84314,13166.61647213464
92313,27105.578769657342
91271,32646.714947592038
86067,8349.227801945111
100751,13789.486482466355
99647,26526.453023951955
79872,67591.56297482192
89703,20996.47896036826
82985,8855.044564964766
86719,4405.965402382179
78249,27354.876323834498
94826,27319.117458808396
80867,29495.062164793977
88405,13359.359393022834
92596,21861.571691882164
90699,7124.021182673065
97504,21659.96477228606
88236,16672.652875438438
90859,8501.387586042933
84327,15898.273682069415
86926,10517.397685294873
98478,10672.713087519307
82435,15404.22656448631
105477,14986.653852413707
91685,19994.84453145525
77406,17708.419108546157
79806,28232.703569869685
95728,17498.633441148588
79181,26682.380987809207
89777,15509.075148509477
104090,14724.208140869256
106849,18340.65415206655
80612,21520.674085607498
78114,18158.827496085625
93850,28399.107731198248
91913,15273.628142857135
104359,21083.28940983523
103818,-12023.008109178965
78505,6222.118175165069
78147,5679.732204791995
98618,18367.24326802954
80947,19380.03245158583
104926,9144.6961043521
87266,23897.530296767047
100085,10454.16152652572
99550,11226.48247608502
100618,15210.137350888184
88609,12857.786618841237
95379,26304.905999102197
97130,18698.865033999125
98078,26347.926567290608
81543,10157.259604600396
94442,17061.61246389345
88513,12380.772731117293
104084,19174.015488314657
77862,19110.305161582488
83231,13502.773756337752
80020,26818.105597430527
88533,46838.77619030688
89260,15538.091110206724
82264,12481.095545169108
84569,12820.73248125553
94361,33984.57755960933
76511,22910.771141761637
79088,19689.26539385684
85645,18401.115534985085
80492,27610.11893393098
82092,17485.288833095452
80792,11777.188987007456
79022,16391.948600170683
92175,20884.393975109386
87149,17063.6249283492
94676,28500.522662841628
82453,17758.50687157806
88623,15261.442847453123
93157,28132.96850087632
91767,23606.3781085129
82525,13902.798440989209
83387,7878.528430279581
104711,12903.38344191249
82040,19623.32546351918
90973,24796.423187065524
85628,18264.985321192817
96701,11842.165857137972
95441,19670.544111581254
104513,14050.125793206902
91247,27581.544911145887
88940,-2047.7094640668583
77571,25096.79651400199
104299,16241.00145615413
92609,19844.450194568304
85134,11776.417873978218
81305,22352.608913752145
77683,26867.127912582793
89313,2283.667533100921
85999,9466.087835470918
100266,14736.503752744356
97102,15455.637107280581
101321,5277.134671649086
108299,8914.705091828684
85057,14048.814639507063
84995,15087.705839001155
84612,13345.371681561664
94300,20928.65625179073
93656,35294.778141268995
89647,12354.417757394172
84389,10205.731716429786
90197,7968.593489265953
80844,4072.35575944037
105331,22127.21911207217
98831,7494.277585849803
89697,20077.287371120052
103351,13882.876808540192
99969,6465.679496510955
99325,11863.063091537731
89198,15945.903257997714
78239,18212.730785914217
82481,10508.81932097306
83655,15236.534889725686
83006,12294.417563819006
81067,39875.86512790707
82451,15046.50583168473
107390,25815.423476076496
101406,13737.61387407676
91715,25450.080622494403
99989,13118.705379956551
93206,26693.40640204236
85902,14566.669020196417
85195,16738.504303955626
78130,19933.274976914752
76552,26463.49801011182
89420,12648.628333285214
89566,13603.87340411785
94682,32135.366971555966
87373,16415.85104475472
83481,12003.240377973878
84348,12320.076847744062
88809,11073.020191387084
107886,9436.314683747682
84976,19858.180501548457
106340,16402.340291828503
87849,16136.306539779038
78363,6669.259842987547
86657,15874.218598080697
89773,20707.840043638043
94449,28628.27328364343
90861,16375.572030793115
91749,27498.7929203487
87090,14231.942295533321
80200,20225.077050705055
79369,19359.378505546447
101679,8619.338214319607
88080,13157.305473147426
103400,5394.363533771688
100960,16473.046035835607
106116,11528.752518694842
76678,29237.90215283919
86832,3156.1343192369404
80278,13311.135928459651
92718,18943.474662305976
80121,25973.64242744752
84360,10449.97729143939
98000,9303.497850410831
86852,9247.30130711323
84665,4139.317468747355
104032,19226.30910683853
88348,8650.620088457996
85919,14388.45695058929
102408,4557.088004334677
91678,15220.215014609872
86965,14632.498592207809
99748,-11726.290450538243
79192,16198.536950227699
100469,12861.48090505668
102772,11852.34074737789
89526,13105.697957113898
96191,8092.6582249158055
99222,16911.031075693674
77086,29029.75220274384
84447,6211.976504754932
99981,13607.815570381643
106052,22621.03801234364
79612,36172.15879794854
106792,19075.83219716261
99124,9496.137718095677
79678,24049.387137903148
101632,7886.964476332627
77692,18503.499173427816
84345,4878.73427528458
95000,22776.164074742097
83015,9638.594900160257
99423,19933.98659927115
107480,21972.107102523536
93765,21159.498583378056
105419,10407.014071929696
94052,21074.778577848792
97432,14453.469120921936
79133,25457.065905960833
93225,23236.179757917023
82956,12197.539066551908
101231,11964.009451252685
78727,20673.077961153944
92150,29027.134155247175
103869,6441.134691763653
98266,8351.702927769396
85017,8024.882934440062
76853,27353.775764436323
93027,15849.444390736277
88493,13368.56417252858
104829,27278.490388622486
87800,17488.208061083416
94723,21742.00928965351
77219,12610.875885711606
94891,17307.981537652828
81656,19540.963164848214
97239,21620.472466965573
83620,10820.916910711076
93312,22046.365861041886
83441,12132.353231383517
83959,7562.030422962627
83653,15661.351524610198
103364,11596.822425555118
81279,9692.624271983774
94483,27510.09715149108
78683,14861.204935747519
80423,21100.42525822459
104442,10563.360814686142
102026,8232.56021668027
105992,15488.521194113277
108007,11075.901813202183
81476,12115.976115546411
82770,6636.680234855101
97979,16283.633607347467
103866,4501.702327688501
83147,16754.627609088275
102902,8600.64384388845
105918,23880.189892754333
100265,13618.331749256324
86165,14669.4953766966
107697,22655.976829845265
94497,32505.971713438972
83540,6303.586837343617
76617,27440.217189375904
88133,13997.52253007987
92181,26712.6632561266
90065,-1933.0928393852846
94177,19363.49529548149
86942,12535.568024563272
82629,4385.852514138616
92087,23273.697112981943
94508,18046.317901559418
81678,11931.168492001034
88106,17418.541236431185
82869,18222.23456803025
81744,25916.635128695725
89208,-395.03980699759995
93035,25666.619786654697
94656,27068.645259027995
105571,13202.932313474534
86332,12458.607478076498
76711,21866.311125707416
87423,11571.771238954616
97343,25043.5314591816
89591,23697.87935999394
83291,-4801.566110809639
76146,25525.528463436796
86683,10998.63130757909
100726,12123.53776514848
102328,13838.618598456378
100991,11997.573206658135
98049,11239.088584609362
104948,16306.963135851964
103129,7002.680811445498
87892,15632.095530481864
90770,20616.90633490224
97113,16801.019697642147
102422,12859.161412693295
82462,13741.752368513226
99700,16925.59954343447
103799,-370.46325770763724
96959,13187.634427674991
97715,9214.965451661452
90880,10379.585027691835
106632,15153.612771963031
102656,16052.277068176965
106686,10653.77006013406
97346,4127.3857558248965
88283,6316.615129002217
102248,12379.78138223436
89091,2826.3366599698093
100474,11904.453829109425
103428,8587.559928326855
82698,6418.834958024807
107510,6486.500710826438
99122,11777.239171911944
93152,14058.798996270618
78084,21798.587290196097
103130,9480.497359533412
95826,34769.21616527594
94977,31198.463943634153
90104,8748.784566601751
89105,-4641.885188340108
95397,25172.62600266806
77476,13354.855131168613
80208,11940.868771748523
96744,12342.368390785256
81310,26538.755891173256
88688,7970.535026859874
100514,8223.136830976055
79490,20171.921831592055
89236,12189.17252659996
106677,12040.809697880792
90882,16531.119756596523
105048,6251.214051519029
92458,22493.695221075788
91682,20740.80001707742
104659,17269.651817025475
99559,11846.94885879991
82608,10122.71809325304
98793,10487.270067539226
101083,8367.688910726733
86469,13842.502205694898
106304,9704.550437663738
100515,7296.848894073468
97006,11408.134283256584
87531,-2334.4894674508905
88873,31874.09638946029
91700,17858.840789536494
90471,15911.291236631521
88077,20910.90993018634
95546,34889.978269678424
77965,15397.403776223095
91548,23932.41792505605
101360,16496.215980326917
89845,16244.166914787313
95934,25782.850379430343
103745,7993.918474307586
85862,15986.9147391417
98424,10626.73636582998
81736,26347.60016812839
93391,31717.707986208494
76523,25743.8808385124
83573,19861.12499831633
103118,-4130.705400455932
84399,24850.10983222062
84864,10671.534849594565
104282,8484.282339127549
95389,23666.567716277255
108097,13643.978980939217
94999,11911.328418518318
99345,17055.302106407944
92946,33461.27836087273
104048,14432.439952676614
76817,24668.89135024712
90448,20797.063966275928
107837,10930.74678482144
91182,20499.54617869625
102654,6218.868562175054
95298,21993.773103339343
93659,26932.92683321266
87866,19946.880087804762
99990,14596.703249223237
102469,7977.737272327058
107351,16694.645157368115
82490,8599.532163059379
80756,16437.205207065766
82365,24232.5577329882
92332,18014.270748822004
77456,39265.33767864588
81007,34258.8914243118
82391,22845.39840970526
84647,19530.974606639145
76296,21216.403092765937
100192,7253.302260794719
84547,14429.08429854098
88877,17663.76031227975
84254,12189.677927993504
87836,9552.795022999773
85970,11329.196398839274
94834,17542.16930123327
107159,11647.259903298745
106800,10932.042977583395
101989,5842.127927047859
95604,27228.634722716946
103637,15877.623676660092
104301,11963.338650937247
83799,16049.601623014243
107855,14894.387467306813
101506,12803.951409440615
86644,13994.630793855704
81902,69660.57921595391
90490,6705.301275656393
76314,18575.62806128401
95360,27168.834221459474
96272,7740.902162226808
103911,7128.219478483337
106553,8310.960961092054
106063,15946.084955384344
84179,14155.062377328384
106912,13953.743727666812
103819,2419.215765877485
94009,33020.20837516498
98285,20364.666456551622
81101,16039.986397212742
76806,21573.70330514924
79127,15326.855077692493
107416,11018.368818626444
93786,27001.980650390702
101542,13050.680873250418
101640,8457.174143642218
98800,18738.843383880987
91451,32977.70212643279
104033,17432.44823562848
105550,20966.37627797907
88203,13568.085410413363
77481,19537.36326576719
83704,15479.303367893699
94474,24111.53487227593
101924,17845.63946740659
93203,32255.34210430107
104628,17881.524461981837
93308,33360.470220626696
81984,24288.816415297664
93228,25837.634533224045
94247,22491.25826812268
85162,14082.959391510018
104670,23099.343922169654
80875,43050.967221499406
80850,25694.490296776712
79475,25295.624744110344
87229,14329.982749790322
79162,16002.627465947238
107652,7940.710441122559
89835,21403.56984621579
77430,26140.514388354906
97568,15553.887497472746
78947,32928.35825419541
106692,11848.855401243378
97127,-1076.6272398657966
80876,24358.296621418525
100152,11217.652747013803
88949,17944.93236497113
95804,33560.417060291795
106833,7398.171468305985
89283,12988.302320983123
78115,39629.768261389334
86941,15681.509506147711
104794,20781.35578304946
103892,18149.061974835644
90746,14151.283362950875
92996,22285.622522720638
88679,18919.12450057243
101007,4878.327451940051
97824,13027.959746264598
85138,10511.64491723962
87869,15022.637524430826
84266,11061.487366195266
88682,10677.478641319594
84543,12425.665779178576
88967,17582.870113600813
78831,18674.525221934073
80227,24300.022683604202
88995,10946.438864981945
95761,22654.953089024442
82060,17459.5729901792
78253,20835.736745684222
81193,24085.868887488385
97309,7683.9089076783785
93654,22394.3484094079
91399,27642.731174251585
107195,32123.220962237196
82137,14518.063198122953
108006,15081.246730840072
78534,49822.594183294525
75979,41875.885769468965
78847,6858.218297466345
94746,13136.76722522418
76591,18568.42425819963
97366,14130.392473957512
88756,11851.002709964108
105074,19124.61274916944
107641,26386.224071696946
103717,16834.770265356845
92559,29682.66891976975
85453,-2973.498723422519
91736,25687.487006958196
100632,11945.969790754007
93314,25379.121254905036
82593,12858.20047784154
105791,18844.619228380816
104431,24067.926462189276
77967,19970.12093773007
91373,29273.080157925862
86095,8487.6250028404
90950,23384.667450596353
105410,25254.168076988775
86516,10408.250596597245
79221,42533.21862054228
86603,16525.432027876974
84058,18185.61983903792
101017,10844.500673034374
103065,13630.29842665868
102817,13211.500285451257
106443,22342.779130323623
96455,18062.368352769296
103514,10545.108751472288
88407,15925.170627441858
104658,22313.685318677504
83823,14933.737421765843
106801,15812.23939150062
100859,13484.867363328209
97156,3637.2461302172087
99816,14308.64750865745
87726,13418.209237675203
88783,14616.825748355295
107654,18875.171896091393
102420,5688.7775112024865
104147,27143.031559790612
76019,12016.334811201472
86158,12227.079578598146
82852,10139.5569807479
100871,14758.145097323872
92537,18366.936226444333
92028,15853.66476825041
78319,10809.438836588568
77111,23096.479426309677
81426,15227.989835129065
108336,5581.5715225325475
106048,25682.64920793102
108482,13353.384002977471
91336,23500.40996074562
101242,13877.621334200281
108309,20550.367125667573
106397,5763.30829776927
82413,6598.580323521972
79355,29000.42427849098
92826,27395.394612592638
102020,6351.605908356805
93857,28878.810279031815
88875,7516.124810770823
81926,23072.59353862886
79236,23361.654381407705
101106,18273.286889126633
99069,8507.255377692676
90017,8777.086238079193
101706,12801.970256759672
89701,6407.796240110383
96760,29509.259669117528
103901,14856.543338531183
96780,24640.08990659804
78905,14751.970397503339
101894,7657.139630275427
94657,19894.415225201727
93703,11328.984664851865
98690,9244.039356078405
90597,16975.66470330191
80138,25591.828690982646
97044,13206.957871239452
84258,16235.099376899581
98543,18785.154883301315
99833,11714.268731437733
99848,8841.564847410133
89178,8557.295291451814
105598,19416.38421155769
95971,25439.373187473302
94875,27643.8447673464
96048,8144.695307893146
82606,18753.11494628509
104545,9768.416049820114
85571,2133.356412671761
103757,15640.613298346376
80192,17167.104875691333
100422,4482.857262979773
88065,16403.58766860361
83544,13082.164320612137
76851,30538.804511991017
90464,6116.6592204031185
106501,9453.027170856954
85011,20560.065921667152
102308,9028.734938159749
82241,67996.78304839076
100655,7739.779635108216
86477,12091.527162887338
90830,-10749.764529865199
83274,20415.198755894628
83251,10140.179296083705
82122,23568.2777399267
105600,18920.657809095926
87514,9887.177451673102
82184,36529.366661098335
84829,10705.247452047046
90704,27134.47508866145
86306,12628.565293709187
105655,25193.333689067345
98964,6408.728073837643
87189,19716.937045430823
80116,14970.707236375518
78366,25897.265020694587
103668,5634.299820992746
95799,26345.77026030822
97496,15305.018590463189
107112,14711.04055443101
79698,31038.893290187807
78946,28670.706162960694
82843,12065.541074925302
108537,18367.993054847124
93675,27536.028003522515
93629,22227.492432497846
103134,14060.931596888036
76458,15480.921475141571
79219,19326.282851440577
93401,33800.09172775767
87666,11311.394317181323
97697,13908.47128369539
77945,9652.824506848574
76173,27484.4972236003
94835,22362.8188636736
86700,4199.610515224078
105682,25591.033163425345
88546,21461.527514211528
100486,8903.523943809694
98187,16337.954074786037
81395,17398.90193644451
104408,15125.38760538444
79922,18601.5056490789
102955,13178.395152199031
85515,13474.755754610895
100490,14220.285997157884
91070,29973.697602600416
81321,22586.137796465722
90925,22104.433700777383
91291,27163.567258625342
83986,16420.345570793143
91729,20452.224731198894
95830,23552.76578737428
103720,10911.673642450656
97023,14018.738503840521
84892,10164.557286273739
86618,14978.372540991604
93094,25600.22592231308
102487,9011.095086371064
76952,27860.059863001083
90121,7425.813683423674
89687,29103.438263536802
82663,14944.31867169587
80253,19521.240796602855
96004,16091.768586163877
102267,8788.274081939704
77777,26483.114917159437
85135,17785.742309536734
103806,10494.2327738816
88031,16684.880977353376
84252,11784.55580787233
80246,22102.39695596195
83445,12711.168491024651
107528,9471.186400926868
95161,32235.176717654675
105132,20770.805401549384
107504,16090.467400728994
96720,20501.182081669747
86060,11275.08229787806
76370,16295.751651518454
102092,12436.051869850522
93523,21440.377235020198
87963,12191.083457703011
94183,23353.301507748325
77548,26877.05355792394
91116,28330.08098706825
100013,12310.315312018822
105525,21395.9187102977
104210,17491.368393569548
91137,16055.28452831934
101960,14754.820205585438
80662,30061.266779000754
84914,13552.346312005579
107857,16936.498696460763
94916,25279.935896211482
102858,9414.847315983214
88182,13230.29780014837
85339,11529.909564401514
98692,20934.008622700287
98460,9363.649581180889
101787,5072.278448457566
105924,16870.69721179021
81440,28116.92403231506
107043,17550.050868462196
98747,13215.186776183193
76065,18623.635897727272
103452,13757.616686380898
87162,13552.863635667773
85972,4997.193859561636
95159,26965.230732796816
81106,24329.86414926336
106324,21631.752867049814
86957,7368.517908917216
76900,13662.709207273949
99319,15791.18630707746
105884,21724.603342465834
82889,8094.269530005156
82253,66301.36181250354
80818,11640.546291946954
97074,18582.469981972394
103269,18703.91050145032
78298,18884.0720188019
87216,14320.443363663839
104853,5262.799825384725
96298,20835.246570996846
86803,6636.318062290102
91326,15264.263449832059
90948,21585.554186494668
102795,14054.799908812482
77163,19241.85773592042
93519,37433.924124879835
94980,13974.622977322826
106455,29625.309179527947
88860,9926.633820626044
76536,27505.94464259624
106556,22435.379816315537
103002,13884.58924130872
104193,9287.669016381114
98247,12874.65165088258
82529,10410.864004920742
90499,7344.922817160841
89400,14514.823128155167
94595,24384.94802542359
85870,19108.2657207348
88424,22745.452037378305
82715,17803.774646723803
76324,21000.919230609234
102259,-1841.951447838761
99192,21263.11730383451
81437,16381.668463985643
97208,13506.105480510532
76420,16693.186307546635
107557,4845.975131115583
104202,20410.159967235515
83400,19113.584840357184
99664,21609.498945623214
87781,13197.667969440336
105706,27857.242711414616
86320,13533.108857418083
81907,31953.90995802708
84881,9983.461281255619
78575,13115.283514680834
101857,14054.799908812482
104378,15842.557034558782
80281,19229.822782146148
88208,21464.14209170187
85864,6626.224920572424
86973,13818.602118690495
101072,-5761.524503041717
102664,4057.987075039433
107949,11546.80055151266
88832,7333.727390828764
87046,-3858.229483801184
98930,8777.54352118377
98721,19652.704714127998
103249,9793.888266742451
88230,-1618.838821644531
103604,3793.2793845710803
90645,7835.99003285996
94246,16015.747489545556
93604,23795.9184845065
99287,15915.653711428586
106684,17757.3123849897
89506,21070.72064909389
98726,13564.357758487127
77060,18821.157654477644
107323,17384.148303334554
100559,7149.362716935331
94511,31926.45395319647
81367,25269.042980493385
107185,16208.191458385976
87243,1993.3607804597086
93241,19767.331701204876
90899,24077.24699586566
92791,27085.348929969223
97429,8393.536633383668
81883,24666.315795165334
82428,10188.132241289964
85224,13032.098703568348
90818,28079.997395652543
107186,15418.90410756055
104489,11074.269473635586
77026,17715.29191010624
103119,9114.904389041381
79360,32252.13383306948
97763,8129.626434606522
81434,19281.55323381825
102270,8022.03753437056
86171,24183.51728417047
102255,5695.830676198255
91018,24989.87328470377
93219,21525.279458940437
107667,20414.191894792537
89301,15485.618340298512
106869,12933.262356145355
101867,11542.684232651682
92922,20876.76446797422
80057,25953.18013306025
93951,23916.172524804253
89450,10549.966941780292
99681,14985.501501570545
85661,16036.708332082904
76072,28790.56366147356
81693,24100.192047701654
77375,12968.59679848031
77649,29120.652869540936
105904,18774.2620382831
81679,24773.38259400208
105555,26290.541636883587
78762,19955.42602227998
78590,16741.65466058015
92784,20355.754917916234
88497,3251.6970589183875
108413,16442.817404792644
88994,16465.040206110996
103426,1180.4794290695318
104394,22130.68693695811
88703,10321.159924507741
97376,8861.550022065974
97470,15329.009293478091
88681,17430.0306343996
76599,23172.513707588347
104274,7480.856467344742
89590,4830.734175019428
79749,37986.1700773098
107386,11201.57413916882
94829,30677.879251248443
105123,12064.247608519849
97602,20917.259871066897
93900,27630.7814367443
85986,10146.78265247276
78014,25686.955131102448
90073,19947.61292310942
91815,21849.025309014844
88067,14733.64015833065
79079,29362.110368509137
97590,12470.94257654768
84491,10580.660087859418
81997,14913.433654121418
90875,18964.239119727223
88805,16331.815473565384
84708,16801.961219288933
108010,254.11137934115322
96549,13407.495515864333
79023,7945.164428509834
80493,23624.420054110084
98860,16472.300932749156
99938,9934.277087135963
91154,33119.39505644543
102202,10704.032745869576
76479,17538.057183425666
102548,15957.006507403652
107979,10155.2237647726
80905,24371.523099225193
82630,12799.967384509953
81130,18301.122962114743
105382,14304.745832078239
101905,16049.714355455557
103353,1931.9700846456253
88275,17415.01782190985
88052,16396.82708944338
85537,21251.937904424005
82742,-1014.3849334483202
105960,22475.594080033574
95151,30446.165369974762
102555,9868.013837262784
87742,7719.00250479436
107219,21712.573041706513
106170,10498.322764967907
103341,3987.955724548463
98947,20668.481690343207
90933,23960.715459289015
107651,5235.612362810492
107937,10015.665900924061
92742,28988.039243747873
91138,20936.598326946358
100134,8737.899323118181
83718,14227.524705903506
86977,16174.947174349436
102165,10954.123790666037
91372,21466.988468917356
95812,23447.87100460592
98911,41727.32197503961
86966,7392.460913165349
107280,10356.616324559458
89020,12855.326367968857
85167,15430.527014108764
100394,12160.986348677876
93450,20154.432738313986
86838,9843.557339926778
107563,19320.13415704099
99692,19971.688140017017
103946,7167.60749840081
89586,9669.275479530728
90733,9766.114487769155
91071,26564.39486254737
89142,10025.341718885371
79359,19186.464153415873
94435,32598.831144647982
86980,9368.328956522335
92661,32373.983227659726
84734,15646.481414043741
92829,22018.097651971584
78925,26237.636344771687
88863,11547.463868950872
100507,13703.057279508244
97469,15724.367545027726
106358,9994.355711660415
94446,20624.25406610506
100068,5912.9628444695845
80005,25129.97943939522
106548,7475.0245302335425
85323,14766.373781857426
92629,38697.639403179564
78057,14680.519694026914
99591,15640.724769179902
85307,16764.076239379687
92660,27768.50858428753
89525,8633.297491052948
90953,25687.408395572613
103312,10675.743952206041
107912,19132.75657743652
93292,22381.522919872892
81638,35897.49967131008
105433,16018.131505485935
94804,29703.07737047347
85666,15653.006159047216
87338,11741.748236039402
98818,23622.96039830262
91960,28403.223335477454
95612,24804.743471653364
93399,19959.789368729438
86492,11995.929519114565
106169,14569.512260881247
106699,12554.906961252047
102175,23274.277326543124
83555,10901.070223992985
80941,21128.61239210688
91366,23541.044508041894
98045,21831.6243854922
86988,19628.491765771712
89139,15950.621770745242
106277,13351.357876201608
76317,15433.147502952786
101300,11487.30253586682
93086,13927.724090824668
76936,19771.815576003723
80711,18614.05395493618
106659,11977.734376660444
78296,9056.250051433275
97527,1910.1121865358364
104494,21995.204445613792
77982,30949.460360362555
86456,11237.92988272756
85161,16703.41149322113
100583,11564.770004977556
93063,18590.524867108506
85331,18463.10882571861
101731,14639.890359861574
97389,30849.178976484043
79902,19284.759578902493
89643,7039.398305855731
93175,23960.929116794592
98389,-3974.3371454658045
91334,21128.689217542596
98514,12415.569447419748
95382,21719.296120521867
77018,12970.535957206495
76437,21625.166911051292
98250,14481.634201211462
77104,23948.97656112633
103059,7563.301689561547
83308,14750.470619838567
95106,19560.688587269866
88684,19925.981091634734
100870,13037.46420429646
103498,15722.592744996778
105342,26896.98933438315
81398,18308.362303711616
91833,27397.416365709305
95311,21613.08661729569
77369,28767.64671848789
86011,8992.448825000314
84952,11767.234596369224
94056,21920.49217387278
104796,11174.166493405373
101571,11769.236676845016
77188,18308.536799910533
94304,20436.061784398615
106008,14597.149543665155
79849,18285.241564855973
106099,24245.975502548365
105086,13239.893522151291
85658,7359.949267888558
102040,10946.968507047182
84343,11772.607316402873
104882,1441.3071107699216
88582,12044.651253674008
90328,23618.05822855004
90536,12657.109259819408
90805,14637.658907089957
106058,29090.249256970983
78871,27356.157007011585
95489,24742.299317906618
76637,17929.349733300754
87818,6012.321791661789
84478,20820.678731260246
108394,19138.22118250726
91676,28881.559167995198
104964,-7385.008387094724
78506,33015.44055900396
92557,25064.347565815056
90715,16694.523277650318
101721,9316.706858485499
80715,24037.851341929338
81705,21040.712617233115
94219,32529.605147345108
85893,16151.94369961348
80550,15323.94406711998
86662,12919.738174039237
85271,22830.235685170213
107075,23801.714980463898
100992,13233.827889909688
97396,7902.655855056793
103943,8709.662696355666
78916,20352.911901385894
94516,17977.202802953452
105411,9381.192903095236
78377,22575.770724977123
103977,15147.438569400512
106716,14162.586559142726
88465,17827.879150223755
77421,15235.318426372905
88866,12832.355275370577
97787,21681.23529365134
85063,12483.825379317455
92555,18354.31938319337
83695,9819.991872879426
81797,14777.999913820255
104241,22713.045918598636
94730,19257.383769565742
105191,16628.359611534797
84112,9366.154224689904
90379,11364.785308527702
88992,9703.385681327269
77423,20499.460478616824
85126,7631.444276433333
78691,36717.97663071165
80320,25268.898779260006
96309,7879.968451363149
92577,15477.998595988824
78891,16464.67780889605
86056,15824.457591006001
82129,13309.584899096322
102436,9559.9346606151
101469,5613.453470369148
95885,27466.262545112164
92879,21811.08873735986
81484,1776.4456052457608
95550,48560.31894023482
102726,12422.177454654833
95252,24672.204675558674
90695,14516.581906844145
95863,24759.28674707866
108338,21436.347726818673
105327,23831.058407162367
91616,18727.458844052086
83077,10253.606050250462
105582,18626.942010423078
84382,9810.48314494425
99666,16965.79403687797
84818,17124.977967144398
78498,47845.70594699704
78378,38261.8252374702
82799,4445.746377135558
81429,-9191.410265882569
107572,19069.023262992607
91279,24147.89987798711
100475,6100.135445661899
86325,12486.35528029141
76825,27746.309126250442
107657,8185.344438099804
82346,7239.415752359364
86687,7214.730951402882
103471,12507.665097174377
78209,21364.285831691934
95328,18459.518077893386
100363,13982.556045460751
87672,11070.512910129048
98994,12390.078615336548
83549,12906.130019778762
96370,15203.695763221
87842,16065.78745062586
86297,13547.549834781894
96716,20319.93134050319
97492,21053.081104276782
92786,10155.614735021543
78254,17033.40570171619
79291,20294.450299010525
96050,19953.552356291948
82240,20807.75967391807
107938,12095.727318383906
85258,11871.756115758293
92512,21661.443194245345
79919,26688.754879172524
101410,4848.328854479709
88700,18414.44856552752
91847,39293.47312771169
101835,8208.706635990353
99878,10493.962994668362
96318,12664.004281380045
96245,15960.303703343438
96194,21387.934859768397
97973,8317.682788356104
76985,24804.045487857555
100002,14329.139552647874
91364,23066.840802410847
106980,5957.072422238687
76285,18730.636863295003
101396,15884.698701362655
83368,8852.541795832003
92820,19396.61740240539
92264,16319.019366610944
84052,7735.038514235279
83928,10886.830236360893
105324,20176.399761636774
98502,2517.9475377709496
94457,17552.22572369386
79073,21822.954623188267
92738,32373.4012983487
91008,39064.13087591197
76447,26375.233206621182
81627,18914.76236120612
97016,12064.181682325718
83182,8873.58500372481
95791,29134.120146228815
87449,24030.90197194505
90013,22299.176532014993
107223,19152.427968876458
96785,18852.255555117707
81473,22202.08171432458
85403,15725.68910484594
106473,11274.705571858372
81568,23143.513762641785
76748,16248.860911127918
77020,18888.98005357411
93210,27980.366268436515
103955,7175.594401920835
86509,16013.293990681563
78291,24843.413532338956
88895,10778.678918425117
98026,9512.05616964657
108410,24571.17323919264
88039,7021.8400858608875
91193,39023.06510552259
88087,-7954.258700989922
88708,15718.646666009889
98485,11458.037135967323
89847,17131.142478650516
81318,42753.865781197586
103971,11179.200964280111
85649,11904.325073995418
96137,13159.299622598526
81112,22526.74807885181
87825,17932.8545895217
103890,15339.888294973069
92845,39020.33536633444
95649,25269.80842876853
79000,9471.439556848003
91668,11960.41012660921
94544,26667.77628629363
107024,20560.609984621406
79725,14006.275850785707
107343,23390.42021108821
107612,16972.534922704246
76647,10317.119263164011
100922,5337.442831598339
88583,13963.062603501416
90425,16402.498810269317
86258,8813.590966004715
81973,17103.834309207497
85370,17332.355909005797
107854,10183.693984577674
78195,15328.616462457569
82124,26586.68271110814
79050,15927.051357565619
78880,29112.28453033697
88596,14486.396562016562
89033,13345.457374338326
78792,11226.436767190218
98664,21459.881601951358
78544,10790.588288754705
89184,12324.767143915178
83109,8005.128919109531
101759,15035.356485879423
87164,18149.01036695121
104156,7900.2646611383425
107607,25127.12281716295
99705,8448.619806840023
79398,21379.919126380977
98401,10469.975562710739
91911,26906.53164817445
88175,7925.716992688194
77275,23072.58901582909
88946,15505.526067725219
98293,11193.785468107217
95991,22202.130054827365
82196,12314.54847553169
78514,34629.432114778196
102853,15391.369698867782
93984,24688.710100892244
104689,28203.941454766267
98534,11644.301990464182
98744,13180.584088561036
100456,5823.012697245191
83468,12277.637819819844
104432,21195.209338460092
86752,18920.71442035026
89762,7481.295461104781
82788,19308.425774050735
105604,15194.98978078724
105490,12595.892651348575
79447,16529.913306383572
107405,25096.464859334825
102782,11775.868429410282
82786,10022.73388602115
100557,15647.648593141737
77711,22650.023544910393
104935,5344.468588223663
90750,13846.394994345774
94396,26457.257456355805
99628,16454.29782817106
87360,11028.90090590825
103238,10124.2459960811
84883,6003.683042139928
91450,27240.554518705136
96221,10136.370344265579
82400,23859.795471265334
91940,11214.478210490717
101320,10955.771627881255
88653,9855.046325339394
79446,13747.105364569277
92672,34568.216488846505
85552,15771.912599569354
89858,14552.347755150317
96610,11546.517480332253
90447,7205.448109090394
90357,13870.570738471337
83266,13353.640468955415
106259,27273.41662465769
84489,14086.325296191666
87875,16433.12228532704
78430,27721.17462087574
77249,20209.04847498705
84094,11381.651613006612
102218,13678.808333316707
97151,18856.105606763093
102064,9207.21664701118
97655,15465.283765659748
97387,11713.341545142734
97118,14293.118584105203
101804,13742.870461684812
81888,24411.650851133534
77455,25238.259638784937
99638,17026.03953280312
76845,16339.005867567388
85493,8280.59629651393
99781,4346.81906613223
79322,25630.931186822054
96766,19484.254734353402
80513,44452.00604897115
83907,21342.14620038496
93217,25902.635627529613
77426,11461.457853328884
105044,9538.97061364866
86573,9530.563681797183
95251,30721.491942583732
86098,3714.0678160161733
93674,26765.85791309814
104392,10882.455731941956
82340,24906.417911864082
85899,22735.902022469367
85579,3053.5256495633876
86725,13235.002792332018
104810,32025.308728350858
94570,18907.87474118322
89607,9746.684352888398
108478,18297.296439054313
91464,27273.693540497534
77613,23816.909433345143
83067,3250.502483917713
104585,23404.74886314013
94473,22026.24150935583
98756,12572.689170511747
81199,21337.050660798886
83741,15834.903981553052
84972,12554.542025074737
87486,15009.602994115174
92290,24918.18279223964
97049,7410.048540559757
81960,25086.62109620075
85765,15958.764904304997
81319,22087.81347923545
84335,10439.95996216833
98897,8694.594832332477
83649,13106.994186373642
89567,-6493.7836906169105
101958,7292.112441587322
108211,18112.294804137746
88326,14061.340236778851
106424,18491.552513515835
90848,12605.10091542557
104944,23871.213441669403
81300,60343.93915541892
76804,111007.98911086342
93569,19263.223325515908
76839,18058.845844477783
92611,27879.03619241869
76006,23921.642833788355
86953,9717.498972537698
107767,19012.591524712185
87949,13512.107926515751
95782,27312.050780533984
94414,28422.65512208066
98483,23239.482004362275
95988,16024.678429774216
98640,13200.362283488133
102899,-415.6052694536229
79367,47245.89167202559
88430,17405.850033238657
79428,21687.874555927418
76247,27388.027564220185
90955,21978.011243992267
100711,3928.6473896275274
83720,18141.34541610591
93618,23235.079198518848
94754,35458.48060900135
78740,24187.785107368632
106522,22822.391091618203
90165,10518.969995405616
99615,4203.78989996899
88112,11897.681508854348
90759,22267.383441066886
91835,15744.150245073
91563,34753.23230461475
92736,30899.270803473155
96939,21731.15858319119
100301,7371.189788715117
80143,20712.343472034896
108141,10747.049188955803
99743,6513.592027895895
98627,20170.34723369939
86233,11622.55217714565
104568,19289.237933674
96489,9386.731329162574
79018,14831.969119125759
92173,24989.41180170192
81198,14679.931058252358
102450,14794.017920434751
105038,17079.943252959074
93284,27866.089716275048
85848,17261.572524878033
89587,12711.193893101226
91457,13845.22356234037
88804,9135.791777608072
97228,11629.98848000128
105841,28992.209112084536
107331,18502.778329263583
81008,12769.5124012569
81853,21960.169227008624
103283,14061.874933515046
79036,20603.18007378607
90376,15263.542606458777
97271,4362.928697669731
82967,11821.380955994184
83663,8822.799834373427
81640,21759.999104496757
99076,22829.986878080454
107790,19353.955985288067
96460,7194.367598299481
88286,16410.059724677805
86545,14403.708887379344
97634,14746.791185616046
94452,17451.380208304923
94409,22476.547908060304
104877,11265.474064638272
102952,12544.944607162855
91502,19014.006934069108
105695,6044.804690826382
78608,13418.224821618503
77384,33400.847707197376
82188,23476.457471961774
81054,16490.576958082664
92709,28401.15720708615
98260,11212.502491664556
78996,18963.75319268242
103868,7463.750851208999
81809,35913.053398119475
84251,10437.875279210886
103762,7020.597267348679
101479,12344.47517624891
90533,11114.586324974513
84636,6965.748486745826
103208,3277.048347624459
90274,11233.45929172761
87517,15447.059125700409
79671,27751.230816017345
81486,28816.670883476603
89338,21056.377178674902
76912,13961.259101936153
89675,12143.975667954652
101294,6880.204272705569
98316,11037.71668966333
82457,14754.99571565424
78558,21727.92859044447
107933,10178.536883903924
87555,18295.059906765986
80873,14664.733097954115
94717,24178.126030188418
78922,20470.541299438526
87376,10890.131914555423
79203,23118.686890482084
83801,13974.879564139112
80314,19422.99215487448
96011,9407.151839104252
106585,22700.510233842975
94122,24127.94180073768
101723,14109.053253359687
95561,23152.58156698604
82751,15206.901342741174
107424,24430.5539898673
108316,23237.892045696786
79229,4874.928246903193
104835,-693.6365149945523
106289,11263.8015242787
89876,12691.500123269605
96917,10352.156804836699
85982,25596.35863206142
105023,18225.673411655964
76749,27658.901686391106
76453,25492.545354858034
98954,10977.028699992452
101783,12538.740924246522
96734,7399.812007904449
76884,20497.839995510585
84277,13465.952340760607
104756,11157.343208667247
89268,20643.29067296136
78955,23417.642205963813
99279,2769.816575798239
77361,27215.607467336136
97823,19531.2588096658
84313,11110.107769767914
80520,20955.613421999402
105472,23397.806318996358
77671,11204.164032030523
93098,17056.82958696668
86559,18168.936946404378
86582,12228.133659374751
79414,11682.410352345809
97179,16028.852057333133
94617,25424.95169270053
85780,3465.1348644814097
90904,27781.75964055443
103178,6250.549295336108
105752,15593.399282834353
82636,-9545.495138719132
81069,16521.820328181755
76784,-1822.3501146839735
105061,39452.85640133588
100732,10736.128192289343
106562,10085.783828160062
102833,9784.946377625463
79029,17777.162014501297
91944,27376.58645968979
99849,6134.3654563931195
85213,19053.945253296228
92653,20264.522930663727
90824,8352.561984909848
102752,14555.697565901071
106732,19648.504621271302
77076,13736.777793301886
101825,17872.757024621857
78920,27220.897210599076
107404,15826.889945707266
80053,8234.557282467698
108062,13234.422574317803
88256,15536.078442817241
93809,27806.39927213904
97342,11889.289446821924
101308,4333.360000962504
94366,25076.175184777658
88228,10660.29678828036
91471,29486.438474791958
92294,16418.750348349633
92018,24892.002109651647
77448,34622.80724992028
91091,14277.204630630265
90892,12727.837240916597
93754,27384.969053194007
103644,9521.35441367952
101170,-5015.273180461281
87238,18585.410245032566
103651,17395.621068608754
108015,21370.32526565312
96704,11425.995732484724
87938,12851.777872870567
82456,14389.637449359801
94735,27493.047383520487
79831,19982.367013570332
99435,17078.438027888144
77407,22605.994799852324
105163,12121.027677176913
90450,19635.129329936124
101144,-2087.9021484178556
85101,10753.919581686638
102152,13810.004054103789
96445,27016.515070790723
93062,37683.90870903342
100172,9172.704483853071
91519,19844.450194568304
77563,107924.88126770165
106245,16176.191288421756
78606,30897.416453434067
94171,19226.0864559483
82263,7940.058278229981
104528,6076.834488925022
90918,25137.94860297054
85512,10480.744246940594
88317,11533.052975113013
77807,11213.864986593035
96992,10710.428539143079
93802,24830.885451841958
108022,28810.323746829876
97029,13248.741998941125
92027,34985.363970141865
88331,13023.843236222729
81387,13122.999791030661
78465,6663.200169270498
104119,15584.61465591106
86438,6018.996591488263
78315,14357.72771126169
102212,13874.783427102166
83625,17001.90398234657
99983,5982.859676412232
93838,24769.604440297586
86485,14952.26604663279
99164,16718.162047756497
100640,15455.286532617598
91693,28340.469881792527
90195,5710.724672142116
85076,10269.101968441526
83090,9727.2323850594
84161,11732.115907997118
85985,15760.850544007568
84759,12487.247730700283
105838,4168.4986630857475
94748,22123.06226218838
108188,17431.396671158396
94465,21031.368418448346
81856,13812.148332510113
102715,12153.601161447074
106448,18994.59818104522
103923,-116.60843306708921
79482,27719.66853898384
86062,11438.405911581693
95217,23046.1199396024
95712,35237.46806974601
98498,8273.080582830866
79175,8105.546192144302
82244,17791.05624165205
91792,34225.70448308978
81626,24644.05630901611
83185,17379.64269839703
83134,15214.19722049627
97667,11721.259198938264
90780,17385.858913279422
79383,26440.800685564547
78440,29600.893089099492
93657,24445.09112536201
98771,21595.695266094892
103569,15644.669257706633
84696,24270.77039848918
104235,9704.489199787731
89916,14143.815281320392
108238,11755.828225780617
97737,21329.835530577126
95184,32869.66478794039
77985,24407.31703747997
100680,14653.460669614913
105919,27251.018770219474
102177,11757.146712234016
99133,6862.577689644826
85097,6874.7902617366035
102464,6231.354095422783
83036,5473.529216961764
82142,22539.66267116329
92118,13200.101637017262
79734,15375.531074608349
107861,19859.905809107742
98253,7999.077655925521
103183,9734.068860249612
98112,13608.284277072044
82339,19634.64550304328
84875,15861.18390495712
99774,22134.772153652768
101808,3202.608583276331
88731,12505.852920812504
84055,4026.8053207770026
87777,12002.148131737918
93362,17991.97304573947
96195,6143.821809080617
87650,11151.005453102218
105329,4487.656007154352
84167,11716.113074969962
79667,21261.589008550738
85111,15934.906587751575
79561,18355.884768397613
81753,26422.242790470034
99584,11301.389399060861
107389,4370.535644171239
77634,48083.53963090103
97353,11026.112783601977
88362,6587.216716530827
78923,26924.211966659692
78687,24543.253422043694
79611,12466.24533623486
97264,6209.743559431034
104372,7797.087439660521
88340,8335.86468102871
81409,13383.591823945173
102716,9532.184841503935
100489,9146.128248456087
86616,10302.11875038682
96450,9594.482770951014
103898,2981.652290961956
78965,13912.614348887424
77910,16572.146716518953
85534,9415.800941480844
81814,19829.33440695837
88537,15018.794940967771
97930,6283.160858400726
98346,13199.316673344656
96397,17889.878921379437
106812,29274.705803228753
88599,15314.611940380935
102760,12867.463391629968
94884,26887.589397432803
77319,29398.311548449426
77255,10480.042762193818
79483,18311.22484363226
93869,21017.407330907205
78283,27268.931315060367
79491,12817.040301945692
79679,17329.91743017741
104817,7109.584751988657
81355,33043.7236864821
102513,17895.225810784785
102311,9181.331009859892
94639,28858.30571413053
92057,30983.397186800168
108057,8756.77083689177
78415,24298.21957362717
91755,21329.529834249395
94507,18638.87340206208
77368,25200.36424063686
88838,16907.49562245616
86482,14914.604282290005
103032,11104.90042821622
101482,8901.258654311225
95744,27675.023838446392
76424,-4405.22228870746
98537,11893.792104239703
100039,10980.537216222272
76025,20214.060209500367
82426,4829.306698858141
88387,11181.780155072203
100785,14989.553718042338
84030,11048.53385650726
107046,11644.80175199729
80159,7343.298706684251
81743,28068.454470441957
85348,12021.606785614831
79901,24687.88774715308
108373,20292.27226973504
79436,14915.170589705122
83626,13737.94683708127
84211,12504.516527257576
107879,10016.063112758186
107245,14931.172412145952
102868,14052.913235558466
98034,15023.467515463748
101634,13616.666472028715
78902,20960.88662913017
104908,23737.224731545914
108265,13235.208688173643
89613,16615.131690665163
100852,5196.074499346576
101045,14707.781237614961
98194,14185.95202546737
87876,10667.72293580482
88436,7930.411944765045
103563,13368.671782548568
92679,13784.545070316262
97639,15037.464538929406
101310,7106.656954830662
107398,22135.960120162676
98740,6360.828907357758
103081,4039.8530460232196
93701,33178.34264280055
88341,9911.055763691944
91276,21991.3109509794
78877,18336.328892721085
100579,-22146.040509890976
76474,22200.860047663264
100963,11627.587530964489
98672,1383.506632407698
94737,23038.28891872523
106382,8374.888556233967
90771,21178.013401554905
82118,14318.365378276058
104839,25643.442397678908
88881,3504.1879056786893
91400,38096.16754455676
89615,-1070.5940542788012
95916,30320.171414772965
99952,10356.720711471473
95605,22617.505727932912
108251,14908.844337261344
88507,12114.098653367204
97142,21708.844268885983
97129,14600.511211004672
106320,973.7696254753464
104569,-2415.8870125368303
86018,17142.264684920443
98054,9516.879625806183
85925,16646.496850058287
82859,11064.631821618626
107329,20645.037362219024
90943,27095.568410095148
83393,7044.829542918487
108091,14701.646673206636
81571,22398.58629661766
102704,7376.577079099921
89511,10019.363854419378
86361,16091.782327510806
86449,10835.580798589493
91048,27889.96317501487
88932,11667.852300766168
97096,13055.426406957244
92493,33164.94895236721
106005,29512.563083552734
92101,23953.447375866428
85618,15076.164519600039
92275,8930.93024915367
104354,6267.415166134524
100165,7365.544027291435
102137,10982.015782374183
92251,16268.451738037562
102299,13649.262911643438
93358,25489.030400992793
91807,32230.062073453242
108402,16132.043199387483
77155,24787.696545885556
79195,24154.013963005276
96974,11627.398102351028
105848,9824.717752801263
105425,10675.76986057943
103620,14059.881327452807
79238,27393.498004161243
82292,22711.928507968416
84451,-2322.8433543370484
93942,16029.458011007522
104577,8945.061595561254
105690,24338.343909853666
93421,13021.329444268844
94411,22365.41798567172
103746,4102.221328997082
104927,13282.706595694799
105798,12134.639954248005
88601,8627.573870163946
87898,9665.313624041726
87580,12933.009821142805
106294,27886.93662084458
83194,12068.880884936549
76073,20747.840292423018
98161,10049.011592908217
99152,10107.160912774478
78180,13187.17278809013
102662,7508.615641171105
98915,11654.288244237112
103302,10461.17010555213
107764,12057.621424276134
79227,11830.503562677695
96799,13496.082555494297
106081,19606.655415904894
107508,23740.10795673145
97995,17012.282540325912
97586,20723.66750300076
87104,25935.866111923915
92790,34700.10429886562
101900,14162.344526873854
107104,15365.782705203866
93384,26052.694994573354
100649,3586.3281344794614
94525,27056.53577765404
103004,15615.392998114272
81477,48599.050650431986
94774,16608.74597813945
86403,14486.396562016562
95958,9903.839699056789
85977,19442.14655452603
106000,23485.484727515577
80189,20552.047121637217
105330,21420.885783707865
98119,12888.185641490543
108242,17494.557167785137
86122,8088.180780752904
90847,17504.253106660377
78649,20073.646873549886
78043,29205.628540597165
83454,15644.712759709324
98842,13221.092027151435
80378,29504.12335247831
100525,8544.817417890974
101979,9805.009225284082
93192,30754.09027210567
96062,9775.519743824021
96319,9651.554636885026
81121,44102.814274206845
96527,13899.368065467701
76762,48130.14985795929
89658,11456.41271724641
97136,13433.987552806153
91941,24616.07614625167
107113,10590.728880039593
86846,10760.028768862489
102674,14722.601783621827
85905,19311.711986626287
78034,12294.850149759139
96919,9262.475602889479
81474,23772.995572863914
92121,16669.304690396995
108308,28902.141845192033
105113,16479.535200866067
77939,29169.45281427697
76253,25960.062148868503
86272,13614.775050493088
103786,14061.874933515046
77663,23875.53140699817
90143,15624.975703781749
83487,15339.652252373615
99629,7844.412697241107
78016,37656.46017515708
97062,16734.381312209123
87499,18878.54718567623
104580,4.762650607215619
92086,22552.174814694055
81704,23377.162146438604
85458,18105.197943062303
94697,26524.57585940087
95730,43076.608070290036
95533,35615.107903190255
76852,13725.633245234634
83813,17472.00911430148
91465,24539.32378589952
98380,7666.368868247753
86923,15948.624376377215
81159,29635.27011780666
99462,13010.492125171797
86553,9056.421536073805
96547,14501.63498489137
77542,11425.42014091331
91704,25607.560697425586
103567,15925.4346950281
98508,12402.002654060449
94989,12069.13424511531
96305,14945.92215433728
103772,15194.409646731116
89923,11386.366975760666
84616,15036.556409054865
99970,11266.219904620357
100286,6210.880250164262
95785,15960.85472953914
77239,8732.57288041179
103828,10033.639424818197
86204,20573.56237394832
96855,10498.026329991199
90132,8415.613769107022
83949,3455.147963550069
97042,10262.54352399252
81439,1622.5760862312236
78200,24770.45307029358
96583,17603.64575695164
77935,16630.376177660935
91759,19418.287431233566
104912,17952.88536348932
95613,15503.46700860003
105447,9802.140334235668
89828,14134.137515977804
97297,25016.669620021377
107599,19387.848278590685
103109,4860.685029754552
76094,13154.317486543732
104324,18596.645560644112
82877,18728.9979479137
88953,13447.838978177802
106644,18457.105424178655
100086,9444.186177001511
103949,11821.17256364649
87447,15087.713463994089
103384,10200.697221054434
108506,18876.809691478007
82045,17478.940198388675
86346,21459.762826151364
92643,29448.115911741093
106532,9127.269902221307
100209,15641.399412202216
78371,20104.78575991309
79815,23038.74908810417
99946,7584.083679215062
85965,10411.15274219188
79558,22242.855769568825
108318,19109.900457873344
100907,4332.759212300294
85301,10005.85233391758
86214,-79.96667316445746
76307,15427.406468460857
89487,11764.636424118953
90272,19735.611583591948
92470,24556.122768028068
89056,16321.120001038878
108376,12690.701740239045
90393,19780.918791415344
90202,9137.510918188967
95164,23286.515980858625
80501,20995.54940135599
80614,25593.74749067247
86354,14946.52286789268
103851,7262.759493848716
91517,-3180.5831698016846
80179,24914.109311567496
97710,14084.62782910194
94083,25012.15143420177
83733,8804.479985748345
105032,18438.314154672436
91064,25956.337725455942
94799,30975.929105169685
105548,21270.123332808023
94248,36607.06875095492
91984,27227.543541031144
105390,11110.202188185203
84137,3785.5643473529526
84643,8827.819626795423
94173,25827.04368597622
89789,14201.280204182323
99329,8305.31125092032
107125,12567.726236152354
81011,12073.683131879247
92062,42613.641250029395
76630,23462.54688398607
89022,8723.502318125407
91463,28237.55103515988
101563,18005.91064168711
104307,26846.183725613108
95572,22810.904791925575
91019,17868.985789803508
76966,17935.43023245928
76916,28195.70765330361
82319,22969.65203870425
93863,24150.761953682366
96798,28481.037434102327
87072,19076.69745496228
92771,20413.23838331909
105915,8342.972333686846
106830,12160.86100140263
88798,18807.098333994854
81750,10234.691523265197
90415,12026.027820257983
91110,26170.201875623145
82187,26155.04659037225
102386,13038.240239114435
103517,6173.302555175567
86270,25965.863116731285
83526,14559.390003614655
83728,14536.85752768476
76878,9075.968981070826
99712,15417.778396401987
92556,9534.613946175308
89879,251.62436999272904
85276,7957.718137571937
85272,13694.800786613054
82645,11989.67319413435
81445,12741.409606092006
97841,17418.11730081172
97088,18931.460912266215
87735,10749.260311588827
100748,18321.692577578193
94315,25807.560284826548
105218,22540.176217371507
79295,19195.864917283416
85482,11790.911025511392
105112,12134.109294018795
98458,11428.46341248131
98177,3032.4065022295454
92392,21774.417161685848
106885,7815.147455792074
94239,26785.341710917597
98355,6274.692027106001
81111,25184.19917154917
101464,11475.780374459802
92070,22949.30963715753
98707,24488.190472673446
91095,20660.546289683447
84486,13015.254112132998
82898,16246.691194480572
108233,8399.089553034986
80001,25261.217314639805
83538,14989.792924947997
88563,9588.408926083655
98871,10173.225933681731
80645,62491.80458778935
82054,18947.348175778294
86397,11723.85149690945
97865,14882.67677376321
81700,38036.41989956246
100417,11852.08768639939
91017,26985.437870900554
95218,23219.347706713124
105519,11562.506289967378
98097,13176.778867812922
89232,11213.430299272612
104997,13594.875825603005
94952,37588.62293949873
87017,13637.875441032895
94876,29709.68072686253
87741,14532.337043044543
82776,11832.78022054572
106221,20451.1470823976
100602,13445.690571884721
105337,11830.378736407336
94476,21028.231685552244
82899,12834.701390594983
79145,29046.819052765873
90481,19611.83366010782
92396,31417.459737507572
94605,23574.55658000367
101668,9166.66983965688
79742,8705.69042747228
84465,19635.667469075444
86828,12313.740948949455
84944,18278.570525508214
93680,28136.252646049663
85778,4372.712786280128
82841,11932.775919904867
96597,27849.529520022996
106852,9768.132751945137
88003,15168.8640760477
90461,9016.59781189699
91184,15283.088068799552
88055,15117.86587151016
99180,8268.086092535117
87766,15470.088399208824
86691,13331.834081227043
107751,33592.96812300544
94882,26890.249311544794
78637,25183.921259564646
100601,14054.799908812482
106271,2881.4955284048556
94355,26754.054089821017
103261,10754.005872054588
84449,2340.1201346137095
79799,21734.594499834177
78481,13159.973248678056
76569,31822.54876380362
90516,20871.50894842401
91054,28627.48986202911
97435,11012.892901240604
91203,19848.74077986239
86130,-423.0058517154175
93768,25726.949922521384
95494,26949.624817205422
94319,34208.17811281809
83638,14793.524589337067
82289,31427.438503708654
107990,18258.366312107675
76261,14567.997923659728
103466,13806.389789416999
91403,24279.20678923623
106025,14766.439609753528
79465,24835.30910964271
102871,17454.294549043916
108446,12422.203150752594
107305,23808.319258644402
80190,24785.680310819625
81649,7686.4448045063855
104611,14737.636364452243
79821,32050.236363983946
106756,10572.490217704213
94209,27890.35623194279
81524,24176.34472087526
102947,10869.96732487537
87868,12834.920180867288
95933,25241.025879079978
86850,8309.613373025448
108381,15018.884398673288
88771,5089.092633692777
83105,14715.403031220054
93264,33983.53305770442
93240,25034.445940329922
94060,28854.64929173963
95003,11332.152465043902
105812,21637.03258539522
76675,26748.86832291991
91421,20271.708430508064
102047,13728.137416786882
76316,19942.100541498086
108385,34765.01532568851
80043,25088.900973872966
80122,10900.998512949467
76885,13343.186109798757
100765,14162.989252189895
90748,7916.116233118446
90799,15577.85990457518
98792,16698.858946002354
90085,6821.370989171148
96967,13522.254848438872
77008,26324.617089763775
100132,12121.49802648689
90720,16578.96364304168
105966,14030.463473658716
75981,16017.377903958952
83312,17814.05584809213
106478,16718.634075908773
107800,16137.510119948067
103769,10751.095431242255
91814,22298.816487831627
92683,25754.39305784892
93319,32317.966615307978
90670,16760.99513151861
105982,17105.1045336867
96565,12417.96100313129
89299,22286.16339739282
87406,10081.377979666842
93260,34577.432174392445
101201,15883.126473650973
85414,15867.291872413676
87273,14615.26000428621
77653,18986.936904078466
94848,27143.54806889443
81983,13293.057426657364
98927,10100.128953273528
105078,14799.912109109351
102825,8458.764264788913
91211,20096.03941270644
83862,9197.528973197153
76624,14882.333224976319
96502,7405.650626690203
93149,38808.61666604762
105761,19509.02007500952
81327,8862.24909728738
76688,15506.074819649097
99302,8363.405064866925
89052,31874.017778074704
106892,19130.560973884836
97157,15678.052653671723
87715,15639.18789342573
104669,21351.440843087163
108522,17186.932258886856
104725,27914.225200683515
86473,12460.994476229731
107402,24273.882573674753
99376,22397.688621823247
105473,7770.932480149841
101761,15883.755364735647
100229,820.1610522411902
104122,706.2120441735824
103433,13045.676511981252
95259,25912.863402780797
76691,12376.736831445396
81526,29167.92615145005
90817,17084.389696256032
106577,24703.853403367728
105900,16362.15432460652
86342,17856.59917308374
100902,10677.609431316556
84715,9321.282279212348
90605,13482.57603616168
80255,11881.024308970718
84484,8493.260906005142
82894,5814.781241782071
86148,11057.61512702838
100981,9251.305497072452
104559,24548.579484893322
96603,6745.671859007214
79461,15554.166618801923
83864,6834.7328225032215
99364,16073.48785051692
98182,-8866.073070959868
85145,20120.542570743655
102591,10644.951359338182
91416,29065.156340795944
89032,16388.054747021986
98530,11484.175926454653
98214,13669.286712285257
87931,9471.69378134824
90835,24196.48080367739
82398,25994.98990982079
104749,5559.534096479187
90735,12922.291492755892
105444,18731.29416619805
90324,15059.064303633357
102500,15403.396989213239
106702,2485.4920948981307
90727,8517.27344958256
97427,17932.58095517005
99844,12239.707489520308
94541,40438.95764900155
84483,18076.23938440554
100773,9452.403462948878
97910,6069.3784539585595
97461,15319.15125941628
104846,5217.176174186763
83951,17631.482131628352
90276,14479.555944234064
85508,14764.251274446658
90153,12225.001923153755
89830,21677.62360938796
89708,19281.72969940966
98504,21640.50679324457
80397,24049.686544623386
76172,31278.296407727605
85446,12512.924417176859
96732,11406.317865098179
90781,5770.256579859788
86208,11687.595468927235
87814,12089.50965382608
90938,38480.256908463096
91231,24078.089218262452
80979,20961.97249432239
85098,16438.109918377704
82160,44120.26600180651
82809,22809.18174758771
86468,16468.19577316921
104758,2300.653573031497
79772,29843.212613084717
94343,23819.492784819668
91304,26786.66406527602
88751,15141.016414860842
108437,40867.54722995499
94059,27834.149091250205
101856,7968.9650230345105
76319,16971.855985635702
77918,27823.99728102078
81976,33505.684053873156
108377,21347.798720832823
95984,27975.177916987966
102208,13566.276573869349
84420,18476.466014795886
103716,11873.249847582765
106428,10789.114297644392
94602,23136.34524044455
101119,4695.565728966823
77387,15775.950005238466
107227,15925.918443947625
86164,13726.60361011637
85096,14497.554815384676
108198,6846.852520089284
86401,10086.094662801886
86386,10604.676604566423
82726,14048.503673076879
91977,28960.878056049492
87805,19516.044135993045
92810,36977.48308247248
92387,32284.371591760595
76117,19086.803709152337
103862,12504.425073943014
86962,14875.476895138476
77023,47946.03508442494
102863,11601.460497304575
85375,13506.636315414667
84363,15103.924460252154
77485,17260.15416694396
99266,10749.416325314069
100253,14010.620310114253
79037,17841.004911577627
92228,30373.414188369745
84144,15168.454871333808
96577,9406.119424301982
81837,15120.926376616364
77791,21284.701071436735
80717,19035.86573981882
88865,13608.552496409944
103611,14636.66729305263
96150,26198.969989976296
98071,31117.704516687394
90964,20148.936893597747
108523,25754.03764871707
89431,14772.558456285144
107595,22354.88918154993
94778,24432.705178632044
91385,26053.37961429118
99288,21255.356299225903
82885,17980.169177098705
100437,12555.352074722017
88938,20421.32579837019
98801,16507.989404524957
107023,5918.285220515318
88675,24528.379460772634
90159,14642.801475996494
85804,16832.04003438429
80088,27832.720544192303
94929,32638.77519764805
100421,13566.276573869349
90603,10758.193075679044
101899,11832.684635953243
83201,16543.291952289146
96023,13067.658495984537
102019,14054.799908812482
106863,24018.58736864987
108263,22170.914817713132
100605,12260.272528670517
100998,5748.969513575412
105544,19640.945205407075
104343,8535.403528975748
89692,6023.994506843901
106309,12917.775913185298
86065,7979.9651596922195
86436,10814.726226846971
103991,8756.82952770609
92712,38826.8603735604
89709,18030.71707279875
95415,26615.68645529277
84959,19472.155376080158
89069,15480.859076120876
85580,16129.548378457654
100728,10789.906342849139
80638,32213.65297423106
105713,7658.122019316554
98494,6243.484779276714
94819,27653.264293021333
83800,6760.36953058918
91085,20408.97482595663
102276,11324.5602590079
96111,14017.293478299154
90891,21287.75489583022
80010,8558.477317538773
99501,11617.736670561932
105431,15085.73561504788
82161,11187.155847239446
97426,5042.754541038936
100242,15884.698701362655
102470,14522.949722320916
94769,39530.887033788465
83472,13145.828210852156
81138,27772.741653294335
82719,16201.556407652632
97305,13614.479030654507
77744,13592.041600852102
83536,13618.411104531871
85355,12527.590624412656
84273,15896.5816353298
100061,11151.516979867554
78109,31678.139648485743
86119,16125.164579668399
100274,10509.673861943329
90390,16233.484331263637
93338,28312.54324554491
97460,8292.992882527122
87833,16594.825905473408
107064,23654.291522717962
80942,1043.2395927278922
87473,12984.166924351637
105869,14891.029545763993
91776,26232.351949590877
85853,15803.861407982986
94909,23491.278249796265
82407,16799.720015030853
97633,12283.79704641972
80176,21777.903311154172
88572,5742.999474861448
97971,43285.10639012126
88633,18562.450804242813
76234,21280.66544014008
98579,8788.14238117748
90034,16635.83313011351
80857,25180.613625883994
85633,12879.58218018146
97760,18828.092044772347
88831,9625.919292510618
101303,5215.927865441819
104373,12767.84897704446
83512,7939.510969695795
102692,11472.000548719492
87092,8224.917205985403
104305,21204.673066711428
95344,25082.306872853213
76629,26270.833839334846
83699,2179.2635808968153
99290,8341.108310596626
93528,32305.213907685276
107251,8893.666288051385
103980,14061.925223477992
94469,31629.71420484597
96448,12734.221390383747
93511,22554.435108539226
101249,15920.877875180688
90543,15663.794824573844
94928,21980.04731928835
102623,15535.585523759559
79505,12244.273990814825
90175,20186.97145235814
77417,18113.47627379615
80974,24249.284658952067
78874,14386.857328747314
103376,4652.679449204865
106490,23702.185701308583
103267,6274.767977694253
92434,28474.180229503458
94016,33605.76211843591
107217,22122.27837631348
100783,5147.326243425796
104306,9625.933305635273
107691,41125.847958432394
79101,23609.622366478357
79607,17298.760772506237
96910,15019.487298272456
104648,18449.49172282651
97752,8998.341347327112
91917,23185.818765875203
78307,32235.279659999116
77462,10616.385458300478
92958,37271.61229137253
92148,34149.787679597895
93317,25304.004381497587
77824,24631.260585216452
81043,18655.30687833359
77339,15920.826308737815
95942,29418.178474265995
106865,19808.81224839321
100781,14090.493069144766
82907,6600.873899274098
98541,27182.839480188417
99032,9853.499449927443
94935,24125.606310295472
88567,14858.411566590363
103765,13805.365982354331
82436,12468.276678503335
87940,11183.324039510604
83542,20373.298887378336
80229,29080.465157081388
99988,14786.500509078767
83379,14890.761871952895
100404,12257.911934460899
76340,20911.14502827226
104105,9191.288993872551
107460,21791.847784485773
83058,10636.688807432485
87987,11453.150487523293
105926,5053.6270051834435
92263,25448.53510837574
76100,17645.104825831615
98059,12632.28785707556
97622,19978.911648911668
100124,13128.81865122452
85132,15619.078173238926
90849,10790.407719287667
89461,10116.993395267686
104144,26657.920699351514
76429,29293.540061998377
95660,32620.352741987914
93649,23552.177002581957
86295,16699.402312556344
91313,34399.31746333903
77778,30959.56985314953
76003,14763.560174258999
96131,12698.184085939454
80441,22398.44318503742
107065,21901.15633051235
87237,9648.229245098795
79135,30818.879153115297
79471,6931.724776873967
88444,11035.048151039495
80954,11590.069760939492
87030,17193.215988306234
82803,16321.612059821466
92307,20470.763375025683
103846,10641.106029957373
81505,44430.41761770021
96454,10988.441058475524
92723,26322.894347103265
85406,9878.942502977046
94692,24061.86777424401
96459,10700.525622861245
97045,-604.9570106859355
88125,12997.990510191577
107173,21047.39753583986
86708,11530.986899552494
104799,9479.944850593207
99726,10083.446511212125
83300,9222.717141773777
87117,10124.634670244901
100398,10447.50634332596
82731,14761.435231287076
106322,28308.002590730954
83937,12963.135350754852
76509,24101.422278940892
85158,12496.323574223476
90411,19524.591917427035
79751,21284.53366797767
103864,8925.849376712067
85183,9678.115826125068
83429,11644.642690839664
104401,6058.740104423108
102908,9265.96053416646
82107,20536.11847970512
83546,16291.330609989604
101326,9373.399828164795
83489,16012.757781936078
95464,15476.044338430303
95312,24476.69827664982
76958,14366.186349079531
87284,5258.209382126592
93565,33307.55926067998
91521,30433.203970434653
103751,12085.220734619012
102806,4514.049141235599
83404,15901.566436528317
78539,25567.533322090807
106376,5321.9564617190645
84742,20274.798381614415
80991,14688.750987280859
99185,9578.915692291124
81160,24289.062715341977
101309,7335.568571584352
96620,23375.053955193096
85514,8675.684635505768
104504,11742.937919413413
90442,16326.930116339197
78824,17410.586128580217
93907,12946.45053845403
92574,33999.35220118307
87966,10805.187862227376
84013,7179.793170478293
76192,16601.639107317515
101039,15318.099877173287
93377,25238.992765619587
89911,13569.622843418074
82649,8761.690082585887
92244,29492.39885710825
79456,12655.294647390496
84577,9191.1826493132
101829,12392.202445066267
82454,11353.095562608174
90738,11095.574921413207
78614,31860.42809628092
105723,15416.044997049556
92281,6902.346625580896
83361,7104.884026857098
87484,13548.023955297092
94268,25457.72333659215
102791,5970.690251250329
80098,32064.995757009092
91058,18813.215596393227
94029,27812.688182985763
88543,12293.6370352239
81670,22251.79338525122
101579,13880.990135286174
78436,17899.033938980967
106875,14508.948218795344
87655,16047.614925077578
91929,28866.25123870248
91251,19802.471714666426
89471,11261.04060731564
97578,6885.048605103846
82672,12758.44698361171
78444,23357.102850547304
100808,13523.813764676142
88869,12464.817777537635
85357,12022.692054612362
89167,14472.367199773125
106862,23696.509785364866
91281,44435.086929763725
87788,14486.396562016562
95287,20400.058677388788
85680,9643.24299472696
94781,25207.39878566577
84268,12847.273500487034
91867,27859.319473032352
77714,24278.345364586567
103499,14058.730478091684
83996,10744.730757541798
84187,15476.046798131203
94237,29303.060118647147
86917,15028.990758962813
99891,18685.95730188262
100901,8790.324204117043
78556,27560.203853459636
98139,22315.114742625537
83447,18500.244492206555
80732,24756.54496914114
81168,15104.160755048233
101789,6.627219659367256
96183,17525.057272464153
104888,22947.38537493057
79944,63976.25446678445
84752,9831.077114724834
99274,451.12901037512347
101601,13217.836924772992
100509,14828.083053503218
83579,20752.2057658934
78657,17568.07461823597
97894,4878.430255982332
98305,18451.120834895766
81298,16299.275877282855
98132,12103.086656836538
83681,13623.206399052498
103875,14054.799908812482
96447,22575.231139472886
105060,23631.808666440927
79150,46539.91473797757
105628,23860.44485307712
84027,12356.08086234155
98984,24027.37010321474
103343,9870.151394847739
87304,14004.948070753613
92483,27709.84015492879
78555,19568.72324596899
78697,38014.01848797843
102830,12065.882333765338
105192,21362.23380818263
88749,12356.08086234155
97670,23182.052133211695
89034,6917.798791260058
101691,12751.749069865691
79307,22587.240958991755
92856,19788.145975629737
85540,4783.338921544051
86841,12179.660548944292
78144,23871.308512169297
106175,8985.564623047623
101199,14054.799908812482
106284,15040.46917218724
107920,-939.9024359187788
85677,20582.502964260217
80672,27061.51742017447
87751,13339.870380701124
81660,23276.965801707847
104608,17762.96210643556
90356,13378.77757767142
96037,22366.016847026724
85376,11928.83587539466
94596,17806.53795774652
88457,13572.691679767624
92475,16495.05174715301
81195,21159.749471198807
92529,30562.13456735911
96471,15757.826576666615
107840,13296.583876507371
84210,11407.942898155048
103192,14995.449656858178
101468,15243.12171774502
105529,24101.29023216131
97367,9154.537167105695
86100,5808.355600404038
106778,16130.59287555097
81881,27169.857837676456
89597,12489.69303788693
95589,25621.891631732764
78552,46402.172451096485
105240,20984.423984669134
83448,13013.621530309945
83290,10306.127931051607
93867,30365.527492013432
104187,24361.146930417737
90760,18772.720977753015
89599,8581.24716654499
94415,15753.121226310195
105080,7103.597305406751
100371,13466.011536883909
80360,30659.408435279795
101046,5307.168612675563
76264,17780.046836061316
93041,25138.84211838581
104160,13291.272037385892
78058,46607.69670418532
93770,17489.78917853618
101223,5372.7393437255705
101983,7660.022277689241
98730,13616.908959787046
89800,12299.783434182214
88196,15444.387608089188
97641,6356.310798601797
103870,13810.868779345212
84704,4926.834968031006
77526,20877.940630701578
77738,22631.26553314987
90078,-5608.94571223819
94292,25639.1546252195
78838,20363.946553866146
81836,25776.537159121
80276,25316.642610068193
108312,15441.738300572866
107467,21517.553288126983
79713,19523.558183490994
93468,31801.902893079474
97220,15878.543819675033
98297,13167.266890157254
91141,34817.60768468605
105107,19754.768053195694
89334,13234.517534708644
80077,23012.467846678224
85326,15619.281874631663
88677,17153.35489588067
86517,15514.737439773387
78770,26722.107969068355
82840,17278.585605787288
84256,12816.888792692958
92318,25991.241180655255
92119,21014.10242105724
94970,28397.167541742718
76714,16445.458456987446
89170,12341.631105789344
90548,13771.983427507894
92194,27950.8869988425
78522,24072.137778810204
83527,16480.469603704798
104239,8239.403401862228
98128,25136.75567426326
80712,21955.846548212285
80259,16423.12213865415
78469,29478.220530230665
101923,514.788288426771
103655,9232.120191099337
101481,9793.527896929052
86550,15585.590096785687
90289,13623.416209608946
86255,15376.68200675298
80411,20923.986276710337
97263,12350.806615601734
91086,7507.323037641661
80675,14186.600268112259
77800,25582.399717621665
76613,29194.477341082908
87002,18249.222885296567
104952,14794.150325694232
94790,32869.66478794039
89888,14727.000371747446
106268,29037.12896290418
76926,13782.742510509872
90503,10626.912397642198
89083,18191.6248320609
92741,8887.32599163871
102911,17125.638583977063
84601,8359.522127640306
84846,10222.48541679019
87884,17050.725566990277
88305,17222.344868931243
85335,14405.910006175698
89396,17632.08084097642
101992,9124.972872548293
90693,17695.912667622797
83262,13629.901110559702
81620,17848.879803744818
88435,15071.39293571624
80013,30511.278633957092
79539,23093.480885344958
85226,15601.64673220284
93522,30885.78467329222
77175,44787.5928873069
104947,11161.195166560865
100869,11640.00110098148
91575,33297.275352218094
105880,29712.67703351216
106564,21845.475906138978
100585,3498.4515919720816
107332,10937.545774574277
77295,27780.468463688652
90575,6072.152658252278
102261,5068.266586796361
108080,17250.02120271815
80364,23152.632902916033
92476,13850.138763643146
104078,19559.771378862977
79184,17018.076935644494
107575,11424.464696881807
79281,18163.714931324983
88560,16628.271567293865
84166,18405.10347974785
78054,12951.310906758252
97324,55.922520278574666
85558,13961.392579835028
95710,27430.786717857678
98600,2632.6744160646867
89622,15401.692780031874
81838,9547.797550094649
90646,16108.33500541385
88110,3880.359729483913
104085,14128.184042484481
98242,12983.577761032537
106226,8819.54525625546
87500,12711.883887197262
104807,18918.259739015517
100160,13578.100466630876
105379,6130.453133419151
96754,23112.416507021895
84863,13483.398186744842
100130,13298.62826149709
93462,28652.53116711505
91640,12055.231782358987
95922,33395.38867839807
81137,27017.811710186033
78194,13750.7859740892
87308,13196.043517306996
106775,10120.586768727973
86629,12260.849888532772
87659,18801.381859455356
76404,20116.029891192476
87258,16704.415539476948
100560,12715.108918271719
78660,17991.91961028563
76485,21449.099396567166
99545,19725.08586909867
103074,10286.371194455754
77874,21604.890688815278
97514,13160.419033173595
103308,6178.433493586879
94753,33138.89261556257
80045,30631.454481735258
107089,29612.03117417466
101236,7496.117538746523
103264,15877.623676660092
94387,21633.542492354136
91926,18523.38645429169
99972,13468.527101222599
98651,6758.288072870651
94873,26252.100691815776
80722,7679.339591686741
95907,43763.621222107926
87746,15644.201683861804
90574,11559.493630018278
85387,14732.988117476534
84204,10111.721974502281
80453,19315.984356005232
95244,28800.198893447778
79952,16430.68851172938
105770,11740.500966460308
100419,17153.86149692839
84200,10604.300916571861
88059,15580.407811435733
85615,5873.582154408572
90795,7530.065305766562
97219,10207.201108541356
81380,14189.258552552197
78928,19438.69356771157
85613,20132.316666665116
90529,13040.198672547147
89825,13159.487992815877
107431,13234.029517389883
97707,6704.506193348941
76203,18201.293938504496
107808,18976.319610150185
106497,10404.184062048671
101925,4242.606925231597
95434,22825.296025179596
103718,13783.094888553
103544,6250.184490276755
78735,21198.278569508988
101803,6848.988612618723
106491,22702.3992542849
85594,11441.943423932975
99930,16052.541847049017
100927,8456.20535065641
76097,20359.733058023077
89406,16699.480923941926
103773,7189.297300812024
107843,11269.914712823589
83507,16677.860375067474
89693,7031.111834076648
101441,13646.29867335489
91438,11641.856643915813
82189,22528.074710660636
94224,25514.827243975793
105046,13805.87074504512
105441,11368.061922825442
97014,2774.371007092119
89955,10406.108106161504
85532,15320.755239717506
99916,13272.548916961592
103336,12830.519673941451
102567,16569.666769317853
77309,15787.314340016641
95074,24759.607662669943
105279,18878.989435242933
77443,35875.71254650241
100797,15877.623676660092
97954,3246.8072458163388
104854,11015.073139422228
77615,11611.236601273326
99982,13006.488760626702
91956,19196.88627997314
79467,24428.833063626007
80293,14306.26970119402
78335,14616.280624431904
96252,21330.325843700874
94301,25991.42533721911
97832,15266.641494548672
103557,13106.789919853316
86997,13319.757556943005
78106,11625.070463301712
107176,13622.714569847276
102079,13153.885108596773
87624,17131.109655219952
108178,15127.969894289008
82226,9269.107268676335
85709,13694.578919177748
78061,38276.7587334486
98092,11528.90580485197
77846,19399.959352966987
91751,23178.187067383584
89344,19085.097353878828
78458,44196.24663268538
90444,14650.13353320416
100411,6831.378554364619
76272,24225.009992816944
83891,15553.013500279876
87391,24259.864125366068
83460,10846.779390891992
98018,6860.223594564006
99334,16910.55940738017
97352,13569.523556764723
85704,17747.307581274403
80151,16818.45139919246
83044,14313.824101432128
98476,8399.10433418675
82495,23535.968719682245
100766,5072.989497754228
87429,11814.50064008919
80457,18023.457906342734
97923,12670.289271891515
84002,6585.644488819147
100461,17751.681420708333
101414,15317.396385033202
86834,15101.467525497479
79455,29011.66762961314
89913,7912.323884973754
88592,8971.061197795494
90339,12047.874038511716
94894,28979.234768562463
76725,26154.43190197703
95859,25377.60860297166
92694,16651.454070975255
85619,11985.113733770475
107634,13082.64454080549
101014,7922.856477382877
91174,26394.574801169743
79521,11366.538549039651
97334,9095.221861106791
80761,20023.79202479471
81867,10216.003507980025
96925,15943.008271470788
89478,9888.947280933058
104606,19799.500158040184
77120,47645.67406185782
94436,25504.87960464389
96562,5458.860495240879
100076,13732.268882255394
100900,9240.855302950811
87706,12274.214437723907
84868,10873.77127112294
77447,10971.2703613362
99633,15546.786794640575
107182,35702.68307627262
103805,5882.361817129044
79968,19730.255899747783
106861,25973.481030549898
81356,28336.27594678186
90962,31157.688642507706
102794,10888.95495201687
102702,10942.31884022246
101649,13479.67901187966
92766,9632.800407633333
95750,13303.04415160621
102296,15884.77731274824
106629,15588.911433948855
98746,9871.884437479654
95417,25106.505867317464
91178,24983.82046601409
103915,6020.900988762165
94148,25628.975580170954
92159,23923.784169908227
89562,14706.334116410948
84575,6672.1065065439
98654,9020.145778384329
96212,21894.54027831278
102653,8220.479183204043
88269,15159.23504564227
79684,23497.67415699896
83922,14020.351119023057
91288,39007.58208296083
97422,14131.414421970105
85223,7100.118679112957
101422,13248.181994595883
80295,17035.778098158065
88778,18806.941111223685
102400,-746.9310022651152
106858,19219.59408565313
91510,27530.237474582314
79257,22607.435566868116
106694,16095.663626115662
86646,20958.48449018906
100380,14577.865976635769
79631,21938.92871114587
83337,17920.03729175142
92866,18148.178911706425
93764,24996.064667622857
100701,12960.859433353897
85085,11984.207661873828
102731,-3671.6758875647065
107928,27551.12657254476
95668,22731.079689901548
86229,14335.501497684181
102872,10375.802429950018
95063,35166.80331899046
86474,22722.656397472903
80950,41439.162011879525
84432,7644.735943765798
78964,8381.394622659544
86914,17244.16131289695
97272,23763.171985927835
99757,11870.486408994599
92235,31858.862172145433
87764,12767.048310918304
81233,-2048.245158266898
91506,27118.69080466787
77920,11955.05526539783
104487,25990.379664965552
102823,14954.650347740062
96590,11221.285837544365
101069,12027.155242095043
82549,11113.01314131403
77585,23735.14503638742
98854,49418.28692538015
82501,16553.285517885695
101386,8154.258001641798
86959,6760.824492471391
105135,21511.987128435514
100304,13879.665230225466
76999,26308.753652490806
93936,18073.3321205088
96755,7353.653447506484
102115,14766.867410036488
81953,8335.614638535675
80238,41004.146891944125
84324,10797.117276476147
105850,14591.751379178233
86327,12281.014882811149
87989,3489.5264066269483
93530,32741.224920252145
99610,14217.47519108657
102129,13880.754301129422
100985,12739.852996687754
76008,47898.65913251079
77703,23321.028813081033
94691,19045.28744318412
103293,14688.157750610175
84439,14903.359346460555
77444,18056.971501285163
85455,14553.636171862636
93989,39009.00642067655
85336,12134.964403627015
100517,16438.688431506285
108179,26869.33069191145
77395,12125.509425705603
98462,10594.720530345645
84943,15041.20612280894
78028,29215.065143627366
81596,22462.632031074005
95852,32204.943435934867
88816,18648.725552501834
94448,24702.44334541551
86470,13081.506728511053
102503,8047.644342278778
105474,9117.600818184626
88119,10688.190591831408
96141,12304.053105420018
85763,12503.485104013977
105011,8163.1304535734325
99747,5314.60123638687
108392,17389.359915711437
90949,18726.766334597876
105446,21837.679657992834
95792,28274.429322279277
94956,20837.756298282122
102277,2385.6550011176078
77366,28886.846254369797
91112,24133.944638469526
76355,26709.283054884618
79142,23565.032467548663
103859,4103.398451878082
82352,17156.77644593367
86826,19098.140317613434
86754,10619.630136760748
104363,8762.054289921614
93154,29825.30226667493
90930,23000.21398360543
107269,17471.13293961744
104109,1635.404995249235
100487,19924.801193391337
106527,15433.276196470968
96225,20001.837837560335
89925,10590.02481591986
76775,28241.054149751206
83082,18375.40971572911
105115,21402.304142449368
103481,8894.269654207494
105642,19328.47230665057
92703,22392.472128871002
90864,11212.07699484875
96072,9562.220816121417
98628,12828.831190657958
102378,11757.478389489108
85185,10026.991216150192
93707,29616.815608966182
98795,15001.040396948476
97577,5389.771643831053
79804,21256.75443114866
95541,17916.599858551315
78568,43051.75546530409
79608,20895.210523659785
103860,13481.958742061597
98449,14556.6104005763
91377,26130.031457589703
103436,4956.433843101589
102582,12417.859219298913
78381,11118.995789740417
90999,24727.81993904205
89764,16563.326787565282
99515,13867.568763304353
89133,6110.486600769866
81859,30693.24885858966
108005,11667.151721239867
103733,11422.090340142528
105155,17946.277419668615
100185,2248.081996096662
102347,14524.017177510703
107943,10598.6447445986
104445,11244.648291644464
90149,20876.83168563667
106593,14544.975385660317
94733,28465.1733601092
91481,26185.581037767082
100201,8762.740520962736
94149,20283.82014788563
101639,-6251.101860273349
81577,28178.397482111635
80120,26709.57301287637
85995,11475.110472572054
85199,9973.333720673927
85909,16256.649115369572
78676,25920.6778446909
91948,27389.952044999252
88041,15360.019107136664
92848,25215.862264739284
87598,9699.39538560703
83613,12939.016419211206
85054,12161.334073285965
96903,16515.96652221533
78725,12732.986219263636
94869,37676.77580246592
89121,4848.585658360578
79858,38439.41200552863
89079,15470.088399208824
77639,35180.31622962601
84498,9750.263278895174
90431,15522.26986865607
80553,11152.852579875926
90257,7086.888188555386
91607,26438.627799164602
82794,14371.49084868262
79243,26547.547660934073
93687,22487.14418552136
91774,26727.74530978236
104622,5229.049714138395
94152,8053.122702828619
107441,18214.47036153917
96359,12334.358200878476
105873,19587.13632105147
82415,14762.569862570475
106807,4979.005928682098
82732,-349.0109526705237
105350,16882.097827436246
107206,13387.736785123623
82693,12026.480691521043
101998,13648.221822571839
107032,20355.949418108576
88200,14519.34202069416
105801,13081.509106004967
86649,11533.052975113013
104334,18992.700096614077
101972,4789.537141533645
99530,7063.221637551134
96201,13650.971899043658
105972,7978.024480271566
100425,9450.894029649007
106763,26212.761797192947
90434,3427.3973672790744
88690,5300.981579673364
88747,12069.870648025219
92158,17788.60583323769
104298,17920.29079921168
91527,23298.11615204487
91731,22016.324831378613
89575,6386.280704383607
107525,17226.80847593357
80805,22871.325684339827
87001,16318.058481088177
76256,29245.644972619557
106726,15923.560102380103
100912,13817.77519842507
78223,23533.974721338687
78232,32887.5712803668
79424,20356.415454670845
83551,13727.627383686395
98945,2467.814672116685
101673,5698.37085802155
108525,15277.246108032063
92543,33606.63346022214
92373,20541.430139250755
96994,-9549.258753742557
80957,23658.061026975753
104185,13832.84106684525
107318,23766.469258331927
89348,10601.068374531911
108046,24271.582399681633
107385,20328.927032482585
104247,24713.778698528164
79675,21425.950614164314
95374,23614.998647334127
108422,11103.198463530513
76584,27238.96631367322
94645,19880.52947259085
87779,11853.194905024833
76043,19042.672407263988
101605,12247.592473368555
83501,17790.953534154723
95444,23081.032128388382
92724,33866.370556088616
101099,15652.137339337118
105469,3995.7493885894073
78289,27357.604957999163
90064,14723.801519243669
93527,16469.73321853464
102951,14375.490910751234
95138,22119.810093525728
90436,20398.37713400581
86900,13613.877135911367
107779,18857.5954709103
98096,6533.477733158012
89305,15542.645066713827
81735,16875.984481531006
91537,23881.195973464026
79302,15966.544271429331
106769,17585.74043751735
105306,12874.45910628646
106670,17907.130641318192
80113,36234.49636696177
87168,18687.380362317857
90710,5824.324675764432
90995,16520.80052703726
96388,12717.539064376353
88029,15755.65079559227
92389,22860.191297498543
102649,13071.650630497254
97530,10800.578799147659
88501,16010.1376837555
80998,22246.674219585148
89624,8907.798862261083
83063,7899.93647443002
90128,13662.67472053471
104897,4596.834722681131
85490,21155.571103609
99453,22019.333621887556
107743,14762.655724964656
105662,15478.888734627399
89186,17150.19213025923
93355,25614.140137561455
100497,12747.440812163197
104389,15604.955781600933
104476,13957.709426504236
94822,18407.228207274064
102639,7729.933773326247
86493,9010.387789311291
95602,27847.874037599187
86924,7618.300606642981
81852,10444.534656722633
102319,15685.330948229945
107863,12702.158756606414
82938,14600.921693304546
89666,7745.605049482681
92812,27594.495109368487
97393,8732.82707541282
92386,27545.7925967442
77152,8747.65491404716
107259,21289.469072729466
90094,10060.036726366003
103704,15815.090844435737
107194,22225.404368556614
86326,9643.24299472696
84993,13104.083548210778
83853,3361.8073749102186
98484,24296.771748776315
91880,29484.18075103277
89715,5767.0138873696815
101393,9003.335772004422
87375,10508.600454714922
81722,16050.828014566006
91249,24983.742055548988
103603,15483.78358410622
96576,10662.40083443016
77094,13606.288096710929
97706,17049.48427100064
76932,13828.596240068395
86648,17812.582435840573
95671,22884.864367360628
87831,15279.16491439499
82577,13446.829903702084
87475,12350.726080227954
99557,10544.528706143494
82882,-4998.920788752999
97798,13003.39091125065
99009,26663.99356784844
98120,9777.091153270598
86637,13239.928984810562
91310,18213.87223089898
101677,15075.289465220338
105146,10239.015932839928
99727,16810.95878184519
84169,4665.296805320748
91121,20252.4687804094
87151,14357.016176759102
107732,21035.678882449207
77136,28866.48992965633
77148,-1213.8857612117645
104946,12604.436707154035
88249,10758.34752755054
105127,17480.948822579398
89504,18804.35228662215
81927,28515.803236631724
86452,18157.838002641773
78250,18437.792956394147
85921,22660.946459789433
81378,13114.146498695321
106286,13499.565408333627
82085,16879.6612290624
100957,13316.139008442227
98903,13578.524874091123
93994,36418.05502458689
95727,32729.819785545158
102483,16666.58121944163
85566,23138.783502290302
97406,4843.848769008331
76120,2683.7128366602356
101642,10412.360790306358
86245,6004.842373775922
82830,17080.263818354015
85386,13506.51714370872
102072,12174.84188115014
81015,16971.548668059924
76016,37075.85336735926
103157,18387.366358233998
85980,15886.506897393652
107548,21402.04739340443
83411,17791.154255055524
99745,11184.430713222715
103338,10034.735103876928
100366,11080.574700059267
107718,24099.55617133273
91888,22593.562720477534
106559,14686.714533409242
102293,13897.257925795337
88007,17131.168174947896
100545,14667.954499170552
81498,20831.33754554022
81632,64667.97995808308
102626,4869.352403885165
91621,24130.003032643508
88591,2728.673874259981
87743,-6226.890341182181
79289,32077.121510708457
79813,25300.657779035955
93561,32667.015772260816
99218,9474.37206455357
83575,19834.38752983201
86909,12358.376658905498
81952,4917.664095246
82101,28271.345902522422
79912,14173.81172980582
106129,13376.952443495064
103614,11938.752593454461
108271,10567.029115968355
88813,10367.602034578325
105533,26162.78341619345
97693,15550.160173655371
106423,7317.488433991577
88858,13632.79698809375
79568,23081.247407587907
78667,35557.641703986534
106744,20416.428560547567
79183,23863.385134181804
92329,23523.987861176163
93551,50599.926374246505
84807,6865.805895158261
106251,20444.149449244862
86816,11618.79879616173
85547,12474.470311958932
101577,9814.715317836806
103281,5600.3415062110635
101919,10767.164944200036
97281,12073.983659531428
85353,21938.78214548215
99143,8272.757614495491
89606,17543.1408411276
108144,17158.765295152836
94628,23876.4950987107
78418,27640.742456321193
90238,21299.04839344271
97412,14321.99544142358
95368,24429.360704192193
80945,31973.777030187477
101657,16043.801355085561
92454,27349.536725395577
79075,12878.444678553264
81257,16593.23288366299
99019,11616.122980715996
91946,19073.581659880216
100356,8173.233740468037
88464,6384.117905068491
82081,17228.17244080241
97199,11410.633602447802
99762,10034.539576672538
101497,6308.29950257171
83716,13379.4024177403
99067,19696.958660801516
107895,18478.244116003032
84198,-1134.1847268460588
106770,21870.855510449837
87767,15539.718228684991
102945,12911.722710946051
95956,24181.43423465529
81644,20359.287494927674
86278,6887.044742977474
79399,10341.016758880123
80474,17632.218682180166
94588,29698.973770041383
108471,15704.538353101703
93417,18605.199968646164
104702,23355.64777593396
84151,2722.04721535305
76589,14833.859158979107
104490,7383.933105588376
86365,9557.979846110109
90620,4001.9312485029295
81071,43819.8918974899
92311,23284.63228213291
103019,5344.462400122211
100231,12730.341019032086
83298,16653.8077089176
97958,19913.101042227394
95436,24629.450021557932
85413,16480.86266063272
104619,16109.240920658944
84835,3717.0956474475897
86314,15278.219802817142
91780,34091.646658506965
88338,13836.762246560513
98012,12510.61409820687
91161,23232.477709370145
108156,3744.7890149222985
80607,18893.771971585636
105607,20575.762284584343
106586,10848.714908864315
93442,11553.125587939787
101779,11205.624216175122
86324,11932.933142676036
101056,9005.018570702017
89524,8033.719657939768
96619,4584.712945972735
102914,-9413.931493806533
105085,24273.685448435703
88414,16432.137575181107
94174,15194.089240168405
77296,14390.425960503972
93567,21392.429979263437
90823,11045.5173293374
83440,8977.04523498228
91053,25952.772936919922
87349,15619.95679123541
93853,18534.879393633168
88334,4273.96021998104
97251,16353.694696275843
108429,23792.44267176133
90331,14103.95074391353
86234,12274.6269198474
102632,8070.159074629519
82553,8236.905958371975
105227,19635.968575824685
76476,12327.367051480003
99277,9750.946768672631
107214,18372.514790254187
101622,11369.254890190781
91446,13415.859919602968
102009,11135.175326995737
87852,10591.507156518663
93868,23950.339201951087
106100,22836.662281024208
84477,15498.65942327924
90371,5274.002579979464
101643,1458.462965554827
92270,32762.265467229437
91036,27068.368870683073
93120,12730.749406168288
96986,11861.776647103086
88712,16386.236323519617
107673,11412.0795318815
94689,43755.70062195345
91664,31847.099559664053
101139,6575.681795747541
100211,14003.189294873464
84843,16919.865902464346
99077,12710.13633891957
86601,11142.338437857368
82207,22666.356419109263
83457,11383.97246820934
78306,30361.531340765978
102397,12200.947578270325
103423,15921.920536574125
105818,4146.191645175933
97146,14482.28191353345
95680,20581.5306797813
102459,5291.140725489338
107092,14333.369090126167
92734,32305.482009959826
95647,35212.72879233536
77576,13511.890821111601
101530,13813.55247255094
87264,5203.792354674577
88978,12486.921234026697
86197,12410.566446253644
107810,22861.696784410222
81681,19916.420071206365
105951,14730.890108643898
103476,12889.778086075967
100268,-4812.812409039234
92647,23952.110329065716
80498,20493.689336240946
90634,21858.646266343032
86670,17703.187806697028
108110,1309.3455114673707
83881,12627.761810919987
77006,15916.3873610299
83528,17940.133991021023
86178,6091.313538717779
105430,6122.456201121322
84321,18747.16285432602
90491,14439.446239556357
86339,16104.031810906858
92286,26226.28922355153
101926,19554.688360918815
106776,19981.334380665423
82619,15613.64738343245
79817,17863.86768191194
79626,19337.977673109104
87043,15012.908151421856
106571,16509.80955529611
87059,16196.779551935457
97729,12577.818150661496
100298,14062.267990442966
98256,10691.513406641048
97907,6685.729763976586
95953,22304.380089079263
91657,37067.57173035178
101343,15878.304668399807
82111,63863.80091786034
108388,14533.228917831613
88818,16280.696506916425
77029,28461.548299211343
104074,22893.14894558798
86201,7620.270132839021
81545,16074.625979150347
87713,16132.850056652183
92371,23377.120757580287
77156,10787.922851426814
76880,24470.08288021259
88282,13480.023778780149
96654,27763.769208647383
97866,25409.248734083503
90293,311.65084992599077
91292,24545.559759587075
77320,18194.74066710215
90383,8275.293850563608
100241,11643.199108763742
107973,9872.261690176629
79074,26277.961954318245
92862,19952.818648826527
96379,14622.13743479763
100683,12566.254909200936
76236,28125.686612382164
99113,13661.56022679878
100305,9302.305464602017
86570,7616.318365211468
93251,14404.083406962904
95890,15975.386184891635
104632,26058.80765073943
84213,22735.902022469367
107818,23884.55908979471
101521,13340.393598417855
83053,15706.630058431194
92890,22384.521986209897
107449,14617.697140516284
84022,9286.141953378225
90915,22393.38875190499
80324,44305.002757928996
81352,20016.9076860542
94642,18977.960246675968
76123,26916.578039197822
79202,25942.409879265717
104174,25430.12568663086
91030,27084.825363863154
107033,16332.548426294949
102759,4476.478655635206
102192,12984.519855878916
101885,10710.107823661026
97716,15566.303880127556
81631,14754.600297175717
81759,23190.07061609686
98702,11367.805897730705
105784,22406.182568657558
81817,24714.778513773275
86529,12056.271834607403
97857,8765.54662406004
82820,18998.838672001817
79072,24096.022102023657
92301,26908.278032436556
80309,15038.040322217219
102835,3830.8404875424094
93599,19600.634356332757
90253,4884.206423800095
92875,25177.778460817037
83698,13498.868678801919
104398,37497.12185313438
96860,24440.605386461546
105925,31061.355257784133
97861,8562.441214263623
80226,22168.82022487872
92699,23787.231417286
85949,11981.918083482373
92215,25511.992554861365
84214,12452.518347571859
106157,11647.259903298745
87047,16584.11391509002
102413,11160.499948962552
97955,10025.94680232139
81441,24316.41497591003
101029,13907.178632781528
91634,23034.245088061965
84859,11715.36648638675
93328,25496.645276353174
97318,7361.751730803495
108048,15645.755090719049
97815,7002.082472708449
101921,7026.278485459079
96260,4197.504943601873
93491,19366.3393517603
95257,18787.693609671434
83326,28244.383428440407
82475,18541.69739844863
107393,10947.154863146197
94132,25397.68958332592
103233,16380.920832530579
88140,12205.34162185133
88395,9055.613462033423
95094,48114.893691403355
95939,23110.183686536147
108234,16814.674278806982
78788,26345.606329714712
93021,21667.625583010366
98301,21901.064582283023
104221,10060.221513108065
92384,30872.056939053546
76288,29553.442985315105
99805,17235.657302425967
90900,9754.725068697282
77888,28453.942740550094
100126,10362.802722150747
82197,31725.789645110228
90987,16371.394252626511
105383,21527.3728045339
100476,7764.128174820969
104238,8812.59675116589
89211,13452.934137877472
97794,3373.40177261548
105692,28558.757729568104
98699,15850.78206819281
104212,19831.412517524557
107544,8739.48216358242
107748,13572.876071326205
103427,7947.603924504001
84063,6276.011911013764
98384,10899.863548600219
91209,17812.83190866719
101379,9124.830862270104
78090,57816.94651795399
88321,16874.467450413154
78786,18552.901822375712
90751,10235.152107847562
85706,17390.114079061714
100853,9941.635158236726
106131,17960.139838126917
89397,3619.7073232149087
76263,-1658.3805549795798
108441,27454.618805425136
88221,13833.518595045065
92526,22253.957057026655
81169,32230.68935184601
99853,13849.809740710025
105516,9631.789461675058
85227,13967.33708600235
101567,1573.033428459632
84331,15712.986646247839
78187,13832.927844712707
94441,19975.19168505924
100067,2946.8878228295653
84660,15978.124690669276
98951,24639.67461269389
93815,8347.228850713862
76848,19712.89008062869
83378,16400.95939019408
79966,9734.153657298939
98219,15657.899278089011
89076,10912.967550975241
86619,13949.718085891116
106225,15370.231939878922
76793,32436.570088342014
88351,11946.059227172318
107927,24241.90773021521
93374,24025.206258609025
84067,14778.133588929366
100355,14932.817719087427
82099,30221.70815697261
96457,12313.241950560086
103061,13884.58924130872
89169,16806.125103094826
97340,8239.42703089881
82912,21520.833918215245
82266,15541.794155118589
78561,55426.210459190406
100839,1107.4569774197444
85302,-2349.1644517548557
99375,14385.18761005289
99881,12707.417307404397
88083,5255.954100013496
86412,6127.121233499369
84852,9413.120539444797
89087,17520.227934125614
77702,56114.92480829216
94308,23719.94501011228
100896,6912.591840101017
88225,11539.722358808991
89796,334.2864351381504
101985,1028.6596451584082
77360,22501.22417240443
92220,28214.156529163443
83866,16822.66198466018
103140,1512.8384398017115
78348,15429.274690915365
95353,25009.054462786276
81413,15378.584707723025
77106,24560.89287049699
103700,18158.259506948976
88524,12927.05272477178
87461,14257.36506020078
78565,32777.69822052898
82507,13555.186965815803
95578,5610.626563375878
91998,24069.80299181961
98342,6882.762495034422
96413,13778.708981626341
78273,28239.39252355085
105735,15511.734705923529
83640,18545.48548335192
100599,10386.091703570883
108024,27188.70219877861
85550,18806.312220139014
82875,8669.459888266087
93272,9425.882554560205
87870,11963.16479304585
83279,12827.77037419413
105742,16985.88010639304
96152,25165.141225091793
97215,21527.7123172997
76322,52387.38430817768
104938,18546.639009322833
81197,6474.158301619602
94638,15788.120512117854
78474,28073.105077033404
78282,16117.963581739272
83765,14206.031211772555
81798,22151.400609717595
84877,15248.182964101994
107924,5552.134646991361
107870,9382.173075999306
86640,-2998.9685281094935
90317,11484.09619349592
90787,14214.133590406735
102045,6899.079204573602
95893,28082.992638956643
104067,11284.937673253287
83702,15455.509698893857
88581,20374.085001234176
76140,22532.42642732134
87782,14581.775834860884
96924,28472.58968218619
81993,27221.879047946895
92440,24517.577162582013
97803,9677.56491712155
90468,7539.860943364889
77617,27417.81328390694
108325,11914.981237960652
78387,24202.961391998033
93953,40672.510396195226
87120,10346.89350708968
103344,12991.97397571629
86899,15043.677294445919
79585,24020.12114313322
86908,10036.978497714837
101362,13897.257925795337
89150,16092.12935891965
92083,18937.683794268043
81913,18111.17980938694
86370,6500.303761960684
78733,25109.688369247837
92552,25116.590187873553
89154,17002.803677382937
97775,10109.170229448726
94930,42649.17359631338
79476,13867.88851260622
76220,13191.106442368708
98869,14926.101248701923
97474,14945.392591979733
99008,7638.3882065283215
107702,24485.827993756244
102495,13345.208189725294
76423,20667.18238746324
76460,12459.163005657556
83918,14116.148438912933
90937,24924.809773063134
98893,9674.652676673346
95015,39100.05693425103
94231,23687.819503977968
107866,16377.549432913604
91935,20448.89365283115
94141,31848.595943205917
84712,12593.504615738708
85125,14995.502308704014
102606,15865.831968822486
82305,17450.06324305209
83086,8061.728262688193
87329,9687.936381581902
100213,8761.57366866785
93661,24847.293938038896
95973,25215.862264739284
103243,5813.613192429206
77036,14375.661986804651
82262,5235.150521245898
103648,9868.21277929365
91920,24270.31638969527
85960,12333.981640210626
92632,29694.719492079963
97381,9575.84771521457
100466,9975.306004258673
77087,13627.400804988472
89734,15713.31279285406
83766,12798.916166269799
91812,43984.85613826753
93927,32878.84374492654
93439,16305.98957982059
98318,7468.393665337053
86863,12239.002122242993
95233,22942.898821730483
78974,15753.697125363356
89793,8208.372469384212
92799,29638.055320496776
91635,24655.53906181486
78414,12642.62420580459
90596,12631.551503587754
80519,32254.89583166752
89515,7517.330594882989
86481,16283.098185633358
92047,19462.833915196774
77635,18967.482098271852
98546,7743.957046729378
93556,19977.091257123357
76764,30692.82548422945
104600,16541.986929838997
107170,23462.15880928054
104809,11446.497515794104
104957,33562.911860119326
100565,14964.36880016126
82733,10922.5410037644
90487,3952.3437357906514
104778,-2363.064794460155
106916,26769.627478266433
85771,9073.504771918208
99896,13278.914677156465
94796,18288.848497280032
105856,18924.80138971299
85845,16803.378536732
102590,12908.803129768377
95913,32129.994683743233
104395,16743.55196496244
96422,14866.430930540335
101279,11152.867854664551
98041,3755.862224911143
90702,10383.308853657709
104988,14918.62152453198
99996,15464.644603141045
103713,8074.211409993168
79170,35080.15421418573
80452,13642.47737464331
105657,25452.44902955507
94986,23365.870242682686
106339,12152.581849691833
98568,8265.390344103764
88304,6072.4671504841135
87628,14975.944850625536
92003,23809.95488358254
97111,11362.354878093258
98892,15115.917790254463
97778,11538.837438729424
95960,26381.337809715937
80575,16916.993725438613
94709,25468.868523449324
103647,9315.126785370798
87784,10014.086633606908
77344,28158.996136235863
104068,15103.35828065447
94747,23562.565016173034
82797,13350.339661705246
77079,14930.856189357402
99217,12766.5709732754
84624,13056.64524939323
79999,47396.92954034945
107791,11055.717186637754
86274,6393.371079218043
92407,19939.509716291257
98109,24316.11014962999
104428,24557.34204121593
76693,20714.381504672
96321,6928.936147104852
107222,11722.79490517323
80693,19636.431590577733
87795,14168.013821108576
83814,12611.74115464285
85548,10595.826567846478
103252,13325.987333005363
104453,18205.15338660646
80578,26109.099063982412
103826,3474.9667450034685
103199,4764.229806267886
97338,8676.114619205096
107287,11846.467377559431
77059,33185.21964339663
93965,21894.34444487906
89513,9718.56502662042
83064,7851.841905836234
103490,7882.836985837819
99116,6284.6544747268235
99690,13837.51560830489
96405,10463.416528252441
96969,8559.325297542226
84317,18887.625947624536
86480,18762.776663051325
78305,39689.22925530118
96458,18551.125801769227
96847,12924.464362639512
87888,10288.22021605614
92753,32706.714521980753
84191,7543.597124131538
84830,11320.775124322237
100910,9953.290809877104
94969,37614.53085298311
89103,7911.835520413779
93092,21571.499201278963
106511,16870.484770041585
100549,18887.005976381217
90741,14722.013919327688
78118,17860.31431703199
94087,18019.057207560334
87584,15975.874054056523
107254,13604.232541022062
105985,21765.370904228843
88323,14962.121717222415
105221,12468.416803314689
101901,13852.544302198972
90944,29807.478781761514
98634,11172.48178261394
94057,21133.14843125893
77391,11648.169255369347
77284,33048.281010868785
95838,34480.69440576236
105720,12990.747831057748
97257,23843.917829120604
96339,7515.330043939328
81848,26955.95497877267
79581,24334.360070746665
97762,13053.822892121747
101710,7395.374080113983
104892,9079.663290125749
98689,16199.440813386962
102340,10073.912106281565
103335,12729.249952801607
80348,13814.466396682375
101717,2367.453395414537
84797,15968.249666741911
80101,21346.605713593657
83224,16063.1654751604
93736,21143.05865432947
78612,15428.236905179887
80009,11931.254636843314
90246,13669.278076923769
83348,17439.219438031196
102263,9409.034493600811
84153,17032.1556680763
90556,18926.255807345686
83726,12059.761964208803
86153,4484.409993312649
99219,16710.88648799671
79008,22633.351000473718
76574,18124.15194038757
93345,9571.235077374913
89271,18753.058708244822
84424,16100.434010494411
104788,21604.11336666982
96178,14149.576291176498
90344,13306.711468064856
105532,24940.69778416487
83994,12073.682378359761
91151,24205.80116116008
77889,32937.27271671977
76382,19611.8865167907
97738,7529.978785371481
86371,15694.032378586457
79800,41436.80838060857
79323,23434.925664174174
88652,11441.37262028084
94397,23719.74399585613
80125,11606.89012234068
103621,9535.111575736802
103073,9876.859502649892
104977,22399.85569778153
101232,11455.02851070224
92921,13693.821349344462
96524,17306.914546568343
108206,4463.920250110559
98011,11863.96872855949
82282,44313.684999315505
92162,12350.524038882206
91162,23405.342245004955
98222,4643.484577888867
106388,24254.140439438095
76194,15459.89747638291
93165,18550.907261593544
77080,21602.93496954644
88188,14514.085428401231
95987,14999.751666424116
82919,22614.99771144112
106334,9334.323978625058
92868,27407.341165321443
83314,13511.775542828906
83498,16359.845470254126
99081,10920.964149657177
101875,12353.828327165214
76353,33659.32194299769
97969,23444.669775798022
86292,21469.32382660561
76622,27403.880734605904
103480,19615.64535145399
85818,11523.836920046713
83971,13609.3130231163
97382,17163.096718531728
101439,10473.330330281904
96661,13752.4145710152
77795,11583.557935212993
105731,19630.096834196476
91696,21052.92244183091
93939,22771.13452494319
97415,12949.819765541468
103354,13547.756471795437
98909,22125.662949026788
78125,20572.166560506714
106866,9135.987452796531
98910,7393.014623133882
106208,24249.33537756135
89885,8203.778557281901
76580,12203.409830806158
95892,18279.42308992926
91957,17972.5387679183
99645,15192.268371067119
79562,43156.22786679643
82838,3173.6913535940166
101076,8333.286521517137
81361,21373.57448199879
108419,17037.982021512475
93085,15670.404215937626
104426,19587.13632105147
88313,14342.627840780548
104866,17143.193728558872
101788,11442.06466098616
103172,11856.661108556375
98374,22710.876381990056
107111,22281.507685925557
93480,26298.459865484307
94099,43217.84109462239
100358,11622.842794183434
82106,24827.43073462139
92783,25638.967495471174
95978,17405.219740216868
79394,13331.895837234868
81521,20688.53558286267
88260,5938.379538268531
98649,10556.713470909019
81422,21259.415736240408
86500,11451.231228402765
92997,14852.328604861024
107940,11631.593835296504
80225,41292.50747936045
94805,26861.44426111887
88709,11977.660449023366
106470,11228.407901235216
78835,19521.61588186115
90721,11657.246166699384
105429,35412.01416980324
107998,25136.398960661863
89287,11144.646824625019
77311,14437.199734926475
87200,16849.120324814376
95348,14861.532453605058
83148,11168.789220430932
100616,12395.94784106932
81487,44101.328933259996
85031,11929.957236865223
86761,13413.30365987593
108219,22558.121429249062
106290,14031.642166864141
81428,7629.8854530441495
94572,27230.779993299693
99173,12056.304262310125
85760,9655.451621065553
89013,23145.798059171888
85726,18723.504813688087
98647,10694.565907497767
76300,43579.77160771704
76204,14408.190284957485
99199,27338.261283611202
81833,15285.429309128398
79245,26117.817471925446
83196,11061.608910068262
85013,5380.7210003318905
99200,13199.316673344656
96238,19740.697101855003
96548,11891.411383815815
104251,22675.439938772368
91169,26859.22477881616
91530,21593.618631506946
103143,6939.311148366249
106804,11972.876222246723
108066,23957.985121741018
76048,32080.770023843626
75977,15206.458901226611
96347,12512.425381804373
90190,17060.2319795649
77081,28584.31987519677
83861,3495.910706835888
100546,5919.406611185779
78182,26589.294453364673
89589,10626.912397642198
85606,7295.365034663755
78359,22661.913626910533
97559,10542.619504332582
76721,17806.225511038534
88097,21665.484566427956
87435,2373.28389757267
80798,16006.002065751838
90537,4210.196761509393
100528,8178.500703302168
106401,22766.095203324592
81910,16003.28046835375
92691,24657.39902147586
100615,8812.88927169433
77234,47439.82493418538
78332,26257.122795480358
77572,3858.532172839994
90150,8081.965058352414
105917,12829.624730006402
76449,24191.07495423293
93412,20866.278454247327
86269,15113.9286842459
87995,7462.508408813235
100075,5661.726984281093
80021,42663.41266340502
90343,12167.735814792464
106349,11199.99078044677
87255,13113.960355500662
85507,16459.32314098269
76232,13670.790032203133
106308,14443.037616906171
92289,23275.919286970333
104499,27406.702834350934
81788,6862.314961756607
100405,14666.66748295451
106380,14207.817993653121
81018,18745.74952658365
83259,13411.348714903515
94489,28207.002893075296
92430,31732.25109254154
82401,12621.511251940134
79510,41253.04790707135
84456,19129.67040383779
98445,14343.055635295052
88466,15894.814781103716
94340,20585.69874205169
104411,19538.42073321795
85378,14257.41309880745
93363,26718.15514790618
108217,27314.027573599713
84003,10098.436650338579
78674,15843.865762251042
83754,10387.25346294395
107659,32858.16306947266
104134,9488.87759616089
80428,14439.772737860283
107034,10693.83729831654
105024,20756.58283001804
105501,15134.412634567536
100183,15097.677562325816
96262,13468.352262270531
102419,11123.403463219693
76520,21385.5667455215
87564,6255.083612438266
95034,19968.357894279066
102071,16082.738718098222
92236,25023.177798598386
108245,10463.283444604604
90472,5343.467538115367
91733,22269.756988758552
86418,12927.221279626
91544,20543.231996295304
108294,7558.778426286681
103067,15957.803533469503
87683,15411.351022453164
99427,6534.747013411037
78592,16264.52807697677
79477,25329.67109906117
100575,4764.5865255096105
103629,20268.235385173684
86341,17777.884470074834
87901,5530.658495933007
100467,10868.265107434083
77769,15861.774018826356
90466,11446.864712824703
105120,32168.094255977587
94434,26556.702100311828
90333,12447.878144257495
100483,7493.637511174762
91083,23187.510177082448
86536,12558.601160539394
108361,16466.270581753328
102652,15792.416772151435
84120,13096.394771761388
99541,8721.73092525123
80658,13638.9382963096
96028,22080.74180962407
82478,8106.831451071321
99296,15864.397990748439
92923,21717.30687031815
84564,14398.85104785514
83515,14116.148438912933
80070,30081.98973585505
104027,21313.333723072927
79391,30128.252245966323
108108,5323.880021860456
99156,9536.553670550544
94668,18012.585027206445
107534,11702.92298748298
88509,11201.101186992517
78713,29245.691399081217
95033,24719.21772850611
105878,15524.37148638436
84590,12839.115240888954
104297,18941.203567871802
93140,24740.0463013177
95943,34413.119698477414
87298,19956.541608499207
105774,11979.982492265728
98658,5479.299052476064
87070,19809.85276299939
99465,15215.154831425052
105845,8792.386192540023
85369,22558.25197341601
83600,4092.7776422153693
93030,30545.771562832135
82159,25001.450510213603
88527,12700.65193428975
94866,16203.047065231642
81680,26223.37547651502
85293,14227.783517090298
83020,12467.045720605329
92112,17208.33771390137
97809,8310.717097973775
83970,6668.041373417964
86745,14473.173898335466
100652,13852.448005996135
78837,23926.832488465086
96354,7346.388156998004
90084,14190.266045284805
84838,16030.183587079431
90416,19760.850778825534
82908,6968.550599115606
81469,23860.511942048513
97939,18576.724472728405
84109,2132.2825877203613
94042,34612.493423463195
78843,19029.522653171734
94386,29222.833138684327
79961,37167.54807704002
98556,15178.568433331344
78323,3391.8045280605656
98349,12534.863564820695
104599,12215.376595280992
92804,17646.773508693448
81485,29072.66931698937
86984,13264.167616383696
84902,12215.033127797411
87230,16427.642752592325
101698,12142.085087818905
81187,26522.850195225004
91728,25827.930594427464
90136,18534.035896639838
96483,11972.13459093833
103424,16434.542533919062
85712,16043.390299857547
85509,7680.718046796708
79976,15184.898681568906
93406,21691.591934135264
84108,12045.953814246179
82598,11174.097437633318
88086,9144.556226154891
78975,39960.84482558364
78989,13587.968315947477
93597,18602.80515207992
76707,32183.196846821636
99370,18371.51399917663
90372,12824.551511113408
97227,16234.04189168469
93053,38969.98698998519
99724,13116.381661553496
101261,8523.635391682823
85273,6965.747494909883
105019,21223.30248898497
107234,14551.585582812118
80816,39920.15395219134
101175,8647.629823469195
105866,34599.97445709231
96858,10943.204597319875
96226,9382.550115676913
97454,17542.58407312194
94540,26105.62074668003
99937,13638.328276482469
96637,12245.115665669247
82607,10020.049940100394
107708,24805.754019661486
104404,24392.670096036934
80758,-13835.736064306035
99346,16940.431733902104
100310,15401.985532403061
91670,26020.553295294347
91353,25454.025264241714
96061,12348.04897454815
88206,16859.350290161863
101814,5448.675533538548
82298,8558.68713643013
94958,22951.558970427242
80444,27520.883109172584
93957,27096.905914525436
100830,12113.112014857197
82523,11491.827289230638
96073,8125.393197156514
87933,16304.33321039746
100553,11810.90225324118
86623,14448.084846631353
87445,9708.10992256548
87890,10979.027215562743
103149,15877.623676660092
102862,9907.9974820694
77553,23304.327929793875
104728,17458.99812760125
77884,29753.8553569068
85105,19802.42680833332
76064,32292.75936238466
86071,9778.173865469209
97148,21927.822031814638
76161,19876.953825558485
82950,7174.353733434924
87334,11459.570793185452
104120,11636.94160307449
104591,2889.591584477699
106665,15190.908165884015
103766,8812.385471082373
104087,10031.15649879032
95947,31727.542037561645
87165,3844.2248408498344
76294,26062.25695012775
108455,20866.30398413059
85399,8358.769241812373
84698,11975.260923608548
80713,10769.18581603427
85799,10626.40205217636
100254,10793.841323634348
80264,10262.442856742935
94211,12228.066059813522
98839,21204.943557059403
99631,21034.51539455613
81506,30936.981439739575
76167,15236.253349982842
91308,33181.53271007934
78803,19482.752590017128
92010,17460.16209121759
99424,6309.652895342548
82042,15163.046354829412
89760,9472.905065048319
78489,25947.791451429843
102712,10176.863252106396
90935,27692.412763042183
102912,12250.982435190714
99041,7414.9683980601785
79903,36860.09057254195
96670,9811.579441782636
76729,32767.950408716555
91107,25748.209303343687
87286,13939.238595813318
102303,11628.629001996987
106623,22635.160587121416
86955,14376.76362092747
90173,18465.565379796142
99829,5772.050827681665
106155,16172.905516640094
95426,38071.09599575204
82218,24207.282016081466
97534,5592.217160058302
104186,17736.850490324272
94450,18303.987557314467
77720,29571.000333402088
83278,13407.05182825166
90401,17806.9849701693
95842,23298.11615204487
77025,14898.688320543179
88288,13979.657346353695
83552,18675.68965208997
91467,27460.287182007673
78417,24107.461027938527
81312,24750.412821506157
106656,14948.134273477528
93396,22156.8936321965
89063,10267.478407088616
94830,20205.554934560423
98183,1757.4035805937347
101338,11172.098112716387
86784,10005.722300330493
99315,11254.69437334629
100058,3440.692180888829
89181,16039.458846577669
92271,24989.962081401012
97562,13417.635486804567
79601,14880.419526409334
95361,18496.883380803058
82021,20981.123204803524
80766,14537.842555446547
107591,18882.352693461155
97689,10740.126643633534
77322,17658.011198157954
83942,10191.51253087008
80703,34609.171232651715
84304,9758.572372553175
92976,28392.96690022022
104652,6993.128799292566
81684,23781.628980547273
90189,16463.539125545714
92960,33892.35485548829
91335,25557.511635241208
105310,16638.105555664675
97940,6060.304727128005
79726,24187.845041323875
97677,16158.329139110552
76868,28583.350160889648
82008,44606.848033130016
96078,20067.224419846465
87835,16388.887339499393
79247,11316.562906156552
77781,11457.490350953583
83214,14091.448397457538
108215,26363.454621458615
93824,28575.29190200131
80787,13914.749394542838
91615,32627.201112541985
80389,29412.799896603836
103596,13360.156386543236
105821,21803.06019585872
82476,9510.344874784394
95265,23855.976858029393
98399,23713.00359942925
76238,83070.02466912766
99100,3986.5866416002937
104714,9544.766657833528
90919,13978.817009301609
83623,22615.037410608355
104865,11120.019843956976
82002,19920.498390503682
78910,23305.192655035302
95502,18724.842976810374
103857,11370.679296723698
97624,13444.694719524432
85720,10998.412317694376
96531,9795.228147542684
83085,14672.936816622667
107580,21582.712482066665
100283,10664.661618771424
82635,9016.286565629704
83319,5240.415785125733
82752,22619.475585631728
89036,18890.407282715187
83309,12739.940258148408
91103,24187.538769840063
78064,103979.99250545044
93250,33259.66311248853
104512,18708.11572609409
79857,7731.862101193401
105526,24055.843202483444
95901,28136.252646049663
88558,13525.786943696656
106352,20032.786514963405
77802,18066.685778912975
87315,8587.347398293852
78742,27875.24517722875
102737,12344.708664071688
102515,8682.097524516175
89811,5693.165735187627
83376,18294.738483216912
81478,25502.872982516783
90640,13644.667957738606
77782,12802.326708794131
95954,19582.73883432232
102593,10438.653885217314
103795,10361.312330094763
90806,10278.692783200073
89657,17968.90365328914
86003,12688.528411976447
95380,22700.227744790805
105152,25090.066700941316
89783,12008.116798818668
94941,15918.445027234939
97059,12351.549521650622
94104,29952.804449463925
108398,12133.577973632699
84930,8043.295947294584
107156,21343.507789791074
95687,24293.289532250863
97033,10194.318657461212
103036,9493.811272531191
85849,12435.259896558038
103638,11336.623140873624
76938,27936.835350616286
86884,4462.829149923173
88711,11736.218359261089
105179,26309.027691053423
103858,12275.939535095129
105362,27561.637803452613
77038,18602.785353420455
98935,21279.82269765038
83763,15525.884852309402
106254,23646.003245950993
96326,20868.163335644105
91225,28381.189719421403
90336,3304.5491296195178
99070,8828.941690295596
88213,14299.95449304282
80925,44243.52865440228
99202,16753.572470368847
98190,5259.619419748204
93632,14315.645598180861
103377,8420.042523516018
106788,20275.89172065798
104266,23048.539295183233
97957,9003.441302990523
79055,26496.225774865707
99963,13764.292425501673
104883,16790.04095507033
77565,18059.230628544152
104641,9425.379172958614
92456,25017.753870993376
90989,37644.7099607016
96336,8622.897081308989
75990,13967.98849843749
81685,28695.367628332882
93610,28384.098536414414
92156,24430.116312685732
98823,16019.498254505746
92141,34851.721792111115
87756,11436.107883233566
87211,11640.8515684462
93983,27191.786236517954
87098,4836.085300153263
88453,21327.230764793105
78408,16874.174501073525
82661,10342.651981158226
105658,10133.682284253997
82377,11261.879576748881
86738,14570.079216026603
90498,9636.133349697193
96128,17872.989918779545
81136,26199.459701122352
96840,10490.313530364154
104970,20371.90984572799
102228,13812.598229828061
77466,17568.865341480912
77981,10751.13560671461
94406,40428.316739520254
107110,11881.985709019087
106442,21783.765968455507
90593,12613.291334373389
85731,8904.886879106958
91243,23398.41434786635
88327,17020.641483903775
101596,12966.838409143174
91216,26904.160591409316
82093,32099.085540944496
106882,18670.10195238425
89713,11879.354240212462
93144,-3666.6092532697367
88299,17461.517991924913
78242,25065.963896350768
93200,35582.416973660336
97874,12384.72044209065
93836,33991.249372957434
77774,25716.440456672502
94322,25692.643092078855
98230,14557.45987583186
96006,10094.834705483601
85959,16288.296487738317
88398,17540.277875008804
99305,3898.3846669750055
86936,14983.56089244015
107147,16001.535110490393
89432,17481.468013498154
104475,17755.579966166795
93164,23046.760569346734
77276,19062.61669907753
107454,18542.661325322588
89979,22060.19791983952
105360,3407.9493422741452
88586,11729.093819856625
84105,15143.065952266265
104625,16370.375070166403
78707,23538.06876229334
98962,1047.442959035936
105679,5239.053578841667
107418,14914.830494957543
93072,39149.18905024105
78519,17524.673468231817
98281,19792.455826544192
99872,7228.099434262251
99188,-205.02682946100322
102719,16045.566688192142
107129,12729.649531733587
86785,15794.383935512775
80533,19628.870269950967
78168,22201.95349668422
96300,11855.879037531831
85605,11172.973466644358
77676,16148.859875414408
86360,10349.705462936501
95177,34325.990919270975
77263,8112.610857858315
83488,17712.106314413933
106949,21721.85769195915
86400,13209.145231735605
103763,12407.562669824027
98495,12740.336499708475
94363,8409.156509931974
101940,9682.851299210964
81366,18116.371116733833
99546,14913.383198644333
80651,17536.892112076504
101196,14208.991996084242
102050,11517.42360897221
99804,8646.743875836602
87153,8488.11727213786
81225,14275.81948303312
76181,23882.538472524255
98469,16210.14566468721
93979,15563.583654364938
87480,20514.656983117897
76369,14295.955434894975
88375,14129.810753622547
79983,12083.924841102402
87393,14818.210657181968
88732,11020.729991183176
85383,9375.731509085163
101126,7275.883973106975
95928,21251.878337083846
103011,-5880.683946459601
80083,32187.16564758581
96118,11667.183117795139
85674,12556.29513768847
82917,18981.339835773506
91143,17547.99430411553
101645,10978.830368765171
92817,22025.326808340884
97402,11242.149436640957
83885,23043.35431250232
101758,12159.994391879165
98594,6035.501543600092
102018,-22011.843684243075
77568,18436.95286681719
92202,22207.719124520918
83954,16323.184287533146
92567,13992.811151221918
99006,16153.259101772679
90732,16169.253564644227
81955,15680.431776104153
82585,13000.159296468679
106285,11647.522934794164
93620,22598.01699262858
90725,15044.48365238613
92088,15371.970412080307
107174,3269.6523798417074
90304,15532.389113613815
104127,19194.142730388474
98880,10116.694757283407
83303,3260.335387597006
94770,27753.704572276136
89074,18060.598091095762
107549,19712.91219680256
99624,20951.58038276497
105181,7919.35677512282
88189,6649.857528949327
76455,23949.21239528308
101020,12138.390352696457
76745,15264.838123073067
89568,18657.869743414736
83478,10965.602674131089
85747,15610.782921252961
106272,26152.615661052118
82872,16319.237651871936
107532,12878.941888706784
90049,14486.977047228602
81364,14395.289600239323
98040,11515.620480688267
102958,15768.867349712324
79260,26688.754879172524
92243,29189.790128505112
88478,15446.90593555531
86621,20085.598388414175
104072,22647.030906344608
90813,15919.169548753052
107620,19929.826822040875
85958,9059.272744303184
91758,28743.667678453057
92388,32766.412665369087
95940,19836.039557072352
95423,27355.169918886662
78205,16742.226890531478
92781,23458.677913682262
76964,19757.241765318835
91309,25390.67712858589
87312,14858.774132143331
99960,9616.130588499953
105615,18059.908115474333
81777,15791.024139068093
90088,9539.786576570841
101916,11045.385383176948
102032,14652.805302264474
78757,34726.857214580356
85089,11991.655847707312
107536,15179.267503670433
79554,10917.969901240805
100053,12900.475713747674
102087,17771.334267104343
79180,38849.417949242765
78292,9261.655462800562
87547,20958.48449018906
96714,11326.94312458923
101388,13593.463268082753
98889,6021.6894513669395
90037,13849.249854621248
95831,25937.201091205174
101678,11037.294636613948
77780,25595.51327729299
104014,16208.323221020695
105304,4557.891530852659
77837,19234.000321798558
88541,8956.12513118592
89143,19686.231615589284
90294,17394.22560132854
94097,23660.156565583427
99108,13093.977552864484
107044,12431.48088707741
108467,21027.030439305447
88739,24191.150213565055
102441,15436.00153873126
86183,12839.206156867782
106346,13564.38253791735
84130,17980.169177098705
107757,9674.153827681665
84412,14621.01209449485
96522,27791.199871919638
79372,20972.337764304386
106945,16783.912206841782
88312,10029.956658263876
97814,13740.573066587946
94724,37346.18542635756
79892,19014.11773457075
94500,19991.358652754916
102161,13897.257925795337
85073,14086.826392090086
103316,10186.327288395532
81537,16444.79852387787
79187,24653.620961095083
93646,25418.78821057717
84942,13053.856719133822
105305,29694.30896987892
102440,8561.724882920511
99694,20123.992318472447
97189,17968.516791982092
89680,15119.482386152238
104471,14724.208140869256
98066,170.63826256582252
104541,10233.733603954544
90039,7021.198972184386
99640,15630.740469100438
85034,15632.763539439242
105699,10094.22750802085
103097,8258.672401530152
79154,25462.53197053915
79730,22943.147666472927
93954,23368.66900581505
106821,20618.382963857974
108129,14339.01235150747
81433,23058.32783612735
106810,9295.09246173278
89340,8187.743167821252
92137,27809.377445448627
89457,3143.7963216991047
91797,24050.86028390244
92334,23397.874000351014
99141,11284.877544454033
104901,15978.185940120344
98189,9486.535630970744
95071,17307.037965337702
85149,15929.639624917447
83164,13259.432995104144
79589,-4839.157569119881
96533,23174.054966202923
79514,21107.748007412323
97024,19860.036885563164
84010,5699.8627228995865
77716,31969.26800350045
99999,6268.852061212328
91937,27107.595952089505
83222,16528.815605838983
83874,13552.645960664542
85379,7735.654277943024
80923,40298.2145977107
87263,19230.144871146986
77648,15532.507587973178
90784,20982.979893182175
76092,26640.49485302668
85877,11064.906223057093
108297,10541.42300261631
81020,29690.392079509347
80092,26109.16739242024
94008,22737.329240881365
101425,5129.908773656476
81218,23300.54114550385
102599,15852.902920901663
79959,21509.096305072195
88223,17388.856296892372
97792,18154.54107070066
98438,7720.04948524716
107986,32978.970587628915
83947,11575.163251652073
105867,19232.251970695706
107403,19489.237954078042
88885,14622.939975391218
98450,12395.02420855252
83554,7519.872887030517
92398,26378.803293542933
97238,1334.3160582916535
79115,50637.95219900075
92394,15650.554930712045
86813,14828.797496044635
106364,9341.084557785287
93974,25466.114898506712
96921,6534.982309019315
76493,14439.773327396451
76358,14485.320610311639
89895,10380.465233555085
91354,25520.87427778189
105589,19984.126067286885
96412,25557.038138981494
98970,13524.830272705613
103020,8355.370789973951
87261,18645.637716572735
76112,25938.27078309387
96166,17533.178861694025
90696,16531.101772487553
94089,25366.73626719365
78422,18359.875004565532
106298,12894.175990937787
105489,18463.031832981276
108304,27180.942619856774
102353,7368.959469847112
76411,18836.85343128563
84847,13085.425910272095
91646,14472.559677296802
76141,19219.89985801691
90730,4814.8799032447605
100429,12462.211228255022
85989,11200.632481149714
105539,11959.489351680926
79951,41098.50357009661
96676,8445.231638357822
100762,2629.997171286195
92509,24922.262361135156
79582,28286.925626825636
108529,22151.917771476044
86542,12946.12653501718
80669,-9841.70619858948
99953,14011.03344385595
93023,19978.979077965058
102223,14953.899934492283
102167,7551.874209473957
84525,8313.516684399037
76654,27314.997587012615
96998,15326.007830414128
94337,20125.837023419714
105106,8889.57215674489
77494,40236.66514686668
91245,26292.987767937637
98303,21219.016316521866
96838,23647.28101291233
82064,10196.015017693328
101129,5370.85026181035
78108,16034.715992496864
95497,22684.71151033262
81175,13511.88580542845
89631,27985.16459001084
93976,32611.487577727014
86199,20432.864661415937
106842,-585.6009210915254
78263,14360.743146378547
89187,15902.25027686769
104396,22527.867175721076
87198,21390.404612024042
78994,14240.447042017468
82655,12098.283391833458
76432,19879.972235573117
95404,20897.029283012485
83767,12000.464688098426
87719,10727.692035487282
105980,10350.4618107256
99851,19858.5836695623
80432,6895.103003668291
80344,29134.16716247656
83694,21556.402426996032
96247,22333.019391140115
86395,20665.657078888522
103276,3619.1123822064455
80262,15693.318118852738
88698,-464.90841764618017
101575,10780.9429082244
101293,-2627.866359768137
76732,18723.45764278842
108287,22532.505247470534
100140,10082.51930123895
85239,12271.652234224293
85252,13578.117828275459
77174,10751.484732301355
86250,18485.212165159282
101740,14280.605389472828
108134,4076.9458451406263
82406,25220.487662541578
88667,16415.479758956877
96978,8424.289636050005
78635,16441.260021783753
96572,8555.52274305276
87841,13215.739820320228
77951,20221.275077906877
77253,9513.36790882249
99102,13556.982329409484
105959,3778.630741537816
91687,26014.17136953274
83483,10211.019877612267
80361,42096.38873918736
94647,13009.640943646704
100857,9055.960989191197
82465,13958.311736351487
100672,6976.764806289973
88369,16910.80439477383
89345,14761.07624624438
89610,6099.498173014454
108452,36695.573452126504
77913,57596.1375648897
94990,32113.379199721516
78501,14784.604986436494
78393,11936.190104239937
101975,7322.837694244214
93585,17708.606881772495
80079,25712.961474886444
92292,28519.017824501192
88595,13028.805127945086
107865,24070.187705290544
106687,15906.170297543656
101741,14211.273462934336
93999,20496.966027241226
107722,15707.779473944855
80167,25188.723733655403
81844,337.1515941850739
77048,19054.29710983188
107873,21943.600109596722
84939,11046.096903554157
106486,18927.534341748513
84683,13765.41235345191
83721,25210.09886335941
95371,18850.842903335804
77370,25310.346279365498
81285,26433.84434707391
92306,19262.820972393514
107739,22567.718464105357
89483,9694.858251440164
78832,25115.567680654298
95190,32412.689890120535
100747,4200.646174463442
106957,14548.991407087844
101143,9295.09682413784
92745,28049.3870649793
96890,-1342.008563916912
76809,12218.594667515477
101202,11083.377336096795
98845,17736.076258793277
106599,8941.787843546974
102195,7796.491643063131
92630,24403.95591435292
94558,23387.340074682754
93959,26695.005343347064
77993,28403.92233396755
105814,27777.134306098866
90144,14113.825462401503
102474,13089.620276522728
93582,32921.19851461802
95183,22576.96265811962
102451,7009.041901075279
90109,-4383.489744149421
78889,19528.048097511637
94338,38569.223376467926
88104,18698.90142368503
99955,9438.994131625666
91274,20811.66723840071
82254,25567.62204447935
94279,24073.9641512689
84677,3097.1971301442027
86814,17727.464602711927
107316,20082.354104199494
108497,25973.481030549898
97403,14405.840363804613
104859,11387.982283948408
76106,27657.284422478464
77307,28300.94200170304
105083,15728.847325281375
101644,8756.78972276398
75980,29040.557092184034
80678,25809.806567229673
96987,7894.410096128535
84261,14385.9413862506
103391,10604.8722498856
84290,8780.066301057032
103179,8124.577838482763
92887,20321.84984231452
88486,12614.63370952745
95325,27904.620331758037
108122,614.2437646773869
85364,17156.072283647445
80688,32057.519764226843
84356,21281.764562838813
82717,18422.601149288814
95166,26548.31649784725
81154,13110.040246761717
105294,21375.91005880808
101409,19810.994644630322
90808,14567.489187484101
91000,27215.016854937134
107931,27348.750665886615
80058,19858.697497736437
90511,17831.303700723827
92525,28649.187612898433
90057,12010.468320476815
80266,13831.221518331451
84467,14709.229084704493
90576,20248.072164769124
82575,15642.786678921291
91601,27214.487675020555
80196,21099.701554279516
83418,13963.293833452339
97121,17569.052934798197
102024,12688.775252369858
85225,12629.537286921908
107001,26116.344425429543
82592,15375.420432814353
96681,12754.139646508287
87462,10802.064605152365
96787,16371.7534470572
98868,3334.1907526383657
86472,20564.775510679054
91250,19885.01257123573
84328,12268.059087517468
101840,8924.20684467464
78225,20211.621336062668
81026,9411.789467520475
82325,12089.840515512926
106596,16488.174209538287
99810,19241.799028847658
88054,18225.75823978638
80041,29807.624995104627
102577,10758.249067330402
95870,23387.52367194921
76937,19382.930218485533
108359,17242.19317360585
102482,12363.399165996216
105228,22254.44950980067
94110,33328.04997333701
91022,34842.55003579213
84243,6209.2711232706315
88868,17774.984488465503
86994,15058.084485973817
103924,13774.314485048635
102415,13037.156970919335
89954,12929.30910442122
98212,7394.27538059387
101117,8690.252810997357
103865,8696.940026217373
81944,17155.160759250568
87371,16228.80956401838
103778,4753.774491985208
84310,18441.65416851666
78146,24575.15423083232
83910,16577.06745690963
96498,29556.242700869538
103937,-2824.480472318224
97439,16974.121968698197
85156,12654.62662351646
93197,21076.12278828655
98573,7140.550680488086
96816,14067.308500419487
94610,21159.541192156907
102536,3037.3583647802297
81021,16119.978759347443
105037,21560.824078939175
82891,17176.762778586635
83601,16561.14095169603
93413,17302.044117409863
84517,11806.675736139856
98296,10764.011694694127
83442,13594.938886108754
83641,9129.56008436131
106454,23323.041753149533
88540,5654.78016435551
101350,17722.464323927838
86741,22611.69603324659
79411,41292.96378652752
81400,19320.535399292592
92460,16380.870544430294
76076,26816.631337293347
85593,13902.662385874333
99476,13334.001638980997
99991,15808.807464002888
80184,-10924.971091937517
91365,32739.436294720475
87967,10617.296360365894
97960,8847.878511428313
106216,9497.384731427755
94470,34546.55880631866
105054,20615.150696942714
76801,19809.792196587183
84376,14354.1986741527
95818,25577.100335016534
101354,6326.45152787046
81184,13563.524666787844
95386,28092.74886291408
94813,21469.672736397384
100188,12530.90393380538
97816,17545.27001257668
101948,6494.372652249127
108229,23808.319258644402
77604,26045.13956565469
103052,15651.744282409196
83998,6315.569281608248
103163,13418.597965280864
78407,23268.597436735323
106267,13166.69841391814
84808,18138.16339039824
102176,2476.7785458434737
103807,10963.309433003842
102936,13291.483354791475
77803,20138.166868297034
91153,19742.240908507258
96806,24223.41141192022
107797,19923.144854266233
92654,12041.028233604662
82110,32021.071302363747
92570,20138.009641605582
84350,13332.737329319478
82022,32162.80792099506
101036,13470.61038111486
93012,13999.334821756047
104053,10035.575779825173
79339,17607.440094125188
79767,7298.226197910131
97252,15048.887956480887
95098,26937.320597730373
99791,23502.996292575597
95121,24463.140182416766
100598,10716.082288965414
88806,16027.399602717478
93433,20493.8678663959
85064,22501.635896029202
103820,3310.334726890891
86190,19932.734838617045
96438,18712.014957567386
106282,9867.309172884836
93667,20640.154764341387
93191,20597.27634725329
103899,13640.124849856682
93568,33011.680188391285
104546,24539.940308385838
80852,28255.638295363187
91782,19645.343826393284
100867,14919.924583403856
96727,9534.584596984423
88787,16338.864111304021
80175,17450.47750621126
106215,9820.081156086067
82884,10661.15489697698
99701,11500.841540198468
96972,9111.57302930827
102844,14155.66980501102
85912,6494.114543330335
105580,15783.737164247019
92949,22494.384195300554
95794,27929.700437067768
81410,16771.004343282282
103413,11248.80819391966
94880,25072.610903607565
87634,8624.053205946908
94036,22697.438757746277
82130,15252.695008550803
97256,14705.304415602113
103817,10892.595925293524
104456,9483.029721754638
78003,15277.958545217525
104097,14086.865537346093
98797,6664.268855712144
107315,20728.836315372955
106755,26069.995094803293
81147,17490.623575147307
105271,1951.2017560163404
89017,10475.13293482628
90194,18736.981657049877
106608,6992.2640740511415
106146,25865.40136547363
105471,13013.825255134041
104538,9139.620115195487
78198,33419.278821004336
104720,16914.40514217494
94900,33049.39021555868
94045,28700.910203923082
100816,13006.245957691332
85400,8646.798804143738
96876,26908.989820171537
93515,27055.974985353812
94077,26345.537180237843
87247,22699.9747479602
105067,21494.494906149877
95538,33752.457580480535
79301,15709.43445992612
89679,13409.642353002711
90677,21613.484657892368
100348,17915.74121917119
82373,21961.977288877057
104030,15506.453779910295
91200,25366.22961595608
108132,10641.023628151286
96587,11000.260971350774
92498,21241.501634186752
103409,13546.296340282357
91232,23012.363928470353
80016,22162.116573747953
98705,12755.791235879515
94058,100654.55541938893
107248,17853.193804250277
85165,1918.522741383702
87202,15555.83919808345
84291,13237.279339970255
96682,24374.39435003002
76451,29472.093548340683
91004,22426.435215671874
87541,14521.736979532387
84735,9607.97597412333
86029,13746.123318982116
87675,11568.440804308564
79434,31060.51430354942
104691,23656.609600191347
95401,17254.44822266353
103975,11352.054624492435
106441,15468.793236776444
105335,23817.959715889476
86453,2059.7874012782195
84490,22795.42423775796
96908,12394.789158044252
87472,11762.50040900935
99908,-2300.808297368967
84898,10317.463651493399
87539,12271.526634890826
100666,14206.357813560116
82231,20646.100508233223
92648,25063.20430615629
84694,11560.313872456343
81594,7396.077701217164
82685,12790.362173592763
76620,32386.108195341865
76943,20355.41971523755
80231,21187.10943470599
94782,8382.503670216774
83815,14726.381171301651
101713,10999.821855230151
86358,11959.532447589154
98701,17894.728645835625
106421,12448.198822744518
97920,11079.631187681403
108072,18872.14776767195
91315,25285.24336932002
98550,9892.768796748778
99263,4557.809464643013
95373,20133.186465857947
80445,9374.915498226717
76982,18120.731398283926
85544,12123.878181363409
101977,14009.790745014288
80279,24201.354256780538
102808,6387.083250264761
107325,15232.964798769031
79988,49579.58279078625
83473,5686.088694166308
80074,24326.99835608717
87094,15212.384210882341
80523,18460.969821374823
84129,15365.077079074024
100159,13161.067066107556
94256,25105.239815817076
79199,25794.98448665832
106674,16366.309946313526
76299,16615.58893377678
82217,30595.84935185104
87294,17123.9368445612
87361,6667.456383663193
105782,12114.691161840326
99109,16686.51695846566
97733,20965.31518410243
80963,19818.932295893334
105129,17535.36115636214
103322,11831.604797325082
90068,15002.823089945525
93845,20982.92552062555
104956,24091.41404693783
103473,7035.84787615198
78167,23487.684950519193
80718,27086.897309666085
85621,16594.351114452144
88490,10295.122337069843
105456,13487.55832524761
98490,11083.881422635577
86488,10801.575076965404
107303,23977.208923225295
106463,11146.7306716134
100403,9529.271228607
86991,19069.52417107296
95381,34445.33544968386
85219,12670.270289247685
104635,21765.370904228843
99004,16331.114884240225
80747,25831.025278372013
97854,28381.79594967547
102646,9224.88171747345
93364,32661.08448811406
101209,1174.0853993782475
89140,15783.154027707871
96244,11933.076318753097
93727,20220.296150416107
82138,23715.939870755195
97759,19329.087520247413
86015,15656.072003084995
81090,28899.280552075368
106085,6788.246925907788
101600,14017.671263135768
94831,23947.437224710156
96566,10351.21457556071
82361,28737.249812357826
80479,19781.477329776524
82068,10518.04382061617
104750,11399.073219338163
93539,18829.96495348897
98127,13000.03681088912
96971,15197.30625246355
94105,24239.278034752257
95326,21988.385697424368
107438,17371.86885037341
100536,8497.81123835884
92659,21179.34678521032
94809,25074.900600417757
84186,5899.030030749425
85631,12956.75835329154
86381,17250.107201336545
78721,25579.15667258878
91773,22024.307951432726
90453,15416.38667189417
107225,17541.449699553123
89949,10995.762266247875
104531,9600.905726812307
76979,16515.404423719996
104743,6783.677763617015
87731,9887.156070160023
79915,6977.481944489133
105072,28065.124462141262
99332,13345.007232962762
88800,6801.802438398387
89522,5216.7807385483575
105361,9818.248497457203
96528,14849.922539567688
101546,5054.014528737545
78680,21980.177394356342
87029,16284.821931368137
80591,44459.23829644488
79887,25345.47737304109
76107,30450.246482450515
78272,14608.975151257278
88116,9643.329610248154
99644,17266.840046781865
87595,20693.79750640446
79324,17311.940808052375
76408,53756.583240771026
79173,17955.60639759118
95084,12790.976854782572
95455,24815.906288406295
83809,16200.911610725307
107320,15666.724368243613
78828,24898.98540996707
76284,17421.198914210516
105622,11277.79435091266
99344,8837.344585760053
79395,18497.53382746643
86906,13290.586627200668
107576,11774.835642429864
99418,14274.845244128925
89050,14279.922656393104
83758,11425.238313674614
76289,27025.11127650196
95798,32705.5162640089
76119,27335.923916996617
87583,19798.4609990144
93110,26147.236093433854
92911,23212.77607704056
99758,8282.749783257703
91697,27523.963302130847
85260,19272.968585455674
108475,18642.764544706853
84184,10495.04241745143
95737,29602.991045394083
105286,15359.258891920454
105354,13183.510797720679
101587,14373.47637411727
99526,11119.756501292793
82328,18807.586654573603
91052,19877.70332517753
81332,43262.35323733488
84562,19622.067510464898
86175,18733.720307391148
94828,32216.161426160437
76792,33244.80707366933
80436,19025.347446641867
88143,11185.081833266733
102644,15862.058622314453
79459,25284.00330682972
82225,15088.2025371542
83772,15733.263251762175
82109,21466.19748742023
102803,11765.233065240092
91947,37887.076526802965
88498,-1829.4920547365327
104204,17140.257617694224
103303,17656.7974783084
95989,34411.793632580084
90917,27773.69693573608
104994,17061.505050614356
91408,24596.282143466502
79084,23943.674328748857
94840,12094.640579619394
103127,14534.993311539769
93504,19726.296650782017
88642,13308.178392093336
95535,32478.608874449208
82775,2336.250517908138
96490,9231.102664181342
77545,45739.31368134706
104939,7004.1918063115645
97679,10332.46615367496
95462,17918.41496235768
82601,6567.659438312316
91541,25064.347565815056
82997,18960.588336227553
86757,4158.487285332623
86498,14581.775834860884
78468,20018.01667751585
98262,22592.61293373719
108488,20861.12836009016
84813,11323.202037737887
84965,9556.965255850715
78478,27157.6563945421
98819,18777.127128660413
101543,14956.537020994077
82061,22711.207538683295
101359,14584.206045725086
107203,14533.486870983455
98811,27335.37481660457
102982,13852.454202319168
89603,24553.140660072168
95083,39010.49653823662
102426,14541.733833145328
88264,12949.282377958702
87119,15179.693216568186
86554,15761.804316695525
103454,15651.744282409196
99382,20779.578995322954
84255,11534.550403366738
101580,7263.478196934786
82690,21594.30138799519
103650,11454.997506133368
92587,56726.09204502537
92831,14913.491279303478
104410,19525.789941976836
89264,13433.32861574323
82865,15324.193562658627
76984,24193.36645677022
94265,24973.915173430214
76786,10651.969669180009
86379,12421.424292695247
89735,11284.423274112462
97066,13874.74824803822
77007,23341.046813346748
89137,16110.206240295262
78243,18915.909959024004
76669,26661.87714990554
89281,21963.241750110672
105621,22857.680179672985
84020,11047.763423569111
90142,21009.15748458166
79677,24418.529854846256
101025,12772.288411588826
101821,11265.94987023255
77424,16398.76479573184
80188,23998.86998612003
94655,28527.092646791778
85282,9650.006633387871
78763,13214.117476249772
85774,15832.30980582878
79278,9381.332193159931
84460,15441.144737589515
81489,25377.522557903045
90788,23661.009983488806
90191,12068.635191244532
106772,29557.935735510615
108112,22312.270313736994
84380,15368.482603164
93636,42444.52345078554
103749,3195.7024552860803
93435,14452.036352169167
81394,12245.19229138051
82146,29814.0535139434
98362,-6436.030483398303
88250,15844.030645012672
107041,17910.02567321716
103478,14185.79654565149
89273,10072.634746933654
93583,28996.72735740787
92107,25020.846170623885
79557,5815.260263729311
77861,11732.124203676693
84591,22639.75807145292
102756,3550.941681163844
91798,22938.251147521565
100309,15651.744282409196
94987,31996.103553350193
89991,15665.949857721098
81523,20776.868203431884
82815,14649.780963060834
84366,10182.084053935507
105609,6560.902203003176
89695,1231.2461045583404
86242,16474.057975272364
82477,4179.648066940748
83774,9168.14461855527
103676,8498.262422181819
85371,17506.144484183755
77386,34815.14903907863
93572,9372.483171919
77535,26872.978415830083
97174,10547.737430877372
78330,30818.879153115297
94032,14796.354221027252
97537,17530.72110472267
93975,21069.3956088187
80657,27120.351793022684
85971,16088.529301564795
77536,14507.449971617058
81757,15382.655610434645
81232,24751.48435809057
88606,13203.727151820964
107709,9491.047712922005
79596,22359.08571120961
85671,16289.82806992788
93617,25215.862264739284
104211,16417.72565367526
98843,18494.656163552943
76153,46756.92782761685
105258,7818.142997949828
94812,27460.241911152676
82892,18632.68660339552
87816,15985.466279118313
90058,7940.878819577418
95471,11752.698697589307
90419,11466.644465896261
88777,14481.911149653453
101559,7325.312727006125
86808,17013.137064040344
93637,24157.845303735412
81562,25338.46634769607
76442,30601.70024200115
79967,25281.177423221387
88683,18199.485970619306
78139,9771.029283976928
86530,12018.278530593057
77000,25948.11055002951
101915,10922.52816183542
90706,9378.56884201305
77396,19216.084960719258
83475,20349.986838450215
104217,19074.008329318338
101461,8195.40948279497
82676,11366.860041751781
104438,15899.10206065089
94757,24728.94209899743
84916,15810.124954912977
85934,21532.197201812247
93051,20089.323596291288
85136,12560.950026875907
86448,11419.83662896902
102828,13799.234294278776
101564,8249.931941178686
85740,21908.560576329975
107725,18162.88652416369
77165,21957.77469160311
107859,13658.157556908094
83065,7387.008953462828
83470,22958.097497297098
82147,23417.065544015088
103691,6922.895000884038
84024,14201.111280347272
99630,10975.017495815177
105243,19719.108498758796
103804,10987.927842322148
80130,11320.611490033169
97317,8037.8245614761545
78532,33057.7905873649
98989,8680.121814591974
87716,9789.806137293213
103640,2662.7108345305314
100541,17531.80537522978
101428,5013.843942979793
100899,-1001.9722542112249
91739,26163.03399194906
94502,34515.38840082567
93919,25264.87979118
79707,44187.635959252024
91516,28981.215842926216
93156,27381.17447913326
93340,26333.750987644908
86892,14184.885844064307
80420,16991.049132098335
91660,37680.25062171767
104006,12273.184953667207
79833,37040.01703157174
101663,7772.672393231169
102471,14331.61220620904
105380,7947.933582464968
107076,21433.046048624143
97009,21469.713474599565
78577,29610.463248965272
100281,7697.643653971581
81075,36856.2134718354
105712,27709.761410680596
90807,13420.498609929407
84240,15113.272237129913
96951,18885.09512476534
77270,17882.568887626778
81760,15910.471022686928
92040,33531.68023217833
89339,17761.063179093984
95256,25029.336458267248
84788,20016.46109623039
83686,12763.26164760887
98633,8624.344596247174
76608,20815.586074977848
98918,18059.248794726707
100264,8717.986679205544
93998,24158.95381831658
90051,9199.918771091368
100506,14602.002734074864
95747,15069.948898739178
91393,15124.786950560276
101051,13601.098312405746
107844,15604.871451470648
105479,19471.535286996062
102468,11651.064281608105
106785,17368.360184057936
91577,21593.01225963192
80832,9174.041353004846
88616,-3506.3720160501725
78897,25787.80396385128
83228,15405.726872763847
90389,6629.51733297039
90154,12038.484882982906
107664,23568.324393209696
84602,8329.728412503955
103155,6798.142185483695
94290,23785.742576822657
84292,11103.587534687282
82455,22479.19693631914
84453,9199.199708091415
89161,15956.57074430626
104207,17260.20026077258
85660,11004.939990360808
80032,38497.91322321481
75996,23606.047561982265
83712,15077.180451857585
89784,13925.684327370105
101364,-3305.2858518235334
79099,22314.020515787277
101423,13895.611853004804
89977,6824.956330431502
87688,13318.488719911547
87401,16968.772040371914
90723,13566.139939037512
85875,9727.670835176395
106387,25062.422085817583
76002,13132.609247701084
99436,8563.424082736756
107239,16511.914847984663
80251,22586.137796465722
85127,26697.99214902378
90351,11021.492192748723
95526,27189.299895304342
79335,27765.66662859177
104754,12405.141732042679
91081,30808.770911190688
82005,17537.76393144107
89414,22381.896014378974
102366,9654.341943071204
107017,8889.147702062653
88810,15479.536660655587
86694,8124.47408474403
79641,6693.915061219332
104863,17508.364580839057
100526,17929.814820441763
80318,22248.52229988043
100931,14743.028497747833
102375,15374.134655756861
78617,23974.202227382
103552,11086.084079807999
108268,16275.72335322076
77842,15547.52875835783
88774,11924.90530611546
82323,23983.660597292805
94125,25838.06211706624
98661,14050.327217666734
100997,15128.369281367037
76933,1809.0892194651824
76957,34156.89907603254
84347,13409.453147894392
102000,7123.185125535849
84626,17366.521229962207
82214,40512.381649166295
105909,27248.080347655345
107442,9484.72605877799
102342,8472.941508130496
104461,20063.012088496405
80095,43519.8055251226
83558,15165.467638681614
104376,22175.841886146816
105494,13304.015712564888
81702,30741.47512593726
108056,13682.94145776164
84131,18605.961266634076
94242,25397.23283440857
102987,6983.4140819674285
99643,17268.59896961593
78954,31135.061841726467
85511,21007.73336611046
85380,13927.387459439207
77232,31129.936910165754
86585,9842.645379663576
99729,13753.583035617386
94946,25687.653658879077
97768,17618.304233273542
83855,18163.175996371992
92397,14380.418964633538
90311,13222.321546956699
99324,9523.02281196542
81167,16057.443017736767
80030,31917.449983646977
103679,8846.10754392999
80164,11245.671848124093
103198,5959.186339192998
87658,12019.068152877266
102090,8475.261505096916
92710,16291.802915330749
88551,11590.659169843137
91001,26447.184469013773
100653,13303.242877705157
106050,17794.71635993302
92084,16829.835182643474
77402,22586.278889130517
101296,8287.28694588274
107242,16633.082296120592
95646,21686.69910909751
99126,8186.843892845176
90982,23589.590174175646
94896,25955.291441730296
93011,19082.786708580235
84607,17188.947543352162
83352,7899.781546396502
86097,18278.28908415997
99312,7911.782654686627
77584,27059.611959580852
97372,15282.692956957322
107179,19704.250946883414
105835,15707.15058286018
92924,23436.293494558937
90798,9256.125911783955
77487,18322.489930744305
87523,8641.915026730552
104328,25653.45060357907
91404,17269.833233386616
105702,19395.255244581374
86051,12980.569754481472
98136,11628.713440402655
91149,21690.061084874556
84015,12510.4736236286
78227,29497.734237204004
91810,35159.8976946569
92345,24040.12148152193
102647,17975.525121655694
106549,12287.573549642602
97007,21535.809290014855
86887,16096.53159651236
103983,16892.877415534087
89554,13033.154744777734
88066,13036.45409447762
98778,17786.480767886405
91459,27461.42579860326
79659,25215.364431842936
83978,4321.164915685353
88036,16103.126029165789
80483,22554.519311115513
101770,-8092.338077716038
98220,22850.53688983842
84427,14116.148438912933
94491,17920.80308086122
83782,13960.652892440849
101945,12974.399406586355
96613,13520.393606036287
80126,42223.227213591395
83381,16505.437011317932
100263,12194.145357472442
94953,23887.817905450567
84413,15927.79765479687
94816,33013.74967894483
78578,23998.086467979145
89766,14701.627737818504
78560,27898.188576912413
106444,16642.00451553105
100883,-5962.824711105703
102769,10768.415269606443
106426,31380.233580606655
92404,30787.831938914394
84800,5916.753305623935
90714,9805.127897252174
96274,19643.85557520706
88259,9275.898465067181
90683,13456.241221991026
78878,14422.676752655563
78675,13102.052852047538
102189,18320.6213990556
97959,20384.970370377472
78324,24474.287865940485
100397,11527.75107127276
89808,11170.12231947327
102920,11781.651884916093
77724,12387.621796521082
97183,17511.85379713583
102360,10346.7715938211
81748,19363.299399623174
100225,8025.429201206949
101411,12963.095275784312
93887,26005.5128166617
94437,17303.65520542073
102317,7896.612478411111
100939,11842.8184757883
102016,6908.147668632046
88651,9969.985646294263
99340,9396.697776113779
107078,24264.270369589594
100937,12499.459379571766
86922,13811.37209700362
77864,28326.844307090734
105180,16075.559867975811
85599,9005.135207906977
94556,33204.56584605546
88368,21284.957574519573
81005,37944.27903115867
79083,33995.56896908159
95200,28054.795442202878
94374,30953.419723133025
94160,24960.223391041203
104549,15190.241322964863
85933,17766.54858347776
104848,21821.22377211519
104424,27873.265969579417
78183,16437.927190454782
99280,21647.424595175966
97928,5640.6242451962935
93122,18928.17215571011
107991,1697.271500976247
92468,28010.914410521098
97451,8847.989053444991
94463,18151.86861885645
77629,17042.865257158228
86008,13718.751818403614
106210,28631.441007499478
106181,17244.300570437626
87485,13717.58871400186
107645,10300.866077036622
100084,11300.561111237654
88201,11378.565651537403
86236,16443.0505841668
97090,16468.244828809417
83909,14460.02459859458
77686,26956.762955036706
85505,21040.00449703971
92046,25618.732323247852
76681,15084.479777509236
102648,7273.570843613254
104998,35459.43273568259
86349,11673.314591580256
77229,19454.971213842677
93379,22935.115487010804
84973,3.5610150224929384
80681,32648.32231729506
97876,12164.033788279277
89330,11403.857319347111
106836,21844.031666616665
96449,11448.890367359454
88765,16796.642178684957
85710,7040.585533985888
104002,27258.68928019939
99224,7273.06514681632
96767,23990.495711620046
91035,27391.06860850555
91531,14959.846455007748
95857,30815.69257558979
81338,16865.04538083534
97921,16943.969246253386
94040,25505.841048727387
88240,12394.285995735394
104643,12734.832895579359
84702,12246.504484539757
79809,18729.314009962847
82171,16946.892531729805
102481,14061.874933515046
99514,11651.814201431976
76656,32688.00857296787
86176,14424.618187957945
85784,12158.07615098872
91529,24410.300933740597
96184,10610.517326888
94982,25215.862264739284
89887,18725.075240669186
91306,20370.622318001137
94801,20657.868814962432
84873,14427.5120708293
105262,17773.908994397116
78755,19711.774696981523
105378,6940.297255438327
107314,24102.475303867577
88401,16688.586074109764
104523,9262.555223478505
95968,19887.29355217062
106940,16461.89641393032
85854,13938.07758418308
100090,13897.257925795337
94299,26496.077983631276
95815,35234.638059864985
83336,12763.662891091572
93357,10735.196089553046
83671,13338.252870042921
95352,31020.102799801207
81447,12828.400449480461
82530,13372.898853597813
84072,6753.495285974728
79590,44252.38782275383
81072,20058.889762575633
100894,15291.798898178913
94501,28315.943129490308
98410,18343.476045763586
77356,29157.45936345477
89008,9220.395411171103
79270,66929.8107465037
102768,10766.684922673569
104671,17224.843191293967
91482,25994.74442510973
93496,26834.068884445227
89699,6652.863457914693
93711,21909.69659825485
92768,24721.44211855723
102118,13541.38894956313
99410,5804.889188507441
101552,7403.449854480787
105876,8592.801277941497
106386,27468.366854363157
94563,24772.179441479515
95860,18614.792881577872
83636,11588.17226209016
98837,3896.5191920693396
78724,9920.951066631926
92579,24620.1547070354
82223,25215.521654614102
84289,11849.063520541662
77579,27793.494869165886
83896,4172.0753319213145
87389,9347.802232979931
88139,7673.347072612585
106790,26815.580267778238
82260,40079.14024065685
101627,10449.56075784622
81876,23208.330583640905
91029,22097.0210610374
84583,-1850.798777092863
108158,9852.755244329266
108203,15610.930246905318
98582,7315.209201040101
107003,36104.153328698536
107777,26620.726271758085
90308,6042.133730856582
76799,18338.882420930142
101387,14975.501847623935
79964,20396.329795441583
91606,23630.56503579083
103952,14800.257586453012
88622,6678.519988046586
94559,32018.03711159296
76143,19376.878761389617
94903,25662.48219726788
104486,10921.36688282852
87551,6258.888196832104
78063,47204.00858405368
102556,6893.125136698294
100052,14054.799908812482
107074,29089.449703798367
92069,23616.48974215186
107850,27582.253194664227
104540,15097.3620648848
96846,23761.40776580308
92391,27506.59488385828
84659,19014.04850838383
84117,15864.045143473846
79120,13167.468634973095
91389,17037.38991129448
84349,12685.863518568945
90954,32211.35098402541
92695,18179.394946043674
107811,21582.407681233813
81971,21002.991498688723
83450,11658.130952461568
75976,25935.336984165253
102965,13590.99273386666
90287,23895.31877821457
77605,46214.7969990363
91214,29189.073609550294
108303,15551.965988972592
94860,36396.311626204115
79366,26076.559074261353
106091,14379.166219511713
76439,32687.818693213405
87417,27688.259773225902
93478,16109.349918608401
107216,21368.891505576008
103764,16796.160028934355
86879,12371.0021651553
103625,14079.330252391832
76402,11964.621264170073
80311,22724.972877411587
80391,31942.45991677971
100880,12514.646588901884
83171,6707.1268536437055
88078,11145.94508636323
84318,18988.442075142582
93526,25793.297711754647
94190,17772.737891478253
97052,12669.865135952306
86101,9454.072779846167
87543,21233.930313408135
85029,12063.708755207836
83740,15438.836158849786
100089,4898.261417769401
98227,19853.866241275035
98248,6787.970737685067
107138,29872.95714420411
86854,11398.258542037282
102785,6300.729306028212
87839,15844.783380321009
93906,26862.805477271697
84661,18224.450910147963
87432,15330.775123043331
85654,19383.358461650274
90678,15596.710980821934
95299,21110.754564833635
95236,30934.904114558245
107608,28039.7269385499
87004,19622.777239382325
100566,10506.218718633936
80665,12068.09081293723
88010,6682.907804379382
102663,12637.497491324284
85485,13463.595327179835
101269,13710.56065133998
104674,23986.164902437176
89263,16255.169372620945
95420,23796.78854369512
102691,1451.672116690239
86663,11145.94508636323
106138,15089.359230829778
91571,30728.27671482034
93819,18161.398279601875
78571,18761.16893004914
94985,12755.140012640095
93301,22235.974782323763
106718,12711.797653082871
86771,15894.310526923702
87704,5671.372876128433
79666,17328.330465154842
107584,17285.187154257274
84895,12860.252942822346
108408,10635.718254724547
98171,19648.565009475118
83310,10797.548900685779
86673,16212.129970472695
82853,15775.122690710281
105650,14528.711908642523
98670,15216.959826936218
85066,2295.869115304431
83794,4664.221242965894
80583,11406.044589960202
88130,15132.924166438886
98999,11635.502843703925
101330,8405.67247327694
94984,22186.0146647632
97990,6487.967118836994
86985,20113.23171188434
105865,21773.71520792714
108519,22141.15689070042
85264,18101.064300100956
99920,15188.44060846699
79757,21894.39907824702
102991,12617.546857798443
82734,14973.498635085394
93798,26550.6342852266
78739,18091.046282195646
94102,26245.964299491847
107720,13254.64574879529
104818,24257.14868826083
105035,2145.9367701177252
78882,11645.04990309606
106768,11220.705800043874
104488,19731.065588050595
83401,20997.630511686762
96513,13151.555566072479
103742,7558.141921972328
85746,17238.47286224438
89503,7923.424003673776
86162,11330.359503241027
90081,11935.712659691042
87809,17593.324510796454
105903,14439.7929583948
91476,24119.902882271566
77323,22988.585156296467
79344,40329.958040262834
86967,15019.642933365118
87631,14340.535906148692
91478,21141.903749106765
87477,16837.83263848276
97456,23415.140582834545
91210,27941.508270867787
88841,23409.536381940467
86262,14479.11418962348
98038,25929.547395538477
108461,15644.262428185699
95645,24635.095025616105
91233,22672.01329149477
81480,24984.166798653863
82671,16415.99934379026
105275,12020.65344515115
77852,17029.904310720613
90565,22069.422755138803
89172,12097.309549932259
102384,12883.490263610318
88944,12930.423539120886
80531,22737.786533261788
101795,8579.497381166344
90744,3915.10806412927
78179,28644.54782868967
94388,28606.32321449185
92546,21999.784292314616
84282,15039.673034597414
87078,16331.34380525188
93190,28222.37598628002
92014,15193.105884069892
104501,23002.05788894467
79523,21599.627722349363
81096,20734.509423997028
78193,40087.732851991794
94720,32132.30651565522
97242,9204.062340023638
103784,11477.250048426922
100186,7558.048055024103
91494,12920.404366134067
98765,8039.014045867967
97370,21894.132025424435
76295,29094.718127964803
105840,20891.055631302315
100641,8551.339365789412
97160,27726.253634337612
96440,22497.12568621424
84853,5511.960612629959
105223,8945.780028596922
105879,11772.477300862343
80347,28182.93832966245
84534,10429.289414712857
85045,11839.224842721655
99348,24503.28385870558
105487,20471.668322601938
101906,1472.7375528265147
84905,13020.550318816913
105810,10119.133178930635
76346,12375.751858520453
104163,10387.282614148102
91997,22025.026264423614
94182,23167.412131411635
98583,14408.899607063895
78048,21651.896236321612
91650,19516.747943227383
99045,23189.231888185783
90167,11975.181519239402
81936,3650.3444340274236
97322,5516.468400775037
79506,17231.301244251707
101689,11576.71893558633
99677,2424.130480682681
104364,6323.29107904428
104493,21843.98228981288
85811,12516.937126179855
76088,21315.779802738245
107014,10851.16840047951
85517,13210.943003288405
100065,11134.836315949553
100700,6738.059479887936
100178,8250.187110437279
86072,18684.038742405555
89071,5908.8578719778125
76027,11899.099634469481
84394,11602.622864282563
97989,17895.9545036705
77527,11954.52966206032
89342,11682.320045434124
94118,20275.02928667856
94468,32240.029396008173
76061,20557.37271084361
85744,9936.968864348964
105185,9808.38093817648
79043,19915.27658947688
103948,12417.102874733331
98325,6384.64815718972
77056,19673.659216071443
85262,11909.599815661917
94885,28245.045471162768
92436,43493.56029933262
105339,10017.928587663851
85288,11460.39062869938
92944,29612.663755479396
83145,16568.181449374246
87905,12668.498575034526
89188,14974.191712562706
90245,18727.888505585328
80370,20990.169709921967
92165,32264.452254821983
91638,20695.218802118936
103657,14303.252085065837
81016,21472.080678706712
103792,17492.578293823346
94815,18522.53045764594
78957,9975.242093828601
83141,9397.564360742635
107365,12630.144280446704
95563,24236.44378520969
76918,29062.35375565068
87215,14412.795132177045
108328,11527.069317931486
108027,20307.00612370142
79325,30787.110852977003
89545,13512.133917141276
103967,7170.355102789539
77530,32294.761765293213
95330,31091.343370036393
78671,-5913.340968435245
102103,9942.554001898803
80024,15380.870705306523
89481,12311.417919248652
89138,13679.776637535939
98762,7678.298316708999
86166,17593.017569641903
91396,17931.620052709208
94749,29611.744069778484
95788,20113.14284612325
99730,16515.930251748297
102801,14851.354987082635
87208,14123.5468814167
83098,10129.96418116348
96015,24819.548262397
107970,24546.12414166775
77471,27611.89605400178
85822,9359.00809544215
100518,10011.848591387694
97282,22215.77185198529
107193,7087.315135535544
104825,7505.796958571846
82687,27554.254074398137
83026,13173.470662126218
77470,18883.51291926829
79254,14645.533537151872
108020,-289.2439314770854
99103,8368.13442355728
78665,39543.15463938695
86932,13578.288010760196
79269,16624.589676443236
92024,37875.1282465805
95652,26718.51561896759
96170,8916.526587921586
83586,15377.485104077867
100804,11861.30331246259
100758,13946.327102802381
107628,20263.57248001352
108337,10487.742356827825
83175,16004.949332306955
90838,6144.273015091467
102741,16872.3238249919
81263,14451.872334549924
97071,9764.05339216697
95004,30768.54819335611
107019,19953.82039571101
95503,19856.65381621336
86249,11972.014333394356
106921,26152.615661052118
89972,18950.865594830262
77660,27805.280315394983
77328,27441.337914080228
98264,14178.251134711747
86800,16073.81290607857
76661,20102.26636218829
81734,39523.2407227768
84741,13451.03246517769
89926,28731.3980501949
79502,12976.405674091951
96963,12846.360087989733
97855,28155.560729405293
86877,20691.674559366566
96814,22100.89390405399
94648,34462.53517569245
103104,10224.92394616584
77999,23494.305978294236
77500,23607.911673642862
108189,12232.920949090561
107124,17085.97216758323
105320,18300.52314714476
84589,11650.116384780735
100502,-720.6695569709809
84272,20219.985973507464
90146,5528.095776535427
89016,12400.849400126852
92360,22570.73878581148
97341,14950.084509570512
99635,13277.928058928694
93758,21566.276197096413
104345,22314.55004391893
104346,12995.467340158706
103219,17943.48447451149
94240,16986.473517154554
100510,17658.873750226616
97788,9100.243147622848
87877,21063.58081859178
83993,6613.864617043233
95268,30815.961691943052
90857,13592.050266760914
89897,18990.090349950347
103642,12297.298491280599
79712,27044.00482801854
84733,6742.092772597334
103510,10037.264506775538
82151,20087.462946934793
89275,6457.069086817963
97022,22950.619667021892
89964,6225.418075058558
103169,14054.799908812482
98586,13440.13505417758
78199,8048.958078371148
78507,20804.346469866723
88856,14883.156220365458
79309,13297.675147852911
85685,16486.090766043253
76527,17107.66749127704
81636,16218.427474349432
86638,14017.946751936463
106517,19713.45663767977
102023,14631.00727329058
91620,38974.924431997744
101886,6287.3426288004375
84887,14217.619671319917
84751,8219.131668218219
92613,25067.191905194402
91825,24581.75236569938
101895,13887.260919994036
90560,19206.206267129284
105545,8543.572051035222
78700,20470.299322003284
82886,20659.006643114863
105649,10861.882708135867
77577,17879.645470405158
98003,21328.757810797182
80537,22950.922862832573
87387,14534.40198920426
97626,6427.306411025349
92948,22831.229790187517
104000,11967.433537110757
78385,23136.65532702131
103301,9859.104118027097
100102,7216.046370258948
91401,16525.595118630063
105726,10956.374096521835
108002,7060.117967138067
96055,9139.267512974991
86533,21842.65827585372
84966,15091.42258578803
82750,9980.28373780577
84780,17070.5587966626
99760,10701.987311468321
96353,23455.369762619153
90252,22707.768321896765
92114,21596.080488246207
85641,13603.816273214234
78846,32357.36880839592
97479,24481.84518741737
100657,2219.238905700069
92553,24483.338271748587
87684,7319.817417136826
76579,25854.82363544192
104441,8213.806394641506
102915,14511.018845746348
98255,13422.163803132858
84716,12257.833999294864
85426,12837.313377923107
76829,17884.547849326515
77899,34729.24706600107
93875,23257.86182001346
94170,32195.806571820936
96206,18031.981625853514
82777,16865.44562529184
99399,9288.575707948134
76017,23753.90644394899
78785,18395.310049764674
104195,8155.005078224645
100767,12804.81613468204
93500,19386.528431457613
103248,7554.166838363015
101828,9078.66454028714
93209,26032.2605155484
96665,7815.595147546643
94208,23031.990637631796
81789,42886.119145929675
92578,23797.78377811469
84750,14821.44907602802
107543,14745.591385272826
83294,15867.291872413676
82408,9038.75108588819
104836,26917.70628290788
87366,9884.535070164413
100488,8497.191260459855
87296,16125.3819750217
99820,6350.775899353841
103856,6893.639884605205
80536,24693.29408014372
95407,29230.267792483286
78024,22152.407118272375
88166,18116.595396197357
79046,14603.644105392568
100829,9202.797488728127
99250,12207.123207489472
107164,7210.324512095001
83857,13448.727927094935
90031,23430.14564358874
97531,28314.022330908403
78237,17577.513371942252
77205,19637.051520574016
84796,18433.842577427327
79769,19911.24398929738
79899,12335.833605365024
81570,26582.47119384043
96209,8953.032314895438
108012,14488.176382452235
83784,12548.317323532223
95293,27884.067321096067
107894,8827.983608592429
90118,8046.8622866978985
81548,16149.537105288224
91246,16878.164590756445
106066,27073.959353056976
76349,57792.378296900475
84792,11871.756115758293
94792,22119.195043036205
98772,13244.596831441064
81023,27794.336929849844
92760,16710.34325946611
81049,27468.562915345876
103697,11806.055942765946
82248,26853.62165713284
85475,22660.946459789433
80927,24733.01068247832
93520,20280.767917826197
103034,8734.586278041972
88006,14656.6143494376
80697,17433.267055890876
89565,17523.25070080028
106983,15544.540351709707
76042,23114.05318652458
95214,23372.41218075283
77712,19379.19631113934
102226,7423.764994123123
106128,28437.142145411213
94347,34146.60343921664
84176,11546.097841058365
92633,28878.810279031815
89147,13035.660886498641
76200,17630.102099329015
91972,23793.93113505571
95624,20875.392127529703
88237,12260.046450174272
90626,17715.848595481173
79402,28351.405330234385
92751,23638.108912076117
93494,25608.797009988575
77785,28137.86311001459
108502,11446.830531180647
76356,10800.964991651797
90256,12791.409637548917
76286,20555.76395389324
98835,22137.26334831391
78799,25756.47387524459
99864,12249.848101421783
89317,20869.638952754718
81235,32064.594788929408
82980,8016.935626392904
79032,14398.620176240085
94549,19979.919404741093
86872,11153.637279033119
101730,14474.889513073516
82684,13335.86316769458
99516,7882.203999051428
80017,4005.514883345588
99863,16804.198202684966
92792,36105.94950093129
100593,9576.915876445091
86135,2653.775030751207
78870,9390.442014803288
107586,21766.41417055527
83757,13665.328208970484
92765,25297.265439983472
84890,9831.182504525514
108290,15263.933980744348
82893,26073.59325946715
89660,8701.959105379443
105543,13090.24919898186
106368,12420.266515829135
81799,38081.50802051007
102757,3020.737774984551
87520,7166.009791037162
85172,10223.9203175277
76593,18258.188424996144
99431,11851.052799192825
104403,18769.315269273513
102932,14265.020430924335
81998,13853.740922133737
81391,9448.451758520447
108151,15232.456312549897
100164,15877.623676660092
77950,34761.320511319354
100416,15162.134888174554
108237,14488.227045066742
93464,26969.689820835032
83899,12714.324797950714
107184,15883.077145052557
78001,39391.728842379074
98816,8021.515626168908
98737,21622.268951789076
105432,21494.16162396391
99160,-2903.3384220908047
99195,-11101.147863916613
90337,8001.282578143269
85546,14486.396562016562
107128,22137.686726858767
93327,27461.347187217678
81501,26002.81647067279
78485,18566.82610251145
98491,22319.438368832656
91265,30176.464700361852
97185,15741.84732040418
95708,21642.072681130114
92269,24067.181137967957
90122,15307.730191680406
84219,11861.32305974449
95920,27175.794556538545
82679,14443.831266806119
105174,17677.13485946334
90879,13991.335092277026
77507,36490.532193155166
88757,12496.902549697303
101256,6196.777404254681
83426,18881.393261939265
76075,39531.02821763399
76871,21344.525425106
77695,35974.857107110685
103555,10943.954694672058
94893,22616.948495959183
95836,18876.826051953412
92061,15212.343638799532
79710,12159.974851157207
93899,15421.810370806395
83299,11442.925875431025
95620,27480.81773932092
104279,19809.159887307593
83705,16355.71333478293
95472,26615.787240203223
106260,15936.139830321783
76886,14908.687778622705
97248,11795.924248342642
80660,19122.661814118106
101333,11698.991518614584
89360,5010.379589686323
85450,8931.474201246281
88836,16082.38154710723
77416,26600.78140330664
79577,25343.948097098328
98503,3170.7354900991995
76778,15809.391526303203
93681,18310.731619740058
98418,6139.302022781936
98615,12943.672447425366
91857,31342.444595409626
85059,12478.959165977896
84064,13989.288101383747
83511,10081.111739908923
87961,12236.739855289354
89756,10994.55929093772
106904,14932.191918779803
78218,24814.38398675949
91503,23565.89731900412
77126,9536.117158883002
97801,9531.769335565124
87474,14318.415534020663
77057,23697.46621703623
79478,24008.128825029096
90041,14630.248903420097
83374,14392.519731508113
102094,11169.053467026963
103780,20558.11725322102
105079,8753.394945290342
80462,27821.340034598692
101705,11632.574509925851
105756,24084.703570068887
88993,11987.038516449073
89593,9705.32504607128
86338,24161.388926999833
77853,25952.73970486732
92077,27358.406826290757
102494,7022.740931828041
92534,34055.94514888867
78971,25742.67623516764
84687,19002.885691630894
88376,11592.607085549374
105707,15995.33229741833
80939,23992.65914194363
82258,22765.8923006587
104917,8445.885090385913
95086,22913.575967360775
79275,19272.968120616075
104721,7194.839724931826
107939,20451.1470823976
106703,11306.987120412607
107820,12814.223845925262
79947,23737.273418795387
89961,14309.238396146717
106451,10282.448806030998
98821,11200.52857556116
77748,31034.52144464715
104802,24244.28451679465
81481,42165.869537540806
93544,23787.46448825483
89611,14003.297854270346
79850,28630.416987306555
81466,24615.517405302235
90668,5234.77293159004
89743,16556.90729898714
106672,23178.79922965203
76030,17661.19202915493
97231,6398.760946817176
93484,27961.02786758284
81393,13237.684619133457
94369,16015.715701173738
93507,29225.701760047912
100752,8280.28730829565
95565,26183.149227116304
98749,15545.52901247123
99634,13879.879092976676
86127,1992.7126314780653
101842,15702.844055776233
108481,11410.236036091097
82863,13682.592010465341
90043,11825.938181815724
76857,27732.204140441507
83241,14706.09888258535
103197,6935.167438653352
95458,14980.707071317387
76515,14905.625871451006
84987,14361.289311942879
80199,21700.790819808757
77835,24042.20110847867
80809,13081.494566059324
77245,25799.0213657489
104828,17432.5948765087
107338,4599.827456809531
78811,26496.344383470703
76708,29150.471152731894
88559,8689.890481666445
99380,-1645.8330559429924
89411,7014.9582222854915
94532,27036.08630480105
88046,6238.1151796180675
99155,8035.260366783548
80986,14848.835583197266
96122,25913.60827390012
78618,19260.25692134893
98205,-2206.2271883860267
98995,24345.778566329638
102432,9837.606281215947
78709,15413.423903720653
93586,21962.603436284087
98147,11322.00063799478
95468,33760.86414497913
95425,22367.842130575205
89106,12050.187596887381
85764,15304.076048032013
87674,12368.831258843271
106365,29156.788724852697
106263,7758.567860724343
97423,16273.18057105578
86855,16338.781265953861
101637,7181.810410245107
100129,4793.926301466174
89346,10372.82872062732
80037,3889.956946594124
87439,6389.898888994398
76329,57323.356056913086
101234,17227.111764423207
93715,26184.78457829042
96728,20509.744647890893
88023,17268.514277485527
100289,15246.927479341513
93685,14719.613397613182
97301,13994.846568911707
100588,11947.135784458318
78240,17398.654636911593
91194,29456.68425319605
78088,20583.329377259648
103811,10849.856866127968
79852,17532.937217333987
77718,19406.97296019965
99968,5597.967022434346
82937,14726.602006012638
106774,17809.048755034393
85107,10138.60706837202
77329,24674.68235779162
106498,14874.650825911029
80946,24584.474724147065
89630,24747.64642635543
105995,24696.384321954985
79926,43806.13490501269
93982,18344.19084687378
95152,33216.04106042051
102460,16036.074764131208
86797,17584.43851781556
98696,18400.7309367364
87491,23066.127955355816
93185,27883.81016331293
90910,19772.288902675486
102510,6560.978040995427
99707,13104.44101929267
106468,11400.199065388426
97505,15919.546830185887
85240,16869.39226095305
89795,25387.280557259728
78677,18178.283871266653
94311,22969.174285039677
79406,27804.945406898813
85528,21220.371435622812
95656,18412.701623389366
102783,14883.0865337156
76191,25641.279883053736
96193,11214.575174563262
108352,17797.56890688466
94226,25748.70365721129
94472,23441.16753167509
78628,8155.914192605098
96861,18378.152559018625
89698,15552.625649802703
89021,21057.10199199838
98919,16401.86513126586
107511,26645.729593207623
104317,13796.429757649872
105587,16544.79896256437
89244,12905.445925819222
108221,35581.28038333785
104558,21800.284150926793
99691,9983.359784658582
81153,20410.17827460627
83019,13809.547968753177
84699,8094.565529762411
92354,34524.661494021246
77258,32103.421652781668
81991,15733.537392957962
99191,16263.090454738438
80072,19596.725876361525
97195,22780.672603199353
83104,14633.619736312488
104712,15835.248951501324
100443,10345.412613705877
93443,28559.159137319803
85543,21231.160916872985
82977,16396.82708944338
92597,27860.248071264105
89182,17541.73741331452
89737,11809.837970829776
103093,15131.211519761811
103417,2312.9432144843595
78550,13720.502679903428
93081,30224.354888864214
80992,13516.400833209507
83725,11883.327940342126
90755,14044.883277244302
89727,18129.10702636688
82723,14251.358694130726
85046,7015.901558912499
105507,22195.251273393143
102497,8618.649659701778
86897,9197.528973197153
81522,12723.354394161706
106201,21149.949523627125
87615,11717.756411399165
84646,11239.009243777382
104296,22493.26923465707
84433,1010.1311964297493
101470,12971.199111092727
76641,27619.887827848754
88265,9347.624195960945
101728,13283.049575421448
83541,9470.817602339961
93807,27715.910661651236
83873,11856.208430346014
76785,45265.30995341402
83629,13049.370738189189
87576,17396.09240683381
93395,21229.132908695134
95537,24318.748969430784
89598,7210.479237767771
78074,31665.138976281483
102980,13266.249100018998
104929,18135.729985127575
97395,13159.41294025032
106751,23054.506984657528
101628,15945.490646580296
103613,15500.69060261058
103641,13113.57648515299
95834,21255.87569119026
101797,-11892.405147767411
80042,23651.995351284546
81608,20504.375983065183
86535,14707.949374582513
98235,21642.472077884173
94784,20801.823172542954
79342,11064.894957626126
97906,22630.289963777115
84622,14427.40707247979
85948,19621.51945721298
88274,14951.787467671256
92480,23192.63562349407
86378,16350.367760563215
107558,13678.371430840774
88531,13038.856741370642
103681,14073.952765472352
103559,7180.807271168946
102821,13440.659443207343
77372,29049.588176972964
108078,11240.435443229575
96014,7917.594097058314
91072,20778.148631054526
78981,18164.93697727589
85860,2951.91187847328
91538,22486.365446706313
100904,15502.542345869584
83903,13220.128507612557
89075,14274.530340625082
87210,3591.3057514818247
95405,19891.060166603675
101957,13864.292804698931
91384,25010.437421598566
91816,21324.753831975235
93271,22195.96332780831
106951,17612.81185478823
77457,18236.401145705742
99216,13290.56834366518
106683,6352.017985688803
79593,14908.61331466203
92575,18473.353762612027
106332,23806.66841954714
99751,12515.208741381655
97844,21581.207807207116
90776,7818.38826078477
107788,27792.787908885133
97552,11206.597469626864
85396,11225.242679417777
90072,6305.978406702328
104380,10222.632635724685
108171,15414.401782945224
82534,15795.843046653412
77917,24639.582347482617
76212,19203.976383569425
77975,19143.044197171
96718,25833.310051798428
101250,8194.049510426683
102875,19838.296030393794
97385,10570.071264397275
93943,23958.256510982206
76389,19349.021475286805
104653,18348.720467278687
85000,12544.229531481853
100844,7050.269296480787
94384,37970.41477714952
91625,23867.541082326054
92124,26829.795254664587
100983,11168.324766208356
97669,23323.877943177886
76674,20445.005553299216
104012,20896.630777334994
100742,13414.481851807857
97937,11652.231005030866
99509,23503.032161369207
99834,10075.58537265372
104037,15776.925695724836
96369,13827.595870429475
86125,12803.595199198211
102999,3335.0507691796956
85473,11047.366012564878
90508,8006.358259987384
105281,28404.36119762267
90368,12648.33717749679
84029,8527.740889584366
88603,12300.913038594917
102423,5338.036626024148
105253,27564.804953636383
76230,19627.44543644947
100316,10723.417516627997
102553,12952.531897407469
76308,32966.18266595084
101348,10704.240798920127
105689,26287.3640021122
78347,25893.587945429026
88127,17575.621722946373
97320,14033.857692460315
98421,16481.837563817055
87422,12926.610326685837
90886,2977.2463132371413
82580,7029.073945965341
106420,8825.983510312028
80218,13665.770918012386
77197,9922.211903145857
81116,17009.23649884065
103847,13794.753445300485
76611,26503.072867198414
80677,14033.975958798892
91546,17105.39054482748
83706,10577.46104383266
83288,10663.434627158917
83664,13618.873879090268
81103,25333.932801406965
104136,17382.28537661329
79754,24188.480103433467
80794,25042.425096137093
90027,5351.781027426578
99186,14958.056796239796
79957,11863.540710048437
83420,17299.12160310183
106971,13317.00163841087
88929,17151.840742909328
79354,19318.87307172886
104624,22030.93484906221
103631,-8271.029605875952
106329,14537.828590334911
94466,27426.427923636646
79495,21955.55860767104
92262,17687.0186447588
103626,10134.443891010105
102620,10573.094404740204
103026,11739.723694977165
95440,26554.524755453174
90675,8077.140673419664
92169,24162.117032149967
85598,12856.528836671892
93980,17228.11681582504
89884,6869.046224844955
100361,12226.865310729827
95314,22308.38388653582
102984,14218.454721745547
97290,27090.462691120098
88702,7901.838747067683
79250,23744.41239829394
101218,9440.029511784302
85994,16416.435829639267
91181,26149.437589703215
105974,12896.273542786601
92222,26341.13243311308
91691,28156.91037621462
103472,7977.2889583686865
90116,10915.980827627343
94185,26233.85173612225
95705,25461.462986822415
92442,9140.357022570272
83759,12073.535521230835
106311,25806.502496622837
108531,15465.196837740114
88487,7116.253972578041
88956,12613.005498208924
80477,25390.03634869135
95422,15581.356881519896
77410,13819.13584605724
91873,30787.063849279864
95274,25365.442873813416
90023,9127.864624415462
77204,17705.48486128069
76504,19860.16081081056
105902,1761.8326468890955
81820,17402.29342676084
89405,10722.3314618218
92206,16324.721830114495
79328,19602.73238094662
94971,21302.886089781074
91185,35239.17080663584
103332,11434.279660514449
105983,19717.986238958896
81775,19719.86186062566
81946,23991.482038849637
97846,24060.73492154971
103884,13813.273547374396
105182,9991.482995700966
76148,25079.058794366116
99255,20733.549880038714
87785,14116.148438912933
78903,13345.6771684616
94578,28946.237086922847
107853,13653.679102554423
76717,28287.786005461385
99052,11451.594695885953
82390,26783.303206300603
83676,9656.636421799849
87748,20815.015823347923
95443,27755.298778325305
94430,19649.667991830276
83886,17305.607756645913
78492,13921.938269806287
97540,13026.89047399024
103167,18224.78366422128
82621,14098.303654385356
88729,21383.329587321477
97779,10236.454360134256
87179,7782.524032684472
83693,11871.756115758293
83068,18348.4937456445
87978,11662.70224943234
77547,13105.480419130472
104135,10816.131384639913
91838,24025.71164755495
81044,18652.850923331844
82100,29873.57598638112
79196,11772.211234659047
103420,8577.680406112222
84430,13269.624582960496
95116,26727.509902790684
88758,10124.9286872804
102600,15847.557346681948
97943,22855.365707573797
82923,16904.849180648656
84173,19433.914897642113
91455,22807.24010988858
104107,13125.244817668896
84031,7264.579321342444
103307,2075.92518359522
103516,11572.420480935605
94534,19454.46388852766
89498,18247.469231144823
78100,15191.510732051878
86728,11149.474705012155
89787,19857.696277352115
99604,5835.7834630419675
87920,14042.260647111969
95679,27913.82934932481
106342,12234.948082253237
105013,9434.905677797486
94526,22392.196262768124
79217,15716.317557501146
105206,23110.239279324935
80930,14544.111139080516
101748,13359.246369164915
108486,12873.801334324406
93949,29091.301747271507
99658,27019.927277046692
97561,17836.49485152853
101617,7185.033918279649
81330,41609.27705028338
101771,3520.645227624478
97270,5062.120844051187
101595,14888.61678384947
98215,7765.026157155722
84007,12683.132927387564
92680,25374.32596038441
78992,18081.959829186682
107596,22455.57711207125
77206,14783.573414591334
82743,13568.264999028259
83701,18959.74419044877
99165,20182.21171779984
94432,25387.454061776945
86548,16812.218623128305
76397,21396.88284311629
100070,4098.6357779311875
103513,6672.3768067351775
80091,22432.60105663998
76782,21945.53026728631
100886,9943.459569075108
103951,8628.37852366177
87351,17126.59025888014
85974,18485.371093258203
79314,22316.554162516735
102475,13079.89484615543
101614,4110.50413254293
99033,11540.264645288225
97666,12395.337071869058
99253,13119.31394495099
91658,23102.443489590572
82007,19540.117638854896
76687,57218.82962767934
83921,13613.071729214742
92186,26430.369770494322
85865,14610.728823661766
78521,4321.136283881089
77902,17024.50851655632
101697,14229.131640615242
98102,9061.803779287779
88037,12748.147885908618
87226,6588.878891883474
107492,4942.810056555829
100723,6039.1464926582885
78581,16919.17463610825
104777,8296.65816820473
95606,17344.806657947174
101145,7253.6314268021215
98544,7812.632922809555
96417,23127.395800586397
102714,14054.799908812482
85830,10455.597244236944
80541,25549.02751940254
88142,14766.857032794082
95553,27791.77755442041
107711,9220.809486526112
82572,9590.937225925722
77820,48285.092898945426
94456,20309.56632537055
90433,3858.3245186321437
78161,27748.131327773688
98322,28930.470391455514
101884,9310.094838826259
98723,11212.47636575114
100828,11124.939302634866
100612,14367.030240499378
78754,17426.355176764082
95053,34497.50308393349
87293,11527.485821240885
83679,15782.321888332957
102810,7637.639231146142
103021,15670.157101530662
90497,15906.975593012166
106798,13444.243752062113
96234,13252.748317069458
97962,6313.841323112498
81585,9452.10553359272
101255,9641.156330627371
95824,20389.503154766517
97053,14940.607830102548
106657,21733.041389094506
107453,19961.711393354162
77979,14151.224353907284
93717,15584.088457337684
100424,9760.159610243596
105579,24411.352272017328
85608,21295.760794409616
107878,25220.599693763354
83229,15804.411687682074
95478,27326.039799560876
104405,21987.459565330137
86681,8548.288875913968
81901,17857.770621105374
77806,16031.225762298218
102650,11376.057722767073
80845,21354.64704017449
77445,19486.754569327706
79206,35837.587481147966
105219,18149.492438834997
82665,-1715.0340918853508
79532,23417.006086437374
98125,4744.636232787172
77147,20188.03215831936
84836,9807.667389567563
105376,17902.685344306257
77343,28835.36342996149
108114,16360.85973147485
94994,12934.241890440684
88610,5101.745300955492
99609,6807.607132773232
107243,22004.33435971943
98829,18486.102901480663
85362,17319.898045353162
87409,11658.529452187871
95322,24304.725842901233
86185,11493.635351099074
81792,27617.041180825392
84113,12423.466171824177
86139,18224.0377615624
84719,17701.87322032268
85120,15775.829873564102
101693,2167.0357794871197
77413,19131.09734882647
77179,19581.24570614039
91580,37434.82428889812
84116,12416.028763675662
93025,33763.63908591347
105224,7385.369308877242
102854,12878.051812544494
76237,23430.10180054178
105595,19986.73376923485
80155,31734.521289392924
92056,26105.658109513985
103229,14368.504629429688
98783,15559.147707587821
106357,8754.722232713948
92305,28471.18716008353
96312,8814.019346342975
86890,7488.185636124475
93354,17838.461128744177
86898,14566.7648783581
76058,18611.782210317113
90555,10790.109187078
107136,14535.540815467564
107052,25351.032603237276
76384,28304.087646755146
101670,14986.881015829516
102438,11079.716557575692
81063,19241.376836265117
88254,12627.954072634657
87041,10148.181644694316
84909,7615.553449703977
79053,22158.071147436553
88187,9015.64283803997
85814,13169.552836579576
106396,16765.576322008506
90460,15875.252247157176
79261,19882.02636037537
105167,17956.523586593335
84047,18366.574231706843
96771,12599.709420791958
91074,102892.88525075576
92357,26907.413307195133
99588,11326.953155286577
78138,27866.553291584052
94328,23445.060207164264
92019,14041.370473878153
77557,24738.117933550282
83024,15635.207400038715
94888,14376.338638414118
94193,27674.25353297227
97909,19187.813914722057
79111,33435.35821285328
97936,14495.643568672695
95276,32944.781899259266
107815,17017.841375899505
92806,25391.148796899393
91317,22918.187325517218
89507,20088.581645325386
97462,17707.55016925722
93693,20116.883576613698
81331,26918.32683867093
77260,46617.095979283244
105287,19000.97214266479
86064,954.0222827197795
94906,27933.85226702192
94965,25753.184144166717
105863,5194.714516258078
96962,12765.625889353214
82573,13303.086429609571
83271,9908.315752714661
94624,7988.29378390724
105014,24170.48815782056
99965,14054.799908812482
98009,16128.376120818992
108442,10595.390111005978
78211,29018.551819005115
87609,-621.4236863440019
95639,18699.857824852254
83389,13446.91364705401
84086,16173.806588541465
105956,14724.208140869256
108384,1244.564011001421
99053,12827.73496396321
85503,11762.689322391798
100879,3037.3820725466758
102238,17710.33183189113
107311,21766.984069724236
90740,8874.076774557227
96463,26514.712903102605
96521,27476.642635473872
100020,9193.766748120015
86048,16743.211831356693
90310,18901.942779934336
95810,14489.589389271145
106809,3871.9310440288755
90420,13380.013746353627
77189,27008.058177204424
103940,10776.217226982375
99054,17520.385551714724
86669,15587.44426347013
108226,8568.229619967096
107731,15544.854797252045
102410,5797.185369700688
107012,10306.639837742481
85117,3764.950795396573
89298,8540.904020316662
80880,21889.311384488425
86954,14286.436650990936
100029,18395.03948949956
98943,13948.592965265343
81089,28519.83224039124
89148,12289.49701875187
98024,12970.4664751035
84621,15324.567790077106
98748,21525.050440600528
106824,19639.584699561554
106049,21433.046048624143
108266,19471.129387158013
98763,2056.5441224061797
100238,8772.62194853677
107279,12135.347456718262
78188,46968.9605411574
90443,16700.430697035572
95384,-14883.199434325266
98928,22483.26449638979
83992,8108.761282858231
94914,22364.212891306503
92340,17443.587284256784
77677,13858.066519964166
90840,18809.417179101925
106434,27323.0990203468
83736,16081.562847384881
90022,12703.222759481527
87633,-1690.629698355442
101312,15372.413645672661
92614,28423.79795051161
79410,12319.602764714216
83220,10835.418390188934
96064,13621.239873267332
96470,10146.4554215776
77247,9457.648086350073
102732,20177.73842757348
92569,27454.577653041913
103467,14160.205154680643
102976,6050.439899517698
87220,19016.21178821589
82183,15533.913320536229
88173,13857.888271421845
94227,25627.789707420154
83048,18112.086176231864
85320,16453.674972723344
90217,14773.325521136809
97112,14147.489942451357
78246,9828.165695121428
82000,24668.819022134037
79672,12869.838361231275
93499,22772.153294683532
103355,8403.32456075069
93334,28552.25876602519
77302,14912.529077863404
87100,16677.83130232539
92568,33797.31508472162
102148,8564.939135495453
81098,22601.295978737013
77544,28316.32224389114
92644,27924.394961900678
95996,27919.79540248418
79138,15917.167201861086
97082,22893.238822157626
85843,10682.27383918883
103831,10286.383631341036
78047,27019.40650418224
99184,16587.230778473022
83023,6713.912823063507
100629,6410.965972144466
106087,15224.267876967073
87161,13003.89928543639
97572,10124.990470652152
86106,18510.99669963085
90163,21987.15829413199
95623,34706.058128542296
104349,16014.98514381434
84422,9366.154224689904
107061,9997.207310783428
78175,33925.394060732215
87468,15003.132044546439
87136,13249.842400821217
84238,10387.25346294395
85432,11849.633730542668
85363,20188.130750429784
105017,12324.557462630091
80633,26160.765594825156
82273,26377.60285029968
76668,21811.009503532503
100970,11863.60826987899
104985,9472.945739209288
76457,20027.6845676202
102241,11309.88924051846
90884,8911.372892313913
79706,23593.269097468532
92608,22292.01138794955
86284,10779.18084389518
103990,9074.638183493018
106152,16882.026966662303
97553,17233.93179443475
106477,8201.159354961821
78423,28111.39572816152
82766,16159.309507727494
77477,47408.03184323727
97680,12869.305326388903
96346,15373.331884535719
104141,17117.459833194986
80807,23087.00590866458
100442,11520.858118881155
107029,17998.777927541538
90213,6311.977805668848
88434,18878.31135151948
96441,13376.830348293732
80102,14790.04772116606
105520,25378.310754034937
78279,28774.334217840784
95023,5377.506046430943
76739,25030.11710452445
76776,29475.39052034964
89754,21401.49338104447
92585,19784.48612712919
83197,8901.764184178483
99947,14541.626127881527
108399,11127.067166540815
99140,10264.756113275056
91454,10137.743701583237
104130,4357.601797222374
108320,14595.506979316302
93440,26285.685163156253
105567,18725.975838831688
89460,7500.377132466019
79662,24629.71532182089
88491,15826.405788751214
77034,17237.14222391634
90404,19735.611583591948
76014,13446.087619646329
104971,10305.09597920234
92516,17913.090717468694
86856,12540.157391243989
90648,17593.372056741242
97201,11578.441930801946
79186,24128.05061653364
98204,9694.062594789464
82568,21029.901776735813
97595,6500.519969975261
101703,10511.304461013528
84202,9848.8294883903
97310,5369.096849422451
105498,18800.259822583834
78896,32407.41188083514
106029,17175.29188961551
90047,13887.581894690642
83277,18988.603617458582
103503,12037.474390193238
104327,20139.912975431904
78026,29663.072726992697
80909,25236.733701018344
85733,8060.443937309759
103986,15253.400173778125
103236,15877.623676660092
94181,24912.058198287228
78518,25343.613140575064
88239,12664.402610304503
94503,33408.318140428055
76074,16469.011145345674
94424,23352.12950551317
97663,18918.72054330947
82357,22968.02765601113
92631,24928.33161238648
95482,38866.62351104205
90697,15364.142777206034
78798,20734.485838648143
103348,13832.026730561538
83659,11221.684333347728
91108,9998.462729203304
77916,18773.2115172946
106086,15521.45024555508
81928,21310.050319731665
108406,12986.796709728083
89731,16405.187324809944
106178,11990.847222649747
107719,28768.423878313584
90633,19467.630310597073
100003,-1053.76963933375
98978,15722.606759270746
88009,17201.902355591523
96631,15217.782093277074
93628,20795.365772769743
87288,13818.928818854834
82057,25585.015806807663
82925,15616.805377014432
100038,12792.686591972539
78420,18235.04686880234
96271,8687.305539787067
97966,17722.49500238476
96110,12452.539654158982
80393,15619.76313002911
78706,19123.60681328144
107484,18140.321764046017
103084,12080.303471637679
99792,6784.229830113385
93476,32751.097686717938
88975,13167.130593794078
83981,15426.206465326024
79492,17756.88223549124
76802,27916.366691280906
83781,5042.236482068376
95719,28126.6303701008
106177,24703.181788413873
80626,29728.608546087933
76158,14072.37971213526
91434,22117.61835244175
80463,24524.799776628115
86263,16584.164427551663
107666,21705.893832696835
94262,25865.06163746183
103501,11051.641315265233
89996,18149.882969770686
87306,11285.61622354632
82265,15866.740802846925
106825,19128.242463556395
98851,18398.141348182045
80547,25849.088642788884
100440,11815.625965281506
103194,13126.712769072758
90394,28411.89390455402
86111,7454.469245411277
88528,20547.016431660202
86857,11088.96467387012
78099,8611.195721535649
92331,22589.26580786343
96016,15839.051127553565
91750,27171.096703714094
92459,26262.794621387693
107321,23589.80477510153
87091,15308.188547405854
97925,-5468.468204755052
81737,17495.885341229092
99093,13052.494267204558
99531,12714.963013538167
84423,2054.1749230464266
76406,24261.279632300622
107350,19691.881171175635
76326,47195.28272025385
84338,24184.260438643294
76577,24512.53378292477
95385,16470.28186044656
90391,20720.499968959637
107624,23667.831291769995
99241,5835.673582180498
80248,24089.43581755751
85295,16420.579579392463
96343,10419.766295160594
80926,14226.602366229414
94027,22599.623595250367
79544,20672.992147444344
84425,11476.136038187138
105264,11774.290654957178
82643,8430.55934322787
93474,19372.217462872417
107072,9921.82176272352
83519,2894.042018647924
85962,16126.292725782198
96932,28440.066213789025
100759,10367.23378892136
107022,4276.031976523442
77012,34915.7778069295
100651,4512.220845049862
89430,22843.04934102041
88981,15936.007147149752
95740,23227.601902199447
101954,15482.640113930522
103408,4687.883011527938
81304,11703.011918220383
108421,27810.59604276465
93532,23727.279087528863
101576,14902.373776326676
79931,20333.205143681476
108176,11074.032207816608
84455,17898.92784472073
106797,26567.147628126466
76513,22061.929422867273
89674,17845.305947950932
77722,22442.569397199542
84754,16708.91429021201
106492,11511.094443795417
99242,9271.176262320612
107569,14954.708050243033
94320,21876.518891689942
82637,9836.759776236155
96550,19114.763971022476
105480,18796.698282543653
100624,2035.2642618986029
89114,13801.288073801337
100866,7381.836813923219
81896,17522.249120356693
102689,17903.232284816786
97911,9662.594659758715
97099,8168.598172487593
92071,21530.00975654709
95849,32852.37493567067
102903,10562.190025169773
103725,14872.473827081678
101176,11167.853097894851
103887,9535.358280332297
80921,24016.8376720366
92266,22517.021604245896
106467,5566.897435410825
92139,24884.69125079233
106826,25401.98571530863
88193,14501.170939121543
106211,21430.865369472252
88612,15718.882500166641
89179,16900.694098812404
80004,26673.94067625451
98225,11360.4874706815
99856,21799.895721507753
87150,24042.44549904969
94786,29082.07292803436
98471,17894.728645835625
103319,14479.40484410008
89393,8864.249760317678
85789,17135.940689677565
97761,19823.641266245857
101800,10110.52996178954
91588,27908.719250041235
76096,9147.846164205066
77378,20739.34875791692
105010,19601.33097404922
93587,27607.905523539343
90171,7589.085725630604
90438,9305.179416388395
91148,20107.70293440175
91323,13561.33768448071
98577,12822.084296057743
77741,15398.516781069462
87789,16492.35359998812
94742,27711.96192653101
78295,6113.537232432625
104797,6447.8211268647065
77425,12792.12012689186
96208,15889.451454754206
100731,10753.209040016212
93163,32721.03595250091
85915,8484.031340784084
89993,12446.20370948092
99626,24396.136540154537
78228,22649.8080684556
78779,14236.902077603338
78654,21612.591337651585
82947,20675.402002550672
99479,3340.243829328334
90585,15777.63263369257
79933,21680.894261152353
79287,23408.719980023758
92899,24901.251539557543
93755,25260.120474823096
92117,30941.02814702451
102417,9427.947300763342
106587,26019.762419415092
108201,35301.29334148052
88442,7079.717504167573
82673,11407.14298482268
104223,11759.210476229307
86036,6633.82340608919
93425,26646.787949024947
96693,10038.444887210648
82050,29924.795850912673
99460,6741.465236355667
81829,30096.431219235645
83925,13196.70289976662
94041,27366.259543425007
82035,14658.834035804523
107368,7724.887066280138
105591,32078.230686420302
107782,8694.6586986419
96340,14907.99642385589
97566,9626.029212511352
91719,17005.153727960354
79210,16232.48997467686
89898,11155.3056233828
106642,12276.098624742077
93485,20885.983842265596
98774,16368.140846850307
90967,23821.730410497818
89550,19762.527383241566
99247,11656.150042102612
99897,7877.656790550118
91394,25331.867969006358
88135,3676.3674233620295
84111,16763.704008125245
91479,24928.922747283123
82622,7819.488340700886
104106,25817.050542394856
77050,27153.572671167087
105631,10894.653001911083
86427,4249.710038628718
93552,36550.01428936234
81830,30794.500323221902
82034,20888.192962241217
105857,16979.948480644085
91623,32202.472538533264
87886,16992.777023064038
78123,-2793.796043400078
101951,7234.824510847662
97543,12200.023624131909
79462,43717.14681653156
90234,-3765.2864511391963
81860,24938.58296870334
87045,4464.070842794736
107162,17254.656140970677
90414,15829.017834824785
78353,25800.612826343076
90940,28361.379930096147
104123,23843.450361203097
88330,10359.451015650247
84769,4154.473734328651
108396,20781.72519667325
89556,11517.639450613906
91348,15309.66506189606
107687,17100.271912029988
90777,21045.132001549697
104801,24056.84693787444
82951,11389.785881327567
106440,19744.714588266634
83562,11002.094423424092
95283,30663.326122158414
84042,9510.895154483482
97883,9768.898451416686
101997,7175.293273350027
82566,11419.426203107741
87497,13193.10850907646
79697,13238.151729632878
85723,20400.00604649491
103511,13676.490204538664
101075,12244.746791084926
108424,11203.640879290404
102011,14798.528135970162
90054,13552.803798885405
105933,16163.79060838263
83807,16672.295488755062
77338,28351.035755768073
96060,6065.457701274208
103133,13972.965456419499
76548,18257.081471482958
79177,12714.664594294234
88937,18937.354575214646
105216,12106.488573933155
80415,13480.556610963853
89404,5843.087429402332
99503,16614.980597584185
102640,13897.257925795337
108003,23326.646109566103
78038,13403.747155374156
96267,22569.254962939725
106361,26584.17197746151
90046,4114.963952766697
81034,20111.73286670297
77832,22751.138144473425
76482,13708.612368130252
103687,9890.81244181597
104148,18551.45113542547
96008,11651.767631882081
77464,27683.240030681267
83612,17629.686161175952
88727,16432.82868620203
92881,22348.83100706224
78787,29219.442510831035
92593,18422.879367524263
93216,16785.937799163403
108447,7994.904780451612
91746,30336.040438814423
78670,17266.263675650218
93142,28000.136238551066
103515,12313.025051411503
101254,12233.530595570739
103532,10677.673561460071
95650,21483.391608083824
100251,15188.40640897366
82597,9174.53746407622
83045,11119.982130772143
95764,25576.92419570331
83685,10546.36951102582
108088,16562.247468971327
99800,10481.855582198597
104273,9917.951668063464
86860,6690.42351691928
103756,7817.638105785238
90038,8333.654949661162
81692,11719.778866660297
76875,12780.594701849488
82474,12563.90908455248
84165,12634.01741087896
92416,23539.488144731367
76486,19160.625024152538
83332,15864.642805922816
86362,7273.401945590227
99000,18315.987863076807
79474,9754.749377058833
81625,19009.13760490152
84416,11587.464759619903
107026,34455.765229041586
78888,26219.125773938944
91402,15160.434687818573
104996,16573.80315172337
108161,19203.519186416168
95547,21518.129157647236
81861,13934.063602395836
77574,29993.36755650767
88480,12207.336182062772
78311,29308.631843950905
79130,26921.02313816952
86087,21357.820786309683
96083,8431.31063202659
102730,2886.079947760907
93459,27360.37211093036
103121,6127.414704342838
106519,12028.595943133318
90685,9481.857918419495
95357,16366.480623645592
104263,-7971.569444751174
92978,23975.95958434383
85290,13179.823184912759
90632,9666.907451164445
105283,17909.174537343377
77070,21258.88278787273
97304,17703.440363861053
97350,23731.816129889587
88499,8738.066622806804
88773,16354.219718456832
97413,12692.602677562987
97795,15612.961528608033
102571,-848.6694426844806
100395,7844.817865464778
83692,19524.903837883026
88058,8781.323482735595
88108,18806.312220139014
89818,5025.245448080965
84732,13096.167013511396
79794,14506.35235435063
103320,3287.5723411089675
91794,10632.073533301016
83061,15215.450054920118
88593,12841.173717277434
100252,9532.952183192081
87177,6292.471861745522
108018,9239.234417790598
102667,15744.576431566857
77541,21828.408398023745
78985,29801.18167058901
96495,13148.959590703991
91698,22812.667906968265
80282,20013.163727932795
92825,31647.601242687433
92684,25205.927530249908
93840,31809.578621346664
85266,5916.652025616586
96656,11055.35621903924
87600,12672.285483123662
106994,6428.356312785347
101405,13915.979446557896
86756,-710.6658197051947
91439,13677.688583011437
85088,9014.364444786344
93892,20176.172543657784
108240,18077.699021604214
91934,25422.01983898126
79263,24181.207864091426
99012,13921.842524467529
99507,19536.848466715182
104775,14605.69413565618
76783,20611.76707937119
98630,4048.5324134405164
105799,13919.296115415367
79687,19012.282263824913
102242,13908.346897469419
104987,15329.841961836262
76197,17242.279400621246
79819,44065.21411367823
105059,14392.125807447619
103748,8158.998754573486
104789,18735.204696312834
107740,19494.29393349335
94310,22244.47821326423
95974,23300.436505553433
78991,29430.431919935687
85346,11408.926782624938
104905,21081.59444387861
84858,6345.308284740389
95021,24646.57736385828
79234,43729.83561665783
93929,24998.100766597076
93964,26344.16121796364
102327,17831.333679373172
93930,35179.6886816934
94220,33602.77899407217
97355,17284.64538056467
101356,15871.22973709282
80132,43291.675284157725
96537,11856.628902714083
95767,8540.077405365562
102780,12524.642052059224
98549,3458.027904598406
91031,32098.848721782266
91922,22834.724041757538
92327,21635.852429659284
101273,13973.794806562633
83564,11588.771194037767
93121,20660.288169677307
91848,34830.76997645429
99112,11444.273774352341
79484,22060.138827197337
83792,11845.807133777704
88337,22472.86832630518
98896,2818.6572859782427
82576,20570.141796880765
85186,13244.426784171537
103570,7016.793850954558
94806,27803.5678188824
107394,5721.989944453142
106891,9796.991749506784
77508,31724.85296654569
78851,33461.76321897612
81113,22616.040397466313
85437,14894.401156194908
82280,10157.986315453898
85886,17976.29013631594
79625,25150.04015985715
95239,35405.917110066424
82313,44458.76662813137
90789,19579.546777253327
92484,23867.541082326054
88349,6837.5058929993975
87936,-2973.8434954263503
96057,10738.849909246204
102286,10220.758174552548
97187,9071.594823018257
85499,7107.433206085661
104015,16551.32045366244
99732,13381.49468904484
87915,12792.953027806789
81687,12802.720188845484
86009,22830.235685170213
97444,10676.036664126379
102004,14452.710019443075
104458,7228.630988198454
98519,6005.366444804446
82785,18750.310168537177
103479,19969.39658658216
100675,12786.639948189708
102764,7524.287839286115
84770,12600.16921457999
106124,5269.55356780976
103447,9226.532556570713
101681,14269.46353116144
97714,16206.837053749685
101446,14817.79237699109
108526,14834.501118766328
92403,24398.70986410159
76218,48582.952096931636
81456,10497.370295866345
81297,29126.77769223166
90637,16409.242559365844
90327,7489.054222946259
95775,17092.67715881278
89328,10799.449828444134
76281,12376.310411965878
105285,24457.731750899246
97967,17202.7620381746
103677,5571.668545949888
89371,17863.762665246184
93864,9972.737794952849
103191,5064.882018440632
84138,16307.850852464953
88931,22232.35718558526
83174,15740.26391304482
96700,16170.469482573484
90557,7930.087861404052
106224,18955.072604999426
76032,18539.13871278149
93904,13996.467261625618
83233,10400.382982366868
97166,15683.145760361778
107008,13380.59150224844
98411,7654.6479438593415
76898,14859.924383847549
77335,25247.344613570596
103661,14577.787365250184
89251,21934.301723668934
107278,11733.643276383827
76306,25699.995046153912
95821,27461.347187217678
93738,27758.157700372074
102085,15339.057059799465
87697,15133.315581977742
95925,21416.983445158676
86432,16655.309523040443
77843,9386.855442627737
91784,25565.690901542053
101658,18408.49847233118
77139,24720.265329294834
82509,10610.90810237591
92105,26058.402237736707
89714,14667.437155779915
104701,18507.57362378421
96529,12443.58720902206
86466,13497.493817835602
91745,14948.975027967528
89336,13694.64914910262
77392,4810.928748113543
107821,25896.52710060793
96431,7600.187782031378
96177,13016.403872583745
103091,6134.018060731898
91003,21726.903030623507
95781,26147.222516952133
96216,13785.445767374233
78178,59683.36560280162
108259,18512.093067360336
81909,6607.058074020535
87054,11444.176513111463
95949,21235.10463114566
84912,15820.998690040306
106750,10472.30239633959
105535,8236.296683449307
104790,10541.02994568839
82394,37379.35157527905
85536,10800.771967494726
88663,11116.772368609196
95114,23929.166047032628
87720,9258.649844442662
105355,4490.535449386862
82633,12790.362173592763
77178,21966.970795171044
82650,11700.728766800734
88354,18344.490495934788
91594,14199.443344803716
106838,27418.24974728771
92201,25414.339783933512
86903,18052.080982991956
91790,30241.57085295657
89435,21512.24247114662
106192,10586.202289117722
100291,4234.874157964678
80263,20748.861893846733
105259,3841.8693658220127
90581,12522.495184023825
82168,16268.500637333489
78900,23723.75494142806
92927,24035.683210537816
86035,13114.47703183478
82812,2850.287293393125
90960,19880.19901034854
80564,25057.840705768205
88136,15512.759709856575
81598,10321.669324465076
84515,19803.699093450952
76559,25242.996736686022
85602,14276.703461054454
87221,19235.223108453018
103271,-5408.904737521596
94627,-22907.844922335993
79016,13536.096119388532
89875,19172.287334957844
89037,15807.83800278126
100203,4913.1682704155955
86521,6714.191061040963
100287,6325.122339086694
100028,13002.632231873413
99993,10821.207067464915
89572,19069.85669954184
89439,9716.51308886052
105686,9349.49843982531
92939,18380.05079544317
94055,23271.480263051148
80380,24602.428876524875
99967,1922.475761896596
95543,16427.655190803278
97455,12855.976756276497
77160,14413.652486634444
105212,22727.420328583383
100236,13501.847422614359
107291,11775.481072176626
104571,10467.192371474226
107474,15333.001199881022
93115,40951.330405714005
92068,28494.059043781075
101225,12947.463838811082
87087,14061.879262837305
98133,14326.502256219557
108494,23649.404066310635
93501,25826.820688927724
99785,12714.979471955376
99377,12324.853597678692
104791,26754.530688828687
95521,25262.31516496843
98752,25735.086873325086
100191,2686.1506665397865
86298,12078.477672880388
85617,11853.49799302953
101651,15441.108820254292
93014,20659.89511274939
89934,7993.267650082278
85334,14692.769862819881
97879,16259.439422838994
79690,25608.408332059676
108126,20837.40290376959
77117,37950.02882011302
99027,16639.55066217246
102822,12315.207468842233
80603,13205.296687235583
98014,6910.4223023241175
77131,46283.705093021345
93449,24116.737064319626
96996,16563.525976398196
86682,6264.664726248513
88766,-1017.9009351545938
89860,1583.7271081596264
103646,6366.4870672417455
97690,18698.963353228835
101168,9753.319248125299
106415,6330.72150646065
83711,22725.418703050906
87996,15976.032901103103
79855,16757.418653488894
105266,13140.168719573454
92717,35140.38298890139
88833,16463.2697766439
100290,-14109.791747159317
79845,13133.346112115087
102781,17721.65187141523
80780,25751.936297048393
95643,23390.516765001277
90478,4274.086953698854
78919,38001.98522723937
87599,16625.507065455866
83576,13887.387081076526
97582,24955.893664980573
98560,-11147.89596625528
94839,21334.319293875855
79584,31110.42213363106
95009,32700.967103552488
86194,10616.642904108558
81291,19047.03693506258
108264,5681.131882452533
91618,26202.79240122027
103987,-11640.494012414885
98687,9583.474967479546
89683,10358.689812909768
80178,16400.539780099505
85041,9242.04421578607
85795,7089.865723919374
92667,26775.81580587224
88648,12256.024634875077
81003,23919.498800223897
89530,12323.121875335626
89343,20539.9343128345
84383,12980.112145332852
95447,23363.861330740358
103195,12832.639603233316
87916,9785.95639264203
79701,7264.798603388268
78939,32680.141491019185
90700,8786.265660148161
92770,30268.864212054694
108076,25326.3732987429
76716,23556.862969833146
94223,20116.791988844445
97551,22737.658906334178
92126,31635.586452252504
92616,25903.47761489479
101680,15470.763187977489
91237,32653.70238720215
105108,11855.62322333809
96867,4913.6465283924845
89088,16163.03785241201
92402,22387.83702535011
94049,22426.26916427226
86720,13025.357917930782
100554,14388.62422396448
102551,14623.303357503342
88297,10691.779376007937
85365,10693.721829640666
82994,8115.767735712663
79914,12707.066949905517
108258,20427.588464626508
76068,15324.091538397111
82252,9439.370489128105
85769,19986.393623223837
90927,34430.947595697464
106917,13471.764903378056
97051,8586.516147503084
89757,8313.082531969485
90517,7989.672897261553
100679,4532.642278275165
102698,14136.777492123732
76935,17035.353077852455
94802,27063.611326302278
106017,26643.444962191872
105400,11088.322412124462
107120,15617.005074060573
102046,13748.215505034736
90067,11370.974409640487
82781,14125.329904644259
95277,34189.07806228683
95689,25364.226737894336
105027,19962.08248615126
85236,18804.252332176176
97380,16293.731701073777
100285,20140.275001277183
98812,12179.476160239183
96265,24206.96454270786
101336,10073.44043796806
107335,16226.158008503957
96385,13505.397978040277
78322,31263.29602941488
91805,32008.147036087972
106808,14785.22805775188
91272,25107.39730615191
97409,9716.60836520408
84801,12584.428931959967
84783,17178.883644608344
78594,22912.016458543367
84618,14195.557280441619
95162,19103.486582109326
87803,14534.210698096878
92565,15283.91723984007
107155,21126.500555662275
93075,28337.010980826828
102973,7765.617389700417
89247,9171.027461024329
79555,21546.83595919843
90326,20063.94219046543
107169,19514.80566630891
79268,20591.13425421652
99954,11252.611221728628
80374,23223.10341188273
101695,1084.1225046915788
91260,38114.07698936644
78376,22489.538797993555
105554,11371.754194165358
106897,15456.140135037722
88890,22600.950098864323
85043,8745.075829001875
90014,18833.236428933888
99924,13597.124421942215
102210,14661.479131505963
102041,10363.658623370142
78082,39566.04521409099
106653,8860.235250829815
85042,4735.529358513806
90502,15452.864769999698
87396,18343.45266223742
92489,23523.504372226682
76383,13863.472254769955
82522,11760.066705776739
89906,14905.716830400886
103260,8526.742816335614
78162,14451.860945236975
102594,7581.136298611145
103841,7704.673544700974
78789,20254.47920302734
106717,10146.714722710749
88775,9629.626120812598
88109,13842.675494848074
87997,16781.441586103487
88027,19825.554728318897
93890,19659.707787246312
94101,21718.33946554175
102675,4505.020544545121
101475,12036.99706805836
80558,9202.09869494782
87171,6394.461599078768
88266,11950.03765158308
101850,15945.097589652376
99649,17851.414975760683
105512,14693.007465477802
102290,14245.882261641265
80390,22001.799199440065
90266,6126.6821747650065
84938,12366.866688548573
93151,43930.2965093356
95267,27043.620124819252
92188,24546.808868341122
80014,23771.974218278458
103390,13752.7164308268
77627,22841.37487679223
104741,5871.3253137453885
107297,10545.212887786434
93101,24861.265057888286
94142,22112.353048442055
93814,26894.582717565674
92300,37941.86889205496
89616,11064.020707617598
102876,8540.456056611374
106731,24203.924159249662
97653,14291.935058836243
86484,12521.658652969909
97041,12138.406476578879
88263,18859.425572105367
79035,19786.295486466854
85171,20031.90429896682
99949,11357.242975940982
97528,8126.176562974177
89333,5663.878501828964
108420,15538.626226859284
103545,13004.64131489119
87578,12120.937843913014
89794,8151.261622774087
78220,23591.28867033373
86074,11469.771854429724
82330,19859.597558054007
77108,11111.26498825182
90682,22805.21650161109
105643,35540.325757696795
104819,25425.15290152561
98722,1388.3473449418561
82464,13080.86756469009
80687,18192.801230294084
101340,3998.4717293727463
86763,15608.165083397806
103549,4638.823447912993
85520,13548.023955297092
95658,33911.47483407925
98745,19215.762701899694
102751,9747.616668332128
86044,17729.968535513053
87791,8879.850888821053
85907,8730.131238068516
82976,16255.003226114151
87738,17185.095585458545
96035,11556.622162839005
88577,14535.931968433059
87932,1958.5495937859232
100197,16370.425619216017
87983,20362.03674725782
83455,15903.002216707158
100627,8894.269654207494
108491,8087.098518140172
103896,-4784.642676892003
100166,17436.171898341214
84224,18293.749049940336
82279,13397.686258492828
102695,10220.125794592188
91730,15299.313337677833
91520,22859.305915095054
93441,23755.040382705327
104061,15198.681781285377
85328,18949.399991626266
78431,13748.13933583358
89987,12379.144205092676
89785,11019.007431854354
87524,13646.449125736075
105313,22472.292401839044
97204,23789.861208279235
81190,26365.039243169158
106185,25329.78823161519
90483,12620.92905684081
85436,12886.994539037038
89422,14872.20725629639
94943,22236.941994531335
84834,10438.758995671826
104864,10733.77501955793
104593,19734.47752886454
97614,6654.202030043953
105794,11320.14738821179
87647,16984.006019745513
79445,23018.142452546956
86179,12600.36864982701
80653,30060.0449942518
86987,11012.570803088729
94399,16677.534240913643
85016,10408.250596597245
97822,11194.251613583547
78119,20178.033649129444
100744,8866.647266465294
105979,11309.220405615608
99994,10464.604466482077
100774,11812.085397232986
92935,27224.711108228003
98288,11359.992895637612
76583,10860.655614991383
83919,11210.993184908299
81696,31619.216538185636
82491,16220.894808506306
105912,8800.48316525518
81324,21286.782449164206
76616,26462.880102165178
77437,27470.524270846723
87372,12330.969412159358
92668,25934.483760263578
89936,7756.671144805667
103228,10831.686942784238
97587,8874.981034434952
101465,13682.665097951867
83831,10688.675498476197
106127,18802.69312375205
81306,30177.400946387206
90977,21561.002307596973
104439,19835.903317334953
93212,18978.63340926357
102209,9509.53354467325
100072,8619.129837989572
82518,13702.368064335624
103988,-372.4410076230306
89788,7837.897904462328
81061,19350.529267197024
102430,6548.516610699729
97938,6122.872243194874
82243,24701.95588426677
98210,19111.0115190812
108342,21447.26632651389
83764,11333.943041111379
106233,16801.850459386736
99659,8647.821057909976
99142,13590.596715315634
98655,14955.777066057859
108449,16995.2513129803
104515,7760.888007595597
97931,12016.247027093901
100995,8767.133845369752
96070,23739.434370860152
76333,15392.617476995612
106307,11415.912818715657
92092,20859.569772879666
78883,8504.252006184935
94921,28838.18335727891
78172,35273.324765780664
96430,23934.710952200596
82844,9947.994354127728
82378,-2470.1114511335254
105297,20158.704181165485
95050,25906.7608749451
93124,22145.694391981702
80112,22566.339426579674
86478,11357.560058054944
83917,15425.817893832595
100721,12985.492551897147
94123,26138.17375849723
100693,14055.435667567122
106688,18985.41327603071
102131,13019.187476921477
99935,5467.1082266055855
102108,10209.903582164541
82729,-3814.078177574451
77495,17561.61953434137
98827,15159.930834419605
97526,19079.103314090175
104954,9914.656017141187
78155,21185.075328414776
79469,11768.259473974798
98055,10215.443248585418
102443,8606.988834525388
91468,30543.10282844278
96944,11364.939189075127
90974,23410.646794955457
97294,8349.35428664726
98347,8126.147380381262
96505,15969.925221403797
100542,12062.248303010121
79348,19876.472993438216
95285,24636.986774817025
103440,10668.056183787276
91432,26638.169311569804
84815,12990.322084618387
88959,18921.114003550527
96017,24314.964142528486
105760,8687.16451795285
102874,11498.900692763418
103528,1954.320392781654
87558,12939.172555211855
95691,22850.660308323986
106122,20868.227862472824
92479,10614.534764632113
106673,1994.2653157127424
108143,25195.72117590223
88298,10489.685516390335
102149,17627.13998762625
87765,18487.09092778604
90258,14234.245836592323
96940,12693.698527048266
108032,7297.619098293177
77733,21475.858843690134
90186,7770.5853600540395
94702,25646.27927631723
95120,27480.71230166437
91144,15751.302127894953
103053,8135.780075808447
99408,12763.144031317497
79533,26221.73206573189
99369,9938.322970275498
105062,18863.563120343024
102029,14127.501348624817
96368,20173.726171861115
101066,11375.883182897225
100088,3203.7574647385372
84869,15821.097542798509
100736,15877.623676660092
85981,18194.37773154771
98872,10438.777801988368
84037,8541.79194163132
89217,11522.200968306941
89775,21075.099490755925
88379,21328.58663157349
80011,23656.807944970707
80836,23445.688189280245
105215,12752.69943057222
93719,33294.60256510823
107968,17728.064166480915
98967,11593.120758316338
85591,18092.433329835854
80478,11203.385748516994
92882,19430.33932426831
89721,12526.489529841532
101878,9111.602710846852
102301,13295.020867142757
101408,6715.820925439362
81446,14731.900563039453
100045,10264.221272673538
82986,15188.524211865755
78772,23406.034634623957
78208,22544.36778996796
81689,10076.657209754241
96791,16942.518418028292
79141,12142.017476029727
84271,16077.583834747762
94879,23354.424334174306
107759,24275.438188448417
83675,8886.817312959662
88258,14429.162909926563
96976,18027.76327673031
92824,23489.868496026684
98414,8034.809473125646
85028,12003.020765536958
97506,6722.4815002599225
92767,23001.16470638862
100210,11163.285016057918
84470,13455.12025722806
90627,3728.011393772069
98768,-1647.7829464381975
105263,10144.623735083807
81662,32125.07445591472
93787,20221.321423790807
82688,8436.15832240573
88923,8539.00139615967
97463,9909.284871270558
93008,21171.01429792601
86807,9073.963201900424
79997,25459.097826075966
106742,18233.691312803116
94777,13498.332214712875
86594,18623.255771462565
82991,16453.977566762976
102203,5989.006488185847
103539,16266.978173249072
96264,18686.90506413809
77721,14440.307627028007
107801,13971.662974224355
99511,9900.417481947561
92801,22983.134114585344
82658,6711.580385477522
91732,20502.750952966897
76557,26660.1741686717
91314,32891.24754567654
82198,16445.566800967994
100607,15501.942814176135
80984,8454.79651321601
77901,13967.061985128747
95736,21084.739494785368
86809,18878.655852190004
78288,22627.66023557535
101339,12722.178034440423
87249,9432.436750114173
82143,29570.179890543077
83850,15421.259794345473
106952,14362.352165968408
106504,31336.128763993365
87341,15509.886958662699
94165,44443.72683305951
79986,25460.295291237795
97235,13230.933446042478
84860,13563.608662051767
94913,27884.994849341358
82439,10408.250596597245
83066,18588.79258382173
76993,26791.900381661537
88803,20620.757812145806
77506,25062.24257439594
76456,20903.444691049954
84599,5183.43200580831
76680,23706.333128394075
78685,29643.958899420933
80310,19716.699380674865
107412,26409.290261153044
89792,1756.5446802959195
87421,3430.698812715611
88821,13301.48258372354
101930,9234.000638201196
105822,12032.071715530714
97642,15402.208454882864
107339,11181.005235728042
76550,20720.826863773305
88272,6197.308059001163
85777,4983.42727194916
104995,15974.294439112035
82640,6550.351806106904
80887,15855.248742743393
105022,16086.687306252665
79920,17328.837531118894
96724,14824.159993621266
87654,12914.195313024295
80242,29903.965396447096
103464,9673.607880713458
99537,10283.979330611859
92524,25211.754957457393
83634,14459.83519089949
77597,16914.760577231176
87830,18894.779583712683
87700,18286.83801688654
86513,9887.897990811165
92891,14332.58125391147
79513,-2607.6224543486023
101087,14755.046059914042
85729,9460.09100104784
107672,28993.74320596306
77549,33177.66633383576
94307,18970.454481487737
84500,14152.372221285168
98867,9555.253480054875
103039,14095.936691231178
91192,25128.9887235945
82205,14002.441382292815
100369,11420.017150116986
107529,15846.479029501008
106073,15841.205363318259
87934,8540.904020316662
99978,13456.603935181793
97512,18419.993891996146
78085,23918.388176183813
83329,8704.672464851279
106679,20349.879078636026
102680,8754.005743977219
100260,18165.168169754703
98100,19913.90877161275
79452,44106.93705522948
94814,24043.35812517215
83431,14311.900799537034
102298,-3414.2676984222308
86411,10228.756958703554
105783,13257.384526021742
79588,20430.56829493789
77976,10381.166060871263
103387,17162.018118366443
93070,33669.28551003268
108393,10075.803993390942
105094,17494.557167785137
101152,10729.835815754423
87464,12486.999845412283
92410,15706.254256093687
102395,9138.330581945425
98531,15950.375016995426
89945,10745.188852806372
102454,15749.320616095352
104729,16611.619326006665
89493,12375.987319977954
92058,28371.28554494147
93884,21424.71907165855
87594,6437.753914986635
100891,12491.925863635151
81535,23956.144146795574
80847,30019.75697145399
90120,12517.597188788819
76004,13644.156339635125
76670,17412.472537540096
82018,7097.906226964622
90007,16662.44983233203
76604,13120.318632322975
88324,6633.77585514493
84260,13355.68523592496
104662,18126.380691473292
80740,20278.786794915985
94973,20625.963448516926
89099,23878.034673142207
89528,19997.147937225203
87947,22196.180293369944
76967,25880.067155243734
94126,25365.727292378953
92187,35158.03436431172
104140,6896.228069425006
80573,18453.720926906386
99372,12851.988496819758
79790,24784.419227744424
94392,25772.82376857873
103573,11222.954120156546
96538,10211.197347287482
96774,22865.642636209726
83631,14429.08429854098
89532,11876.883877636988
83991,18408.07166081462
95769,27887.431802294464
83263,15614.689828401279
87065,10682.14413692792
107642,15538.866867939389
85968,9031.787415934483
77321,19040.657154796223
79237,24540.835577493206
98975,22901.861454096124
95590,24943.339861821056
104906,17609.33688049722
103289,12094.93836643576
82134,12208.801705370308
108432,17395.46978524305
79361,17029.84535618065
79283,18629.669082897944
108270,11230.60902003157
100333,-370.46325770763724
89059,8282.391388090893
96852,6621.037561255027
89651,21033.06579539914
82856,2180.90877071449
103072,18412.79128617252
108315,18946.55561115573
95664,20719.709566788322
87882,16834.23269033567
81682,25445.79271189402
102981,-963.634718670688
104776,7511.021700794854
97621,21164.548125890462
100451,11641.596894822382
94393,33060.423333629034
87416,16696.279628263062
105999,8007.9997430924395
91075,-982.1293910068562
104390,17732.162829372166
78471,37426.24522475934
91077,15121.405647001535
81733,17107.018266457137
81475,25749.638637070304
89546,16040.902164013514
81968,19151.410422184716
82201,23172.968160868168
100703,16299.290371566323
108173,8763.13365097144
99283,-6039.493707673053
88618,10828.648335797701
77172,19113.968899431664
105813,14769.968011964575
85410,8856.905839461517
77665,16757.673216763094
106427,13173.384788072568
100684,7442.054169020928
77682,107027.39102939167
106196,-11172.830854877106
88627,21216.183728456257
108029,15504.883487752451
80142,24339.693907903275
101534,14672.167795557345
106737,19410.456622874677
84776,7223.968939761533
100686,8741.421701106365
100393,15975.30637866988
95593,26014.11653126849
106482,26602.17398476025
82594,18757.564263262397
95052,22241.97770196799
77581,27453.729946206695
105894,17638.888923053943
98981,20148.48514619552
103791,9839.228893059575
89035,18049.660697701896
78988,40289.57522916624
102284,2173.1345564937365
78961,21462.547914428753
100824,10904.282799091707
80563,20555.333784980423
106006,23975.469493860885
98874,3093.797135522378
92004,27880.92055455741
76541,501.70843645805144
76087,10413.45414199795
96383,9912.562887334203
89403,12102.841617150705
85502,10803.278648792566
78453,18346.590847802076
105672,9409.34514697322
94086,26335.434284858566
103223,11715.626483110742
106894,989.6035632509884
104079,16174.41147515751
76659,48066.001574070855
78970,12430.74375732483
94467,10444.640923257884
106317,14730.890108643898
90990,21534.614010220845
85168,15836.460954160073
85329,19213.747528464195
90573,18436.033911876162
87552,2159.3592218881386
106650,11025.682215728079
97658,11983.98725533042
103443,10595.098563798452
108293,11056.720635119678
106230,16517.046375753886
90762,-551.6019735206792
90385,11187.652658458512
92892,25878.726675679696
87166,12950.999118537758
88217,18516.87226698608
107357,13746.288943089141
104588,15650.47177385409
106711,24412.720620331642
82117,26220.69452467394
76811,24150.481505553544
96629,14194.8538634959
82497,14420.381411771192
105204,10562.412242567249
92020,24224.91841386957
103534,10552.351791541398
87801,13086.154067584888
76388,22309.38704368637
101512,4282.934566036209
88523,14286.247410934782
82847,19656.43837803127
96295,23635.746244727823
104555,13748.95414134772
82459,7292.675290761981
88896,12727.69425093066
98912,18347.373004028515
87904,12815.092742766748
97899,10815.97914899033
84404,11975.03027806737
83628,42043.795715386645
98240,7273.06514681632
77405,46572.93151992286
95241,22162.622902788702
86588,14361.067444507571
100568,6641.8688099531355
103330,10947.20598873464
88168,40895.72260136259
99695,7638.3882065283215
105415,27215.725897135046
108291,10600.629591215224
82483,20039.06355252674
76215,13300.299052077597
95883,12405.518116362731
93944,19907.486083723034
80545,14495.484693742752
87133,13826.202001163594
107929,16087.543452708407
103594,9245.568886208373
98090,-8062.6439290283015
85950,6718.7110070639865
97817,23298.817554661622
80349,11831.58526178327
92065,26221.67744428749
81419,24735.14422350013
103547,15700.669447710421
82647,16362.866970871077
103287,5946.765740270719
92620,23162.43306355028
97818,13307.988459004153
94762,18059.819271693796
86986,14829.228525776456
80244,15564.578560086604
81808,25752.048986125996
101955,14787.129485060477
100277,8280.242654798523
97433,9601.686916234783
101701,11704.427182849931
88891,17426.02102656974
97998,11020.807333307068
84676,5095.456390108768
85102,12573.284120710246
95997,25264.711661903464
108269,19274.847770652315
101745,11411.928446661463
94167,23696.16080038058
100965,-1972.188585327367
96695,8189.083509229866
84077,11272.627111813043
95666,28939.419840026574
93525,34352.47159296799
86442,10835.418390188934
98856,17787.618424566743
102762,12742.630149137942
91868,23091.211629017376
85895,9965.723382060343
83837,11899.814445306387
97933,26483.716211929634
77159,33596.59542531744
86267,14685.56686273777
102669,-3204.137250000247
99058,26868.014699160754
83648,17663.76031227975
90586,16786.94984364351
96303,12274.27790394392
91599,26308.573945340802
104830,12251.860069825581
103867,14054.799908812482
103352,5104.672110222798
85911,16676.100784985996
86215,5790.3766683324775
100026,9948.82019346901
87347,9894.845584240687
95363,19649.57308421265
105922,23979.27518078536
100582,9868.013837262784
90707,12690.880771944834
89442,12819.073155089893
107455,13806.939039573346
79441,33142.449003246096
99119,17578.45557923699
84855,10945.944477185036
95694,25281.1818975086
98802,20617.873729517807
93759,22822.72655284863
100855,-3958.0269006533017
93601,29529.384608858887
103425,10678.899103584165
79810,29358.5005344839
106082,11947.518841275081
96555,11288.524608266835
76273,16840.30159310946
81265,15027.291760740558
76722,20569.507580727186
87080,9428.460467591536
85477,16560.826506153695
100688,10173.113453711212
101612,7467.6814155134525
107135,8274.232716847
82754,6751.43019160119
77167,18044.03075245087
95627,28783.211928481047
77685,22221.162526026346
81835,19283.433514760243
108459,15606.903012206327
99976,19672.52682790929
77873,18054.64399144214
91574,21475.315760544596
98487,13764.321848584392
101067,1664.5848295478172
86888,16322.338001095173
79051,12779.538303319794
105704,15228.591503174195
93009,20985.524428103698
79182,24872.07422357648
77226,20051.187833375152
83439,11994.913770004558
106093,19768.083391977652
85243,16726.501674563504
77181,17946.7351584234
85451,15921.621263587873
76412,58303.922946982806
87990,17593.22604125958
82077,16663.188527142058
86289,19041.36821863645
81566,20988.537074720713
82864,12088.050402048182
99130,10434.058511049569
96176,14168.519049325248
102269,10277.430757406484
91841,21937.60499180207
76041,23465.903510327193
104840,15013.428264198139
106253,19883.493064698043
98245,24200.079744507948
77039,22065.865710891176
100730,8658.250850183704
87739,2176.872675878545
107559,14805.34641763336
103282,15757.028441010083
76646,25708.624639035865
80252,13954.056692409553
103895,7376.507975009994
92491,25117.182874152357
89765,15695.782453868818
106652,16982.274407123143
88005,7756.818109598495
99470,12594.939886168551
77069,18631.77978093115
77955,23589.96201532803
90809,5906.136033796196
91610,24378.577749104905
102774,11916.789820421182
78231,8185.324318372153
101171,6641.868875161008
94420,9958.122262826735
91378,27067.454623447702
82771,12178.279277083819
99918,-8295.819549848286
103574,16053.114575820644
86799,13903.534600045175
94318,20222.208912204213
76950,29538.421934389557
101720,8067.393417795707
106698,22487.08421130844
103488,13574.383397263297
99153,20555.045460945443
104945,21138.744921198202
82708,17488.124448346207
80674,19408.34575736794
84122,12183.843316526923
100375,-11231.453696212844
89456,17199.691606879795
82974,14483.74970289684
104716,24675.257539932125
88124,15724.070851615186
101244,9341.704462603486
82069,11391.427292442018
98606,17659.108589191113
94412,27199.609023362664
106030,22711.868402625933
89877,6740.898282251685
83349,16770.435514543387
84253,11207.62338231082
79774,21492.015680636687
87259,10110.748232274105
81587,8742.721806127054
94407,22317.46647430671
105889,14782.927333580024
90829,14492.732340916566
90286,9999.317951095449
90162,14990.100214842421
86022,13683.526108708207
108101,21402.449294123053
76814,16315.995084862961
106162,21761.13738623369
106605,18238.203270210928
99590,15957.45744539488
102676,12478.344795294735
107658,14653.45789384362
82396,13804.119057131498
108051,24060.609855341205
92955,24987.05431741776
83520,10072.833903810846
80338,16442.80100094128
89312,7455.2553592671175
80751,26885.283343132618
90622,5583.810353578825
79431,22775.29317850765
82870,12813.23476528747
106446,21389.32260434551
96223,7419.530389163021
100491,2219.624327260459
90125,28669.188969570576
107869,18646.90582373421
78278,26723.24101121951
104244,13695.272878741343
93810,25086.408066200973
90911,25380.490594418217
81869,27315.672732433042
100472,16810.74456224371
101927,14136.488044530168
99713,17956.41178246691
108184,14753.735517724432
99764,6953.322920504648
101286,17840.292529281178
106534,7416.280122073858
77461,11787.952136007745
108272,11231.81649973643
106010,22798.463909606813
89193,15493.67269955503
87761,10999.187104708835
88154,14539.071571680764
97789,12685.439491374571
98271,7509.2137491107715
84160,17966.701496959475
80752,12609.688651775323
106107,7713.667881013425
87260,11680.513519271593
76549,1485.5577980942144
106619,9723.15709007206
93849,27253.03666476935
96045,20358.51818933063
98306,8855.742052628211
91896,18049.93751797839
94048,23384.06412261785
104918,10018.400255977356
97720,7606.419279840869
97482,8248.219170411045
94156,23471.088557752468
96469,12343.898719281842
96918,20343.189545356534
97241,5953.224304791087
78150,11814.209453478692
77808,29149.249688181873
103265,8548.12426180078
99485,6961.195713274192
77860,14095.744675967391
83834,19688.03836647721
82565,3912.993860337425
104344,25429.74727078591
88984,9355.401833798252
92161,22069.498653223152
102199,19120.67490110934
103723,10766.707218528405
94677,28136.26899334781
104806,13340.830541241196
87148,15198.363930348216
78411,20635.060322838683
97856,12286.85651581416
80535,22670.5888221239
90156,13156.755846330709
82176,32349.567321939612
76790,10705.843223976719
91762,29653.759431772563
78650,31370.10988462274
82763,15721.522701409987
82678,12257.124479928356
100137,23530.164823120947
78365,27151.194223786257
88768,9780.323380316044
80346,26471.146164945454
106682,19308.318260340093
97171,21643.95631847068
81701,17237.7912961974
84073,14301.761262365653
79549,4484.998283306308
100269,7233.3470436798325
78466,28550.579466746
80489,7677.052736680698
100009,12137.532560342857
78769,15258.587394962324
96821,22062.078075930418
107253,8604.281239054451
76045,13019.178794819332
85567,17723.50496532362
104651,10307.074940902077
94428,8930.93024915367
90549,16289.927306112975
100940,12157.295896569525
105608,20145.655401637465
105280,11292.454982137857
92200,23610.159055308108
91082,9639.063283097577
77298,24650.626742933113
99432,13023.620226564333
80426,4925.457876733672
100817,12236.060221910633
98552,14916.454973225127
102428,5949.491965774183
100978,11962.458071759378
96371,15587.570948864495
84334,9597.808673360068
90196,6471.060544964312
102540,11896.953939349503
96914,7814.158944257779
100895,9792.476668824725
105296,24690.83365152747
101888,2482.89105893291
104077,5689.416382418531
94267,27814.510983249453
96803,22501.27886402771
88905,10203.126319084173
106132,8370.920249944324
104388,11935.211589350252
92704,26851.940088346782
86345,21249.012873270225
98326,50093.58544114005
98572,33873.63177304838
98754,24887.614922825942
77794,11531.107540956342
101082,10008.15239513099
98455,14390.861151430932
95796,18692.7082047606
98861,20636.700362421456
87570,3610.0854059474186
91904,22104.777057326668
84147,14355.643258902273
79470,25339.020135200968
100012,6802.893756807149
78698,20762.800602947103
84929,14708.029538252618
97808,14584.03633305626
85299,10118.147411267828
91297,48535.043839527934
100772,6636.144517224075
88500,8295.25724106314
86077,20831.408906176606
91891,20972.36656005542
81059,22065.47012600844
91023,26937.91248294653
94693,26802.32817683814
83779,14160.728005187115
102323,8186.896982221813
86078,10772.372058950536
85595,18516.831494564787
78582,27333.215387789274
82311,28735.079020194597
107228,25024.619978543866
90613,14844.731113168964
102643,9802.835848557406
87044,16403.56610258428
94680,24939.705819403767
86222,15931.239648902128
92844,24245.158161386786
107625,-3326.3461757895893
98155,7314.4848242260705
95145,9795.435311700126
79545,21681.221202242894
86312,17281.099248062346
106466,12043.40117945063
102721,6636.837681275756
82720,6829.665556513377
89908,14919.547169666428
86593,1224.156840675074
86930,6924.08417376857
80460,17163.134049608998
85235,20295.9069600655
103331,13560.456226058799
96526,21894.54027831278
93359,20701.17492505097
104761,14653.536505229205
76684,26959.361112733473
76697,20666.956982347758
92488,22464.797270890882
107148,22739.379648675203
100685,7306.509014172965
79407,19204.1847743406
90983,20957.717272683363
80435,13625.137637476913
106658,22696.7227741708
76894,31960.663376561053
77367,16737.27490075636
80301,36527.78434530605
81032,-10223.128641443229
107900,35543.155767577824
83046,14345.7562298219
102331,11692.79686474882
94376,14429.999425010137
83559,13113.862647147016
103509,12708.107173991255
76553,19227.808916554557
85897,12098.430005127433
91644,18952.262141876552
101598,19051.854051950944
89707,15576.93767991117
106964,15777.523749845403
86117,10042.170794057405
100179,14194.94991745592
98605,27648.07470466174
99719,9174.441504185153
96764,19090.51326373645
97262,10092.897405863987
79645,23281.21003602608
85785,13603.970271715292
103444,3809.490606794383
105639,15413.065389390296
106379,24230.27643327775
94283,14802.453973066575
80195,16288.890798182912
84709,16710.80096346603
106270,20044.38071190382
106321,26918.766784975407
102975,11048.457453366882
77231,31155.662646216508
82488,4919.37636163153
100406,14651.367622156844
79606,11405.734083207433
81036,17293.577950232793
95806,28191.170317665295
97217,15536.397293055019
93696,25763.842844638355
84438,8807.49473078185
108083,15528.545514813246
94109,27718.47153219664
81873,23398.622034546843
83535,10249.72904683999
108253,9514.541475176648
103572,6599.476397933406
97782,20862.42470449647
85759,16793.080697208592
101313,6302.316569595614
98905,17606.127051252945
96344,22398.112362871634
79144,18748.40052663425
93593,21120.035518601686
99886,12156.782455300017
96085,8853.496363849452
91717,25056.142682751117
100170,14902.766833254598
101760,13897.257925795337
104762,25430.98038237624
94364,23907.083573178446
81819,19341.16936556113
88720,13042.390391254216
76810,20346.134040497465
91505,27347.787011980658
91740,27158.693352719132
107115,27958.880342997352
79860,21309.445292543187
103392,9837.554338915874
107926,6276.021974177389
98206,16283.319161805131
91551,34395.276820198065
100331,14853.412560167955
76115,22267.50826110079
82255,17000.785948126286
104007,19624.350793556536
77667,4514.8936227086415
97247,14782.63797744237
104182,35243.56587086882
84802,12571.161613299479
82517,6724.797977558275
79978,30360.838197831894
104400,28146.088143245102
98809,16293.257443363651
96889,17321.092326938193
106291,25340.35378216552
99347,10944.110379067159
101462,6108.399563265508
92841,28011.571895329267
78210,54803.710378815624
90440,19133.217476322578
84119,13636.510759310599
96872,12743.131169438217
99411,8659.525631568958
88399,15090.689994228967
93645,21295.893538931803
106472,13086.540234682345
93223,22570.216398569282
100761,9942.172420348645
84396,10036.978497714837
81694,21550.308872644928
91499,38293.086279310315
86428,-2268.094914869358
95718,20767.1621680452
102532,8079.013330915926
101976,9636.826576282157
101696,11535.047968338966
98887,8598.10098035124
88660,16314.241028380016
88640,3897.6504430847963
84379,16792.36561502878
84581,16255.4170582804
102278,11464.5755910728
87590,11661.309607134834
105244,22604.984944979016
85140,19810.422616771422
100212,5433.549459508755
82463,9990.544312077043
89649,11152.670591873615
105119,20214.289775235677
101138,11699.202503231547
97613,14099.278069292748
106323,12250.030646062853
102910,6928.209828394225
106664,19498.643372112427
78285,20206.385877135952
90102,14321.311225053396
96386,5995.698461571137
90800,9494.790078417094
98566,21337.189105960104
101815,13920.41776064811
101798,13875.891883717431
97728,15335.20536252746
99174,14197.606009394845
94250,21681.923477474287
88827,14160.437857864945
105493,8184.100684290084
77991,26580.473794874873
106003,11985.636222935811
102938,13999.233147698786
80815,18892.25560585708
102775,14652.389570169436
106108,9016.743086996868
86213,13766.955336161885
97119,17189.80559426815
90341,17770.3260018226
81713,23595.441723057134
99887,7950.057876673018
80067,41964.545779060085
104710,24174.28194813978
99374,19609.82447019345
102685,13038.511915982042
88454,10575.843594990441
88121,17955.162701303405
104607,15206.982191079442
108321,19133.100429146652
100788,15885.170369676158
79504,22045.968000902933
108273,19740.68782832568
94291,27238.603074660685
92974,23229.043457709522
98506,6126.054771310361
92238,23568.27308841688
101214,7621.1882532107265
92872,24610.57334926079
92412,16221.430812823328
99487,28047.285326444096
95246,27252.72354746603
83843,10428.150750105891
77705,19436.698430044344
82903,15253.207481476242
99335,10325.275394816708
83112,14007.491437653785
82946,11407.071178903241
105777,16838.07348677284
87013,11537.19989930778
96752,10069.99160485946
106136,19623.815282289797
79867,26623.59864746075
84377,12777.06018418118
100807,13817.77519842507
77327,30699.001282721674
90531,15168.15311456813
80907,10839.618018887708
84019,19173.982612635882
90542,16654.117025460124
77431,12174.982846771258
100648,13766.700669141203
86836,10569.079487492003
85657,10518.61450628526
104881,20228.52886506766
87108,-1730.8057704292514
103909,16941.135500970955
101363,13546.53217443911
83894,10463.036256677347
87239,17689.28871978603
99880,6954.187645746075
101105,9112.159216698094
103682,13566.276573869349
84580,20564.775510679054
103278,3933.174429807985
81972,9055.810427664142
96088,7999.2692479395755
89815,10101.512752354698
83189,14135.957180093359
93790,28143.202580745074
86893,4045.825446673349
85632,4115.224283803524
84891,9463.797459287634
81765,25930.312333952632
104808,11406.540811480623
78274,21190.844338180268
104323,14379.899888078853
104215,24303.871947067353
83258,15429.946454293733
85415,11163.426052024497
76352,18537.350283825737
105843,25017.5449538413
79923,7723.653663986417
86788,21205.679384217365
106140,9596.918990634294
107298,15803.528141586212
80097,56043.80350782851
84584,11021.456357140472
97123,12846.635000273065
82024,66592.87954384218
80482,30730.320581781318
85092,14714.679462367789
107615,9089.75527797892
83158,19058.42610227452
98377,13305.818952468482
101038,11760.898479121906
86398,11953.84377124139
93257,23010.36042360988
76372,23605.095314665406
91976,27304.462482000847
89914,28793.394958793357
102249,8103.77205328419
92223,27807.484023155495
96162,9310.384925298747
78476,33177.60436514746
84032,19560.375264847575
87790,10849.896562196529
99047,7522.675639910896
85743,15813.058940096318
100359,11644.19509984841
105381,22046.467395109907
87011,13589.70363812068
106016,24276.456305587846
104246,18254.174475167223
98535,1429.439901253958
101636,6664.723524809739
86057,18592.691481653383
103082,7916.002147499221
98076,5192.799742001771
83514,8081.57502465516
103770,6138.964671792632
81344,19796.143987930354
95622,30923.05004104703
103797,-1896.8005698821253
93056,27492.447601668922
78395,21192.552359473913
89628,9493.282511016718
103060,-1852.3857368972422
76440,22236.174192052757
91172,25359.364396345467
92399,27384.66939936563
93498,26179.706727967412
88211,3533.540074585515
101974,4538.506406722072
92110,16726.86768224604
108282,11573.354661177975
91046,20110.734265597603
87325,17204.51646016551
91442,23979.084508250282
105058,10665.323652428076
83755,10094.663303830544
84596,12073.494105653459
86642,8957.617063932124
104884,29842.383913477588
99464,16155.261214688733
76380,17783.69124416571
84398,12085.351144092481
86695,12799.902739845813
84967,17984.013079812747
91413,32270.264109218177
104536,25319.930314957226
103653,12288.149284816456
82660,7333.727390828764
96278,16932.623536342337
104281,9631.004429713466
96493,13955.167695490692
84816,16970.749906786066
96248,7088.427661879294
84910,16774.888862186897
76150,32282.93924096682
84168,11673.741929174459
91284,28550.559050555265
95359,19241.41181366948
99809,18690.3225549972
97478,12302.26178270136
90354,7060.0478313595995
76268,22912.843840246835
99017,2587.6758367839902
92966,30845.624314648187
98031,4045.499448063396
102949,15034.77501210689
96793,12346.880117975516
88706,7279.721368932531
100609,10987.457606235517
89116,10555.630993664337
85861,6090.488327817206
81217,24528.073501355648
93134,22071.158509054403
93383,23022.583408596278
108417,7685.14482658885
84549,14303.122219883327
97741,19147.81103164346
82038,23585.942537352334
104696,13783.648027040777
102985,9005.973548657657
76015,26398.866265346496
89233,3513.2662308071885
107693,8592.153887326158
79543,17795.206798088897
88941,14538.658681072879
107133,18093.970464919905
84262,8919.658923505933
80022,16361.949172230987
92947,2201.782302862215
106355,23920.465899234125
84561,2350.7050213752264
98987,19886.47339804392
106383,21062.935262393534
81784,10087.839922003615
100364,12874.259412248299
107310,35024.197491124156
95690,27701.05310977585
76393,27284.483392495287
99698,8184.228515300225
92142,27631.646161985722
83931,20016.46109623039
89216,8211.358576549097
78447,12006.624334340959
88380,15056.679017516146
106609,9328.27434182676
87906,16830.365900447418
107946,12088.337848139006
98084,14681.455701740584
86920,14584.050316557157
96738,14101.384872677003
90639,13164.11041461541
85170,24813.802515700743
78613,23871.308512169297
105247,15700.775345239193
90641,10477.193003741428
103803,10363.667266877674
101871,7421.222086633286
84737,13104.862203731867
88357,16893.804980723773
76060,25845.71022995884
96081,9128.36457908311
95771,22366.099564560518
90465,10368.75785482959
105795,3228.701702680768
99716,4827.161455109059
86627,9564.2902339229
76452,31690.790489851053
106972,22201.050170937277
85032,13778.182025905146
92339,24706.40062828773
92906,37749.53736586645
107476,25714.59624484797
98693,7632.6619671045355
100745,14743.339979843626
93962,25667.18898289584
87071,22292.7307297138
78456,13281.155299986234
98616,10112.022594039203
89502,14108.457884236992
84812,16026.927934403975
99278,13098.118472145583
106760,27255.288344972
93843,20678.01522232037
89686,12270.037810351489
89459,13985.570562139725
86882,21403.54169252609
89055,14379.794959779789
103280,10598.79410167403
82388,12930.837766805913
84322,18807.648613693942
99763,11014.388957779287
89240,7360.6167262549425
89369,5533.9231895971425
97845,12791.962759028313
98505,23074.252926926038
83594,13062.708314852167
76879,21179.58727159586
107542,9628.582933528201
80047,19328.48414266465
103396,11686.621679656055
91511,25297.02227255103
103680,8304.320086052736
90952,27364.378487546805
80329,25506.640595821103
95213,16463.203496289898
93454,21058.855150579868
98790,14696.023990526408
90991,51915.480518051954
103576,15884.698701362655
95054,19260.23380419176
91254,35179.6886816934
78354,25797.0110709201
82354,5168.59096754177
88849,12373.86238752065
89577,-2324.83590534173
92417,21449.437024435774
87390,21929.345891061792
90610,15366.243525500533
76083,28218.96162962951
81716,15748.883241090705
91781,31947.287609562336
90138,20056.867165762866
82651,7955.390469583774
97872,10723.489402317175
84809,18080.753826932825
107232,14985.836699100626
82070,16080.36436677966
98299,30472.021994521318
108152,7378.717645582272
81894,14177.911494164462
92170,24183.69743031422
76815,20095.8980906628
85318,16137.881185329563
101609,14998.04383258245
85681,12683.79176942105
90628,783.5505037509247
81278,11503.99831518748
85022,11592.156152993546
106237,7927.087479041671
99060,17027.690371900382
97068,21874.33546600472
81590,22793.456526441096
87125,7963.392476220008
86034,3596.2099880597307
92154,18471.179357408695
94085,21696.561146095893
84555,19271.258625807437
96138,19157.255217932532
87289,15923.126731416673
96099,19305.348248353872
92408,19333.23928974401
79885,24641.455152279825
77403,23581.36221435073
78502,33649.07504040432
101012,13897.257925795337
87470,12357.304226330012
85394,15856.812896000116
90467,14748.719259648899
101768,13884.58924130872
82421,12915.769564513721
85707,16569.772137728265
90630,19172.83761465693
83619,11118.104932749135
102793,9038.051615108856
78299,18858.153645094997
108074,9900.244156528655
80894,43113.14882749638
107622,12958.88966784575
89930,13564.33187716908
105194,19931.875219115384
87228,12252.182440191795
87821,22735.902022469367
79921,-16773.754818116533
85109,16756.665906446982
104039,4220.016039126158
103523,14488.311298349481
84724,12823.955548064478
101351,13766.6105692614
76444,27721.17462087574
108202,-4817.203691681007
92774,34715.996226201576
97279,17950.1776414452
94079,15827.844803552402
101938,2428.682403437291
105071,20148.72137907797
91761,35017.35428270368
79296,25069.23157862125
100769,11513.286576325298
88597,12636.97671196668
85935,13329.505368755425
100302,14089.793463891598
89081,21484.324450540837
86282,5559.271681085011
107202,8120.87863074985
101999,6225.591857265592
77135,21829.08631126382
99417,6201.27299551439
90406,22773.693335991888
94752,17000.377869776494
83342,14234.212049421621
98973,22075.92019945993
79768,27421.26611218659
77192,9871.00183056174
80500,11241.72072693421
76835,29379.123433300567
86983,12671.669896563293
97069,24480.041588431715
97193,10415.678503110224
105073,16727.581937823616
108405,5409.324015582604
90739,14787.4063787898
100079,19973.327155861363
97513,17632.87795972894
108004,25228.612472359884
100330,10579.801222054637
88508,18277.539982381113
81325,26652.684691373863
105920,18402.108009153646
81530,7479.069083503486
86776,11572.417800049428
80384,12040.895013495092
105020,17804.88235159844
104228,14714.446005704951
103926,4186.513932691523
92044,27800.110361292314
107049,8644.571871713862
107408,20094.220808573267
97280,17327.271026334714
84121,22656.642806995187
107517,17399.34376705693
81847,10958.696804737618
93671,18921.80429438007
81276,23331.80474085194
105034,21448.149863697552
82559,16063.593425952646
97468,24302.458468397374
101227,9299.248088235949
84614,14257.115348520283
76259,22117.104533894686
81329,35827.45098038418
91999,26051.498683391248
83557,13256.917430765454
82819,10581.736507361518
83735,11124.343888795986
103607,3849.631754600263
93256,27647.195407949643
89255,13590.926284685704
102147,10663.427799961953
86853,14567.967568378941
76266,15355.977475325235
85025,18618.240181968198
79566,23170.851885567652
95663,22898.141585216745
96600,7441.052983457503
99798,7197.126733517594
96922,16211.336503637198
76888,32019.024410255253
78701,27540.914436146748
108246,10539.096005714844
102309,11501.573479873276
89158,14707.155507101073
95309,22906.65816542938
90997,26503.861106148295
88930,15431.333903202933
86235,18701.96249512784
86159,12129.667524830435
101049,15935.213758973186
81773,26314.372242256366
81389,26421.947939395206
88802,11840.311561524679
85702,11030.946104484789
98780,21757.738820486356
84786,18140.543497813283
85683,11271.07015436398
77857,26369.962985587583
88429,17381.23099249072
102069,11812.167064315809
104862,13177.96975083125
108204,21785.045068938685
105476,9439.66891925123
91778,24676.78559227119
100851,12605.744048216244
82960,16100.434010494411
84799,16704.19760707697
86912,12621.097212078705
101533,-48.08050318615642
90657,10176.691942099667
88912,14082.592719357355
86715,15760.089663096047
87508,16779.58350801322
87984,9733.522598457475
94852,10155.614735021543
94905,21518.962238182034
76632,23675.638687065406
84100,5952.328609005202
95802,13713.851186286383
93740,34293.81508978819
98565,13352.60887523353
104153,11464.198338844611
82480,3337.694085332336
100660,14541.889730951316
76089,28291.502151542925
104329,11084.50946667901
76434,21868.834391468652
84061,16562.17988317767
92097,23599.426053937816
96236,13067.579884598954
78908,11259.342432550637
104602,13996.369877178358
102750,15525.907058265515
103394,16176.913847860817
88113,10074.349861583825
95654,26487.162782987594
86372,14130.047611474856
103110,13421.557877830171
88378,17477.197465750025
97704,7333.88375412071
90821,17233.751328865703
84901,23668.22859007665
93956,20436.719129823126
96320,23381.318861214713
81148,25752.503001835215
96461,21056.18754379098
84615,12065.707772927475
108104,22816.34797457881
78039,16562.930217740253
91425,27276.020052343476
77044,13174.331567342575
83049,17493.013476381326
99803,31163.826381584106
77693,20892.053704316717
95508,18724.842976810374
101593,11263.484442479014
101499,2963.239825408751
88319,20120.542570743655
107344,29194.104299641505
88590,11149.089154924626
102740,6487.225632705788
85931,16458.89803042615
77210,21477.2892379708
104732,14297.298983573171
101802,8276.153144904949
106071,11584.36025515974
107867,10660.392244727183
103449,-1089.917196331411
79433,25244.447437147777
94897,36096.40919020101
79851,18570.110519080234
103779,7509.358348580114
84206,9561.58250166596
101707,12098.333074367398
90924,17941.73628312804
92910,27670.455850751187
95774,34952.41006317671
78551,32494.2936576277
97038,14033.258163392125
107852,11671.157764516294
87639,8759.211782977556
89958,21878.261742248327
77096,13754.12235854994
80491,23606.093901274733
97835,12037.670923714122
88697,9285.74790461436
78196,47196.93355935111
100662,10641.670202054996
93739,12432.252337855243
101433,10235.64973718367
79620,11488.801716968243
98914,7303.779485431758
86750,13718.012825080707
99223,10040.536275555452
100046,1916.9683022580357
77452,25999.45982195384
104703,13829.37358880019
98198,9444.329158093366
104049,17848.354447826412
102264,12806.515451663017
104967,17782.84045948085
82009,29829.764253341884
79345,16249.32332171869
76063,29281.612218660815
92506,22806.051872415286
105509,6022.657478440036
87958,13297.39479167317
104150,19284.988639392657
76395,21786.795292067844
92933,22115.709010659913
105564,12465.321851619108
101877,16525.664689143727
97863,7033.310918859208
98886,21354.317717488757
108166,26950.847930442316
84870,17761.47426456071
105095,17397.04201295473
91461,21960.880433873623
89581,7771.371473909881
79917,10244.421783883732
86396,13367.13915706822
77190,23249.08032641484
81287,10966.027825157047
103138,12754.499129163556
87123,10197.06353364538
103793,10601.793708652545
93077,22347.258755601808
107545,28993.576186257793
99055,10129.036744820103
101183,8571.394083347348
100713,10075.713941997841
94948,25686.73803573665
104333,3800.6225057494703
99987,6605.20879969156
85251,12085.562720400198
78966,14152.412676936472
106038,18552.28485883861
80139,22905.470406509212
86167,11668.763512677091
99261,11016.82851853615
92352,14095.376495774388
106505,7272.446310433861
100845,11975.076480917442
99620,13592.265312311589
99159,18855.96867531704
106476,22388.33778412998
98980,20971.862444461512
93289,23728.629155342816
108209,14093.912334977209
83126,12098.322836979984
100563,7286.851663420119
105255,8305.85592918173
94179,22984.535334950146
90552,9503.860036927901
91267,12558.1776277662
96812,13082.940391911658
88257,19039.87618769813
88718,13540.885278900245
83854,15693.597500374131
94902,21383.119860122537
92523,16290.980622199655
89821,14563.709086766165
95400,32230.302811748465
84369,13473.828647240596
104199,10642.591420377124
82116,25326.679943264484
100708,14100.821150642132
82790,16400.620055421296
81821,18141.005164626822
88277,14370.654473032708
81500,31262.78283190135
86835,18179.09667029846
79378,31627.27568001731
91295,28942.07786403541
91973,29416.2086160956
104856,18486.77835544072
77543,18508.641691807305
108162,7728.254457636602
91217,40962.650445238105
87896,18464.910141115033
98107,10294.917707279756
100169,14054.799908812482
90709,9363.441116600741
80086,26794.38741166795
81299,26813.209309489448
96112,20209.117970825653
103775,4690.851183286924
95669,31618.212774476582
78443,16790.671829367733
83136,15068.391723262179
103945,6966.276804884856
93010,27262.405390713386
91906,27141.658302456304
85113,12178.28364228952
79454,19997.703580567828
95079,27557.303182304666
77330,47552.55366111289
83798,12285.076775655949
90237,9044.592260428635
90782,9260.923403016277
93557,25697.654589291556
80716,21499.980199472506
103222,10879.436748209046
88529,6796.405442984942
79327,18896.37785420473
103525,3904.5327311289
77294,15400.246574062472
86934,3196.105031012099
83687,10578.11979683417
101179,7151.581477654687
86285,16499.139568809675
108225,26982.035442114502
79458,21942.64401423859
79962,24283.736906773163
77878,26645.236379024922
79980,27432.55094476731
78111,23942.058759194933
96878,18305.77828522079
91368,25215.862264739284
85298,4003.7462404846538
85082,19668.557083771462
91369,21182.388612682545
96485,23109.111791291085
77644,13867.59234239227
87187,16225.847325798099
108438,17825.658448440518
83884,15179.131594780294
79694,16132.199659203252
83581,17597.80245336485
89661,19156.48644645545
91756,18683.05300076031
94344,16282.421546256768
104700,30997.94258321083
82382,30680.4011134925
107594,33642.152136788034
78751,23244.26044935471
80127,11808.565843904531
99586,15148.139126582
79871,20285.92571621536
107372,16878.35528537216
108028,23414.103910048143
85904,14481.570317147192
102788,14561.583439991726
99942,13370.479844417001
107103,15611.423665684106
84087,9067.419571952403
97292,11220.312084559897
104542,15599.950682703016
94429,24438.282628556073
86335,15776.976314113243
82367,12810.445243581773
86457,15148.637287821719
107346,14996.390000794956
77766,49187.622839256626
94768,34603.1558248128
84426,17433.740491650962
104173,20468.237123640694
80165,26053.789985286112
80521,24072.390330797927
95028,27821.41404678559
77278,30808.115244689758
104940,19010.338195497636
76864,30061.838766790057
87845,9226.933460820575
86391,15046.073091765433
85488,-214.05219013787428
87274,18965.540853519346
102371,9550.097019634613
77811,17060.609473497087
80166,23421.02568601116
85693,7622.601216500931
86192,17713.929841901343
104128,21421.761095380152
76805,11314.789865528895
76360,15751.718079008704
100706,4718.792887550608
101318,14617.486114970125
99579,20364.919887270134
77331,23807.99897312511
107340,15231.701297854986
90662,23191.90590729897
83565,3540.904517067076
89664,21895.970502353088
78421,23404.193572643722
85006,12035.504655625402
93876,28265.128839785913
97786,18447.880858031665
96174,26858.914367554506
87729,12823.905111654516
83280,12739.95762708177
102207,14482.325520428098
100949,396.82319385654773
105703,16534.554927032867
100936,-99.88540628603732
80419,27322.423010108876
85990,7560.515608288177
107505,23446.575194677425
81337,15250.901391720141
93683,30703.428592899963
94646,25750.61194958218
93987,20540.119025447595
80512,19801.952421042955
76113,20602.48633561511
106835,4997.243132351079
100428,14923.834684591118
105624,25968.673765404328
89652,11155.626727592655
95108,25205.926058083045
99206,10762.183979987994
76036,18381.222104734683
86230,11618.585974556074
84454,19051.11012881776
79349,15505.759117655765
85609,11648.499780699625
77345,16185.38092589266
78726,46404.13016923127
94445,28730.785222686536
107695,3918.499087206179
106991,17628.843420374356
79308,13387.580390432828
86486,11403.190911022204
80429,31206.879387218407
87107,17670.203539487746
80582,15711.353398578689
90386,12132.42747409357
98363,14146.471499840502
76705,22058.78877994038
104824,5871.3253137453885
104154,-5204.7004095730845
91270,20635.35993939245
83116,11439.782722559015
105710,2300.653573031497
95042,20059.903269263057
88001,14353.57326218018
85212,13191.049653359976
91875,24218.099325261373
108248,6199.841542556143
106378,14854.536389252851
89950,21232.660103397007
108165,8489.746035101613
83958,14647.106089370836
101582,4872.083826369915
106377,16736.846077625552
104057,12983.888088461474
92245,27512.576739096872
91187,27679.91355273432
88022,16516.31639553112
92561,20850.485835075982
96757,7471.5727005457975
104597,27707.05813690839
101485,9099.005828260197
88381,10061.086766955155
103776,8981.122950115194
91215,28111.67749749201
103022,14735.088747803844
101933,11824.39281096615
93174,33008.22199630001
105945,7387.705962608388
78879,18376.820827224146
82065,7976.80980816786
99235,12943.755946143014
81250,23091.53985433818
98942,9960.961746231165
82966,6703.223647060702
81141,21925.619903448853
101325,17189.12651428314
82470,9221.489433081326
79063,28192.05682052413
95324,32869.66478794039
86407,4215.306499671897
94026,35893.492041601734
106390,12076.048456704983
105069,21979.404174683412
88045,14384.339559696444
85356,14548.730827399886
80298,23354.50018915165
78479,10430.787815218377
98197,20032.069806457068
76490,23986.842574485596
77678,27737.848230069154
87021,16501.196817440985
107215,22294.495106641865
81404,32700.870748512672
84641,13110.543030807978
96328,20426.985342619864
83845,16021.941243095807
102745,6584.279864877404
105081,9990.990788909516
92135,19562.342874235885
105888,22947.383194696824
103985,8077.850586942306
92091,20875.392127529703
88090,18727.61332535488
106712,10923.022287711108
83446,15893.996081381367
84263,11767.613398792804
87277,13113.13841183268
90625,7865.940970767479
79466,20876.060095268254
77287,6233.516932695227
91628,22009.338157684982
89171,20567.2195577553
78750,23208.024636266873
77085,26580.797180541234
80877,23800.195705703125
76526,25726.826851147423
81085,24216.35279177342
107918,13673.93814678063
89072,7824.105214101994
103832,10528.349476168703
90495,11746.08425767119
100430,10519.559419334815
94346,14537.900088831768
94350,22558.624363100495
85431,12054.150596695268
105851,22817.2892845431
106969,16035.457758838587
95370,19349.947965498097
94611,27147.620052563085
79129,5348.202442219177
76596,25914.91857434067
93211,24739.24464087456
102753,12673.530741209572
98370,16578.56609024151
90773,11181.520970382957
98298,12995.224125689303
98150,7920.822964028794
101220,14212.372285664354
80802,29810.324096878663
91398,22084.37414848472
86010,18185.61983903792
81267,36164.39702082607
79745,18804.696308090486
105864,9625.496778417222
99245,20541.36707985382
77308,16216.609880533455
85341,12537.530737152882
78845,13504.920008620813
78542,15028.194025431065
95408,28793.06144938022
99562,7940.868867352721
82748,17865.35863043256
79419,30862.40671260572
107846,15070.390734636541
90929,22647.99999326488
77964,20178.465202733776
95902,23493.337324303746
105576,12933.262356145355
94067,26049.628041226984
82322,17777.578435772466
94533,16174.720255699041
102326,11589.615229845353
97048,9559.531718870105
84908,12420.009287754736
81143,19162.082185700412
90090,10454.047156571729
93029,24514.49131953504
85943,15609.062394505738
95392,20475.663534700725
107057,13867.769328332584
89067,9645.713680760105
85202,21598.46469361136
81457,35310.495033480256
77074,13381.524045380555
94378,24406.563402372823
78921,14737.685250646644
80414,24666.187703826028
78653,17374.914724823193
87185,17842.707958174815
103928,8810.116674850538
77930,17938.668379291295
93057,25979.558583078586
81986,25317.821780851955
87505,3766.7224689029645
104258,3828.108467477474
100795,10795.213884362456
82702,19139.113976384782
98156,15813.048603112471
81155,24534.486765850954
82204,10208.07678557716
79859,7021.591168846182
79501,29916.620266811933
78998,16620.02164873329
93846,6021.8402795664915
83490,15832.082895407653
81890,27510.854501353817
78672,19689.55113071569
79310,20979.256240037008
81889,27608.862171498284
84975,15447.714727096289
104001,19857.515360601203
90374,21177.14867631348
76586,45655.69344576324
80099,31346.19562547708
78984,25222.288738900235
76198,15118.344343975332
106595,19194.18416164957
78327,18417.70647362825
88954,10607.076880239969
94710,38978.417968352405
82380,8545.95012744785
95780,28748.409154941943
80440,47405.94445307469
103715,11896.505894199778
94371,26996.79535040429
105793,20304.328770388456
104941,10003.44736553908
77499,14090.388114771577
79776,16969.318629561894
102456,-625.9848459434725
87034,6592.504877713309
98570,17278.23974655121
86294,14552.217136836398
86579,16454.07794927864
78767,26790.532357279448
101407,7674.044518091499
90427,12369.266758673457
86604,12996.877583798263
104481,4960.377196560505
102055,8235.507647690654
76565,28574.32038673577
101769,6148.01642178821
86849,5909.174134458484
89128,11454.216811905313
77119,12998.212215494455
94623,27134.58637093785
94988,28324.0849611351
107071,15269.300299077568
106724,12888.306927312055
79938,24509.448930044746
98217,13431.141785634421
96660,20215.449345495566
82817,13145.03840512309
89810,10935.295893458679
108212,12247.918960874604
82851,19334.77853160757
106739,20617.723286087476
98224,20481.011307216
79457,27384.772140361412
87381,12991.07612836902
89127,4480.186273490854
79388,23768.87123160639
100705,5560.719564086088
106385,14848.785238675138
76142,25869.522478298706
79007,17899.495188720197
95972,36662.6219549058
100737,8026.224124322047
81958,24849.29332312254
100805,9415.858785639433
81226,11336.837730956953
94857,21589.974530836247
103193,9321.758982663252
80622,22837.950570681664
92116,19767.28116492213
108228,7627.838950932177
84744,11719.67411072649
90654,17804.5852502184
90551,20937.829076684055
78428,26851.595153809096
80781,17738.340496871966
87118,41129.27702793277
90187,12921.928751923588
76110,12449.572416616302
81102,19549.169941829176
89957,13405.17413745702
103585,9613.577291178372
95786,24434.86954406695
90883,9318.317105032254
94705,38005.50788745772
98890,16675.12006401305
91766,32589.281043814895
95207,15264.238881626352
77002,14554.750615847917
98428,18551.517692062924
85456,16057.697387812994
102472,15881.780800804456
83021,10885.31406248586
94063,19585.59216193795
94665,26031.77239993748
81432,21795.2704849585
79825,26962.872780704063
95008,25585.243872989053
104634,26064.34481406891
89960,9346.436442745737
99162,8647.716764024924
99269,11209.036076910521
102221,8238.75922762657
88075,15854.600256870148
86981,8056.401858502824
97144,8645.334052629138
95073,27105.893215199678
107794,12059.95913794317
82837,9072.143813190614
76265,25408.985656491746
102416,15214.700671358749
106292,24460.79883354969
94162,24564.28376543586
85715,10180.246751691175
108484,24702.862754418253
103120,6691.633513522094
98178,8303.817634594223
92208,12663.996131811557
82800,13792.668254991671
86660,14112.427748436225
94811,21563.77056494148
95020,15016.998690399123
103339,4780.758594669616
76719,15664.478837975996
106391,10462.94764145509
95855,34434.881911353055
107989,16553.808882660403
82154,19854.58591836968
77767,18161.78933255408
102776,14184.244539446756
79642,35032.12704192668
77306,14831.388450880542
98007,14380.372253692973
105538,17951.38329392178
84076,16630.821693746137
77749,26456.567452669144
95734,23220.36949170226
80602,33628.61334038986
100988,15022.642627335674
83690,12600.393661218583
84882,14837.752919967734
101699,7739.459629177398
86025,15650.207175239499
104331,20947.76571975842
93789,18381.061515550882
100427,12487.217136551151
89980,2492.7995187923443
92989,23522.11187931375
96820,7866.5764136238995
76354,20719.882855093576
93143,39685.401997068606
95045,21162.873369587825
78135,12266.32327498644
85841,11832.581258773516
105453,17310.497277794522
86843,13002.532777374046
76450,48684.772988351164
94878,35093.04482353842
85792,16186.757077561324
92518,24656.87019812541
91382,23391.51474744975
91966,32059.87727304624
95486,32314.284642426785
108090,19925.179863388363
83588,-6596.763312748419
101240,8279.665859994802
79797,27090.561867016648
101978,14766.710007512731
77559,10785.937717535515
84171,8571.074841477955
84012,12443.918475813662
78716,21182.76888463982
100485,8845.38644133821
98908,10530.75186403187
93238,28064.00878269793
95809,23001.872208858877
107070,23992.117752697653
102546,7591.479375612116
104507,23226.893470457093
92943,20946.666356224883
90241,9417.446062253726
79542,21910.357189520582
82510,9152.447664727106
93255,20683.837125564783
96559,13223.150918869658
108483,19572.3918650879
82288,25123.978260497817
104480,12028.907640637473
92328,31926.77068006507
95793,28036.18035220118
105673,12197.539602387013
95841,18986.614284566742
98338,9649.91526535819
103579,4334.981529444996
76861,23583.040561232632
84414,3546.5762599464724
102508,3835.635782063033
83622,12858.729955468243
98822,13634.933536785033
86291,8792.098208257088
84831,8465.746911636725
82626,11376.657779935034
105508,16086.913911868256
77130,27976.418791509735
94652,27052.687147754434
83243,8774.049439055943
80908,44616.81050212755
106139,13376.570499257054
91617,24475.526785878377
83524,14361.350053917224
94486,26137.1518942576
106044,10784.338264857928
87195,12033.769049480652
77450,22484.9469802472
99239,9924.973785811097
104813,21447.344937899477
108254,11302.891895831468
105150,14717.841429205542
88390,11059.058306944517
97902,20308.459315859036
101186,12333.38111726367
79116,23887.637541839907
77214,23705.24165008591
79298,5397.335414374269
91370,26678.908399574797
84827,13158.802918888512
107282,10141.662908573127
97678,10235.70575476822
93570,18751.21792676044
77654,16162.241873866395
77227,25661.260272263575
106789,17587.114975923254
78869,21362.12096417849
76531,16501.331689762745
83469,12578.452190885528
92278,25304.54639186563
105949,12473.314566206549
89026,20146.929320405467
102066,11333.29135287764
96352,13656.705709246698
77819,29770.362850079342
79655,25089.9773594225
84059,15031.8188059413
96541,10100.809116968092
89319,4249.350323950424
107795,9583.286236769707
96961,22023.74794391961
78158,22342.055510213217
77428,36611.52896529307
101125,11321.808086412024
95105,21617.514291383886
80306,11016.427843552956
88903,10839.610357178939
80574,27868.718343649452
76321,25864.085822086126
88786,21304.805792123196
95682,20981.601630755882
103135,15189.541167865167
84241,13685.7022473518
77809,14019.468873402664
92926,32731.49126678359
105895,26024.1646570078
86247,126.70203729734567
103470,10725.035162899963
98865,22488.65624187456
107363,24306.659261326437
76516,22320.64162163874
96506,13160.340421788012
106306,12836.647644914592
89093,14452.667714216192
108123,11526.580886755473
83510,7069.4306788206595
86792,17844.703863742914
99984,15479.902166259903
76508,23770.59499194664
86580,14975.767952423583
88428,12932.176141894877
103922,16622.407668445278
96703,25561.15743490649
107626,20604.49956955823
90100,7714.928499060541
101987,7361.693763527646
88615,13345.058732149671
100138,11551.306433301961
83743,6336.974118667898
82321,14430.204304821991
88594,9387.912148874912
93842,37670.454441729744
89350,16794.54950563387
87643,15420.79997753467
105892,13657.592004227705
105711,12556.993696832662
95657,26301.854975982744
96330,15787.256653494956
96906,13858.55430260791
82247,20190.537789563357
97125,8524.393303640949
101306,12423.391685018576
96708,16477.40847067108
77250,17364.05623931676
95451,21695.620775107964
99405,12716.856082535096
94758,22406.768364500487
101101,9605.965196985298
77643,29699.381922834018
90209,14982.079900037323
90312,14769.871091514418
93955,23134.01332908523
76334,26518.75856385054
85190,14542.441916553162
97992,6132.166609751499
92748,38693.79408001127
79843,22238.42002409882
88769,14587.14030409783
97453,16077.590963590661
82550,8821.423348111595
90775,13429.581063732705
88190,13973.424905134412
100712,17899.25391651778
77237,28969.05344058895
78997,26224.102321423485
105656,20083.896250882535
93368,26314.40431746019
93469,15016.394829985205
98426,10142.12235176396
96832,12975.851211961952
85322,14405.029214552265
97139,13855.127467049617
78678,19957.327294384075
97821,15776.0371548002
95410,15594.136616235319
107358,18231.42373921639
96750,547.719820457176
102529,1127.0272417023807
76433,19766.64938604849
101626,13669.604119450698
77790,19069.409364477488
82932,14384.056040983334
89517,5565.0428606890855
82905,13697.984925027795
88552,11328.314723215164
103006,15023.72039627721
88811,16271.048872508922
101734,9696.077559911042
99230,21128.545855378106
106537,19940.456938370888
107114,16971.71432432218
98513,16762.467078412756
92795,26355.238829702033
98563,13936.385630800576
78599,11049.083244275686
78911,21888.04675670008
84652,13727.6023191081
91014,27711.420909971803
90901,17857.330615370724
82041,41004.51940493756
79218,26959.641208723166
107371,36060.129046523245
94767,22251.09247110154
91910,43831.08565152035
103462,6099.193216918171
77125,18704.393033292326
95567,32942.47006734728
95039,28565.58133107
85065,2243.3238541870487
78252,22888.54134870854
89580,17032.53341180442
96742,9142.829074030575
79876,36937.863946477584
94674,24292.025960331095
107822,13377.339617498057
92586,21139.598891784193
78107,21907.69769684786
91241,29695.980584830835
79077,3152.5507912652774
86212,13689.344066072044
107527,16332.983158800198
88056,12285.49573178944
108480,17266.024471599074
77620,12033.538218405276
97188,20767.139963338752
94979,27825.88636791342
105541,20811.600167783225
105852,22625.06406549574
99182,21165.555158451214
91355,35924.40368453621
88516,13879.135111377058
76101,24443.800187461507
87097,4198.3315347063835
96299,8719.144992472753
100944,12584.845692693945
83995,2169.6335489424855
100407,2495.6313712283954
88255,12152.671728214027
93935,24246.18725204576
95442,24683.740888931614
93571,22502.217219661714
78642,48426.59339299669
94545,25544.31938722799
97746,7150.588069527916
96419,24688.781530750355
102851,14431.617861179762
102356,11334.117266786165
94962,25918.977027694906
89175,14349.639811153218
104139,10904.822239822966
103395,11981.45031022729
97017,7321.7372249593645
101358,8053.892743965778
107417,9414.767331786816
97977,9441.875087387089
86765,17370.63392105585
95743,21876.651735040545
97804,19579.30151328809
87010,9011.308366842026
86791,8778.374882201399
97486,15138.118663053388
81124,17319.24694207764
105391,22186.267819553912
90275,7791.0431242390405
104855,482.7198749581621
82804,14829.959071195208
94810,20011.41033546513
79517,32457.187959687857
101826,12750.547575119392
89848,19789.588454777135
90432,10104.54498788164
83070,12422.446240707839
78270,13595.156628981156
99275,15224.948496715635
92424,26949.523620274053
103334,13662.628284471633
79160,21710.30450764634
98830,26383.82258962693
87956,13268.103770923633
84523,19612.903707555663
78157,15684.899523280315
79460,24048.086228740307
81918,16127.93071443308
98433,21220.909790644473
104582,10792.722403980128
80046,33008.78433946241
82135,20949.115707843226
89685,13235.114443265484
100990,14621.04289203272
85624,17550.966651026793
88293,13525.786943696656
82215,11325.046023119347
91261,28028.31921364278
78018,11799.482160698666
78266,20274.309626958948
101074,8407.401918785039
97075,18337.75128307257
81806,15361.382527527618
80743,25532.884097008708
95234,24893.25035299131
100410,19051.146549480687
106840,21724.210285537913
89637,4958.084619665569
85382,7129.182593853104
83832,16771.957333068516
108331,4741.787708931557
82026,9977.711199926454
108448,11134.090777196461
90028,16560.88983461218
107663,25818.35799301999
107477,13587.252875089984
93709,13264.212521864025
91327,36022.11212157251
98548,-5223.5542372987475
79064,16007.915902892466
100670,6542.697456034959
96494,12490.97854092329
89974,1125.0383627279843
96107,10979.789515986478
78151,21844.72215509645
79304,19320.770640022212
92842,36013.447553204416
87813,10774.43715332407
88762,18477.33074003731
90399,16854.734056365298
78756,27836.389088528784
94019,44608.07714864834
82073,-20405.25017186786
91846,29526.972058383508
97414,27485.956571993393
92758,30563.823721278663
101342,12459.397536845701
105987,22251.615636856895
81349,16461.779320472015
103712,14748.924351666636
83627,14998.04712043432
95247,13847.420037856358
92833,20320.525290549416
104587,16216.274641525311
93265,24901.97078432273
90518,16908.144245462372
104256,8018.201882869202
80882,-8484.166180938726
108148,13323.185112362953
81385,13479.542714729012
87860,9984.21430708497
107638,12257.302071729371
103947,15883.912587506815
91049,36268.175067702134
97916,5144.263936718395
95433,23715.68048005922
95871,29203.65015390401
85779,10104.06642591067
103360,-2754.939772934471
80203,25262.136293851545
88511,12162.635611352594
101672,11749.441326793913
82992,-1819.3943567624592
103889,11974.728380798315
103630,7004.907356411535
103366,14766.497225539953
97200,7573.459910932806
104563,11765.336357606664
85824,12658.506756385701
91924,19479.612307242973
96499,14580.73722566954
99026,17433.40048079416
81965,24108.80956734804
91604,25060.22220547044
77552,28494.101479173645
93750,28611.82876566111
78941,31795.265021292238
102717,9167.367344394597
100534,12835.627418283859
99036,22700.199480481206
101961,4450.071186021878
76940,17018.869578769452
106310,16318.234528727795
81520,27734.725104823083
91800,1653.6819010551953
95707,23071.57234894783
96395,9926.298948231903
90505,20970.952351187818
95284,23692.051464504162
98094,21184.741752407226
97884,12268.431821177703
98933,11584.703506385573
77664,35473.76142180501
93941,24869.1292876352
87812,18523.47562337514
81266,23906.995400271324
103825,11056.32279978915
99494,9090.573057074587
91256,15342.250427448835
91703,22379.165606358947
99971,3274.9644078814836
76631,23430.10180054178
103612,-8708.334721040184
98611,-22.402942887645622
94591,26432.692135328944
80518,26983.303276650986
94000,29032.908213822757
85010,18157.838002641773
87369,8540.904020316662
86714,9476.713456258763
79985,12434.580832499954
88051,-2307.229493587358
97065,8177.1668135162545
91307,20830.56281542885
98365,10973.873305691755
76522,46699.87376830324
96638,18549.29597725593
79703,13319.737937473528
83107,14183.188908129665
79104,20254.846117321096
93563,27539.25107033146
82599,9726.762476249995
83486,14600.921693304546
92895,23844.94455045461
108343,26742.52937787769
101774,6779.627404595936
82612,19134.383010946778
86861,5026.209234640235
101902,18113.21518300932
82973,12891.85471982713
89872,3737.936105667366
105616,14102.709745959903
84876,13609.574723040254
105133,11762.336432122001
98877,22508.89180809019
98515,22019.649505916386
98327,7730.222511690345
106633,11396.825227176352
82505,18482.20175779325
105007,12589.957099550753
97269,10017.276000970322
78140,23194.790343614703
82318,17021.951152406087
92993,25403.376316680988
97743,12433.218735248272
87763,7568.246517255702
104942,11820.852687128025
92045,23997.057688011875
97767,24902.489156402087
108348,21289.41614037102
89665,17286.661382056776
96862,6557.699137852127
78597,16027.03135560579
107574,24909.049106886294
94460,21663.5873617358
86944,8076.027241689233
104505,27727.212589681192
94837,31589.91323722818
84576,9356.73692480183
82427,5194.322606960039
80054,23235.748191304407
103504,16313.962350761738
101400,16305.692957702158
95904,23849.30337261988
99877,10566.59865585819
87554,12536.181225032658
81180,20670.115848985686
101239,14601.518023868417
94258,30622.464142398137
82942,14116.682652230014
101204,6073.723127988942
98516,16046.415029610087
86925,9803.329508856103
104724,4674.277255892177
84627,12767.314389265015
90133,13474.133188384858
100320,17550.27905084203
88358,16244.275439875819
94280,16557.49007697142
95334,21213.619962802364
95899,25200.280980988176
87270,17729.4162848614
80723,20630.74845014113
80469,11427.764952037236
80280,25495.658079459532
79493,9637.313958028713
92221,21432.51792248658
88547,11688.605706560355
97994,11227.2371329242
100047,13546.217728896772
96172,7051.043040691289
88933,10666.131669063414
107059,16342.89097068572
104280,21427.7120472116
94714,22092.19094661617
88671,23352.83971111349
102414,13804.955870126967
78051,20139.394566277857
89512,10459.170791430728
98524,10228.400390984421
88047,11362.155634780942
84441,11075.774490064687
78156,24473.039656756187
78648,16964.67644926977
78364,14246.40650957614
86764,14553.933917243688
78495,26055.930863192614
94609,17632.6424978798
83449,12467.80501018983
102392,13524.049318162075
102455,17668.753936087902
83713,16820.166861853057
97475,12085.471200730462
93371,19683.768727561874
94199,32797.87908613337
85023,10770.103655609975
95338,16187.568484353174
90965,35426.52843242728
77195,62528.96779307033
81875,14296.519662934428
104416,16938.97234424657
87203,15398.723767495427
91239,21828.004477828763
78127,18184.72208516394
98386,19257.563022129558
96497,9841.451642266098
83232,13905.704490205826
107692,27828.6212770846
100734,4267.853910680715
78271,30025.299573528377
100136,12945.764442785985
86004,19976.953034195343
77776,26778.10768645211
84950,8882.470843342877
84323,10863.559249331764
87033,18381.91850982961
94088,22053.441048767905
100594,15584.37195816046
103071,9521.255455359276
89791,7198.12596947911
97852,11023.533326087221
105601,12037.595710869948
82003,16988.280434437358
84872,18070.107696329986
82701,16175.569590501105
92469,27341.267390571407
92873,28846.21234857024
82114,26098.879583856487
101316,10550.683933696599
85697,13107.308631915977
100885,9164.58678473049
95305,22262.73497022988
93741,13572.142769965016
76178,18845.665126515534
84999,19077.214223429102
104143,19194.79332261634
105483,8102.711494912157
86136,11233.682851009766
99292,18193.437300121208
95024,22014.95859521676
107831,7774.704275193855
95035,32109.523455373586
86842,18512.804761499283
79511,44405.055521032155
99852,8834.84724447907
92478,22028.214900303017
93704,21216.476475616102
101664,11961.333440680155
76931,36721.34530288941
81674,22062.155718349146
102597,9468.036174314504
100630,4424.718224389313
76978,27787.793173508035
102490,8658.044177195618
100842,4259.32289849243
102990,-3847.539642828324
105412,11486.64630287878
78744,26616.54860047502
76082,15537.22973795363
82773,16260.927623238458
107285,17809.02539052612
85211,14543.038835413176
101093,4524.9004108638765
96626,19849.416648117724
103089,2212.904891180053
98149,-181.64006978775797
89290,8930.69449038331
104295,9359.558541581468
106958,27470.06286093127
102661,11532.101414300801
84082,13431.700170014676
88521,23901.747266640235
78312,29262.941536164326
85481,12155.472500033442
88961,10962.104569313826
96432,27883.476405505688
77539,10755.679285113707
88374,15614.689828401279
102919,2710.4928266916613
94335,17266.195272363137
85305,7886.71897407162
96360,12686.149449821954
85471,10496.916461312714
104566,11308.852595318273
102100,10578.247596047291
80170,14709.71243460779
103347,15309.625165544247
87487,42110.35236118793
84090,15904.043339290358
100034,18468.538645849174
86825,16286.771149625729
80018,43909.9805453692
102611,14904.093246981378
102665,13458.61116054314
92920,23454.254589112406
89381,5712.131075775864
105151,17696.590393472463
84039,15425.759472833204
102217,8289.799285951318
102388,10962.028380468564
98820,17051.433606834886
100665,11904.296606338256
90384,28851.960441053463
92859,11532.663998713266
106356,8150.489489280841
104723,15340.664303267396
93244,32109.664993713955
77449,29467.698927712605
107911,12844.636958138191
81721,24058.82912748202
85237,7900.397355163244
87601,18531.633048322357
98578,12191.034449715416
80704,25394.083348112887
89078,5949.302279308275
92042,7295.797737562443
100450,12386.837390722
95304,11235.643322131597
76023,18867.4588981676
90609,12289.076781876465
95170,22721.143564782098
96870,10900.867974934905
107247,26448.669363431713
100484,8660.228509149627
77659,29038.125911701063
79832,24877.034518924916
91419,2480.8349136674224
80371,21242.816251280095
83386,15804.411687682074
103919,8988.440830992995
95201,15008.301785296688
84155,17808.841816811935
90743,10850.540838132558
104381,18919.746769966056
89097,8656.358719605632
102033,797.2557781580545
91725,22651.825400588936
92999,20978.644670162343
95835,23604.1981880649
102206,10687.50063985049
101763,8029.359770486151
81377,17860.123425177553
105683,13889.869983965627
91033,29004.8856935813
103314,9678.096750960649
105070,9815.328313980044
86950,9113.497231422807
79171,23083.42993630273
81227,17290.317952182715
80197,15848.204417485043
92037,26956.292655249144
84688,13512.647503797525
101952,8324.088989403805
88604,18304.444021876698
104058,23410.517616021858
106274,4452.94070261554
84985,12519.120876042845
99085,6972.661321358322
80801,17325.187451527643
80233,21794.143802562663
81000,32285.580560819828
89057,16391.49336672637
98382,13262.048559040719
106493,26831.966307034574
95057,27324.882774496735
84556,9146.27434979636
103037,15884.698701362655
92174,22958.361222213065
90920,15364.602133240454
93409,29018.895950852035
87113,23219.909905671448
104981,28414.417812376552
104556,10782.57750142976
92782,21283.41196806847
90546,5794.724701100797
105506,16164.08032277901
84787,11682.009965097488
100399,11086.50727023779
105911,9719.164448069365
101920,8534.10629621717
89224,12946.512973960043
106787,26205.012449368154
83083,-1109.8371227911266
102399,6081.514469395766
77196,-2346.0261500068955
104889,4114.26824452216
79598,10951.445216828552
100540,8252.61610057007
107792,57002.89095295485
85758,13927.761333518049
79333,19026.614884833827
99351,12859.71673542808
86706,10576.927488383077
89547,17674.48340707682
88092,18873.408309614853
90348,12713.14175127425
96125,15734.293463866694
86921,16941.549359063923
76903,32740.829480690063
95539,13979.664206063542
89841,15850.53615612646
102771,11770.936582019352
87174,14648.109295838243
81975,41349.95837712831
95289,22840.684099618527
77318,28163.933659720686
76955,28819.611257436933
80996,43854.93247841216
87707,3459.223531533735
84519,5922.6476892693245
96833,19336.47835704515
97584,8892.60903371658
104697,14319.855251278339
85510,7611.382804711586
79758,28543.817519068634
99502,3589.0581140526574
80725,23319.975344476097
104108,11022.524682390622
107802,21030.889511950547
84871,13730.09729874029
85817,8043.573062799045
95473,5608.423900580143
85629,17299.064066016595
99641,6996.952239503789
82356,14181.193791425472
96335,22368.13280175425
103623,11278.628588474898
84233,11230.146053003384
93708,16769.31957120824
97947,13211.556379865004
84368,18722.67398629482
92108,9494.441722504238
86099,15162.431909151252
95173,30258.323669841626
78389,25685.08675444461
106219,15354.836103137808
88823,17262.942055535095
95608,30732.660646842036
95876,28419.69325633748
86433,14377.451356607524
95515,22958.77815790129
97503,15490.258302921498
89163,14780.264334974916
106479,20121.93983746642
83722,19048.318642539336
80644,22173.520527483703
86002,22303.775235913912
86783,16363.89513705616
91928,26539.246670863726
102142,12281.552645756054
106024,24058.22992797383
76022,21277.51849286531
95221,17102.539130473768
105051,23607.046079981956
99939,12501.157291292111
103202,4534.831355681514
104770,24748.243664761998
88396,11617.141731553951
93666,32212.59402243934
100763,9773.287642014819
96842,12568.44170879939
78807,25897.265020694587
85559,11871.756115758293
84384,22167.0024615445
95619,27356.034644128085
104008,24010.92571559582
98379,5239.830548929378
90476,12046.70561159695
88845,10601.392295305253
80296,8262.212203620886
88294,14791.105081192582
86733,11707.5891556949
101515,5967.861049433963
107440,10354.482428879784
81834,24159.978318597794
94764,25539.01968006399
94968,24760.58270655291
88218,18557.562332945963
87863,11198.07391023645
104019,11703.282742886298
103369,9777.126701201316
106979,2249.453352922181
89717,4473.007654640744
94504,3757.1781845044607
85722,11631.414723063965
85311,12624.88423564687
103162,7690.220267535993
79834,27442.133527679296
102283,5425.013506477751
102686,10795.430006197614
85834,12680.368179912814
83633,11531.462779602101
101178,3981.183751323828
102859,19948.758714160154
97691,17188.56014738831
99575,10518.026623843889
81921,14403.177021802401
88114,13622.682858908676
100101,8456.644886205899
101736,15483.502242772274
92763,20220.830913132217
93514,36601.3987612693
86322,13410.791817219371
84924,15162.64716528343
85898,7939.746803852548
93419,27220.20801043402
88784,11366.306104801282
95012,35973.70618951928
81858,19681.944572080614
101610,12174.084164334017
99190,5210.732084400719
87530,10808.652868883732
86979,14950.009978581738
77670,-6335.532105919057
81123,13419.475858768841
81724,9387.329751871473
77870,11230.104545555061
84193,15443.830555034692
105928,17065.672881856255
97607,19065.29079641585
96063,22335.035638281974
77962,15505.557986943064
81560,26314.372242256366
100204,10456.496121485394
89185,15767.004519646773
91744,17712.656198216697
91470,27266.073098094763
78412,9870.081711423692
96222,16212.99780807897
95148,25332.05799894008
106039,12214.199911950936
79352,9801.044205870145
96602,8208.218310821949
102798,10425.898730785426
107301,25413.40327124926
96147,17630.71467235488
87382,16934.071402749905
79907,20855.138537402287
102924,10688.17524708308
78012,24050.67368409184
78333,17479.347407411697
105989,18281.20239227014
90607,17573.642058734207
86110,13303.854765886213
81540,23256.798992057913
77937,22160.982920140188
84630,16545.245385426046
80988,42034.48026158503
92519,22352.29943507946
95795,10254.950093295096
86837,5122.205459555691
82642,15402.571020334146
86017,14048.78982355622
84772,17850.658301328345
103962,11851.51655848193
106264,12449.95955757469
84934,21766.22345868355
91598,27538.858013403536
104102,10586.210294050861
81261,1326.7591335490833
78425,23668.72697151923
96508,13008.699956796509
98668,20265.598339225013
93948,28349.311400542905
82909,12342.899590376004
91514,23186.05151932576
100969,5564.360120565538
102102,3210.056809601281
103465,12490.43333569013
95072,16499.20359692147
87535,27812.492476041705
107564,6191.312175703992
103297,3987.6459893026986
106528,10408.295516229924
83748,9993.828648923129
98195,7855.016711501914
102113,15641.399412202216
94277,13578.192190017002
93160,23869.060544501855
92063,30258.68683539973
81037,12103.316449319833
92602,38081.0183293837
93096,20566.257764248316
97243,11594.098161987213
78019,17027.068603690444
107604,6522.814651704768
101438,17554.445454277982
86439,8411.70760271457
82300,21569.66713089391
105142,14555.145571341147
84429,5106.387138521262
98958,8813.083388755975
92197,23108.191207497293
82096,24171.652416729834
81536,26965.886726949277
101623,14456.619465209737
85596,11907.813043550192
90600,11979.734400131558
80089,43974.91354986162
87224,11944.829170170422
87685,20273.28354868034
90958,27556.80812290972
81004,20043.86487821721
91667,23032.86434146949
77877,23943.543819570707
90956,23082.477582337182
87744,18285.279319729863
96817,10966.425580437193
97163,11326.870738480695
102517,13529.883365845226
83356,6118.447549062203
89415,9169.585793516637
100153,8249.661763155544
96024,20873.900996232183
92043,27697.183022705765
100495,7825.420632958056
79653,21632.938658566414
88149,14478.830445168456
98022,21766.643105405703
84983,22125.508657729893
98394,19602.21462777204
78062,15892.546418458265
83656,13655.579882568398
93963,38016.64387392142
81988,27230.43306630148
95992,25753.73745317123
82620,11533.052975113013
82149,18123.163902301145
106199,10358.334386773404
107884,24089.53884523613
106607,20985.351062862148
84212,-2600.447314456578
88234,15734.18754151524
96712,14923.667614646802
101058,16971.384807401173
81149,25874.189292022995
92670,20925.407993208326
101383,11410.71991648648
82563,14155.123619780608
100600,15641.713857744551
90826,10660.919911242814
102364,8349.818932053142
80759,27772.977487451088
79628,22567.793591344307
86113,18974.42837004947
96607,9578.131602749534
96462,18680.723605525105
88668,18671.749072522947
85575,19553.336290550462
97718,9674.598615067844
107322,29320.538002767018
79948,44452.08466035673
84361,19243.25693540157
77092,23578.71693502551
82359,23351.357777514015
87495,17608.005265827727
102966,14844.220833698593
104309,17374.28152904099
106312,24892.48388965477
85152,12877.352960149306
80835,10572.67696951126
99488,11620.723903214126
101023,13328.509317401556
82295,21265.234255749343
94330,30089.611104742595
96446,22278.7654951696
99608,17142.555283298796
108305,15817.46145205171
106512,19043.83528436549
104003,8902.433026226356
103550,14385.94622503391
86253,7496.898195278307
88355,13054.70813972925
101629,15532.31590288979
101460,2255.64734970242
87820,13818.918790019687
83140,15497.59247344313
89804,10117.201420960668
101738,14369.624416223653
101121,12062.248303010121
81810,33132.250641291015
102106,4171.980200681093
80437,6096.793175746467
101463,14062.267990442966
97919,8217.895390150872
107407,23681.675394677073
76258,26173.05433835775
100626,19261.546504075937
92755,25395.315200335346
102655,7453.842342436028
89223,19006.54940741993
95180,53647.4526780622
96372,8756.061056957107
84089,12058.222322363632
82203,30262.821891134365
98785,7483.900882952708
95930,22611.602921739468
92151,29095.471153844133
105149,18732.02513989689
104517,7831.498028197979
85727,14942.540516144283
104769,15714.595560704354
106796,17074.194192770166
79021,17605.378935353583
86121,12132.898808298178
103139,8924.20198184851
87918,8973.570321297622
80634,42926.44678673429
103033,6572.061899554508
80019,16746.80132473451
108035,17780.605442817512
77891,7114.796206156885
95749,25591.53964779438
86617,6252.8038822563285
77709,9388.160829286946
77952,15424.395408774615
97083,14033.621858303562
78040,17768.82673198462
96041,24592.46139464407
101843,5302.22982811767
103016,9901.685603157972
86049,13104.083548210778
98228,9960.24730414424
90554,5604.327925216257
103311,2102.42424322198
80418,21886.39387040515
81866,41805.33384592997
101259,11273.07685106599
92909,26043.368511255845
79034,29976.007449718163
77129,13175.744957266274
99018,12628.480174754746
107391,14242.959522044544
108170,19291.754145571194
80664,25230.165817334113
94438,36041.233964443294
100436,10071.612914419435
107031,11413.684278380219
103954,12805.271934954202
78892,14994.167254122924
88505,15352.015015148638
103329,12353.297146460012
88345,15564.484606913247
105950,9818.679872875673
98331,4999.805677789787
77666,21292.74607144517
95383,22221.873398143434
108535,16115.026872794915
78705,14875.183256607019
79597,13634.415049733801
97585,24468.09265782294
93832,26196.17771324899
97348,11270.297757245362
87291,16432.516658498535
96291,16314.86829679026
84851,13127.625224884956
105338,24891.705931589662
84514,10927.077963228567
105830,24009.492040144454
78819,12051.449087468365
79728,47285.826255902284
105993,21790.282650897236
104822,23332.376095788117
101141,8998.463750862084
82728,7626.939019277077
83273,2256.1586531694484
107233,16753.959304197917
81943,44561.40917948468
105637,21245.202503183966
81203,15548.646030989017
95127,27872.240874888717
79994,29603.275283873958
96025,21099.347962047817
97390,28668.552302313277
107522,18940.513547763403
99674,280.04802470284994
83001,18807.648613693942
94573,26391.34880210325
91983,26615.787240203223
89935,17738.43097762383
83115,12483.360589304462
108439,18746.028979828494
82297,16652.431414619932
96542,13621.331898260452
78269,57736.17115620789
104124,11220.802675335022
90435,9900.566904597592
97520,17616.84767603522
85468,4483.391907767764
83566,10002.231995301408
106890,24993.270144430313
98124,6258.005215013836
85866,12523.57707362108
104379,24269.61996980712
99616,8405.648108357338
77346,25628.251665334014
83668,6283.776768176442
94488,26550.452909451844
87494,8822.130850581852
84099,14915.55896100582
78345,15534.839604953608
95626,20491.543500470365
91044,23762.762078021013
91343,22028.398836667206
99823,11135.377208618276
97197,18561.096815445817
76399,24450.744479358917
95484,23773.704139740028
89728,21548.63954267203
93866,15836.36516234155
94053,27342.48435925792
103190,12768.420808099836
76312,19757.241765318835
79453,23911.050094666127
99956,15956.424328115674
96811,29372.55446958688
100537,14844.751630693576
98142,-5115.559607574705
106900,18373.795405456294
89474,8040.536858149626
76696,13728.565100823154
87479,14388.825027966932
84806,10369.500034673722
85385,22882.78778990759
93372,38297.70068892889
92860,25283.948939343976
105267,27035.165496557132
86951,9294.635232741792
79622,7154.992197643154
95103,22984.535334950146
87138,12102.574495870136
91912,20486.322914126653
78932,16710.15868302644
106494,11516.288030735848
91645,23891.674909449677
76102,20353.127563094997
79636,25216.261740762202
99416,9879.87204883421
95715,30595.631637738836
81323,23648.41326792632
96273,12784.421673725248
95585,23457.646010817596
91885,23359.59041859505
80762,25376.01570848734
79167,6373.904667345627
87173,11533.052975113013
92719,26328.017746463905
87482,7876.877591182314
95215,25522.310435321233
104054,26342.61026898934
103066,11186.876475635814
102449,9151.880901434542
93985,24137.991094077486
99869,13063.257034546796
88347,13055.232520222768
77208,1396.0669857668945
79376,15521.994156930865
98451,12390.665011972544
88983,16294.553676798549
106464,14731.283165571818
89146,16380.082864313983
105833,10746.316859314824
79242,23064.429870857162
107738,14339.01235150747
77626,13838.193816511644
77415,17909.2753474481
82458,10198.430332801476
80995,23568.2777399267
98434,15540.371811074721
106938,25403.67517947786
102349,10632.45214903032
85791,15901.886825314345
103622,11152.103984660309
108149,9540.600254397574
86450,19654.80548232019
107252,15256.59368707812
76034,8609.643572972771
82259,28885.88417405609
76581,28970.86268180088
95499,23115.043605738912
76648,45413.9275245712
75992,25216.331479982313
81407,21736.492116729547
105954,17960.38679230162
97001,11577.008204191661
96179,10808.971265187165
77616,19575.564633520906
108142,20228.450253682073
89107,7552.982616194073
108236,23526.03962494718
92520,21064.257754558494
93186,18109.885044817507
96171,13303.243528201743
78460,12105.263234348764
85417,14505.966233642168
100064,10883.536914585737
92393,21517.465949300422
83360,15976.681740066275
103935,12966.360625809004
106977,16535.18381811754
107965,16591.9828131886
91921,22968.76037002921
105002,12582.483214331533
93968,25639.42024724262
83088,6492.3807119371195
92707,20587.161814242456
89001,17316.891765827026
95856,26215.503655344794
88962,20220.430767805326
99828,14001.785047905008
87980,13186.018524682597
103861,13823.301825794142
90588,15410.045708316258
91508,25766.01978115665
86131,7658.375456498925
97249,8672.685663592587
88232,16669.882407566834
78451,27075.108079312944
79773,22117.678725426544
82873,5933.410711963896
104116,23410.517616021858
83673,21144.55519134333
77622,34780.907382860314
94936,21019.660265036982
93795,14493.30757041779
96084,7229.6624339742375
105406,15110.040248429113
102280,13110.86387925778
83867,16069.535305390524
83621,17963.80039698108
98536,8485.650144011377
101889,8953.363585995678
84479,14669.025866813343
77956,16717.647185975344
99484,464.19189601590915
82140,10228.680715424725
79005,42083.95967806864
77513,24678.481663395876
92211,26052.06920003063
85245,12334.89998143856
92239,23716.827105258475
97205,-1166.0958121501208
84822,9247.078711287762
104413,11449.560228413782
98704,22206.744603606396
76724,20739.487977987133
101457,10404.474719330601
85487,18507.831957643917
107392,7241.227425470435
90712,13480.374917365327
105823,6067.29220678968
100345,13815.520074686443
104219,16503.66065249834
90297,2998.8107351984854
77122,29283.078989180925
104805,23668.416160685567
94490,28136.252646049663
99948,12138.975160714344
103562,17645.824260219662
93378,14622.619874692587
92288,18891.433925049343
78059,7592.564813992378
96096,14160.865729212714
95732,16352.839969717157
87817,4263.023610721408
101084,13502.947982012538
90506,7352.830505986185
95676,20505.283621506594
90249,14947.75058164636
95932,36482.866023285154
103254,12220.976533666291
99286,7094.93174708289
84918,12759.968155969122
97397,7286.0631782383025
88837,11423.569698691921
99212,24169.73574967251
86421,13821.85737042336
78337,29597.463555090064
76020,24543.253422043694
88038,12365.686523100561
91409,18646.970374777236
95205,7325.621953973641
108031,1817.8098089962732
105386,8755.008649350548
100613,13988.08454571749
95685,25245.07956294198
78731,13354.583966826509
87310,19171.073991369274
101113,13028.184745250914
89077,13787.695027256372
96672,20429.576189300613
86775,3038.353265283704
79262,24429.00758556271
104469,13567.72052584224
98351,9800.524134495172
80728,22319.5751769923
97386,18133.458486108248
97417,14792.141953730941
93911,22097.53924871572
99842,5524.636623609704
97191,15622.420913214735
103152,5031.934976343187
100093,-77.43495015287772
104319,15610.930246905318
78419,17793.419908209507
106929,9714.919433247827
107427,11513.078227965685
93578,23852.233504232685
103404,4903.833755323973
77844,24018.12603164104
98068,13114.515726529793
95709,31155.448909492843
87946,15772.731299291707
76391,33543.24767538147
87096,13407.822590070395
77186,25113.654014012685
90698,11874.309912044424
93367,22900.80214352692
83133,12261.45012303173
97840,13994.473388282711
87605,14041.859410037381
78472,25016.029669514188
100925,958.5015105282873
99596,21581.67051512646
86081,7871.687013946914
105725,10895.192737275149
94362,17759.345165960724
88579,11246.241491251116
86705,13090.692873106225
80813,16667.55498779152
78885,9059.337093819406
95548,16102.536662086113
82342,21678.504879363958
77011,16545.155290933777
83904,11636.410996253046
105485,12606.824930834406
107922,14393.421046399308
90200,7349.259118923275
104534,14686.396064403332
88664,12016.761536294332
100499,2718.4307250252787
101035,18947.941911496793
90482,15685.562973742894
108068,8048.415471903458
81709,29578.72015605097
97618,10390.344079749011
101931,13591.543013565748
100284,8333.03554802254
101027,14588.417585434061
96674,12455.809417767367
84856,15714.716096730685
105326,25663.19841539149
102491,13310.128214968001
97616,16457.29452344919
100667,15884.541478591487
108197,12191.711820182016
94844,28463.113454772887
104934,15965.80214169026
94116,27815.949762127664
76214,22769.241106318255
90916,23681.048406682014
106013,15114.17727640685
103429,16666.58121944163
93335,18920.712399430107
99260,16678.85635496448
97043,14114.817339391759
77925,37829.243134152704
86716,16031.617030823394
82230,10865.695469164888
77567,53003.65184550663
108496,27716.503497855578
104871,23808.319258644402
77957,12345.962603090516
96401,13635.873124950116
88284,14376.037679653762
86845,5132.177382407517
101349,61.880286583818815
77015,16063.279664474163
94471,22800.104100634366
108380,21995.481114163813
92533,27512.60181061847
77756,14419.475609848238
76035,21252.854414055764
75973,9037.975248830391
94675,9513.702560496622
79435,20194.57438475198
106542,24477.092107609387
96546,14129.183846714892
95946,20969.55295768609
93188,24866.046951111523
78117,17440.233139665535
102180,4758.548588157482
81825,18705.96661832599
90050,9812.930355875695
79638,22056.492314508592
87579,15604.345527149848
108103,17564.680005782575
76578,34437.464617370395
79112,18381.794644318514
95959,25156.78132268069
78244,21920.415654485398
77851,34318.42600651956
87052,19235.378104777017
88538,19165.532648404267
79011,26342.592884345293
96381,20178.677662054157
105358,16894.75229577893
92876,23247.926470783164
87699,1429.2454775086517
90203,18858.313460935195
77001,18651.25653594252
97974,10120.618042382237
89985,12210.707332239628
97810,13288.242043933347
107459,9511.828487273817
104861,17763.46100800331
82516,10007.954945531354
83497,11871.756115758293
80194,36974.97393331446
85730,10292.685384116736
77914,24494.748037587266
88779,15783.31125047904
88366,9708.579377636554
104300,14074.517003264837
84300,15313.649515449419
79422,13890.828571832622
94910,26451.332221561417
108386,25823.18261455105
92708,-11529.876631461335
90802,23915.203750813034
104397,23808.555092801154
98039,18156.40675034121
107887,23390.61247027162
105290,12282.227416170062
102575,16784.943442271215
105040,8955.081456219308
98430,10689.60651124272
80499,23727.612231115738
101694,12310.315312018822
76386,26875.321559571643
98181,16288.035844940172
85340,16128.309035091761
90766,17354.649690331386
93472,19345.91600840345
79927,27010.731522454502
80854,21564.075084794797
100180,13610.802803033836
84437,1573.3305754017929
83358,3296.7587517914035
93108,28441.406236505176
104330,-1082.8421463562263
103518,6147.167075328307
89006,15758.109581573073
101611,2895.627483011169
92226,34181.37727104753
84798,9669.90997480103
92840,8791.454303046365
106054,13606.354570854497
78261,25307.819864315767
76071,17654.681379611568
92246,23497.406104401816
92296,19625.28348524786
89469,11889.096108039708
98079,15676.839981029485
81294,10772.295152058621
96301,850.4629800219045
83888,12374.886352429497
87403,8084.55234292266
92192,32230.477953200054
107592,18166.273852401533
77496,17804.061860137375
97447,28414.601640104465
103131,12829.12466959918
104590,23941.038715423205
97597,10595.148296398584
82167,21795.683060777887
91027,27349.664028711668
78607,32777.85544330014
99587,13684.962783923676
93937,27563.266491283124
100307,10925.365808677381
107613,16080.81151090674
99773,13989.102189292866
90044,9600.437980594972
85578,18142.44151574761
77103,12814.511976292059
91386,26384.918077083286
98955,18138.78044363973
95927,26918.44666523726
103188,1011.4973188126241
77389,54419.0934149519
81822,9632.833109050423
90768,27766.91496046434
77594,14800.363090670679
107085,17464.069909391823
87692,14979.446736643054
77813,7909.8929583021945
81414,14596.281002074938
102900,7670.919305074909
83150,17128.75352177607
92414,29210.20948653634
105321,9948.96986384456
92658,14411.042818723374
87160,13283.703105935552
107827,15632.939528620616
105790,20603.005953232132
87463,15799.097334441592
91532,35759.24592703943
77459,22042.76181064399
81593,6103.013575208828
103719,10543.285639429669
102291,9555.285371083159
77211,21560.638182857085
92956,15414.711620848297
86578,15603.201045772395
85882,16013.517789114765
82082,19768.662135096045
91811,27775.543398130652
82036,24772.810171325164
76773,18094.919438437617
99406,10515.451895241229
102289,12872.091612700633
94402,23478.37757443374
98621,7713.082621829268
96476,13184.990805934998
93410,14830.628785141893
84989,17556.782228422195
85123,16186.069964692577
88492,16710.565129309278
95128,25047.39806543269
93047,16762.4144594645
84587,14631.31942142405
94856,26712.978735686705
92247,21378.524019714718
101052,14986.330736130429
82940,3032.218709107943
97756,11170.815182955692
98444,20134.20937118862
77869,10579.99774805344
96694,14292.252532303028
107101,12630.144280446704
88276,11870.498333588948
84648,16696.279628263062
88011,13390.936494206933
97951,16869.70444168189
77288,22870.445323615488
104937,5926.460301702102
81621,8585.040800187287
82049,29852.78287191181
98553,12744.520989582088
105056,25793.614704075408
80914,17365.004949009595
82440,16443.67947525147
94927,26704.910377930653
84303,12891.363155716626
85533,11749.544106949856
97576,10800.274712234606
82216,21985.760241071013
84279,17959.417733461316
80976,16962.322366600725
106097,24016.121559089395
83074,12823.06554256179
87581,12225.700568889355
97210,16507.494352415197
90785,11159.446085131214
99434,14886.526481776353
89600,19872.130409640376
103809,13065.395921470707
92260,-449.3787077525267
89667,11705.088313684473
99310,4454.717442753241
90375,21564.501825532527
89468,14133.700311569719
94940,22006.075508645765
97747,3113.1256932823017
97570,8439.107461321611
105994,23878.83874607106
93145,16556.798788144548
94100,20468.831959753777
103226,14914.659820479006
100167,15083.381597833386
98138,12953.866579598873
101043,6824.7905139312425
82078,19892.24936996355
104748,10745.829367997318
103881,15416.59324437089
86774,19616.425182768995
89857,8264.837131556837
97150,16901.849382819466
107683,6364.86191296317
83708,21194.104804675746
78775,11554.814087847848
104200,22325.656176131597
107581,13849.840745601283
99756,8009.284904802864
90210,16206.83507155065
78027,28484.571044069446
97012,15272.969775196525
104010,9980.232859593954
100639,11342.07712669743
93792,15224.282242459849
85574,17705.430838900407
105066,9516.92303790099
97307,11138.518449985142
77243,32826.163452936154
100661,10892.985944679765
80825,21769.6825396401
85856,13637.1853329314
85793,11366.799985703161
107091,18576.329515234058
85836,23139.488410638412
83887,11750.240282578732
84721,14475.263570947867
77636,2822.2879434623246
76905,37752.96599946784
104895,14464.844257290013
86377,15163.678150152133
83076,16860.44356053097
90124,114.48900104517816
105661,12248.06300269855
91631,9290.770378177473
79760,43775.449751041895
100714,7147.452930605843
99231,20266.46306446644
82805,17446.617636757834
80714,25512.395646402598
93820,24933.503588704814
85373,11414.447298852021
95562,28648.76719314998
91723,36958.36184701306
91501,25630.179791369883
91222,18891.433925049343
97984,26798.85858861928
95047,43952.22908591355
101181,2741.7180348203037
88389,11352.09351039258
86999,22832.24066897705
85255,19250.960851188804
79093,16849.403161656977
82409,18978.64785879063
103128,12928.160530081495
107027,13907.383722314498
108081,15605.915436791962
85698,22089.232811555263
84249,22209.7399523734
101719,3142.8335996311507
88643,10832.545183418817
80972,21611.777726826174
106047,17358.41127070674
86779,-5931.2602761764465
78587,28108.48020054622
90179,12585.030320945825
90972,9423.40780906468
78609,22443.350119695035
98324,8699.898690387105
76446,46733.12638440529
86829,17486.747311614043
87796,12218.746771726237
83650,16900.694098812404
81411,22876.039204942153
81963,26582.145293899834
96782,21429.08313282574
89718,8637.942512928255
95518,22915.57789051493
107293,9117.809489692878
99739,10609.13398139365
103956,14539.143667751228
85946,16095.319839862088
88532,19095.308519173566
85713,9164.48048648582
78184,24350.28584199369
100234,4927.8432548751625
107715,13216.341955633474
106150,16812.04338290546
77266,14753.426034466502
91067,24901.56624310017
80869,25797.534169239334
81462,12769.17428393722
83382,8091.120627721368
92915,21409.10110825192
81139,18474.461017544974
96523,12298.99856807375
107090,27315.897723257294
108117,19276.588792165105
91742,-635.0755671307124
98340,11683.793192858264
88371,15116.345059174431
101031,393.5050153475677
108430,29167.388028816928
77740,26417.27767749856
87861,13147.331866715707
84746,10720.708365902861
81252,26732.859585954702
81933,16785.375956062366
92153,23152.97356004563
95485,23916.72852066849
97686,14464.434891527595
107452,15414.401782945224
95477,26700.19369479561
95752,39061.116436543554
99499,4802.841012066785
81223,16519.29411934383
83589,22606.70460373645
81497,23253.347616599727
95884,34149.32586594705
87806,10696.3873742805
92330,32298.45704033137
84558,13892.71881470109
82990,10520.73701369603
90851,4717.573088171128
96997,24951.06219578273
90278,13069.262939139924
82417,11576.62258731189
100247,7459.656995173373
82239,24417.137266339523
76975,24541.726927332806
102948,13100.457687822262
96929,12251.940539825675
107088,13443.742851013934
94670,16390.435955040273
89862,990.4992430501952
94506,19461.899514872424
97696,10078.307873069278
82696,21816.649873354054
103767,14014.772621697306
105307,11521.265200335329
106510,27599.803931882943
88316,15652.29865657696
94321,22616.948495959183
96595,17190.52072173134
83223,7591.259281838018
85551,13191.530696104044
96007,12753.244240772203
90296,2546.0057412867063
97407,12346.404378009029
93071,20107.28328827948
97275,7452.564415865143
86827,7812.779554041359
99759,7723.4212520342335
106689,19767.231828849905
103062,6460.578570681997
99657,11673.390810934032
93428,29084.20724917135
88504,18068.65244616718
87359,11816.357716700284
81906,17821.902976047902
107446,10177.688121518968
78926,47875.172074155504
97871,8084.64121268384
94202,15651.367758160904
101216,12757.993172969505
89614,16625.6063350197
82929,883.8380346615886
78710,15609.78673259282
104966,21454.95202095622
88410,13715.932742938254
94382,23983.118907175114
106319,36016.42111613852
91212,20988.250738807244
103584,11164.480829583637
107593,10382.723153784227
100069,14800.686343988993
97293,11185.322037758004
97085,1176.9484646958008
78830,16024.440372565303
80409,13269.166368029044
81079,31447.39090372295
90437,6031.982108054986
104169,28133.712064536252
83432,15283.526800490996
86630,14957.073681684597
100678,3528.6015164647433
92564,24154.3647651236
86007,9672.91263290811
84102,9344.709382807472
85324,22749.263540179814
92796,12616.04624350561
78277,26678.34673949827
91813,19596.61998725662
107896,20030.879433786555
80598,25020.91300512017
93630,23813.832901823393
98016,17024.074248163517
79518,44079.07363576047
104016,10076.49406992396
90069,19904.274033032932
108485,8328.643275403088
105556,25513.05066892598
107276,19617.711214886713
86409,17343.792398879777
98131,16485.03597721377
95165,17887.546674950147
92954,21966.837852423858
108363,8022.073225202037
107775,15698.304221912087
98806,4542.801616013421
82105,18668.476594599328
95777,15885.87431939548
78794,22191.254623254295
77994,32967.78055087118
90061,11210.212706623362
98353,14960.106738683011
86777,14850.383728013341
107107,8062.332767959622
99207,8935.963909654543
92441,26668.14249829302
81253,21080.321264126513
82071,21803.921079591375
86304,9601.984552027028
78529,5806.9495703881
100606,8984.227748401145
108524,23576.851454839045
87772,21075.388388222735
83062,16590.714899057635
106197,19821.232847315485
105773,26419.116684351047
79317,16966.19324899774
103930,2619.9138499091587
77486,31979.47009934002
76154,28482.816242821642
89324,3925.9011595541197
98354,11944.600091198963
108349,5903.525957584387
108146,8176.552535185496
77826,24591.218770112922
91078,21062.591065222387
78136,27090.123912041832
107463,23950.654078928972
100749,15883.912587506815
77223,59647.667017727705
92513,23670.716783832566
99409,9138.051358676705
94380,29257.018245401734
84791,12724.040476987166
86042,15777.148333767782
79939,26377.702233353877
83953,21389.941922820053
103754,13028.184745250914
86091,13742.282063505814
83114,10803.519837651955
80956,14827.518894778921
96276,6743.247815817962
89799,19467.630310597073
87919,11799.36292333775
84054,20250.64441388524
102856,6361.076903467265
105645,11236.111817022453
81207,22850.013814181926
79629,23634.544968371272
97211,18767.589186595465
86631,5114.815989310791
93438,28069.904636616735
96983,20154.17178254708
93914,27037.8157552839
98470,5641.150618821677
76650,12313.250014552383
96428,28096.924260752534
84958,19311.47376314766
81064,13016.376600504727
82469,15199.652719505597
102139,12879.020903126248
97800,9257.964017974946
98474,6525.698181275835
107944,12029.146222832405
97401,4028.042162795022
108476,10993.449944557953
103189,8281.96167854956
82987,10842.357390468678
80903,29486.352006673274
90854,13600.444819247768
95644,32889.515868746515
98728,8655.821755937905
94370,13580.079104088021
84537,12559.791663406206
89358,12794.453885101753
76221,13382.963300941487
84935,15902.879167952362
107676,12579.152184095296
103154,9718.317999273477
82600,17889.435571752718
104290,20445.426868322626
79972,20109.033716866375
89202,20304.35198217679
97253,11465.537259433495
97358,9061.12297007349
106932,10855.86410946662
101140,2320.4283205058273
100650,9439.185168809541
99817,16171.943256443372
80953,21972.46444296796
93851,21123.279284606506
89574,1006.3351704960878
91092,18891.433925049343
78214,26932.182314973354
80283,17934.015934332332
93158,21544.12502653087
78562,40020.812079694646
108498,15754.406366306139
100223,2422.183292562433
76976,9386.834137658912
81119,24746.02476804467
97369,24263.152775605355
95721,23310.233944710613
82271,18182.067217171858
102837,12016.392415157854
94761,23221.095910714568
89200,16255.114705917593
102690,8784.113904655906
101274,10915.196104627754
107682,23381.1847460622
108276,15220.017576861183
99011,15392.155567963173
94484,14182.268429457788
106033,23320.737815479722
89123,15962.377647172292
88740,8822.10219399614
90951,25497.309778648738
103812,2131.7491388668604
100056,11551.881764765014
100691,12749.649334857762
88394,16216.549616279852
97620,10408.758372600512
107955,6817.104141152322
98144,17611.57043496192
106325,24067.687327126667
92867,35246.814412485495
85204,7677.259145831009
87062,20324.521504418088
81539,20677.295330110803
92009,26940.96738887788
108224,16499.73008321914
101686,13924.030761008438
98557,12957.105569975854
101594,12099.011439370057
100647,-11782.06461452317
102401,12201.043627006933
86093,11664.454062558198
85837,14007.996155818342
86260,16475.923820401058
79830,31681.993973170065
100041,14361.937134991284
92230,20165.369069041466
94661,22734.390497530778
79450,20133.072633600146
101374,5711.194760826509
76983,32029.29111617592
99673,20361.306938154783
81336,22069.145440093715
100376,13370.927280693013
92756,25251.567922060396
87725,14246.964695172803
84541,22874.258061097276
82284,47662.90709107743
89479,7644.649920348413
93259,38961.83255489733
105648,7994.757170735755
99099,11488.337001465452
104543,23808.712315572324
108474,24065.95542956092
76907,20881.429924521493
93652,21936.69518110119
100967,6722.620693633577
94331,17132.36079043048
106381,7891.264972864845
83170,11896.3614794461
102953,8546.65014048109
103590,13973.515736118587
77316,18161.025894969094
84682,22614.99771144112
84524,16684.880977353376
76747,20411.710854751916
99049,11532.56072950099
105881,13390.7510415289
90833,5001.5496111817665
108079,16379.690497432313
107295,15982.797528243234
77121,16944.935738613472
78927,31466.644732086475
103048,11883.789487490845
86216,14828.16233092648
88448,16088.445558212865
86219,15078.167121790222
87181,7645.675864887002
98755,8390.051940753347
76443,13509.428162263659
101149,7146.254599198168
104315,24336.58234641428
108345,9556.405851052605
100156,9410.492013071367
107263,16910.4762603434
83935,5653.38220508507
90584,9202.041278502136
105733,12896.82760192126
88332,12866.412940885319
81979,23281.524481568413
91864,33879.765411161476
106847,10327.415352451011
95136,19431.272356252717
96991,9029.895799686456
105905,11859.500104703873
102080,7363.421519880667
98072,7514.517762759431
103711,10420.196780707416
92213,20445.073135043385
106898,12842.937874109295
85333,18066.405867084395
84559,12192.700016133997
95428,27135.581605357424
101003,15718.976621259913
87773,1322.4668908747808
100739,11571.381118961799
99885,16737.692970480868
106647,12014.521757075596
98019,10915.66589969923
92212,20564.955897607662
100786,12340.375106706071
85518,18801.834621548587
89849,11889.692015524379
76149,16370.627212789388
97490,9124.27678703274
87476,9762.058531424482
83248,19484.26397798325
99352,12586.14786578916
90736,11633.905689892697
77596,20808.060373595996
77209,-1547.8247509070752
82308,13273.750276906867
78207,20184.7817169059
104041,13256.228290254492
81125,11369.395272513695
81691,31839.452578494893
94459,14597.888937058675
79977,16787.074977413587
96530,18590.006066561124
78367,23561.65032622328
108100,31776.749409492542
104510,10627.990676806427
81891,24895.536514968335
97087,14309.3806714911
88161,9682.035507724246
101097,13599.089706581814
81742,27265.221567304576
78409,6858.218297466345
107496,19066.0577601536
99326,8370.62878954762
78535,8934.753404275045
106164,20887.26651048851
79719,23564.66930624429
90418,8026.68255987337
85844,12349.939966372112
86639,13384.376115893083
83745,8919.570450027379
77300,49275.51036833959
87702,11864.46262583234
82586,10140.304504574904
83769,10969.243625038678
81708,30110.59856146294
90224,13384.123672172294
100063,8833.554240036108
79249,13344.501351132774
78719,27254.292860979993
97287,11069.493098861112
84267,20572.34291567712
84056,8412.2798425982
101164,13957.761274077857
85826,17464.40570090634
93793,26778.251996632218
90945,23969.500181177875
98991,13169.287124051554
79647,16062.60357203809
96794,13346.99603608844
83984,15228.04486008261
96688,10210.814484240043
79838,18784.489282812574
105671,10245.098279757462
87438,14898.303912537767
85859,16005.342389234873
91639,20701.253536436554
81134,40759.28698627668
99992,15211.098881137244
91262,24453.767087558823
81417,27251.52584179647
90783,21179.50835714227
88898,16536.62391238855
76241,13040.562553975902
76491,18555.663940083567
83132,16123.966970081186
97757,15875.90351695032
91753,37934.77843445602
82333,33675.85197578334
88295,10173.322895199
98314,12753.081102078762
86172,11785.19828125147
78331,22769.865988388225
81996,24672.613273703177
83315,-3030.1945610961666
92376,18024.64358925139
103058,13122.05972619323
102215,12939.00080792852
104225,26578.036229475692
76910,17875.449908065475
88657,14571.624201644474
104943,18981.40303929704
86434,14075.28750187828
79432,15902.827459046333
103103,14967.621226361429
91456,33230.8127339792
89465,14496.977355738103
107774,10230.460237711959
80938,24048.4360232195
94883,25835.942100644206
94135,27190.139549024167
78747,19011.717270143923
76240,20920.342560385594
95820,33474.790538015455
79092,26674.58327496029
84393,10389.310103840897
94391,31884.084658853164
77183,20737.77653020524
105612,8311.04867860896
89046,11042.862261943283
90878,22267.383441066886
77058,15380.688591156719
84468,13006.8845142978
76713,23727.192814388152
85568,12601.898665062838
82191,20820.9258424635
84825,18622.023085212797
79009,48944.28147019231
93908,25132.47334029158
91135,26693.104829497894
94603,21106.685848365116
105887,25013.66209980158
103196,13518.402240048668
87544,13085.701357462709
99605,16914.261319438447
101660,14054.799908812482
100671,11453.685184259488
97839,27209.99281557282
77742,29769.7222099193
106144,5843.380965363425
79681,25617.156877110887
98764,9609.189242116261
98200,12156.959498461547
82652,10324.260253358476
83599,10937.475864474014
97776,14887.514311825747
83403,14600.921693304546
77472,40846.5378575903
79535,22820.81328862434
82632,14991.493128039227
98612,16556.336503938495
76103,26021.4093340776
94824,26698.385632927177
87424,22683.133284790383
79193,23102.93602461875
80853,16527.881856295913
87885,11563.578285920514
80891,24007.096325630468
77149,23164.281456910358
91012,16224.429960543257
99259,8286.130072837816
81555,24496.101291429084
93917,27654.129018262756
88089,18224.851958136587
100704,17137.750007240393
77798,28147.881141844086
87342,13647.775584866373
96013,13295.62478698542
93380,29046.212435080633
84040,13954.050433851895
88600,18574.966080932685
76133,17948.342979636196
94842,28029.06215513757
98184,4430.1906904510215
88767,17732.214195242268
98741,22019.649505916386
81739,9867.938564983928
91321,28325.86973206276
108030,24808.781294974622
77680,16148.956208021287
78189,26184.871143442233
82302,23914.81051245752
78968,19552.311722753504
101390,8167.28375202487
95491,19501.613759205826
101687,2003.4408264004742
76371,19937.72450624841
100151,13492.228512150472
92147,23372.866655999664
103385,17018.321137130046
86960,18649.945276397848
89563,21493.53296137762
98013,5575.265331216466
103747,-1187.9314962946191
107681,15942.179489116328
82686,6803.948306586019
79913,12167.923898150273
96545,16118.568977021176
98278,14413.92504366108
88916,14703.8907937364
104733,13125.54000937417
103529,13518.827481900513
100642,15877.623676660092
97860,12936.063036516858
88870,15580.61692442702
97563,21038.90030777527
97081,12292.594356785
89544,9499.506761552137
96332,13145.266655225754
97064,97.81793170012315
81916,31042.385045193987
82148,62554.30063932866
102447,-1634.0751348612575
103111,11507.062315071049
85058,14096.448035282265
76422,21560.0644330791
94546,18148.37288032547
96769,12236.106361476479
95364,16137.308982694009
101118,14571.374084191782
107644,20898.206941317218
104650,8362.884173456538
97300,11165.949268972727
104069,10559.027517501292
84700,15001.212969111959
97122,13842.838642035907
89878,20739.205986486075
82579,18978.415177368945
107967,6733.419123573733
82494,1169.4448876908573
104872,14766.439609753528
76339,23556.862969833146
90676,7200.652814569767
83780,16195.084081976744
94444,23511.033072614937
83532,-2061.502961443519
103380,6792.797422829113
90941,33778.00339746097
99845,16777.46283609886
98053,16338.661577256293
77863,39500.52603846623
81107,22139.324574754646
81176,26698.28555921878
93196,43613.125494944936
102895,1848.6762065338553
107093,21399.67129603104
106566,41536.383327545256
88893,12425.03911388076
81939,43991.92859812004
98833,10493.550455592911
102812,3744.013201016787
95766,27699.73068849858
83556,18472.28145220641
96725,9916.57481603717
104649,3984.511471920847
98466,15461.357416859079
77661,23544.68274078103
99882,19660.518787172634
82646,12162.727899798312
94874,22041.998606373243
92800,16733.149183306472
80265,26961.77673738009
80587,30348.302098646902
92298,25579.67423477
99023,26673.251066621087
88098,11804.95179004897
100928,15063.05544846045
106437,12926.795039477693
83122,11759.595037463234
86614,13988.38989465242
105454,15355.029896589944
89282,21524.987304143913
103136,9827.334858789949
104899,21678.602019788035
92041,27771.26540195397
80795,15994.44750073673
103043,13512.38134828262
90842,23171.077598073494
103070,11343.972062457293
91523,25216.559988554578
76427,26733.772417918557
86188,19107.550163084965
105618,31834.450166511226
82931,12259.160917618789
76137,11943.205024259965
88017,14726.975888369952
82713,12429.29820444394
76155,14615.595828289963
101057,8813.121505936415
94699,34462.20878958698
106794,20460.100943973615
97000,20299.91196555546
90986,23142.556190645133
92785,10184.20954672039
79156,15871.6412633731
107616,20976.384126865505
84264,4774.665593669692
93932,21199.19767219573
102956,12193.039227470472
79715,25208.87562593428
82329,23944.319199769376
86636,13746.966211705141
94479,25165.714080597085
84998,10563.211727084075
83835,12171.981542397527
106823,9850.188429489604
80760,19916.157278122093
83060,17685.716459627492
85872,10226.185410758017
76227,18510.968596307142
103460,6838.312603517137
96989,14455.293383935817
107858,15822.151414976695
80447,10096.811183827549
108267,8280.626072387939
86584,15891.310705902659
96426,15460.928967014317
86696,20890.31909831739
88252,11871.756115758293
91515,38382.72882725524
98357,13450.346489645373
92439,26003.670104928016
92341,27336.825703048853
84739,14213.267909292998
76906,26160.100675722628
100027,11218.207508652426
102225,15003.232184030996
88476,15575.09614930284
81778,23120.25852476663
103266,17711.511002674888
87660,13218.369150812861
89634,3630.8265228418477
93577,23399.92945450474
92450,23394.132888738142
99404,13718.391601054962
107936,13187.241419615497
86174,-2126.278743164763
98273,13137.473175020903
99007,23326.5954746508
81615,18626.185712715876
91236,21001.469378333393
96984,15535.700219626036
92538,28287.65485904557
87039,-1925.8933539998907
84235,14833.697100142024
77010,19101.687327584656
106727,-1611.1985870311873
102933,8563.995798868444
80821,5243.590209000402
81969,17626.02770891309
93088,25978.010132164083
107004,15090.726384709695
79330,27663.080676652833
80388,22682.74099531691
97494,15521.938691311865
107144,21922.593675396918
93860,21333.49661821748
94845,18393.70601614358
79152,20639.394831341633
95032,28499.11427405512
108333,10838.033959830853
76925,23966.60631262103
93278,40111.25717182541
98608,8411.035041737814
87236,13269.573868016814
79320,33513.388597624624
83893,12118.31012196625
80973,19952.832205780705
97659,7948.79322404971
102063,7870.122259486807
96324,10511.427170751584
101184,9296.300014484958
97392,24977.285315843772
94094,19012.682149299326
95219,17907.351786406954
85048,19107.781677922856
94887,23517.084064020146
88002,17870.055337877468
99157,13224.630547404091
102746,10720.370458485815
89164,13878.661217276698
101079,18106.689380275748
94124,14878.368484016746
100161,13241.687057515526
84658,15321.756609705522
105603,16638.98891989323
90963,21847.543173058915
85012,15373.085134195326
108298,16233.961809927649
104080,-1888.938329654473
91850,29901.05475519388
102713,-187.71612550162536
83295,12161.692274725587
107847,13335.093749802054
105847,13874.114678745136
87143,17819.595561524686
106090,16793.08969059816
88925,9597.098111389128
106297,19477.37120728847
96596,13624.135204155784
99233,7890.570256134251
103321,14049.689078577438
82479,14364.803162163276
102734,17906.23140476655
107461,27253.8064135491
103237,13237.199558016744
85581,17907.848664518187
99196,4914.094688210513
79178,15748.065981369518
84339,16298.434861046288
92764,20560.13964901976
85498,18209.109569645705
100622,10212.103727453683
106518,29200.72614801581
82821,12596.448092493614
97628,20391.449546831704
90763,10675.485264103434
91567,26912.82055902117
107462,6933.391578779467
95833,21983.59265236873
102479,15877.623676660092
97555,13344.193601492183
80881,12882.896182024757
84016,17659.998977694035
94051,15774.146291614215
76277,23872.362058512306
88676,6210.913645604349
102566,8731.665416647485
88564,16049.814867456107
95048,26404.256792085012
82166,12505.261179726498
86227,25404.97648822224
83738,10046.950022196022
103684,12511.36157724003
79893,22387.393994684488
100634,7867.094493384422
96392,19650.812849556285
96311,17282.756137335808
85015,16876.82144232547
83050,18090.460006820012
81925,27916.823651542112
106187,11499.392862760531
83863,15091.394194345365
82048,25565.86767600369
100962,14496.974860869794
91587,18901.03317451329
104915,18061.55131815475
98779,19199.350752655395
96698,5973.068295550345
84701,10964.7967181413
92986,25891.147487889564
77112,26157.305848523712
90774,9807.089348011134
88520,9580.309007954187
88281,22432.693492179067
91388,29312.75749519117
76441,28154.465609772484
98643,13257.885459932833
97850,13811.876397834807
98344,-5450.833283336269
99441,17262.05976967996
80230,24143.126856075894
106370,10220.448279790842
88901,11761.953379030754
76590,14951.5054754246
94998,18737.110624614765
77283,32206.867619665456
104065,24606.190001387065
107919,21709.777120827686
103743,1819.3706477627893
100503,2874.771614717829
81273,14931.083784418985
81878,8425.818112489447
79224,27392.008429083926
90254,4531.588672811966
82712,9747.796137553729
98113,10776.745506831776
104562,16745.154829012507
103014,8205.925649418848
107299,24451.468131773785
99799,3480.31312068188
87952,1046.6974205504957
101836,9568.655532784602
104896,25114.471646500515
107665,14641.137968312138
96182,24750.491468433822
84731,21920.719381738672
85565,16022.087638059831
83237,10329.418099532835
80785,22964.454624724378
81935,31397.286912635638
90932,33682.2626910508
99204,15621.594444392867
78802,31605.602880610393
105421,15153.595260639235
81831,12699.904623101353
100016,8928.152553291688
76262,30010.071635481956
85286,13892.162835536485
78629,12747.092320653748
79451,17995.313482117235
91132,36932.28153576165
88726,13434.052405891536
89928,10927.752173810859
84672,14730.587663272177
102127,9151.880901434542
78630,17152.585467341636
105874,11301.747888499282
81491,17844.256748157466
108085,17429.948324183046
99711,8939.966617907905
95713,26107.05798116485
79499,11218.310934626577
88373,8077.249840356377
106412,16083.92881363408
86000,9785.553464207136
77849,17913.27595172765
102224,15508.675940193372
90591,8371.51418651847
78511,15826.596939433446
83611,15905.473343676636
95316,9387.844683652282
85207,5023.929504458298
86755,16176.371812811158
91361,25408.521913113465
88107,4679.475444421827
99468,2847.2077376217876
101776,11893.710006182966
97132,4154.599325852945
106405,11417.473519056713
83804,13908.048034889976
104093,23577.016530688852
81897,25157.204150330796
97522,13339.40141218145
78569,28723.253668151116
96486,27894.499942873637
99636,6955.299502184998
80770,28412.216134088336
91534,25728.62747521167
80461,27289.215355856424
102345,6008.796825880614
95431,27854.11638318855
76350,5322.933463220952
76330,17010.58216333538
101604,10546.136847659047
99303,15097.699175911599
106266,16354.13615221749
84697,19431.417552797837
86296,8984.727952421163
90658,14090.27745581873
102954,9960.081001739441
106174,23380.762248176958
81510,24776.82555068184
89222,14944.25519964813
104391,15194.451418819515
76573,15556.378687874778
78060,16655.05358390002
85030,19201.105767109548
105478,21987.30234255897
83477,13630.672506998231
101134,12787.656361095265
103096,7974.8023560328
99391,13992.489405545053
94614,19004.63998378718
100110,5362.146809085587
81782,28152.57347396147
90292,8280.120596078432
86357,7708.697450194966
76157,10385.0725776328
80325,25376.76202012092
88991,16442.217991689387
83117,20963.908675794362
90513,16949.465913554075
82037,14965.756277636714
90066,12598.506699401558
92814,32803.6374562674
93991,32244.406351498055
100121,13899.003631079138
104495,11646.227415614378
105953,13466.279032474253
108089,10857.853032348865
84778,19961.700092071387
100753,14879.497863121722
107832,24965.933180418568
92190,16921.12773511467
82029,16345.712677587295
97914,8989.7957500928
105776,18582.124240885772
95402,16864.124523955317
99097,12700.95219553087
105043,8128.335215958881
106998,3120.800977435858
99567,13526.371744163269
85421,4896.689366978282
99161,13018.535633548623
89951,5131.959053503182
81358,23857.840038279188
100373,10026.266577712355
80291,44468.590999640604
88545,11008.4420498594
92994,22850.508437774028
90248,21172.19615902169
78625,19992.42682592022
81990,31663.20585201548
103075,11684.329067138886
98639,6954.284480189366
103368,12529.446705775792
95427,15798.89699909736
84503,2525.953455343857
82446,8900.743261581492
97175,12275.59168693137
101777,11159.843565562056
76086,14101.172228937896
106347,14336.261763580624
76445,28304.087646755146
97649,12788.28680120212
99273,21108.085659491197
98864,15192.209080801662
98037,21013.68370159222
107264,22163.222762559642
100104,10791.106379990491
81842,9399.312745561394
81839,12398.636162948493
100608,14786.078177656662
106588,7524.458756476393
107466,28532.576367510235
86092,13474.521040277381
92204,26374.685768742725
107905,34843.591141017234
76821,18800.606298351016
81022,12301.163597916346
105727,27352.028010241727
80544,43795.268924889504
93388,11983.79630841855
93775,22497.407292078882
93733,24316.728332014347
108177,20326.906607685985
79746,24885.060891922003
89285,15350.377765361243
100243,9124.253980060601
107171,19980.7845791755
93444,16834.022256788572
107421,14743.80942246296
94071,26595.24749504092
92195,34194.70149435941
76108,15841.668901082416
100603,10153.252111334852
95800,12484.468798192343
90708,13099.031085897157
102701,10482.461625335975
97732,12209.089445824875
102574,7555.925547613335
92237,27790.613122031904
94192,30276.474236094436
88219,10694.930368919253
88910,13987.963228162433
100811,14648.301778119067
103288,5526.592596209735
100370,13352.957458318193
102544,16351.130338569732
107473,6049.553056810462
106926,12319.654954131885
92514,23836.728904610896
78557,13575.005475545053
99091,19879.432297920503
96487,11134.90646981402
86252,13153.22901318011
84763,7589.109253916991
82531,16212.011721935309
79012,17750.467053032633
97078,17656.626018338815
96824,6253.95877457138
79970,25025.347685182867
98057,20610.739996596283
105947,21710.36425263385
82539,18011.692342717906
105816,21526.313680667783
93800,22366.79752923299
87079,10719.85017814939
87453,12862.233187153244
92855,13464.214043844964
95805,21582.307798896858
76398,22502.934080691637
90724,14509.712400202718
102196,6786.813946631732
97661,10555.57598257175
105475,14680.800332674982
81241,12659.334439289923
91106,20979.414015104558
89543,20748.629371751624
94403,22163.366316383952
80666,23982.653628077394
99769,11901.625754744535
102351,8741.842177560044
102941,13470.682023721827
82783,19362.723732303886
78504,25572.257180262717
94715,28684.65634865983
92180,23719.866398726692
103904,10361.693338730543
102921,9250.2820092511
99685,17026.43258973104
93048,20885.45433374978
82988,22006.925326757042
93279,31224.97842619891
80084,16943.58267741484
101966,14032.15982976428
94667,27207.665736405932
76298,13209.803608481063
87379,16853.924128191073
94212,16791.428711114313
81333,22002.10090099764
85998,17099.577889321867
90198,10663.95021781307
87823,13000.028934136259
103530,13562.50209303655
106243,9256.727370230423
81208,19798.66278322929
105153,4840.922734653761
104103,22673.84383464381
89555,21144.83939683844
106042,18370.081387102222
78170,30062.59729699963
107675,15875.347564752254
106705,15884.490243744836
89953,7601.670690782295
101934,11485.845893645837
104727,26709.352728200916
87327,15227.438482043435
103247,12592.740006914884
84673,12985.14432547595
107520,41128.19587095864
76626,21324.7270739984
98638,13085.275214993102
102060,10418.394926385874
83635,22434.270135983417
94566,33929.81766094108
79207,33219.27236165681
98700,21051.790806450976
86563,16930.958612961516
86891,18161.68996053539
85278,5357.027143526218
91817,27823.61516558194
99473,18129.946658704775
102489,1138.7155849760602
89191,15061.323700568737
101746,15390.599732797913
84538,13337.203178852003
78072,25057.160342060193
99832,16513.100241867272
103475,12891.021149129236
101016,15877.623676660092
100280,6436.840335784094
96067,6898.920997411547
104086,20618.588685204515
77248,18941.149541607298
104269,23372.626928170353
89495,7989.360846134417
81340,39165.62067500739
80277,-9682.12508585388
76683,30037.86559299398
94847,16181.599654233625
99029,18967.487009324457
85874,15026.011040655532
78105,22170.57417024088
94978,23469.41036123249
101666,7030.662748973544
100757,6854.952702237117
86704,7854.802751524501
91205,24322.064432201027
95762,11407.785434582485
93641,24134.803842408804
87073,21747.037450107946
102433,10720.545163865463
104382,21086.022806837977
108060,7540.6176173382955
107387,24178.841408503653
85027,14994.866506971308
86014,18744.043104941942
102602,9409.034493600811
107255,18084.1990336198
84269,13238.043195557224
85885,5496.3455038870525
92843,14154.029983348719
107862,16872.530019173544
98781,24315.324035774145
106119,19042.235500996027
101872,13546.13911751119
87865,17226.042722333164
84803,11348.24141953257
88438,11874.890682209405
80105,22174.724061852274
80595,24018.817165869543
76539,10118.27002142193
107236,10177.704660181058
84946,12482.266874599189
93772,24953.476213178365
87793,16665.92753935768
104843,8290.381821511182
92234,20804.681602962093
89467,13648.288836972832
100145,15728.26204405042
93382,35518.29780565383
101891,15359.456072720335
81354,22944.415614329006
99309,12753.205666375223
81431,17145.367529424613
102073,9761.014591426698
88468,16321.563407572947
101873,15001.895790476068
88120,13987.853329653033
105714,-102.60525211471759
106015,8435.846423879357
86707,16102.93125150868
93107,21864.2868389868
89230,21570.383784063364
100875,9938.157118839186
82920,12097.064240544503
98114,12292.299754282494
87262,10663.171798532701
104436,13106.05018165907
85404,5348.930170811065
96189,14857.19272646954
93408,34752.20939239676
92789,39481.01239455011
77768,28257.41427659
99414,20035.284750954503
82807,17766.848666755905
88996,16337.497264457514
90305,5876.969082200241
77030,16490.96967528967
86129,7680.403601254371
83660,14580.976847526448
78602,24715.960342485152
83672,7033.142892260192
105105,23327.392324732704
78704,33269.019380429214
80789,43542.995883869895
96633,16582.822325322322
86132,14634.561099254746
81619,40229.3152655061
104645,24234.207002556956
103853,3489.0917475510287
96259,12988.96760121481
104677,19289.99274450214
76418,23815.73026256138
103593,8117.979337100365
84886,11885.984776549005
80773,9409.759930624354
94688,28301.10473362803
103823,6873.200919378607
98757,19143.35997011801
78516,9428.386200113302
80596,9105.281618732126
102855,13401.995958471525
95957,20792.933378251637
86440,8784.998790770815
95030,26405.454220646927
101874,12729.249952801607
84585,13118.512409847866
76257,12257.024034708755
76971,20582.33277110202
94070,25176.635183332848
106041,26372.754427088417
87346,15080.61804835382
80993,26194.023965242242
105309,19630.675787646705
92622,23497.232919455746
94582,31152.392953108778
83334,13088.303244414888
98922,7941.017567330851
77691,19000.232437960425
95469,21216.561957526184
90587,8711.799479651725
107411,14592.070801962145
97489,9535.226374929847
105719,19720.01303391708
89534,13670.324028351228
80741,32727.67890091127
105737,13037.995124014311
99043,18346.572279238913
80254,16019.576567374846
83172,14962.325373013731
101830,9949.21325039693
80506,7354.371459787355
105763,13989.464890755902
92507,23653.88530898712
101742,10678.741880812995
106547,27182.33725258263
98619,16769.03956513235
83503,12522.232745599696
80565,10059.582923614325
83013,14865.502739078896
85721,12539.952893222617
87556,13067.17917506149
84442,6057.943927403641
79634,10821.523362207843
97497,5234.269293812473
84325,12859.563738518278
81399,7998.062607241289
96361,11345.700597955387
101973,-8792.774887852804
78352,13128.033702021505
96564,13214.126464616811
94669,26716.14900202083
76655,37799.17357117725
76084,17160.462138591956
93215,20155.851258513096
105802,13252.443506257057
89981,5525.124494786211
84315,16907.05691598981
83297,16401.68613710193
93291,24732.01590234121
92128,25761.167344856796
101550,8155.0783738994105
79384,13484.722746337797
103643,9719.45340200935
88482,5519.203892622951
79950,25705.66543316513
79519,28396.34738065757
80376,18846.435054652793
83366,16402.953541743038
92250,27287.631189671
87368,12682.614552554427
77347,17819.835795172767
107935,7373.765128290477
95765,25215.862264739284
91877,27046.8431916282
97574,10826.313094661095
95192,16942.19310223068
80288,14393.445508370012
96795,11464.211359625766
80851,25575.14381950261
93753,27350.138790209283
99782,963.4764041620729
83153,21276.65486147454
78634,10771.448782265896
99463,16135.518058864713
81675,20119.270537614648
83093,12946.183948054411
82993,10363.357019756786
86972,15646.481414043741
100455,12543.494355007904
92692,23434.335578550465
79761,32409.804894500106
90624,13310.372771709872
93517,26135.85114720582
99893,9761.280432801692
85441,13396.246435116274
91552,23415.124876717982
81031,16574.933968192345
82232,-1107.761206567353
80062,25421.59566833238
104764,17916.364416374556
83572,6120.058811791925
100100,13884.58924130872
96649,16202.63490030714
99860,-11579.30411940748
81915,23570.487943435135
96284,6822.482801769151
89243,8830.040641388776
95051,20744.110845805066
101507,13588.098074393158
108257,28515.66432928488
90558,22345.002444763406
96913,16425.309446421314
76621,11463.101390450123
99801,17181.69792255831
95155,16509.576971215272
96739,13816.668887833293
90592,10538.535435298189
83307,12686.981712827604
101154,10048.43579120018
88229,11676.280625884101
106301,12548.33479176681
82193,21460.924940723515
101153,13505.149100808889
107721,17369.391475348806
104792,8832.985665427705
92322,26914.773128463163
99316,13784.818221873475
86404,14380.754362788804
79624,23900.112739987846
87122,15065.106111449655
96046,15494.796900121666
83384,10675.286997754247
79657,14437.9338707495
86605,13863.501456165683
91883,20496.201777047303
100473,11352.992307968505
96611,14116.426404668722
89102,465.4494844519286
103838,13117.314009150263
78454,20204.0903390321
89761,10421.270260399728
106275,11951.002496182411
77831,32011.138457735025
82876,15007.252130705201
96899,10801.543414078982
99945,12539.13710455098
83505,16255.326595392115
96841,6238.419288221183
94189,23568.424891928116
85020,9585.534238668773
101456,14479.72476793356
94155,28029.5449496839
77575,19324.736754979676
97904,20802.376558589836
102523,3234.2730207637214
107541,20976.562547230908
87223,8895.582641168865
94975,10900.748561334403
104630,13134.323732475956
102538,4201.775216937092
90345,6969.220895410359
90170,8703.340235608326
79448,24184.730109707532
100139,11271.607123393955
97457,22821.40222452925
76291,45737.94584932819
83987,12912.081187074235
106283,35951.252277489344
101864,9796.334671961667
95757,22185.149995541215
107668,17745.233863626694
96696,11317.105419441066
83094,16204.283627307786
89521,9476.918295494099
98998,8224.577357925515
97028,8814.579214571775
95291,30419.67866582134
94443,24716.227051485737
102182,11807.919047612226
81794,18796.678207535904
105003,26777.94904292616
83041,13451.105491302536
107213,10819.575657682979
104467,12559.848938872066
93950,35618.18417626931
103790,6296.358422890449
89125,13004.290066594262
80748,24616.901665970694
84795,20460.59781286406
91105,25623.759886842563
86086,18337.595308986012
88522,13220.098601295711
84472,12356.08086234155
99289,18955.339139779426
88050,15577.224783344205
98087,8322.060630316819
95839,36718.26147709106
76057,25265.12821553058
89619,7451.832728887943
86471,13046.524661926156
97685,7086.742062714078
79824,28983.22859185863
91710,25248.09293282874
104474,27017.669227421826
104157,35105.68150055442
95117,30213.18119215618
96337,8285.936096829293
107562,12631.21489603515
107286,18133.331840586503
101251,9468.507215632388
97688,5233.744582108828
86405,5624.913547248267
97631,15767.73822779501
92981,30359.020136201645
79580,24143.00038955875
91562,16172.885360670698
87048,15927.674340277845
96103,28228.433483841698
101854,11645.668149648816
82126,21289.73841444828
105443,24533.550761534858
77293,35299.34211517412
108262,16711.273321825785
107157,12824.193031020603
99717,16882.635115368892
93208,23568.27308841688
81353,18430.931815359403
81790,17755.905886351946
82153,14607.356461680241
97223,14408.445364783329
82088,30794.578934607485
102996,11449.509090572303
100023,7885.557235046566
84333,16874.50200101601
102506,5987.329215232083
95753,27644.286786683035
77116,6610.134272480984
84459,8310.549188364237
91453,14954.837232709026
76524,46575.90361323721
83249,17551.862111921833
102313,5011.761925108924
90456,12773.259809554875
94635,26764.453003762006
101187,5847.547811749977
100776,15400.45148110118
84563,11542.14270363265
107706,15894.060540805312
78776,32091.623328399255
77019,26992.79228183442
76122,25280.380787821363
79042,18209.69638311698
101851,9608.377001781058
84657,11393.222224744331
76067,20763.512846145437
83598,2277.623380146575
96003,9219.203774354908
77817,21860.295031340684
76887,34095.289577240546
85766,8227.481431882043
105836,23452.058153930906
92443,34217.695451156644
98875,26715.766354056952
94808,24372.237276713153
99490,8829.277334186285
77469,14764.616019543235
105148,1745.2244461825103
91649,24032.14497312322
107040,26632.7764674352
96074,23712.979273178047
100656,8203.118270803274
90366,16813.631092276584
93981,18882.655980323834
80858,9518.076487797729
90070,9641.003695284018
86606,11928.56576057163
104521,8987.437840543691
83071,14939.560249559796
101956,10843.90440192506
83846,9508.228943122493
100982,15092.29888389771
102610,8289.463642060633
97828,15364.534658125942
99450,5061.539926424779
87521,5318.958034555191
96065,24608.178146933697
88306,11406.469428711585
96325,13994.473388282711
95801,24630.53241604868
104248,19421.700855061536
98652,13442.409142947621
103877,13460.620555846004
107470,22231.941034578238
96801,15481.501151099355
99595,27467.520555771334
86094,17663.76031227975
80874,38334.490915275645
94606,13683.09845141934
96127,17952.12541313052
100687,7692.336332668725
81118,25384.20452567769
84405,13386.572049634826
83257,17856.136049864028
81541,13364.709461407743
77940,12904.524641471478
101270,13626.289245993892
85349,16765.647618206254
92315,16794.215661889582
108360,12105.16068465399
77607,27307.237824170574
95640,19438.302398036143
98143,8090.870350401559
102200,11650.412906593465
83375,13396.869220510287
102178,4327.420885848689
97500,25629.675059261142
85782,12180.931926349525
96049,6686.4000066691715
102744,15355.084517391402
102560,16432.201548111814
79010,19392.245213037255
85644,9404.844866992404
76595,16549.094948907456
82219,20213.3734434641
76899,23231.830653009223
85663,20989.690761742775
92737,21314.430784872704
106758,-4676.338266034367
94625,25361.590915919794
96472,24946.312429923662
104250,15321.954793498397
86303,22455.809655633442
107881,36250.247374285835
101517,8964.572078853662
89988,15780.412466673828
92689,26298.884895279552
99002,14375.074760748572
90734,12692.028845795441
91013,33951.94368016542
102056,13762.219820162913
106641,17872.652222579538
100391,5941.9566294088745
77305,13099.104282087585
85197,24610.451121735972
81122,22553.94694518229
91088,27113.708197458047
107377,17276.746319831942
86495,10498.894375345048
78661,15000.669040622317
77687,13667.227987511498
98480,8514.702382834843
101537,3633.217478952145
78032,13302.479090669818
92374,22649.742559279563
82010,17100.9211355518
84496,13029.533215121844
98337,9472.248208428866
99520,10137.292178919091
98452,25438.12428431107
79828,24082.793207836472
77151,22832.698632516884
84095,15590.791967183732
83491,14856.64729603325
102170,10582.128487930215
88063,14343.712333796715
90214,18091.396098896163
91980,23797.1413907558
96573,20898.7288180055
105573,26881.648702723687
86880,12937.445108586566
100420,9633.346476968109
86053,10480.707805714796
84481,19705.284080989615
86088,4633.152306720047
83553,14467.726540697066
101328,13825.838523869166
105352,10305.898855920692
100532,13748.698079444108
98052,6029.953585434541
83818,12875.395569212062
99576,6091.27046619009
91026,17282.31612165253
92445,32271.473950241787
106934,5233.017831975905
78791,21006.236872516205
93664,35061.290691750706
76923,24336.71980034504
81335,29182.410811264686
105969,25324.594617750052
92701,24956.491126360546
98070,8344.174825297923
100423,10516.985172220015
92335,28544.63792450631
92370,39031.87300110629
100177,7548.965588207346
100125,492.90758085463676
82358,19826.914710644098
85557,5886.643384461264
102609,7010.063341680416
77612,12128.646019192222
81173,43232.78529400985
93689,16987.21518817338
89219,5711.633532013417
94659,14328.283940901532
82424,9932.641709803633
92367,38397.53869353952
95828,16475.655624578434
87894,9812.496367390075
88621,10476.335835345388
104992,21502.381290709265
98567,5968.38837887696
106250,9124.07872298073
102235,5799.637208754666
94841,26172.667650154435
105496,12676.60360932687
90019,6584.823000951679
95575,26364.217937354708
98437,9727.840171301148
90907,16489.368360761477
83289,9887.897990811165
77938,17958.84503623988
98791,16248.887374919323
104254,22279.963340659735
104311,25955.125125352442
96753,13547.031835280042
77998,25970.310864639945
101102,10902.30660828681
102836,6086.393899486549
85330,17093.786994374183
108511,15486.637371548542
89527,16239.026858628733
87734,17489.05070025607
87110,1573.3305754017929
80936,15657.575206495032
80100,22459.35999125051
86546,9888.38702805803
104949,22130.520426156683
83654,19852.931802299445
96736,8328.298227477444
91898,23608.953478177064
90221,16398.079742612914
96356,14950.717845709305
78901,20090.090818156266
91469,20356.9745989744
106591,25961.135566754994
77763,25174.543034112634
89604,6531.436285804546
90001,7133.169831631381
89947,10590.284739405408
108218,15163.88904755418
82927,11382.373853533732
107140,13130.00481114804
95013,28861.853268011517
104979,7922.037741838014
90521,14992.857976002215
108465,21394.977191571656
106606,9688.782716223484
82999,12734.437461157526
93784,21714.411178068844
82680,13562.55099524813
100796,15504.536989900407
96230,20786.766686696723
89110,8523.605287702543
88152,12129.889519052347
101403,8389.369841600212
77566,23063.855701292305
86366,17911.42490238481
80356,24238.58970418183
83500,21949.411022206325
76673,19593.82510425726
100256,17438.493660541528
101335,15641.635246358968
83416,12662.040299866745
104983,14451.90386044283
107300,22109.90579226133
87350,1852.3967933536333
107106,20606.35725291438
90550,10410.076534408625
80002,25236.891610037797
90827,13040.739209199884
97480,28353.686989456186
88160,12827.33583764459
88467,4637.95932435802
98500,7491.843764314799
86587,20901.340832500344
76737,17391.98769791558
79089,18075.026276590386
93153,20277.859296559585
80315,19338.91343948264
76731,28969.820602610478
94243,28571.44835172334
82571,10800.301469951559
86896,-7946.021534171152
88404,9261.614817988415
108530,25655.600663650293
100573,9240.22461472247
102888,12626.395742549263
76011,27267.027905444607
79586,48166.12618159399
85620,758.623083346607
93470,23105.37487518796
98335,3047.9132872335304
87826,13506.029409013208
94743,27936.79975244124
81247,15475.317906642822
91376,30845.87934765406
83451,22553.468821971564
83176,12187.459440263789
78867,27507.96764505827
96786,9676.257062268585
81019,24501.70313353059
97316,7498.36788990728
80560,22598.278568312933
88535,12861.274890834939
94281,26622.71099362341
94309,22673.649312695845
93404,28136.252646049663
85218,15575.934415308348
82697,15380.885674919293
94919,31848.595943205917
80829,16943.845492213768
84671,17897.82513267877
108043,17561.576122654802
105111,22811.390416775324
76997,14163.987881046847
83545,14073.08546599489
82274,22395.57651917082
100513,10720.260097819422
93471,31977.04902912674
91627,35316.597678755905
78780,47877.49903794515
90005,20078.991056284132
104234,11086.509740290874
100798,12333.53834003484
101322,11129.11935152091
81807,19350.49541897545
84469,11506.108174443008
94701,23714.159494295553
96119,11647.930631277675
104478,7776.727090794255
100116,10490.373081719326
85151,16009.993019675407
106970,6438.884533954004
106570,31620.79595375224
101472,4811.738281186603
98101,19462.09330243506
76225,16019.221265329978
82833,8976.097312459777
81055,3821.0926793859053
100048,13474.895366275128
90519,28902.535036611353
76484,20090.518599762312
101898,12977.351169616584
81741,31809.26103764436
90441,7929.4823653794265
108314,15306.431109087918
97881,-1956.0855258122865
79306,22921.73926147666
107116,15101.737971172905
98899,17020.44087429771
99975,6792.797422829113
84378,12098.379414856274
101661,13776.436992459403
100239,11881.318506802518
80035,25245.785091314563
85033,9364.913811453924
76723,9667.086019816059
107773,9692.59379974196
105937,12160.912919895582
78321,19768.02206483314
82047,33490.13725418104
95113,15900.464095287229
84907,11376.111329650936
107479,19472.326137217944
99770,16248.783182562143
86815,16888.282564263012
101558,13282.564978019225
102258,15704.164402106668
95963,21252.626700799854
91995,11848.593676846256
82913,20774.278715728222
101968,9260.413261004305
105332,17681.794270084058
108213,17510.02724415865
83825,11241.939063392343
77438,21348.44790310262
95768,32706.714521980753
83195,20424.84894455104
104287,13440.947681964262
103213,13850.714357215405
92744,17738.82354785868
81351,25621.50558516288
91555,17020.318929186724
84546,13213.079139489699
81270,14235.573852665371
98294,7746.811076671842
94278,20477.762542429038
103537,14211.902221886627
104284,19468.88625267686
76635,19761.13644782567
76676,27795.666573973205
98118,11437.166317875397
79440,41967.66159905769
78969,27979.063259682152
76500,14976.849420527857
106027,15484.171535603316
84604,11131.18927824438
97498,9358.022527162568
92641,37174.40160547025
98216,12094.55170333313
102453,9212.444843561283
96270,12680.947505740403
78777,23246.970801475647
93169,13478.692204999857
87621,17947.113845530803
76876,24600.3447176072
83561,17663.76031227975
84296,15112.782871002464
92355,27539.25107033146
90302,20894.85652994247
91387,15932.583505253642
89854,16362.274387136185
106305,19632.241505462014
98703,10605.432680336706
97929,19549.544999430735
105575,15574.86998895954
79052,19622.11382112143
82362,33396.634336065035
85625,19073.67432175595
90792,14206.744120161835
98488,11837.337071410306
106795,19964.533030355582
91666,23857.0858997927
101528,4581.875916019246
94739,13439.945631150622
80961,9472.627035248384
91988,11837.878686724882
80335,35826.45250097719
77505,19256.714142035147
93280,11461.187817055867
91630,14531.591074380212
85422,11257.718753546385
104986,13937.95353737698
92176,37717.24293441129
89861,9021.733465098983
84435,17162.581513496785
100381,15405.008100462474
85651,11533.052975113013
96525,18827.147228525457
91383,26534.272823888066
99177,10230.988427742224
85842,24220.774770896263
79658,24277.815355506144
84332,21705.294804362824
101621,6480.001908025093
94509,16279.929728934569
87175,16412.39214378902
89394,13628.34872498197
91163,25889.420704689277
107771,19302.114908152333
99551,2122.846713825573
87537,15713.347117309248
76726,18715.3087722807
106637,40451.88073899765
85583,12261.933123428287
84617,10896.768843801616
86419,8957.326151709467
80036,29108.966464156452
83956,17878.501675423337
106663,12113.855074309577
98368,6134.3654563931195
80217,12643.30389953941
98528,10196.496252528541
92746,28988.196466519043
78042,18836.78170073899
87314,25506.555035820027
78148,19849.99107169546
101574,12946.108247719545
84789,14278.700717918717
81056,19886.454091124084
91483,17118.802569360516
97869,13908.393974427665
89084,17889.435571752718
90398,16721.80142844798
91038,22776.714354441185
80326,37160.9684716063
88665,6477.632445026677
99793,5235.282768877811
107218,12015.703675897536
97438,10127.49745792872
82375,9089.574072533493
103211,2974.0655654788006
83430,16287.085595168064
83717,7563.570125484577
95607,24725.739287141696
99653,10265.900405734577
77072,18576.79154129023
95300,14311.960256987051
86090,19578.971123539075
90553,20009.292222130192
90690,13667.989197821273
93608,19360.843706719985
96059,11156.119143926277
105488,15833.727652946342
102403,12874.840825203211
105357,12591.234501189974
81201,20686.622362954156
100092,16492.423028164456
105800,11705.736234501495
103658,5398.608553567974
82416,3625.468253054263
93007,25195.83537293424
103850,13124.181370502698
97328,13355.768326349931
99167,8173.637180067057
92788,27036.91741076888
90228,15651.209798242668
105015,29178.53947690551
77838,12492.231539455139
88672,2549.529898949073
86881,12829.48733429712
90515,9060.281184962776
92777,30028.469935525518
103455,10146.216811899467
97286,26058.397874019185
104633,22095.94408111364
83548,11756.071202172086
80980,21755.172940827157
87954,17281.113590210203
89975,6482.890173315893
83762,15660.127209268852
90615,7646.008304239291
76755,9191.854691565743
103371,10975.970661735259
102703,11466.434190517211
83856,-6899.182707747837
105099,8206.879486578788
79080,20413.273330771495
83898,5514.564360236633
88241,13404.143921329953
89549,15225.62628871655
79740,8223.578007001297
81937,23898.008870714715
99084,15827.908203612235
106967,20343.05520738379
80358,38175.07323686824
97694,12990.606047734025
87454,10499.826385130676
101943,15634.324387499653
105586,6090.956697633006
105651,17955.580377763043
84667,5781.270233974334
99050,10261.422162897816
81245,24655.80667684186
78547,23556.862969833146
82473,23968.128358797192
85978,8312.94862407711
88385,11478.11337395799
95452,14630.952681564497
98159,7322.66040832681
107952,11150.599168169108
107265,8158.932895168824
99744,7792.003232823008
107450,17889.793077070473
108280,10657.32199583556
85684,9716.983437254079
90660,7913.186413503485
107627,17502.542521626714
93896,24777.465320855703
105931,21325.627395401763
107160,10899.67162538486
94644,20742.866848211434
100057,14571.783540554576
85053,11221.057091412702
77037,29009.34241257961
81281,10254.535347366274
101247,13227.278572815034
92031,27517.571109319528
83306,12748.447656724846
82079,17128.221275108426
85936,13287.612744844593
90480,4852.878820422782
92696,24142.10155173837
105467,19321.85737923157
89682,5964.217792681389
76305,28182.65816329666
79665,35328.31894395691
82839,12209.187228678478
93076,20369.941812071476
104369,21847.534486494653
107999,9325.616614355898
83787,15228.656053353336
92554,27846.333856015728
99110,21212.039780110317
82707,6686.47222294411
80261,25001.202305192197
102365,11124.572797632136
82760,16721.44563328389
81142,31344.908351785707
88411,17292.706517143517
97734,12251.000065177428
81604,32211.902410498755
84705,18955.206904479524
104661,14229.378374659125
87897,14595.754113039275
84651,8203.229610781309
82294,26323.70230691084
100689,5269.371430693067
105236,7193.4525106174115
77656,14693.693931189522
94054,27196.135992666044
96367,25368.488653233973
99913,16224.23921214949
77083,20787.325922850225
104849,22176.12695081357
98172,6299.125108640757
98043,15492.14859631578
90979,24083.627830393598
93136,36692.54232762418
88750,8484.494486304548
88471,7646.915150995572
93720,21097.25248209503
76649,12700.453362253158
99291,-3689.763929651588
89267,5155.222144849595
108244,8592.78748656347
95194,26030.994206047726
103998,25668.701212382373
103782,10507.604894396547
101502,13593.921431947045
85961,11294.028167844604
99073,15406.727731062932
106535,19518.97206974486
96594,7867.780938559445
76156,32651.0111162852
85484,10322.549601299881
79139,14566.36544136959
96730,12935.082570460814
101796,17597.294237931557
78809,29843.59357889751
101193,5401.5495360395
96275,9782.458396811859
98321,11777.616165037407
77928,11467.266987862304
78328,26473.4705015238
103527,11036.639168702031
89266,11204.577456891577
99074,8782.403750029847
97952,13054.832895340098
88220,14528.267184345423
90223,22048.057675287422
76506,26349.19705547263
104498,21976.968277071188
84634,17763.026918199448
106803,23739.740295884603
80608,15820.313326505688
78715,13900.94902985535
89962,20033.283750087656
88958,13527.704953086051
98941,15885.497523319562
80707,19476.701017111267
105934,10084.652441780441
106190,19398.461225606763
107803,23904.25031743768
87945,17461.57420097905
96859,5982.981852926972
84495,17282.402315610634
79965,31439.881105927376
89496,9295.950836098651
101195,14732.75817514936
97209,8480.135093557135
101751,16666.58121944163
101541,11897.603678652547
96051,13979.930335309142
85075,3094.104289867337
77118,29129.26458962312
80487,12014.90511559445
106184,11955.64182927315
96374,-10251.576546896515
91702,20152.091653663712
77517,23943.31654136428
98188,11341.257706841474
91641,21984.74319516669
94607,26919.65974956698
86769,10186.977635678868
80484,46026.38408295583
86964,11105.192609493444
103086,6221.758748389373
84257,13861.117037696305
91852,21862.21594642102
87431,16003.658964271099
80439,24138.538515829692
90405,13111.39540119272
97647,10242.38020819795
108071,15598.973885630756
101911,20074.5786204936
82293,5934.136227940662
93627,10450.530141529998
92080,27264.81872325758
88291,13493.399071151332
97591,19267.75003994861
94632,15466.64013889361
79572,28680.423377698928
100727,15318.968612744884
77760,19365.343292365014
80267,24984.84652320669
106167,26449.174413624583
93339,24378.262650316785
98727,12310.546325502397
106765,26463.95544307788
106746,35609.56235790102
80012,25712.557920296866
86651,10001.50881191346
106616,12867.567793228809
88617,10212.256461433259
78380,15586.933475486716
102380,11187.622208876379
102093,16100.770150062004
79049,37127.069780577476
104933,17177.517449724714
81578,22975.28183058413
82296,37125.958895336866
102256,13359.16775777933
83868,18567.81587776604
101459,8871.935599040251
85014,1744.0646953627038
90820,10990.803804970908
83173,6359.726693492001
91252,33814.101701361375
102307,6893.413871540528
95153,27853.50777141501
99149,8664.574983304045
76130,16051.021929110711
80049,24104.42117448622
84353,13654.546557754074
79550,8577.39504064721
106113,25911.924839379386
82182,19916.420071206365
99898,16396.834002588483
94685,23545.026899822835
108125,16511.431349756047
76144,16370.964012409806
82087,21433.16538550476
96666,8072.891720608333
105109,30085.31629437272
94341,32599.520693774175
80039,23624.88702225929
91350,25235.980744151846
99415,11565.61199349456
85832,17617.551805596977
94022,16975.05607968565
104332,22804.359763525616
89367,10645.82140522037
101420,9568.745840576328
99401,23752.669184516282
79179,27407.944219512647
81603,17027.28754297378
94068,22865.936814451066
98185,13533.398913734272
99646,1859.6072797178385
83218,13471.104755465545
84593,12807.403982670441
93040,19634.332717166853
104544,16149.323583668323
98735,11953.430245411513
86524,8504.953094319382
102541,14237.73950916241
88339,12102.776972486565
92750,26012.288742383156
101882,6956.148479276426
78793,20484.487891333745
100625,11682.401765793706
91791,22574.11356014693
98604,11212.888034804138
107903,15096.804160192778
108450,10169.355314647059
101903,7231.07726697416
96190,20702.349017776512
77299,17056.048779596204
96588,23303.35620098217
80932,68016.32700472549
81221,30412.36443548815
107383,13041.137525279843
92815,27326.476763148486
98724,11590.249771720826
101984,11285.28057599247
85939,12685.355769869973
91597,27370.734973232302
82514,6169.6785431134285
88788,11159.748169156159
101131,15504.408861007456
82614,22209.7399523734
101646,14189.026610394129
87641,15099.592938951253
103855,14473.15561103783
96901,23921.356934909207
101942,19974.07587039302
92415,27464.807730254797
96467,5182.326226012534
104656,27932.21313989818
84104,17691.74305913777
96685,25326.925504212053
93816,26607.71809038968
104925,6946.738975666662
82086,18590.863497709342
93855,22531.695560022898
85411,15766.040407781435
88743,15871.97793462022
107201,7853.223401498291
91771,16600.937439403227
81001,28852.97844596637
90074,11103.357448586026
82791,8704.075830655143
102636,-14132.45846186683
102722,13971.357938506564
94571,28713.17627231571
103852,3779.1859106900683
81514,16116.150928545892
99997,6426.924083418024
85808,18335.691954402777
95355,10770.793831277977
101928,6808.582360428529
98862,7417.365929607226
87759,7665.703272150156
101810,12209.253739426476
104902,41413.896359764054
101361,11801.079803251221
81707,19895.347122898693
84482,21476.964726661583
87358,11287.896050379648
103589,13598.507241958803
103675,15293.226622003971
76652,17442.59580035801
104101,15674.579725305077
94807,18421.200325245743
77325,12951.177108782604
79875,22132.354757376692
83034,14849.356117910353
94997,23682.444694656868
85209,9827.538565895491
88344,10797.487425552292
98849,8792.082650721355
80527,26354.082231212284
87245,16475.547141541192
83783,16555.647616885974
96515,9313.75690339126
95110,24588.209776626027
92177,27399.55863814862
94690,26891.75270768465
80340,13605.573757170703
80211,21855.74361658216
87440,18388.335793068924
97742,5916.850822446353
86586,19535.64101184153
98006,8692.099227729475
87613,10835.103944646598
76521,25850.685834898777
105734,17547.006302728736
87925,5872.13584849238
94634,19100.086401283632
102227,6599.378177172601
85292,8128.414129254241
76921,8653.153007027913
95158,24304.054155571237
95582,25456.91959284055
105636,29422.700925284862
92793,25224.685751443583
80981,43355.78582843334
76421,15716.112834301268
87182,8455.096872590071
93677,12744.40816549139
92969,23401.752018591866
95005,18860.38809124047
85337,9760.957972026306
90477,15909.699761473756
83508,5635.773641576212
96886,14293.675482435414
104112,17496.034417524694
93923,27431.10851736084
83338,8216.370794491773
77100,23776.842016705217
103801,14054.799908812482
77772,24727.27284387755
94352,24683.36749231161
78360,23210.083473912437
89986,11389.067741499966
97654,7197.590337753558
90295,17611.84573235349
89180,15388.582898755085
82039,24137.44961951115
79485,16713.78776017664
87606,6509.989188655563
99574,3015.1857499383405
92198,34765.963183483706
83529,18806.941111223685
83789,16113.75551796103
106137,22591.45450219458
81731,25933.833898734694
82668,10459.79582093504
95865,31811.197454305
103389,7617.837124799278
98482,13236.68074362796
83775,14241.197387529613
98846,22435.12188829183
79233,16506.15402042652
93254,28988.11785513346
84246,10724.273217814483
101996,15835.740434426092
96237,15382.929722352608
104216,15414.401782945224
105667,24054.943264317724
78813,15005.868391925198
99270,11391.728937007823
78588,21654.330633802834
105552,15175.729991319153
97164,20103.76762813737
84342,14803.263106402841
103688,20077.464504195537
77484,7610.422097989687
94326,14170.01769940785
81254,38210.036622750806
90674,13807.089301553753
104261,11159.308493306848
106636,17371.194457349255
83188,20056.662645856904
93725,21587.904260315776
91349,38804.09110793022
106973,11212.135344419321
89671,7354.259462000977
92830,25216.166523950033
105964,20222.27968600726
89696,21286.18266811854
99813,12582.083735869677
108159,36249.85431735792
84988,15903.002216707158
84921,12126.249037259377
93609,25654.532549816813
105751,12862.202432053486
92102,27146.98025626711
83130,20139.09026936404
91136,23495.939686582802
78276,4200.133528209681
108370,23211.46710065304
100384,13984.049661786848
84940,11527.485821240885
91942,34773.67434918584
94454,29434.112245150605
100909,6663.500486613528
87701,19870.322530429665
104798,16811.955949650997
95263,23405.342245004955
87121,10894.848597690467
93095,21682.501114596085
85642,13950.576794490942
92656,15126.270058537488
95617,35447.23731800804
78219,13620.112993165985
104179,9557.696484427057
106438,18369.13318384689
87196,3875.679734690133
90335,20672.427774963442
82059,18304.934158918335
92365,21356.00115473255
98309,10799.512107252456
77684,13287.702586425987
89823,12145.595737731303
76689,20313.36408847829
98279,20550.97544038579
99892,9012.002235836966
77342,32215.27903792295
81074,47775.041843329804
101487,12614.132366398153
79070,13926.168145289983
95231,26011.632028396874
102572,-5876.151731588765
99529,9486.269321893718
105996,13224.203094191878
100780,7603.107634526397
106814,13655.590529119683
85545,15795.843046653412
79630,19469.11593271597
91145,26057.67552727297
84823,8182.470315379393
84954,12276.150452135946
96658,13306.557598974323
91360,33098.28649739195
90452,13602.93006749084
101820,4222.227290148532
81605,23324.87833305058
95895,24609.465431449098
99378,6821.491626880219
89327,16420.073151724482
97326,4609.137525032231
100777,9135.585409602138
87405,14085.96033886191
97627,20180.112509161958
107458,12153.570368735134
79060,18292.262193897535
96136,10447.236981027445
98257,10881.77687872417
102335,11231.409015433837
77850,11660.160689295295
102160,9078.10705581689
102379,-3733.0713797058415
104579,9676.480929479765
105614,18508.199676456647
100113,11417.581710058039
91032,24196.43516870669
84428,3667.9791534593824
95075,13885.905692249507
103736,12370.529264229648
86290,14811.323346625522
81511,28624.55141206344
90680,18795.267129696796
108256,18883.844857823708
104529,21260.69978263088
105190,7495.189414538143
83963,15008.876317074311
82386,48658.402246547936
96710,6675.0799671450695
83474,8036.500753500961
85539,11007.309785695186
106439,18931.31601565007
102158,10126.660346008453
88822,13937.763138640745
100881,10699.739934997939
76677,37300.73161515998
90178,9323.495869229475
93735,14098.54518352465
84662,12418.262468338526
106182,13833.424090951281
83398,11293.82000582782
87992,13334.664091108069
87968,12603.321563705706
103912,17362.386145524484
93375,22179.72023867181
101226,5375.7414496222755
77949,27764.096437404627
85607,2388.5720455355404
79522,20597.057358529888
77739,10971.2703613362
83123,6722.366300802645
98241,15945.02944277571
85653,14310.354869060133
103346,13957.761274077857
93933,26827.92026259041
103652,9049.348719616448
101032,13897.257925795337
95245,32850.40965103108
87397,11515.92839873843
104051,7719.512912855333
88815,14236.565015245673
78834,32777.086286200836
86348,11440.134047367395
102205,12984.519855878916
85638,6291.148869487977
84036,15681.793992552983
103627,13498.35633672474
86641,11557.310573422143
76954,21338.95204711517
96042,17591.8789271278
79230,21476.805900330637
81240,23710.287044925764
98464,14504.32121041065
93761,14200.062650304248
86239,16049.556493118562
106231,22092.088148491846
94092,28362.42245146721
93651,27763.766582217097
102239,15873.354766576042
108216,21309.016654228613
87035,15974.09910960675
77754,26704.75921509449
102892,10071.768400522446
104205,8009.800742919606
89539,6994.533761568418
94276,32094.151564443127
78405,13679.482883525454
82829,13270.10675190326
96653,13114.651460796686
107768,10804.183127613307
82557,15115.99991273988
79190,15163.577015058621
83639,21031.44707208599
106302,23002.1016382022
83161,8417.964866261764
101839,15766.80134774861
76769,31702.006298477594
92536,27825.187393293625
105981,14701.72528459222
89644,14527.596065741665
95175,26884.20601466858
95837,26772.643743327222
81282,29683.11467773381
92231,34345.14832457457
85287,16435.47769909273
82582,12963.511038749413
82666,14920.694623710335
75999,17628.943051150727
81738,20676.204034724484
87020,15977.355851966278
93066,27127.248798485518
88496,7128.210796889169
93297,37905.19975945249
82044,17420.18317075693
81673,23339.30124978157
102694,8631.051310771629
89509,10847.91656436855
95965,28214.07791777786
106101,20983.161971606984
83569,12727.239195070011
104718,24004.347311109228
99492,20747.976894102314
81091,49585.32602890738
91028,23173.44787222096
87981,11512.991120886105
91801,20510.318823066547
102243,5486.141315293
82445,13213.11825436074
104094,2079.6315617123073
94745,33614.09865851825
90106,14194.716578167478
89015,7751.448578042811
93183,19784.541739137305
84610,1134.3540313486992
77055,25431.061208175717
79194,19019.906621516606
91155,25608.797009988575
86569,15401.99487291104
82485,9642.368805676484
88760,9236.924604216136
105923,7768.158449765595
78686,33101.61427838654
88814,7279.564146161363
82320,20601.744183568204
102937,10045.124132439782
87116,10042.578810676627
90494,9219.805555631261
106037,12370.47411100012
81698,40281.34388807441
108120,22482.81172185955
107501,13237.35359785543
76407,23830.815092643195
98601,13989.10911596494
107872,15372.894971356853
78176,19278.641556534323
93534,35306.38354131019
91839,11955.447748203314
106436,16769.98129429922
82935,16074.173377139981
84674,18161.68996053539
83479,15270.9858511821
105047,23964.5149213436
103698,5659.135494652732
99614,16861.427291390144
84726,8972.735863279497
84695,7184.287146833509
91147,25624.262943140347
87076,18706.504920906104
106200,-2091.9732632877967
94496,21628.864227507693
105826,15208.58955049328
94976,21995.466056074125
86380,15030.483620302777
79211,12273.332058579337
83213,13772.695295296271
84355,11832.450422966274
108034,26315.30912394297
106948,11811.407674326798
94995,28438.672041049078
101963,7705.3212672323025
106550,15414.401782945224
85682,13070.516486566394
98174,13958.491970976964
105423,9790.803031839478
77341,15891.425650529385
83563,16734.000294472185
80177,24703.7388746136
88183,13564.016520236952
77520,19924.966621023406
96601,12120.699504180078
91964,25250.15558237252
86685,13243.341184464662
83039,15170.928556779385
97785,8993.359955700049
95814,18153.058378606827
83452,15776.044828988937
84518,18293.50668876918
102194,7055.597751784289
85247,11967.000529219637
85418,3579.2516901359813
77908,10384.341983937042
92033,23635.944258823547
80872,10547.831291756935
86635,11394.366540039795
79420,25099.496962071105
98251,14945.606539132488
77158,25306.887378399802
89969,16191.489326000528
85928,9157.830223477216
91375,41385.04447713164
80568,21291.519872599994
91041,22700.582086484974
89322,-8715.052683251313
88057,10826.63283710806
89486,7478.858508151676
105977,17024.698603597004
88167,12850.074809351645
81115,38228.94874958633
91486,11783.107646708195
100782,16084.727896988989
89320,14101.465093277764
79784,17046.02487372387
89096,15670.457886646873
78264,7937.609751377031
97581,21662.107308453604
79576,27487.709179483725
89259,10151.568075486415
106745,8752.716073699203
92013,25533.209999691022
86678,14241.578138419834
102324,13606.119378478717
77632,30850.57726721731
106887,11791.029587860176
78950,22407.685000856764
88191,13634.560048138665
88247,10116.46548190866
94345,17226.58631804691
95349,20960.192346427233
93901,33932.21025195932
100074,10629.901904133678
85164,13609.979490347647
106172,22706.15779822567
108479,17298.028703825043
101908,14390.877443415875
87385,22015.805664137573
81494,8588.655060252773
81977,3172.4017373192055
108330,13609.420892470609
80073,18209.998389923305
98716,8372.031542625567
104170,9253.511474244668
103992,13898.202790837535
105540,19878.854992948585
75987,16808.37005032995
99496,13421.338888364864
78765,29433.209152249263
98564,7666.122074736511
81895,19788.2937831437
100955,14340.351621395168
77153,45480.31738693499
103888,9232.745679080934
105921,14122.59641091728
99660,13231.694107942927
78579,26858.56578630482
87023,16595.431582192676
95879,19094.362146136908
100433,11790.838197850888
83011,14652.183410828478
103255,10614.785108185257
75978,23803.768996663104
102295,9468.609908021634
92099,13598.164808280471
80985,24090.332246615548
99556,9920.884734670904
97124,9043.988436054347
81386,24843.858689814486
92818,27165.20460045618
76413,6256.151228532941
99585,19396.058575884184
98093,12914.428755149238
87527,6674.396743143527
77911,27189.320745794514
85090,18220.569888337835
80843,16515.687068504867
107096,7489.956133064907
88042,14590.150103867047
83948,28362.22189543088
93242,27489.28464963266
83677,10322.318348143708
92864,10294.553516419172
100323,14054.799908812482
81042,12226.023541222956
89663,11976.9420112501
85381,11752.366595542662
96699,13685.188934073196
92422,27308.054985328803
96880,22412.60278158645
88530,11500.024752187586
81438,25560.24223394804
83484,2310.640162091873
83637,17954.014335226846
89092,12752.55671304202
93732,23715.68048005922
92925,22571.108520365906
105183,12196.786404614537
98369,11644.242384563888
100868,9287.692214555096
82430,14261.798571904259
97604,10875.712331548013
85474,19587.068096254232
90978,14249.17524138525
97258,20039.681750896096
106720,8751.892222832923
89418,12011.684382097883
83154,7300.263610633239
98671,16539.970638665363
105356,18192.750928070083
88880,15777.133536884412
84275,13977.106096163123
93184,11588.369269793075
99811,10427.724484748447
96995,13995.418631157952
89700,7144.367062491596
99390,27300.943029718757
100504,10169.147422770542
80427,10821.601236304312
105125,20922.61416471626
105652,16694.119673181922
82706,10396.930657150038
97831,14015.03667459493
79865,31397.905054187617
78586,16689.439930582164
85926,8172.053487790832
83961,17249.965444184352
96313,15961.967886178336
77556,27999.02196657235
108155,19267.35935982367
77590,26326.773858835673
90192,14624.457189817897
88094,11422.977556054171
86737,19238.05021192415
107509,19501.651696392666
96960,23902.008615797637
85495,25472.20407750385
80902,21907.14727619934
87998,12790.362173592763
93672,21885.186546383502
101245,18118.717980000205
85802,21936.17874104909
76378,23758.468652249445
92576,34078.23903047056
80096,11018.987745893199
103064,326.97441743528543
101782,15040.421508378717
84729,17008.596958440372
78010,19403.755668793387
76995,13082.714404434919
83407,13428.748570672855
86858,8213.225942792444
92623,24810.498389382672
107680,21768.736565268682
77324,16348.94340385313
92312,23923.35612999434
95266,20439.822724000736
86907,13893.897985484851
98403,10714.563925889506
77236,25495.565347245505
98098,15529.448274044693
100392,10397.868994450724
80696,11975.054302865745
100083,14179.988045995167
107500,29110.951397079778
98415,16693.90642871056
89111,21990.140729685325
97813,13617.91782257719
86818,11947.710066269581
76368,18671.693080715937
92461,22844.397948046822
79280,17155.73268606378
94481,15343.690706123558
85233,13197.737813021484
87051,11043.878415824442
97596,23310.546468921235
84911,-8095.250802192924
84923,16575.791040401866
100105,13455.736024089547
100360,8951.757180095174
87548,17663.76031227975
106839,12719.0570731812
97625,10348.573690668725
87757,14211.677338779547
91686,21959.736114128274
98789,13984.259964621255
101190,5008.427842763258
88070,5008.991981996747
93252,31262.91477327751
99741,17647.82029367333
104820,4731.108470734873
88169,13806.65318808172
77198,9671.67873991901
93558,28198.645014681788
82381,21984.73895703477
99874,12145.344149251789
80727,22366.55106416149
93762,25882.111513220967
82928,6986.898199188428
82083,25447.273731894886
102681,8678.907670514065
84592,4950.291834514406
90373,24812.12734425433
100741,13124.029929435539
80833,10774.198161622591
91415,23683.36076492587
98086,9486.347933279303
88138,13321.464614057142
86387,17302.949040489657
95134,40389.011046728236
86392,18461.98222181098
91440,23800.451175257916
79877,6790.589857152992
85439,15158.692634528443
88629,10868.242574926484
90541,16204.262654942646
94365,22343.292724943363
105625,34830.06998269678
100340,16529.6835088241
78761,20311.078529512248
89066,11554.952231854622
92418,33164.94895236721
90530,9069.133230005926
91595,26548.36929343992
101516,6227.486998191322
93518,14909.17052610391
93676,17262.03453770064
77432,26344.96302378912
94585,18500.89807671251
96358,7942.2759933911475
78159,28113.42064960206
93872,12134.956360105374
86968,11968.933628935316
76425,20615.781225929517
91431,23446.42002150169
79862,26540.269542809394
86839,14979.472664143017
100378,11527.24800381512
87028,9702.859263297894
81612,23832.956190135497
80822,24961.043571775124
79272,61694.81564714536
76037,31941.089141550627
94336,13854.844328865744
95900,24698.618101114913
89645,8199.669697631765
88068,-7486.816096454062
78067,26664.523016484807
107703,16122.640466815488
106822,11512.834433950042
82155,-2662.571996446164
91564,32318.535445210746
107241,15575.692188865014
79829,25023.794197753676
82574,5795.454564045744
93529,27499.197013823432
86196,14440.630424933634
88887,16196.773683568206
103822,15743.014567205257
97431,23142.99220676018
80655,18961.13322617771
104352,6875.51262484168
95983,34489.53187151333
90231,9490.88621426452
91426,25211.754957457393
96804,15048.501683487586
91789,23697.65696372278
91063,35181.81617286189
95672,28954.209503018206
89669,8375.874901162122
105177,25279.317539055042
83317,8699.506243286249
86083,14890.108102766702
98558,11519.90429642196
98497,15555.297595466927
107910,11071.420964223893
101650,14075.853668296102
98157,13327.05829825245
99234,21731.50546170842
91943,25225.593847146236
99237,5163.799995414478
86413,17062.46419636889
85589,3854.412904784036
83028,12440.13380246425
84633,17839.674564678022
76000,15627.737565147925
100519,10248.746415902315
86940,10204.926630648286
93162,26281.74313566975
98061,7838.310559064639
99205,18073.481891552576
86507,4317.727213068007
91613,27470.175282811997
85308,6979.37387529105
105270,24115.329127696452
90212,2786.5599189809873
94127,15786.293024685217
99422,26051.888445543136
105583,11320.792230199439
81264,26571.53487422545
96205,8872.012850693563
105242,27414.49704642695
91770,25193.338384193037
101725,14825.649063996656
108296,23739.66168449902
82556,13368.455654826152
93282,14294.013609505131
90749,21401.021712730966
101708,11015.620497218504
98952,10346.027863420657
84008,8829.560800395619
104420,25791.063006224216
96406,6763.76510319975
83723,20829.690781226625
97143,22144.15103957535
97025,14841.511121310195
81322,67718.89180035118
102314,8868.57585887628
79427,5142.935658707529
107605,22254.305945683165
87036,5388.728563509365
91115,37284.658279824376
107095,24705.788738870106
86726,6054.465143185371
89311,14147.277278105576
85612,7963.871023995842
78297,13586.745202356524
87140,15889.487645687454
99815,16293.224196388719
99814,11080.546402811568
79285,25897.34491537748
100846,13357.20606441686
83155,13110.232645886404
94858,26582.19520098563
85781,15714.196843104906
92914,24673.84211335855
98443,20328.985009807977
92134,16242.416921317832
102425,11167.904476238873
100338,6835.153008755933
75995,14205.281392555895
96586,8197.762996539272
76467,11750.387443208292
79386,24391.573062459385
87549,9775.6696279719
79953,14880.072495000488
85516,6381.362663680027
102251,16783.85041729069
86747,16355.573573051395
96255,7866.310694145532
102580,-3655.289649088594
97573,12454.06074811699
92803,18422.616819774492
103185,9316.54292234685
93477,23027.850208406948
90488,17395.271081201154
103256,14270.144559945482
98259,11198.083916254767
79168,21306.07061883082
101416,13915.964882768681
84088,13471.32030834903
105807,24226.34586399855
107132,4123.30416572564
101505,13308.045398415365
96102,15790.534039501023
80342,25365.34192783383
83221,8020.343369873186
87186,17463.937674512916
89162,15925.126190072646
100282,8934.594942033196
95292,25145.80329077844
95878,34354.62811730632
81326,13606.867420493509
88518,6961.09025312608
108243,21673.52665580391
108026,5488.813917031977
96751,10951.384350338718
90571,11325.30119461616
76767,24809.009314049224
87910,12568.992538162596
108470,12123.951575764331
82634,1958.673778007127
92666,27469.863930453772
96690,15481.600621465981
102493,2388.032182015657
99491,9206.685501552322
94959,25915.09667180419
79015,60278.18725807182
93400,24015.200160330198
90577,21152.308817730194
83608,5133.05383076629
101527,7866.638972856888
99227,11008.49843228564
105333,14245.012842465543
98720,10966.352181054805
83359,-830.3189779998756
95498,19017.642949051555
101019,13934.653390217436
86045,13719.132936577753
87546,11771.794056733099
87526,1206.6261505464208
83304,17811.15443380265
81244,35412.65569508933
76248,24340.66016943018
90107,12648.33717749679
82584,6993.95202554264
97783,5291.822407984337
79048,15241.737132122395
94531,20541.674707290193
83872,6226.065519731663
95726,25776.943450369057
107362,7958.889736368297
88562,4851.210341446782
105680,5297.755309725011
77859,13422.548582773488
82802,10571.568174567736
100220,3715.915909649415
80149,23161.227728183676
78826,4469.415473597059
92081,22541.489835129552
90008,22045.14905402081
86319,14903.341088303965
93624,25468.77384568173
92325,26717.72403378085
87857,19700.678896048936
84996,11830.414420643447
105536,6922.355309828525
86209,13528.897800929946
96095,21931.869248975796
78426,21272.920511619508
80287,17869.364418262674
98154,5545.838858155257
84049,17957.659839839296
99005,13849.126992802294
101228,9040.780078587788
79488,40721.833875566525
95378,27821.964326484678
81740,21170.6681669631
101394,13608.566394036232
102736,10845.721278027497
75993,59845.728886703895
102322,7496.0477415949445
106248,9170.851994489278
94377,25159.63889464123
102281,6720.144551646485
99028,11545.295773965605
88725,11611.788263631883
101290,9313.256054207752
101436,18119.758853081006
107395,14072.426814222748
83696,15294.15415611495
87319,13690.143484173488
77845,6407.264739629174
94163,13157.662579095582
89778,13133.35472538524
81251,9386.744261904081
88855,6689.537035795205
99680,9353.754074702343
94593,21648.262751401864
79028,36562.19650191937
100784,9104.170966902562
90856,16004.54553828254
76836,23716.27452450807
105944,15944.156285403122
76844,16578.22329796041
85377,9674.908820434779
102613,13947.809813032607
105832,21699.221055350798
105173,14230.961867849759
107270,6127.958998112204
104605,18677.31430143452
93776,25873.653286216788
98145,17312.260335609157
105384,7488.03688722954
83797,13642.970442700602
78439,10327.016947965634
84850,18428.966578749605
81348,17058.56676160488
81586,44446.18233327593
97554,-1316.9515626100292
96691,6919.561376311427
100073,15207.172513175014
89195,11378.812812535532
95919,21143.462199816648
78872,7664.659303401095
91100,29453.155967320094
80008,17749.915798158883
89155,3515.826182514411
79002,2813.426967944577
80103,29329.308519367638
95722,22560.125834901188
92248,27821.147174948743
104759,12145.019405183277
101435,14290.369909985207
95367,25231.55838026687
93611,28159.285782025785
95610,27435.510754953546
87950,13586.788742820587
78095,22693.687803353183
78646,18505.910757213678
82091,22467.55827987081
103774,15978.60805686441
102660,4871.421535973459
92256,27256.786976468404
102733,14905.203786207701
95698,23691.495125794565
103008,11460.151427844654
76310,29237.90215283919
102230,12173.551221672664
108434,2021.721887629923
103325,4643.342291234494
89871,13338.575741409446
84888,13729.122394670114
94838,17146.61336076587
83744,4029.9178491082566
89112,13748.66014015727
102043,10465.115293696785
105254,11894.15454479921
77814,23132.22193629416
92390,14018.507570154889
106879,19805.637933885097
77049,18824.662915040015
84476,13374.447790140679
81372,23617.88475317322
90236,8652.309435259283
92132,22022.36972554135
92240,22634.03452405363
95286,26021.590565457325
101750,10827.080762656948
88817,16396.82708944338
81131,22109.080438261208
84244,12675.55753335508
100801,10723.328380418336
95844,23014.51264735295
83870,13465.553090531219
88723,11586.21866532299
81243,22939.132411841205
100385,10904.121686290411
104717,17752.904401915792
91235,17954.962214716325
96520,11639.26842157422
93381,31517.590793107218
80691,29476.94678724041
92000,27698.78028527449
107035,27449.43369499831
102138,12335.725040479669
84605,10389.928125036939
79297,40914.50962449165
106336,23289.029824631467
94253,26726.421282621577
79716,25215.437376806272
83444,10444.867551376428
106618,12780.593249431411
96175,16427.851374237645
103007,11724.351117713155
83413,10921.277704164393
87204,14822.141226461168
102288,6627.715291333376
80637,30063.830401395462
102156,5983.7210543155325
99444,2655.8319080853507
88292,17751.724226301118
88382,23504.64344276008
83149,15462.29493762034
96173,16057.606755829049
104005,20335.813155861153
78097,16224.733377045006
79949,24132.095086336623
93089,32389.2996733048
86142,12039.844627070328
79736,11097.401406744524
76052,23374.77688082785
80534,13786.856324434597
86998,13029.396873662723
92690,27479.67454527006
88656,9348.781108475832
94395,24704.5925664193
98447,8326.606413620557
97701,17232.227473353763
92140,13897.586135602949
100562,6899.142676621341
90947,18377.627399340014
101174,9888.155990228333
82150,35464.2064416845
82220,14303.287361466195
99327,-3229.76867306474
98695,18586.471154023027
81373,16219.045322021277
92571,10377.199032634595
99568,9835.022878555428
80774,27324.46523477191
88548,15086.229003401968
89214,16160.140058952547
104968,16031.427326737183
76079,19799.102194673287
106643,19559.600275195437
98760,12796.830327853286
79377,13032.315830919157
92075,29709.68072686253
83689,15446.618686022608
89321,9535.695934905641
101772,7378.406224641132
82498,14678.02036462763
100293,14196.156857152717
82360,21600.70067705253
98921,13805.001216078173
78949,27449.676245328483
77501,18311.109777286452
93322,27050.626317949987
85827,9726.023843247633
76428,19766.512190073052
105249,20368.71606138489
93940,20667.598524314064
85259,14277.868125441306
95570,33036.46198014656
87993,7853.034203996918
99558,6743.048619666422
91277,23759.96355759576
93825,24273.940479647885
107121,28086.95762603354
104959,16230.002243685109
96364,13003.212117094838
106601,17544.704062246856
106375,21829.136234763886
79619,11284.600096073365
76473,15820.877942476944
88184,12625.813895213745
92530,23347.32704244394
100669,12949.130770572989
97656,15915.24739921062
78071,27926.00141872302
89316,8873.496257991039
95061,23075.881928022252
86189,15464.45268394663
89553,17863.70291842583
93106,24015.6719073971
92968,16019.752857713875
84025,19176.61161985142
107972,9717.178189281833
100646,5532.06948296657
94107,30467.26658626133
93865,18008.324235723303
96199,15004.332700301087
107397,22403.038129673867
100882,12471.688535719875
104739,18593.747712654567
85360,18702.567825354556
85630,18185.61983903792
91862,26906.57258032285
107207,23807.14008786064
97162,4320.849850499619
80025,28355.79523674006
102082,13680.341694351788
85267,10557.360444147187
101929,14919.39739199504
101500,12173.529642052521
79709,19245.231942811915
93972,18480.7650458446
103035,14250.143005665781
99214,11032.771878724823
90020,16349.844909358782
93078,31022.408151374824
91474,21579.541153548274
104931,16629.762683408375
78728,25773.722818765542
79185,13627.631508908424
103871,5203.866948153212
91303,28185.614653786695
103205,16402.160671977334
102796,13782.821045206569
84381,2791.9681371932566
80694,-8457.825441877441
88412,18606.727423878274
87437,9830.51395682236
81938,23752.344136213225
87557,7562.630618272557
84227,16907.314674297777
94972,26741.175286669168
101329,13703.522523447034
80069,28734.89316825444
82432,3487.61724710606
103399,10235.281988785477
77538,27565.765193024898
83684,12310.764101679877
101430,6514.905363224407
104322,19129.75631360239
106856,16439.120704933845
83084,7906.817020056005
102179,11888.720592081552
91752,24734.700727097985
102244,10582.370548239121
100903,5897.580986747909
87128,16587.953138928257
104654,26142.214330844094
98265,3733.7214646591037
101764,6717.378894812675
77753,12213.740105527959
93483,32493.77043677746
85586,4647.3233877179555
83436,45284.30436003937
80395,16618.228845346068
78652,23815.13288572021
92985,13086.455309948038
87343,14156.947748031049
94390,27959.06258294324
94485,30491.305708947893
79564,20927.040034133715
106104,25410.462924660264
84557,14254.272196471959
105524,21669.168040624525
96622,23665.782565998994
85389,13291.356453378456
78029,39644.65659967503
107904,16442.21385192255
80526,33132.09341851984
102233,3709.6328988031382
86058,12499.17381074925
76614,28391.263564931738
81334,56464.89552481267
95043,26367.906085176408
80400,16803.432562065038
100114,15160.189623744827
92049,25868.743242998113
104070,8267.581153309799
95487,12527.003849977242
80402,26734.760789027277
102682,12802.587973782409
79747,14382.32380627428
97331,14976.753626960992
92573,25886.66041628938
81827,18506.33583742131
99721,3710.839099319841
87560,20757.68414428562
101447,11979.102837284823
89027,12261.055763552456
100905,11277.124012237738
86467,15073.713726712098
90523,9906.163459178364
77588,33655.07106773077
79946,24403.993661381664
94096,23653.217440025648
106481,9387.172028085884
100694,14369.841022984616
91176,39709.24681527969
106878,5413.4932230669
99871,17811.626236783217
77534,11363.899220726355
102006,11925.021787683629
93356,24788.863971765386
85788,10730.393579048658
97108,18885.6398969294
93129,22447.845163810416
95168,32719.999846144456
96578,11895.972058500676
79570,14417.290175987033
96604,13605.911763082488
76367,6085.694557476245
105065,12067.432455065538
90635,17616.025083982102
107221,11723.743009829392
80375,9720.779343420287
94421,21147.485157483232
104009,9971.687880696178
84804,14556.781321493472
92074,24901.01570540079
103678,2292.912310780808
102350,18373.448250168072
81690,17928.040627780312
101817,13194.54943566609
108275,24706.557861010264
78030,17913.7899101524
91570,24645.257256885023
96746,10385.924598274403
89748,18661.316354005976
107889,19233.692961662397
88402,18297.6285455137
107789,17615.715318981824
108061,20646.077694909014
105143,15520.113392756293
107488,22475.993352758658
100812,12016.862541434737
97830,13611.563945647667
100664,14348.084896573626
80071,25260.653151464798
104550,14167.90785559075
99466,13356.956163571536
93777,19459.34943635361
108105,11498.359399330802
90322,7401.474427324545
101860,14277.85072975375
104129,8962.09906788464
77381,17178.009071702694
76946,33434.4659577599
91556,20875.392127529703
87190,9115.020531989769
107647,21369.954328616266
84177,14714.774140135381
93266,29224.00803772537
107341,18270.7899578135
92693,33121.398244753655
101292,12011.39608097061
79651,18675.291021714118
81654,14708.275524051163
89688,2034.2016178123376
107423,15247.509811350312
86626,13954.632000674801
101633,17769.640508153472
83827,11847.747057288652
106678,16124.178032027681
93756,27367.145675766402
84185,22651.277259362596
94867,15257.981716342078
101062,11682.687083353614
76567,27483.680884114212
80522,19431.862135912743
101932,9794.899100495464
86016,16171.385701970368
98609,16507.67167363873
84081,11467.453930284599
78446,11587.021434454944
82074,22739.381621245688
108374,25107.315104403715
77895,25060.042917369352
93416,21377.959963013833
89357,8946.829843492287
106786,11176.24015692964
102766,10617.493630877161
82233,13231.789694447485
84115,11745.345270430444
98073,12692.73629458929
106198,5662.189003841389
100335,14068.661215941127
82169,17780.93489656795
101191,12079.195979351676
94584,15809.574218059222
81980,18793.297253256966
93574,33686.56485587498
76934,29608.995784670347
104181,22028.442095736897
85205,14278.904579850809
101304,11824.515200026668
77927,46822.25388903718
82028,21987.300739650593
87191,19777.08807558598
77713,12812.391036577348
100414,-1178.20770985942
94287,20274.714841136225
97941,11385.233793306632
93702,26958.11765089684
91433,25465.862559162484
92420,33092.432034730155
88433,16877.7451594826
91656,35251.12854629122
94313,27718.79055242857
91218,16696.004107155728
104418,17709.35479214815
86375,11231.8330501403
97556,15557.99643451199
94514,38235.51908293192
79165,31437.82697867295
81780,18496.963934799427
105424,18290.63322314016
77427,13103.418321081386
78626,20792.040699737034
85465,12857.874705457827
87616,11017.818003092252
101667,12979.014585589142
84226,12923.605155889134
104737,18403.40607692703
95041,32406.904855707096
84070,14530.565897864457
79071,15678.36319477045
98688,11401.633971591411
91104,30559.826413356204
95301,30827.959522447894
82795,3218.739875847583
76606,19577.36715400624
94708,24499.64755223537
82934,5440.483678564946
101243,-2269.155320646347
94629,27198.887391161483
88235,21408.23978272731
78913,47565.25461440535
94480,23238.681047451355
77005,18266.611252913855
95511,30612.167698312714
88879,13800.286563649519
78396,12964.244964748897
99977,13509.798661052566
87602,16130.465328120736
105439,18526.2294445811
91094,22876.403818526338
103575,1659.9509251581912
102840,4695.450902892357
105367,11509.364993312567
91884,22800.082628489665
84572,11763.759424002932
96544,7781.106342802417
94082,32191.44905038908
95510,14987.858217387831
85718,10311.228195883563
92527,24031.89602343463
78855,15520.013194124416
107521,17856.05332795479
98876,3054.201216853202
98440,16919.52521591531
98714,12665.350795766975
100643,13878.758614530852
89570,5565.0428606890855
94168,33028.799464148
93299,25420.785289264575
96033,20910.52823481955
93742,26477.66667370921
89946,14272.541849895675
107741,-1896.442272739223
77268,18385.479725117148
84848,17621.554901277057
92323,27405.054529458932
82181,24394.491120617073
102252,4167.308435624569
100240,13314.314141423862
90422,16156.225066665298
103145,12237.318158324302
83333,13748.226759298315
97103,29183.02241894377
107379,27150.029853337004
94694,26599.571121248042
97339,28888.229723003627
93104,23594.111291155277
88194,10917.331453967501
81954,25357.32356650426
96391,18185.5216468831
76563,12385.865736483684
97630,18047.415689030844
80201,22610.28559820722
87854,-16576.536616198828
102312,11211.733301224927
93848,25483.359952189472
82542,3564.119750718957
102300,17906.23140476655
97229,12845.89487945186
98907,23702.579782315966
81238,14863.991879439709
101377,10255.191698106513
79109,14274.604084874127
88044,2306.874709286196
91950,28056.7765352242
103403,6432.587327450186
87611,10267.478407088616
98169,15559.01596897151
84352,12889.880871473582
91787,21931.78269575552
85668,9900.876666483495
91287,25603.774306587085
80289,17328.038902786077
80647,21968.6592566517
90612,19801.973038949996
84941,13489.070085484731
85955,10626.252674601907
95019,12686.603053071196
92685,20746.459025571046
87156,8333.685413806077
98300,20612.353161036204
80737,22116.847466466366
92849,25215.862264739284
87490,6503.573889981584
106168,19733.99536160784
87014,19041.898137228927
95822,21539.6113462699
76797,15162.549937057018
88416,18466.035613115444
99974,13465.528962474535
79248,8713.242536533042
93969,34674.05836185819
104746,24219.651057337243
101092,19585.59306459621
104076,19986.316757041965
99087,7973.649815141267
93808,20954.87942747113
80849,30053.04858093482
93870,33088.05445775858
97218,8911.268470801962
85690,14500.777882193623
82581,15657.026274127667
81062,13466.97002097436
98925,18435.72009744444
98116,13120.794066476652
78229,14798.726013288462
77717,-824.041368849048
92227,24431.705733464085
97525,10053.037114064497
92015,16922.245192685077
93168,20039.457604503794
76841,24914.92471105081
94920,17809.637890253776
95188,17771.184628858766
91909,32437.751774507436
104631,15041.580247858199
91186,33501.91874223741
100465,12827.294611411951
79253,18005.60215920126
97133,10528.014173109816
84758,10428.52024132378
83113,10313.726327690216
92012,24880.429392013095
97730,11409.754462792645
89579,18684.189241866552
89670,10013.976186515629
98105,14216.94441024852
79497,19455.411543911676
85954,14230.90499548362
90314,3489.1654519295007
81052,4654.64165339666
78531,17489.380483644472
97791,14696.40128745668
77746,25748.49827105926
105318,23603.03689931717
96956,8605.327804594963
84493,11992.547397220076
102164,9046.433872197682
84640,16525.86573688832
83292,15245.746011148889
80446,27093.577416090575
106883,23685.657465565993
96822,13081.729036203975
99282,12123.875571864122
94359,16090.672007242518
105084,24114.976312639785
85908,14432.700422277845
106431,14766.439609753528
97313,18621.658546228664
101268,6813.649025872834
77989,22216.96627470295
87682,19485.397946386587
106611,29146.465799977577
107890,9917.731199957967
79578,20699.00074272504
92372,26983.773087610894
93915,24602.777420790582
85425,9002.214535509116
80577,8908.988767632742
87561,16459.613494127592
82120,16446.50670581671
91633,25830.858145682098
96970,10268.279407101974
103356,7993.419279221091
89416,15018.022793833376
101155,11089.87169177656
104222,19715.506372526834
76104,17652.288951185645
108362,12807.33400578893
80616,36585.51924565522
98659,6992.343888895721
76470,27519.686641266475
86501,1656.8582635887433
103166,10739.425301847055
80799,12626.837694485828
103699,12554.657749331212
97005,20456.72222206401
89375,12265.657809499553
89434,12504.164431508612
103114,12223.053114596081
99021,26045.717633953944
85368,2186.4303434541034
98207,11707.917606886956
88420,12836.177963036633
86225,14342.916330968625
107761,30419.938120980838
83146,16650.899087650992
97834,10306.11514569878
95729,27514.279363308753
95480,35852.32844000183
76736,24484.918434574094
103683,12715.560251338171
96410,20801.88168630814
101570,10646.90426965146
81039,11601.333758902972
82813,17665.09762292172
88704,16428.643134585585
77926,15562.316510129287
89560,15192.292256633826
98902,9628.037384111834
105164,26327.63149176318
108109,11943.77425808814
84480,13044.988370958083
98239,11075.160887260903
82385,30261.43651757654
91637,27227.53531428595
85732,7625.301261516397
90790,4752.816340831367
90251,6050.307187413044
101246,6728.1241536387515
92962,24767.389662203557
75988,23724.547862283835
106880,20089.926563241726
89844,14310.539043981888
79925,17052.47894683994
76282,21532.006050003198
85648,5978.676505493782
95507,19520.05847612068
96605,23932.15158206404
90201,8311.979578156108
93506,26313.18703951705
78490,13307.377437980082
106831,21230.62556653917
78101,15775.745853273234
93059,35179.6886816934
106820,10503.627464812478
80839,21431.48110843604
76695,16752.6436316137
107678,11522.964763018606
77084,11613.714598904588
107856,14706.867515154914
104446,27778.920938009305
93306,20237.13048532208
76610,27510.88042352629
94451,21477.073243189094
96510,15563.596103498683
84861,18237.290952962085
85787,23827.852564191242
78201,15204.055868322132
83353,12426.073696527757
106485,11084.43725792552
98115,4808.111265773521
83852,16351.327163572232
91320,26751.494788313157
92427,9228.429801031813
83851,13328.013874549073
92011,16517.40713625116
96043,6990.254605478647
93535,24582.98509498748
80183,28294.50649861926
99075,16664.894444806807
107932,12335.840659438749
98968,21051.397749523057
83350,11225.666572494905
77983,20931.50555990241
104722,17930.747875768422
101213,9488.775414685593
99670,9930.870162591611
86163,18443.233018163715
107969,12272.655532050663
77875,18350.41989976423
86254,11609.006127958408
106709,14776.268926508277
79732,24023.4643760513
107841,8012.452331681112
82222,19389.414097445628
82020,19749.117283098596
78930,25127.368799079908
93446,19379.31765013153
82880,12847.080482576312
85724,7069.687315049796
97629,24648.34856496714
106635,23455.359832125432
94103,21704.961789597342
83051,14298.503265797677
85087,12039.92323845591
76917,16942.14405262284
95037,29710.23100656162
99867,12624.586529508411
107425,26464.78469747644
85753,17715.152300300422
95099,27616.61557895745
81950,19394.62301263492
87493,12639.110221431292
84035,12398.07671117679
98743,13792.895097547182
84532,11663.001407411055
106827,13137.802202283703
100006,11142.108463137261
108013,23966.435862494425
102898,11370.223163135173
93509,22395.36849641416
89759,11182.283279712401
78191,27197.91990557973
80286,3223.1458130113915
105908,21439.98316252988
85325,12185.354301786381
86177,-2343.2626902320917
86780,15545.826254629661
82738,10618.943832638844
78918,23518.464055346976
79161,32821.3995343689
84004,11904.151900321274
92541,28995.271491221607
86047,12988.85922246869
106538,17540.93194773445
96648,3102.369610517426
101018,10152.753099870199
97019,21189.780939012075
105288,7454.6503542870705
103441,12004.063604700612
84757,18161.68996053539
107069,10713.07185813924
108356,25238.90820746345
84436,10473.80601650236
79898,19833.905090711134
84703,18878.54718567623
101219,17696.33900525717
99858,11693.812778375299
77333,8189.994713284192
81923,14918.85994642715
85116,15089.371817436266
106149,15516.247093662198
91228,22957.719314668204
91512,22313.132042468354
80878,20106.60327700559
91229,25568.68891675904
99181,6869.601794857648
97944,29838.949984504172
78314,14337.57606235467
103087,2854.9164982548937
98170,4693.151914196096
86475,7275.329452292266
76501,21862.260315980286
87632,17651.165856705124
78342,22607.307821282488
99723,17394.190491428006
87620,16142.047588765516
108111,29872.08711988989
89385,10322.164653710752
78604,11881.895833934906
87199,15619.281874631663
106661,14754.166505890174
98162,5795.694059035606
95522,17102.42805352934
76276,14676.932586490577
80135,23751.53938289907
98199,6997.925297272188
97771,7545.157950521578
80509,42901.51296200349
80570,28096.33479873127
102070,14196.539828297631
87513,14196.770885254846
92822,18689.734968534955
85443,11284.403466112064
107258,16948.56419584279
90876,21317.456023123417
105021,22421.140370748504
106246,2512.4788838692693
102213,15481.998190239006
102502,11850.943043934432
97859,13538.841850797104
90858,15206.479511278354
103900,6678.268310689056
101159,7633.201782343764
79882,10333.500007394905
107307,15796.25643981086
91892,15865.188400092797
77992,16402.588271039316
103300,7042.090541792786
76540,35237.93837525911
103225,7524.216678808511
93202,25714.60177237528
106035,7382.592235364695
80459,13834.352641467842
90377,7518.809629405541
94302,21937.683603187652
107598,16450.340438951258
97476,17713.53225778399
96871,18369.976974917885
78543,16984.509419882917
89215,10356.21471051002
87251,15881.765291096766
94113,20806.885302585553
89499,9207.074603891211
104785,15340.185009960958
87775,20173.430421325567
91882,26621.50369782599
79256,26876.127849625776
100717,11709.18614920072
104470,11245.640333340212
98732,17712.638551429933
82547,6520.786943020277
83776,10767.911105769243
106546,18596.364472706424
88539,13862.038389640104
83929,17923.639535684204
96026,6851.4053050100665
104011,15540.690126705424
76131,17809.738277681197
91826,29709.68072686253
103999,21114.329818300397
82675,18714.642446733513
94439,27013.115971828793
96307,8070.421737894061
78033,16170.31189311455
76854,15757.970822472245
90036,6609.888251905722
103891,10566.72790033673
101263,13061.843404835858
91712,21683.91637356743
80856,20281.215069223126
95058,27413.981912079442
82735,11987.399682124904
82588,22289.02503769531
80775,44149.277057521664
104524,12454.449570334538
98431,12401.961389365762
82272,23841.040706849526
80152,18147.02856337006
99115,14588.110271551504
91591,24530.677650623853
84573,18172.53833174599
96777,9988.550283843608
95331,20664.96302111709
87492,15803.199931031802
78031,20734.306779089853
102367,12624.94717100436
105139,23020.99171338292
101793,9608.127756920616
82312,28731.7325708222
90663,8080.686380847386
97827,17928.688878907764
85812,12777.219423848604
93839,24105.979387480922
92711,21921.015739978848
90705,12893.483151431927
105089,15694.016762722946
97946,20129.539802269766
89744,17129.39508478148
91047,25190.20489995343
101166,6183.0066310108905
101641,10722.732366641792
96865,13473.606793340403
76615,14128.072462145481
107736,15938.23140567722
101285,14744.207668531591
87016,14198.910161550917
99919,10562.952904177204
99314,21727.573246770437
80754,28386.587233555645
94215,30675.525859114732
82552,17244.8527504505
79696,35085.03698727199
87903,14341.875178279395
77373,21638.575780243635
76494,19740.038330506653
80003,21819.454846813198
89000,12341.133311562426
93128,28475.681464997073
107992,8757.757097554728
89029,13835.843579072263
105461,21513.902873244144
95945,19257.041375175493
103106,16127.53710889619
96246,22351.23326347053
90428,7274.390294247594
88909,8233.499524074197
85222,13424.304594079116
106888,12795.771042758872
103117,6967.783146912845
93022,30010.746525267677
103375,6219.411289032389
93229,24005.278202547768
85603,12206.737055617989
89869,10424.147972428167
102338,10001.804743584582
82631,13956.801832347337
102687,12548.516857384253
82001,23055.83119355664
80204,24903.63123295404
76279,26611.13019223864
104066,20375.521709629997
85918,2865.0941583184467
101590,11220.767389389684
95375,23512.10028884859
77897,13558.659917684605
95209,22719.448204962984
95921,25660.356093234193
105769,8705.756445626415
97833,22360.32753433717
106557,21516.183344125377
80274,18177.803164281035
91786,24550.585916189182
85350,14581.775834860884
96217,16572.79245381197
86429,3241.2978183925497
76233,21798.820927813966
98782,11095.943894357371
77064,11875.128121878488
82904,18444.48306658202
101384,14047.489049953167
103541,7572.842251076545
99625,13976.814452690014
89436,19408.84430989905
92889,21234.242283784202
78390,33522.65149235845
80649,22777.664792505337
78894,27194.53749254397
100312,16505.074302548215
78222,23456.712064599084
91392,26471.163689645804
81452,9408.816366754701
97819,-977.1740017938282
105008,11503.54775077935
94993,27129.240796718135
85430,10576.650907194631
94075,32992.93857689224
81246,30989.252156810264
78432,24093.908582494256
89458,14616.63554318546
86520,17119.04386241443
84594,5161.292939727564
87131,6987.547701357376
103493,14666.46100818898
95302,18065.68574419026
105156,20447.941006570967
101489,5185.203708254161
105619,7458.607091335831
81460,24509.48566070341
79311,15397.707164102554
107401,22852.85462484276
106068,15680.068811917652
82033,24469.26185885094
93749,19026.29575386389
80321,23996.429735196838
103609,12884.653341729436
83443,8484.692255562477
79664,24994.116841206967
91263,24027.213335760258
80368,44017.26396086506
82178,18112.040444004488
77812,27284.630754972448
88159,13455.162710573994
107356,10728.322466942542
79312,23426.314973920984
81185,28845.73475850216
103927,10211.545592265029
92977,24261.512083674643
94013,21756.82089797395
78601,18992.351337991662
103250,11083.35468241404
90673,7875.059891495226
92757,25639.43916378468
86876,13577.545927760733
99148,11693.604171438867
77972,12902.76705450828
79854,4826.10796390346
97128,6756.6502056268655
108059,15178.668605615989
105613,17947.077072387154
94727,-72.31714004548121
104783,6580.104579434032
89446,20817.660149298943
107306,16503.424818341588
94890,25427.152811496882
94080,13376.223392665637
81720,21045.82899499021
105157,20292.036435578288
79438,42907.48742730788
95275,20312.697720794225
86870,12037.0337986414
86336,15777.290759655581
95031,28253.296076607465
76727,30169.12332660101
76416,26462.880102165178
95523,26512.548317406512
76945,13424.996166003179
92733,22754.60530144788
87625,16541.47203891801
105282,18110.36220541697
76798,26264.075691275557
93061,22433.098472808688
99449,4994.463216173244
88177,7491.132237408723
89115,16033.975372390914
97192,10445.178686796944
90003,10657.10441715184
99544,21422.697095127187
95661,25549.11468174862
86502,6561.086589285187
92299,26498.53863667394
92164,29576.03446568909
79415,10890.650207696337
82793,8446.033786021086
96761,9738.82411709
95372,15510.154438524654
78310,21595.703926555776
84611,13751.392912354351
79039,13627.7509677231
83955,-4288.784241126825
103422,10041.596605629118
98290,16822.907712453965
89786,17741.937621456895
88966,14720.396327390376
91692,14825.10984036504
99720,13537.486705784642
92291,28815.54327823071
104283,18889.43933702861
77907,32255.456072501194
80667,21134.660804148763
83714,12328.584246320499
81499,30466.297788408545
102870,14062.110767671798
84245,17378.872650923196
96709,13690.033533800353
96985,13407.448191602565
79739,22550.513617747216
101167,11560.374796290136
101412,10256.28709178941
97207,12860.018502750718
77022,15287.883199270993
97267,23599.267246985117
89310,12485.955416420173
88525,9364.047783661143
100951,16899.19303997383
105401,7276.902135433358
89558,12307.851822821882
97593,22091.9136150045
91993,22263.125924992128
99362,16607.591127339285
86021,12132.898808298178
80590,27948.67640062202
76881,18735.53604236462
97173,11985.774118850502
100208,16456.63901349235
106111,18453.375726237176
94771,19336.96704385079
86006,10024.699170660751
83246,13636.617039681163
81624,18512.80866442151
97158,12032.312059116251
90839,4958.888843565774
76730,11171.539063294953
95912,25810.497538815544
98742,12531.726827018987
85366,12780.285267886382
88971,9324.005485349055
91073,18406.647686108445
84276,13261.901852923202
93643,25282.387217398944
77674,20038.919431892773
107054,19841.83721034375
76029,11624.058946574743
76703,21465.546834014065
76951,28552.325041264066
92952,26707.81899919726
101165,13836.654373269725
83703,16041.156595194683
102514,11697.240078755747
84274,16371.153299121417
80933,14650.687622815096
89802,14567.489187484101
95459,26864.002888573483
88242,10459.940007038402
80337,21880.887024501804
96758,20188.68354604318
81706,11779.87863254677
92861,26123.91286380806
97057,9563.101237288105
90369,10243.515700319147
77587,18602.77987815081
92265,31194.43776335737
91500,29350.0951849575
105511,22053.965601211767
90137,9200.423025271382
78339,16234.506480223568
90208,10291.530148371452
101548,13349.452050411131
79969,30306.087784588275
83047,7036.342547478354
106469,14721.316277983395
83513,15543.453505717418
79652,10010.464929636582
93970,9030.418385371846
95655,23915.21552887957
93966,15227.884583581257
103174,13210.670850411083
92732,27951.012175485448
104052,15875.058783722987
104427,15720.62127066815
81504,23960.651972721418
85835,10636.679332201482
85265,12534.069313916538
88872,9394.625665484196
81581,24860.142793142353
87525,15822.931388813395
95242,16044.016719979867
84066,9923.168115974473
91130,34145.935721704285
103798,12523.511773255064
79777,9976.882021423644
96975,14191.001852242805
98657,11240.455453084563
89241,14952.730804298264
94846,22313.064236714003
100346,6744.5496179444635
102570,10844.376070238563
86462,1776.0365140087233
97934,20247.692714802575
96947,7928.390316844738
83667,8641.915026730552
84928,13415.862149748316
107956,5879.083948983092
98949,11279.101779871637
90998,15211.797267929718
97708,12456.793921800177
95416,26496.16853424593
78313,22183.782789267232
78886,23292.850667498606
104031,23465.466974545103
105160,25838.42319385831
103659,10585.264119331547
82200,18860.17423791773
90814,6353.561751629484
85367,11088.468440383953
83180,13766.5341796358
106202,20148.607261153033
78450,20216.606028537833
99063,11236.7072846361
83877,2877.3542795073918
103411,7744.943772468352
108533,19929.748210655292
98123,12230.482094265582
106850,13008.600688996614
100148,9191.707712756986
83012,-665.4068599571401
82410,13660.829965623434
81994,11992.2446803546
77099,38651.11529568817
83281,20143.243649261298
94288,21419.596789572817
103702,7210.62218465365
105076,14766.040724841341
77642,19182.70994955383
107183,18459.620678577947
106615,16436.998197523077
84149,12067.278698087805
76911,13648.58749662314
104162,7415.035689041995
102563,12048.257621750367
98356,14660.132133181442
90601,18085.77049011944
86307,12694.80434715515
83892,16736.396302941765
86128,12271.355157615319
92836,18872.84192918345
77569,26843.156295895915
108327,19570.33695576507
101953,15690.40339929929
105792,25434.447022256325
97726,-7022.257041793124
86652,9515.582925483075
84446,5655.811651197786
96826,15502.626755738918
95460,20174.362199983058
86352,12739.940258148408
106793,14092.737268264464
87778,14800.435844382697
99950,6702.5055313895755
104088,15345.550236798874
92232,18628.70575185066
94143,22028.53079449249
87874,8247.841780748307
83793,13952.871263068137
108182,18985.745563681907
102804,9900.296623428396
97509,21305.095218383463
96468,11700.743974472289
85388,16076.032463678375
76856,28624.476955213024
106114,27066.016378642715
92900,25999.160640990624
84771,7554.153754829331
87714,15080.977028336754
80892,23711.167695290726
91592,27633.53283523974
102842,11958.739264955882
107139,21121.54649352767
94334,18600.416422295002
86768,13321.25257809479
103414,13216.392525792777
92179,31578.77456495268
106474,16751.398485035228
86309,10283.173406461068
91109,13581.192432150885
78133,25014.4940567949
76963,16666.606157224574
101391,9551.445787515866
107342,7426.004942842092
105184,25354.466944271986
104693,20690.451332392888
89673,17550.60892275808
103903,10693.391023032134
88947,4724.706502542169
87569,18426.412554070175
76483,32988.44872873498
86102,11537.16969456595
106452,9205.65367908608
107976,17401.432130202436
85216,16443.555302331355
76812,26259.44825111461
90905,25523.60705541668
101716,13693.187535125908
106450,35396.413118037206
79930,4174.562035204859
80812,24307.531889339032
80862,19694.37591454941
103996,21506.41529859306
93119,17785.897195679616
93986,18326.891560670192
90226,16560.103720756335
104841,7378.6585435653
77115,7001.451486368354
82162,43436.89722692447
88176,17981.16898250985
96807,17581.68335140458
87893,17114.287013610898
96864,12926.158001933269
81129,14191.893117817832
94158,17965.566884534797
87268,18450.97985948465
101545,11880.64664712464
80322,16575.21732028648
95591,25966.32123607133
97284,-9010.219760740765
76503,18846.309321734596
102457,7009.12000505341
103358,14769.992203003156
85800,10042.578810676627
77892,13567.99684186619
86918,3534.473872382845
88797,6621.115180509461
101581,3505.97420819768
99941,8913.751697311018
86005,14002.287254823244
92601,25139.722652008957
77922,24461.212263066696
107005,11683.353541132139
92729,22133.60750342533
99740,21828.90332278826
104686,12045.497168188247
87339,11883.327940342126
86577,13930.704180320188
105913,34869.9886662013
87402,17163.971508960574
88287,4139.944473565793
86544,12549.816581150979
87671,16402.465543186103
91204,21365.041145208488
99618,16652.05368497679
93596,21307.722650721036
100194,-7300.877394326013
76820,25840.792664969664
78350,27374.923628551223
91114,25541.541533139818
106403,25620.601073900983
77876,18337.232711005785
92321,20416.784368503413
93803,14601.071244452507
95007,23338.05089894502
93540,23190.570660437344
88267,7582.519298825318
100770,8465.615479004082
79033,29831.543862841467
105481,16135.956947188428
92645,21600.20492487538
91504,16605.927719940628
103374,17552.716003795133
76555,28054.244063237933
106876,19706.583608544635
83008,5222.394496606474
103085,10549.694225729258
108288,25045.07821291378
78153,24210.788573519876
101104,11191.159721227657
86300,18769.041525557666
83596,13883.502337702816
92918,22185.301647048276
96263,14601.038892808625
95845,27020.260344777063
82174,7134.54207684135
95636,27292.568542368746
87859,17711.563539102634
92038,13578.267617208645
97965,12982.955065202766
99236,9719.958012829324
102581,10546.19426069628
88484,7704.696215106027
76734,20526.434611158402
107756,10949.08044990678
100368,15642.106914672473
92542,27759.782720487703
106507,11400.199065388426
94713,16230.374757818605
86830,9697.592953689134
105659,13365.943763710924
103299,13743.813267442029
77388,31988.22654710968
93171,27223.798318377972
95564,23542.930923295622
92209,21736.316684024947
103068,3877.3784278081584
101008,13132.44632543193
101098,9245.333052051621
100297,7345.99099560411
100668,6162.82795467609
83587,12902.387317508637
103730,10997.759257839345
80300,11592.77162127002
90994,32991.10321066457
84749,13551.561467648375
96883,22565.582977435453
83643,23774.62492125455
101307,9914.829330944984
96979,20417.153362275167
96090,17386.756944125278
82603,10387.25346294395
79091,22265.719818702237
101959,13477.093144797558
101554,9520.954005043459
100961,13751.90404383415
82778,10306.87028901016
98924,5078.28415155418
85086,8182.061949710853
89149,9192.724203445523
89443,7591.841873169087
88608,13650.463135806884
108064,22554.770006328567
93913,24701.041989018166
104833,20047.544119161495
88819,5375.153846459762
105039,16269.84303192946
108163,14181.94270285334
78429,20671.6736654828
100022,7999.247202635997
99243,21903.44900901774
96715,12496.335448748949
88735,23162.3701839204
86496,13160.794663626115
90642,9056.452992400498
98358,2396.0473429690646
91268,26187.69960956429
106457,11953.221639182555
87063,14051.874898284106
103942,13173.473399569306
101823,15884.698701362655
104919,-5853.764887834073
89192,19900.22598854467
78525,22670.71432692833
82948,12224.443082526188
97364,13673.701292800211
77638,20898.6280573421
94939,17995.781347093554
102799,13260.98396659476
97063,19184.154262881053
84889,14178.933945876946
91197,9769.428161773667
83936,693.1749399435612
88850,7191.014450309936
104781,27705.57670579664
96341,10235.70575476822
77784,19562.364301720478
79500,25292.514898193935
85956,10689.362265188782
80268,5406.425641574815
76575,26626.202078655828
88273,16922.848003150197
96863,10652.950940743991
104149,14111.125371812745
95323,24963.87440162846
108521,11491.216302914432
104891,24870.22080907431
86333,7408.796030386951
97441,27463.13859289647
103963,13949.786003768077
94117,23350.94234991156
106930,21041.519572168807
96478,12871.449484524603
93273,22672.380559342742
90140,1375.7999932898456
101752,13799.20597285614
102564,8913.364481432998
89449,9051.752846642632
82080,17186.692316689303
103168,11461.37500819382
92400,20902.65984872653
89829,16402.498810269317
100294,17071.87168759083
101914,14488.533605642744
91223,22212.623589330917
107925,23530.321367651934
108124,6035.156688747898
99736,26992.535133925867
106222,5178.927245432364
96843,6230.6111930529205
86576,11817.382477746713
106802,21509.811888892895
101331,7773.008037121854
76847,10412.133871808843
82850,11757.81563218051
107284,20109.020971255624
77599,21645.727118660674
96827,20594.430385100604
76080,18847.615781159242
89213,14875.476895138476
91332,26623.975614792398
91930,25742.227244917707
96005,11478.125123960312
94637,25589.520933938813
76949,15084.679915582132
93336,25985.891282348464
79792,19282.0419405223
94859,26575.229355777352
87815,15854.19852434911
100994,14392.312168387743
103939,8457.335287968748
91674,27062.185284814954
81166,21541.500155969938
105292,19850.161837210413
76991,38249.833586909095
100176,15991.421712714608
100118,13678.969780431067
94700,21646.239821940555
101432,9681.188920690525
78373,21434.666477644096
82918,15653.03738002645
80619,22557.846160064015
98870,7541.750339949525
99728,29421.002201141317
100347,15990.225467353413
94871,22071.061058960484
76922,26753.26054619781
102057,5203.890283956705
106406,23163.02183229798
81647,31706.625760027597
86232,3530.853595967699
90976,26431.679375165408
101053,13273.953015806233
87392,11355.773239053544
97377,15914.824822558714
96652,19816.194950310655
88212,16085.473220737349
106859,6647.836344874557
92678,18708.421181923408
99554,6277.354912908257
92531,32984.16620343687
84190,13583.163244653157
98562,10714.373428342325
102014,10145.403616770347
105663,17478.08488083892
88795,12019.176408410596
83227,261.9244053870498
97436,1298.3606587264367
101846,10282.945731343265
80332,25100.914815958033
104483,28593.188337156724
97675,12581.596777630215
87703,10220.005814630505
105829,17744.179500525643
97495,13287.436181100507
97230,19362.3161253144
99232,16597.764704141282
108036,3442.958325952093
90470,17470.541070099276
91410,26448.203649810595
87856,10518.728570523535
97072,15535.114116067669
98581,12811.235924847146
96021,19413.910962823145
104873,22668.780546340626
82366,20424.90456342451
81093,12158.449505670902
94091,22156.059319992346
105502,21580.974915393177
81212,24453.46859534148
78477,20618.291281451002
86344,9343.231323537068
87337,11354.156895952096
83364,12177.380818762354
105029,16995.384584674484
84927,19115.596419263657
92467,24071.40507756911
77390,30992.964942755476
91159,22401.65862443752
86919,12043.864305167304
87364,16087.660361444065
96009,16526.717428902146
80050,23311.535741121595
97335,20637.900885443156
82533,7884.741203062415
88494,12616.323085214372
101773,-3191.2010553143045
84410,15989.888079038834
90583,12190.06729182549
97361,9186.372267299219
101276,10143.790106777557
92452,23551.474775508734
107354,10324.10661658003
78584,29979.458122454547
80128,12772.723414637669
88645,16296.3344874412
86622,13848.419124995658
81676,24962.458576715635
107409,25020.209559468323
101162,13147.638480965794
107883,13907.760573914209
84824,12279.953068871542
96253,12250.169600028741
80764,20433.868531388052
105145,19896.306720548244
76292,22816.122786104657
85405,6725.626028634182
105373,24271.477776401516
86540,12806.795931126562
91362,27522.807793477972
90075,12961.336100866116
81886,8557.76600257205
99080,6649.568526607927
105235,14162.279932951235
96437,21859.154278782888
83205,13800.586270796597
94569,27538.72750422539
92687,31227.392485646098
85951,15784.871957857107
84977,12590.036239542002
86143,20275.03465539829
81763,9934.80410734787
92970,26413.96544863835
108286,10554.718526185981
99395,8791.514147964557
81779,23588.478696419028
82131,16599.754936857506
77833,11749.883027036718
91949,34438.544544745455
84571,13922.975274415317
81403,30483.880161774418
86275,13520.74509015453
98103,6844.104844295096
96519,17151.690848093298
102141,14270.906850365409
95016,25930.718311940953
102800,15252.111407981563
102275,12739.002536906857
79437,24307.53328634787
99129,-1952.100075345712
102738,13130.306165194488
88502,13539.588949369376
83847,5036.580228122639
82098,35353.73466897923
97608,11906.712009669702
93635,42738.50284392987
107415,15518.119426779245
100604,5462.21985091615
95825,18367.919847199482
89837,9240.911820682199
90563,14656.401245702531
87183,11055.608881209824
82030,16634.429652023206
100952,3977.662343333526
88907,5714.284743773933
108136,16892.08887710231
99824,9680.324194519078
108052,21115.779383310022
86157,18806.705277066932
95635,26011.78568608537
76024,20061.731633659943
92449,18151.51246409233
101870,18181.371254310685
85896,12064.738124861113
102465,5625.516544155686
80302,14844.304180755604
104316,7367.399791143564
95294,26746.387671877666
106995,35289.4749200499
86510,16614.525960807812
87250,12888.71963883433
86483,21421.065414966528
83417,14153.463856947717
99580,10248.074117300177
84527,10854.275647498096
86193,14737.20895780575
98832,17861.445751057887
89427,14033.502882546476
105172,11097.04827592429
100800,12712.700981316126
81313,16494.025209336272
98110,13405.112670751838
83944,13524.470498758947
91420,21082.709375761984
79842,24245.59622721068
98350,11461.489667795244
104288,18452.051527679767
96086,17809.15881996487
78566,23485.713579494368
84457,17301.343796198533
88685,14078.177811689093
87157,11165.271764099558
82023,23171.355925396256
95492,30934.9725732804
84139,3251.6970589183875
89309,18806.705277066932
85676,7037.677904555221
94553,8947.771836154232
90271,6190.042951545742
85678,11930.195421240729
86238,9268.898539425063
104335,16272.488622980642
83609,16114.612215196687
92930,22632.540907727533
101478,6200.459820888256
86537,12038.473477954598
95350,26384.130451705583
89176,13622.78205500076
89383,11958.66772234773
81369,25869.45851344373
96749,8530.603603102087
95414,27146.98025626711
91568,27098.500079627614
92425,27507.361561377358
107079,25024.619978543866
93550,26518.829123102416
78972,23628.62907848615
80719,8990.461003335342
92919,22612.676930568083
84505,12248.907351732509
103401,13581.574933925458
97516,5631.951614346861
91738,17293.528546052177
81664,11576.76627855831
108017,12094.155090672226
94154,19238.3459696317
94015,26378.50828433736
78990,28455.208511669003
100198,8262.920418233734
91258,33573.0632981432
95886,22432.94518963716
80048,35027.96031973409
92615,23936.0016765281
92333,27367.918803946428
85637,6049.484165556652
100681,20132.90826859696
86280,8165.377085460266
88934,13051.413919869472
102926,13767.397742570187
88415,-7912.140163978373
108063,17530.555244837356
103273,13642.090134496284
79468,14391.489684333483
91285,23629.192325138873
99111,6606.990876762768
90686,9267.526759405333
77458,23871.308512169297
103540,4686.761253781413
98158,13941.19365365201
80240,29144.24554064247
93032,21640.977982131815
92380,18909.53749534822
91853,19839.90939397447
76049,21110.081064309878
98852,24110.38415355656
79019,13806.666668815906
78009,19152.017661611113
79038,21477.10799425402
106404,11579.6435720247
100619,-3027.9614221451375
82348,24484.772328169354
83844,9398.08357461395
101370,14061.088819659206
82900,12174.134605971569
77014,23888.890819900305
94704,27882.416481998804
105395,18518.021477108556
92471,27156.84813145339
82964,19374.601095093516
80223,62856.99532492698
83523,12520.031626803342
84395,17707.48323070512
77474,21846.11846979095
94649,11958.213580056232
79826,11216.663819678508
81786,19514.46229713024
106749,17057.612624863097
94115,27894.28995939262
103835,8772.618239522426
83617,15972.002238011615
106555,12082.021657710044
86868,10929.75588230477
105245,11320.792230199439
107495,20247.247624700045
79571,35562.75405337911
100328,16089.489198273513
77453,26377.044610351055
91473,26998.98473213754
100493,14092.269218313431
83383,7818.875580850785
96482,16896.59084478439
91509,24041.500397051597
92051,27829.032073930986
82251,16054.288474084693
76054,13725.51381603082
105927,-1234.3617032609254
89426,16915.483284341517
101006,15012.744161686667
96504,15911.079574196643
89053,16041.392429351436
102578,14619.996476406715
104576,13496.447780396724
94137,21951.545476985084
96387,11643.846603607868
106040,18253.78957410203
79795,14164.18315565899
102216,8276.704079796453
106933,22372.49864216221
87217,14738.236491079075
98953,5331.648647291535
106935,17861.853530005337
108160,15678.814098213472
86220,15904.923063977547
81017,15845.402666882374
90319,7236.28004832469
100847,11257.265721008687
79811,19548.94765526728
82324,26419.066875536668
79204,22284.233988130167
76561,20759.76101881211
90313,12587.649187825915
94271,18704.412191299543
99090,7017.155365598886
106261,14042.33384597017
95699,27122.4771243738
101624,6730.681623218015
92096,12013.460844142373
104402,21904.213835143208
106877,-322.182102036797
95341,27337.63957990142
79252,17113.893724917485
85039,10015.421724610482
95172,26452.50846008763
91340,21478.890757425823
91584,20382.396921637734
104972,16924.38878814411
80896,24036.271059178536
93083,20396.1505387332
90855,8331.383071477896
78320,22002.516948606313
98584,21402.338067703844
97117,16846.970545600183
90267,10351.75605698015
104276,13322.702117743444
93771,23776.029078890428
100654,13813.977944567321
84833,15382.019225357404
79006,28053.833694075387
98734,7866.336751026018
96686,23100.936053661557
81262,8337.831444776773
104374,9967.521477260225
87939,13654.07071444996
85868,10798.1565934221
105505,6155.069617950805
87999,2902.4440417018704
84535,11294.03721368621
105765,17491.563997587673
77591,23791.832401343836
83018,10225.284753091859
95281,19604.62327691291
104629,19420.767437234346
80247,18336.79753476349
98202,7825.7141468266
89361,16941.546394282683
86384,13805.16179754248
77923,17834.33261982177
86901,10609.617734340056
101827,9852.261910816096
101756,7409.660153941924
77041,24286.741142709925
97753,8967.342050854266
95848,20223.974550544932
94827,27702.702585222647
78247,33282.66737219713
87132,15105.824436760744
88911,18663.010832786807
88418,12400.530360464669
77238,14573.610723078185
88359,12589.09884980779
78818,11144.924287178721
95395,25857.244207259006
103416,12363.946527904336
84747,3122.364373748518
101608,4145.28602987856
105437,25193.47608901247
76320,15935.43254460844
98937,5247.67969246408
78233,13531.139730224062
82250,19146.858290490127
96164,20109.106585812282
105298,15968.211369391836
85892,16053.184137189042
93834,17598.745232827026
84717,1906.878307433879
104176,11437.454075033842
95319,36422.22218312684
85002,10279.783641649949
91460,26518.200232017745
86992,15453.49046243493
76228,22372.297238084313
105611,10659.257034120941
83256,22429.04287231652
88943,18316.27099901626
77394,29614.520001305624
100873,2622.504900115662
92464,23796.48163720346
89315,14928.319016327205
92773,108410.89877161884
82489,3679.117009983949
76219,17337.496920147103
102904,14094.453628409825
91039,32822.23782856134
104890,23740.015065127456
99922,9409.741996071069
107007,14549.087537667858
90649,5009.228446756853
90166,12626.183265720676
90837,18711.447141423858
84748,18409.902370553453
101034,13944.74396899483
80579,12535.040063507397
103124,13745.357994812563
92022,9086.946838841883
103382,12021.480755816005
104089,22876.253750023854
92089,21091.238170025517
106395,27667.389325251737
76012,19574.613423258226
90152,13005.517818414974
85524,16365.011249411926
95337,31848.595943205917
101744,9620.797986023405
105820,16160.77500330298
100587,-7455.725569473423
95224,27189.912720007007
88607,6480.247819099302
105741,21631.426894692282
100550,11455.150876086776
80543,20848.377958242058
96731,9340.650308748602
94235,29317.881581111684
89536,11027.148953964437
104062,9672.273812362728
79870,12292.660257807242
90961,43269.44414216446
104757,15420.604457413428
78702,17766.88894006182
82823,12376.842161838093
76387,12691.59001329626
83860,12102.724260306553
97853,8678.3257230722
96491,28587.16280464078
93018,21848.922431925228
105464,20535.017594435205
91589,24785.278155086715
81040,13537.866243420602
101726,838.7543412780979
89843,10868.6953579059
82306,19365.97805237578
102706,8607.115525990219
81905,16008.970492275628
99194,18374.789179493666
84038,12944.979950099929
99179,13191.872253845057
107945,14474.05048234073
107187,16377.587649450297
106729,15770.069809767345
76009,18520.751534607545
80160,13602.694785676633
87798,-6452.679045636371
106779,11060.479845320628
87694,11276.990858321977
83225,15047.626088787005
82371,24121.698380149173
102154,9775.537297360297
91905,27708.708153534048
91831,23109.161094693864
96829,14407.32272341156
100724,13562.57561009303
98429,17041.272891477478
98046,17420.57216380176
104025,6989.679291726214
104930,18220.42365116778
97711,13529.80810464027
87985,-8108.1606079421435
102005,6466.976206162368
93141,26556.686934751495
93564,21316.144700351757
77719,23424.059259809277
99873,10723.636042616112
87053,15493.221344918882
96789,13528.635661049335
107871,19670.540659972765
107192,12164.119223842019
79928,28794.854987432456
107669,19039.146750099717
79401,24752.89365045204
95320,31043.063228458454
94864,27577.49675791347
80654,35530.439475622494
99193,14016.128528379748
84375,11641.968993038729
90211,14145.138362243068
80720,12770.245497097814
91902,20547.890992493143
82275,9308.215461827182
81465,12261.53021700005
93508,18320.782471424
88780,7156.6775937015955
92268,31237.235847905165
87172,18328.417615235994
106818,8036.152095752348
103457,19915.603661278
86080,17077.308257186316
107319,17361.70392614811
104533,14961.783074945597
105670,26368.30105273748
81801,21555.811669635812
86611,15724.588545447765
103251,14072.335638648925
95313,31853.707765145387
83324,10049.872762675503
106920,14257.80079275732
93607,23953.78526486149
82902,11600.530471346683
98295,11722.736073274278
99592,8572.668573291634
83209,19603.079190605895
100342,7036.590915389163
100059,3670.75775128279
84964,18096.5557010474
101150,13417.811851425024
80834,9935.653796895693
94660,28952.380242801424
86817,12434.456413768836
82881,15470.088399208824
92477,26897.805784374617
88843,12922.257430251153
88409,12923.840990045886
89464,16448.54187423813
84554,11551.737058748033
107456,22321.469528729496
105815,25430.71783462647
84223,19775.139781704325
77230,36921.80434261133
82653,8623.190661781962
84903,11217.974217255167
96636,15150.72490558397
92293,25169.026612309593
76243,11277.130754206413
78795,24787.696545885556
77946,48426.59339299669
108033,25018.010213972302
89601,13747.321762935699
90606,17575.134215285747
92249,26820.890296680765
92624,21938.14987283262
97695,11206.583733453563
78743,29576.884435683438
99859,19063.784049558613
78302,23050.72759989977
99986,15884.698701362655
81908,13225.969136275318
85440,8010.831392217515
91412,28213.842083621108
83964,6757.22438709758
77867,15410.136469308214
98287,12576.934185333284
92675,5443.785462209991
93893,14262.159293023324
93828,27343.35149745604
107502,17916.159325706984
93726,16237.0584312102
93097,16337.265732693815
107762,19762.66736505538
93545,25182.94281299435
89831,14538.798612868812
108065,27883.85227073612
90388,1409.2654121470296
82017,24064.969281391437
91025,24507.958777480602
96293,14736.40146230708
99187,8826.190291800154
98283,4551.2734225987915
93590,20081.154271832333
105510,10443.766463372584
81365,23695.56335806364
105805,19121.12850998916
95866,38335.797830061565
99079,15504.357844773545
95673,18106.268921080642
99311,20470.341357124922
86145,10102.454291662347
103531,14121.021648402537
108261,24956.87477023883
85582,4414.6813172986185
85281,6907.548540903383
92591,41365.57343713702
97180,28670.007805419835
105998,13864.47946021473
101355,11838.471182270148
104286,41177.44374096854
86703,13019.697898168732
76535,11712.95227588432
86181,11331.002513538566
77004,21730.11862605065
99367,17535.56704755579
106001,29587.349054046506
93179,26383.85338010282
83031,9421.526801952517
86572,20573.56237394832
80350,23296.921665931877
96375,7510.9064463562645
102219,7279.621782848084
100942,15862.393554245771
82949,11496.377402748865
104083,26945.728393445253
97140,14399.570938482293
96421,10035.335300512557
87075,15871.933735932418
106419,21001.622088254644
93602,25076.623435514597
77222,11614.914968036699
101712,12079.195979351676
106666,8147.382577871333
87295,15279.203174283874
89044,13641.61043295848
106433,8289.22970238886
94575,28517.707221667428
107025,6082.221539493265
89318,8136.647777194052
86030,14598.812498189407
103483,13543.387719015747
94536,19749.64995647408
107058,16340.473131373867
87031,10655.331032657283
100119,11783.468255426696
105938,10505.797958703217
89724,18777.19525510155
99480,7569.351459082558
83017,10946.13187767697
108355,3514.7093226419674
94711,21445.696263794252
95759,37152.22322481198
105168,12666.007990771412
93791,24838.389144683333
85850,3260.380526021512
102333,6394.573825862095
104407,22297.81341776955
98798,17010.617004156997
89284,9271.323104076022
100823,3755.2251488445672
80514,18850.887908311695
105308,17160.382132403738
104612,24635.462723756773
89638,23649.660005554822
93794,17522.74817612723
83933,16164.469260333746
90413,6892.01210460435
98929,9830.907390025091
90959,24212.673472878894
83414,15404.22656448631
82228,20562.299919621713
88669,12737.729250379805
106815,15629.562610932055
84567,10502.794236372853
91328,27290.917703271483
105740,10319.89168255465
96452,6826.74689793212
76038,21110.2300051584
99940,8179.081884419116
102377,14820.275867053877
105229,21625.13968917331
82158,21922.814924907612
104844,19734.47752886454
101203,13788.543145839347
95222,22199.092043478755
89529,22420.342115149004
103230,6199.658567694572
100692,9096.838909694896
99821,13172.365891563237
81086,20807.75967391807
89399,8844.75184758181
102445,4950.859294654896
96444,7372.7501818949295
83485,10232.21585966925
93778,29560.59796455532
100464,4714.097894014805
99865,6061.122734952887
100107,17436.449764516343
83973,18357.448377021654
92032,24315.61788472669
94017,14811.070704791182
76046,14630.001610738864
77816,15563.345870675283
76743,27613.451377728066
87201,13478.404226806699
90652,15586.984296220511
103448,15128.113260635571
93642,35014.50141992854
85409,19038.22074973225
99777,5557.949628039627
92216,19566.880741003584
96269,5545.816843570998
94298,25635.482138912746
106667,12843.130561572878
93716,53210.02491890442
95754,27614.404949607422
89379,11486.72375929014
95970,23658.894376550747
81911,16818.303479411068
85652,22917.376799564565
107793,16876.541757274357
96389,22704.483706316394
80000,21226.293938167873
104440,14816.226722356141
92029,35316.75941136471
93473,18402.64618838205
90350,18552.979435629903
84947,13876.536720773482
81870,13890.844969641217
79936,12479.515135476948
79910,18061.640110027263
93467,30587.75619697936
80387,33180.55251945815
104360,15973.097398405731
93150,26169.22533957589
79119,25259.863101064333
104462,-3303.221642757773
99548,21426.078706150223
104024,24344.44350510319
83480,19224.453348628005
92501,17072.824026723003
86740,13989.377465937825
82165,24608.361351375243
85963,17694.504868430897
79487,15552.682871956778
83245,13266.429408421123
102193,6245.882062417986
95449,20092.33924951972
99413,9886.67055888414
77176,18225.960882228166
107260,24768.077905607628
94187,25258.09533231651
85664,12385.181194220513
97886,14007.984772240736
85384,13295.743952575907
81228,25769.846473461977
81930,22039.790842653936
106627,35569.13161599271
88081,19826.0654507131
91651,20231.254694036077
98067,1461.5552625544879
100814,10450.288370283753
77028,47850.943528955584
89853,2175.9861476967308
92951,13194.099166215732
96866,23849.034460171893
77498,27827.583397246508
102959,10205.737173753841
103546,15942.221940461774
81127,16782.256957674064
88867,13010.307790201954
90099,10211.678089157613
81637,22168.819161769607
101995,8724.61751331656
92382,30197.596562325605
99078,22715.45008928451
93118,24885.320141877004
91524,17705.169986399633
105674,12676.895488417962
78943,8159.803432950497
99513,14331.329231974782
82972,10641.266894094722
92438,28112.890969349028
76466,23744.342568500753
93315,27809.81807405211
84637,19734.936112537805
91553,16607.09790625795
92093,21891.994941932877
89774,19703.464467349186
86455,9944.751391521786
81999,26138.46376966853
83211,18232.41550152174
102893,6023.647675371911
101347,14121.021648402537
102099,14833.9542481455
108532,18402.108009153646
94030,29837.923060418114
87114,4918.218389196121
78523,33176.92745541214
89274,17405.070528886252
103663,2502.5344793359254
98104,11218.737709111736
86952,11101.360707619733
93621,16098.535503252187
90898,20779.042972446718
88902,18526.462856027334
99135,22312.817240952878
96645,14290.23833526605
89265,9625.352029342484
88536,15990.249003202738
76788,24316.0095604153
96496,12746.294253916885
83580,14523.936268716254
80060,24372.396540721893
99910,12126.3628107021
94254,27083.80032266645
98982,11931.454398815436
101182,9717.796303433719
104497,24153.764376502346
99215,14312.485069133854
102237,12332.20194647991
105340,21117.118462769067
98398,7426.119548498811
82895,7896.351105767728
84880,6550.351806106904
76633,35234.24470768495
98237,9860.210849225237
93475,17572.02027587806
93644,11797.448075390363
83331,13523.920219059859
94673,32092.729889086164
93774,23400.375505432094
94872,20349.29823921848
104642,24624.189689113256
105806,10923.593148733293
93351,21262.771432007903
99440,22825.257152922975
77434,17375.315504528007
78382,30619.585677455558
76269,23448.197360463768
94221,33224.07946663839
101103,7994.512615466043
92917,24683.891058417677
83521,15090.15413436354
83915,13212.846072548713
93502,23723.121152609838
101013,12772.691531121156
81762,16299.300308741418
106753,16067.132690712117
101173,1173.9560263140156
98602,11915.303723403256
105397,13438.21364788154
97067,26020.05560432582
101378,12453.864775933025
101862,17597.294237931557
99039,13551.400921033019
88393,15278.909371936152
106130,19718.566377742733
85828,14486.396562016562
108231,21552.153870591133
104898,19174.92168627736
93112,15707.923917746517
89768,6514.785012726212
84354,16780.41916051256
100168,12042.6762133739
92834,19622.40164545233
99208,11974.246817973883
96108,13749.592516949066
80163,15966.218654898545
105455,12144.648432043143
80323,23898.008870714715
84714,14931.707492462101
92348,23451.06636163923
83603,17005.177694626476
103959,8108.75726495128
106728,16105.80814233323
78696,33043.16886964627
94150,27658.68847862663
105629,23604.14164877833
97037,15340.665200557924
92850,24538.865711064973
88432,12026.650451675694
77436,20234.276297383178
76469,-2445.849338441174
102030,7548.578106857967
87669,12298.424808456311
79981,19160.13293812029
99662,10817.259889565416
78260,21665.73185202019
94555,27200.23731355883
84628,15470.312414949236
87955,6069.708490000099
85130,10513.268932065548
76417,28376.184400797585
86241,12048.143700862196
84603,9873.057807869143
76645,19797.720397279325
100195,5112.206072562225
77467,24473.29583041714
98126,20554.59968643417
98081,14260.916309764476
81234,25684.16152390372
87717,8956.28195768112
79724,36011.91994435695
78643,12727.42174535798
93113,27831.357593702138
100597,17807.25967031625
91190,24763.99232301909
89351,13180.373464611846
78056,27640.999003029618
76053,17794.711588915416
104592,13656.098815066684
105891,21699.085461661376
93731,29549.21908050379
90123,5646.0592813731455
85669,7626.163773515389
90040,12305.034893150027
103624,9087.62623824372
82545,16133.888071046784
101212,10649.432208316473
76510,11869.683977773948
88673,10032.85738582813
107913,15499.175256237442
76619,20978.11138557006
98461,23413.225221564408
88455,-1532.8364260796989
94543,23773.34933532309
79082,47851.55069593843
107039,10576.63373253477
99565,13247.402280834525
85597,17650.374641575
90908,24920.354364254752
103741,8375.733974089257
101177,11622.213903098764
100246,-6723.591838167526
84497,22685.90518123792
79003,13578.774111756515
78075,28009.600863279054
85527,12844.743973527187
99400,7864.073895187854
83118,13487.52622495883
106176,20221.532451750678
79864,25343.19577030438
96609,12532.638308844664
77968,19104.539877089184
105349,10694.793815890767
95787,22367.917004141327
86759,-7249.246564037065
80898,15374.87474556088
80948,16682.21720454573
107151,12192.290455851373
85395,11552.395187894315
86612,15051.6545001419
78951,27348.721871428166
79546,17455.41490044574
83345,22472.86832630518
107224,19803.534749669747
104509,15618.84661528054
77088,29906.973643750815
88988,13574.620546062804
79061,24759.73156748471
89758,14587.799074466784
79439,45838.181809322836
96411,14545.146197658374
102234,9988.132390785513
89720,12917.456467861051
99600,11926.0107143491
101235,9894.246293440005
89235,16093.07269554666
96214,29341.660195052355
84205,15235.19757908372
106816,25211.001165581118
90934,23790.36990495345
83597,18034.827396559034
90454,19177.868743334308
82998,15826.352809353812
76772,25982.032738891037
100571,3382.103218420034
76400,28436.685806461468
107381,19140.02924437569
93102,20406.424864868357
97419,9856.51941929941
98844,9132.009780070413
99354,7391.6049961255085
90811,14792.537633508224
98152,11061.436326558078
90157,12135.78457998759
102629,15413.583616779673
102111,13284.015273160992
100448,14061.874933515046
106531,12806.335330557044
107493,9204.514893189436
87471,7253.360390717149
83607,12329.039901915045
95488,26594.326331938784
76205,28301.023849848738
95394,24528.091089241076
101050,5102.198271092942
98680,43944.60401737878
97176,20479.433328460444
104530,17172.25048689058
83396,-2973.139233824244
104984,4594.974906499974
102081,6880.204272705569
91955,14496.188749489644
79996,44083.318650582005
107833,17954.886101532786
81342,13928.197158596673
104936,8579.50656037845
97105,15126.169732444614
96834,14321.568958458525
96402,15538.165220355939
106575,9823.772142331412
82857,7682.98464960172
105504,10706.72126334879
88261,12963.196593207074
99175,8285.108124825223
89160,14177.532617996567
83875,5805.24235636336
104695,16981.303431306955
84189,14235.779925085386
86024,18722.5821966775
98475,6733.211040869344
79856,29234.624048948033
80385,25659.527321918205
78287,23880.620754066917
88807,14488.27867188576
86288,7481.874579704367
107610,9624.218645974146
94375,22683.375116777694
83385,17866.434141375536
96627,12009.281508917133
101257,18097.82627650306
91915,19296.98109101853
97986,19216.78118366576
80806,23804.23371065862
96930,14024.581602320875
89391,13842.014470999386
85423,-6783.752382854636
79397,34904.07605498932
102565,13283.327277404464
85590,13212.187552368137
81920,12127.490741763073
108098,20083.8052174612
91230,43108.14863609652
108021,3534.1162189119605
102554,13445.103964015794
84182,12965.994630863439
76770,19185.8020877128
77856,18095.638359275374
94249,20851.158354622174
94729,20707.362011338635
77171,20370.54250338348
107487,22308.35124128418
78766,24112.68125274249
100849,12708.406615250024
97721,16863.93753797095
92837,21504.69109491895
83099,14711.419718279285
102521,8520.012681160559
89738,9115.520928573787
84234,13501.62895010219
107428,13229.17801375469
93895,33568.66127765067
95662,32233.29004440066
80328,19518.526780134573
103054,12587.661354197058
104950,6236.9861593598835
93125,27450.525529600098
77393,47066.70120703138
81178,27881.645971983184
77207,27823.841090448495
98648,12549.908017034919
106065,25680.674813570156
85228,13846.093320543761
92787,24353.20063979562
108462,16848.391012101976
102896,12674.26332000447
78301,15114.774229159506
92584,9839.22688330563
96414,13084.401823313832
101267,11972.462916076904
92934,25136.64074158917
80206,11798.760619054876
76657,15526.1371836998
99365,13599.71989542613
96142,27563.934356196187
96484,12849.508199140388
81767,22780.335041593367
84926,8421.489690019036
84961,12825.91472701342
97487,24100.90533958315
86753,8922.231900881852
76410,16351.141666059633
103512,3708.4283216117456
91899,25104.41708053912
82404,25747.511871643183
84598,20143.575706719777
95115,26869.96957543286
92544,19777.854168148133
94011,19844.450194568304
77265,27362.381001028054
103378,10907.501017837294
83828,9873.48572028536
106142,23219.416644803998
76564,27849.28488409387
93718,18000.233198474583
81110,18715.13122631725
90753,16588.93819239859
86557,7992.542507733284
90778,8480.486105600037
77313,18569.203289750756
103914,11476.512709206532
86688,16585.440842100365
102878,14601.606615082148
99734,13447.79154188683
91581,26578.162110776164
105434,11134.388684076708
89221,8902.713719708077
84974,15663.933141643396
101055,11665.878062974452
80952,27782.79796823935
80861,16000.200194234632
77446,16235.51525564765
105345,17432.44823562848
95204,23758.955469801327
96228,14199.307395792803
100840,8968.95594124949
90096,2439.016704706879
97213,25419.468214209428
84188,12356.805733745168
96571,24417.309702735653
77068,29867.51222754339
90711,13400.061876695621
89855,12680.394548423988
104858,9300.710043615218
95897,24665.181548648678
81849,22224.013400613465
106143,10682.633691479441
106333,21511.65743420818
107165,23766.469258331927
77133,12088.326240324353
91788,28674.58770686145
91418,21198.399583142127
100158,12814.719263017396
96982,17581.91918556133
81275,26700.61669322376
78741,17921.352177894933
104961,13986.048040803735
89332,3923.191685162252
77546,30144.31050118391
90860,17864.57922901635
79924,12799.638982900105
108433,16490.205929968273
101702,13238.643881478967
79340,31764.452547861456
107333,11838.50740400494
107963,25325.852399919393
89408,9829.918105811365
93686,19015.283015383855
96129,13712.901858862362
106156,26893.425108438852
87515,14946.83495037946
92980,31789.74875366583
83982,11548.021125277231
85504,12976.776081639848
108354,13235.051465402476
97260,14089.123402774127
95437,26392.30820057397
88483,15333.261068010423
87959,19947.392819895093
93858,19438.401704185577
80968,24087.38058834758
85754,14586.951312830835
87723,17657.404801969762
95880,34480.24068083505
106868,9925.206850553706
93138,14785.684270936174
104747,14725.065878064288
94889,24312.31110514394
84681,10611.244426774454
98538,8122.783965144921
77073,26564.04858881861
106730,19844.501817448363
79208,17338.093985974043
100127,13257.184718995786
99655,8489.419115958139
80695,12952.2396564812
96818,17133.24319141002
101382,7957.016092425736
81239,17809.281284527337
91299,26566.28989018689
83005,16218.58249245786
99363,12577.060224685352
76302,21478.2332565252
98317,20254.533551007167
93829,43038.73478262581
94188,28517.267988880365
102190,15688.9563512584
94901,20374.05569371111
80495,22566.67827421118
101373,11821.520446086259
76822,13667.235919779752
105052,18554.994985465757
98580,3166.0409988741085
94567,20282.856985337763
95144,16958.741910625726
95559,21062.843556721975
81580,33002.11709975975
106874,22337.459269914667
79121,30077.330457195487
77257,21425.946845459555
87589,15093.066552558716
84579,9500.732085197706
95950,32404.844958619597
92510,12778.085321194592
108139,18236.703899437973
76182,29614.8644543591
88687,14693.768833802435
79244,20674.89485296623
80690,20074.682575171264
86259,17107.25424734834
76977,15883.117915179075
95716,18807.906543991845
97234,15366.492693989907
102608,9914.672108173816
105976,20529.132616896066
86505,9657.996952708214
91220,28122.34477284414
96558,13226.09172506019
87444,11418.597414609925
87498,15587.099432684787
102631,18053.110746730672
82185,20577.591280742883
99403,26789.811800651347
79515,33702.65242692667
99088,8933.9242532909
76226,22589.29433038048
108382,11871.92345166433
85313,16463.379442452133
94499,27714.226517375104
99934,5977.581403419663
82376,18117.763031237588
107765,27179.73618688093
83605,5014.653360959383
77701,16807.383279649253
94028,24928.28270112239
107523,13266.367198126256
90650,18614.46396819789
87414,9408.684340505271
100055,7777.684461015337
90566,13142.079215959042
77944,8026.473643123321
104365,25973.08797362198
100010,14325.208430859071
97116,7936.131969642414
92053,22394.859851314104
89028,14090.618177401571
97021,24492.304964582825
76667,35029.19772406605
88020,11750.16167119315
94877,20481.093701432354
93946,20935.62747333425
107829,23655.549304887303
78257,27405.885838016264
79067,21854.39917742188
77650,33145.44228229111
78087,54192.554353533014
106695,13190.979103551581
94630,10466.34237062245
106256,8586.30958019181
95601,21615.590831495545
105796,17160.191011538343
102585,13796.404284397751
87265,11736.797735643862
81014,29825.27383676328
79536,22206.797507170562
103430,14492.179566349168
95642,31091.353325882617
85927,13428.90579344402
98965,12977.892062285307
82285,21420.049806732175
88076,8154.346411265968
87977,11854.626727403329
93013,23435.796577942474
86356,22052.134411823386
82657,-1403.6764876054767
104960,11124.916473140702
84159,14624.007948922885
102831,10335.058497369078
99907,10831.317756209584
95588,21783.98225431072
87604,13867.484559928613
104688,7455.726498974955
78457,31648.35152346513
89007,15140.514049694626
104449,19648.680855958522
97888,21653.621509746867
83178,10174.668496006743
81940,14281.546355481387
103932,10119.405953148253
93309,27284.471569653593
108001,12417.292685864146
104771,5685.172801137447
79382,18505.3411116556
85883,12663.716957574034
106425,10512.425941007576
83165,20517.943836852966
105632,22709.066419492283
77132,26178.261922688795
101743,6429.932514418568
103628,13871.540676351447
90647,28870.74856220805
84997,8597.146913728815
91158,28195.965612185923
102727,7283.535359896485
83926,19819.963763863365
105492,16744.918994855754
84091,6884.611705207008
90093,21981.316608926572
97013,6887.890017254413
97421,12063.501159723237
93503,22923.291949451617
89921,6846.880381093244
94294,31479.550507477477
88049,5485.468575688137
87152,10409.52565589152
100030,11272.461868807231
81887,22996.781271067324
92813,31863.559470446216
103849,9026.981921990984
81370,20124.24930353828
100077,6353.5603744513155
96215,16737.722624403094
99477,12088.84501597762
92453,25662.449869324377
79103,23573.192018041962
83988,10877.496679824744
82753,12796.205728953311
88096,19941.40793497963
82591,22007.71172182148
78600,10244.618707572985
96130,16816.427529216617
86532,16157.939115451542
78212,19809.391510749854
103099,7924.61897947611
76517,17151.837612267896
85372,13515.7371460297
87192,12104.996096786133
89912,11695.5763245833
100674,17350.73435017614
78362,19070.246418084305
80234,9420.179320013169
103492,9670.852922125701
91876,20384.12333700465
99906,15635.822455378588
86556,15610.870456374172
95439,25625.06107727376
89552,16262.766306458805
97510,18240.129846270986
77027,24402.444903686395
96651,9688.518859541222
101124,1802.7671573527768
81564,30519.77809283891
103834,13951.472363231134
106120,14909.358002302055
108302,15489.041628035404
95258,27114.55226635386
80241,8542.72902515657
103079,18802.10043194238
107671,20476.80210467611
105451,12410.411442914989
100581,6367.630748012571
103200,10605.807720552837
107958,24693.94180834518
80508,17250.00838972487
86519,11780.348443257419
106014,14902.452642487999
88647,5912.203117639385
78370,20950.813399374343
80157,36738.73283615851
78549,28054.438181229594
78346,16894.85938819633
102025,11288.064218425692
102642,12146.90049230681
101566,12807.07890844156
105090,9520.09922142223
102879,12369.606547666386
103116,412.2790416251846
108181,21688.38647139325
90077,9521.790301373967
87209,6459.473214956764
78488,24923.90716368604
80235,41514.31166022728
100754,7850.287741036662
105566,14501.959430471297
92772,29375.17907218092
91123,35419.986550324975
81751,37427.09859638744
97826,29054.20181660238
79668,19447.235959810936
93067,11731.172232123015
102583,11536.469906167304
107690,19563.387502599842
87693,13514.62349085444
80476,11077.239340515904
81846,38329.25687759156
104885,12678.481537119507
97224,14991.448558878375
101301,15408.86397019809
77468,23065.08620237701
102865,15115.901782277026
89933,20980.908115984108
80064,15779.070686956204
102316,4248.5115933844045
78861,12574.014239995835
96856,7891.084247465011
80901,28447.85454756294
93880,-606.8707036223459
93155,20900.893387485765
95490,25614.283520397785
81179,5665.05021144318
105515,41068.71376566454
93763,32599.906242405377
79292,18920.962808144268
79547,43706.58617727028
76889,17728.57269427136
92884,21471.678575225156
100959,8809.980650427722
103931,10005.436326293691
87109,5268.815306807957
85670,16790.497002605593
106941,17406.285604527417
82237,23001.89761839743
95369,20307.67941237109
104098,7624.285848329222
88392,11341.687436467482
79992,16954.325302814883
91429,22735.228235382834
93131,24077.74563577247
102287,9183.316690094714
93988,18705.410932417668
98533,18576.13663868742
82402,26652.186701400024
100838,-1067.1159103826503
100418,-5388.487569800538
78723,23280.993829026644
102054,19174.995368547912
103873,7824.812940221735
102429,428.39828328476506
92423,22532.158249740132
100306,13236.81002823278
95398,29847.787263316586
98509,4656.062399582312
76571,21444.125514370437
99096,13322.37519857269
79974,28278.81398415291
86070,10678.567979096435
106407,19582.198388085206
107921,2989.3278793251775
99358,3474.826521448209
81645,29427.657448479218
82190,34292.98039796886
104692,24238.900477845804
93221,19877.940250558673
100438,9063.304368034558
91444,22176.855985248632
81053,31820.65107059318
91363,24332.091053385935
106954,21853.7301016253
106654,18260.574148105185
99522,12932.28377408655
87009,18051.86985487449
87909,12143.735145732386
77419,19469.472497572682
97652,19495.690777437732
99779,16826.995504504335
85584,15186.079969490605
91829,21894.696043910437
88101,18284.61346154954
100556,-3183.6213355843684
90352,11194.524076708189
83282,17387.58704095444
83007,13629.174246371827
108313,11460.707293674228
78810,7150.944966250059
98828,22337.865357393795
96114,7169.545582468669
79191,-8990.266281328764
87297,13067.726687544811
95877,17563.65316111226
94139,34715.996226201576
100850,8054.108093632005
94945,37192.16205986755
101089,7900.700270461481
105691,20986.71869555934
80668,14894.58258435945
81214,35732.012390308606
87518,16582.810209525
105030,16052.291291197009
85923,5268.065697851573
83311,17325.32886391617
98855,13120.705287760618
104159,9225.306525482089
82779,12837.319483613763
107742,9996.563053647502
105468,23943.5560102297
80455,24137.035063889456
86388,16433.534088512308
94821,40438.95764900155
103268,10542.821992385067
102051,9145.091166080398
105353,24258.48233045559
80456,25001.61220544581
100987,11430.65898117119
91198,27494.15484859924
85153,13897.16707781287
103654,15190.186143229454
108172,11073.386248863495
86497,11887.810207350798
105311,8455.427489447164
83207,9583.84652030547
103088,13874.398267391334
80581,26618.978892090832
94590,23773.278569638525
92857,21097.79131171362
104990,20948.788448518448
106022,12225.43610459757
105717,19100.18339095098
93403,27386.66637091284
85166,14369.149836859433
106430,16092.810415542537
99092,18570.236725569885
91093,18076.946874257796
88851,19867.036491452065
98289,25523.997392044534
105096,27713.219763047233
77047,19113.636835746656
104430,20416.96486896212
89790,4454.757116119326
95496,32026.840692587288
99397,7967.293252263451
98691,7433.3422639384935
76750,30140.992883398896
96768,19026.6040381062
99671,9261.729020879766
100893,15877.623676660092
96376,-5514.135315580144
85359,16014.428724096113
85526,17944.402958814768
99471,5586.367759641524
100718,14643.427872212855
100408,4151.78133936859
99396,11634.896911024993
88571,22104.663632776355
82056,30394.132536442397
95339,34041.09076736959
106966,35111.57735447322
87419,15565.983355205686
107951,11065.403096483838
89086,-7715.111253671348
81863,44042.51934146389
85352,6475.502416327692
107573,15022.01328568954
85160,11059.477451556299
86447,13310.955357527644
85129,16262.433752858693
81978,19568.047417915863
76538,23189.902599041034
96475,16910.44219483025
81872,32835.2388042198
100975,4645.339279730779
89846,6656.898652472577
76813,27152.828948108607
79861,9807.045384767549
85807,13708.869209614444
100520,15041.515928810422
83614,11088.96467387012
101194,16067.380143799854
78639,29187.79831590408
97237,8670.502995106406
106299,4658.535375755098
88307,14775.807629499519
85314,10854.363734114686
105736,15864.027110951949
80065,8479.865931954735
92131,21209.361984388794
88644,19209.497611294097
76738,15788.290246751505
105697,17425.499814208833
87316,11630.7707393216
98209,16670.637458577687
96229,18334.28657333202
100262,1392.572947375269
100999,9021.68730184956
107614,10783.035991309032
80838,23005.707267518
100986,15287.805399845214
78593,26844.786079131045
100441,1681.1608120983947
82682,13235.496543897932
78999,32215.27903792295
93261,16239.888863018548
80075,29886.461216611104
93655,30462.054489905637
100596,18109.28461373012
104232,24498.160856746013
91804,30601.361648765545
77995,15877.889010360925
103787,5731.192122650937
94205,24532.694666296244
85358,12148.004418402958
78658,20680.381601359797
104647,18209.018010377305
76044,26337.738892329333
76998,11854.641450516305
90687,20135.549156586247
88724,22913.183487423623
89881,13633.636022321047
77162,20017.57037588547
105640,13143.806049010425
87663,17354.755061650096
79472,12448.232622604508
105402,9611.76475669948
93024,25408.243078782023
88764,13842.224113098138
102845,15342.316194263341
94779,20644.881651684584
78682,12407.510477073844
95089,35047.663042311855
92437,9557.2772304307
96574,9756.548161285158
80215,8620.841498718572
103217,10713.723947397893
96957,21824.576795529294
77332,18764.506074510056
88904,18808.42582973527
85813,19004.57730314945
90079,21886.751771891402
106345,13157.776473373366
93236,23667.467424442744
77551,28088.10152907201
98682,14412.421869985883
77482,33494.86528527361
106734,27650.22881617321
96167,15503.957537014503
97901,8102.9655444270065
88753,17103.10405626867
80085,27760.61826857312
101127,10565.790162425696
89915,9942.741351367444
77818,33207.24406444977
88216,8041.25399843854
88372,16629.13980022622
83811,8783.937104706169
82936,11231.798194652005
89742,8016.259617064294
91673,30798.71891379049
96257,16065.106805661715
87975,14619.888869748696
80305,35121.54420644512
103204,3871.104656299278
87651,12454.991354339632
97692,21910.954861939415
79587,19143.34635634238
78081,21071.25883751755
90382,22314.51940129169
101784,16145.439927070081
86751,10596.518389399043
83746,6410.402341418965
107367,22493.591261709138
102824,11345.13682256104
88861,11093.10651213341
81296,27094.437009984114
93069,30128.270546715812
87324,24211.041698166155
80156,24329.12178471296
101653,17987.279743303694
106220,13000.16064527737
106598,12107.569268435554
100402,13832.893644368876
76609,24923.801307837643
84956,13244.292902552377
95576,31922.000952821843
99581,7342.245772271803
80485,24652.38325663278
77166,27709.181787923997
76018,10823.133402386497
104735,15608.826962670944
93333,15184.398803349843
99795,12109.801715345424
89839,9692.002279516102
82759,12937.519365895834
78936,28322.618965289053
85749,14161.458556146405
103893,1114.1722940117506
80488,19420.44101658676
85554,13281.638606304223
90240,13246.553559705244
106288,19018.51134467866
77948,10394.324894097668
102329,8558.419165996422
100162,13554.842402593871
88576,16298.012577764246
94039,20129.28521099304
94453,24710.724254494853
87879,14220.371069815359
82862,16245.849122921903
102535,15641.399412202216
105231,13044.975248205239
101295,9840.359416379546
103639,18220.36250156037
100996,10662.318327378087
90885,7785.914580242928
98058,5926.501002005949
76405,22562.870911678743
81140,8798.338040807557
106762,-13975.442306614852
77805,18827.498940695266
91903,24901.01570540079
103506,7690.522387412568
99841,12500.453740627678
86237,12093.879305552273
76010,25002.183475809732
90547,17060.2319795649
97073,10980.344085760367
96345,20258.867891894683
104803,22425.589078969417
97547,12771.057738175963
80566,27285.08839652239
76686,26753.899451597288
76532,20014.34039503641
95342,21117.81939736844
89227,9542.709354054234
100141,10327.654608772653
78308,23343.27355784636
89064,14215.037347098347
80510,23945.772924807647
88585,3625.0528974346234
104610,19911.306746689035
82104,9472.549909889261
82975,12960.51241857906
89065,13843.98846360748
101733,4791.742990303028
96657,17039.275584026007
86410,15578.482565513548
97079,10742.08877898456
99980,7991.494149181493
83405,16794.432715453004
94937,19340.569063362444
88990,11507.110947884998
100897,9364.862257853332
89852,3324.7334646893105
79720,22217.636854439574
87573,8515.356325890789
77570,36189.903309464535
101535,3348.8952858497705
106853,27442.437630882378
90614,15980.900684784872
99883,19542.058244899694
90053,16156.355644396719
85345,5172.595357715061
107848,12240.43429198499
93445,28590.986704490766
80275,18203.216612414726
78979,19880.725388850613
102516,12958.19393773421
89258,12363.484173181601
107117,24557.263429830346
106721,6039.887890726879
92982,40351.97048842828
83496,10575.687432723473
81803,69491.96252187181
106993,21679.492351849403
103294,19641.368425139794
94098,14978.080394388504
77532,13944.255037337556
89286,10876.789177354487
89501,7562.8465871361495
95186,21653.15171035053
92283,28033.82201063366
95290,22610.29563003825
96893,7483.76666753811
100971,10858.30746438426
78080,25796.215238929723
99131,18997.75860797953
108281,4337.312538453474
100144,6171.367283118323
105273,14835.656487527125
87851,16717.453979786093
108128,13359.419440136955
86420,8771.781035715383
88534,10123.876065688451
91836,22347.834547492555
105068,13228.133663471079
89909,16375.220659471657
83912,17419.361376966684
92078,28912.756338775846
97169,7221.327384437869
89505,9603.666847450986
84000,13099.011270953455
95770,24554.209243797322
96966,8496.409264218382
99958,13634.043451744075
93263,27322.440868890684
85201,-711.6874030882027
87858,12768.701589211218
76733,17894.95594450896
95475,21286.35768972282
76959,16788.837746508754
88587,2841.027351212386
106240,9808.167085689796
76297,27229.832896809035
96655,12799.598588015562
97329,5409.702882722522
104459,15414.401782945224
86218,13116.232679665929
92652,28026.951133180242
87708,10073.994199533525
89003,12333.065095298789
77758,10935.981966660906
80355,-5051.481270910928
102381,10049.004579453935
102034,17845.797576706762
85449,16730.05211327684
108344,12006.699197300062
103231,12872.891688349584
88619,10538.83883072871
91294,18454.124450542164
91671,40358.023565118245
89398,18235.53722977494
97449,13903.828055464948
90985,22477.811858720102
95931,27730.659691279594
91207,15259.280522945679
93227,33762.284003678535
83380,10186.78598564207
88517,2951.1732386710046
94074,25700.78043627272
83286,16018.167896587775
78621,24736.81131149923
78559,28900.619601291215
95517,22241.820479196824
90301,7698.773838778452
86982,18033.317567876657
79155,14079.80507139688
87645,13089.239340073029
94734,22373.673614999298
80776,9041.114928931918
80191,23729.445458677492
81665,20450.48830256926
95409,28750.03453630811
107275,12779.526887204309
88752,6070.111022159028
85344,14714.175821829624
96113,12650.089428602867
89564,13767.963161228916
83351,14875.476895138476
77727,20826.34486240179
105427,11145.067325151083
86511,17721.42118342819
96465,12944.473556974244
81345,25866.224460234134
102204,6341.5814494225
91518,36426.51204227326
103030,11964.772330260119
77586,32383.362953597927
81802,18001.757065518468
97913,19611.27651392521
106159,20410.57577105567
101107,15960.250859453721
77988,28604.05389533844
103558,10272.08518318677
107080,10500.483009389118
103080,8658.816269220639
81729,31068.461138570343
76576,13591.827613274469
81302,25740.908515254127
102815,6044.558303937265
76838,108581.57712073982
100835,5362.912920527564
92600,23751.57310060948
98836,13148.848163799705
107734,11948.2652452369
103146,10227.134609970544
92838,27514.112208353832
107210,16850.660868951505
87193,6882.630745452472
80803,23679.152225937913
99014,33647.209784217994
81317,16012.741446563714
105975,15420.690693791948
91289,17012.295637423333
102427,11008.194462154745
88770,11421.528429245242
93130,18806.59367148527
91428,28483.785682221805
101880,8525.352955049551
96317,14051.984046928972
79846,2003.4702753912716
76152,27147.461841174078
98591,13226.854320429953
83409,13481.659879482155
98307,7769.173078444146
81931,38190.27194787898
90083,7576.288800489976
77773,18407.962329534676
103635,8824.369082249097
90621,7732.017955331956
91055,22400.3867996945
82011,10890.503724988193
84194,10663.888346844564
107360,20291.87921280712
89868,13520.859780941106
78774,19542.96639682929
98229,10701.936986913632
78895,14920.973887923197
104821,13071.317182320536
88829,16973.032047836645
103561,12778.892090660953
95077,28184.244103588884
77218,15023.231829142906
96894,10489.994860897012
102467,10785.836337150518
80026,14040.716594019123
81904,41466.316859207596
79212,27335.26982710462
76081,26079.838451041323
102446,10780.770635279048
92123,27835.09242787721
99505,18671.932614052817
90701,28453.16488198564
94131,27094.310627925806
98499,11433.588995050686
87292,12593.793332336616
101982,5556.753458039959
79507,17680.431292264162
80367,22138.15229142241
87303,8751.505920021184
90939,23841.033094481256
105990,23707.262849778017
93538,27814.732079010948
96747,15877.052157574413
96705,13201.42736945668
79540,25967.42035702592
97104,8121.465943517856
83406,16547.48512924753
105299,10443.108397621523
106722,9673.541809347078
105452,13638.091394526025
87290,12647.677576953425
81467,27845.50021670133
105170,23251.614176045936
93330,24882.333167225097
80272,21367.820797505992
107730,14683.1384296869
96010,20640.416449781846
81845,23512.808627793856
80811,14175.667907115656
83571,13473.495229797081
105322,18228.3457385834
77762,18392.38044019315
102039,7974.160334255092
89712,7450.07278995364
89635,14485.18089240314
95445,28641.08963173515
83168,12534.738154810144
97583,9113.59167121446
90719,13198.993671426902
83437,20532.44861928787
95182,26888.832405238198
85203,19514.902844288084
103788,12081.671743637678
82303,17758.44796292504
75983,33061.454933163644
86812,8389.281562110376
81841,34078.84298363794
84828,9508.05566937145
93783,26396.176409757005
107916,25442.666463474176
87430,10689.604317518024
104874,11598.353081793699
93137,24089.030438910515
103047,2727.0223282443167
102110,9094.395631637952
91435,20992.11462344889
86558,17035.843137013373
95141,25518.738640784955
101513,4646.5717748547595
98883,8926.765517024274
84488,11588.308286512976
77317,26275.60953163485
76345,37381.77173741805
91779,25198.017480211707
76882,15793.492737259907
90888,12369.266758673457
98663,9268.239519557159
95756,25115.383152878243
92853,22080.260530565687
105681,26187.10143201258
100628,11405.36124227474
93663,19330.450399462163
92183,26100.982674930572
87635,18310.00648462732
104386,24736.02902022033
87388,14320.443363663839
77217,21987.33103044449
96722,20488.92406362622
96916,15514.517933044652
77168,39880.49075642714
78963,13387.278908801603
93780,22440.75868830947
91677,26907.620526392784
98082,11542.898631485928
76229,19671.99113657337
92338,25527.23488905182
84178,14328.06866806549
106784,11741.583026327815
90742,-3734.681279388351
96034,19377.799104682166
98064,7550.309079670582
96973,20440.962599654467
102048,12334.539436788764
106484,14510.401007887962
105759,14020.655948008698
93589,27425.070179066126
99057,16761.433608927247
80757,14840.0204914929
89636,10509.222183593196
83495,7330.980233889761
85277,9524.22909243637
91843,29348.06144749538
107118,27338.223988262438
100387,14835.554098580244
81885,25401.73486466293
105369,17977.67296973658
103588,8882.017659999354
89859,21529.41808397675
99533,12469.865478167825
107533,17494.557167785137
103667,7949.569209143603
92303,26467.932353505814
98400,13449.953432717453
107283,10708.502383538496
77352,26580.88852153928
83662,16825.945077327313
79661,30146.473872513714
102007,13079.951022280698
97793,10466.496770495532
106968,21648.261211964746
91632,23380.107990232482
79763,30163.953038591746
84785,10776.836085681523
92155,17809.646946619287
76625,26915.634702570813
107370,10312.91911517171
87638,3438.308032379462
96040,11293.456936390035
97299,14554.098128965677
81301,20680.505305558778
83192,15934.402333571561
105291,35553.00699812061
87135,13337.755482328837
75985,27954.886270217088
82125,5923.753733772339
87636,9956.521313746967
78783,27423.494788387092
78662,2825.682272216476
87134,17274.11180624547
89451,8317.445466569323
100098,14054.799908812482
88589,8103.707596631917
85831,14883.886481705858
101724,9796.200684038908
107345,18776.14261048611
88336,13668.606698176296
105588,11696.419440827854
95273,22686.056173218596
101163,10901.620298281588
77479,7996.03987385843
80339,23268.42641644774
86561,10349.702391462066
90365,15511.883960042152
78103,16880.22696306997
98617,8134.467935390605
77621,33217.135865943754
91901,26643.043217476014
93087,24228.787265223305
82739,12005.282900399383
100953,8709.662696355666
80117,20620.38329775046
84174,11099.765922359118
106828,19869.16249450088
90803,17729.10609218262
85910,12768.701589211218
89576,10901.999357180415
106572,22451.266800357702
88570,22840.769610838473
95066,25590.52396540935
101114,7455.6626877531
90936,22148.197073052608
99197,9696.753974106141
106363,7944.3819338066005
106495,13382.793740984003
77516,8832.953726967084
88093,546.4662602063872
95483,18135.66957928907
93513,40121.02673952049
102348,7198.492466023661
104779,12590.85956180262
90381,17333.19473162951
90866,16949.3593387661
76005,26779.965948858204
83160,18878.54718567623
105547,16716.147227731995
102598,11769.064372971416
104485,19226.511846848534
88186,11586.934795780675
100958,4169.064962869677
93967,27742.881272587136
93296,21204.153267392634
102906,12185.090906584577
96380,16559.7651677812
93298,25215.862264739284
84722,15164.280953552941
76718,19960.440435957255
80056,25471.72472175794
78850,20209.108068488516
100715,11116.169930164344
97058,23173.81913204617
85906,12832.494559997234
102477,5290.52260530087
78624,46678.09841449646
104387,16706.308974618878
104252,8986.55774847305
94178,17551.047848664828
106337,24202.65042335255
105385,21229.053338827485
83119,7505.094581451431
76930,17181.702971921855
78083,25750.710744283184
97868,24399.519217076468
81081,4856.876989277789
102325,9327.233741503867
83604,13984.999657641125
107825,2899.323562965972
105577,22339.652636630395
107308,9107.544503239613
103876,15986.159715656418
97378,22076.59101136042
89508,12447.01341901607
86933,12565.23937241675
100033,12160.569723342218
84820,15324.271783338221
88884,11217.54833551294
105458,2839.982081429471
103164,10251.538183181065
101838,6261.797099072886
97811,25714.03217011596
93826,26811.490483003345
86364,7252.652523617311
95317,32561.35189266668
80613,17772.280567002734
78372,28924.68306575849
83283,15489.808922574754
93249,27334.27313091646
104303,20928.02817271746
87973,23139.331187867247
89997,6457.77601278821
103013,6198.180090706319
85570,13045.725838166523
102979,-994.87623084812
78598,8618.464594212424
101402,2754.304734170153
87313,4514.14345243555
95505,21349.75967393751
79319,24001.984667649864
95230,27782.044481003242
91808,19783.455123386924
98678,11104.678957767073
84270,10482.081770988338
84932,8627.80041238645
92433,20269.236017283372
95944,22352.29131812044
101180,14869.828662694885
82624,18437.789213088538
80920,22503.310758365955
99771,11945.68730741608
86425,18001.951625028625
92191,21331.23808638389
85940,13723.564451165545
97391,15853.38514593555
101341,5626.738789558101
76066,20569.941236219678
93226,27158.383859829744
108367,10735.278679466548
83144,7578.75780381999
82764,12790.362173592763
85112,18278.16732793165
97167,13041.280324453757
105808,8648.819811208501
108416,25356.59677062815
94695,30762.013267813865
100332,13348.759300044258
102829,7023.690535886961
83817,3184.9539800808852
92304,24222.63701198178
104385,6763.227306943712
77858,24932.09531324082
104454,9609.634121311447
100292,14892.232907586334
88759,13324.966189664818
81746,16423.347182396537
98246,4106.5519656590695
96680,10355.144988172337
84163,5848.674638646928
98135,15587.620699376881
75975,27866.404559092076
92064,16129.939075071243
78732,21676.451643846147
99528,15626.307315031445
97651,11454.26084270639
88195,12832.346809156537
85398,15087.182141370986
105940,9564.183670072785
83822,8722.693646720629
79148,21739.314015175085
101011,15610.207752029894
91642,25215.862264739284
92277,27492.04337773528
78438,17035.918245616664
103126,7273.647317543695
90247,17805.13552991749
105738,16671.16499574171
91585,24739.810467160947
99313,6381.2975887509965
78484,11670.240795379592
91221,34931.63357382969
102068,15884.698701362655
103027,14449.354044335898
79594,39817.23804863564
78290,22882.379422804217
83059,13164.515163072221
94542,23220.36949170226
80450,17163.44149144111
86055,17091.4892648975
77128,21292.55692790621
78459,23759.48205004182
106614,6523.531490371082
100580,11387.415786212143
79200,19593.517590828604
90988,19255.600263600747
95354,42970.92237251591
95524,22815.46003441627
89514,21288.934066613983
100494,8917.825645382196
80365,27785.69108597863
100498,6010.1620538183815
94820,21940.35639029751
95203,19685.830268847538
84845,15090.887361714997
103726,13389.904809542692
78164,10556.556645429338
85894,10869.618544747118
83974,12425.512084745616
100042,7712.904627111826
82641,16145.43972984833
89331,10700.753558345266
104138,21667.7176525622
84136,15985.217874525359
93037,21721.97732739886
88791,12481.573329508416
102077,9828.708144470766
81882,19577.55939557153
98035,4564.174636320358
108194,21575.823636819096
101297,7684.144772235504
98938,13191.852540413076
98486,10632.673178664012
83293,11138.684663913875
96404,14034.801029087323
90115,17332.801674701594
100205,7385.846968095217
81271,17543.88172317305
99430,10576.986334823283
106622,20623.323007808955
80213,22794.025140778183
106624,18198.17511367538
89907,10383.832109722323
92178,17076.360218549235
94849,30028.264072694918
83585,7612.404752724178
85742,9480.533790714682
98510,15507.254211269952
95629,37703.11061663657
86114,10934.29422066931
104028,24194.2595797936
78862,16544.722427056295
100720,15883.912587506815
97302,6738.912412239308
76761,16381.518999397464
97918,23404.10630083666
95704,10397.051534663144
108116,35017.5941347351
101381,12829.720075870837
95542,19352.312776799543
89609,18146.975259421604
79374,13916.681554113724
97399,13660.054148768848
79350,13434.119281352581
101700,11665.022077247806
76556,21424.60806807806
85945,9999.464915888275
92706,25611.548188284352
98698,16485.900702455197
98683,16252.110441728268
95706,27897.69402459479
91170,28023.697428474992
89870,7478.858508151676
105665,20962.381495067308
76774,17579.53848425209
106996,11955.344146593325
100111,15651.510820989857
85146,11030.345869985827
87623,15545.959620957225
106125,15659.60622185639
81146,17319.370409914907
82472,16673.61869516407
106621,14608.886442140138
92229,25210.581647272666
100574,10387.834038004139
93325,23256.165029565705
88820,12577.41793827969
95448,27395.20076839935
94293,2624.739052118657
83682,14486.396562016562
82826,9044.647526778863
78729,14851.726997486818
82431,10694.310953065586
105701,25387.247892060528
90828,14661.713739139355
88782,18651.15550160426
90765,22463.233968681798
89779,15184.258167873484
93973,26216.124019098133
82915,14116.148438912933
107131,21189.405305711512
78143,33093.86659680317
101557,12625.92240722026
81060,22315.65841621197
88032,16973.00042576375
102913,11051.994965718162
84050,8971.276524997493
97797,13805.021855273413
99183,8307.832149903494
81588,23955.054841712248
89819,21671.037470026375
86947,14110.56480474961
107568,25972.694916694058
92085,17930.471488821004
101729,9459.156020840204
89417,16703.039450420714
89797,9756.094324098436
89349,13958.66040600319
86040,11395.366800560654
85454,11734.97366105647
78374,25292.99449881231
84084,15462.165131370013
88370,11495.848321398127
99555,22041.660693879916
91675,36461.20314140317
87112,10996.66952347389
96235,16982.740733854298
98203,8657.088678615852
77675,7144.689699689214
98775,8613.625105180916
81614,24855.72802902611
102391,11745.589368900295
77097,23960.190615615807
80494,24927.774380339426
91050,28355.68787091244
90412,6038.716728185253
106318,13639.608057888952
88976,18878.54718567623
95898,25050.246828832314
107839,23781.09097605056
83737,8264.962106013714
99929,12697.387712030217
85736,15354.370798240057
100856,13642.215172343529
85708,14827.690662612975
90131,12067.250932380139
94568,22239.209253868197
96466,25832.444318108875
100117,12981.923206855754
87585,1721.8139367029253
79106,12810.333632634301
80237,23039.26396020058
91302,26372.254758199368
83945,14837.956911846932
80650,24458.134842184023
95104,21018.163368083624
96677,4196.35997061074
100682,12252.823442470648
94464,21413.59684426486
89293,14941.859396630522
102107,5714.447897521539
92219,27533.04719485472
87853,17710.02739157565
95391,23079.026220422158
102232,10822.292497041604
83035,7822.330050375709
80636,10905.67345415886
105398,21550.9631270002
103291,13781.3895097512
78340,20008.74206487037
107130,11490.508800444175
85694,13469.427529404355
89901,7913.893915973742
101501,19951.278568573645
92797,32744.692727351627
90279,12648.887457195879
92115,26342.032116923918
105910,14883.957803217398
105226,18339.828839936778
94797,27040.76288888347
88857,15980.984711206525
91374,21722.501690830904
106841,18816.70148307793
90283,9918.027838100643
95421,25504.17301753493
102374,-1422.186324846789
93581,24832.436180259283
77463,30781.734489273127
94949,22950.8401523883
79220,18878.569829937067
82822,21113.403426416953
107897,5498.903091479786
77398,46651.32602318446
99943,15417.086929637626
101334,4668.695774434927
78664,16361.309395359014
98917,23688.60090526529
98320,13663.55813506414
86414,16896.249349687
106690,16694.371873925214
103656,13675.15334290324
82816,16036.158052383817
92595,22989.02556164081
89058,10626.312104535395
90981,22869.339638477526
84545,26136.39373271205
85121,11484.390831037856
86786,7474.131567038294
104318,8773.027992529936
101816,9709.020657426208
85525,9224.538516687786
79169,22727.47090277834
90473,8629.50470746553
76459,28369.32941503432
91881,21215.169487298663
76343,16107.166015978408
99475,-4297.268735925059
76756,15678.982471013162
105158,7383.0109673097195
82355,25731.693665906827
102382,9996.62206407827
102739,10276.570356755676
95595,28661.69027764094
92655,21621.412828512068
93230,22971.15533301885
92502,26303.4756720113
78020,13838.909337328907
76077,17326.078889077377
107845,7359.518945195876
94272,37826.51276037311
89239,15945.48653893891
81657,24339.52529318961
79605,21168.678386005064
92466,26283.16054525633
89062,21471.678355676664
91866,20313.54886561474
87629,3666.6959110528533
94495,26165.97848242685
108301,9538.0060786733
97893,17130.206795637798
88636,12737.66052796647
76642,15084.827560945088
97723,7172.773359302584
99689,12751.046129789203
98669,13018.06248031875
107547,24830.927226457883
107324,20086.411815221225
96837,4585.399874891242
87607,11627.829738456854
77412,30983.456424195338
87012,13141.881628853997
106509,24004.74526971459
96290,15524.775883817347
98997,19311.29149370395
80784,14346.680736207316
79231,20582.55318761695
99071,13078.276096505193
95343,43281.5653526949
106067,22781.128149443033
99385,28329.68996656236
108247,25355.173212703878
92030,41378.03300666416
106907,17573.669676017063
83305,10047.849252622906
77537,10511.283496508871
94191,27037.78904169088
106218,10871.814699451961
90895,20464.05469365802
87733,14264.776066609393
85938,12609.963665553332
92778,20791.834115928938
104351,25927.851511397694
98023,26798.812094125064
100496,11491.03252529973
99703,20322.452142492995
97963,3358.0674155075612
107514,14333.211185254993
90147,19135.104149576593
78976,20971.09166517112
87951,16984.892478033646
87689,20395.074241185113
95720,30729.45363128517
81362,12637.42565714911
88028,7958.456313621551
101241,13189.342206183468
77282,24713.78488893428
87318,13208.117698462276
95832,15014.785260166751
93146,24945.203101149982
105053,28475.91651033846
106782,24222.41529471935
95641,31070.63095787326
101467,10942.343035573596
78487,20892.685211288786
97221,10123.55859427994
88550,12600.513821933775
102969,13283.950623568517
91727,27360.252945356602
102790,9682.114697198878
90218,13549.268807232562
95243,37417.17150753995
101112,9014.045981337062
85231,11460.041902490764
108368,17487.273246769157
84764,7004.890634604773
104560,22796.970293280716
88854,9232.692827725885
96342,23940.952291371756
97363,11862.384455887277
87222,10228.942877249461
85750,13379.4024177403
99457,12150.682054348279
105834,8543.628581877558
81230,16102.142544931867
89905,6262.640563432677
99107,12053.874122698546
97725,27618.026861884733
103383,8322.353213817116
101881,13429.05327956354
79274,30613.694136378614
106126,16826.11238056887
88014,7885.325167479459
81379,23455.81537324543
76685,11499.224066267292
81756,37741.7634841337
80382,24766.094696807915
87661,12255.524024922968
103160,16030.654402217722
81893,28805.40391892284
103538,12831.257013381264
101780,8357.640976918217
81384,20986.43177315472
106350,27254.87051567782
92907,15234.110568717548
99538,14812.163088970987
79214,19603.111443750597
101909,10727.427400011115
107864,17504.473697799487
100524,13954.49178080725
84466,12198.096941514155
105389,22043.39891710659
95621,19597.283815461597
85294,4871.160075548123
101831,11742.854625114815
104539,20045.668353157915
97418,22801.39986638465
84417,15782.511128389113
87082,7993.101974479567
90484,20849.969428773984
94455,20590.810816287107
88204,15012.681863913967
102964,13505.339808393073
83265,11086.924666017974
79644,25142.152307705728
103662,12639.702091453692
98160,18479.570553528676
86602,21151.701955384317
96773,18724.90511047157
106258,20589.73474781622
93161,23301.054125511844
84913,6963.642666060727
93566,25737.59048598329
99048,9423.944513923845
105009,18406.911033448894
78907,14651.944794688015
86767,13290.909454203713
91280,28585.579321939902
80284,9170.178408535656
90664,13765.425267194214
82570,13206.552162702039
97344,4026.2181351892523
107585,17411.78134350149
88462,13100.70910494191
97190,6957.549291955223
105578,6572.644435114369
100275,9359.17912521965
101818,-968.5008663937369
96900,14889.749960078274
107149,20081.475335067382
92413,27461.347187217678
79385,30129.683835337695
86389,11456.168746248793
95212,21269.07735151186
76373,20609.08969200417
78959,23421.990170244397
88737,2587.1074814553067
92016,32431.02978087456
86224,21826.45188506434
82578,10476.335835345388
97155,11489.277897879874
107701,17506.89321777656
100516,4414.184816686378
100278,15944.468698567704
88637,16318.384778133215
82527,11533.052975113013
84753,10121.53892246928
103714,12225.133871137112
100322,13123.554430732864
86770,12866.448954583164
81754,26741.00721309632
88214,11374.47433114882
104113,14916.350042302025
104421,-1153.6768845819643
97736,8083.569191987628
103535,7193.012126399544
83206,16245.89322912203
106330,9766.62760742156
102339,12514.281677136689
87709,13251.438157179817
76492,23423.182542513307
77728,20834.49483486732
80481,22712.39265559364
103158,11383.742463790782
88892,13765.446981440533
100388,14009.519750716077
92082,27295.396042717715
81236,25727.403790431134
77042,14794.052613899392
91157,24866.130738644042
84392,16273.56443684761
93436,26265.21939243681
106487,22796.957980291092
76638,13966.993433299542
100756,18454.71671904652
89769,6456.932485895137
107047,26368.097895107006
107482,13588.452652216933
77672,39361.86473213622
88137,13297.02157221685
94234,36811.48883564914
100690,7295.128020804696
104730,18831.94443764424
80889,37749.30062453189
83038,8311.677164847628
78952,12982.831518281528
108324,12471.869999286631
89723,16752.05740863372
84963,9420.53160926787
82834,16392.73929739301
84141,13379.40120523258
94870,19811.55447410201
97980,21363.226787989133
84101,12541.306655710905
103187,8167.70698011728
89617,14355.114120854532
107178,8261.10984621032
92448,30726.57585998618
105739,13099.518848944665
94934,20108.7890578412
106422,7741.033464026226
84357,8790.769313144956
81219,18179.77369636601
96165,9174.475814835636
89437,9593.604590096229
107434,24193.344338936193
104751,15097.203154665967
79869,36758.19818110766
108255,20092.22905775444
93706,18763.583642660273
77694,24333.107889488638
106112,31263.731507171113
79750,24882.983353558007
92715,25350.620933148923
91183,23913.46705580988
104425,13850.836850953263
91695,19377.406629878114
107783,22655.098639022923
80023,25322.118687300397
106551,10105.21896368226
88253,24512.664388962145
89867,17277.752712764745
83678,18065.941292894033
105660,17899.390585380672
88202,10931.895758648898
95119,24836.868814764217
108260,14528.943307313431
83078,7309.912382553237
82345,21961.641788905996
83217,10284.1779855403
87850,15279.53953251946
81035,45147.826657310754
79575,27801.211385192866
91737,21088.06660947539
87829,15539.222898240603
83729,11837.749429459876
85611,15703.474668592167
98402,8130.864063516303
92385,15899.678027180915
86408,14314.37692577096
86059,20126.9710924454
95741,35733.784152329215
86739,9373.875509410504
78929,24033.845624122627
83842,6337.537480684918
87907,12607.57605375825
88079,16572.750730723183
85643,13854.032124021494
81382,19217.716721618217
83493,11156.329961939973
93460,31383.64662548722
80412,14901.93450569588
88171,8622.262180334543
99783,12689.877548069195
102777,12164.452756927489
80663,30274.64323035466
77531,11366.256664493769
86865,16293.958106353675
78461,21822.954623188267
107352,22997.578175258717
94120,14400.223337450418
79496,22044.083739322097
80515,30498.04254030339
91344,35436.777259758426
79373,32298.33394974194
96220,8725.798858057433
93246,38267.07418001305
106908,10765.072394602897
78245,30770.181398429027
94731,19523.658922811337
90402,3926.1609501381536
76206,47183.44649220281
98559,12954.652628402839
88796,14173.204238464936
85816,17698.21329751391
92649,29079.47785450998
101935,9237.479550454154
105463,7992.102902855302
87365,8695.612233034986
95227,25019.090006548016
93234,14635.044803642002
85937,19438.27409096942
101266,11351.002907189584
99571,6408.958557482716
85700,3280.4574385239866
107102,13747.669689205148
89204,7207.964742292119
107013,8675.736289732657
89174,14833.592101792514
105413,16289.00026141926
97676,5893.462957916552
97236,4649.082042389109
103159,15942.503413928102
86515,14993.151481481404
95748,21594.45571891227
103941,17268.928901836756
86393,11868.230454909713
100154,7581.072408819884
96775,16685.898614703023
85975,14597.515911981063
80620,11409.303142797366
91545,24054.891266393566
90512,10255.671876196691
98423,12900.985703455564
98191,10516.445850945396
92713,34863.20241598903
106242,19695.17183607252
96941,10624.709879226626
91711,18546.489064798203
93194,24345.40374438844
84431,19002.93600149643
106092,10163.039119759454
77699,9055.788014120593
107042,23808.633704186737
94581,39145.26319614058
94719,33082.406997503975
103203,10061.299467830087
90527,16976.136371615416
105553,10281.276729370378
86257,15073.980133647765
108539,7858.716721868352
80580,20980.373277293755
100564,8029.306225647419
107330,17404.216319162537
91726,22545.73595833242
102084,13259.92973423408
87088,13221.764792430084
106757,26415.42524880048
77040,13229.032955093237
83253,12623.702714644354
87231,7320.279223357362
86913,3847.038450879667
100372,4184.404430013323
104194,28407.827510229858
91979,12941.915586382689
82139,16292.345536126259
82434,11153.637279033119
95418,28813.94545182629
76862,26994.970636299997
76939,13330.908489865555
86454,18372.68291944295
98632,24553.359311322612
77936,27990.833405560887
85823,10854.363734114686
88035,13643.396549479576
90469,123.87347787903491
77882,26721.12862616705
91663,21707.761100034157
84326,20549.9589474374
107834,14832.84988631499
102220,14750.260745221563
105246,11671.822560908126
107828,23577.700142942515
78808,12110.138818607857
87428,14296.852874923428
83186,9801.391231652566
83578,13557.324676565931
76948,19365.922355102954
78241,16457.650191427645
79743,34681.720754497976
105523,6490.6643320080075
90957,17414.09997713659
100382,11098.211431536292
76105,19272.668918390576
86104,11603.61834238805
101922,13664.662508254773
76554,19234.246981761888
106985,19150.293192700763
85689,14964.60607126695
85008,17832.106014330515
91965,20310.52030920857
76366,31857.289404518044
86191,4255.757890286601
99663,6180.887445755892
96285,9839.221212622475
104099,19308.824824162675
99056,12491.984539432578
84374,12989.188826015592
106354,24815.944883171393
93698,35033.07655982049
96634,7632.263975387847
84156,11798.805122350444
108084,23817.959715889476
87399,14629.747193712368
105466,23211.04320903954
80586,28631.93002942341
92580,12119.6396191887
101845,475.3408514011062
84566,11945.860265400115
90141,5053.329392788808
108378,11907.896689317906
98277,-4627.017210149243
95092,34793.11399545951
104064,23859.983760341256
107637,9865.203204136156
97365,16137.914268761073
96955,13120.75246837758
95760,17541.76718610655
95872,23662.750961507365
96240,16735.706891793263
88163,17901.659563405403
100611,15955.827336619892
78881,23705.24165008591
101061,9302.97825416654
107426,13146.802361460723
84044,13708.703401644008
104552,5773.45562965233
94780,10348.23998133247
91863,43340.844953970074
100864,8539.8683296463
81237,18959.428559858636
82136,25782.57743762425
95905,15395.811280482392
106384,20.39339769313301
104293,22030.055439490297
81454,18954.817400817486
107302,22347.379697866934
104291,6871.506777807623
82868,18068.10308105221
97858,14195.039333934435
105855,16203.081294784706
93166,23904.700777753653
94741,27063.25913062011
90290,14971.210395331764
89573,8496.032139769493
78623,12213.000111149515
98815,12714.954580070504
108391,9178.79881777294
84762,12132.898808298178
91318,24966.035118329753
79163,18647.49630664797
95977,21696.561146095893
85867,12970.230271254415
88322,10503.517591914915
79623,23468.369869050282
98269,10786.00303302324
99650,12464.245268879204
107902,11190.164357248765
105941,10662.109979018476
81949,14596.20059892353
79343,27940.358560040757
107578,19058.683395234268
99489,5799.011557646347
85577,22995.319594896693
96815,10704.182288203643
101625,15877.623676660092
77737,15189.6070771327
104092,27086.642362963248
100181,12533.784773965792
104928,4560.700516256602
98913,6209.737824265234
91602,28123.26960879737
83876,22821.74342907997
89307,11300.670494707414
94093,33032.488767658106
90665,5868.974462957518
89424,17042.318011200492
89966,17354.10791964971
87512,15335.48584893766
93925,21137.52939054732
92819,34710.19403084772
93100,27506.541179624714
84387,14676.96206366946
102337,11779.380463376327
96351,9449.872810448647
84790,12012.139686264705
82257,10726.851945825874
99957,17756.68477806259
88917,15650.136655653314
95068,30072.581328080047
84509,16516.512685023743
91624,26800.160663665487
97851,14199.020266931853
88699,15505.876671307204
100216,6776.05816000061
103752,18978.11438497523
86444,15522.464780356146
96692,14677.53455491651
99855,12783.305220833929
80299,30159.55616185963
106960,5756.650315441235
97471,19696.15255066286
84560,3673.1103229406835
102670,8553.705670177247
89279,9345.657388810145
101965,14529.411903163302
97569,13889.930402030941
79614,24769.952321123776
91772,29370.69262384244
85007,14855.649296189848
106561,19535.983780264847
75994,25942.102755534954
79691,30363.39548467904
89364,18170.618083386456
78875,15825.020138435113
107066,25667.28620744186
81507,26572.12686233651
95249,21935.2881362351
87015,6957.824301829838
91324,23691.102068866647
76752,6625.583445335804
102171,12842.54929804992
101910,15111.637284751385
103619,15040.608292791478
100128,11003.101271966741
79404,24258.790917863036
93180,27744.846557226738
98208,17435.993526000635
79595,22967.448750305128
80232,25144.384063239588
80698,24756.66609299431
77442,10436.601219469783
89295,11889.018648362122
107982,5205.994887133964
104260,8863.048722048752
107081,3928.0378720735735
84397,19753.67750926366
76341,10598.930252687594
105837,21444.200482476117
87758,16484.400172984002
89085,10126.907629059948
85464,5823.497630350892
108404,13133.249721071146
87357,7743.31814962639
96567,11093.407882104219
106723,4011.6163839467517
102198,5563.707597657551
97673,13223.76596935918
94078,22388.454299920093
107507,10517.760975555515
97681,4934.376389050534
80033,4237.838551459941
86656,15898.005262046152
77797,18919.719128008583
107699,20976.462738251088
86945,11987.323709346667
105222,-2875.365186352352
104904,13657.696636432172
79731,12443.686039980206
79205,35132.80881937066
94275,34360.16386025545
83219,12423.96851361965
93926,30142.288831080867
77804,17922.49417113375
84512,15327.73107500991
77215,10600.014302368803
95226,24647.572598277853
102992,4125.089129935617
98108,14049.248655549214
80629,15272.584157841797
98788,15329.857524244799
84971,13450.208629000117
97484,10293.458921447234
87887,13211.152969721139
104294,41249.44134112225
84316,8329.737887734962
105685,22224.399200619315
84866,-1972.2535696080085
108412,9233.857525993546
83463,16277.813493095888
105005,23314.868314250758
94134,33217.937780794615
87832,9219.165052860622
106089,9163.158194671309
90745,7269.0447200278795
93579,12527.003849977242
77750,27384.001647193654
101618,2097.363904456055
101148,10234.831349240249
91084,20727.822605885485
87106,14649.577847586046
89045,9141.814699166422
100365,11641.283667472759
107100,19158.23260130496
89836,15862.910259620483
90463,15858.484212486172
95908,26926.94447848533
105700,6872.259477236577
93105,23048.045537451086
83244,18515.476633478916
97603,15445.24044426257
93616,26524.261413858534
94245,24665.7490031111
90752,17166.989270476835
99594,12244.659749973236
93068,29653.38806910378
88443,12445.61923052177
92592,30134.323623405784
99796,16004.538738070338
101588,4653.27280352261
89633,10241.180425869794
99577,17960.80889677733
97165,1953.4805294998878
95686,14640.162791800409
79266,23724.339816372187
76351,24160.37235093818
87457,12174.968123658284
90220,14355.114120854532
87855,5199.225473233333
79818,20395.359490349514
91024,20997.75298486262
97908,16492.032390530752
101556,9327.668274765087
89750,7443.616842078685
107781,7136.039605542581
94151,11992.527788932497
103214,12012.52383412518
89012,5776.265864675022
80997,25225.918392498774
90002,16544.38144363953
88243,12688.98192113643
77631,19361.35547674127
76185,37596.39535590098
102767,13864.932689431225
96776,23153.934138629254
107630,7926.719438922688
97550,10406.87412858223
91871,23917.134052231242
84499,13654.926875977439
94523,23197.76670106255
95467,23511.231781386654
91735,20445.456030169767
89874,14854.39370834867
90168,9376.817652966913
76765,12288.996431358824
92590,23975.95958434383
100529,1704.451012698879
99330,3948.203087086931
92566,28800.188600310725
85303,18163.5605674074
108401,9902.741590453743
107621,9133.393277072259
80471,20396.157155965007
85478,13549.285290554308
78386,23891.668861035563
105016,19374.16173881604
76807,19015.851556260484
85036,5014.19302890126
85428,14319.729162214786
85783,8260.70829194413
88510,12197.574116946133
89262,21962.5071447116
89136,11490.668854204552
77193,55745.856468601596
88928,5096.880870280285
85930,15936.391280342046
93387,31475.113250296155
87348,11871.756115758293
106766,11580.29208257925
94358,20220.846704015166
81582,13071.233356097993
87880,12665.739003859431
80554,36257.60811432348
103295,14054.799908812482
86265,6058.144722616889
85650,3467.4539762111963
78496,9953.57916862337
90155,1065.3240791224707
108366,16698.91950437398
95435,21832.137977321498
83433,19174.58096272436
97917,16561.28902123029
80755,19380.432208632905
106070,7581.551820758756
80354,11828.527794637619
98453,10365.21091549367
100106,12129.153020530437
90408,20373.053816820553
83615,16956.73748142484
82425,17889.435571752718
101993,13509.236892859259
94522,29260.25464764887
84782,11272.627111813043
108223,15434.854420257208
96160,10022.147158838352
98432,16813.23851202713
105363,8839.725748155837
100535,4637.8391912752795
86591,2681.839295404712
104667,20726.374683225124
90913,21975.458391245083
88935,16511.542872140573
104570,14955.460888912678
83610,13379.4024177403
92006,1633.2637063916482
86169,18854.256267530764
82827,5207.69177672204
86592,14575.689092051536
87212,11817.566484126968
97120,14673.0092263445
77359,16823.158515877825
104752,19698.63073703822
97296,-4291.343360526469
76528,22826.83494476823
94678,17709.17676648109
92677,20997.602443388405
79068,18086.294445908115
79258,14969.17144554107
85903,21472.313647138355
85139,15616.207106858259
93427,25679.21678289049
83820,10683.97521134745
77286,25029.038291003784
99210,6056.621068205239
87068,12424.018468419521
83423,5765.631756858686
104277,14873.549839934018
90679,15207.191177808561
87218,15409.797328933575
85604,7183.297633769202
81045,25909.04534030174
99525,10771.25866600854
102332,9314.292024051165
81248,21803.128042196528
94626,33389.10638409616
102031,2513.8071399603978
99240,20437.696433759193
104198,6414.713656695983
103296,-5956.071311424432
105530,19785.751930923812
77830,14303.387791688965
107707,35829.48324121967
99875,50068.272574981995
107727,10370.364627585444
86279,11340.521107739041
78738,20148.642135397058
77514,16859.756149792862
83235,12003.488516723875
96964,7356.463948018898
95157,25792.919393221982
84407,6265.7642694516035
107930,16260.773330078136
100103,15884.698701362655
97895,14093.608401968651
96823,25512.920042503887
85448,12039.599317682569
99246,18140.763084609986
100586,17898.703636818693
84536,12706.931369905467
79744,15198.716479106324
89433,5191.943233799739
93466,25727.3585788043
80628,30824.52295992022
105144,25129.274322513236
87407,14711.951040902388
106295,24496.868625342697
84239,20417.39943506386
89362,12951.515540414524
85099,10914.355548156687
88071,6919.177256958563
87696,11950.777927203613
102512,10093.61936383276
95911,27423.343644438435
85069,-876.77584712506
77710,28994.359424763185
106234,17744.80666243351
96338,8884.3861249704
76534,27955.187998657344
91330,15560.208096355334
99229,16081.99540332441
79318,17428.94186370133
87465,16085.85888687638
85327,19452.581363145713
85601,17367.552611399096
84287,19274.918235002995
99523,13681.785922593119
85692,10659.200320295233
101573,4379.681701481477
97295,9342.79956433117
106567,5725.199871438239
76031,8226.079616473362
96219,21660.7508861419
103153,10494.273854084926
91126,27308.054985328803
106188,23321.10172176334
79174,14994.286168792394
102013,12917.371770797039
104603,14777.099280015429
94006,22134.66583462919
108326,13152.752771809388
78483,26794.148481016313
85801,13517.138578577078
93295,23030.6307087561
107744,18850.052461652143
100171,2485.0188341745525
106558,5726.210292146978
100806,10742.210098157218
87732,16286.243816264623
96227,26345.856856207633
92111,23376.998354709725
86147,11547.307085319022
89519,17399.893837231775
95271,26939.408141127835
95264,27487.457072442878
102294,15877.623676660092
81966,16400.45604137439
103012,15946.220166003786
106989,10873.229737643876
96772,14440.580542622101
102972,9592.599441890288
96306,29576.079346863957
108418,24591.020893593923
78045,14384.82680911505
88095,21416.00275428816
107561,22013.389825746483
81795,5459.713260978826
106736,21269.857699054734
89308,19535.841784892003
92852,28376.473232012762
79486,15731.27824741156
102942,10450.390945029212
104342,14907.324357369009
92242,29584.069097114203
107000,15865.206281735711
101869,11100.568231067191
103744,9540.055157875078
92316,23450.73860160332
100386,10104.121481371585
93123,46815.87528118362
79755,54849.133056421335
103598,13738.923554038669
85309,15241.333129626983
99062,3403.220798531993
106747,23031.89535333855
86675,17284.053090053545
78833,16374.395890208736
77194,19169.717982685383
100977,12451.833479416917
80837,21284.130721057376
89253,20449.216773870517
99368,17906.32657646773
82058,7558.542785025857
88519,15494.167053967336
91242,25571.552622917836
80897,24836.714367873938
80505,10547.224963860292
77645,27042.045879354115
100818,14573.750731442411
101021,12333.38111726367
80028,30466.04431771788
105669,19073.827444416285
105092,-254.96364861774782
85973,13763.89082011086
101110,18151.216858139444
87926,20107.17863519437
102411,18098.072566467188
86210,12999.986721660405
106999,12687.650378839458
86228,16754.214285780017
89278,14536.653089475334
85460,15219.552271963432
100527,825.5476284999786
88852,9948.102035713287
105762,19235.420801943237
100149,18819.552159542036
80290,16636.727767888886
85953,6760.422164145126
81492,17671.34816128127
76831,17329.37244124417
106123,17371.484507140827
81945,30181.988128614517
96796,466.38447663030456
83848,17825.622459583494
76568,21229.1052881086
84777,4611.367477682263
85159,14470.847958413608
86943,12508.92437294696
85719,13342.833951222434
90325,-2482.058676509805
102061,11883.0605723195
77924,21943.625006307997
85093,8541.273228006274
101892,17600.21335770753
100848,11604.554394988365
98725,24330.094305735274
83883,6036.30812635789
90754,8024.957852729709
83803,11257.279910047186
78486,14410.592558022741
82705,10623.230247778654
81532,55515.331306492466
108285,30358.255025120496
83833,14215.105130676784
98263,19499.199178853036
87000,14180.862592717642
80673,23705.390374688777
78206,27303.05832432197
105718,7016.326590570627
93533,28020.35770275872
92133,27644.538429221506
91065,22810.54178808311
87899,22050.82784142506
98017,21693.157410787608
99570,10203.27146119055
85188,17477.869210163663
101319,6632.822441600463
100142,11569.465663371873
100019,5768.388038708828
96598,13768.085941538315
81397,22974.795089921063
89238,21827.614120331586
95758,22249.91193666731
91540,17527.34000512746
88474,7132.462037221219
83465,13708.768544848579
103092,2218.468812141604
84968,14406.520776278121
77523,22203.82678634293
93366,34819.37582534623
90815,16051.869819844129
86902,9776.552634414867
98479,4430.987959905935
81068,28551.533793187995
93005,12427.375105607454
79216,32492.41834043552
87027,12911.155855950441
97332,13755.194784306575
76700,30641.103839976855
92098,24761.585820967728
90564,16591.496308644113
85106,20082.39405791999
107907,21514.81083264635
84142,7491.416596635776
76304,26831.023428922956
83000,12845.41645632892
89782,14778.874979847371
76184,-3673.6995544936617
107539,11790.353092285639
78236,28768.13270298909
82316,22022.46128419941
106526,9777.923261169051
94138,23547.383931996228
87340,15521.480387229494
79516,19835.91308355952
77411,23743.024795827405
86680,10036.978497714837
95225,22827.326223079745
92224,28713.574039540206
94791,24287.196943665454
102989,10952.866008496692
80765,17905.136808424857
85393,21930.938861864597
104860,19516.543296797005
102484,14508.845180092983
103672,12084.40830409398
82448,14740.673444032182
85479,1130.1015224953408
94775,27656.785996990897
98729,21435.669295191474
76893,20937.66136156943
88144,11578.422801128092
92369,15741.037803989426
80841,22055.57507668019
76791,19971.042420690468
91845,18996.456995442797
86949,12132.898808298178
103913,18370.30379474471
85869,11526.276445049809
76426,16368.559388225663
85214,21532.379136953525
95332,25474.61513655533
85821,17852.44253285812
79430,21108.427418079344
104573,11296.957029464498
105788,16772.86200332079
104867,13382.042127159153
106367,24681.588416667102
108241,17502.255146027102
76913,31290.783282745964
78712,33924.52933549079
87769,10471.246696266382
80169,20753.109667818535
102028,9701.80836464031
102001,13052.835056199678
107798,35701.53990290925
80044,41052.19581690413
93757,19740.991031523747
104233,24158.644001153254
84195,10722.698123920407
84096,11446.869470378926
82336,19500.39060955951
90423,21733.27367078925
81769,19801.146571450772
79650,15288.509773091213
84837,20297.02513137982
106303,9722.450020202221
98551,24293.359019075666
100452,14054.799908812482
81161,21969.70878563653
101116,6468.210827623669
93465,19787.76284317016
92749,35070.85433769903
86281,18828.563504416896
95586,12195.157072592207
78235,23910.374022077078
102754,8148.881311644391
100017,9513.316546562377
102637,15210.75626214471
98192,11423.075166423872
96683,20004.564084684454
103968,13440.799860828578
89159,22612.246312945677
77752,17926.7787166966
78526,24370.71374264781
108387,22193.74564515156
78659,26103.792454001843
77013,22668.80959044631
106480,16516.24803467701
93920,25090.084047804823
92912,22835.68312079381
79044,50611.37656054022
96831,2300.0233929737515
83502,9908.693330711376
99420,1680.1462200690476
93785,12908.662490681658
83739,20700.533438726678
87018,19618.68125082005
93773,27340.40571679212
101674,8601.976315888014
91655,26286.326998511344
104412,992.2271820213646
91636,31836.018121512472
91101,19730.113619703374
102437,11813.650961431205
96958,13381.585045745418
83934,11649.489142845709
83372,19079.887010538958
107296,15854.932428424176
104909,19896.339913920292
103886,10288.327891412622
98858,13071.49456038501
86276,12189.470750422464
98148,12880.241665479029
107294,22390.907260031185
81812,32099.592564045193
77997,19816.42439180366
104626,12672.376107905271
102424,9811.587649255789
84992,17103.991835375688
86867,4396.071704053969
93370,25717.638575898738
90804,15588.359121631318
76001,12153.966747287024
85691,13651.930047885668
76328,40712.65407658109
79143,14839.318609107853
91356,10843.895516218006
93553,21757.726079054035
93673,22887.6135394089
108239,10019.395797848436
99923,10264.112666861773
81616,30792.613649967887
94433,26829.795254664587
99985,15058.073571777433
79648,29884.73176612825
91423,34641.42061775791
96581,13916.33557726041
93321,43164.3407196386
89736,16803.03954725076
82722,9079.845897589501
76093,29849.721072664026
82767,12405.02441942503
101615,15884.698701362655
96585,11036.732340259317
81552,19311.76398259712
89656,16743.525113667034
76301,15303.342928638029
80683,32730.101607171287
95638,16971.006031788816
78343,19373.034427942177
81495,27631.51484490853
78517,12978.44072021347
91764,19218.59751623527
87050,21495.557214553985
102877,15518.891040772172
86844,12661.267630112146
94535,16642.549982321914
80871,12050.74876458052
81126,9322.063157950426
77182,20563.813395932848
89335,15775.797143329484
99612,11161.942528520527
89041,11197.863784350895
104165,16491.5938424295
79096,24755.68322602717
76051,23696.085874984594
99599,16383.130040525266
107763,20546.848509224732
106646,15260.984410973055
88985,15830.253267519889
107109,23687.43737708097
85110,16791.17393229693
96907,14292.000558020016
106806,15712.065858701553
105409,10264.285173662773
105449,18310.579462089772
104042,19873.047043920822
101299,11007.395977779246
102434,18597.225484050243
96363,10013.812382764745
93918,20041.82368021659
80842,41982.98133581216
91578,23867.047947864903
90458,22707.57632921188
82186,-7939.860947154852
99767,7608.372256231329
96898,28496.366654291214
77755,22114.124161112275
82958,14822.586507810749
89248,6307.575276612803
93452,12265.373861896911
81517,10735.247782709132
77919,24526.534675387054
97110,14862.262815634682
107317,8869.65207843781
106102,9144.949150753111
93034,27184.347378012546
103446,10699.995784098592
82762,24308.274786443646
77365,22786.821623482112
86634,15314.29513937817
93109,35991.6180985066
96094,1233.6244045996682
108191,15935.935744689195
82667,10208.662128234904
87953,13269.46790765689
79188,28747.104870613475
84962,12155.263647582822
88377,12340.34657328252
85942,14986.859487730544
88278,14143.75710163494
77743,20606.774376749774
98341,7834.3482825382
101197,3778.5068499000554
102838,13554.796206296749
86885,9145.24282990137
87648,14492.09522609106
78995,17136.442727644153
81374,24282.264031150487
83829,12016.654268323036
86073,14983.562533829216
82848,11696.7879072059
101727,15641.399412202216
89929,8830.505175818509
108534,13552.748700009324
80592,25137.919875587493
96292,14321.418194286201
102569,12885.830431219183
84692,16181.117447400782
84531,8595.181629089213
100173,7782.498816429172
90263,12742.921509201467
88489,12834.527123939366
83941,22749.894849103326
96621,12939.902494209113
88427,12921.411272819976
86625,15434.486821471266
82798,14603.01849327702
86084,8670.965324332341
93058,25513.189278536713
98527,10674.489277416884
99786,11459.593521172588
84132,10061.48929911408
101160,6793.950715386931
80396,31660.106127375504
88132,15931.403580585753
82835,17800.938097210936
82959,15252.261381721799
97225,20482.665772981763
85463,18074.031171486047
96733,10151.38702477669
91820,14148.354566628626
105870,29201.016679142176
83255,15905.811451349855
78899,20596.333463427567
99812,12832.683148551576
85798,12897.180398249846
85452,13055.92605597158
84706,18363.485387329616
104289,24093.868219432006
94785,17515.825564485785
96707,9259.45188779854
92847,27662.382714933632
96054,12229.152327916154
77986,37603.87283340024
103435,8121.412026570026
97008,14269.062958127755
81650,26955.640533230333
76920,23770.59499194664
100479,14721.353091866364
78120,10923.205696234978
84761,2846.416782765664
95062,24528.42789569365
83102,7207.256479411404
103872,5973.976497465279
103816,9047.246635815583
85672,7966.946343264626
102125,13422.040372071253
86928,19032.782724192115
82814,13580.840105167825
93167,25215.862264739284
97674,7783.5122812515365
107400,26885.770485354515
92669,15976.805871399138
78046,27680.448112389822
85703,14367.841612491953
104265,20428.398739008608
107786,16433.539296557377
83707,17858.303917527304
76858,24300.046453194318
94147,33254.349147744564
87307,18873.31867544824
90594,18628.81363079188
91305,27547.152763078033
83302,13138.00803347271
86173,18804.252332176176
95811,24818.318452543856
79868,17520.01258392643
105265,15393.170990092834
107009,8010.73964406077
107281,19744.115078057544
98848,16150.54453155369
84222,16847.631332139215
98808,23151.29208479839
94002,28207.002893075296
83985,20388.366716797835
107772,14915.140111249499
86564,12747.381952814965
105241,17758.689517099272
101060,10027.130155022482
104362,25951.851388398678
77441,13098.230288308267
92827,27377.809997934863
86523,16062.743497594593
78695,25506.581438696114
81392,29211.437527187438
104823,25887.09367103087
93521,31180.273566332504
107098,15876.039260537706
106011,24616.176536980813
97032,3964.3080284758016
88646,12790.362173592763
82014,25040.021986942345
88034,14324.82150885911
90561,14643.626470863705
107888,12346.602683622808
106249,13569.224178189557
94608,22015.508874915853
78134,18731.414877739673
92898,32437.426703630794
97031,12891.647603661877
85220,14127.286265548231
104973,20344.73958878176
104081,10307.297097998695
89865,5421.796949204861
91706,11969.108747979022
86089,15320.098792601519
98736,16814.88825384504
83238,13143.432219078008
104237,29969.50170435627
106990,9463.598833535658
93432,26565.895258366843
85280,18033.60730737971
79909,18032.113572651542
87698,13466.298073426758
106059,27959.43410926825
91016,17041.727731017047
80180,20913.767475305704
90006,10971.549959487991
78122,25327.7621717876
99672,8295.013159408812
102297,13387.703690746337
76047,13238.09636587649
106296,17465.19808425609
79989,27630.461092738988
100843,5321.204311316735
89014,18507.168515956386
90568,24605.653065642306
79905,22171.025687663685
90643,13751.678824701758
100729,10821.169883143222
97084,9590.672635279752
100984,13738.601871918076
91475,26638.48375711214
105531,16647.22589857851
78482,13098.024947793927
83254,16187.45238376658
85217,10141.157481604845
102974,12885.105812506332
80040,24143.963294862126
96077,15233.587016944271
89073,9657.31263773966
79118,25373.594498818562
107565,11365.741991850531
93486,22290.940868561676
84670,20694.546483874798
81104,18812.16506490193
97867,18051.342998266715
92897,17667.283324509495
96592,15741.954078621742
97864,12707.279424234035
83369,8658.69483163812
100471,11661.409723552437
87533,12608.911144761825
93111,20952.830233605047
99979,12966.07553965789
103340,15601.088546937459
104434,17123.952929448493
78515,20819.846830991337
82046,41949.32321482767
100572,13555.888604652055
96382,12437.854982877416
97575,8589.817900146823
76210,25033.97370509233
96628,14507.715447507991
98232,12846.980443157
92457,27727.39173644297
103665,13782.85480465466
107838,15292.412439793348
81165,18960.653916466843
97719,25859.1294628673
80739,19045.26300926438
77593,13570.386692740218
84766,16078.259195505601
97274,12392.380452758513
77281,9936.194136695667
90347,4204.739202716602
77555,22429.547144425873
103246,9523.694811860858
78404,24581.427139123138
107745,23569.424332412284
77017,14348.68953794958
107995,17910.992860734972
80982,23545.181355082543
93844,38408.83938814135
83606,13888.97383918026
86904,12864.783626900422
102616,12744.566989517381
81768,27471.376963116556
81464,16399.29298733049
103309,8663.191190789445
92975,26220.01335928221
96156,15757.898782812832
87770,12348.612780711068
99632,18497.488826159555
89924,8831.634016881477
77573,21918.223800617525
102968,17771.497068385786
77822,23204.415896943796
77725,10212.962923834733
100787,10796.824996194226
78013,32973.07151044338
94440,23584.74951517369
83938,21310.50502393732
81204,22320.00470912957
76519,33076.735931290656
82172,29080.465157081388
103592,4698.683060674506
102003,6954.563703458087
104259,18439.933179302305
81120,19607.643113743834
106207,11301.516489828373
86710,9229.619375307357
94024,38540.2877998483
88164,15658.98164804716
86667,14161.616392559423
98371,13900.617450359838
102344,13884.58924130872
83142,9830.139064633611
92532,27222.129333553286
98345,9613.794241764732
94565,20414.9649743647
106223,13800.244811055378
104831,27087.7026525955
96144,5476.660480765728
106634,14596.879758228326
90623,7133.169831631381
91275,27831.357593702138
91547,21108.47461798708
86390,11460.46134638261
101986,7446.0420861294915
102994,6479.58897172141
85291,12847.183557018398
97430,14544.438695188117
106209,19935.754383305266
94798,46697.11021163713
104565,7105.914939257309
93679,17548.150823958877
93960,27338.084534621907
90063,4938.371271928339
80038,27736.003304232432
106513,14530.19524124785
77267,24845.546981761134
91539,26949.153799278225
77973,35490.83120268296
95999,13441.377023051053
78036,24308.61509422298
106191,10081.244434419896
77480,13916.97157711228
82656,11237.928580176205
93916,19963.551536648247
95975,23503.38107434748
81550,15383.754633357164
103221,12088.11596273229
84062,15020.68225031107
81584,14270.878089082671
99564,16441.857244668347
100276,10351.750756828651
81308,18538.288532875238
85519,12886.994539037038
80114,20764.670960670384
83911,14326.4089052326
101879,10442.77933046762
106626,10976.379799052791
89009,13221.109161790144
81989,23139.7397937071
88197,11267.59749574818
93592,27690.269966022795
103290,11201.313234632042
96988,10755.769486092086
106777,23932.653727456585
88922,25866.45225845321
78224,18311.635797465613
79643,54627.982826956635
100066,13748.844396119406
99132,9172.302090767615
100610,7018.724271154797
89409,12997.346067314564
105675,22388.06205878176
93304,26802.85812251315
87662,11227.556546654778
99433,6879.821274983573
100011,11249.491615845054
95327,27010.764514907365
90169,15288.176948698001
103978,11661.965556004503
95238,25462.406323449424
96242,13963.957809621847
107917,11682.601655434883
92639,22800.563918160813
88936,21400.00418017481
102923,14536.70777925641
87883,14601.826562520164
82670,18493.402523107805
104229,25966.8327065598
82031,22653.22869448842
94197,23479.11939367566
93921,21007.242445601307
96030,23350.188752523434
106335,4735.80117326718
80671,17140.50038415232
86723,25327.695888560065
79293,27670.94237535361
97549,20426.301409518008
91837,15027.18420351201
86437,19144.224532951863
107577,24677.617461159505
88419,11074.41820071276
80746,43182.4840695815
82548,16188.86738870709
102711,12866.290238208756
80682,21995.67016234914
93204,29376.874908960664
99582,17585.87064202602
93195,32727.56069750439
89626,23718.604908468733
84713,283.0388848756447
103182,14928.92617606373
96954,24869.250017341787
81758,13038.548775116084
91938,24165.119641031506
92961,16379.451502266957
89533,20055.535978698677
86243,14993.723689133127
104482,21118.08121021685
83198,11408.435961163083
78284,14256.27855170571
101133,11389.400244465565
94339,23975.95958434383
88631,9861.356038258498
84364,14383.840135676295
104341,15072.221948772458
84650,10909.112113969473
91140,24153.68656161654
88889,13680.042430829757
98085,11810.216143383812
78796,18822.175707089464
80524,32205.012762300634
81309,4009.259668851768
87410,16517.595948830545
96810,-9676.309570435675
89982,17070.802602105305
87326,11029.402533358818
79722,17996.529328574994
86367,12451.750918597325
105368,23802.92935099609
92505,25125.027742075737
103000,14404.213425880629
85052,12824.336914041003
76497,46591.247972763944
105312,20109.71598797069
89705,15240.24631907795
104999,24168.150230820167
107876,26579.965056845835
76095,23569.410412908735
96723,18902.41554913435
91593,28390.004866179734
85772,21390.451605450202
107199,8095.830982880041
78256,46733.12638440529
78275,27150.015053002495
87582,18765.9464447953
104231,12864.053970377448
90265,12500.704995369968
81793,19366.94886515661
90526,15256.5806426108
99086,8622.53653437874
92743,28925.997137155628
95412,14835.27812562622
91146,25410.286974807208
95923,22949.584707191374
76021,20108.729461374434
92858,17965.06325310183
90984,33014.86971387628
79158,17946.12835815668
90318,15215.231053793595
91747,21635.78797184883
96641,10682.249711625696
76202,15362.3019392213
101040,14199.03770950629
78797,28288.282649816647
84745,17037.91704310642
76942,13234.151948030903
78980,26933.762301813564
96662,14815.285966058169
107813,26960.175135543777
93431,24293.70189656654
86915,13881.949054876077
105102,26099.727439539653
104447,20624.0606026514
83183,12642.482366668952
78917,13881.944471509585
99336,6069.297350918687
86883,12968.795370516902
104155,9089.75527797892
89989,16677.96883278656
80406,35082.99127568212
103151,14377.141749848499
101077,11704.754142317754
80134,21309.522848213564
79090,26478.484668598616
93482,42568.589301096814
87205,16859.367842562584
81295,36556.24553154227
89726,11811.645747895807
107842,8582.786127580013
100351,10088.399204254776
78392,9885.077434801704
106503,14250.811187450774
103982,7888.5996691680575
89276,-89.41166590049397
83143,12554.461581374777
106521,19649.61421370397
100841,8454.143294031155
76990,9119.157881011379
108466,19072.17013625481
94285,23245.69619845547
76323,20472.55102579843
90868,20264.62771245397
100631,12147.12314938411
76196,5435.605782593835
98387,17602.724767987955
107494,9314.6496490783
107439,15024.02660447779
101458,18597.225484050243
78473,17413.44188517029
107016,15973.086521377978
102109,10436.928298060948
76537,11459.336556536273
106523,21285.260479520075
86340,12356.334065431663
102486,14859.852225317645
98993,20942.749097433876
79358,7692.866071120618
79906,8997.387438161044
83932,6988.3601107484865
95064,7298.278161195918
108339,18289.05248532549
90489,14543.061381490723
107984,22380.94249606451
108096,25999.37411834314
98313,7348.756413050069
79508,18768.671095144648
94289,31810.783866739996
104393,14691.47089665068
108220,10867.30739665512
104795,17005.772873723763
93178,21463.01088656023
106079,35466.858203347874
89584,8413.281340678528
102435,7611.383028361073
91967,36841.04671662874
107618,19161.737557826826
86862,4810.482122426032
87991,11445.933592086669
83618,16637.063483788203
90089,14394.419813646551
90681,15673.535431748536
85562,13191.064613051276
102934,9950.007131677805
78806,29037.599411457504
104615,27316.822064169173
101221,12333.38111726367
107067,28962.93480974523
101807,15641.949691901304
85952,16613.14144373037
99387,28549.20517137293
106135,6004.682259272908
90522,12803.185345011272
80068,24379.704402070634
95046,31173.17518542369
93546,24824.153538021634
97202,23805.247918401583
97567,3356.9345959001075
79963,26450.707204693605
84033,18440.60684847113
86538,20314.295128457998
104104,27488.529214859456
98033,3761.993912986698
91989,27708.91806083072
102114,15955.827336619892
102507,9232.821467417438
104663,18792.320072639846
90772,7660.088537522561
102250,8016.860555203541
78758,16050.743001812034
101421,13201.283910602662
86744,13034.518318280148
98916,10184.537621655098
86659,18206.56099532187
79853,29755.717243129577
102463,9637.512880404065
103827,11818.933791650203
106662,24232.398940688523
97291,8188.428165354726
108516,9205.19915347138
101211,8849.523569092149
94947,26236.073124774794
87948,14112.900381986354
83719,21404.458096682247
105186,9191.83142436077
97592,20460.4060786197
79918,31269.768495685636
78137,11542.381263794747
78859,8984.634738736375
86082,10914.748605084606
96316,12894.664372323412
80327,9522.589114624277
81639,10562.068991164175
76145,27321.848497344472
76612,27232.72760925739
99606,17912.652041748785
101120,7973.05281508488
98540,7659.588806939995
99667,7817.854724469016
81038,32344.477819642587
77521,19003.595282860264
83408,5947.398649262344
86905,9589.172713115164
85997,7866.584243760764
77009,23683.477355876857
103958,13423.50535600009
90392,9044.071678626442
94800,14589.707369531687
84391,5498.989734008592
94843,22690.293562538784
85555,16586.254141736987
101453,8394.195206006923
86686,9694.863745377988
101665,11449.518780823531
101044,332.62598435287146
84230,8500.280838555034
88440,13320.721174843278
103253,8818.886158947265
102847,12939.315835869205
94381,34910.54888432232
94229,25741.552688405704
76327,31257.950455195165
97717,21947.018002398087
101291,13810.719865216213
81877,14735.378865773573
88927,5100.115563555184
77137,26787.663248100638
105325,7242.899513543882
79368,47892.95892170586
90769,16246.848266812924
101376,14941.355043748212
88733,14148.908188353125
104519,17072.0198061857
79100,13164.289636091453
85667,16068.727110697839
91111,27449.39965126653
84474,17232.262416808968
102166,6782.184074210138
96711,16241.50470091
103102,7815.722848671892
102519,-9067.285826160954
92508,19488.19932751306
79560,24432.69132490069
79530,22975.27140222957
103272,6728.256663699485
86935,10420.05249290444
88977,19375.780265877278
92681,18293.59182815068
91978,15998.774046804208
81144,21825.138584257504
98005,13541.175071769316
82716,12225.638186693708
83371,9066.059031734607
95566,27716.877251256967
87240,11535.587444037024
105593,18272.788438612584
85457,12073.535521230835
89803,12542.771891472785
107934,2283.1316118186587
94736,32156.973471291767
92865,21252.626700799854
89863,14923.220016158723
101109,10324.29551754089
100755,9137.544468089582
99015,22187.471429248064
98439,10907.42885721234
84150,10290.508830493047
87593,14429.710209133716
83830,9248.994092844565
96778,13366.734826166312
93458,34362.24321512153
103141,10085.307755309204
78576,21177.206897827215
84582,7860.646381021645
84034,17059.037530220543
79223,35277.8489619515
88574,16847.648831221348
95914,21636.41975983385
91830,30221.444859023257
76682,21250.897263639297
76091,23613.529443549734
86187,3307.253544332132
80571,25857.391896699617
78015,21031.42044821584
83392,13742.3263103432
82103,16189.323816933815
93859,24670.55383646141
76290,5721.021219628541
86539,5008.868943240468
81288,19153.965377809847
103599,8082.587636372109
90430,12326.266069048164
89392,14725.384584417712
98963,-12389.027684942666
88846,15210.340314857156
90966,34701.51185130607
97360,5503.8027231884425
82496,11789.75831396355
96630,17243.14025045984
81712,18385.81991658098
105871,15807.301488094246
90926,22899.128387219913
81443,20416.757065123646
98173,16264.495741551014
90309,1626.5042667559355
92444,23126.62666288867
80136,12747.125753518667
95739,18293.136715767017
89153,20495.960985129528
76376,14191.832012354482
80884,15349.407566946873
87395,16306.188161864986
85338,-1548.3756116105105
103345,9147.589549315002
82351,11988.355289807645
94598,27341.660038812985
103500,10933.420769003798
90717,8098.630672096231
79512,17672.724430502996
82283,23065.859977434622
85192,-15.238732598041679
81490,16505.547424934393
94793,28684.72414791571
97046,18473.63182755404
78567,30908.232747986334
106928,12759.828015289226
102478,9674.953098290418
99213,9683.702100272625
101949,4617.967419857645
102151,6376.295984200209
82627,14116.148438912933
90239,9103.571997965015
91840,25879.071058777314
93782,34831.09172533117
97384,14033.77908107473
108322,15163.267632252899
97638,3415.0305780106955
101508,16440.60163952793
77475,26888.167698174824
106194,36002.85734385287
76651,22715.82493719065
104133,24107.47139494027
99030,10298.062162703118
81824,19059.07333741295
83167,22444.175170567003
92274,23844.665300870423
86068,10951.684140324343
78912,17820.237574627383
88363,10983.176694363909
97410,10875.697226883276
77823,25178.69262327828
98879,11613.907671074054
77043,12673.652938779507
93902,25085.307965723565
82757,14669.112267199862
90417,20508.662809187772
86645,17910.05070040158
105708,25341.36340281044
79365,22154.565769741388
93456,25540.884534602676
104676,14652.900626098142
92775,24362.51522822296
103789,12008.295442442699
98176,2196.2909463094184
101278,6208.645279511997
86112,17024.427556407303
90579,19913.671312400904
102615,1322.3608210473794
97093,25139.830406522044
84373,8549.981543112644
97755,13876.556309906655
100097,13780.60339589536
80866,24155.362842205523
84693,16129.487228111702
103077,1590.6161382414648
93079,44302.78704774861
97533,25774.87028843486
94217,14794.187156532149
106019,22985.12157891605
107836,16345.90946066565
84471,13951.834576660287
94600,25596.977746119654
94349,19634.465126036615
95132,26823.019643091182
104772,23956.327135295902
92560,19305.778472080798
101638,9692.475137634428
100523,6215.04711305224
82090,11302.392737177757
95816,21227.225685458427
88689,18715.48422947151
82540,8195.437936391387
81643,14668.761244613037
104880,15694.121193111825
84922,22672.46263430305
97849,8387.795254197856
107366,11069.788624657296
89303,16961.54085433912
76547,33273.903065074104
105055,23749.84899695553
104312,8932.400502795963
106500,26231.03281799647
91096,16292.740836116629
92671,23184.543852474762
95982,22734.507331615187
105012,6438.884533954004
108232,28742.901541495507
84668,13142.043301821359
104903,18009.582409098235
86487,9021.465033042961
102860,2191.4848787250376
93205,11901.332724123891
78221,20486.363336978346
91931,31768.28247111836
81589,16422.780664548467
106873,19504.4967886815
89482,15344.284485976983
98459,6298.645978201266
97660,9670.873077456261
96409,14543.573969946692
101480,1998.472728767876
105862,-6644.218438746804
90363,10505.633954191533
96433,12125.671432114264
76970,20204.607399581277
96689,21409.390901266663
88899,12985.050558399438
87559,14591.095488108262
92908,26301.341697867072
105211,9221.431943233849
96729,9994.554562498355
95854,22975.771277187127
93767,20200.48666869772
90545,13272.7965294007
84005,7007.9948441364595
77380,23038.019891266806
105877,10183.955834017339
104706,24391.10272349516
89994,9547.743104124325
90227,14070.235024413732
89814,18205.88098989954
102539,3432.1684509497136
87753,12853.487605501334
102038,11279.581431508439
76666,18695.27085416487
86698,3465.3706019867677
97368,9377.751180895822
79416,25093.267922327475
85147,18334.100795503193
80148,24554.329704140717
96579,14089.678392769787
89817,10152.114719339475
86431,10603.303533731934
103566,-5265.894466024267
89355,8933.012987548245
97349,8360.645787469397
92618,23747.70404391236
98595,18349.319090564437
87502,13517.401672958968
107954,11929.515622778123
81470,30109.309238590326
79848,24341.689545202033
96373,12056.178967257976
79599,24753.208089828717
101454,11466.662995768678
92802,25168.16416520866
82725,7624.690319059584
81084,27695.022542606675
90130,14363.062435714273
91985,13706.012161976336
79528,9162.873153130578
86359,16355.263437599504
95724,23136.558274299503
102527,6676.699913245231
87032,23005.693849270636
78499,13272.056484448794
107980,25755.64540483832
91005,36150.87732862751
100196,19241.89365767993
102797,5234.939643807258
77141,20491.544486444043
92109,35853.89403528261
96501,18952.285116885847
83865,12172.383423165014
79122,27878.39739204382
87979,17366.856764630902
93237,27745.075485702913
99104,15457.560240769093
95095,14684.438562365605
89412,11390.920061638863
77440,14960.264758631289
84127,4531.0392314307555
103842,13772.70054276099
89806,-2226.158677830237
98894,10065.275626931074
88126,10849.7661636967
92809,18691.447045533023
106076,12101.73352170842
80110,23304.298223499452
95396,21479.96325030765
103003,13775.090908653245
80123,22933.003887967723
82441,12789.150985524015
89990,21019.770021635504
92936,24431.407354303756
82544,9420.867749056397
91339,35894.44138075571
103929,13785.791747343905
102389,14111.876017328901
91128,26873.986534542655
89752,8332.92338673634
76840,8558.655302588684
96514,12686.156543945095
98706,20698.825685178646
107602,13232.064232750283
103844,13305.94784973894
76375,20307.29808888107
80401,16156.187924567352
79030,23806.315882449435
105766,11106.5663343669
83033,21277.643827509986
92521,15569.075267337694
90836,12507.780020072532
99168,4175.279167894216
86363,12909.085572961332
87320,17829.02394751196
88185,9540.71706301168
79290,23271.034806141128
88091,11562.950280473131
83838,3251.6970589183875
88099,7367.818300149316
82824,11685.956909662207
94204,13834.803798591802
107723,12498.255349584622
93691,24730.284434962105
99317,21787.00345427197
107105,13746.890730860125
106351,22158.42783214903
82970,14875.476895138476
107261,4004.1650076365404
76679,29998.98043175723
79464,17490.51916250629
91312,26804.86146246767
80546,26162.36163088608
89220,10640.226319783767
91796,26343.83077802085
106360,20001.22936808804
83027,18281.15018168458
81553,16348.299018767719
79124,20773.231746040874
82590,10984.663761206393
107515,18831.515079770383
87964,4546.377060152616
79995,19271.908010106014
101022,13854.340875573185
78580,26229.87483394648
97644,8397.907584236233
87603,19005.2687392377
85091,20801.18065911225
85155,14866.617265198518
78402,12773.036194704264
92603,27388.280050612797
79788,22135.580101145388
107769,20727.41800596636
105117,12396.651189511496
94619,35392.76167572853
76808,25029.573284063506
89229,18120.027320833477
102592,17498.55275912773
84597,6109.909581612901
77146,27214.702948275888
98794,10080.097968538154
100453,7381.358759773017
84075,14043.620089155931
92090,28292.316234864094
97646,18582.284689734257
84071,11871.756115758293
80924,23862.428616065532
91167,25777.841767669946
92607,24865.763524600996
99654,11823.538130234469
108195,5617.901131127959
95150,27917.3985485837
99921,-3746.363065504349
83768,21317.689080358807
106095,11666.132859029649
79380,25507.26376816108
106671,40956.152690549476
91757,32906.8770359901
84936,16200.659096544698
77970,23619.83068968596
103327,9771.057417014497
102169,9819.05099233607
103207,13369.092869176697
81602,7082.0252158089315
79975,29919.033551290788
102385,15532.335361630398
80726,25595.012231401975
106953,15368.9072663291
92929,23585.282890337574
96553,18430.19972809611
79654,8913.41515639165
95376,27250.915413220508
96667,18154.67903487228
83421,10918.982293064764
107579,16751.050406570983
89108,19771.349869985886
79958,23538.771184808502
101980,8144.161549632763
85178,11877.069104111499
100898,11909.348506198909
94926,15974.49349473908
104484,13763.72046056853
80250,32749.6419143799
79639,44452.08466035673
84385,9198.000641510658
98249,18158.510770903526
94803,35812.57853763756
99178,12137.838373385983
99706,22522.72741195298
82493,11439.215073926567
105868,18524.881018503445
98807,13052.32995031025
95529,48796.08644358807
93580,25215.862264739284
91437,28112.666565121814
87804,5941.414708726948
92901,20648.94091243516
77177,30654.1274146428
78856,18289.484524006344
84586,-2856.421909622397
85230,9058.4528973673
83215,13030.838321552956
78610,19980.415479056435
100081,9111.539238799112
105716,14101.884890885776
95022,17310.645841670972
94225,9442.921383676709
106371,9648.826960308355
76850,28634.20698893786
108514,18619.03877861855
80352,39175.594232895965
87930,18525.124236685548
103564,15119.14752425309
79881,42908.50937532047
86736,14469.694412663266
83661,18976.074779187606
98853,23331.142867930866
107158,21774.03947495692
96809,13929.493837812115
84048,15693.301213985316
90608,14749.71006941034
89134,16104.346630254753
99321,10290.383246540521
82452,24056.768919011956
80684,26013.07052850512
99699,12538.99101200961
88449,12179.201103074647
76962,20048.56381343332
105626,17094.907481106544
78655,27797.96522748927
97115,3152.707701252142
94865,19188.513445294564
85675,17060.068061234015
96671,11491.296772914524
93365,35349.97446394607
105188,17462.61083515171
97713,14722.414872150377
98996,11264.520796544297
98329,3362.2213432053577
96091,13454.505124443587
101010,13204.0353090981
87169,16970.530563596847
83760,12729.013275552228
98511,22193.2869981369
94233,44087.90561023877
92072,27473.367593091607
79796,18303.01183199323
97619,28081.747553038243
84419,12137.086911037783
101015,13519.985929488466
81132,19433.226622127677
105597,9912.42734190334
99139,12973.149840353113
93116,20939.382891246285
97838,10502.143784833272
76627,18682.3907253356
81785,16108.362014992807
97645,14363.182828556468
78865,19975.787179310555
92152,28760.144836939748
106432,25408.237132011465
81609,23710.748224343493
85585,19365.279749214176
79017,11615.552769145695
105666,9400.200319744481
97664,29045.419535909947
84418,14123.591530425783
102163,6897.740402357467
99675,7634.983443252193
82132,24468.391889740313
89488,13828.182003284728
95516,19135.17860862037
88542,9393.917171177996
81995,19581.38878294026
81065,19338.763786964944
89542,9717.65335654784
87184,22017.768076353714
87194,18316.74796585269
101981,4643.470802943069
105620,8920.377620487867
99094,22799.40704908826
101950,13284.891486896635
93488,30225.01443737388
79632,19622.14629273542
79299,23691.623840453598
85438,12608.676613156425
91006,43436.336113759375
78636,15084.679915582132
98590,13556.927146266265
97735,11924.078536079342
103694,15884.698701362655
97890,11436.669110764742
87646,5444.747877955608
107953,26363.099945777656
103882,8154.307557166199
77900,22660.970885208535
101991,12743.84160182494
90105,5597.949113395713
106516,16669.646605403985
108415,9523.602982867162
78853,6462.972328081627
98196,7053.090991442554
95738,32559.526703808202
89535,22228.500371327864
85467,15868.663266606087
100920,11843.710796460698
97314,11364.485971089949
103461,12163.600453011622
104907,12438.590731646113
92168,24366.94326403847
98077,12110.048401468996
80593,45916.79319490687
76915,13559.258583571147
106919,21659.03382044781
95592,27326.443143874894
105772,8517.158625478985
95614,17060.551815701932
92550,13136.273561540853
92495,27209.462810539997
84341,13353.077093479242
84600,22854.314594601678
92665,20245.463292193985
93922,19889.420452006554
88129,10237.623681127869
82700,12358.399225723657
94492,15742.21846079965
100974,12508.047676912156
106554,11968.434757738178
107785,21922.545572753777
107443,11416.1318900099
105470,7625.622241884152
99750,21013.271227514797
94633,24020.843707807235
99429,7318.502527683893
88790,18378.37653275399
104180,15860.222526291469
104589,28927.805931151303
106704,21365.292532277825
78596,21035.50657033184
102083,5989.381925491274
84507,17967.13877373367
94274,25424.956906999196
92588,20115.075653893433
84344,13393.095874002254
99818,26857.53479915634
76710,26650.783660710822
107923,13405.041771534896
100470,3793.7857721987602
102211,19248.09972452443
90030,1140.7519503935728
90852,15082.714016815178
90222,10728.845702951898
105952,12361.829606624055
100876,14791.610334038767
98062,16919.678328107915
100478,13897.257925795337
85486,9735.880940024996
98292,10515.168586628522
86160,11032.870809366019
82468,20531.314379199284
76728,17960.214531477508
97277,21100.684355602745
107553,19108.33784268768
100325,7955.261468950906
91775,32944.19622036619
104326,24351.002780997384
102909,12204.45907672851
82173,24330.886731622944
96281,13009.643293423518
92426,22649.50726888865
97724,9404.084448691843
84057,1240.4346063959238
91020,19042.83613804525
100095,17969.120513233782
81655,21161.84048798573
107220,9740.370284697281
91626,27952.695060710932
108469,25325.21460542127
94037,31654.88162761717
83530,4833.99492165626
84542,12537.69053197404
85634,12945.389073409857
91707,43873.61770032951
81934,9582.88348143272
94960,11153.861989380828
105778,21561.863221200634
83841,7301.98395945063
77242,29422.4456727308
104694,8665.262475919311
89706,20234.575970562113
88670,16287.107366298143
102492,2875.004650226092
82971,16728.20485376531
87256,9980.983341940693
84642,16102.237641793483
107437,24606.55822182545
94640,19303.54152187389
96089,12815.741397234393
85018,22605.60404433827
106576,22093.730297703354
104158,10251.74004673913
98002,3783.794467685708
108045,25859.323507303845
105890,10712.381567913242
103298,7458.241990232862
98977,26667.845525742057
100431,15877.623676660092
81100,18937.836334966873
85300,19309.919390376832
77518,18722.549004962533
76712,17125.55628150946
87545,10955.813382697052
86848,17188.775648856612
77647,26473.959940939298
92094,19743.715345397126
78540,8274.17683646746
82957,21146.796907208623
82768,9700.553754318407
95875,17847.946392806825
80705,24440.877540558424
76746,30696.30615650353
93222,25681.496513072427
84494,12396.895523496773
97557,12590.486487689323
104969,22270.76463001548
92998,17891.905250936623
75991,19627.750673840797
78217,18622.650200997592
79176,36293.91933784833
83261,10358.483113850576
81177,27518.52225013615
89681,12568.319927337288
96968,12853.052941183
82896,8474.629998207722
108357,18190.089260978177
103421,13951.472363231134
87971,12102.127578507138
87170,19915.047276860638
89941,20898.392703032485
104046,19821.812085673635
88894,14180.750931481005
82638,12419.599826571693
79213,14725.743441466893
92902,15035.941714784762
79282,9924.795869948975
86331,12970.457536455546
76336,29492.067503918333
96080,9178.28488766953
86990,17530.282042025763
87762,3662.008280807622
80699,23118.293833554162
84711,10340.559717937416
95297,28354.6192668204
92828,19392.004361326686
77614,23555.091813891064
106565,14468.384878410288
96874,3346.8602448538186
77145,15689.771964658323
80473,35670.10529587328
89438,17089.43350048872
98442,22804.615874372786
106213,23043.926011450472
101442,12528.727986565425
79337,26610.370863440312
106021,26265.459395685146
88638,7995.476566816942
77383,12477.22906509644
88452,23037.291851730166
104464,15304.495440905805
82639,13251.978424933099
87305,13189.597383689104
93172,25466.80856104213
98857,26525.058448269025
90873,23365.086789740606
99679,9319.419323302762
78104,20761.412311599608
77770,22146.540950285962
91351,9072.241168880722
83700,13201.828787615554
80548,29021.91431358647
81163,20996.57214457246
84140,20793.13765094467
95479,28908.988523245625
91705,27856.930584687856
97722,17599.79500761676
88383,10132.691833043202
96632,8501.937124464903
76496,15611.99468088872
79062,26903.24463859193
103519,8462.115443151532
87592,10950.10292652504
97668,21502.269464248428
77969,7405.447168857365
97610,26092.279381205903
93889,23246.951176576473
87792,6185.272460483204
95078,24332.197031610325
87575,16273.795513512741
78804,16330.706351122219
84242,14840.140464849124
83462,11675.012553399121
102260,11324.009979308812
102635,16758.66883601482
104460,15235.28408092209
100463,11276.817875337572
77272,19534.25853039243
82246,16671.715672482773
81472,10695.272072367603
82420,14711.13695630686
91586,25215.862264739284
91099,22882.99678219828
103536,11349.011383480407
105169,14824.344722751437
93837,25261.575734162543
93958,19867.97402445366
86124,6756.760276887246
97448,8888.316694249603
83040,6742.451645510366
104713,20292.350881120627
101549,9580.296166025208
96018,9138.551207245517
91089,33483.839375505326
105130,16054.918010203564
84720,15302.738680484505
97182,11802.285684899936
81653,-7317.342173121138
87522,11726.751694465996
92754,16446.838331661875
77510,6457.3502942430205
94863,21634.771856312946
108414,14536.54081513534
102393,11213.384140322192
81528,23120.20933109889
78983,28439.316341778947
98051,16136.00032794129
93080,21739.912705824197
92657,19229.47515767343
108070,19052.859336829388
96990,20877.95417827488
83301,17377.16665509374
88459,17089.487359861447
80158,22817.37178068135
106913,27575.326980587815
91119,16934.66878277087
85522,7978.906600714778
87469,10060.808620915162
89620,18627.840194121636
106903,2991.141661328129
104183,15519.169732248607
107015,15889.156513749855
89120,12098.567332101604
80555,27337.797192147358
107037,35458.99706478947
83340,15843.213126294078
86654,12943.682093134656
76116,18881.658449384624
108208,10994.141536708943
99790,16824.32271739448
100950,9019.391555556773
105495,17861.803331707713
85317,13963.862118654644
90114,21990.025255698925
99322,20540.76848807955
77185,25224.52667254863
99412,17069.588531959376
100021,1482.7820393365837
106020,14911.045456057696
85234,18139.993218114196
90059,23385.160754982422
106902,8779.49350862414
106871,13086.34375952862
97784,19173.8015629274
96140,24655.423589669703
103840,11858.550641974192
99573,10972.375995829138
81967,16711.950350622625
96124,5674.181570920291
80245,24680.8913338361
90896,31152.754761002336
100257,9685.24628916482
76759,25962.680369955575
87022,14540.75958687497
90758,16728.882365605266
94073,22530.292774834466
104837,14706.62623708171
103025,13474.254826274362
91765,26947.569884633427
88352,13498.757957687909
83826,15662.596748088468
106648,17446.689231708693
102967,14121.996884618435
88989,10576.865543003034
90846,15422.780839166224
90232,13575.62100745501
95262,23926.748972447254
80599,7066.135060183795
93353,22928.51685585485
100230,13538.008659983017
104516,15512.422555775585
76127,17981.53810027685
99603,13451.132603501213
87441,718.9523309847136
98607,7480.983738893061
101385,12449.397104034186
84028,13687.517734410021
99900,9555.793913801406
97880,26988.29491425818
103005,7920.474172455481
99862,7819.405753832347
84899,6154.556607068196
76129,27229.72160494824
107674,30468.350771814505
79058,25579.61430123173
103161,14633.3656148581
77525,23148.441552180728
89366,16931.71641799681
76529,21712.114475763006
78121,39566.04521409099
87960,11775.936730433707
76468,9312.062931666533
104029,16215.865851931656
78294,33101.184072207296
93269,34980.416216465346
76124,18302.459979688167
107551,19913.868710767314
103953,13058.705351825909
103212,13330.946270354663
77337,23819.155970155032
94095,26302.862103077012
95358,24804.829090078347
94772,30090.978757549583
99318,13012.583148019183
96569,18535.955379671806
91669,20979.452135895324
95240,22817.98516632028
79693,34818.50469228551
83100,14550.03925164375
85506,22830.235685170213
93245,24686.354724963803
81444,15305.147918984265
95558,21536.155557145514
105709,16083.091704360086
80796,22363.549193319996
97061,-7498.824214488621
91452,25471.33241019511
88626,17091.609867272215
92700,29632.327123447838
80109,16198.057608523743
103649,12774.909766160106
95545,20819.257119042904
96879,19853.321384095583
94580,15113.564171340535
88361,16105.272161067878
78094,23778.858241493694
82831,16326.70573350242
76965,34140.49968576919
89246,17094.253428767493
91844,25678.08950989929
92122,22009.03610010048
98944,14519.660382303224
101088,7977.947984547314
107119,10337.073600890786
91603,35212.449399199
83339,17844.532300451207
105408,18133.912935173354
97091,10091.21675341636
93822,20035.96018580732
96950,11085.025243358717
106461,14291.698581106648
79538,25666.125739938067
81813,34940.99807342376
92640,27405.530690496318
107376,23835.758025842995
88834,13677.35410957578
98532,11841.20212249821
94957,21073.44480248427
84884,13695.57619805158
80124,22667.992755048974
92048,27365.039145376362
90244,4041.8009727925964
90103,4986.109581326202
108009,1336.5450508794456
96435,6360.814239291189
89475,14799.785608412725
86286,10875.65188411652
100193,6158.4003209395905
99733,5586.232567143454
100561,13078.823749289502
98626,9583.786602030237
89177,11406.832017267614
80294,11212.042567357155
79134,27279.324172478602
78603,20618.58717875963
108528,17844.498019699073
79147,21484.380733560374
78538,9448.588640486163
105042,21192.901653617282
93560,23513.697348908063
107122,12851.59255363694
107336,12685.193224503462
105831,18457.105424178655
92973,22605.02506176679
79087,14239.480943304035
86806,15929.056759351846
98787,14594.261579096938
99838,13876.191879142445
105442,19680.057141101577
101659,9518.480984291462
95085,25422.01983898126
89893,7919.67387985791
100412,11485.569689963178
78433,15391.269489059932
90887,15926.915654916658
87783,11271.251238708217
105572,12505.953734195404
84065,20081.878501843345
93714,26133.40509270547
96148,10259.970471188435
83771,11010.03417336808
84970,5873.758766076018
88859,-693.409051887149
104620,22657.578465300227
83749,4288.755826476376
90174,10236.724335559244
93947,27482.610773658325
91462,27285.189977335147
108075,7979.866343674177
79113,25772.666221957683
88445,11695.377607320286
81311,30419.113320524208
100633,13246.596253622989
92904,26564.90350020548
83091,5529.793770691584
104657,18577.942726870828
82910,21515.475326488246
92383,22119.810093525728
93424,9111.2563322317
79891,24412.951299427983
98961,9137.206483069696
81502,30022.824385324035
99035,16147.085630587993
81371,26313.726141400683
87333,12572.829821330106
90353,668.5726655829712
93258,28079.28273698462
102053,4099.250782341485
86713,12264.192046296166
97203,13034.193444404023
92794,25406.399405702698
84293,15857.159927408964
91672,18039.977012173793
87085,10323.34382449451
99300,38455.27623076095
81242,18163.370673799487
77834,47591.3195032471
86864,15629.422743372004
108332,16152.268348295598
93461,25480.66023128693
85198,47694.40922459657
75974,22031.1175722148
78679,23743.935928992287
97060,14670.596944523299
89300,20907.148806879537
97682,22491.092631216714
86664,7101.398593307258
85169,28243.125646271063
82930,21649.62846060952
104583,23566.71843917734
107212,27741.103577908358
78128,19526.19115622739
101395,13778.931833602288
79984,15450.685414681408
106844,14785.76166635015
76507,15529.50233394207
87935,14023.385734425132
81796,20363.215444638194
92942,22709.422198999033
87848,14279.188452614228
88325,14794.368499498229
91296,15934.825505403638
103415,5991.608630075232
99038,21195.723573610085
101080,5481.679584807203
102789,10123.374194559241
84656,12564.531869946495
85716,14808.81592411205
90233,7997.601090546465
91097,23500.420535561094
104466,14366.76559363672
85061,13297.354716877242
92535,23121.288749986044
82437,14718.059751947903
104845,9340.073540338104
99353,13774.458904828267
94273,35532.23519730704
84080,18072.95154680616
90877,16278.434981526825
77883,14242.702172445577
106394,19243.605048729092
103042,15771.618748207766
105388,18094.893431561606
93490,20589.397804081513
102852,15667.957832015873
101859,11963.986216404279
108113,16802.924720993848
77290,28819.1604801145
80341,23679.762469561247
84286,3411.704406407731
96187,22387.54141471009
100716,9631.854553206622
99682,9170.44222482797
89827,13902.469762661643
82053,10147.678666036716
101135,14144.980845137507
78574,29636.895339093244
82541,16439.61012200455
94530,28136.252646049663
107277,19429.214780246464
88719,13380.81606180406
95962,26506.22434360406
89249,11610.137424534616
98786,-7958.541066524307
83968,-391.9540641991516
85115,10236.779298582343
79741,19282.36332438869
81050,21727.4191807471
106955,14875.414944577187
85572,13646.601304832724
80604,29849.096131714014
106115,16821.979642872386
76213,17785.754154307273
92026,35908.337634320196
91397,25572.865735978554
105916,10341.880786909358
100938,16666.934088578873
102187,10056.532763915337
87434,13035.068597979236
99959,11416.122903743426
83438,14100.960375113205
77840,15176.087718325685
100930,13897.257925795337
94925,20896.709329799396
78494,15439.030017072697
102418,8316.605768435475
77793,1014.8107119511114
78383,26858.130293724247
84216,22595.502087816276
82610,6032.06311153635
97544,13501.809429588178
92549,29195.38332219665
80538,31583.38524445081
90890,14239.918124878299
100299,9929.324569844168
89902,7801.903477116164
105561,21585.289698254557
82364,6458.0753215870445
78091,11395.353027834673
86023,16544.852328498127
79752,22176.14690724368
106315,11190.359990612542
80934,20919.343275585492
78782,26210.845837789315
76471,26198.579039858843
87418,5541.1364327077445
76891,26638.028813886158
102628,1160.159954578412
89363,9046.301865681817
89237,13430.837720543299
80257,25641.032743325333
102857,2542.1858501562383
76201,33936.57512350974
104887,8562.281560804224
102310,3840.3676045359207
78714,49022.02339901151
89302,10947.523411661165
87676,16515.37305890411
90321,11018.457152155266
85244,15703.348471894307
101913,11455.021577814416
87086,15948.994092153127
81974,33031.768755953
98075,21693.157410787608
80870,19681.69517830932
81556,32283.185330375178
94722,29709.68072686253
83840,11676.133545803254
100809,9575.060502282895
77101,17134.073411643087
102172,14540.166713375607
86373,21855.70137463171
77540,16398.87197270587
86271,15051.076758782061
77679,25352.878514780095
99807,15271.927188818603
79126,19374.99051757887
86337,14381.445798877052
87496,7066.006651843234
83272,17248.67719825629
103495,15854.276095141631
107915,26774.67570791503
82213,23505.72953340595
99461,10932.80318175655
85797,9398.96285134006
78898,13966.32585885925
86463,19269.89072949558
108138,21850.07231267185
88417,27302.199258622695
78694,33561.95718515047
99802,11053.360355394554
100250,17785.264559372354
83482,14860.955559935508
104457,10778.174862161239
101415,7599.39864106558
101767,15657.531521786797
108250,19978.45561848356
89772,10688.179673140312
91127,18767.603997139646
102887,13428.817445406788
90756,11574.601901718012
107554,28814.490150265832
103731,14760.87328227541
92317,22134.987895630406
86805,14299.788188725117
91722,25907.298959246757
85026,26002.281386605046
77478,18736.509363705773
82027,26664.011776040006
102742,13806.389789416999
80198,15851.724595862757
94907,30232.509244000248
106738,12921.549259693333
99797,5565.753353560798
106456,9340.595471441697
82741,5792.996412744287
79172,27487.67180169883
106696,16454.21409096598
82422,10845.156726770347
83924,12189.677927993504
90599,9458.245371371842
108095,21511.65743420818
91777,25160.3084687371
95001,18255.164406678952
80408,34154.25146836396
87330,14486.396562016562
103361,15499.136920434426
89641,11686.813637852203
90618,13972.285237976022
91679,25738.746504296392
96844,12793.789598193005
94418,25400.582163169478
97002,19588.77919718968
79748,25444.05429440786
96355,12502.626263747556
92347,20139.79332266655
81569,16192.589430995256
106924,25596.300126259473
85270,13331.291037255149
99622,4893.9404523596095
106843,4885.754438380398
80147,15156.492994369426
102181,4198.9694862578435
84710,7570.110359421713
85189,13529.015977263218
99281,18769.84313958883
101130,13092.439326492691
91554,23699.89894376489
86116,15711.098394115348
106899,15825.204639451802
84516,15942.857272111229
105422,26280.700494569508
76956,13480.255850734768
84006,12558.633786871835
81453,12919.96948949664
104850,16713.108686645144
90867,1502.7362578003085
97154,15164.368081903838
102088,12544.125442913817
96019,17735.22108257577
100300,6674.643698731172
86459,14628.905017913792
99304,7015.118616431728
80630,14171.283475848322
82387,23758.526377752154
91359,20154.53446081311
79123,11943.83851362089
103324,12181.390780610924
101086,14498.389865810306
97170,11128.180815303802
91834,9547.19173116683
85238,4754.371063290633
81942,16588.75692736751
90971,28791.71350939694
87864,16857.070514788975
95296,36465.7391236797
91427,16382.081639087468
93697,21504.940794184775
107694,26253.449441445508
77364,22293.171110607564
102144,2064.7953935561527
83410,10428.802653741663
101560,5324.760058353426
84775,12529.799149225677
103879,11767.142263396061
103933,213.6886206562558
76344,16436.68711151972
82119,18155.52674303778
102130,11611.328651208727
85748,10075.030353231534
93769,22050.76826165805
101775,7321.9447208746515
94613,27792.024065353082
104021,27407.9633406794
98175,12324.626610775256
98477,6515.228815502831
78185,15690.80484615822
81576,22093.893806128744
84854,2253.81202401697
98361,10463.461777061755
81390,9699.079596577023
80911,68099.26201651664
89407,28115.77520162492
95981,25127.41802730622
79131,11899.261259718489
96624,12022.623239219536
85131,17828.372553692727
76436,14598.0800627437
94111,19482.059123836472
101518,10858.422899034973
76588,34629.53976640568
82353,26169.36275449963
96186,10320.50102926066
92735,21435.56511303209
87271,16113.668878569679
88968,11052.482374414321
84154,11046.336567125898
93692,26301.132783929672
89484,10062.445090431127
92547,27186.073735311285
78689,17435.53438219971
102058,7772.542594960507
102579,15024.272280512072
105825,10406.880511289412
96154,17662.498900244143
102183,10512.391364895142
85976,11749.994973190975
98679,7491.368964583195
89612,9266.612011666308
107988,21830.836728562907
83362,15835.107686963987
94251,25137.179705033373
97018,14562.062385308449
90329,10894.408100901255
104604,26314.01607009879
83742,11596.707091194003
99447,10749.920407040168
82194,17142.497698169747
108351,21892.813934112128
105314,26835.20647481474
97351,12314.717747060517
105861,18383.27979243674
83010,13482.471822930338
91447,22336.764979812015
87619,7071.2309233357555
91870,22380.756265203214
86543,15902.613374658544
91484,15867.355738224183
100659,14165.549259247491
104491,23353.178252058784
100779,14468.360316517203
100935,8126.1918164216
82331,15786.501960052541
105140,24231.81888188181
96349,14622.13743479763
82664,19539.35066531552
104532,9250.419614923976
91854,25385.209942805897
77003,20414.899489576146
85137,6598.448669438338
94577,25709.560519725637
85461,12384.398330085165
77550,17103.28341433901
99095,12404.832663941474
91832,18741.561069983185
85920,22621.758290601345
79766,20310.704363561035
103839,9543.442476360478
98167,16916.136433133393
96684,1473.1235481777549
106982,6531.365103691825
93524,27421.27518848226
108310,14150.81789834195
106569,13272.794797490507
98088,24255.389719838575
78890,18749.615858046855
81559,18671.526497859548
105178,19516.247407281495
90578,11697.58091221577
82299,22383.52335956088
103885,10673.780539499174
77488,13860.39112549778
96669,24178.651999925765
78344,29481.83768930113
79405,23389.943524099173
94620,32065.879894836704
96836,17293.722938510564
80212,11256.590970614252
95746,24406.072667558714
77363,27172.859037462422
76866,28942.93550874074
93847,25389.697822572343
105175,24699.070941077847
90010,9963.5187224783
104429,11716.752368155036
91160,27813.63151961277
78906,15176.3142239451
106414,26495.29392525558
86910,12060.910461510597
105882,13118.942448894852
107238,8040.468289428702
77102,22802.964879503772
76704,13402.472773132713
87083,16985.108220532755
79057,25975.876406278625
83270,13458.742486655583
80561,29614.257209381474
88469,-2755.9092741469285
78768,19159.634153373656
83574,13722.541231293657
76771,28021.81926839172
98589,19800.55072643549
93091,24678.021918091894
108358,12214.823567543724
94601,26569.77740611169
76151,17811.608553153445
87442,13035.29707438279
93531,19419.015804828763
89771,15410.936150380508
85803,19835.165629157455
93147,25869.943812699083
105196,10606.198784337557
76171,26945.637331333324
90616,13978.771101968126
100032,16420.460835730886
92905,32822.33839108345
95696,27749.877685904114
88913,14433.03021985729
101504,9423.661327756152
92241,17086.873271729946
99822,8671.631784948899
87745,10267.917703337127
105827,18743.981886400896
106620,8649.372153808818
93497,29665.379994803978
89250,14044.236004572584
105581,5506.867203475233
91076,14465.478899104037
83506,2259.2935260081067
100635,15133.625228344361
91828,35486.014545471735
76039,13855.633319469816
80685,10988.660662133449
97571,25101.640722039796
87425,10399.04658881194
91662,21974.020830913367
105161,21409.45021091318
81006,30948.719596960425
82888,16468.80892658036
78545,20477.980618518068
102922,9020.518883907094
96198,9325.043948313927
92979,25114.925245649378
105623,14991.339912804586
82195,13849.53952972552
76760,16230.86506512056
79305,22337.29921395806
107942,13494.786840455496
81981,37304.072675748524
100135,13544.454793600908
84307,11904.325073995418
92628,17368.151533120814
103304,9346.661187759142
89421,11947.024476492577
103645,12639.887541478494
77164,8310.710033611223
88451,18890.89056787055
76488,19290.94328908476
92835,28365.021427448588
80449,13984.670522769722
97408,25689.150424420655
99256,21236.741068584415
86205,6564.767373909646
101002,10918.634895626175
93390,19471.309255257038
101654,11623.75613959656
90595,9462.890578035598
94955,27050.390483793235
93871,25753.34283826934
82164,25764.227102928773
99373,6201.247794622159
90148,18660.846591940706
83210,13968.62482730876
81726,12385.023134392279
78041,24901.12199043957
106229,8063.463950101959
84209,19907.11462103979
92225,26555.855091760695
91878,15039.420625253097
97878,12160.631231848522
77435,17004.26854849917
91180,25963.554164547953
100272,12236.060221910633
94228,23609.658924606614
80549,18166.56702659581
99566,9941.872625907909
85829,10412.288157078354
102693,10717.975188371587
83322,18428.557455439677
96980,11376.58569962622
101844,12631.786457649021
80791,53724.495486071355
107384,15431.73344153859
76193,17844.395947523997
88605,14104.812333006823
95910,17059.201514260258
101217,8598.364113706513
94833,19015.563202578156
80221,21748.6620770062
104479,6314.800546487249
94405,33579.430820375506
93415,18464.906405764606
82460,18403.596693280982
83009,7194.51086851587
85429,9637.458182722428
106034,8023.147466224633
88406,8669.382640925047
81623,26138.42111080526
93605,29469.286045120236
103670,17790.4529108209
100409,6520.957638995111
107237,19590.06841354666
101669,11475.238665702624
78854,38386.158962601425
94034,26792.073470764088
101096,2482.0522439255365
98417,9603.206425261138
76874,15530.526155547606
94954,21448.84088224107
83137,21300.866243843822
94653,19844.450194568304
87567,16730.05211327684
78154,17502.71150029014
84461,16163.52034853266
85686,12404.284993741672
94342,20370.75007309291
101392,12189.665086064524
84192,18925.73008340866
106701,10214.166813474674
104013,7805.872530406716
82745,9576.12736944292
103973,4247.009162824303
90409,12313.030242086676
90651,6655.2446269725115
87413,19504.105549907355
102121,10420.990286820781
92145,25063.551920718048
107141,8026.19835610002
83230,383.77920330558845
78553,5438.072420016653
83939,13269.131824626884
104875,20076.8593298707
78129,29353.552499964488
80313,24640.66762951813
85535,16095.856226806118
108311,18095.210256183578
102292,16129.068034097334
89716,16141.486571969934
77046,54012.3581059401
97611,18335.38796526091
93038,17347.718079139115
80503,22216.30684778621
79132,16275.870628608891
103759,7978.374934155818
78960,18821.526381639113
97265,20284.312919267184
77855,18322.489930744305
97371,13956.654906577422
94297,16031.20079944741
95653,3169.419846432149
95891,23518.40852683785
81947,10983.057922480843
79702,14732.385513352423
76463,28403.46527236783
98065,16135.996895527305
77154,25936.945763654687
77348,26720.646835495238
80987,10991.038673697723
92207,10866.09949801572
92983,28136.252646049663
80731,12905.388370750696
86277,17932.56229560913
103051,189.81487943286265
82013,20392.31406254971
78814,33437.1416041427
80153,35693.40617621978
94618,26827.857073462223
80059,36778.19289482017
105557,9537.629784607889
78860,25036.612000003573
84849,12146.895965302425
96896,13955.32491826186
88244,9067.625446972088
105984,17148.525189203247
82644,12480.315552580745
90970,26840.317241103778
98810,23777.30771283699
85184,19606.485384528987
93723,35580.79808176366
105049,13176.458163203177
88554,12725.84243316494
94996,18151.216108908353
107689,13216.341955633474
81575,36702.72882156102
106988,13196.610497851882
89894,23520.548737010384
81703,9597.436862028691
90718,14404.172718455793
99561,11250.817523567799
81269,31333.288912254106
103069,3904.7734845361447
88952,14268.763711110467
95295,14015.456303761272
106589,21015.55039893246
102918,9152.716465507303
93669,28010.748663798095
86144,13794.588897640437
98336,12775.221361691867
96891,17837.27198357594
98576,6858.097408503241
86038,15437.937259591992
87511,15428.265500689053
83642,13073.1240060283
99964,5567.287383708219
82842,17088.308189077685
101714,10723.552784251586
99439,17721.22297032819
108487,19898.203736097283
88965,15034.886612881615
86445,4257.45112608057
85916,7846.312721881426
85616,12041.977182068578
90865,15970.502422008962
88634,14475.062070135391
108094,17318.413108176264
82654,14610.91243339686
81401,15977.332224555405
85163,18393.17966720675
97623,9711.412302527628
79759,23738.878824947577
108230,12880.278282261712
77757,28468.7147316428
83089,11187.990454533345
92851,27357.344324089994
80656,15563.883954467703
86019,11695.448146826657
100887,17678.02255241609
78011,31510.116828314447
96398,22056.91488520499
85254,8977.07389156799
95254,24351.786349780414
102320,9738.29750821733
88408,14721.515348939873
106594,369.2836455603938
83849,7466.124832174672
79313,17001.03432625392
95010,22574.775855184875
105546,19115.586030477367
81884,23500.71515091865
106088,23741.706671872955
100892,7065.755739440843
84487,17993.30433825153
78004,28115.245879903032
97446,24089.25503670912
93170,21160.19750121042
83208,20420.427394830615
88728,11904.325073995418
91300,23149.421160659702
98637,13848.394735769512
107267,14615.179925970906
89956,16764.65118123014
77052,17702.716302271547
94583,17700.684976290453
91424,21482.02076681795
104774,6721.269429594613
93699,28239.060530011862
102986,19747.277732908267
94176,18117.50483397449
95618,22194.726743987318
81622,23281.445870182833
91273,30238.598828604838
102725,6837.806734972581
90479,12719.646844586561
79835,23000.47667016612
78909,29269.695243787297
99437,9823.354943278073
79890,16094.48568163957
77662,10980.259032955797
90320,8421.37034364084
76278,18229.381444180464
80029,16929.231637082044
95797,21806.392658276527
95356,47517.0931090055
101962,6886.354931005189
85810,16113.826101340845
93588,14921.828648160274
85679,6897.04538546587
78286,14175.558337314493
105233,14045.80216699978
98613,4128.1657470371465
101314,14342.159683263602
105749,19645.181652772608
106103,20022.747021939424
96678,8680.431900648362
85003,15205.784407581152
78035,27043.980174698958
82443,12623.83913534314
93373,34176.10166064497
99857,8229.76570937406
82450,7241.0774653673325
96256,15737.40424978767
95924,33208.63986640991
81425,21178.124799689132
87252,21852.321085051593
100379,9584.195552041654
106316,7633.1643064177915
85879,15128.445689882039
108334,11842.362822646552
80243,23969.302213700055
84504,12052.73689430611
106064,8717.723608525002
96443,12654.00538504133
99020,6295.424234551836
85068,9403.354779004516
105374,8867.844016569377
101946,7537.264935449912
92945,23030.60176992585
79338,26205.36855541967
95027,23594.65718616668
81488,42731.94820329872
87754,10551.690518206124
108454,18656.20709164172
91283,22784.44070904855
106232,15414.401782945224
78368,27269.883236735528
101417,16441.38775338377
81479,24046.191174632066
94527,23932.22151174718
76897,23751.586557046852
84107,12298.202601278434
103177,12312.864177448897
88043,11789.149668722339
93710,37772.27090432012
87679,12593.16291229076
84644,7739.128334599653
79097,16592.442551529057
98030,21770.3728022294
95131,23208.13184168077
83593,18489.926088897744
82532,16531.40502407163
101675,11883.549062589917
85118,18615.35953328388
100813,12818.855611995596
88693,17300.119030608636
85819,6295.322536158234
104337,11863.610690430674
102104,8604.879945524299
107526,12390.834459866384
85600,14287.831490149165
81771,19021.186181433688
98339,7857.619410019226
81855,11520.68739359994
85755,11921.48453696648
87321,6935.303683216509
101819,12034.643617261041
101569,15787.8797608601
94538,11386.50837929268
104142,26684.702136036794
93830,25064.741481740977
82076,26917.876338385555
82721,22081.01461348933
88982,10492.436914885777
85055,9302.038360126637
101426,11277.531030958768
101136,13388.961472915682
91939,10857.528088885743
104368,23047.634740631744
81513,11840.685898312275
76394,23179.95891551629
92054,20557.197798056946
94663,28350.879261715272
106117,-4677.833104049536
92528,26780.138669886237
79929,26789.206346473
81579,29963.628099565365
107328,-7156.166051672462
105031,24130.789408100623
100819,6842.30664484408
87353,17140.566120072068
77698,24821.65666445786
77157,13096.33566649619
85947,18666.256285819887
92761,26483.72556199589
101344,8288.871900227288
76877,13433.093029231051
95851,14298.125330920342
84319,15085.490169971232
93218,17132.811466198265
83770,11514.603392701658
99753,7275.629601399203
82062,22686.05826946912
78053,33454.51186108383
83901,11114.838707407294
89826,7238.811749011942
104171,11192.758532973037
83906,16146.39416131062
86819,15740.280863427506
88150,19485.166632892633
85289,7068.632841847473
100567,-6835.944549725642
105930,14211.718704478404
107244,4479.0679732427525
85900,11876.787244435673
83184,10563.01257020688
97034,12442.785290124008
82506,-9531.805530306709
81182,26608.073302533958
78619,2420.418281575163
86046,15929.135370737431
92798,20046.27423652146
86595,15830.949750142969
103854,14976.046266475492
108504,16675.69513333651
77451,20629.697931694496
76665,26331.98047751382
103434,5951.496761824339
82338,21756.37710463133
105189,-6583.062914013306
94512,21536.02090885377
97542,11635.941722389154
83343,8734.286841781075
77274,33123.58831709874
83810,16589.319985774764
90850,15830.072808770503
79688,15076.738992956316
104038,9471.037801814766
100468,3285.4796054498984
81010,18822.137202725033
80372,23860.633423059233
95979,23132.530178124558
89813,2305.47943755503
96873,13102.907683850002
87267,13207.579109714581
83327,16457.295311339516
92095,25929.531242971785
84723,3168.0137307115874
101561,10760.025250753763
77409,7519.530015840213
76480,22845.500607971495
97632,12709.078429229237
91990,26616.83891248351
98020,20630.94606353189
81375,33946.0644136763
81903,16783.82341060888
107050,23880.220644886485
84920,13548.023955297092
108180,21055.074123835126
94696,26550.3164323521
88215,12932.743982419634
93276,22501.383886877156
80359,12932.609827995426
88717,317.26247416255865
99702,7251.298144560278
86283,8571.116468333146
100037,1378.718335668007
93640,27935.768541288766
104313,12532.0991197609
84666,16223.8820411585
93000,24127.769542122835
77512,19086.67496022114
85094,9227.116760493598
77184,23934.051562007906
91257,27259.069658011256
103957,4976.2555477029855
78533,28103.764773273102
89080,12872.193304475499
98463,22834.893224107196
89002,11628.776216620388
87542,7557.9013064744795
88641,15432.614339055033
97972,8900.428989690576
76363,21876.00198916489
93821,27196.972361519332
93549,19572.53361696046
86037,15083.068481596598
79563,27093.657888826314
100014,15640.460963817492
98717,15829.18421093934
87323,12624.869256035385
101054,14872.631049852846
84408,12718.748941080143
82692,14513.703962709442
91513,34361.50025381038
92863,26422.5600924148
90666,19787.593965642944
76919,37003.63186431146
91549,36050.84964734278
90300,15044.7751069018
106228,12945.482585603297
101551,11068.741778929412
105986,12681.22761159662
78520,23793.62756107539
94130,30870.668459872657
88980,12567.775624253849
76245,22589.968987250326
96800,11425.778619997745
79591,38915.2831025163
94738,26526.769357548856
103275,10933.080788869302
82981,11743.55831480409
102017,11057.598977120379
85242,11638.70649783456
106488,13671.03763696495
80606,16916.744748736844
100861,11217.320857775561
93103,32406.65933883143
83680,17953.522796629553
95926,23660.60709156802
84955,10787.3082222115
102279,13846.008068701278
90285,17099.00596728327
86735,16688.428851338595
89918,5577.95350504007
100914,10448.09607550943
90315,8570.353831654702
98805,9748.116758791606
81572,43432.976231263114
85263,1654.457148323534
91962,13206.27417978195
86328,22879.211973046695
79610,27474.083899886682
96570,-7154.919527021117
100929,6899.142676621341
107784,8382.493549562416
94269,15846.639966054287
105574,23184.782848747396
76572,16107.681254885867
96249,19073.101374158436
97897,12583.541097936517
77625,17829.069805811174
102369,13374.95732102947
84079,16772.920024459425
77866,17330.766243878348
83806,13193.792482899797
107540,18149.19046566786
103244,17653.92123293482
98859,21818.90728336946
96719,17019.130599234686
76235,47061.23250121265
76348,5396.5343441557
94323,35341.87136738075
96314,12430.024935900108
77439,17249.73996790682
88588,14406.569067867587
89516,17002.70701994282
92199,16569.805270922956
81669,26376.18750491844
93600,27293.302758432023
105605,10544.505385316177
102501,11945.980729813875
105250,20118.94459356351
103132,15319.32560201787
76914,33830.88803592236
103063,9209.325477361816
85636,21281.764562838813
95703,26041.874894929748
95014,15822.041823783245
91855,28794.94709520769
89326,16245.89322912203
86878,14511.302884126257
94159,26215.183619266965
98939,21266.910527247976
106603,27964.45678472821
97683,14381.477292872405
105057,15445.021499169135
82551,7981.568060983256
95156,18090.151934258953
96663,11629.29242994363
103966,15227.636003473555
103721,6345.971459647313
104581,9883.97478662865
99601,22052.66484937519
76271,12323.89495155429
106578,12801.100187106338
105436,7491.682206666534
96180,17308.86102680476
93214,21461.418540911058
83950,11373.78460457781
87436,8391.185083498636
78008,33041.28219639226
96396,4686.8076062759665
86423,17625.107081342197
97519,22148.722691838404
86137,18955.732537340606
94515,19845.472657088074
86264,12010.494918809822
93856,16380.812128148787
89370,22580.998680650468
95869,27480.31924473645
108411,16626.932865579336
90193,11207.384116240104
84817,3887.111038453484
100719,9435.016177291738
82801,19160.71826474455
83103,19949.75349478327
103950,8142.025020391175
83927,14039.803303221159
96442,18864.00699474703
92599,16033.659911797004
105284,9475.088601034528
89963,14347.61291853334
79117,26616.850468668614
94001,12377.076751511948
90520,5241.977038136156
83344,19127.6633509531
104811,25345.09681502283
81567,-1418.8795323962513
102778,9698.135157396478
90439,19077.745468655958
104220,8629.321684921735
102961,-987.4598622036792
97588,8597.847624516582
78049,6706.072296040244
80076,18180.296842250307
83466,6938.592241158116
81941,22166.981888531634
105786,18214.993959629326
91443,20463.802000652206
99961,14506.986459923499
96323,11742.100610430345
107235,18526.26236062329
108199,1215.4835170800288
93938,26176.832729835412
82727,19136.408596773883
78548,29177.253067161444
90362,19945.26442273974
92257,21914.092960657497
80015,18159.68020149002
93724,27275.406188789828
88826,16259.045941990364
80051,-1883.3828869985045
90219,22102.09326330873
83727,17659.829743000548
90139,17470.66830795014
101189,9111.224793256777
85435,16320.259599884528
91933,27670.401575078653
95135,10028.595967978657
80576,22529.665272474613
97289,14331.100421638595
90225,18849.66620852095
77958,15682.06059642552
96218,28103.945344648524
83747,18443.864676002646
85699,13838.444372781592
92682,39454.38870321623
92129,32311.535086649797
91533,27608.07748470577
86503,10707.439054458118
107555,21847.192242950943
98751,24748.236936185443
88145,16082.38154710723
104214,17067.887360453624
80027,16856.443685422764
94594,20753.72065392036
105978,9590.165628108492
81202,26479.990885467774
88343,17550.033091993042
96928,21676.522175598966
89639,9778.142029763512
83427,5312.711597295871
77241,15870.593633349614
76837,23222.764581100986
105316,23808.49630910169
80915,8661.830009829468
78226,20823.725289193775
98367,17225.943903720086
99268,12347.13190692279
102336,14790.981442954095
99355,11293.307482256609
92728,25042.54291304508
105261,19308.98477888526
86321,11016.90167390131
83913,20423.400049706812
76582,11424.333398223498
80624,14994.18149717207
105804,17232.912247035412
101229,8697.741223573612
104782,13173.105693562255
91859,33763.63908591347
81892,24980.403414006203
104257,17260.20026077258
89995,20648.896564507806
94721,28211.845112073897
100123,14054.799908812482
83121,6750.64978716004
89621,9915.756244931312
86608,12005.282900399383
106922,8104.8207097423565
96146,20489.81940906991
108383,21011.23074153257
81554,44050.229873795935
101538,10655.192765099546
105248,12467.407184917123
81033,23672.13616471449
107312,15618.55555130697
85588,15814.272616065537
108227,10472.559428844694
84017,15486.317435742545
101028,13310.585921488397
93019,26197.3085560637
84359,6073.443334205605
90602,6715.244045965506
102834,7039.5971717120065
85284,11056.316383680081
78749,54788.24950423468
96892,24664.639689312324
89640,11902.245810095214
102773,15877.623676660092
105779,16602.00158961574
108453,18955.072604999426
83162,12620.544915483362
89704,12289.805482695076
96488,8230.808317186531
81546,-9361.705078213341
82108,21809.44732206987
96784,12074.801702178187
86526,8650.092961050048
81220,26491.95749833165
97126,10136.886994904591
79954,24168.233354925047
100182,16218.018091049225
87058,18920.878169393774
95026,22878.1742932784
96334,14710.001057162717
92636,23563.47973543674
89131,11791.845468383293
78145,13870.726705501953
106255,12957.007763067835
84691,8919.144058303336
83425,11494.514049950989
91526,25497.667224365767
81170,10639.291567906963
93766,25462.986407930046
89183,14840.20929811641
87644,18758.006795577487
105559,41287.86602412109
91968,15898.900102191734
107198,11613.13009186801
97030,11404.438794889775
96512,19608.466337339767
106506,10504.63287416298
97240,11742.985996487647
98164,3824.7799246647883
79782,5964.480039601551
102498,10166.98176066091
86052,10518.123376266882
101070,12931.565141386498
88461,3397.5997905623626
94238,23683.96754608435
97040,6349.693411596763
102861,14941.679469118695
81516,39909.36400720714
98512,9159.358019460622
91654,28403.223335477454
87837,3742.513609459562
97950,17773.809723873615
91492,26320.78933217413
86374,14155.95685416938
103671,4577.648650590767
99254,23239.796449904614
96920,18080.86654066036
100733,9116.312630709548
101602,5509.320029257611
101809,10422.81750931313
93626,34155.5738824211
94707,25918.604260375603
84718,5846.216320784679
77357,18888.654862701605
101735,8988.98812450884
85009,9162.903748851295
98213,21580.118190581405
89068,4983.741717491495
76270,19137.59374087467
84608,16252.935667958081
106582,11358.16014320402
102112,12062.248303010121
79840,14846.057892578156
102362,10371.349362077926
102074,15057.340030856718
78050,23074.85033254271
91002,30562.66006467237
91648,22964.06792035845
90182,16094.106344623138
101732,11603.75323095834
108023,22231.77189078892
94586,26982.77801987723
91189,22746.115271804803
95199,21962.603436284087
78510,16122.409797403943
92551,16905.941742414216
92368,23257.47341245214
83335,9207.68679872941
82609,4500.082378621044
83471,15646.481414043741
89455,11879.084996433343
84982,9485.1892313975
106978,25173.29226043177
96399,18777.060338419025
82526,14441.649605236562
86743,12492.488985263219
92104,23645.690472165534
97862,11126.95157183642
99211,7701.682763647323
99118,21684.450557786047
97657,28275.69532177747
80627,12225.251290461467
76293,19912.67528914026
83108,9072.841840429865
93728,25418.505559082638
108295,14533.104673083053
87957,13314.726428265625
78627,25016.266943080765
103227,-2032.6222062059715
88115,12592.502563523112
89694,16534.95373038117
95755,34321.65888207762
100889,9844.265599994527
76859,15026.868980241668
80975,20517.89153328896
104878,12049.12926626324
105859,6655.697326031088
93283,24791.618461449343
76217,14031.958657334813
90731,18951.87632549904
99826,12654.146457480489
84180,13913.188801026248
92500,29638.86821574946
81956,11576.668047702846
100508,11471.929958602808
78336,12413.855988027854
98694,15665.507899876935
92486,23380.257252929227
77134,20421.100053355287
94264,20050.687655734237
108210,6233.690822234712
98310,17532.613057963732
76260,33908.753321067445
89623,6428.610396748931
101737,13611.124181463998
97665,11175.347646654223
86041,16222.564086407023
86653,12558.321570485356
88423,15913.693365146588
103407,15945.490646580296
84654,18782.122547565603
77143,27179.934062164983
106392,22016.70306084914
86347,16485.9434492411
107230,10629.19350972107
103693,8652.026292384196
82765,16323.237908801097
103894,12029.799707782264
105668,13225.868321080927
94216,12833.190994093555
76250,28522.557606506776
102466,4631.6353862702
91919,19532.9499533449
99138,20628.2504324149
102850,15651.744282409196
79094,24974.75427430724
84552,11514.19637935373
93668,28164.7939689833
93389,16357.660000674206
84312,12943.602076923384
79379,27751.343946714995
98739,7463.304699929693
91448,28677.988221915068
89834,9879.98586777888
105359,8134.321177684722
100267,11750.714192463654
89101,18397.580962825563
76904,23655.747536947543
76664,27765.038741832752
102621,-6259.046425278615
82337,21961.297367379037
94266,26498.18468266033
84994,15935.109836041818
86246,12676.653764310176
96923,10092.034470644952
107661,21868.47136851323
92401,21715.49053911867
96296,13740.536055638266
85114,12592.089610798193
83081,10304.408520106212
84948,9647.655661360937
80292,16129.446596911584
78938,13841.453682512143
79942,21008.532504618845
80899,25825.33942060492
102476,11718.354310525012
90589,13377.86567056374
89944,11877.613337731484
106241,19936.94880689519
99835,19231.65816010732
98665,10707.099659335041
96516,6290.434457482374
79065,20901.77596603745
97070,14276.497297407243
88721,17209.36804790013
100311,12161.420615339883
97912,530.3239210089996
101514,8206.084386456474
91763,21926.687842727206
88488,16137.260322250659
79955,7609.868110722073
105677,8582.493793030642
99297,3677.9675911482045
77377,11100.774967702931
95552,16446.962534697675
99704,16460.405032554372
82097,43949.050404004476
77067,8671.34443486038
93326,21574.25478431183
98258,3424.5244840252653
98900,22985.14175830346
101474,10030.127301179413
91945,20618.59344850815
78816,28240.22204527798
95208,11763.14571840969
80788,20350.522789612434
92446,14996.284172915812
81929,22941.214237493223
101068,14650.50289691542
105116,9119.911481010746
96828,12413.452068475595
102272,8334.188381461012
89347,22731.749015434892
105201,15152.06987050659
94146,19287.34206119891
105641,10078.45935456356
94416,29105.28717136737
89152,15532.447514540538
99500,6606.667908427393
101711,6220.711772849834
88178,15619.281874631663
94259,24979.540392977666
90380,13477.375416189207
80659,35828.19324853869
94687,18749.73934029224
100447,11135.859352343221
80895,13000.13981058749
91806,20476.818839976346
82758,10425.66307537465
81850,10956.963362667393
85521,11041.949681570299
92432,21751.547641804464
78318,57850.77612734815
98804,13774.131730955121
84403,19493.652696491456
100979,13778.940465467851
80559,18423.384478918448
104553,20451.1470823976
90570,12305.854623419986
108278,23656.936159474364
107134,12857.480980442342
84351,16243.317492201208
105418,10885.03336900414
93910,28517.528542908167
98231,24491.099093940054
100789,16343.359355560473
101332,14407.218852154874
105715,10496.159383181996
82170,12277.210676874547
101526,12479.700021760906
89070,3303.650261053812
90429,17087.062483365888
91152,21613.008649739797
82374,33307.77058327134
81668,25440.12372512866
78914,21136.64370647738
105239,12969.864922228411
107483,19460.993019466994
83354,16258.408505811898
105252,15255.409351113974
93977,21379.83376326998
89807,5974.804728313502
81551,31978.00512541699
86311,13272.972091569107
85966,13613.562690369032
83878,18688.79536725837
103342,11482.09737926834
102398,13955.402932510337
77021,46575.90361323721
82755,6650.656104697144
88635,6117.042019352695
105457,13320.738936095499
106552,18464.93494734927
102641,14741.994321221491
77582,23819.326058375285
95453,38952.782263777226
78388,9699.337781935163
99772,17721.038410128356
77990,12043.966317413866
78944,27426.014218267686
88290,13218.162017672523
90011,3052.4629334189194
89540,12852.677214220872
78904,24249.95488203537
91379,19719.15440221203
105750,10146.719848118884
95603,16960.159239456694
92481,13803.018079165358
93463,24190.110223634732
88974,13518.896395975771
77787,20243.754114902782
101389,12222.773950691117
90559,29069.269785435095
90421,12686.714368508881
107190,25518.731147225342
87506,12815.343315318758
101147,13865.872677572992
78096,27221.764483709943
99840,4563.515600401548
89677,12559.034643473324
97991,9417.436223042374
103556,11356.771307627478
101327,10206.136456833916
108008,22131.948095711134
107752,17567.72914960162
94554,21440.377235020198
96408,24374.39435003002
93573,27300.70402741686
83674,9828.47528073602
104503,28087.41657497206
93082,23970.741880694917
101841,2674.646034865342
85143,15193.548272277403
76781,16297.337108492398
102153,11015.804047048572
97411,6505.808455634284
101676,7591.405755856858
103176,13062.381455776953
80879,24165.268943562805
79695,19626.000404369537
106987,27190.76461639295
89095,19941.40793497963
88707,8766.912759759709
79935,4910.362979783031
104678,12001.915068843673
78644,10500.748110106357
101947,12611.669436347214
85390,15233.328445357543
94121,14509.056558556147
80525,25969.997097301744
92964,27906.463296656475
81982,29356.1699250898
93804,23714.78320923329
95574,27295.815229586602
81710,19733.48565820761
84452,18173.690635407936
94410,23551.09352992464
79137,26148.725419512557
103270,12847.317852179727
82736,1378.9214605416928
106741,18259.606973924543
77630,18361.573580065342
100426,16091.91061755342
107231,14731.283165571818
101001,14948.410688887701
95067,20930.987194819892
107197,25290.28707006399
83522,15009.748018874476
80239,9657.434982025405
106389,21095.586682286208
99072,16886.321519648693
92779,24437.26463899592
107906,23808.319258644402
81289,3058.8733191528863
101206,6663.858799568316
85646,8819.015151610012
95202,24662.272927382066
96423,5814.546697152051
106597,6100.503720271097
97601,10838.136089238844
76974,47953.26733189867
80171,25748.0966295462
78391,23912.631337982115
101424,12254.632760201002
79548,28875.893638083533
99083,15412.439325499508
96204,25340.181511079056
93318,11903.095332395304
85745,19074.46676735733
79531,42226.764725942674
106411,16493.5315836523
88431,12466.9700368197
79827,15821.175096339772
80860,21869.028940745862
93114,27482.770038284707
89031,7863.906712560951
105755,18782.600209063126
81286,11478.45540339486
94641,22373.872553935555
92196,8729.36065835467
103591,5411.88781374642
80497,10388.094627261711
89672,6535.579294180456
80800,24138.619831340096
102146,8407.57151588253
106675,24229.49031942191
76780,23271.01334901788
79880,31051.464677918764
90306,16679.441457084635
102271,11118.823556650284
82996,9817.615582684044
77929,26926.136997411915
86610,12766.864080174073
85316,15901.18332703158
91134,18343.66753364539
87377,10413.904140687322
102946,14397.945851573633
105420,14490.658559503245
78375,24380.746389152566
81157,14415.705758665597
93430,23215.416974410462
90671,12675.851162451203
98881,10599.754437516945
107152,14088.801474975036
106056,3416.0716532038787
86256,14331.864236617432
88692,9582.891054741845
98622,9863.264241168928
84068,4488.202306906627
85863,6281.274300577119
104131,6462.450603031113
94296,17460.99877886846
104177,8336.672707606635
105126,7110.800937380549
93360,17154.218904304813
91059,30189.0038413832
100015,9950.305963022663
97027,8622.582108785591
106300,27341.300885704135
83539,15039.673034597414
87099,14805.449225753428
90692,5969.43820524858
107313,15989.823504024924
81341,47220.89325140986
82901,12294.073848049105
85576,15278.205902091966
98646,13468.092949355385
102552,11635.605236745698
84874,15335.004945206261
104768,11630.976806811075
87768,5261.689202822923
93342,21656.507089587867
87241,14660.254191485637
103615,9809.996578768692
98526,18156.40675034121
107464,13201.255996714739
83357,22020.942507129355
103171,8811.267765431445
100341,11430.75704900983
104547,9610.007013745138
102882,15242.049117550338
107531,19227.190317670596
85433,13082.227908041445
78435,17123.203703350347
106094,21898.157091388413
92625,49116.554451270495
100319,12654.044466344876
95937,24979.70570237041
88915,11944.885718478952
87681,6223.900171056892
92428,10630.667777832601
85427,13431.663038250708
105372,10553.743791804653
82482,22740.46148283324
95178,26215.205160705435
106881,9073.265269027366
76562,26961.715472328502
103710,10575.618875321277
89109,7416.101641800891
92522,28008.876403180715
84821,17937.72485350783
80597,24635.296730197362
104040,11509.679438854904
96115,11672.714709165326
82818,9023.976232175952
90316,16468.358321325042
94385,22353.203888833777
86823,10125.25544813024
84842,12998.461133109648
102995,1804.2174585017274
85397,21160.623531961897
81427,13489.481360326872
102461,13796.20170882092
77422,30037.86559299398
102354,15550.81585163885
91822,22239.234711599296
87427,10036.978497714837
105450,19919.218786036352
94789,20936.382650312502
106631,25029.015807954067
97004,13499.502124121474
100826,15502.12677348653
97915,18996.96627891847
93253,28132.164853999293
85776,9480.855733683406
105562,17252.96191803943
77560,21201.784360626625
82659,11372.296503521284
89531,19041.571916450426
94076,21420.383397636193
98457,8393.917241828023
96163,22951.46351964932
84779,10684.118297210998
104551,17809.048755034393
79934,20224.83522615572
84896,14039.894066909666
99393,14813.308229118888
82051,17820.497621865074
93247,20296.133196449275
86929,8312.749029200764
106943,10402.448356177552
79979,22393.927043621872
80912,22390.842768716688
105006,8112.937301927388
94368,29585.26220133585
81871,22060.606205357566
90338,12657.109259819408
104271,11647.118291164748
89984,6153.292126085278
105122,10320.267976620062
104308,24115.996462188035
92941,27046.12184856279
87433,22030.031452504823
96289,21958.463846624916
89130,11716.648757877847
77233,46964.87274910703
96895,13010.901987348168
90364,10478.813794647242
76283,19229.11337864756
77689,24145.10341220818
98366,8833.561300670739
78025,20490.32552428163
96644,11405.96876544954
80641,27378.185160510642
80271,23025.521386228866
99003,7300.038552336317
79756,9942.547301692117
76981,12461.16619358306
83320,14311.260569945764
96797,827.696067526238
86350,12466.154171092567
107535,19165.12269165383
104370,8404.224368874397
100740,11337.300533542424
85851,12588.65998006006
89132,-1380.3660230232308
78746,27158.85693531611
88999,15311.37990680843
96416,17581.761962790162
88921,6550.351806106904
101078,12505.78546819393
92447,22864.88944992093
77960,21661.157065030784
106799,15153.477080856575
99888,21021.937572862684
83252,18031.258522548753
78645,15056.069994755775
92233,26476.330717467965
104026,8414.552887328911
85148,17289.39486558976
107726,18699.480026265097
93331,29763.363775365968
106236,21288.404934943435
95282,18291.660498206664
76222,25145.905716575362
84158,3499.959708295137
81857,47181.41054607268
94698,19235.28839492497
104680,5307.3653802190875
104366,17294.394022980236
82562,18451.42976195063
89753,9496.407309003524
101937,14663.237941380034
76600,20761.086429114624
102683,3087.08392995551
89245,19807.179975889536
99902,13114.356898619531
106525,9466.784163334161
80738,38477.27000195797
107909,16606.707610623074
105939,17835.00722710107
92485,28707.914019778153
105128,20593.231675240488
103147,5679.701665093395
96539,10808.31108736235
99656,8452.235930576888
89755,19676.89381902178
88400,14080.70160771926
82968,21489.856993897363
103521,15789.05398926806
94755,25654.532549816813
82278,26863.472424994874
106205,7099.952566169952
102677,5966.418586666732
103577,14548.18504155168
88365,14285.304074307776
93543,21815.949279336557
103285,10385.905645490428
91445,37537.67704289558
86676,13793.119212861671
108086,10838.288638447328
97671,12986.956995036428
85193,13866.558592234967
80220,32318.706800431984
107824,12118.928216802973
87246,9416.629611742126
85080,10249.72983450781
85470,12521.837856357402
93453,26308.803880445997
87214,10218.171830120522
99010,10484.201839674883
77246,32332.888287301474
81671,16608.324618290124
83651,12631.173126573407
101085,5889.019787843561
86961,12832.346809156537
99154,6607.994259233046
85563,12734.374201809049
98972,21518.388349731315
79331,18802.703226303664
100112,10618.335642309159
92540,20685.77383994851
102135,3265.9722712928815
104980,22614.11652123226
103442,4669.010219977263
104320,10305.070304185236
91208,44216.00007806383
82486,23314.731050926115
92052,11907.62906733148
80540,19078.24826714474
89228,14152.529444056334
98960,15005.931130060475
86821,23103.829956737773
95220,16368.586983270388
104196,14324.38243315768
77934,54857.14263894755
80965,15367.766808218345
80864,18170.45171455018
90303,17903.84373919478
100396,9271.701230280054
98226,11767.02117670239
107713,8943.634498403713
82199,23202.108170186304
104715,26221.999983366673
103412,12376.486113491646
77224,12515.867717526004
79149,22363.127226326284
79332,27599.764312530817
100094,15877.623676660092
76280,27612.716259029774
104668,24574.53667429973
106239,13604.380752593479
106918,19339.801973493082
103738,15193.393125758785
99768,16031.416795790808
99895,7244.59930244186
88553,14944.512961757518
106781,11993.896799937927
104339,25355.884174841915
88198,11622.95897408717
77024,14653.718207004502
90492,17140.890290462936
87383,11547.429483520784
85194,3672.521174883106
100821,9754.33417488639
86207,11389.229138539169
80736,7171.844201489845
85035,6297.252403137798
77847,10335.671550161846
102444,6575.628573074455
101635,20751.483207723548
99639,9954.948642688363
101365,5997.077027044506
106612,22243.812841906103
89655,13692.473901372226
96679,14759.069766357683
107353,32904.76143963759
101805,11085.368729849182
81804,19512.345168152886
106783,13247.558102823737
101047,13806.389789416999
76164,28612.607882371172
106524,6330.978004395074
104745,9908.444125893637
88874,13322.592443880378
89206,442.2532388320651
88602,19847.957303534768
80458,24004.58471479449
85756,13055.230244452716
100972,5610.859289670127
79897,30241.093461532444
85913,13674.01624054078
107705,24936.888526466173
102659,7525.125140027034
101994,12690.122123114928
104004,10876.857784903399
91171,37173.55979981493
100207,14062.98698140744
101431,9538.790934737723
92034,21141.998928398494
95470,27307.268871472963
79276,24305.330770542678
101893,15071.980692902667
91522,25126.001490942304
94047,22432.06278639657
100620,15576.342289147024
97405,12532.707119285054
89277,12458.164466348706
102728,12649.582067010593
95665,42451.308738798354
93861,15100.642864358855
77779,12034.762275376197
79844,21230.347849256403
102549,10260.658570656386
79764,20442.25335245168
106543,17092.06746295277
90127,14625.238308167678
78759,17674.212103257218
85232,15656.432474146404
103173,13749.287743010274
77690,12486.08056243496
78669,34502.00305874647
77821,12897.138798868327
96869,10277.627910036954
99426,7494.078390074681
86596,12559.605739618626
102352,6947.267983936614
88825,8094.565529762411
82595,19560.559208943327
79408,21980.01058329962
105771,19378.390536496434
92499,22995.07752994945
82744,11291.757483504272
104310,4155.067553640276
82965,13084.153128656984
108492,23497.854865405727
102748,8706.610529378022
105549,19928.114950834195
103794,15420.356442065748
87574,13017.629737299367
77090,20117.662640397233
77729,26555.83039075267
92854,23158.402294953044
82724,13346.715156507671
76843,6708.139508530658
95714,13463.92102626877
85077,16183.152419690341
100035,-732.094707814962
76694,12135.078816398505
86970,13622.305495937144
93243,23577.307978499113
95700,26641.156544221998
103907,9942.094597792237
105698,13289.079889569728
84320,12425.512084745616
91561,30579.45905235915
100459,6690.979727594808
106398,24796.39926477699
86911,-6952.574226416458
102905,14163.37208298283
103009,2451.1356561704015
76287,17368.864244570534
106832,10615.23465819388
107240,23287.28868974676
104164,10188.785404800414
96561,13141.017876023656
81823,7079.174007579557
82102,20329.093347842834
81420,25926.923776746393
79102,23871.308512169297
92252,19807.94505706255
91605,25535.436558657282
94353,27519.85767850111
76883,17756.056274298426
79941,25144.209309633014
102977,7571.3698983066715
104975,26497.09890541779
86138,20474.21519448624
76309,20680.092793994598
104976,18625.0409826143
105819,16688.146717832286
103115,3030.7344212677817
78958,24012.063402498316
86851,5136.265174457887
91889,17980.374600974188
96977,22967.0469294684
98888,13503.76242136909
87642,12723.32686882625
96835,22465.16787477482
95915,29227.042908787385
89880,13483.313917228863
86974,11907.885380902291
80793,15957.617698338068
95773,26109.637909303186
92664,13111.373527170319
108423,14378.304273064537
88073,17437.577327415667
97731,18803.885763244503
92705,27015.96179009154
98275,10324.69679000225
106563,7597.33590889148
83216,12198.595870052799
108252,22158.00035582729
90052,20156.715873286215
96839,15829.606268562951
87847,7884.00708991703
101778,18225.86529855125
90493,8532.840073300638
84236,7100.863509936931
94651,26496.563149147823
82828,3222.889328037898
84570,13502.184953787651
103560,6369.046817411372
105414,10996.223640319537
82874,9703.786296358358
94023,17796.46655157432
99936,7359.675631199352
97927,3956.0946733445307
85922,19445.598392350843
92409,20213.754301211622
102547,7365.423142206462
98620,9301.181481847263
77418,28222.734976137544
106846,6901.777676502148
90794,16399.354354845957
102848,8351.31254837924
77668,20820.947390389512
87057,8136.411292235462
92125,34428.45115994258
89356,13058.534198417297
93931,21278.611452169083
98496,8496.032172611867
96762,12215.28383778947
77603,17030.37812827735
76242,13016.381639041254
77854,20861.870309174174
90496,8310.25252208846
89873,8859.698281534978
81047,31937.68829073333
81482,13948.173103814821
106630,22035.51712043946
102807,10571.364476679022
101397,8964.802559681255
103459,10087.432787023685
78508,32294.761765293213
87042,17968.57085007192
106348,24360.59665071865
90653,4110.011040910689
76159,22216.26430665618
87944,11261.431158678974
81531,23315.463523888437
107875,3715.116090925634
99542,12134.446587384415
107359,19847.53171463203
104564,14749.058502495369
82560,14160.908944567824
93591,25861.87897274794
103234,7182.458110266212
108458,10144.289213211163
79888,15280.1447144289
76419,26073.928549294636
106649,13298.27982697748
90004,6243.609426697156
93201,29177.906687999126
97558,17893.787104718405
83097,15234.787741428892
96492,2985.835634313182
78413,11444.191929533412
79076,18195.863703568524
87061,10000.79805972271
83665,14037.285152790137
97131,14014.204846064304
102075,4748.014662489222
99331,7668.940586533854
82067,44403.168847778135
85459,21177.612351479736
94510,41514.78326614652
97875,22060.116753665585
105176,14912.33261368526
89196,4516.318418808805
97424,20779.738199103842
92886,29310.01191470282
76660,11256.92268186764
81181,4079.409020760877
93133,17986.036946987828
84390,1827.9642421292228
107413,22875.340766798676
98681,13713.81204364964
86318,-5392.596297045355
80893,27513.782649606623
106409,22820.103937363816
101539,16107.88426250018
107735,16399.386401211148
103362,4817.539479411083
95493,27417.813261013387
95573,24145.11020325136
81435,25333.91974320462
89730,14394.389497550934
104812,10983.53343514094
95540,15419.433113728715
105693,8773.663141153858
99879,13345.54942344432
105045,10343.536946752936
95556,31506.98351224631
105209,12029.853725302662
77262,33022.809447762564
88746,15675.34785893509
106257,25275.303125326827
86665,17100.890278203904
99714,17883.972708464244
86308,-2205.0346923281068
107814,16558.8290862603
104110,17012.768841544283
107020,10938.112592935455
99899,8206.575350626768
87878,11765.490891382036
107898,10782.917337014176
91803,23091.211629017376
91708,25075.284456291884
88131,13179.92818326227
94236,26283.162618162743
94787,18803.481478959944
88426,3669.5377716459006
82052,23759.734545854277
81430,23445.794138112877
103458,10845.712463793494
87322,13407.440842518574
88030,12132.898808298178
94505,31571.125116073596
80104,7654.600463253255
92324,27922.476601739054
93393,20678.910257670206
101185,1775.6250309779352
99944,9504.187167700406
91381,21756.899076424055
102720,9117.890513810295
80107,25237.677723893637
93006,27234.512478561974
85248,13217.671085288835
99068,11491.35252094854
76834,48214.4984814391
89377,13526.84289239177
101452,14887.04455613779
92548,31185.285716290262
100658,14732.809017621908
98383,43693.83369736569
77915,27709.662885595746
86268,-1731.367685208701
80304,3353.8083889480695
106680,15665.484642252408
101132,7120.5192981980235
90092,25577.64138625468
100329,14896.399311022291
79943,6695.104506266014
104189,13111.92419246371
107250,22406.535156550894
105088,8029.812129961534
88824,18969.73778761134
89166,14288.762975273472
78748,18190.44612394155
80118,20490.555124132865
106238,24941.465241330432
105638,10003.318385362356
94974,18526.66010032457
78384,15949.383765725332
93451,21407.636872801406
98422,6938.888146698577
91430,17676.92649338213
77519,23211.91620989039
96946,15085.266575756053
98391,3513.3079426971963
102809,-126.95146380654478
82926,10301.784923434469
79108,22575.770724977123
96213,21103.803405290528
89205,2530.445489887199
91600,34410.91386938449
107292,23127.208350086796
90688,14804.786132062829
98776,6901.5362404624775
79778,16674.749122915247
106834,7457.39387673431
107835,17669.440595874203
99788,12719.954421624065
91133,26590.659419717944
82747,13067.758708292713
95651,25532.29210323392
90035,13266.69827280258
92821,18164.06948783326
93614,24572.525438638117
85993,13173.568554732316
94616,18849.58512116646
97987,16351.946901419995
79300,28363.655249078332
98588,10174.781287049638
83355,8422.499322724125
105664,22231.400498846313
106502,22110.376038373477
77235,23723.557738816977
101503,9228.841447921315
99569,14189.211045992728
93332,30951.587901564744
103565,-6430.822495117725
98223,-3034.1277115728917
89090,11916.61063106027
101490,1975.8073050750245
89428,11427.65401163014
82555,10233.997534573758
94744,24117.043776672
97092,3855.536943415107
80994,23949.24229934333
99486,11474.899782955736
88556,12827.95303777787
105789,25191.03387364277
90968,15042.722303447626
87386,13861.290326849483
96239,9760.396416399904
98412,10924.934529409806
107073,11359.110266289932
85775,13371.807187954746
103494,14727.638349303394
96232,7230.171614354755
95146,26245.578509634408
101493,17949.405132471824
108369,22514.227036056327
94214,25148.7362477581
95377,20393.0249764402
80081,15897.676885082778
81186,16150.577859491916
100638,14413.380019724267
79228,30764.772557872486
83296,17924.871914044015
78663,17518.77858548399
90474,11698.222709281505
99746,14120.870721939415
80600,66388.1794571364
104132,17811.872896608736
77292,9449.727430666628
104314,13406.925197322944
92563,38669.9492618002
81135,25082.310551001392
83199,13682.762600689497
103083,6370.810693448868
88165,7293.216095230066
93492,9367.558569801404
80502,20625.493037813423
87640,11583.07482662044
95862,23488.041422639366
97106,15553.575249457659
88353,5065.018934108004
99443,18331.21419004821
85914,7530.255854788858
102522,8832.139235095598
94035,22590.577430397727
82309,-15036.803209955666
103845,14477.597016536129
82955,9550.755659317398
86039,20145.564151864528
76890,11264.058220807467
94862,21154.84351484569
89261,11623.808711503098
95261,30279.773235620778
76543,28503.97903912988
93805,24708.783761668776
79387,25890.26989067492
105256,17369.71045756257
103632,14947.418100266332
101647,8388.299352088117
90779,9741.079549451884
83004,9834.35844861286
82810,3891.172526218801
89851,5862.369498083121
95583,22163.68076192629
95318,12410.63469297452
96740,16068.393431477329
89999,6640.347455145846
101586,5406.146370071559
90205,21914.418319794557
100202,14045.10238696301
95896,23041.853686790215
78190,26630.48769224429
106867,12029.146222832405
103122,5641.360507276735
78800,18373.905527130668
98137,13636.851497162867
104071,8697.875922628795
80969,17663.39769118693
93695,11727.27825795232
79235,16314.457578686732
100233,9384.432760322963
103673,7085.505754041527
82811,12196.04545022581
106273,22051.842290123466
81714,11268.22069265647
76623,17295.3585543679
98396,7577.448431797715
87067,16689.545361639746
94615,27458.55862932493
91380,27502.487655471148
81368,15275.531596846675
100189,18148.77424951023
83055,12459.262077432366
104726,11191.243215384635
79494,22109.36234602639
86895,6412.676882985328
104253,43034.7820553388
80451,30131.940187468674
81633,28221.853766791894
85761,9273.528814123558
76040,14771.53457290944
86749,2693.494978819497
97161,22304.746005922883
89492,7806.612769711577
101063,13370.101985062338
102557,7487.582539760799
99966,3987.5949075434273
93615,18908.825468888233
79812,14141.167759166348
106083,31283.63049674799
91688,25879.981738879083
93348,17710.5981979663
95861,31741.291041071694
84278,11871.756115758293
76892,19168.147661221934
86674,8958.58581387437
76138,13885.2110243055
104974,18921.950247467925
102421,12164.25846223973
82617,15789.9146068681
90307,9579.297317919934
92258,23583.982132952497
90255,21600.601668543077
101498,12477.617434915015
80567,13114.73681814197
95321,30555.168134213684
86671,-4072.202064364632
89272,12851.99874733602
78823,7563.024814368953
95185,21583.932368059483
98753,8726.916540508595
88611,-5051.021359155136
108390,13474.440232596999
105366,21127.3457421439
80433,20789.561486082923
104145,11534.556947703632
90881,14716.902494414131
82596,9066.926705290545
85279,11809.93498082273
105968,14315.936068838178
84463,15750.562888557008
85840,6399.414116370561
78708,16440.030781323494
81642,22267.432789716036
88004,11206.010410459945
97345,24522.991127001747
106927,6205.711736326006
78351,14530.384137779001
91596,26943.681280963036
98390,14176.713364861787
80145,15747.799866182493
88364,11104.253570335419
88715,14982.49044754939
100449,14060.538539960116
92076,22260.59020957494
102573,14249.725743101926
89983,16794.454985436918
76338,25286.9612974703
78076,19160.110722453453
96116,14059.950267234848
76662,20392.743697237533
94194,32872.588490807044
105200,613.0016571743254
95232,17753.93544497936
85705,4849.282013126634
81683,3294.501924451488
92007,31889.447789100046
101156,10105.177583847297
96857,10186.680788865742
91201,22598.64570241578
77066,10316.432959042108
94938,26200.696950794634
82691,14314.406353355876
108279,22875.340766798676
101317,9205.09165959353
91872,19882.460455306755
92517,22276.47198118905
76176,18583.30205762003
98840,22256.863705907766
96297,13757.847052701198
105077,15175.714234743318
108306,18128.747940035675
106837,11951.194661655756
80906,10483.355001225258
85979,18753.083414284105
100004,11110.349463361308
108473,21034.02354230262
77203,20005.96247056203
101523,12946.52232938819
91769,24521.012656047555
95403,25544.172288429087
83930,11527.532924667801
95272,27425.343355329653
107063,13139.05359404523
105033,8289.587770344519
105705,13211.003808527159
80224,17527.727412421205
98468,10721.134007502553
90993,23669.45036333276
89413,8295.002991562198
98561,20319.346198818697
88199,14926.911857128916
95082,20106.797791737932
96647,10047.117040752113
80307,22901.42750182755
86717,7343.819598011152
107754,26382.612384824035
92740,23296.97473140094
89653,12480.878435235256
83458,16476.853479967933
88918,2503.23590735202
80859,24945.596470308912
76830,30776.549347826407
92727,17647.4698945319
82512,11682.074736046365
94918,27367.01352451683
96158,10899.204172985523
97812,28080.804216411234
102820,11121.414967363035
88655,6120.5785882985765
86512,19984.308102546
84814,17146.906928711356
82832,20198.10260802631
86946,11318.639530667584
102885,8929.1456849063
86598,19519.243818120976
76927,46764.919475353396
83377,15917.654649693231
81917,25118.835362924776
92972,23032.183212326447
94932,24121.456821666114
76026,32007.72449599968
82383,30200.674874052744
95697,32495.23528979998
79489,23611.87105218175
102254,10954.63627679777
95248,27901.519048695725
99438,9513.407502373917
96002,24296.490466916235
107266,15184.849437499326
98233,11620.762704126282
87721,13730.642378999422
76462,60386.64977182944
101352,9339.761394455516
89118,13005.62646014919
91908,27133.550038405527
94169,20151.164456591137
105347,17414.08641189801
93347,22692.109249908568
107981,19004.79890931065
104698,13408.385002895324
87678,20169.18540650403
78945,12652.625625579873
106051,12606.44895186131
100768,17952.159379015837
78915,26837.74786513192
101837,-1539.5591434260386
79136,12344.564480376373
97035,10452.508441864084
78591,46127.44480556848
95969,27444.209905160358
84208,13223.468598371524
100228,8580.582801226676
97687,12035.582784234957
87591,14507.387722735877
96149,22179.49135509449
87736,18071.429856944826
87550,-1285.572695013143
102052,10556.34395345865
78827,32974.61974141699
102402,14790.717986074278
79412,25908.32800221735
77865,45392.53421296909
107971,9104.749866181191
107469,19565.190453277402
97612,10164.168119238348
108451,17115.32062556548
91741,23734.841515992972
97524,6261.664000940469
88979,12880.400798683866
87740,17012.678037081794
98817,18222.526019740526
93862,21858.060554026168
99648,21051.790806450976
76643,16357.766101337942
107633,19436.172010930895
91213,25069.27078414365
90869,22073.606375602234
85444,15764.051461010951
104383,18928.749752170832
76870,19063.435264655414
79279,31366.567467720575
83999,2202.221660074094
98596,6945.174810567005
86831,12832.10149782764
78863,26890.37404351846
98360,8718.091113829065
100096,11663.327657759215
104448,10957.687348966312
90367,10951.685037618008
103277,15518.91313354094
103728,8745.248481033255
84370,11914.013507021478
89978,6290.701565419644
92359,18854.402299094705
90135,7013.164659951835
87969,15223.327259860529
102318,13673.82354017932
76607,30246.521842535316
88481,14726.880293515324
98436,20444.44834239075
92888,38491.24512162706
106269,10920.24728829694
100538,9691.92433355454
106326,11910.569136161956
82449,4847.615793059256
91142,21060.194298221177
80150,22496.261964771635
106004,18834.537072602594
108069,19116.71760971134
87037,18464.61808179683
101280,8511.404781912723
95763,17497.50413612066
86504,14769.173218959535
81964,23079.2568299088
98685,14904.764977898712
103215,13043.421015355925
94922,32448.74405622399
78554,22522.743038235814
105764,15481.72112941718
87972,10894.395555675324
84358,12824.391863295703
94964,24335.059276386513
103241,10953.370177726638
86647,13463.81509495458
99158,21601.107430532342
85420,10267.478407088616
78077,24209.609402736114
107422,14629.87447816841
104022,22832.01462654572
79737,26480.319887437625
80207,14895.338668544753
80967,16128.191798019492
104178,12463.717753974564
81030,21990.01256942158
93015,26127.930571804176
80407,21827.55046722918
87649,15515.21519700177
76690,16207.290455433777
79789,23728.579866552984
82746,8908.413253810977
87159,16225.240205843507
105962,13305.887750927093
86711,12423.096396059318
90644,5026.1298946574225
85786,11076.097696395736
107631,21686.759518644805
99617,8000.845832351442
96261,23043.299973484918
103524,9891.291631417691
106761,2525.756893646423
85261,12151.405510055456
82784,12719.597278215504
79866,11924.198285829538
85332,19094.138057553806
91102,24078.38203228671
86628,18586.32395942108
79673,33068.752404840794
83347,16055.653676008656
94145,21944.518261801866
106036,20669.125430737473
82287,14291.065285204346
88789,13988.646963382489
79618,29528.48666558487
94133,25399.24576961455
76165,19856.837263315065
101369,3284.0461555990623
89387,11574.691583338572
76789,32601.34616907096
107309,17398.460445801953
91783,24507.958777480602
101897,-102.64067328811143
97745,20060.62106345741
82133,37051.62480304516
91614,20721.008476155734
97308,10425.498180256302
95044,34740.81325884151
80363,21735.679473365424
87137,18355.702860156794
80900,8771.88121413404
81525,27132.048201950445
86772,14350.002268338994
104784,22546.80839862626
76211,31577.669575648048
88180,12209.173551618345
107375,20243.046793853675
87142,7878.946542555757
102944,6948.217379574129
99258,17481.589260157176
80209,18362.475369678068
81591,17857.819382506816
101494,8768.41384371628
103703,14770.46387131666
84613,14357.889900857128
81070,15122.014799669578
98675,23135.896219508475
90638,5822.495415547648
78215,19301.511406770787
104188,8899.632400476828
79525,26422.01411259638
95362,22721.475664574846
95717,12272.863141875743
106872,23739.190016185516
84301,14166.018630152128
81601,28607.429540092864
86575,7844.4599330177225
100108,14061.874933515046
98140,14588.110271551504
80480,18761.38212991807
105961,22449.584167168603
88147,6854.980873101042
90426,11517.584643754719
92503,22034.48976243241
91066,23797.888562218937
103976,9907.04614857975
78267,23832.002819377278
99535,7516.61291962034
87776,9166.988012563455
108501,22267.07314910108
102285,10092.91486324455
105946,20810.507482164077
107799,16042.70843649584
90291,14362.197710472848
103617,14061.874933515046
97086,12635.634824003864
108058,19320.525912694953
84663,14320.443363663839
83054,11496.013530138192
80706,9375.14397865782
84885,8656.986579503624
96741,9985.85236082941
89018,17015.65293626899
102962,12561.339717105857
107208,23953.320550664685
87254,9353.733625767629
90928,27461.347187217678
107211,15855.289895104173
104636,15382.642783169273
96902,22765.318375131123
92953,19584.25106925693
107082,26822.50789496561
87483,10724.497725129855
81493,21267.225370387878
97521,3142.884864960368
107168,37662.20576286085
94004,25455.252687361277
87794,15401.475165990869
99172,13446.573143137339
78673,26768.066556586535
77673,38969.751140843044
89569,22914.250493416148
95130,12789.424220045279
82941,16707.272423373615
106278,23347.81373790177
92295,23797.69167045489
100500,2119.2405864479224
82192,31742.88774580082
103583,18458.338090791458
76059,15194.363355217876
105499,6746.896741295008
107083,11461.181449441438
99563,10685.287215676231
94951,20807.70301650601
103148,14837.755217376598
91319,14251.561171143898
93386,25864.132994150266
76109,9698.870142839864
82945,5323.437524332898
101785,12526.751207429563
99381,-3950.1942467668523
87060,19178.72390844223
95211,28186.328237462396
91694,23658.894376550747
77173,46858.556064625256
82094,15558.963328824015
102120,13639.8999217958
91721,14784.483901804062
88100,9436.732913111697
101115,16434.073713654132
104595,10962.95575164859
90098,19730.113727062177
89595,5290.264150219791
82269,30786.294365836773
79900,20261.854250441746
90360,14351.180619571242
102462,13908.121969408538
106639,19958.79461340453
100825,7956.493237227154
79579,27886.333509160617
97198,11641.469540370572
78303,13371.894404874776
87680,5796.0875161604745
78160,39083.689359944736
76168,27348.721871428166
88329,21588.828728347667
97416,16153.856313652625
93159,37082.97956192626
91927,22997.56109090495
90611,12927.73687670954
78641,40959.31848231037
92598,22552.36137583523
94425,27088.127042057684
91168,20957.48143852661
78734,22103.29734544285
78005,23510.56086372415
93001,27403.64643019899
101473,14638.475354921062
81076,35777.44174740912
89625,9302.428017892953
77610,7283.478513119819
99909,16483.709763304265
84285,2348.474437765759
87146,13232.620366166326
106204,22148.60196649017
79047,12206.692950520448
101371,13884.58924130872
83269,14507.835687097053
79251,11807.759647312992
83976,21345.810798164046
102684,6400.374633438969
97327,13062.78369227822
103469,11321.160349957909
84299,17954.558722731785
99272,12539.924114226882
89489,7935.451545668133
83325,10801.901183478614
89423,13016.094961581992
86724,6587.215357330242
83802,8938.202327462917
92419,34616.91716952475
104989,11810.527959523197
83670,18782.61215926529
90400,7363.969995164349
107433,20116.02554325563
81641,27619.77197810467
103722,14121.13382639251
86632,13562.881507172475
93036,25797.856503074647
94398,13082.837309041948
84906,6184.569199569385
81280,29549.709306629527
104075,14941.805266734467
95998,31220.717582299243
100993,13228.830080480997
105404,21573.175857974507
95615,24990.420899150224
88828,9388.343189992005
94230,26652.05400917682
97101,28060.684411998292
102266,5854.752772515634
95269,12406.460359025328
87008,15875.36518299795
96384,21647.406979349387
81461,27919.923335135776
92651,29668.247227713164
83997,12042.281580023433
100143,15877.623676660092
86721,18828.797523281846
107348,13732.29048813846
99221,13209.795649758218
92846,22616.948495959183
101042,11665.911770879078
76663,47392.620549606174
87986,4272.888049705747
92959,17421.854910387236
86076,9686.90251846793
76987,14726.879322660428
76842,24382.82424221431
77966,12564.806448421305
86599,15626.600761496748
87922,13617.658600238097
90812,5526.130491895827
90897,20084.529571269297
86531,9452.278068273854
83583,12005.050408885687
81256,25244.338833585738
80343,15546.171271218456
102122,8840.35550701806
77334,29902.766532597896
102222,13441.631101256986
93883,19972.752991359313
101876,6867.28437285731
77602,14947.073796918598
88598,14920.614905634044
77524,27078.88362989827
96783,28571.59775029514
108041,10808.246808151045
93694,30654.24658373115
96258,18770.365331015062
97398,13477.472818617382
84225,20221.636812604727
86415,12452.681379967737
90604,12412.24555763236
103848,10149.737283358678
81012,12892.787507421392
94703,26858.53563985226
107406,11531.218958504931
97842,4088.5339169205636
106706,8863.61554040993
81667,32146.216149850563
81092,20296.694183513897
97523,18386.676197608693
77107,28448.58516092244
100699,4294.8404220263255
86969,-6670.3325075754765
100917,11118.229553754023
86251,10557.259080811582
86424,18016.661810207137
79990,11027.88750051083
86382,13854.801739885657
101613,8299.87668264392
78397,17620.841665566302
80111,10536.597150156074
88021,12408.581880393529
76832,23266.040442498874
78935,14461.97302879318
100446,13276.047201794367
100621,12909.03896392513
78399,11829.12330370543
108515,19397.178657651017
106023,11047.541602537014
93721,42011.603933829436
83647,10267.478407088616
94136,27304.465575184957
95847,27130.891635815402
107172,16344.968983772207
94458,31850.056114623163
94175,20616.27857104388
92726,20576.12413362053
80910,47106.18125837128
86869,14343.49256602197
81258,19419.787795197826
84340,15088.183353625904
100324,4323.085697852852
99428,2376.861298995951
88878,16179.099646592753
78066,47408.03184323727
105935,21335.562631977005
87309,10211.95149112193
87656,10605.143084264353
83790,12287.311251992625
77893,3209.1026028202723
76055,21409.113633960453
99688,16496.120182581122
99661,10692.126406222043
93173,32127.41558381127
89291,10323.019903721168
107766,6273.734811464685
80369,16662.107067335644
84448,21827.325024290534
98481,3969.2135253862216
96477,28404.62716731464
94818,16507.549172458064
106708,13005.50167180683
77786,23644.51466475935
77244,57045.85786580144
91199,19603.674493453695
101108,6040.778898418725
78967,21730.55124632495
106914,16712.884074645866
91647,21596.080488246207
91411,25780.034077396966
98766,19957.398471819157
105906,8198.310845550128
104682,19314.04085021239
78615,34858.79862944356
85253,12869.150989084641
103137,10389.609204634904
94662,30193.517996750565
104640,6410.282788224158
97535,28654.061093772794
80168,30570.222040150642
89005,10840.436984134623
99876,18542.849241300326
88741,8941.738851348073
88333,13182.401131447095
79822,16763.769391874594
108292,15875.572896404092
106845,15461.740970987292
92167,19111.463577746013
91226,18459.120692597644
95206,17039.84254735127
92166,34589.67330399434
102963,10905.44829281533
79527,42674.925567874714
94552,26099.861825923777
89210,9001.847865545122
78573,22828.800840667565
104073,13309.271940235185
98520,13935.930503314345
77491,46574.863858604214
103333,14828.24323972093
80090,23563.717494294404
98666,11415.23374129745
86798,14557.1888848183
81728,17005.059244615182
81606,13126.656176033874
84372,12996.407862653898
105528,5571.923388249126
107436,10538.828826892037
89038,11190.50601887203
102983,17627.082374557634
83135,13226.439736564093
98165,12804.514146599075
96159,10472.061818791964
90229,7145.349117742371
87710,16066.895104147174
91414,17501.925403780588
77961,20668.034249063057
101890,14633.915894557187
83710,8597.488267034194
92874,24789.414509464765
86534,5920.906612320523
98517,21298.099370419408
76174,32294.761765293213
107068,24140.40615969776
98050,11993.360145330245
98718,15020.249575259437
101964,14897.57848180605
96813,16198.272583832202
95118,18504.879143303264
91139,27318.458401818916
98838,-10353.302782541316
98268,9704.21327242297
99553,13778.281813296213
98904,12672.29733433744
80828,25456.856695943206
100001,6396.029808883497
106691,22311.458667390387
108038,21525.30322948158
98715,7717.298086751718
85714,6961.346249153121
88475,19693.76109411754
91923,25048.15103704449
94795,21547.923299948663
79738,12616.962096965279
104213,18372.002382845792
89425,-5496.416807673213
82405,17409.53702394365
101000,6003.5130622826055
83819,17321.87939637477
103491,13622.437288100275
88226,10554.270342260374
102022,11575.539699584715
106889,6125.0966322282475
98697,17922.04885358454
97178,10006.34627033596
92375,27785.05372865748
95917,27068.86747278926
96308,12792.15119851131
92406,18920.059116612945
108375,8040.886012324867
76860,13791.074635226792
82234,24319.967722337293
99593,10749.945406664807
82962,16837.746479801477
82016,11263.295406059027
86781,20551.484708969278
101065,15989.022656486819
95525,22890.46421999907
95306,27268.199012837697
77397,32916.918984398304
92496,28094.944010553543
102473,14798.606747355747
102927,14521.542809965475
91897,26378.646070771767
95554,12681.338810008367
97488,22073.195116608
76085,18184.931890409774
84133,12647.285236950505
106369,22537.758276334454
92172,16872.71860959781
80532,13253.012536470429
96952,7041.802080894606
104627,24601.972047868556
87415,11656.36091925803
97047,11041.211721720632
87227,12692.946001606259
100308,5006.788204494031
105075,19119.98178819695
84539,15609.639074239469
92284,22860.823021771437
95634,27200.23731355883
86731,13000.645519061924
96425,12972.107799451016
96765,15345.861934525466
93239,14868.444518245798
95450,22156.27217837554
102086,13897.257925795337
103024,12749.065325131405
92808,26485.41354878487
99619,-619.0932144534308
79704,20999.647876860072
99613,21860.853068550136
106854,8627.538116970296
80959,42849.643463018685
96020,16177.93713010849
78736,13013.998627058758
101207,14182.473920691962
89767,6685.074797471405
105747,18706.268553661026
77828,18165.269710750257
91572,27367.747740580107
88785,14757.883752214351
76972,24032.594400895505
76362,23856.810823849784
87572,22363.156225934283
82399,26822.301739803883
93833,23886.31325257766
94597,23771.28854595309
86551,11630.042171469384
107163,16177.857808487279
84085,13918.110292244735
93349,32813.38181969337
99389,21347.3634979152
80970,19650.231998766325
96279,10195.96064398564
95329,24841.19244097134
99228,13931.835749389746
90184,17758.249052937248
107226,15708.194586343989
80769,24826.758178707707
80742,11707.161682775288
93650,24696.731427860897
107530,24934.997559685464
87038,11602.443356392523
80146,27479.84804092532
94892,29304.85759477952
107150,19146.547477130844
77880,29300.418912022946
100591,6191.640206364998
80919,16181.458608640733
84533,2470.316485304902
82006,13442.229058017005
83592,16209.073098693785
77124,24129.21294958884
93924,21724.295014304083
95528,21865.817350533394
105644,15017.075723690137
85662,17229.82546385586
83079,13653.818813911199
106655,11167.87965952805
96517,12404.061927220759
80260,26465.56460907871
78203,15753.785463478294
104045,18247.597891004923
76147,28008.51224286797
94260,23511.830113567543
101648,12985.155218296173
84725,11593.579117951125
100099,11856.135678397077
79381,6792.881212789462
77511,11572.44328120716
78265,16399.757121726954
85496,11022.195513998398
77336,15646.685577614124
80330,25004.856631884562
97617,14032.422811220877
94477,35772.83900839242
94881,14936.248219689249
76653,106959.92616939178
89023,16064.787393619778
104965,19236.27854370954
79637,17915.593736290873
94018,22614.39207037474
76481,14873.122829874173
76139,18482.21186139956
89662,16219.916239891345
105654,19712.10970823551
101555,470.189286962428
107636,18869.437841897787
99722,18805.560911496774
77887,32687.818693213405
83236,15994.258183867525
107964,22357.314273566633
108137,14102.690096569602
99718,21028.93266473674
86701,14389.778605748961
77077,32721.194133706667
88040,45303.345360936786
78583,17607.74945094614
85917,13213.437831869418
81283,20342.64617249668
104304,9623.908721628459
87081,16323.915486012538
87129,11778.591952020453
98111,7752.6732102645365
76125,25926.3136544676
89395,11367.287684156878
105028,16583.786565032533
98036,16692.88448069797
78805,9837.36863844096
103101,14045.505639174704
108365,12865.971010085417
103367,15803.41452866876
79524,25375.443926485055
96079,27576.369196656204
104361,35977.11542334649
106133,31151.836962591362
88514,15653.792272903058
80511,68007.83697508242
90340,13021.201456226081
105563,18529.376001158886
85987,13501.357377797558
88251,19151.296804665955
104270,15469.92199443018
100820,5587.133790561595
91061,24136.519980596022
94348,25534.487631494783
106956,26344.361090661463
100858,13164.683189844422
81114,29768.286771696967
103100,12845.442352987644
87787,10014.872747462749
96168,20852.012421032145
107880,8462.39363469598
79423,7469.988066444359
96948,6941.142541714553
99709,14029.034500231759
92562,23648.034345821477
101684,10984.791297008944
99037,18560.253841098238
89129,15155.020876436032
78722,17899.74047963107
100854,14399.418131360002
94206,21144.497924831037
107045,7207.442945763265
102537,11106.112509182512
95597,35279.99682934698
88680,14160.224720186292
96439,17630.04794984791
95466,30500.696753554552
89104,6689.973520606509
88224,12319.799666932086
86152,13505.813889204128
98291,10483.397334990006
106901,19552.46870000891
81783,35612.200614911475
100932,1404.3569152777272
81607,9864.967491019
96664,13903.18178392824
87553,18497.76970028916
95513,27131.176858232662
89899,16989.88472165094
98891,20707.09929781447
107167,9941.511226753026
77353,11049.534192868527
106280,21611.53502183864
90874,6469.566928638214
101248,8105.334701671778
79805,25709.73427338119
106429,8260.413840161518
80749,28010.348661646578
100354,8726.11237915502
80249,14977.20363068455
108135,36251.4265450696
80931,18582.505603312242
107899,8265.013501318366
106399,12334.70867859756
92635,24154.83130147076
99128,10637.409291211701
83388,15114.279564729015
79225,27829.44914467346
103533,11948.42116205864
103029,13607.625028361786
107588,25878.861285292347
92646,36137.11456017339
95432,25728.929725356575
105377,9701.534523550608
104914,18324.94226587846
103692,3690.979631760367
90273,17165.332778367843
91496,18148.877870945664
90243,26266.22683448192
88300,10981.084700412084
87519,15687.021011107088
91612,20228.477786075626
101939,6941.9716234262705
91015,28302.475627507276
90181,21775.887841368007
78441,16168.37893817649
108389,14767.842359692906
92627,23561.455321492533
96927,9574.379454589853
87730,11658.26496144541
89842,19224.450859056495
92971,20700.291625316237
85556,11604.71944905178
82669,20450.60727106072
96673,8232.176945712488
79153,34545.22442889364
104675,14625.04344184948
91062,25661.25751776615
93779,25686.491772538626
84248,22612.246312945677
85038,17149.622276487204
87003,14116.33671610675
104951,15857.762372646264
80530,11923.969873323911
83785,16698.68005695774
88812,10368.466759819748
82270,29578.955990207724
108300,13560.138787826232
103880,10712.551002766288
90507,18661.732150908287
108049,10730.028255294506
77105,24081.22703525137
86615,10622.324122218957
86494,9105.652159246412
103184,9835.046300145952
98599,21705.203963580236
104375,24914.9485338096
107205,26049.023095837947
78844,8864.462182657868
99780,21211.09808914209
88969,11274.030858568312
95137,33019.1947796773
102509,15270.310351061227
77745,27935.29089719447
86566,10626.179293326186
97877,16006.4367469693
101765,6753.197671277976
77886,10169.794176797559
90185,10208.510095408648
104203,14519.190851188752
85229,15358.782572315604
96143,19310.771067406335
88575,17064.191274430294
104096,17017.152025768875
90161,13274.020030207226
100702,9851.262808410855
91390,24617.59229802399
94518,20978.595679984945
95365,18692.796090685493
77078,11007.842897362316
103981,13282.364434063726
93049,24803.459233891288
104932,7566.965772672493
80929,20162.07544060057
84280,17817.268774252436
107619,9082.589123636617
96726,7984.849830356166
95122,13676.456421997049
96286,23415.356567356877
104463,12989.341517100534
79669,15956.560112545449
83751,12149.792840014701
103686,8836.855918230638
76601,24631.13879157557
78424,27880.001780928666
103522,16370.247539905762
96181,18176.016626584795
106896,21511.65743420818
103201,12092.013086756646
108472,23538.137621145426
96100,10322.519684276489
78149,33479.28738839165
99046,8140.634075181895
101215,9368.656777841374
95675,25403.223156231532
103753,7753.393317546277
102010,13725.193275154481
99789,7163.038756897755
78760,27154.50928060127
88270,14420.954739959314
77169,28023.62733026015
94033,31513.33602033837
96304,10272.250922116164
83591,11150.641000539319
80417,20605.37511040466
87101,21757.607373196595
91487,25370.23816833404
107256,29144.968352310363
81695,29148.367590521193
104760,3818.5256226040037
86668,12142.383144099476
106007,25968.16867294965
94726,24793.00391960861
80940,36221.760309307996
94574,20133.834976412498
100505,10424.34661304102
86383,9776.552634414867
95683,21516.408077111253
79982,11271.043316862062
91488,27592.509284289292
79556,31850.130340187192
108183,15218.606773196905
93993,28472.386906030282
95976,32519.004691549937
98574,26119.81099437337
94825,28165.729250391036
88397,10337.059792040549
84250,15993.969815227043
98593,12910.560905751941
98330,5607.024330992419
103350,2846.731546990959
79640,14614.751691797606
88447,15260.613808063586
97515,16684.863917227354
99951,14134.29609645172
99333,13186.401888628554
88755,6193.442810909375
86184,15979.872300305644
79396,14519.15824227646
86690,12787.686070214331
84172,14838.868682705266
94766,26822.10302005719
95569,39224.300387766496
106158,16499.657182144147
81339,13390.902682804488
93286,26923.708112826724
98950,5485.974451404138
78868,18839.68886855573
100793,7730.086225567718
90095,18136.262943884696
77269,24995.580119420672
79615,21858.229351275324
104050,11001.113603552247
103961,12870.491063566316
105844,20411.719568702807
101832,7323.484569102278
102550,14164.811794037083
101434,15877.623676660092
101418,6466.78005590913
108042,15572.646502125892
107747,12498.01951542787
84521,9728.961835542246
97615,13936.041343102368
81424,10061.56037725201
99517,10300.970783969728
86658,18413.012932669004
91422,22543.00189571762
83839,17118.839830493736
95100,19808.250060776136
108425,16842.61821457887
102439,3901.2359721848625
88840,14299.788188725117
90580,9259.708427009984
85770,9374.214520125504
87728,20179.285987756928
89952,21121.570426705566
97315,19347.819138448813
85711,11795.785545059454
90358,17557.053312733104
102929,7849.556240463908
82447,8826.931487460784
100245,15299.38700016343
84784,10536.415534915552
76465,16746.47739174272
87664,13999.913253785067
105387,16496.035348096688
77089,18238.1537046984
81610,13463.026566382398
81058,16802.512315874792
77730,61974.908690924676
87459,24427.915771910204
104036,11923.020852293954
107145,17972.597682433807
82326,27152.93234671549
98946,16446.044729964087
107053,-6233.320865588841
108371,17394.85648441005
99914,7099.758932631805
103049,14445.556383354928
108509,12753.934364186523
97598,21740.544028388296
79617,24334.947950981805
95140,22918.056816339067
90323,950.5910086657859
87974,19570.67436738676
103944,8680.812317846325
103018,15877.623676660092
87158,12849.791409802805
77669,20325.245806624982
98042,20974.04414610836
78268,38776.73286450778
90767,8471.153909176757
90669,13649.866530385678
81912,770.9910779334023
100120,9409.429360726506
102601,9893.682868222877
106911,13849.027520230531
85941,13447.789217606556
87006,19541.807512230767
79286,24001.38607102884
97138,12706.67411558253
90797,2507.921865478289
100707,13927.135018624005
107334,13458.71218423044
85757,8086.716434654369
85888,20589.459485752443
99962,23239.302696460007
76188,30392.33736975824
99064,23189.231888185783
77045,24814.85008311809
84655,10742.939695976067
107154,21086.253316201026
95840,15712.88235869271
82979,18097.007277703262
97459,7657.077197080913
89352,1934.3245767530534
98956,19833.176524276725
96121,21455.468026782895
84625,14344.859532355815
98767,10089.531334808238
104355,18611.96441187347
89678,19287.13362883501
91357,28085.239378107763
75998,17308.35042129418
107603,14873.948507054964
86574,11633.674361588259
83632,13673.24332881852
89374,15778.391319053757
81663,13522.790920300109
85717,7760.739203646688
107272,15799.778060915576
106265,-3456.554776802437
99040,17638.502215882774
88694,15281.035911972991
85144,17577.74943911444
86820,13907.169948445644
102396,10414.85159180777
87881,13901.932413196431
76603,20112.128972801802
100941,7015.333528784657
97580,23681.526543455533
106362,17523.40160874921
84680,2535.3288710244124
105064,10641.023628151286
105522,18267.207030236117
82587,15732.100147360423
81216,28301.012274167333
77075,21192.539666970642
95633,21707.07661132912
97702,9661.405960279826
106735,9904.778774902687
78177,19040.056001286768
108495,11293.576739884384
100743,9781.549269171386
88876,-7284.13165466614
101192,16514.717410794612
87450,14472.336626994209
87281,11237.279793294536
89740,20285.85412582293
91037,17752.212463560725
88485,19030.031325696673
103760,11328.677997853181
108527,12499.921131641968
94564,27254.206186203737
96909,14016.641852376884
96759,16104.933299355005
99752,6305.829419977654
96075,18215.562163090228
93329,19061.583946377265
96936,24437.90588575867
98873,9991.310835889533
90863,11842.516541901394
76692,32654.397575435032
89812,17466.163235279117
82128,14394.357900027444
96066,10231.3642408014
95160,28946.47757288806
94923,23926.017178444534
79998,21970.887449064732
98555,19446.564084315643
84197,10324.28716112152
93881,32290.545846698857
96420,12187.145535640982
91466,10348.033992183988
102246,10153.76198193483
95149,27053.050555705486
92066,29703.07737047347
94579,28532.96324964173
81791,29778.235341958327
87929,9349.741814036202
79839,18100.314661737073
103708,9785.54608227912
78718,24044.67274095479
87840,17684.892103277474
86316,15447.83025845203
106118,23207.31335199693
87923,11206.245802463964
105417,20292.115046963874
95584,27267.345192807574
80187,7050.321020545716
96280,18768.298595313958
88069,5034.620652897727
102826,11097.969195361507
91166,25905.538961986935
95616,27761.590782356136
77374,26017.306402081624
101288,4343.8801963568
88801,15856.452424938707
100060,4928.268160972217
97336,9882.717902795308
79226,17227.997201761336
106287,14013.386152393512
95018,25588.192337434848
78131,16722.176756061694
84551,19755.54990747697
100445,3838.348942507362
93031,23115.148678421567
104415,16976.64924359513
82984,18568.519947314795
104242,4351.460496091508
86170,19384.113072749187
79814,22080.86633362426
94172,30423.510198945358
95530,38888.00580792091
96105,11785.744080636983
87822,11490.996545375432
78073,17583.126398751036
106610,19582.11977669962
99065,11450.446313613946
77646,48032.67239784337
86266,16024.514643581751
80186,17746.892799583584
102645,9265.708484418285
83453,15613.903714545439
93905,26245.39718021508
90535,2001.1622550620887
103695,14098.620216066627
87488,18698.62977241475
84520,11745.371266008035
97541,12347.821150682626
93818,36487.79409290701
90796,25038.88041159594
92896,28058.034317393543
95577,17909.728145684527
101488,14929.023036039665
92336,28641.93836588539
98826,16161.311226176114
99527,13999.510573424559
90582,11781.943834928505
99787,19060.327811959745
107806,16497.78161994768
94108,25137.91445478674
96333,12079.112800977044
100710,13418.36600882845
94129,24650.260782725843
85361,16376.154128476697
86043,43199.37899028019
86833,13603.217653106907
94373,22309.49936694001
77978,27263.431517371715
96250,20762.1203844134
95594,30264.763921606635
96781,11659.350573571737
91860,29443.538664685824
91206,21075.524626791394
102627,6593.65883224177
89384,17889.435571752718
100945,9716.920205910767
103337,8650.497653759625
78230,21239.40321566604
103814,13275.889979023199
96429,13216.67203585024
81547,23376.769089510686
85056,24955.149715299543
107758,8955.259877338829
81328,20537.214273710077
100775,6223.6188328008575
82066,18709.473438639943
83908,19192.733375328986
105323,11748.597939175463
77492,20448.31885440481
107451,8199.74238915273
77351,10636.373948587174
98029,9979.99079636543
101572,2865.5925475122276
94944,29371.518657374945
91179,30343.508520444906
97780,27428.84691303878
97978,13552.895947306402
104953,13897.782480031554
89173,20492.46013006488
103406,10140.207518222005
105570,7722.25337236729
81815,18447.00508925563
83095,13752.25500705767
92184,23775.73295664238
88793,13785.81758174426
81805,15088.741244460876
85794,17488.124448346207
97245,26856.173986326692
88691,11655.486305044356
98261,21739.557139080458
76495,23861.39685712768
100400,10711.200059017858
95964,30126.66764876428
101477,8066.347353643796
91345,21450.749199748963
76207,33922.249605308854
88153,7693.744145494045
96153,17054.684957738697
82291,14308.960822667776
99451,7367.329898396252
87965,21401.92886774547
102559,11429.80128483505
106147,9232.641531539237
77921,19852.810630870023
82334,21263.461123191162
108164,10914.901260040231
106096,10350.044479512151
87657,18562.450804242813
98448,19763.008040534016
91900,9344.293132083247
103220,10504.787258841843
107077,9177.554142736746
78197,10628.25723825792
101655,13004.798537662358
107006,11855.9793552151
101367,8914.999499002459
91219,25301.59414416743
92182,18455.484648279664
81544,22266.11821975756
80496,24221.502945338692
81766,24098.52591399455
96589,8777.946308889614
81711,22443.978676692066
94981,21997.054366024295
80701,18055.292604557457
83791,11885.259268575533
84832,14684.292173707985
108407,7816.683966293942
98308,19164.947765362114
101437,3771.8628874611695
91248,29026.43995162658
104100,23631.10116397067
78410,27819.106727380386
98413,17541.82865481257
90060,12903.301153858672
101366,6315.3543627045365
98709,10041.374790422882
102890,8744.069965441908
87962,14110.958759477635
79140,18832.67093073178
94166,30220.02151798703
105551,11718.511479759083
99518,8159.938024319834
101813,14967.935671903764
97443,26877.545265937923
89725,7849.490295844731
100115,15811.904558311835
91893,19960.610044497196
90000,4005.9404291677147
82989,10301.931122014486
89359,16027.196354427237
91971,18593.090294571528
88614,7550.1275785497055
104765,12193.09301417847
80918,32721.43114340754
91622,19171.636748830217
88210,12602.448944761927
82019,44459.23829644488
85200,16678.12940114828
81558,21875.772802927073
99276,8373.739794760064
81563,30090.88081445019
99583,11084.804909628168
77201,9641.918722600743
94664,22434.446564459584
99203,13016.500317320852
89314,13615.577077952086
89306,12649.702957183248
90716,18927.019811935643
84217,17242.070384303093
104655,22042.092772983295
92210,22374.933141599642
82528,7146.304720219494
91346,37289.19714800904
88118,18662.829505257392
76132,20172.31564327065
101208,11078.321208946909
102136,7128.227471995708
77562,27997.158119459644
108283,26078.573474859622
100008,15877.623676660092
91342,33197.71734064831
107698,11698.496892904623
81538,11292.554284438087
99044,15775.802959195229
83163,7278.872221502925
105124,7896.380823938443
86549,11591.008627328723
91034,13973.856303143155
101853,-124.5761715118606
99837,20401.522120353693
89337,10633.622963394708
107369,8363.609391085009
77529,17667.24638134658
78801,16688.17838430375
76409,20843.862090826835
98146,16256.273779961632
91565,38015.09847649897
107994,22449.590177985014
93945,25985.84749392531
99755,7873.320912480431
78753,28086.52502377553
79674,21387.507843502462
101599,14054.799908812482
81659,28650.335946535004
96322,7536.9481749749375
80700,27006.32063944245
101522,15877.623676660092
93595,26054.3983581744
78924,20003.973217197392
102891,14054.799908812482
107611,15982.264101099712
78528,33318.23517624693
86323,15997.245416519718
103910,11255.83956939691
93854,22848.097859316207
88710,6790.712837356379
82438,23660.944444810353
83328,14330.959387575327
91690,25528.8863734839
83796,4930.686925924627
99904,12642.624978180826
100270,11190.593455047629
88422,8170.571030275634
102971,9086.84012438788
106161,10476.78324531788
91244,20176.19516310346
81158,17996.565716044406
98004,22138.036814119452
84522,8617.861015000766
81215,25415.51443254523
94487,23947.734668300254
78065,23052.020651612456
97766,18939.785906577985
86180,12004.466931507523
87921,11655.038366298253
76160,27290.313611939226
104197,2748.784993737285
100295,7134.811765902434
96012,15314.4993310586
95783,14730.675122150502
104527,20920.164406204392
77354,26771.75339730941
106062,9094.982614001336
84578,8507.528085474532
99784,18078.29274450127
91716,23264.68033896055
97394,15317.596412156636
97254,21777.75997442156
87501,17127.39482843986
95532,16604.80249297233
91011,23340.68299738256
106069,24712.64957228154
105103,17331.467997032643
84421,11581.647517086683
87363,735.9542991096605
108379,15596.536738350507
83268,11905.008731860344
94592,25599.149649895022
84041,13719.152218346164
88908,23883.67550056104
85932,18772.371583018117
96593,10869.464128418253
106195,9875.187074305748
107153,24856.661052031042
104500,17393.14254283646
85737,12997.879369940565
75997,10219.619663496065
79336,32309.885054636532
77061,37224.83858460024
88839,18899.080823695673
86859,9059.44129391573
101090,14515.986785041481
87563,10882.997263573194
107188,9059.436501899769
95198,20807.66506004585
86476,16062.684594511096
99894,26266.65706264435
88279,15592.393476788195
108121,16602.78380675085
99827,12748.165674638998
107457,26099.727439539653
96509,25980.155111621283
101858,10053.971483428732
93052,27382.58948407377
91879,25451.652850206083
107229,2446.7467323897654
87917,11234.139167286165
82310,10148.10329506484
93584,19909.92723940965
94356,-2036.1275632460565
76249,35599.11913804655
88386,20693.840652679697
104406,17498.549981863383
98286,4696.603181427847
95310,27862.82643860666
95994,25046.622825100203
79879,24431.188720661707
97135,13143.798439888964
81818,29162.370366074316
108055,19746.253306170238
96474,27686.947941545593
104358,25473.956250359723
77110,12141.467536979162
95124,13200.993310043792
100539,13723.6210474428
102883,7948.474875897582
94081,1629.408042784722
100018,8365.903921430674
101491,13238.778436248916
89297,17817.480662199956
99337,24850.274514673525
78463,12347.740334738452
97799,12935.015285916608
92138,23251.182275158244
83715,15636.08720242314
90455,10832.823689774548
89100,12425.512084745616
79908,23012.335851473614
91045,20261.022683042804
78357,16936.604919807396
83989,15262.044655648648
83057,6789.169366096219
92472,17322.057421597965
77836,6191.191036930024
91661,26036.993007065164
103107,12113.493408846929
95476,26379.06829499264
96615,12437.854982877416
76337,49061.32909180352
85067,14907.344580916106
95176,18322.73104766038
104450,21241.620197186636
104227,24323.709003260166
94327,22329.831906899413
97056,22912.018959559573
79775,18714.154483620692
91282,24679.2442901721
98425,15074.961258365181
79509,20258.01840175813
79798,7684.350182455546
82615,1186.8299320193837
106314,21127.44568224706
88964,12506.953480210681
94303,16043.797757772514
96851,11069.115292302733
104465,13242.273864238992
89500,13191.548370589695
100482,9136.233146056253
102159,6276.840689999726
83242,10611.533164045595
104780,19888.052525061918
83902,7304.562566777087
88955,14744.17479834381
83139,4927.484670602067
88842,23839.59370559161
99320,10133.510309618017
81840,25317.35011253845
103216,7420.8290297053645
80734,24620.124433205936
102743,19399.362692147624
76855,25713.8598899501
89866,16011.092721446394
106171,26282.550906022658
76530,13804.533070603178
77933,12767.371388999272
89304,11362.81427773691
77180,28054.244063237933
101525,14153.979155996902
83657,14515.354038377722
92832,22516.287865214203
102059,12977.66561515892
98895,-4489.056638430913
87994,19189.235447886356
86458,12553.957029232675
95568,28071.39825294283
79603,23215.263138700648
77681,15854.198098102712
105596,18242.113403708187
100815,7082.407014766082
77113,46878.55744773576
95519,12096.777063961748
82180,6814.08350967033
105893,19823.25773142462
96087,7932.574558069149
102458,9119.671099702678
104637,16147.317206382244
78633,23545.22848476671
101205,14054.799908812482
90825,7021.198972184386
77280,27129.438975792786
94924,17460.26175269937
92185,30239.288372044997
101547,15884.698701362655
88425,15145.05151816718
95191,23456.20364845437
82878,13324.876190761075
87900,14720.441070545465
90045,4548.026737123542
85402,18720.55436703432
78124,20933.2698845985
100374,10496.212469639016
96192,6892.919284330816
108050,42359.876596506816
98773,2261.5171979958177
105534,7911.148155220972
89256,15981.91616196798
102735,15803.241177940914
101683,10740.323424903203
80977,24938.1941769093
98983,11184.346773411977
91969,42628.21106995546
101852,14685.272342887467
77600,29083.738896454495
95813,17810.145874469446
85687,19051.938157300803
97288,11129.153416196878
76331,16471.113243315194
76111,21915.397800138628
84464,14127.059355127107
102105,10398.403699254448
92739,32177.322683108792
87154,18028.042566666285
76313,9612.965733464622
80830,16635.798171554135
107419,36290.774851826805
103729,15804.908144994857
93796,33181.4468368043
85542,8283.334612691444
89838,19377.0853101231
93303,21061.375846884905
86555,13277.693504498795
81471,22417.85122442845
97273,25373.029161763538
84529,12580.764053843433
86886,-3611.851717575486
77905,47172.21549310557
78325,13733.176740522988
91821,26543.67842609779
79209,15905.483310220005
107729,11780.888719119836
88328,13092.60700026041
85466,6538.208163071642
105634,8863.639202540815
79780,9788.738161558436
107271,11137.471290976995
77909,24327.526481112174
81592,-9205.975923371367
90946,21393.68741627757
96511,11873.201847082211
101345,12997.807086290852
94773,30630.641373924966
106754,34603.59058082917
82112,29859.27971591716
76758,29850.280350542616
99146,20600.13040038295
103707,10293.168173861135
84009,17290.769379341134
84288,14387.592225347864
107688,15334.020736698012
98025,16885.21124212258
94529,28417.19459412255
78142,20735.317888726095
98985,19216.50707046023
96366,15711.779294293008
96697,7476.766045063465
93267,18634.096406686855
98625,3513.0377938085185
90111,17034.444821370424
94666,31231.819506834836
102390,5498.055366294951
87799,8075.5986049831445
101806,9386.670175157555
92319,18928.831746238993
82564,10253.851359638222
80431,30169.434619438267
90298,13378.953961437992
83570,-1948.1238549318077
85343,15793.417945203011
104567,22475.436857262408
107481,15887.414170989954
80625,18356.30815479474
98575,13924.88361394278
76415,26973.747947036776
95772,25860.23336372062
85564,17056.292402645428
106489,9667.776264028287
104520,10560.61319807269
85622,11086.660378515517
104842,24656.541183653942
81717,26487.39491214019
91720,15100.905997514685
93411,27189.115958940154
91818,28657.669659486757
103824,12196.384812884084
106453,19567.703094197892
96056,22555.612557088763
87924,13282.86642373538
76902,26279.684930013183
107200,27825.090654710744
98825,3487.239599082268
84740,14650.97226782006
94186,31046.263940547455
87093,11954.943028088215
90703,10027.197994582362
87711,11807.9335183092
89763,13198.97172535359
107087,11064.604983505322
97903,10747.45297916679
105393,10873.580521419162
77984,20260.769900307423
93270,31238.100573146592
83584,13473.201070818315
95630,22695.18832652754
92001,15717.655638998956
104596,14573.45390559009
108196,11568.648517714708
94963,22413.691302936517
103813,2499.544288562378
97285,9101.711992076915
102140,8253.304542147116
82537,-5599.979694483951
105396,22816.806951943596
92363,27350.30120773334
87145,13548.023955297092
83808,7224.378953481368
98940,13067.430430465525
79334,20890.417606402676
88939,9871.642802928629
86108,14356.568151246076
107513,20849.656953305363
93992,17739.316494476498
77114,17817.14868113825
106247,12091.287342237303
106460,26158.21497318747
90980,30399.342424599934
91407,32335.04531011042
92716,17819.919878293156
94427,28208.53259881224
79107,45980.72603782922
97517,24019.778389660423
82963,13675.002408397271
95600,20566.76386349136
105627,21053.580507509032
94599,26695.368751298112
93831,26055.975713824875
77796,22823.949377327666
86054,13269.906883620613
103984,2087.321365322525
79232,21825.138584257504
86186,12865.934027966354
79993,29906.493022900882
106645,22766.608374866577
100923,9854.727356555242
79473,4555.019943083249
78631,15759.727047335768
98920,10587.009454471054
93487,20975.94409122344
89722,8719.554242955954
86489,13613.438656938159
77792,32208.839520849862
83434,21345.89261442214
81597,19497.424055079035
93788,31794.853119445765
105929,11846.715832985174
83037,17091.6884786578
96675,22724.627058274174
85315,22578.177786855293
88309,18324.91008302074
80642,19419.583703919663
85401,14535.23836485417
81449,15514.605956344742
108274,24212.95872060307
106544,6945.550516714211
91643,34688.88372880965
77829,27985.602183968254
78255,19921.046453771552
106408,13487.247074076839
96365,16568.72686573778
89365,14351.80930651187
98758,14787.243587127601
82412,16192.749514628376
103970,-176.32623642884937
82004,23916.81326676077
76359,24691.68865206649
77601,22590.79592866495
87750,14021.877321215663
103263,11031.156722386237
103050,19327.433274338233
106203,25557.780547323295
107465,24969.26938160987
89824,8449.96616052293
83691,13474.79028269411
83517,14870.97991103636
87354,12363.723535676563
80631,43730.66797485201
88470,16476.571167189613
85074,10946.807195223304
106338,10610.163034977655
86031,2555.353575999994
77815,46811.737769989326
94854,28355.39385322631
92558,14649.038942787116
105202,8525.82241655532
79841,17198.983403251208
81027,28278.318240782348
81862,21740.593733123813
90349,16441.89884187769
95059,28475.087711229135
100279,8792.53775046117
106984,22706.09096208774
92688,29055.31162103209
79781,14903.718678598947
105426,22242.120486617565
76908,20803.94061751034
86624,10595.565577541027
77747,25646.131666858146
104911,28946.578443963677
100968,10220.309109264792
103235,-4448.685987333283
79717,5895.540318226882
93346,22738.518232348582
81416,44516.497084914736
105745,17125.079624243124
89942,15417.948302559367
99350,16675.210227830245
77848,18388.99977703458
98163,10804.716519587706
79733,16409.7652968084
106417,14724.208140869256
98931,5746.020416304071
79025,22829.974350586977
96098,22989.243285830697
89627,10996.07671179021
100722,9257.134562618037
89119,6703.189708615635
106445,20096.37269685962
80588,10902.557999593962
91785,29708.58016746435
79294,17595.691134306777
105542,17306.589852808673
98603,14985.026547913152
103921,8564.781912724284
98405,18029.622134932742
79284,22253.33767979053
104738,16990.684652370677
104623,17201.393616821155
105041,13366.596938946323
107556,13305.992653716816
103553,17490.262710922718
88716,23018.114670268893
88844,9448.692350138153
87568,-625.1474661037792
84183,16620.64555570384
104240,19900.335631330927
87404,13757.867702557955
95985,20200.48666869772
95986,19041.66012937165
102723,8982.561974619064
93713,16245.560709978043
97359,9189.80980827456
91991,15337.259578770449
77490,20227.577787615144
106975,10444.495164191192
98180,14417.718487210563
80465,2455.569736264126
98027,-15984.72494378918
79085,15182.448509998692
92539,28015.834741730174
92267,27082.702856452386
87807,2605.0247261759905
78839,14810.04743043536
102361,13567.723763733784
76828,19571.70480199162
105914,23167.585911037153
80885,30536.733589891843
89833,20321.809060899184
81436,10378.687654644324
94157,25754.805066611152
98733,16965.729758804413
102978,2986.2204746107036
81455,20509.188901642592
88578,1599.5332276173358
105743,12920.411335640312
94325,37474.31538680429
79801,23351.258160733312
105405,18391.826259343736
80670,25305.83870691112
91173,16552.869501721863
80960,14322.440427896232
80623,30368.741058898755
93516,22332.71882754101
101762,13401.428966380116
104665,16661.227323543135
93682,26353.719804068904
86261,8596.234299832013
97450,5579.178656626922
97153,12794.483931080005
82769,10819.616199135187
81781,11936.094709670191
108329,11450.582176426375
93812,30144.932055661397
81383,19354.851123048964
84306,8090.15739191088
78773,6646.063701029769
85809,13460.387220062188
86305,16279.71614226776
88701,14775.694456272076
99973,4595.886492046266
106851,12079.86458135844
89751,12114.041968636928
83788,6428.18588349432
80351,16865.61176858826
84894,12555.546643342994
97232,9328.147396592294
82689,17415.535266341627
102485,14057.637163380334
96093,10646.79125948742
78234,33431.12583624218
83402,13448.348271464403
96362,27665.26443221401
85275,15174.733605153251
106895,21061.638120467043
87163,16199.520539633217
94751,15549.226380796852
93542,22801.79884639132
77980,23983.074383788116
76166,14966.484087747594
89776,13982.417604301918
106767,19732.042118049652
84743,18581.984794030945
92273,25345.335053772735
97882,11756.605008027984
76744,20641.676151107895
86560,15133.636800875487
93835,24444.204551385927
94203,13902.980648019744
88439,10677.409505165018
96097,27326.744964702855
105131,21200.611553508224
100343,10008.659041206829
90841,15690.452520694522
90540,6886.679732534722
92762,24413.961141948766
107805,17684.52832026928
102622,9421.729883507565
108073,26166.26941483281
86061,18911.328133464776
92883,23644.409106297004
82290,-900.0294179670418
87824,9682.71885367856
82554,16537.677126390645
102928,12518.79778042544
77420,17767.436759795935
76315,24628.030783038426
99825,7809.654966729282
89292,12287.426735762761
87301,3093.6385579082016
103076,12854.659961914753
93084,30111.200835478994
96934,10845.179827201264
85141,1788.5500526300057
101607,10697.61483950532
106992,25109.59272966447
95873,25228.139744017302
83341,2001.1591165249883
78017,25351.231097201584
83129,23912.438415079665
92261,14376.358823422914
83824,17949.3563931936
86151,13943.545914474711
88105,15187.239909584256
101848,9959.142071410719
89588,8027.753987899105
93705,25203.571178812537
93017,22862.163133725422
77465,22290.539193879256
105484,12886.812191046747
76751,15435.60638827465
97511,13896.209156302664
102864,10933.999275956523
85858,16109.202826474759
94836,20731.87890848008
85250,8195.173144242948
78497,23831.601206499035
99540,10344.412405277428
97147,24581.955026872656
81347,28252.131315267052
95555,30045.178312153483
98074,19285.287044311954
104435,10717.276672167802
107097,11567.499008052146
92205,15079.463985627286
90822,13188.83308363131
93344,16240.517982562209
84232,12790.847850140355
105217,27131.994741992006
76013,25465.962876879807
102818,10105.300652155343
106541,11400.255138160102
87213,8639.466746936068
94119,22835.797477296583
105753,20551.714783520132
90397,15556.445825096565
87612,2362.462267369545
82789,18941.50701893885
102916,8886.47207686049
104561,8328.08320849543
105428,15303.080435965294
86677,9029.544559215828
95080,28976.85745821922
90113,10127.276391490577
77433,22675.627788370504
106180,22475.043800334486
101692,8344.654091272312
80466,-1553.0064655311398
99512,21051.790806450976
104554,12563.560436857024
89047,14410.925068471068
93888,27342.68454917395
89659,10489.970667415004
89920,8842.728349848177
86975,15356.183686294757
91405,25505.90513530034
83203,39773.23757052269
104338,18826.84089598253
91659,27830.62631729418
86385,15237.027125141807
81048,14622.605469872058
102880,4976.240007827435
100237,12291.010212256535
97751,6203.526819597442
85614,4100.031088037453
106145,9716.606711234392
105955,10875.718814912612
100146,8543.60686614285
107491,17943.170207882034
80061,19243.44986575209
94324,28778.289365135686
97114,22472.35956806038
106600,6075.856412332498
90922,23695.445452209307
80222,11820.233488167467
99356,8481.15880032027
92780,22878.488738820735
107380,8670.515302446358
86069,14089.326913742325
107753,17437.282236874667
97983,16863.40042232854
88082,10003.631319324231
82115,13449.434728741962
81634,16874.67756784094
89943,10799.312413673364
104167,14310.915919399955
91010,24004.67914814191
85004,14804.076674158849
96953,20258.594159199394
78632,13152.538147960091
76114,17262.355628573423
78570,13896.168874672569
82674,15704.414267910459
91196,17979.031989997813
93734,16459.25726772217
96031,26655.23226750626
102015,9594.440067256166
108372,26078.22909984264
98719,13356.30361035598
83391,9334.76103061609
97098,19052.27338486747
104357,24288.3947437179
93495,21717.90782917437
86422,17609.067986261613
99731,11662.2279941811
94144,21651.920641774203
88103,7824.324091466831
105199,24949.06257558119
97003,8905.2579524507
99925,9057.478625080652
92816,17202.67932603164
98472,15370.133770237146
91986,15743.862302034038
84152,10698.78232681287
87538,13500.226904875246
93305,23365.87916641831
104249,18116.110983233848
85501,12270.016747164136
82343,28095.97857124201
80601,26695.99973358365
99715,16353.756341282844
90451,28896.403348535794
98282,13508.714938660883
98397,21419.41826093979
76414,17844.17729606852
99016,15477.762712753902
85767,11366.306104801282
102787,13193.17399623886
101188,12729.249952801607
85019,15376.476745375145
79803,13321.588171749463
107582,13235.208688173643
98501,10231.703214392855
107021,9704.230748590931
82317,22882.034120802153
105678,-5698.423660436889
77931,20366.704090891923
101619,9337.538059167531
76128,16654.272997228312
86460,17529.07813523157
106084,8333.531534885995
80551,22234.26607411144
77062,25711.28116547486
98406,18386.904183453822
103489,4049.3398226251884
107191,8985.26822828358
88549,13379.4024177403
85095,15516.413122378948
83923,15543.745626112004
87074,13896.687888211149
94031,26895.919111120602
99120,4884.95755605468
105824,15848.957897460852
82389,29126.182470890053
91994,23859.201718069547
85060,10465.709043787203
87412,21733.051240018794
94683,21907.020109296547
83069,22618.5352237924
77071,26888.67315983142
81406,29866.343738907388
89203,12121.914913620065
82423,10884.171126311172
88301,11134.078724940384
86758,11691.693305670153
94072,20350.86586865391
102247,8979.428387820753
101529,10498.371494478451
100738,12970.97184605917
101790,11397.775706950624
96188,10985.136632242815
98656,14633.425157624417
79321,13202.050733098546
80052,19594.584205723288
85150,16289.534399623873
102370,10376.481103242371
107503,21625.652886319847
76560,23841.506241082625
85319,11138.308058844232
89242,18185.61983903792
89510,7787.11494937504
104922,23489.717628596434
86937,14930.339188799546
107780,31711.892921189425
102448,10877.965785565704
89648,10590.11903146104
95347,20257.184502150983
97926,13236.499858725907
104963,14766.439609753528
92272,21210.799882674954
76618,22891.550139525916
87722,13750.76766646382
85560,14823.028928732634
92621,24965.182032374127
87712,14841.546367317653
91009,30743.954123653024
76199,19429.100526759372
99145,25037.193388583968
103618,13806.389789416999
106072,12605.163266449663
102488,7930.056091980277
79837,23879.858000178534
102792,17159.993185003947
86565,2599.2397607486637
98631,16941.21675047859
106374,41210.040752392895
108222,7890.283407926134
92127,21818.817789516048
96068,14347.53534575288
84411,14565.884175839214
102143,9255.63777207594
77502,20882.838756334833
105514,17146.310417095512
76896,29832.364822286756
104868,15267.456813049324
99686,16961.578196624207
96721,20362.00602978094
93026,24190.40329036507
95961,23501.60573456171
97465,13633.404889055859
86075,14284.139641919272
106946,13324.620195712605
97605,16736.618581369105
83156,21622.238567220884
88123,16605.147261241083
106817,7381.470868511802
103245,8307.87238334743
78564,32377.666387760662
81879,22638.98505207635
102330,11119.133296870796
98866,16252.346275885018
87178,20567.84135471683
83106,11649.395532014358
78280,16595.3164807114
101161,10960.004594410653
96047,14885.13169869821
93044,12968.225250922102
90176,28070.143497827186
76585,21486.44918951655
99524,23391.01136407703
97467,24032.618622337868
95557,17152.343200471067
102816,7442.273451507153
87141,14128.328988799152
82602,14119.292681131414
80108,26323.736781042437
77871,17273.319412187975
89910,7676.518317109625
76255,15473.450535189126
76231,46851.043462781345
87089,14551.045062767282
107635,16036.657713694498
80916,24605.810844058542
95179,28824.568422978828
90694,4739.890396267092
87504,19899.25152032459
95882,31696.607845134902
82944,9389.026055969993
90862,-472.00485461293283
89494,13001.891171998064
81196,27703.694079517583
78258,25500.317813398196
98420,10781.61447249067
84051,12454.816762635102
97011,13878.99326285976
97357,6901.883345796185
82683,11334.263685556303
107472,10163.814107063567
101033,7121.072444191903
86376,20682.69258905511
97773,28104.45987434102
76448,22576.852332201095
94912,30244.78611741778
100444,12849.616600228954
92364,23590.140113608926
104206,25267.29218007588
82384,25803.00445090758
78524,26595.650365823392
82825,14522.667842617706
81519,17347.431116642267
89462,2532.9755399898604
94783,27434.978129504874
99101,9499.349286820941
102363,11760.775784669539
107901,16427.03860703886
107950,25866.015790198308
94631,23753.896041925495
85176,10406.907727370344
93934,15966.44219158173
99621,-5407.932944827262
101616,3807.6308425783154
86156,15975.874054056523
96327,6406.0168531162235
89538,14815.510690124625
98236,20658.517461523537
92253,21887.6921738083
105896,18763.7165415849
97333,18051.404976578357
83166,18469.10652523482
96224,16726.97158491845
94462,29171.236105553973
82796,11390.920061638863
103597,11259.922080587943
99905,10004.265800947496
107349,15655.239151401005
76754,20076.62806385046
90912,24896.565661199762
108289,23265.37755490341
94106,28049.878169629566
86956,17244.478907067714
82492,9964.316151301206
81747,14176.099126541048
89144,10949.824043897572
85256,12931.358982045542
85342,11490.056359126174
108054,12922.465596023329
94681,26514.221330028646
86244,8677.556284413933
81028,26109.91975554465
86773,12868.982577711766
108431,23630.629495657166
102839,9768.08558910602
77700,14870.312084502628
92967,25401.525499796488
91982,23385.3339287974
80639,12199.283242199432
97770,7956.387837112332
100460,15186.946992140893
100531,8846.428533193652
84508,1771.3984422592657
103706,-1096.756477527837
79723,38929.855939360365
88897,15466.517967758668
88695,12003.099376922542
87380,4546.679782577605
76070,23142.902138382222
99342,13643.254973111585
79110,19635.02539050211
89341,12732.13972547237
90330,17820.748015939294
93894,27475.008805229103
104137,4220.152063548976
89113,12880.56893283511
91150,20783.028996913832
79621,25668.34994917118
86822,11461.54860113479
104869,15255.936363528283
93874,17497.786467514117
77606,28036.588155798832
96981,9363.5114835583
88437,8384.898190193375
87834,9520.48346728092
98923,13083.309930353502
108118,23805.947704210674
94447,20218.122368426153
99454,21052.517401854875
82144,17640.06070609633
83494,14438.375180435152
76545,19282.652942061322
85852,14987.277360609307
107056,21145.688691102147
95419,8896.243280029885
76570,19186.44315520593
91325,24248.020518183293
98990,11172.992251839602
107639,15600.091999375893
100232,10713.752776575799
83318,16252.258658582821
82277,29899.83431917408
105198,17690.19946004928
107660,21217.598758276836
92349,27878.1563231728
105445,17218.239834904907
98333,12156.985794405578
100919,13680.306173985995
94295,27571.60090399467
105853,4973.6597166758675
100457,9414.847315983214
77726,16561.836437369508
96027,11080.416379608849
104201,11535.30949859348
105205,24789.63841218414
94718,105366.33224870157
96617,13020.74245608008
81405,13184.636279521363
98642,16041.148066775957
89156,14371.069095979961
104916,11529.07577739437
107696,27248.080347655345
87902,12046.051398193256
106870,10389.821840617675
106153,14621.866400559607
85108,15202.038080764163
106590,15609.011776117331
97948,9196.595962481495
77144,26726.94586870027
91535,15553.835990804673
83900,-204.70490204875023
107374,1727.185407211262
106805,15493.013168529262
101971,5335.734579463839
103690,10817.490976368823
107830,15872.885312410863
105302,18582.200972638042
90504,11775.556114308376
91865,21456.481660973426
107204,21124.778219930908
93231,27329.007065882433
94654,21375.742725167143
107435,10217.010352973077
78616,28055.834938212123
102268,15202.354823715365
81320,18592.817815635033
85005,14121.313629856331
98032,8177.096081032756
92938,27782.50141092149
76177,9834.75356612427
83869,22544.494980938805
85806,2964.913185478137
77987,11662.862659441158
103802,10761.620034116044
104020,23811.410635172946
93262,25739.844970889655
92988,26400.1618000817
84434,19259.07386104191
95648,31997.234211835657
77947,29990.17595657182
76135,19331.222219420782
80971,32230.880612124573
105584,9477.744130088893
85530,11454.91155618049
106515,9089.75527797892
80686,29215.85109162152
85040,19351.408347024353
77404,9914.987929329654
91234,30486.88930449046
99225,13366.50694213936
88808,12330.217716484403
89948,17672.64125403623
107161,-1391.4697848240576
83683,14154.946214062931
83709,18139.993218114196
80256,20206.567631965965
83504,13379.4024177403
90112,9331.747670300596
93042,28564.364736695665
89466,6669.663690549267
103405,14920.846899429325
86026,38453.69431296317
86824,15462.29493762034
79357,23301.91076429611
78812,11811.5578682554
105364,18082.835620444876
105744,8452.470561274644
99819,21235.928970799196
91051,24023.516044003263
95688,20336.34616743411
102174,19896.896553852843
91914,49245.09953870625
86568,9671.746586771904
98761,-5852.795985529199
101252,10281.55144469452
91406,21779.75108008433
78069,15143.850319676929
86168,21444.40500600199
105858,11506.066063156217
83972,18002.344681956547
107196,21245.226522954978
80990,12148.387409941237
101095,14747.037678412617
93806,23368.433415021093
104535,7506.0543244108285
99257,11695.897586180818
94967,16422.51439378104
94257,24806.561683414555
100543,9847.230631250091
96277,18244.04581141335
78730,15891.649167537775
82370,19554.727537947794
86050,12912.686737006898
104245,25551.172210118522
89903,14512.33689202261
106353,14551.172762830847
90055,12438.208943830658
78070,23553.143560218457
84302,14475.062070135391
101048,9649.649046366361
97981,4827.161455109059
85001,16118.691083511429
79444,22479.835589227405
88862,12968.009256661062
90445,13688.175125559555
92203,33895.1178549746
100623,10998.382817247588
94528,18887.269428238207
94482,22609.91122139645
77706,31585.2477791895
100947,9688.41360577814
94367,26910.147771911314
108205,20212.541312836776
77256,24574.538593955065
88458,17428.483939614514
102997,9319.69187998233
88421,9999.88368108739
86001,11464.380211107347
97594,14188.58358778537
76992,26740.424421909433
92157,17901.421932588546
106018,8355.771042661367
85491,15269.242712867248
103359,10814.35465334585
101024,4064.1302284761477
95167,29169.913132855545
93493,22909.312508277264
77624,19605.084546127553
76803,27058.226472192888
77142,22388.128181714892
86693,18867.243212534137
101755,8303.80333036776
82229,27840.177550597677
105220,12390.232847917005
81442,31512.59906575473
92017,10553.32830993554
106471,12180.412439713531
86231,11682.505924791003
92036,30840.552921614835
93224,25072.414241705377
87139,9965.687728358334
107623,11153.020294350728
81066,25064.248424591948
97790,15279.862947076297
76514,21847.376251960293
85297,11247.468867819292
93020,13547.00894694114
88666,17560.7803142517
98711,15720.282122624547
107486,19885.14890722596
79363,27580.742679324358
88053,8059.410289503368
87127,14451.6457662036
104704,25349.464327096386
103808,9838.922190280351
90199,22486.599724335152
92950,43586.55756847853
92002,29606.105363274288
108435,15717.471042408983
86748,10030.150363702116
86978,10514.595850389469
79932,26578.674701865282
107382,6025.221797568571
82616,15023.124347341556
99198,22876.073623868677
96788,10334.756100604107
92073,21893.954466614225
92060,23648.023029566593
79559,6430.090339423345
105276,22151.917771476044
78536,19903.29933590741
86795,15633.82498096471
103739,17852.618439798236
105087,10444.380061559652
106499,17013.739822712738
81009,43148.91700793711
77053,26487.76081209753
104832,6936.8430472143955
81864,14907.539479737974
102634,7640.008790496144
90510,7886.065485476993
103001,7396.00073056793
97323,25562.723943873472
77996,30693.213619065224
89082,16184.026068667392
106910,19962.411403779388
83882,9170.818058890496
106459,21159.399815406105
99678,8104.529249345651
92583,33607.54412678135
76986,24152.174090724184
90844,11592.163044147575
94286,14927.832180798474
85208,11766.214074769985
81224,24266.485052914824
85569,6663.224451159585
78152,24285.01735323706
93054,14673.348841753588
93481,24182.820905159715
99735,14645.051541509054
88060,16470.184070884363
97546,13244.722623443608
81083,25878.35569545895
100259,10886.602758623514
77751,15269.872389115146
105093,7772.560687358302
94991,22425.648937635804
91352,27124.9957818966
99901,15953.937456208012
83577,13490.189316659249
95846,32461.595434449097
89917,16341.224083476169
93394,18999.338903116386
102805,4891.343615838006
105448,24459.319096626547
108444,14745.890559938567
100862,4784.948115403209
95006,38109.98241889891
86446,7921.153800152259
90906,23187.55777317106
95336,25373.732680510628
94904,11882.607066568919
81105,13705.764132055818
78132,11297.39735234925
87302,11467.032116905157
101471,9691.231914584681
90015,10093.064055448156
90539,14215.82331051537
82418,7733.326402048233
79940,21825.078568937242
77401,28669.162811742768
79054,13584.22229660301
78493,38816.038557299806
87727,10922.344329710842
100390,8406.395110110294
86020,12943.794933004923
106293,26077.854994749032
105435,15029.986126983757
81992,27851.05976136416
92805,21177.500590676802
92871,23338.452062180528
101833,13841.902150512047
98352,12927.902734842197
98629,13692.808657681238
79700,17028.545325143125
99710,18455.83751803081
84526,20683.18452972349
98636,4063.417005767942
106829,9295.262519221247
99652,7109.040486976206
85469,9353.262971694146
82224,19352.2248694583
81899,22335.837811959085
94817,23133.04421298946
92379,25673.86268133944
94423,28964.21302923815
94010,25007.219687324825
84867,15869.990077363407
84679,15351.580436502267
103292,12759.959591933872
77349,19312.670955045578
77697,13305.07326639409
103017,-2056.543991821094
79727,24225.16307757123
86490,11017.20336651192
101009,7853.184129129359
96540,15647.770636848962
106974,18302.605343643765
80055,21365.142232703514
102035,11332.938096002405
87843,8307.54256923722
107868,22950.87504154878
100831,8775.954063001514
98936,10316.921801120146
96915,23854.479767229313
88473,17528.941786003124
89030,12707.599006448709
95894,22449.79029432719
92113,23521.381864815914
105809,10525.399357871263
99360,16059.543131002622
86746,9501.854845141315
101917,10021.72076279857
96687,14265.52549913595
101210,7944.075226386727
101146,10842.331371460248
104900,13015.882922394178
85924,21330.85543183308
90544,8173.201002132553
93003,22805.0928990845
98738,11233.009828892253
99884,10051.065553647184
108053,26876.749751018597
90188,6420.041755720271
91970,25471.080406495334
103257,5254.665042578345
83138,6763.813341405266
104017,24118.45754790705
105104,7433.969156600637
100054,10949.626734969721
87155,18218.380114221793
107600,11237.165162789366
80848,22965.61546087014
86709,18929.42259208394
106214,30016.118256007605
91963,26491.518523267405
97698,3519.098958322369
106109,12238.504094135187
88231,12232.147972005881
104537,11702.7490018493
99388,12895.611977610286
94517,22709.17068779607
76658,32363.152342104262
107430,21872.938131885177
87408,8077.99823424936
105971,17069.3626099046
90264,15448.643985023373
78434,17689.76494221259
88248,20687.39284778665
103386,6820.531291037303
87862,31667.138657174968
83101,14875.476895138476
92350,27651.770676695236
98624,3191.432476417751
97298,13376.658020196992
81919,18458.87702206216
80556,26644.214262038902
98141,12982.82066060735
88205,14952.750055477476
102779,15884.698701362655
99926,10026.559824906337
101484,8096.651458379605
102869,15377.794476676569
89043,14082.250865344206
92878,26926.47853612985
101071,15827.036594174191
106583,24264.270369589594
106819,10610.34398942516
79956,16337.052389417811
90659,18376.768602755183
82276,10795.494493390215
85881,18037.364806814774
76753,28661.85146845691
102970,15521.444008404767
93126,28980.335327960638
97964,12373.410448475004
81951,10311.68582468587
101200,12995.949837132388
96104,24817.78918362477
78169,21837.97344707195
90062,13253.555040593856
100918,10816.62544837427
108353,11484.32857010781
96642,17724.360310185253
104763,9537.330705116807
100926,15154.794935437021
107597,10999.510045945166
102765,4639.190164675032
85805,14754.551501240905
102162,13389.20455175926
82952,15326.288316824328
94184,35364.18962330748
87797,14784.250538609664
101511,11920.985788489808
107686,3128.6985191220156
95366,16520.24455098787
78349,8430.446009147105
100908,-3049.5023364527915
96196,7675.154505176588
107677,22136.26349416827
93603,28675.290781645625
99861,14659.599895287476
87456,15299.423998192917
82484,12229.545232567663
89252,16902.42657006533
104243,20147.83377354158
107181,27298.360767727245
90446,144.75438449503417
81412,18946.551983609435
86732,12005.282900399383
103972,9471.069758154019
102586,9324.902857763065
82466,14107.657081283105
84937,16788.364014073548
103038,15877.623676660092
104111,20246.36322055396
101111,15133.304667781358
107812,13526.58574350165
81483,19549.540552727274
81303,19733.527732434515
105370,16227.162715278175
80504,23694.755347318904
85839,13312.073922429036
91560,21250.839837279775
92722,32644.998100499983
86115,18736.82559586347
88062,15801.585443649217
104876,15568.249042876032
98777,16915.271707891967
92504,24261.606761442235
94025,13305.188115718753
87253,15119.558589500535
106668,26775.392016453217
100007,11397.098948432089
100956,15492.823893448385
104055,16365.503411320988
83761,12223.542769174685
79429,19851.411228494322
104731,22125.287140223347
104125,12357.678954680589
95628,23919.39244491666
80913,25801.527289898473
85196,12734.262232883142
102697,15954.616266247242
98587,3916.072228731413
106771,19079.577088861566
90889,12345.831397673048
99697,11461.221401864113
101404,10764.742736641932
96283,10838.8435917091
83072,7419.76501340387
84053,9399.327225068253
92435,27515.54782225402
99445,9676.508875007092
94604,30339.72691664094
105585,20366.445470872262
106189,13730.529203501534
108456,26797.122566771675
107914,12166.618200921579
105646,11403.947790931223
99808,21008.965372798397
101337,14224.271964278767
94636,11158.3461706977
100480,8648.109981443366
104644,24821.403138626625
96254,23595.110930358944
105238,21959.8319355986
99534,6106.8979341641025
85285,13452.646235544224
82145,20598.608280647022
79604,19322.095860410394
92928,24566.580368281662
82245,26016.21498392848
100973,12361.017381877686
76365,17510.582691609878
79164,19265.053083593924
75989,18323.96649183258
96557,20189.998954903524
95029,6391.856853153797
107817,7403.342518638687
98521,13215.186776183193
103150,11407.734420502444
95850,16432.952061675882
102008,8828.121230408782
106002,18458.850574992357
106077,19221.884204140348
83367,11520.856088859502
97196,17253.380136382184
76566,6689.441664113823
104384,23899.18962560333
80692,20516.457631426074
101094,13287.278537777729
81800,19488.772585442784
86722,14812.738351566037
100318,15925.527869852674
104827,21446.095538631092
98244,7729.31710595304
94712,24665.181548648678
98393,6694.957017231307
80771,6409.942268305378
86607,18063.482574093403
80768,10718.12855615991
96949,19190.44173590024
87207,10527.104535928338
84629,10702.900792442597
76136,22168.8705916627
76644,9121.542016281608
107649,19043.08078012691
90281,15856.594885828159
108187,20278.843562735008
92025,46497.759875208234
99737,23788.39191820434
90801,17286.290964469696
100790,13802.74348520742
102558,14436.180504957887
98713,10489.993513828984
103633,9007.678459104754
101449,14525.056788681384
81515,24111.17643976039
98364,14878.89378682686
83966,13981.360485415225
99995,13639.810404314347
99150,41671.61321625355
86873,14327.911445294325
83731,22857.749670124627
80810,30473.355176577195
94650,19867.913067318488
82521,17399.199167282335
100255,7956.72284523175
80454,7572.821749820712
105154,15760.746022022984
79689,21641.16030557169
86810,10243.166786947662
82113,24378.63406918824
85929,9413.535033076188
77522,28674.80414236407
103578,-49.02383981316598
102688,15405.008100462474
90791,21155.54233413907
94401,32215.767331820345
76740,20420.07065514649
81666,16574.050330202044
100227,-14523.052102654307
85673,11755.271411256112
108395,27106.026805585207
100214,-343.74851307820427
95659,26342.40466404355
80490,25473.747714802503
88384,12272.012705285702
107062,8028.9564597144745
105277,9494.280936044315
79265,29821.18836681779
84984,11308.923422147305
77376,12960.327974224962
77355,24939.552846402326
86313,19114.30273104276
99285,23664.61237760075
98028,9540.528295699878
77611,15961.640806560335
90056,17056.06295240603
84773,9034.971954650744
99264,18815.17901211566
100948,20035.171578751324
82379,34511.79468077692
85047,19256.160670811056
104114,19826.18536460728
107632,18081.977407451774
93536,20245.636049816683
81421,28977.28069917902
104793,35543.155767577824
88141,15682.416110282247
102679,11205.702827560704
81051,29019.528768171545
101005,15818.577246794888
97532,10540.848743052717
102499,15035.508225069145
89537,13216.319273188543
93046,21503.030677478033
79823,20760.052181021045
98882,20604.384495531827
97094,16168.293939865885
82461,15554.68939258344
86118,13174.012048070199
89801,7384.446234065246
83127,12954.51675492632
107519,10538.67160412087
82583,12218.754665428592
103259,5493.434792811448
81152,19514.035101994697
106206,27075.46465428627
96706,7915.040485520662
88303,10219.219397755525
94241,25713.71627595058
95076,26196.149375965233
107546,8374.18105376371
78467,18207.421363231617
98304,19806.03864810744
95393,19812.77436714973
98134,10784.741655539647
104152,21151.92573285728
76818,22019.48308714836
84707,1407.3683943667747
87889,15910.583083739599
104736,15999.959940126517
87844,17844.059717553584
88388,8028.813503719262
83940,12164.248355139916
99536,18690.3225549972
83313,17398.663146017432
89864,16947.742116082954
106944,18193.998631909028
105635,9027.632165924428
83110,11695.876059242877
78937,34780.187243859524
91724,22755.173372163154
94886,21820.36639681882
91449,21092.78423061023
81745,25686.593793449727
93405,16828.00573591717
99402,-6016.289752541859
94317,16080.70038528355
78503,21732.13548016026
87111,15633.82498096471
108538,17438.7371464752
90689,8616.002986224461
84402,19536.14553031192
80890,21458.90343502655
101682,4792.819230716759
81874,9819.103173824538
84259,1263.7696670197693
96616,17825.846542974563
106173,4608.9103200967
102534,6616.60198455078
81629,37820.23026470706
104910,14341.948019357358
92100,25623.71688666787
98454,11701.575208506672
81880,23086.817392603938
83346,15552.541831966373
95335,24474.968967128614
106693,23832.300805805306
107432,13235.208688173643
82694,11903.246695510981
100199,12198.220550013735
107361,21430.24355865384
88659,13603.072990587876
84237,3356.8121409629166
83666,11494.701836892302
104468,25297.891306582467
95495,18741.05743855022
84298,18562.450804242813
108427,15301.383088820498
88238,17234.523691287024
103836,15097.880292274178
87394,11403.564072153127
77799,17266.508921174984
97905,11300.514551670767
101142,15791.15115251765
103274,4090.6108000568092
88302,13605.026584276084
76533,12022.241565460874
80080,31122.935951972988
105134,12995.467340158706
100792,9181.055428522059
81408,18922.33057045194
80410,19229.235693912913
86355,14304.42031806483
100954,8523.68936138693
93799,21083.551400265984
100810,7858.312558311849
80379,15812.810164398446
107796,20716.050912686474
94046,19308.106503539908
99931,18947.941911496793
85890,-906.9584495085364
106923,17165.077016476458
98319,10870.768564121006
94853,24016.622475536155
91069,49103.81960309229
78790,6182.925403571582
92697,26835.624178377646
94765,28211.95541036709
102150,10867.11725196649
105768,6245.28875455412
81755,25180.065818376126
96933,10656.543788539717
92136,37231.424571501935
96082,5231.033547868268
108457,15767.754242400773
95142,22701.337917542118
85688,18550.452326164967
86672,13684.60092658863
107583,12136.054959188517
93369,25215.862264739284
97637,14573.27785200755
80868,18195.744855053556
102315,5697.831924455411
108428,18223.63972809594
99478,8219.284685663537
98906,7701.252841299538
96394,12870.736975096523
106032,16991.65322936863
76121,20231.498022932046
92642,20394.77868093753
94725,25744.148409424914
84528,15134.695056642704
104492,13477.085270806683
98456,24290.247003772838
102089,10082.51930123895
105274,2680.200759598669
91436,26707.11904773647
99127,898.4986030193686
80416,18320.10079823272
83419,9356.73692480183
76209,24103.896561224963
91874,18611.12867567121
107892,11083.595070312844
86727,9168.487638836603
83096,5616.225185363337
107036,20693.15380842417
86096,12560.950026875907
89684,10003.525687267938
105301,11454.119688777657
79056,16048.823355992674
103508,15716.155890670478
102651,12631.105669318831
76605,20250.0524476315
99170,3475.0160981668014
94850,19049.964454326873
78638,11909.873210329173
106031,16896.4391014589
104955,12722.967051070838
101565,11018.226067124362
105886,25264.22107362151
86499,14328.421286554712
91809,31818.63146325287
86033,10346.996971066506
90761,19159.866736035565
104168,28213.58981122469
88048,17648.200389900456
106343,28558.757729568104
96568,9163.456543793734
90082,28729.40529092795
85659,6210.716385367703
102950,11055.801244975244
96231,10691.604466510196
101781,16001.877026997285
103210,7839.7491034827035
95174,2928.2211235207833
105594,17224.665723967195
107809,22995.38301727858
81222,30083.696174771034
84506,22284.683705763804
83399,16971.51899422817
88318,16467.302045442433
106235,19708.572752892
83952,2659.5067180548303
103610,12718.81089930598
107273,18842.958574221277
102134,15877.623676660092
77708,26789.699262865186
99754,10855.968425282856
103372,12291.702664552606
90457,6792.047369681111
80228,10145.112449947565
105630,17855.39279604911
78448,25757.17740464732
86729,11624.822349421913
108510,11516.949372711246
79686,27681.529801611756
82677,16450.754499954033
94161,23905.23481970624
93064,16609.18817877356
103595,1201.0779727813606
107257,5444.975680969137
81162,27866.183676268778
106410,10505.319178284886
97829,22234.140202618935
92429,25025.199601612538
90183,18019.50877840516
83816,17068.019127565665
88613,9515.064924743747
90025,4994.206463958326
89004,4880.7992029025445
107997,19714.510236926195
97458,16205.721376123209
82737,10223.761147587393
101739,12882.95394570434
86766,15003.622943550054
77098,15727.55896064881
93598,20765.995246300023
108115,12874.804110732583
107653,24825.30591695234
94706,23219.039037217666
105344,12133.573671112275
87516,6040.485856635223
98959,7922.3080575618515
104557,9329.214238562095
99137,4327.99588919177
102126,7168.087828192474
104455,14684.202372720381
104278,12255.013605047046
80331,25130.042457013897
90087,19759.121328342684
93700,29930.74833900799
108517,16518.518204373722
97373,19643.104908614914
83394,20887.09020277604
100989,9732.016140202399
82625,15772.529970320413
93457,13893.808972623676
103186,12226.865310729827
85133,12584.941582806725
101198,6469.175717893666
102095,7845.802180172675
99684,10012.672770545687
83595,14274.604002132719
76960,34701.575858275486
103015,5890.263406095615
91987,36301.518032946406
78825,28261.261871727856
87668,18281.505056845774
84826,18579.95937738053
92309,15463.942615095983
90969,21818.497828729043
92987,17327.09580907038
105317,14936.437991098805
93606,25256.259430170394
95536,30286.963974152808
92839,23740.028937466184
102133,9592.351984117462
105225,15119.16057780867
85627,10344.018618903112
79013,40444.903697281865
92008,27978.71542933925
80983,24001.399495918085
106475,24019.90474710623
99357,17423.90543230407
79246,21101.582847381676
83200,10189.87341489016
79656,20369.265365130308
99031,24769.855067221055
82780,17769.306959979942
88310,12283.146865452924
98056,22425.722310967918
77289,28117.091090296766
105503,19064.574963048253
79198,30305.537504889187
93429,26052.36340863267
97172,12748.011311821683
105958,21312.883404697106
103180,-4020.5333305768763
85825,10195.618828271978
81725,37850.05913725852
86590,15414.766075415304
92366,27770.494079812088
80589,69551.50161943462
95454,20862.280310129354
104525,5903.6233020037125
107646,15092.474104790243
99226,3946.9162370867325
77273,22531.88445369355
99642,15504.845363494751
91195,26898.670509616044
98641,18478.32158302486
107724,24302.461912068145
89646,24451.096217625487
85873,14632.867987004847
81468,30437.683244055956
97648,9784.376591781907
85573,12303.114157391272
102394,1891.964118829761
77771,21355.85111813047
88122,14642.24640402023
85640,17193.545729231373
97560,6052.163347777154
100584,3298.882509126095
97404,12812.038773254444
82414,11416.06328246099
84609,12598.25056910131
100462,9679.992189788109
91573,17912.866190934554
94716,15112.163111328355
107560,25021.4755231205
79627,20717.032493064904
83025,13137.802097604173
91918,12052.676260499637
87344,15999.30537892691
91683,27443.970278408677
77259,13483.649304040058
95887,23151.339771423845
96802,16161.497684436285
103965,4622.099620212677
78110,11198.017278137559
99144,13330.385515244132
86801,13233.275309507411
88181,7550.582927971325
88262,22044.840368346904
85846,20380.21624968261
97896,16553.570264187303
92462,44550.76944855758
99668,19380.405221988356
89440,8994.633395155033
82867,25393.02094106866
85857,12619.289150210272
79583,29899.30158605432
103090,8892.983644784512
104184,25921.35820564947
100921,12945.908234633836
83124,13794.565326870641
93320,30727.176155422163
81985,22662.725792214842
89618,17727.11043522856
90086,9415.795223156461
80855,26786.379791026626
105114,10155.958684327969
92497,22901.47787634647
89049,9947.95325998238
88584,19892.672678983796
88019,15990.752804280259
80119,21399.591318754858
84879,19709.676229457848
99293,15587.451176615228
82515,15129.028688263093
97600,20559.809063961115
103737,11368.433208584696
102387,15952.267712279885
80404,29008.501206463672
105785,34838.63862372544
76379,21148.664260523863
100569,14159.278031530797
101553,12078.68118716381
105803,7073.785234160223
89151,12243.242033175806
102960,6600.733856944331
103094,7533.669263256126
92146,10521.32269780945
97802,10888.993365636914
102939,14050.319059834192
101492,12320.096424922629
84207,8661.604752069601
86995,11687.595080147465
90024,22009.223650808904
87536,8177.591196389516
103571,8591.788792440524
87529,12342.970129882378
96756,21841.9220254791
92326,21886.58278351723
97609,6520.393789359106
75984,19657.822622074957
80733,37731.43556960137
77150,8510.624395794865
102496,5316.759837861873
86666,17213.534878501163
78836,13237.304703578964
82444,11945.929729568597
104414,21645.18671351858
98585,9761.711110590586
85191,14180.209161792955
88013,15314.266929654808
78962,20671.008337322655
101510,14329.290144076136
103438,12739.774385302171
99474,9099.02963650675
87180,18055.824120162826
82983,18565.06891610985
87503,12441.118100270214
90410,20088.581645325386
98416,6678.461148236416
104117,12257.666772687026
84900,6125.077337474184
88565,18136.203805224155
93797,13935.567911806855
108131,35341.51565730653
78848,17802.192000607298
88151,12035.99009712672
85081,12860.252942822346
78163,10771.723992460506
106580,13573.48090745516
104638,14339.01235150747
103696,11281.108234168181
99589,9407.071203404419
79699,14119.503234675522
95129,25549.11468174862
102173,12847.047839279247
92811,22962.378894886515
84986,6915.340639958602
84162,15232.76381092782
77340,22763.386867048197
79685,26512.30596807235
81423,24108.884724298972
93745,20597.610085544093
101399,13319.659715643576
91611,23496.845897824776
76973,14523.146787931802
83734,22654.99620061616
79526,24338.75584349188
80087,3151.193185357237
102186,15178.378351112235
77640,28536.681375532844
105138,20322.27998501496
79146,26100.878454803093
91713,15899.091532792943
104230,26122.87592999042
101896,4717.612453697282
107587,28824.996918296158
76461,28437.904013105035
95587,27718.47153219664
96185,11722.36461935399
103181,14523.061318416465
107643,24371.12701635486
88948,10184.751951709852
97565,24349.867597727796
83821,13124.760359515634
103781,11862.498917615285
81677,44459.23829644488
107975,17825.71436877821
84106,13406.858972170117
93060,36563.905006446555
81078,28890.593359063245
106748,23353.28852731668
79264,39886.65726188519
84098,11075.08194728573
87838,23878.0028269841
102957,14080.55612186141
89353,12942.250809873362
85492,12240.410928280922
107957,28129.528991855175
89938,13295.166492929333
90260,9118.165126795662
89571,11823.959464081709
106963,14511.957399792353
97266,11038.745342496602
80413,21654.136497214102
86028,10980.310500661693
93343,25366.964824094146
105232,6553.7777025742
107755,11037.005716000174
107326,10388.535349147973
107571,9729.97508226952
100062,8997.093379877628
91477,26340.726002044677
104598,8303.55735454007
98614,10493.097010337115
104034,26580.787627971134
98446,9671.942326160673
103023,4798.6607922344265
91550,22824.011529417232
81211,24194.96414996706
90619,8722.780483309143
91525,31416.68443144231
104422,23808.319258644402
93555,24226.569252966834
88346,11039.179101622758
102067,4688.22116981147
107051,19893.49362350579
89642,19297.845054013047
83492,14841.671355271468
99169,14711.179447116852
85964,10155.006603769129
85179,12740.817258002557
100677,-7352.482922839827
85529,13693.36034085997
86198,13436.640996355076
99532,7198.847476031951
80443,30826.91886230107
93248,22737.283504701503
86958,12478.85316174251
77942,26323.595141751182
88568,18819.366489391585
81730,47142.281865825826
98884,11462.557795419041
82267,17936.71896583784
88088,11277.292401292738
89578,14280.706190089593
83568,21123.559542825384
85083,4599.482734308702
79222,17141.517439657735
82543,12138.58052736388
82611,-1674.3846161668953
99708,19226.569327814985
97699,7837.684946895755
91371,25275.335105462676
101757,4172.049437744059
104417,11915.645396873384
99830,11186.041741846551
88477,16793.41720562778
104614,16260.149152260823
76098,25972.399498553088
92143,19909.15876499834
81343,25391.1678624363
77212,26205.951447990505
78262,46595.556459633226
95097,26370.73884914381
84440,12518.979719653686
96942,20537.731297322996
101584,8921.688821058297
77202,6629.032011916872
85173,20685.80909422472
82953,16517.85819410281
81151,24284.74018945068
104377,17306.75107145834
86697,-13778.012975198686
96650,12407.3401967464
77031,22078.536737654133
82235,31971.794838630347
91333,17004.34006735234
103393,12037.474390193238
76254,18895.579571348946
101592,13356.538291853805
101865,13319.390396673807
90819,15151.241385928188
76941,9605.99331938884
91974,18397.650998294597
102930,13439.770131268826
96310,21056.930678343833
77912,23232.475719814498
108119,15824.03808823071
93631,20593.25766086804
76592,19839.360975784417
94282,31824.524997707525
77715,24580.592904388996
93747,22122.785791818238
94560,26456.382522708835
90108,16949.607820606405
102128,6553.930012635745
85820,17433.425539948235
79541,13926.132401441111
102901,14752.304641246748
102761,11221.75114184838
91536,21803.928510924172
82089,16332.235246190918
108489,8733.985365581852
98409,7834.586274043104
79151,15871.093693921834
95549,23635.56413091293
85472,6908.417128612513
82072,24844.27793200941
99386,16873.061776456583
92932,29149.427746142035
86525,18268.80063571206
99013,2762.3967347923044
99472,8212.899954749631
89967,9476.223840344985
106604,23547.692680902797
91608,17460.26175269937
82249,23571.818481220973
85445,18726.984434270205
106905,23545.05542307682
89122,16892.890461041497
87056,15639.434191746857
98254,5825.396858837272
81697,23485.86966020899
102542,6835.508357254686
86804,16642.608101675643
92626,33313.5128094137
76602,55471.17200281923
87943,13201.828787615554
95438,21898.954460029363
95823,20612.787431843615
82403,66415.58695980549
79347,22344.289403851904
99419,16205.63627159235
88561,10507.335427940117
104572,2107.8600907741093
108507,22940.274401585873
97900,7437.20571991579
89733,15463.30970280046
86211,5059.1686035483
96713,17050.462062909824
107123,13823.401477384432
78086,17475.306489256018
100576,15024.614480909855
102589,17289.058397767913
104477,29019.289889381616
103487,15283.609637018038
79189,8498.026995752189
89098,15178.60527655699
79787,29976.68092811233
84294,16568.750189715673
79128,18678.719714690906
90269,11172.53546789998
78251,24699.850129751412
80572,8748.43281443352
75986,32164.80559503296
77619,29687.344151867583
105025,17399.087588154434
93882,26519.095311225683
78338,24808.404461098755
80621,26223.40664286101
103601,1700.5628401163813
88170,15794.94573554548
102889,13438.608578403542
76347,24301.85451506275
106080,4125.503955305794
98834,25267.100712528485
76498,30837.715274890223
85104,8118.980762984156
87534,12788.535771499479
89883,1322.5014738638674
88738,4523.213591125619
99252,22044.808699351095
102696,11841.188769821529
95948,23121.16208611866
105438,26882.053171122185
103463,14054.799908812482
100261,8636.873265190543
95315,23485.55305269993
104172,25973.481030549898
76502,27972.62950415206
91569,27632.284702419773
96071,12748.380529698725
105936,19050.075253384653
97089,18427.220771537177
85434,15277.518977646283
88446,14081.780220726258
93751,27455.43783603245
105399,14835.679896196016
88174,42141.47722871284
88555,6461.315912178723
102346,13614.311993962481
87144,12204.806169513937
101990,10974.64136230347
102931,10630.796682687054
108317,13037.925383405149
87976,5463.062336195046
97988,13625.767291795517
101822,9742.392843099493
82536,13383.199220879374
80676,37569.57371349467
91255,9101.323835629766
94069,18665.665888119693
91894,27196.057381280458
108147,15603.061483353982
76928,23703.16991532336
82648,16255.971552858795
79426,12636.343734104448
101936,13310.629242672727
107567,21955.071674469516
88776,12112.453905680328
91113,26635.75013283598
84568,19409.575106498836
78044,28516.53359588084
76929,32880.66565514066
102526,4536.177375769323
92515,11694.918394136257
90009,8804.267667446906
82978,6368.952045740163
104437,16226.03497667376
101451,13901.521668716718
76325,26905.862220179384
89491,7755.388140730825
98435,12556.590121012001
92282,19513.092608719126
82209,15262.603187995293
88705,16473.489256769826
104679,11034.496396190852
84919,8288.829293651903
89998,19785.141696971
103520,2059.0101822698743
106857,14653.536505229205
108499,13990.12125105056
78893,43850.523435164054
100860,13545.510226426517
91684,14166.218210138504
80617,7115.360973598281
76634,33925.0010038043
92055,27215.280164880034
83030,-2484.1440629204044
86154,5550.882820376457
96022,22998.343941646603
100336,18010.895534871936
92663,14732.046923425569
102884,11346.001547802465
80763,26917.675443717155
78329,10148.049382617504
87867,12904.659811963382
104353,26331.284050871473
94284,17394.925529477496
107996,21446.69432092271
95784,25789.673318686735
101298,17337.713864222787
95995,30713.42273365195
102718,7391.562029018056
93623,28564.369382287907
89585,19028.365203672307
77533,23285.14675171137
107550,16724.049940969784
87760,15703.474668592167
86299,-1314.3495167268302
83152,10687.300363660379
91322,30474.946787757774
91286,10525.220072790851
89231,16123.277906414382
80082,7659.964795781401
105518,9821.007066775835
100224,14189.968040772903
97261,11638.990227483106
99651,26785.57326445558
76487,10110.3604837866
76867,22361.582876979828
84574,10755.882294276249
92378,34580.167584128125
103934,13739.221622154233
108445,8675.184049164991
76872,23323.256055450074
76180,34319.97417784447
106906,9832.95599738461
76431,28444.342833871695
102603,11061.742777530584
78403,15010.490981826651
100799,4746.6056752794575
104755,15567.790568200773
89602,20353.353297436435
101656,11896.459036187589
79362,16065.291380285047
102262,16928.80977496286
79884,17932.67798464994
97740,26408.11707359019
101264,8464.08072779113
76525,13430.601970568208
101988,18781.346828653994
102819,20128.464341605264
95501,26715.1774425073
82890,13999.708910480966
94413,21052.587098983764
77898,25150.837362268638
92991,23834.079606697975
82055,10911.895938691989
100865,13370.342063026485
107388,13457.606074897598
94252,25338.164723015754
105973,6223.824238350007
100976,15883.912587506815
106212,30982.377528865192
76078,9785.788593512007
79014,20820.06656803019
104787,8689.090415202496
92342,25759.76673952111
86334,9031.859178960576
94066,14552.240901570036
76062,9770.064642381098
99371,14217.454664622197
91498,20968.05412881533
86406,21134.71757201109
95531,27382.657190248057
93274,13446.255083629234
100190,15652.2159507227
90424,21966.567234561848
99089,16629.52370391723
94306,18334.006105117598
88209,6763.07038608232
90029,10857.63636729469
103397,8880.616097787315
82341,28942.89719704567
92358,25605.400433826788
100389,12748.685699126803
104886,23753.296363293346
98404,11858.797979674748
85100,17392.454392090433
84878,21461.085226773608
78693,38138.01326673649
91992,39784.00624297011
105754,7212.383890997269
89594,18950.603227610856
84756,3518.4012549936233
91795,37819.83079259846
108235,11410.96203809202
95474,21343.747738775422
103485,8316.37616043088
107700,9791.213351639486
86613,13773.715915322115
85741,11904.325073995418
89372,11788.834944562284
79735,27241.756729396366
76186,17253.265565190362
93135,25337.795973125667
108107,4818.78152125773
95853,26900.076632542903
106625,30301.838763864176
94400,20431.457682233664
84893,13460.740327181175
97777,24333.021990085344
82127,24740.164318566465
102116,15907.144776954647
84330,21048.41346677405
105251,22687.88286407438
104115,9981.059847824938
93746,17282.28711791366
104982,20354.70170436571
105988,10359.548745939914
102562,-5421.60107561421
100822,12439.398453781445
104409,22337.199043327277
80140,16533.966287451003
103317,13061.18547984326
96145,13055.788176761347
105732,28382.53865731993
100943,13266.05346367004
92940,13523.925951421725
108400,-5171.728102748395
108512,12310.716277009027
92473,37812.62593655821
99001,13000.272645045872
81082,23381.586128205883
108460,14950.673219384986
108169,11719.05060253089
106864,19772.737932059412
84685,21753.59797365398
77736,26580.88852153928
94232,27865.520424064867
89520,-3090.30694280472
104514,18889.668916228587
87509,11418.684465621327
102802,10433.271418871713
91042,23461.12870177025
79197,25468.914522778912
76499,16510.643234990606
100082,13482.26710690367
91224,24915.97858225478
95303,14816.586117687795
96830,14450.090998959051
88064,13591.893777828653
81628,20727.38306803107
84857,7554.608427527997
82032,21215.133061285116
93316,29983.579141535465
104993,21951.129608363924
82315,19763.689864530224
95990,42997.212913886935
89970,15736.154765980176
93407,22292.29725807282
84755,14644.872551969165
84684,16157.455420339986
79353,34210.89000639339
79649,45170.14225462968
81749,25587.874335334505
107002,6536.180324261166
82546,18715.954134249158
97536,14154.236601491262
77580,25862.907517852833
95967,26502.671046883286
108150,4816.125304013796
98992,9744.942753469157
108536,12136.43704805814
102358,3752.229101958368
91856,32969.83549334763
93148,25231.44607260352
84957,15343.774890615918
95413,15635.507556929664
102404,11712.052487251583
91495,22963.06855441221
77953,23556.699660676757
87398,5774.631252255465
95955,20309.56632537055
93290,17511.543459991324
88128,10111.643363116698
88830,21956.795616492782
83397,15586.08768696869
81599,28915.110787306214
106055,12367.201933577187
77655,21216.046836333066
92106,24253.294208210253
96536,13838.03533631285
104575,14766.439609753528
105513,11085.948387405893
92308,20956.20987935547
82419,13921.979588379658
96473,14732.719747596504
76961,31117.84594828356
104060,34908.71736570121
91056,26079.87230161931
87618,19098.639710547635
95253,27579.281047002998
96135,10201.247557329674
98015,8065.860970431342
87695,11865.041562117141
79066,16086.1417528368
95512,28067.54362979657
89234,18364.702616386705
89971,12324.325724145961
103750,14058.730478091684
94180,27532.018822857724
107947,22117.912831616173
93455,44407.801429847605
86369,16002.688040928468
78817,19375.737046771883
85051,8733.08333528426
79315,66918.33506868022
92395,26080.047710652165
82513,14000.212711558484
107728,5055.323180480098
90261,14607.629357796854
101064,14064.20495365993
79329,22829.6003266176
88998,12408.296191302714
102002,10001.90598333482
87718,11272.576305421768
87774,22723.24558939034
105214,17889.139521749043
103055,9647.421139257764
103543,15022.010325357434
104548,3213.6692955681883
90387,9915.16167483649
83786,17232.419639580134
108102,16714.73222279148
101455,13375.990594294315
100577,15959.67783525315
97483,7981.267240640831
103056,11544.624465527319
78401,9747.257979283355
97400,10161.3425685559
97703,14259.179965428786
101311,11914.112069625196
87912,13149.149784843685
97168,9911.982719835545
100833,15756.997030489136
93043,32895.6263453563
80772,15800.907975303331
99794,2765.258956818332
78326,11089.123777698944
98710,8747.08186641876
92351,28715.157566266436
87356,4620.3966820538735
96926,29329.711264443584
100570,9026.79616513952
95109,23530.198646046774
85050,6690.5332755366035
84046,20091.53666967472
101466,15531.601701480336
90832,16786.482923489457
93397,27609.561781807603
107778,14968.787181642354
106710,21670.361486412847
83464,5902.562091096159
93622,18752.27191637456
88744,16416.00826752589
107378,20895.41859624395
83032,11036.469329982508
89480,31283.993165306743
92634,24575.800403239627
81057,6142.23055661404
102633,18470.92636829228
101794,12230.522896600949
78355,14400.444738743692
76544,46811.737769989326
77408,14552.023664600198
104451,27686.891838854004
89254,15947.687657735263
85412,18337.30779593013
97709,6373.457266660045
105230,24517.957737038327
87691,13470.580481285931
90722,12369.266758673457
86679,14975.480067510965
81418,27221.369475964766
76980,16413.81455983999
105319,16064.637923045964
80516,17137.574645737048
88960,10092.466014449183
82982,11341.589184825209
105004,23147.655853907156
78037,33989.17531690832
105901,22514.852982253917
77109,14656.941937058693
85855,12562.986029198739
107355,24782.845208381426
106193,12058.156899503338
97700,22282.032732794556
86150,13860.231817034353
76267,27545.299211480917
102096,15006.865083307715
102561,15318.51061891846
101137,13097.73847583987
92050,39303.72050523111
103878,10228.719014628125
94760,23965.111121646853
102678,10913.024140230795
79971,23128.24275400419
85739,15646.481414043741
79714,23623.422008570666
87673,15942.106249358796
107304,23673.236866643714
78692,27270.18909722971
107274,10876.857784903399
88686,7983.602094915472
90843,13771.085286956264
97507,7079.62318669388
92343,32446.481124214333
78781,14848.996228623013
84990,20609.66970597068
92913,34170.258044091
92079,43716.83060005454
98507,9002.515629665155
97152,19855.32334665274
78442,29322.763374708826
79711,14685.301947847984
96643,11088.133972456219
105000,5014.372892519856
89454,2961.313029134304
102265,15877.623676660092
94961,25133.62679534396
76335,19740.550859313
82897,12083.28299021826
94061,26042.89438228611
90661,7132.550132748493
78112,26176.959136710597
95596,20890.38543602861
94740,28805.699180906602
83287,1032.7970144952342
96668,16082.813316491794
101834,15709.29189449138
77285,29522.439355193696
102545,15771.348920814915
96287,20076.474434118434
82156,66322.58969065957
87276,13323.210352218044
77564,19396.02642232112
105991,8311.598958308048
107570,9640.663655698045
94519,27215.07245457814
78369,30837.479698506468
92674,13525.824945178125
90532,22310.334823720845
85489,4762.625258776956
103660,10325.244457240035
81206,18809.22975420943
106764,25978.56799684026
97425,13064.939489535795
96393,23057.389053451407
84960,11526.730744429951
78993,31992.658210493755
85876,13427.693265119939
103936,12552.371393396774
84201,4550.357151001077
105098,26214.59314023793
85078,15309.973938724026
89886,16004.54909254656
81268,29319.612603179216
79945,19899.25966870352
97727,9316.531361836029
90636,8176.849000752347
80106,7011.122565146192
76947,11902.246333406383
83264,15670.615109418042
101532,5964.846358955048
91558,26990.794171506885
93311,16621.1653651519
101967,5234.839834073322
85725,5289.466543425253
104684,21433.046048624143
89747,13720.061032011057
105165,19689.322942305473
104814,18207.221759963977
101904,2389.760669672316
99238,16535.03281844522
80989,23891.91158134233
93575,19207.72992595063
101536,10234.409978816926
86847,10145.308931943662
99847,11404.334092879968
89212,7286.612738841006
93997,27315.035590264066
93647,27449.896638515427
87846,12797.232554022255
93737,23961.430051344116
77906,25365.49008969626
80648,24220.746461675008
102925,4690.305706142675
103709,14417.601303961903
86195,14227.446094517923
76865,13321.577059090485
83260,16856.264159560516
97233,23251.490868139044
104618,22771.57281998873
83879,6360.758346255992
104804,7269.544348037496
100551,10121.304687699969
90524,23199.459557672402
99669,21418.650323233276
102658,8790.562626355646
101398,5140.657294504179
103286,10857.437934571837
94823,27313.474434954875
83630,11040.642312347689
86079,7574.459590840521
102145,8655.735285845014
94270,29233.18510629808
105688,27876.24547240515
87335,18777.374332429576
89805,14085.564244602621
95093,28165.24679985659
76699,20070.046700715997
83187,16646.496850058287
84218,6609.375555383129
94153,18708.111746702292
91849,22008.899734595485
96202,15407.078309763438
90172,12269.065279196846
98759,9405.505934795758
86718,9619.762448286368
103349,9968.808717081918
93293,33685.02770032943
94622,34151.45156932851
93181,24788.923666608913
104870,12510.362344736992
83247,12767.697970961928
87566,10710.829383575689
77362,22039.4238669421
79537,22001.83838758337
85049,16178.942423821583
81402,16887.59654866974
108341,16977.451473413337
92193,24786.971544306398
100184,15881.31841178254
106252,8539.091202056932
98047,16116.427190210217
105416,10656.717536096552
90872,28624.938384479698
100235,10113.511046267568
91485,21039.39450230518
90534,20615.693970746426
77841,17350.773859093475
105730,12280.96563061947
84175,12043.865139818168
103964,10039.623580373813
105970,54645.04952674426
99843,6970.332700932191
102012,8435.116799928763
76779,26392.046877160734
80778,19006.413384274118
106638,14123.767735412066
88233,17905.287093885996
102657,24545.294416350902
107180,28398.327072767013
108468,16329.55364815191
86399,9558.425045165426
85128,23409.410527858417
99868,1127.5803148934938
100413,12905.329963342154
91125,24315.295583709754
80467,27598.38077729644
78605,12998.819908230776
90259,15378.703854797022
106759,11434.782407863193
101253,7319.192470965518
100980,7459.720467221112
83805,11436.643452765045
96745,6241.840452176439
90242,20041.8511020295
76118,26049.24140606289
98824,6476.175410999389
78006,22117.68759943725
100924,15388.461077601172
77138,63276.23718877389
87665,13542.24907482094
78023,17152.265108182317
96117,22219.383420858845
86789,11457.146363542084
88649,15752.21372765427
96792,10244.759854350621
79403,25791.7776553823
100547,5943.369508873942
106529,13817.669686999541
83042,11883.327940342126
80334,19190.618932893176
86589,6020.509454639765
101811,12445.093707267148
94128,17952.790759021576
95868,10075.339874389188
76244,31029.329528115937
88957,19098.832354464714
108503,18527.567939290453
84409,8863.19857972323
104962,25783.061480892757
105121,9903.744599462509
94389,15342.315344470775
105602,15973.841274203107
88289,9734.93008210977
108168,20516.16515842219
84978,20559.778758581764
108011,11888.521810209593
79783,11350.443989360596
89892,21582.140558384872
91748,25560.01648217518
105942,13013.31075558685
106893,15999.378329324725
85969,12567.012578796886
105403,15844.53916834772
80319,24991.32043474201
103010,-114.81690986074682
76518,26349.445224918883
95598,18347.384290564703
101287,15107.225067330532
84475,13250.109446783808
87686,15221.240938838753
91202,24102.717084794887
85296,16317.35097861792
89710,13552.020205728002
108409,15343.438069800131
104660,14915.133248108066
91493,18792.226356442286
103318,10424.24789168816
83537,9129.316659628901
93277,14676.000430515094
91290,19119.457100288797
107127,15088.549964706453
87752,11803.488847204837
82613,14544.153361532795
104508,8722.570176010076
100051,10102.63807007172
84203,16633.837999140414
88624,12774.210405583986
99483,7055.753555920652
96635,28269.23279295981
78956,17366.025775402828
105839,10708.468424571282
92487,23423.344089280243
89382,11752.362789989502
100337,7119.254556256645
78640,37244.11643619425
99495,6780.142038063015
95580,34169.105247327985
85347,18264.985321192817
100050,15244.326597908776
97749,14246.362492506221
76587,27102.98013222302
95918,28136.252646049663
93823,30433.848188624055
80470,25595.0297577452
95399,49647.95532994288
101483,9262.379348397037
94776,25791.562318862052
97442,5935.797298764426
79267,25645.333503881397
82710,13130.627456982917
77473,20445.5326177537
105371,14086.09810119123
84991,14562.661955842728
93878,25730.603188892543
107126,19576.59421537796
90996,13473.407330554692
87095,10589.032938835197
80205,16900.330680796767
100043,10842.023954823198
84793,15386.71681020757
80403,13476.968103469999
88018,15046.015198963873
92747,25764.006163807157
104894,16484.55808580142
108319,34589.59600801618
99481,33840.595958513164
98270,14165.21229673332
88155,19033.701354779838
84565,21382.631063960736
80779,43208.97610652332
105684,20976.325885752867
106855,13009.616413818472
103908,9242.524967806035
100595,10434.268434466952
89822,21124.165941691106
100401,9405.633832966905
101037,12914.305926759262
96350,18764.34508374224
104191,20752.01127210037
87891,13228.368148819143
97744,18583.6427209353
105757,23477.606234050127
98966,17706.906583281307
91869,11968.360133980459
81292,17561.845682997508
108284,24475.334368109267
83092,11790.89704365179
78394,19865.439469934074
97961,13345.05172595511
77723,32765.6439649416
87317,7840.06756693199
95065,34708.376496226236
88227,10119.67305128765
108087,17921.794977606005
76311,12182.529539787327
100764,6757.81062312372
87828,10294.386301770566
77314,6675.054280968936
107860,13431.19164091075
100339,3958.4479646936525
106165,2965.8279231739452
104443,13595.767935434138
79613,26486.215741356427
92686,26168.65846948965
97493,17343.660411145618
78977,29600.090588904313
82933,14856.524893336347
80063,23893.246420541305
92287,25394.52908647951
103664,11871.901998148976
102185,16913.901266691726
94679,19178.999888760423
99024,10072.290263305762
99366,12564.946453812356
96554,13232.028176047934
95906,25536.197232343216
85623,12544.355130815322
84336,18202.85762054214
96560,13547.031835280042
107448,5914.4529401805685
104118,18947.956654987
88391,8352.986161015491
100327,13806.389789416999
89323,6697.02734696072
106925,24027.610203488548
98542,9611.291899892612
93996,24195.38650710108
85103,11185.883628040265
76033,37101.520348183185
77213,25196.667916984006
98117,21455.322141587483
81109,30732.794320163957
78316,25806.099558609818
91021,26790.335564466375
78093,13047.778201377536
77497,14881.942380432842
83590,16215.558206545458
76126,23871.308512169297
90509,-3391.7283857653892
76454,21247.799929930465
82095,24914.109311567496
88625,15404.22656448631
100031,5980.067012547839
99458,8404.921576719968
88085,10842.426130347292
91823,20031.35533608601
77735,26117.2862010686
91799,8579.669116605543
91480,6651.15007480619
84915,14339.052696027924
83688,11496.90444342709
102334,10573.829981020068
97765,11361.602559791023
99836,13558.945947715763
98569,20348.259520971693
105050,22448.79271444839
80826,17828.490908839034
78684,12890.240984667122
99123,10246.240805481233
96507,12960.909579119452
104742,21513.072439148695
93690,23059.740259291128
107606,15500.588932931241
87019,19515.374512601586
100735,12141.77064227657
101685,5403.3429608619845
82792,16031.94095868806
100036,5149.237527044188
102607,7941.236402271697
97772,15571.336723725137
96207,18006.383004457348
100697,8022.184931074902
96481,22760.456208153548
89054,16322.415658772086
97847,21899.05026469088
87528,11558.175298663566
97145,4021.1680539640874
95223,36712.62660618081
104325,14112.867443564583
93743,19923.313685818444
81914,2299.2164387555385
79040,26376.159315945435
107030,16443.85117522415
106244,25178.978741505518
79602,29261.20737130428
107684,6181.602267560193
105346,20941.474050547084
100000,15703.34223482028
79001,11182.2867866265
78942,26109.596143587187
87637,11977.38861963489
102257,13278.433864784525
103502,10263.35931938694
84619,6101.252467105687
91129,23892.317677019113
98493,12670.890682609888
107108,27954.478105404647
101158,9177.427706737817
80236,19596.498505326857
105375,-1976.0227879208323
93002,27628.423095176775
91619,28818.059869995945
83965,14714.420720359263
94431,34849.37101704841
104601,9182.997061375785
92698,27114.7087269319
84014,9730.10857579732
91961,26496.563149147823
77595,48202.2455409463
88848,21199.52330916129
106046,15290.918430113179
99498,13251.145238575422
98153,5510.114715625008
83157,10227.956509015035
107475,13022.193704629317
100589,14730.686510211137
81448,14000.449186132872
102638,5382.423417396918
104473,25150.842004432903
102724,3501.2229527632844
99338,11091.118998534463
92431,10521.32269780945
84969,11915.218323014016
108426,-15103.330021392037
103206,15652.294562108285
87345,11556.904211848227
102625,15605.46049994059
84606,13277.200958604673
99166,9361.869471518141
94408,28824.951186769697
94898,24743.564897126926
93658,32923.59498228219
98234,15826.82174843927
99725,10521.838302540602
103979,14726.755940931936
77277,22249.24479764173
84401,13593.003507785997
80006,35813.38459024019
78572,14223.275107715479
88781,12533.60273992367
78546,18144.45560629827
103829,18129.67434347197
79159,57441.430358060315
104502,12985.247732133805
95125,24576.66512848105
80804,17631.536157557224
96580,23644.98883679287
92059,20240.452423601244
100530,19167.998955230934
78079,27706.59426175559
95036,17827.42708042257
91490,22072.398504282926
103310,15926.48317780832
88853,15145.129217767982
105948,8942.148314608383
93744,23114.401343934973
108518,35829.94896712343
107733,20381.771383010717
106813,10244.87965784497
98343,16292.845892589146
83056,9480.801757635447
105721,22749.90102515019
89165,4626.548950330987
106402,15146.407944496306
77252,28579.227496299278
89194,7265.978706872094
76777,15346.943108392816
90569,13369.872877613287
93912,12668.332508761738
96848,1715.3575241064173
87355,6016.85497632045
80539,38286.117506282346
105351,14691.731813385915
108019,4115.012730083492
91331,18948.120576221405
80814,11050.777594495074
95951,24993.744678934152
98392,11272.607509788435
99209,20638.478034852335
86085,9907.503251894897
84678,5568.549183784511
96534,14893.648314911812
93665,26896.388540083015
89832,10228.301636549782
85079,11966.880096663623
79425,17019.440297060653
96052,850.4629800219045
96599,10645.252905673262
103705,17857.125627433295
78171,27388.027564220185
92005,22834.40124778231
101323,14879.104806193802
80398,21147.928672861854
82123,18219.67037657408
90262,5015.5676525718645
93300,18606.472094260916
76795,16860.298881017443
91043,24401.827647241873
97362,14953.247297551465
98969,10757.055820070607
104826,14182.168308498065
84329,4458.696273175705
97976,16233.636766116018
96904,2966.613024596387
88148,15782.511128389113
94895,17844.33578431463
91122,25954.994426220437
108145,12418.542314834394
85476,15778.38239531813
97564,16099.080338621612
107770,35569.05300460713
106947,21197.21189187203
89548,13865.166197801063
79027,19619.172793634854
96032,20857.88665004505
100133,13459.39727439898
83191,12397.901333137399
82695,13665.878302614914
79273,43991.02888390634
95667,20055.762520388715
99578,6710.627051698857
84492,11287.93703752719
92353,16416.791713536382
106435,17382.771777484635
86655,14999.93861463293
106651,13181.81393310434
90268,9087.978354731393
98311,11264.289801941186
86971,9876.014366941978
88573,12910.446298879946
93189,22365.848501742108
87244,13718.838140555916
108207,6609.58875349829
95819,33579.94158654396
105846,26919.000522346683
102372,9355.083370348966
83616,16838.48800686512
92411,23975.95958434383
90395,12511.568201427643
104613,16072.120112224678
95808,26676.764697843228
98662,12164.767764044102
86066,15375.838479859907
77454,13819.52703135586
80846,17715.6874465332
89060,7205.669443712366
91975,16077.154421755638
84011,12813.691414886369
88315,12081.034421066375
95692,22898.34399222546
98373,8923.705460738895
97283,23487.325024891157
101495,6222.877405489788
81770,16780.806464307036
87458,15850.48981113702
102710,18141.620613422085
81205,24011.732284208396
97440,14059.183638903409
82618,6753.698161026214
104838,6385.9418895722265
103606,1596.8198929438076
91507,38784.90388944463
81463,13308.679965751862
76741,29306.903997547663
94422,23706.376967122735
99543,9178.995806474752
104044,20157.674858499093
83284,13460.864994066353
100834,14192.788593778323
108440,11261.59844461377
96881,8686.639689141492
103925,8027.613138899218
102881,13633.724008375688
78690,20551.195656851454
78052,24691.627393975912
103938,15242.704221281474
101271,7842.7249638533685
76924,21791.31120624253
100415,11599.25324438138
78455,22079.62079712015
102811,4481.627609148683
85154,14773.87383571257
103761,9733.83303106761
77732,17995.87099884996
85957,16454.227077979864
96779,20185.49686148095
99061,22967.444736431928
106028,20467.850295212927
85889,21358.960057790428
97539,8611.858901460713
100890,15807.30831726292
96058,16403.3001599766
80216,21650.861462665238
93045,24024.840354571887
95789,18222.881840796934
89368,11499.866386317884
80917,21083.201096282195
93323,27541.77753988145
103669,15307.808392391622
81561,18781.858298554154
92214,27737.457086981838
86368,14347.249846147995
95070,22517.023887084088
80730,7145.136912447255
105647,16988.41122518981
104707,25329.625746427428
80353,21102.322443596808
98677,24638.172325839118
89445,10094.84732195723
98332,9158.583559815921
95929,14952.305011707122
88970,18333.90280031073
81272,17503.903702558666
77963,18661.935188970227
88285,18625.921724410116
88924,14121.313629856331
93562,29459.592837798107
89463,5678.795663935558
105407,15209.823160121588
80944,30002.542511255284
108099,24955.531022620868
89199,7539.448056576228
82756,13529.362341654974
79573,15643.48848750236
98847,13085.754397094945
100966,6539.544243749437
108500,30513.932282169913
103830,10871.645397014196
84043,10292.921218273488
84550,15909.314961903066
83946,8456.857683853741
86287,10642.370025542888
77598,16790.739674976747
92893,21071.73166081348
106936,18802.611340136533
101123,9063.757538194835
83943,10419.72079595647
89197,15685.32414649075
80185,40514.7749624444
82429,16195.26749680591
95864,24704.77375375788
100750,14723.094804376116
85497,7219.73564805734
99469,17494.48039687516
87667,10242.20739934078
78681,59840.588373969695
106579,16495.616581303948
97388,7497.25822716083
82487,12348.394315487676
80635,23499.291566048218
96378,8680.389579379822
77827,27790.530721043408
79045,32580.619476869793
95229,26968.45875225871
95387,19164.320418906824
101754,7534.95713382883
90728,8591.101912368104
77618,28040.616818904542
79390,40014.46191448833
79449,17055.089715972685
107826,26859.39827719779
87026,17259.072452380995
77765,19884.146480785603
89691,15731.157577381637
91087,18176.86746663725
79770,25084.63941019572
79341,32132.066100445438
87532,15006.532046460394
104082,8912.5307100523
83169,5051.969900543589
107978,31377.871409738487
97466,10645.213906854295
98381,20603.982358276568
87614,3583.1588752295756
84768,13303.557505822035
103605,5090.1496485073585
107420,10454.928018784236
76099,33273.236865199986
81932,12812.074812774936
96233,9904.510250687494
103484,11474.045533125753
89608,15534.962510798188
91316,22266.853801990273
80424,14524.041174983282
83120,10738.28957309536
95888,23387.418686068337
103279,13052.131762501856
76800,12989.6250548667
102188,14573.66349670231
100147,2595.7988151245518
107959,23469.28517398859
93341,19231.748464734846
87446,14304.846337093539
103554,9381.059427553462
83756,5140.077158254426
86353,9735.487883097077
107874,20874.499908394097
78416,15892.546418458265
100911,10841.326584348379
86514,15281.013778489822
92702,24331.706919034845
76787,19252.54315407365
98523,25796.40375408064
88972,17932.83615071825
87370,17721.45867997656
107060,10200.799868880675
108186,14416.297627257349
90126,16709.223606754535
103874,4746.801066150816
88271,12354.455411093491
81752,19739.11469906357
78089,45419.68692690211
102383,13368.48722246258
76766,29300.418912022946
86120,13446.300822351346
82871,19507.70563650627
78647,26923.655226416322
92451,19876.068391334593
91743,23423.29457974837
96582,12307.076696691865
79729,21344.27051312861
78864,24422.88209182561
94728,25054.779833603458
90355,9417.515086387984
103777,13806.389789416999
96076,2950.4301214766547
79201,35169.23246772331
106707,16004.478943397608
83836,12098.379414856274
82332,30262.458465589134
106545,27640.24918903665
107268,25799.91364441817
105459,7410.445851390525
99683,7796.681075336361
98385,17409.552996464576
103402,11623.249942964256
89402,13557.14154803809
87077,7470.063670784919
94222,20117.928925954962
89919,5996.873578817409
80585,22831.11138013585
102406,36.97701601576773
95002,14818.113427048058
78216,20570.44686171597
81346,24858.777520411495
78309,20008.31345086941
93307,25414.181932875515
87233,-2690.3984825455627
77093,9605.345415560092
86762,8531.13078237026
94561,17688.1351094113
76392,54090.969491524134
76895,26717.511541256426
85419,14106.802581842945
101026,14899.229320903316
102584,11978.607934122909
81381,35769.27317388627
81761,44459.002462288125
98099,13230.839838963857
91347,17751.213527292704
100024,10102.848824651546
97924,16536.21198922898
100492,11477.524900409046
93559,24867.757756763538
103175,13002.612902111017
98122,15538.899924279538
84362,11012.733971300484
77943,20136.97392991348
87275,12598.61435580167
79991,-16894.997944042807
102700,8510.485985321466
79660,42305.16891279572
105465,26495.956643294434
94354,27855.191871065126
96390,7515.366096986203
88763,32284.78303893458
87219,17845.800176534136
77221,26461.70544564305
78165,10826.828137508946
95069,24949.9258271689
85157,13655.469653008464
94547,15904.594329783828
80643,16776.287421149947
97499,11497.610704751782
81957,31280.7787019891
82538,12356.112485779251
83777,10592.98584922581
87927,15401.396554605282
82916,16538.32758349465
104146,14493.6426186878
105260,4306.430685578431
85483,16473.489256769826
102412,15265.39216172296
86508,9734.328608110314
102998,10572.735358568025
94493,31462.73739774638
93422,29298.218213143246
90033,10427.023805644734
92957,24011.93424674095
96584,13632.181813152725
103170,15267.665202804612
83550,16006.01730583862
76050,11451.28289303367
99903,8715.140320354569
95255,29632.327123447838
106697,24116.74746850176
91497,27861.112796505528
97177,11780.768915625487
101863,13266.557349238301
99298,9126.51441118947
106496,-1512.9388213712955
98770,24823.782477731704
101801,13392.611177915536
85037,13932.746748358622
104399,21361.820988424104
83980,-2512.7408538523814
97825,18143.281551356777
81924,25055.87667123939
104192,9915.10489531993
87130,12203.239833345651
79364,18274.11936295905
81388,12045.932318607582
94917,21281.17795984172
102119,10997.210447793123
84135,12847.841718330632
94992,25005.20250489266
81229,19936.617679751347
79503,26096.62297919186
84540,16283.113823488187
77881,6818.162875470161
104978,-5420.503124716273
107373,16015.108105815758
76208,15420.245153124633
88192,18705.14653545985
107010,36261.99330604808
93961,34429.60015552926
83957,20122.58646676884
85283,7283.809160982901
104226,6965.9487692491
79463,16215.71973921356
102587,14574.533353005645
90204,-5491.910280884356
103507,11781.738658386917
94351,26756.688567437515
95181,16062.881037251467
107410,20824.310347388833
86541,18935.14738329674
106281,19644.77546884894
77315,9545.48375083748
84485,8365.370043752882
77592,10641.462490301785
104262,26174.70340387243
81260,21238.1998278131
94417,38830.49849308337
83014,14472.635006154538
78192,23990.69307164496
85838,8789.000366147564
98395,21331.539812184175
92617,27196.416524662418
107538,8603.138282959571
102588,11507.041466852676
88950,13139.809989650483
101450,6309.64862680328
96101,11864.366117930635
90567,12421.029943646332
94383,30373.414188369745
82961,-4475.684129646928
96591,8818.576957747162
77890,23479.15384904914
77801,18511.7506213653
85738,9574.088846400076
88580,21316.817738572576
88914,11919.646412151425
82206,25816.589402524078
107485,14161.02936398864
105203,23910.21562750793
82256,69493.56502825918
80181,27881.5673605976
88792,8643.45337005192
92581,22211.410147588525
101272,20068.895863166876
102359,3811.664390503167
85306,11156.570465472392
106078,19518.187304380208
82442,12553.810666160873
106313,20789.867591976243
107617,12368.35160358935
89719,19833.482758644073
91358,23965.884255322184
89676,28566.758334154576
86927,17066.14049268789
76819,25614.39288293576
96646,11013.731414717315
81533,33169.323516897
89207,14325.83557704448
90282,6229.191421566593
94908,25782.12895259197
89890,11841.28252506339
103477,14743.107109133416
76090,21808.367333324626
84810,5637.1311368280985
98323,12668.092636356743
100552,14257.888277917513
104719,11386.98360462031
90016,11149.279956186783
84632,3522.5788569731776
99846,7756.996836471659
92362,37710.26431722801
81315,11468.589988042535
85084,18337.320974161867
86760,16073.55037781244
80297,18736.197994099566
93420,24860.13161189916
78563,19138.665995177027
100791,13218.08039746976
89019,10084.135953911155
101709,11884.674835633898
103419,5084.523664008606
96092,19034.5687177994
89891,6299.666526042758
86562,12597.528560234146
95874,31257.598526061734
99343,16595.95664227285
87586,7586.069938553526
103112,12211.601029797966
82740,10787.937113296175
81595,27733.46351015727
77578,4720.1686373760385
94090,15112.967387242177
102873,11497.471726029795
103258,14365.064955859778
107497,6309.834237817424
101861,8641.355628435293
103997,22876.850706471512
79785,15967.971069130814
90250,6445.5118446495
93233,27359.152385958427
86527,16307.576527853475
86140,6397.124814306226
104063,8508.196927522406
77734,21108.111310244094
91652,26366.437515666148
97758,9834.54657631296
95096,17949.797591256076
106186,14260.400965923433
107960,21791.028295674216
78445,24596.818273708897
91886,24579.280760553964
82711,10297.594145511244
99248,9789.607700456781
91701,20374.472958838352
88172,9710.6580120939
83916,12819.13062444795
88883,12528.91532701619
90342,13901.87771486881
102042,10997.482465496942
96563,5257.173573098158
82344,21648.060853652205
102707,13370.295284331012
101718,13437.043319470476
102705,6171.386507034584
92589,25722.1623059865
84231,14002.161215471177
83534,9021.040703146296
85768,9462.662619223178
82141,13353.064900728528
87448,11891.784013579007
79569,10874.3635877073
82261,10748.81272922252
80605,16411.94719117313
91120,11201.16923604224
92482,25418.033890769133
99998,14061.874933515046
82202,20717.971522081134
105899,16017.068086275469
93653,19878.57829217646
94333,20200.48666869772
107717,17847.131995820026
107655,7347.052565770875
86240,14896.568203106037
88745,15302.512495913452
81723,31775.355779502293
84125,14611.698547252701
89476,14905.20347648092
79059,34260.46066017043
77879,14480.151073384874
82855,17148.75157249865
108513,27599.73248621703
83646,4844.009241204789
95702,39282.990346312
84145,11540.754597137216
107629,26852.7398955062
81843,11189.49609777391
98863,9768.498216938686
95154,33034.92572061121
93275,30131.90555391484
94003,21415.346489572526
81095,21403.009993416315
81099,10915.653737097393
105527,12854.571040827752
89596,12369.266758673457
91007,24788.863971765386
80594,16827.845786535938
82782,11754.645886995753
92721,21647.818410743537
91718,28155.90362190498
87452,13233.341250817437
78098,15025.687173201628
84123,13235.121269644616
104672,14614.945094862433
105118,11320.792230199439
84690,15807.786845295843
88986,13235.91555618011
76028,24527.515618150603
92995,20238.618438151352
76275,29718.3783131899
103315,3022.1008910724013
98168,18894.947991672452
93633,16840.307552082246
90151,8082.439825540632
105269,28048.11088218004
102604,-4355.720210772444
89541,11992.796571400675
105694,26659.492927063195
80405,26328.15057002262
96001,15761.179484780598
96500,10354.38057457266
95235,21817.76221101668
88367,23047.851407473885
98850,14306.679183580554
105724,22154.732732916567
86451,13249.514611541248
86426,16142.027405819008
81213,39809.85884306433
98547,18334.003465775393
86461,2902.4440417018704
99294,20466.814570759758
99597,11904.164287447453
92255,8926.714108312779
90097,22020.84091884787
102302,13588.33390854991
105746,10641.023628151286
86133,25262.742384046924
94950,38497.26561605118
103666,8694.33347616678
94750,22116.35591779314
92880,27089.145896886166
82349,18753.898458035914
107337,15093.257572600829
82954,3033.861080050032
89689,16711.0010670105
99034,11461.437522588883
79873,15743.991626265984
107966,20344.45059432818
88864,2544.492078320258
97942,25106.66288971651
97481,7681.512446689201
100313,9478.981140181566
99927,4153.416377887963
87287,8864.638411834465
99134,21918.31942989856
104705,20538.575580704666
86134,19807.615159781868
93028,27029.876005339913
80161,25624.017642907012
76639,23724.344216782833
79239,24637.866893423532
94244,21087.778788253585
103815,7516.301603948412
84445,15614.653095908807
85884,9607.980215679767
103496,9580.767834338712
88620,18852.319362157083
101448,4175.515263847403
100044,8676.410080253616
98388,16652.05368497679
87610,10530.720659665203
82063,30527.021109619724
82211,33217.22846563162
91156,16862.12292848683
83323,11733.958250531832
100187,6584.216998299973
93117,25218.675416928014
82227,24914.109311567496
94263,19994.84453145525
88207,5380.7210003318905
87988,13498.382906263205
104687,22160.86943451058
79791,43381.3224317512
82242,19794.090834385115
80273,13308.131954299826
81542,23202.40272253765
90361,12870.771585563507
83914,20307.02948933099
103142,13991.281909260579
80137,38771.84225912703
103580,15612.66652655684
98328,6601.660467435313
95936,32659.876294516533
95189,24973.888459837195
97806,22057.63006226236
95829,10073.460786523843
98684,21316.178667660817
92494,22637.863986523418
83016,20313.063554250537
80865,19017.33878966479
94537,20234.14102447569
86293,13017.092031493064
100087,3374.6836885198354
95534,19949.643628574122
80827,12153.351305768732
80610,12374.333971898435
97472,4523.118459160334
85523,7785.795037299646
100005,8993.785442204731
96618,28290.858548988355
104893,10882.219897785204
93688,32737.87673240208
86182,14524.806579218413
105091,18047.347551164286
103031,11345.44826622133
99359,6105.59461271016
101907,17898.246317130113
82914,14338.177564581172
83990,15629.422743372004
98598,20285.998036393008
85494,9509.71598369972
82922,10615.252464340709
82854,12642.479508957562
89024,19062.749728481638
91754,27405.245371503694
102699,-837.4127661492203
96887,13702.13209903735
102671,12975.084016309942
80646,19350.49541897545
88146,14835.689793252437
82969,15616.262056112959
77225,21735.466204666795
87443,5670.808266690814
91227,16022.606571336946
95731,20458.37331367927
95171,23161.678676410935
97076,17474.4886093489
98901,10115.576975123578
86013,8287.637040550213
80831,21581.293635617378
100258,7952.352847684297
103586,14049.689078577438
84553,15389.683458153262
84400,14655.409516832255
93434,32958.19234446409
86149,7654.120966446382
80336,22880.05691589404
104511,21436.775312487563
93127,23848.972844425243
86330,12030.288893517372
105082,13404.253529309235
101222,14788.190690480325
92606,31945.75904653985
90462,14179.599102806547
102123,10177.99979833726
83212,12387.871485555203
90403,14211.735518465
79392,32872.52222650006
102630,15626.463248941249
85988,9803.403878685249
107908,21799.57664845654
80949,18666.31355586956
80517,14853.827132200799
97922,11963.611711220796
100296,10785.662179441293
93073,23107.336409133823
97137,6690.811273595231
88311,11422.70829802422
78021,15370.599474326084
81970,19120.632426621865
98957,6269.639700080272
99602,20391.897864944214
91417,17460.843257995388
89429,12576.61449992119
96535,17835.050891601106
80782,54834.80938242824
86889,18884.238737439267
79609,19369.41068808274
99497,11045.997548125595
99547,22857.20111713726
93817,975.0717046756581
91079,29013.451669357317
81962,15066.37476148321
85833,12182.357593903183
103305,10401.79396940043
94357,22822.300123920984
88736,12005.37518997789
105162,13605.219110558573
91131,29463.564825897054
84148,7887.932328870269
76377,22017.677599608305
76357,25332.30019160433
84675,15283.227494286504
83239,27563.526024953026
86317,6680.939436774857
93990,25667.462573240624
96357,10313.9526221263
89745,22191.553020103365
97141,20167.150790858337
82911,15227.931764569508
82943,4841.000810204241
96282,-1834.880154933715
105885,20208.37490940082
80131,37374.114522503805
99806,20012.583332866616
105497,25037.286061900566
106447,19107.05008461408
107746,19423.601019548987
89523,13876.40789413885
84388,14710.434447546251
78166,28979.230986875253
103685,9665.49853367198
105018,12965.178578692474
102373,-2637.0890743592136
76988,24775.69807683788
81097,26812.83456894107
105521,21151.916729755554
99775,14295.780564595934
99766,12947.197504970625
101346,9469.305713602575
95228,363.0557179032221
75982,27794.06633368986
107142,3977.5943593091342
86109,13250.321368591704
94195,28633.054628928083
80777,29893.614852699247
92612,24048.260562355375
99383,13451.682883200301
81686,23939.201939018138
88650,11933.903303574383
95681,18020.50547828693
100071,8880.199952856108
77554,33540.41896618934
103505,-3668.220156231255
93281,22690.912271995978
107444,18870.94247152153
78752,23920.767959435303
103057,14455.86110620934
100248,13591.514692143111
98489,13133.707873170999
89189,15682.295620003551
81293,17403.760019373414
83285,10543.904068404552
99459,18353.64271677156
90810,7943.512280449915
82015,16183.60555200276
96132,15550.926536240875
80808,66365.93243501612
104685,18734.43859747889
80937,19989.034507399203
103328,10757.913201477215
76512,23164.962171809217
83456,14132.876597660324
95102,32685.364326831943
79692,21850.603258815005
107807,-296.20409836693216
99176,16612.936701559
89632,14110.318266145838
85310,18535.88015591541
105676,15754.154472694736
96825,4785.948561826706
76640,10713.814531090136
99932,14156.377307481278
103568,14767.083581736548
100906,12285.164742469678
97420,15518.185249651506
86996,15929.639624917447
86948,13793.763146632795
77326,23938.231892499993
89296,14314.59353526411
83087,5750.9103057551365
100477,14236.72033211408
84635,11205.777826023688
95060,25741.139490888487
79303,24519.573509852202
84026,8861.107098385768
87802,12452.947458314447
85561,14965.901491274019
95941,18168.51304119522
107662,22020.171677162827
105811,9340.85454844296
81618,16241.697159840707
95733,27056.32472472432
93613,16995.63868262629
82163,-4523.268738542203
91734,28861.853268011517
87677,-6726.4153776546555
89816,9521.595180094278
106327,9393.613502017513
101799,13720.3084631524
106344,7125.600022891336
97705,24077.16470113677
86976,18947.285068677666
104847,20214.289775235677
103833,7362.356497249417
103482,9935.692092076475
96532,15363.370379378714
105817,12916.213969194388
80883,15690.23704386241
77825,40340.35818425353
98673,11301.604172191612
107364,7222.379109024232
88945,7981.386513201342
108307,14371.657651427995
78078,28101.933699660094
92490,20401.27624714842
89401,12489.641606448833
81002,18180.07224928214
93285,30871.223013776696
76796,26152.49818292612
99933,-4496.847885388976
103989,7637.721066801838
77504,19616.947518768076
77187,15180.326002587923
76477,10743.602454326654
104834,12441.890563162875
90656,23099.623097980675
86161,13916.964261793913
82503,18021.359450373227
95429,24468.50189695679
86123,23231.413411248308
85549,10354.395321800206
101443,9575.42759108248
89089,11707.950723958835
101004,8100.535309510209
98976,8860.361382236126
106328,40948.93087873405
101630,-519.7276183420363
79682,13539.54246826919
107885,23960.594587078456
97206,5669.37227070954
80721,26048.60765504012
96625,26319.075878523705
87687,15189.839726688768
91458,23010.230706898787
104683,12627.092142712248
104151,9227.888635289619
108346,28994.501221436796
101262,8401.766349895082
96543,16058.430109900608
102763,6704.100443476364
81274,13287.223117054908
95280,13763.817297187645
82561,14289.424916209198
77783,18201.434867072174
95843,28524.82886378726
99776,5764.959605221888
79114,14747.9388046206
102376,14246.540322938776
101704,13172.744872358326
77297,21529.31150298314
80285,31443.578269211943
83467,2919.566667226438
101059,10398.281528570747
102229,12544.651120062068
84664,14111.697549071709
107750,18993.548286169225
102405,10962.456597537945
85553,8608.97685617084
89780,28646.784724679124
104268,9566.832208717116
102935,5807.402892968068
97898,13747.623372918439
103785,1833.8172890892965
98529,21167.68176029257
93897,14265.661596265098
101766,10288.741972908556
95038,18592.42898235522
108350,21127.81556339117
103542,10986.740486778126
106061,35429.59640658104
82286,21783.066278880113
93548,27304.1244160496
89937,11464.002720314253
97650,19040.642215439977
77515,32857.796605894306
87466,14787.823368522164
87489,15010.939387670103
83029,7346.357391884874
78512,45451.85909549202
93310,23381.601443535117
99598,13102.372686576993
91341,23396.05223380093
82704,9389.990354311849
80819,6678.703611390441
82774,11440.618691348918
100367,-2826.6067580861672
80303,16727.216437432446
84897,11635.92195900618
81307,29280.598253245378
99687,10350.00965616031
85321,14782.867666433165
80702,12372.696929159245
103843,8528.847852327384
98898,7813.66712268471
87147,12649.930221654686
97662,9580.19394908489
97518,15323.570877461023
100217,1914.26483711748
94513,33084.0985443182
77035,15534.02527918684
103165,5492.013451070761
77140,10788.614673847776
103771,14029.903295172146
95993,24740.976577777004
83624,17908.75211527495
97945,4006.6003327792205
87103,4568.77341134171
107640,12464.051043976622
99549,13700.809877904456
80464,18834.626047649654
99623,16870.782046274646
103689,12062.248303010121
97337,11604.111730273951
84308,24020.59593541882
81459,26014.885683015702
104126,25986.527044298637
97303,11737.961959155775
95139,17604.804552015994
93074,34236.594112960796
102368,10323.4807738456
78475,12213.938596836519
80333,24062.41390397785
80144,12642.709953484842
100439,7486.6418987770485
108154,19133.206988767935
107137,29548.77412351767
92752,30300.115035602517
89896,12856.251349393578
90485,29820.289973432973
83159,13353.281640512178
76671,18793.60296477356
96849,13084.834397461953
93722,35000.352711033476
107787,7899.753909233274
90164,16895.166644463858
84760,12087.479877013762
90370,11022.6834540899
88117,9383.636978362869
89557,12151.258338868573
98274,-9235.19305338613
97325,9502.356174695531
78887,28045.808603627796
90525,18236.26097566045
86491,24109.817033764346
81617,14780.89829908534
96123,9903.178244650131
79413,12519.722422970324
88016,12910.446298879946
104681,22322.30109619124
83330,7046.936099426279
99163,5999.766813370272
102236,4528.881339660094
78116,17759.283722714223
81077,20065.226213561033
81046,18800.171195548584
93928,24338.13568177445
96436,9914.949433957525
93479,18954.87717568337
92021,28517.92441698718
95143,20574.918589509558
90500,12579.960106885756
78940,16994.600196144507
94861,18826.767330774408
81961,9701.545050134977
87630,13103.958248652709
101224,14599.395516457647
103357,6823.282689532742
99521,16657.79484448157
103897,16104.437248832051
76701,10612.028134275271
83560,10545.499600155003
83516,18591.590922255207
76385,14875.410826807603
87311,17597.959676136015
102065,8961.239408209536
81718,20149.703765194092
100025,13862.736884834747
93182,27065.363224162476
79240,21831.207210732005
96331,15804.638268712939
84781,12711.168491024651
100663,-4623.772549501107
76390,23889.183586078416
87234,10693.603450595328
85790,17663.76031227975
91278,24548.709279994666
92254,23847.609737277293
99105,4691.730770289112
101324,11907.651844154403
104734,10274.222903016165
103445,18283.015775870845
103323,8107.92170087852
78055,23048.436094278997
101302,13521.982843419744
103095,9579.889932017835
88134,4497.966811199365
79346,15201.17463040778
81699,16711.42699569712
96464,22347.313018139543
86609,11498.398059753188
96737,23058.73677384771
100080,12221.512484256069
93423,30574.827290160298
79886,23438.169691020837
89452,11300.070794426701
81509,17840.55597112653
83975,19060.322861965276
81360,5261.028145976146
98089,12735.454549144135
104047,25629.6854052017
78711,19498.557634495897
81025,23164.314905662613
79973,17681.734373936368
102117,15884.698701362655
78400,47204.00858405368
87911,11899.756507421469
82806,15714.716096730685
102480,11273.75065554545
94044,16606.783430615087
76824,11524.065855608402
104095,16442.174373376427
98660,14902.642470487943
101444,12638.290004304146
92320,34811.32808262565
105141,14083.570132111108
106950,11948.881250112923
81851,24381.98413225257
100884,10650.566310398615
95196,20987.033811835456
103636,-3799.2844361953867
80584,17509.330515814338
92337,19849.575867042884
85513,7597.783035005548
85180,14420.978402090197
103365,12784.883264665299
85796,14963.603136984646
78462,28215.8549323439
87895,11119.9001577079
99262,14913.484140613647
83363,11120.65535257612
103800,16575.627283216818
78822,10480.99103178574
107816,18234.818043660394
90042,10044.3860795615
99022,11288.813369598645
81854,22620.66870092738
102619,13690.050324389373
80425,18440.384157674478
102306,16253.416386288773
99778,13617.964238158325
105957,23219.44146112419
102184,12756.22991884398
105195,10776.40897278909
98841,13238.622366136675
78452,31230.750915783086
98974,9720.133713327445
86430,12354.569240512239
87124,12328.810605246246
105872,22311.79864542349
108077,14646.226850292556
103608,13525.430838289572
89218,18138.587976384017
106418,19357.856537265943
94498,9922.81102347338
89269,17610.741211583012
87283,11481.25782938135
97545,11452.574437145773
85408,16082.38154710723
104594,8391.380408544524
103905,9560.008280370357
95101,23662.9789499631
83226,14105.355845211865
89257,15252.588222464778
79479,12559.736334784851
77652,20176.256641591124
96606,12613.91357839347
95504,-1104.6357592243148
84103,10141.853887977872
102843,5213.175783749317
99361,11115.01685975201
91098,21844.9902047686
92937,18942.819599558363
85635,12302.120865964389
105348,14975.899849164527
96427,20760.037099898822
89473,19466.922808126816
79316,-9224.76404452595
89157,17663.76031227975
92217,19944.752671374037
99761,16340.572130014734
88748,15444.937887788277
96029,23918.202561227947
92916,27965.528152897896
81210,16666.79486698895
83778,21198.170604834795
89380,15762.930952995555
103398,-11241.552580909298
92869,26570.78152507037
105278,21440.3485245825
77054,19218.97990492573
94021,23390.310394496373
85177,12716.723512437191
77904,21010.071512853836
99917,18141.620613422085
77123,25775.2317778407
95195,25969.597444407955
81922,29992.80007743652
84281,20130.05084178266
101289,14430.992285641722
108200,26828.108229006022
90235,9733.184802382646
81150,36043.94236830607
104224,17558.514371675607
90071,15772.57721266867
93187,23590.895013513375
84284,12748.791372494743
97109,10305.856491584764
102231,10155.574642079515
108093,8848.522154377795
108443,36218.06122640981
92992,16636.247047205943
80438,69363.43290644191
104913,11973.138134628472
82772,12887.709381773133
83960,13818.05273679151
83052,16255.933920457453
82939,8697.844236194262
91175,25061.241775603066
80115,24752.805427003856
99384,11248.902501417766
101540,13546.53217443911
76849,32409.77022240266
97226,11824.522547547762
97672,21547.66925550591
97579,7007.89148361958
92361,27080.379164750117
91952,31249.165042689754
79024,18341.09629497459
98048,14799.606773012647
95481,25829.74778945395
90572,9603.495604627102
91301,21243.193978359464
103209,9840.144448580384
78464,14679.646105726644
91311,29314.171037607517
105722,19644.05096421431
96211,9943.42734851837
105482,9945.864730274745
80750,44436.47598359777
85880,16903.569757978225
106997,21221.94189251278
99866,21665.898270788217
107262,15362.667866237993
98814,-7660.507190403921
98650,4913.312820841373
93505,14596.74376524341
103810,14514.129826057146
92931,40391.75336477847
96126,7518.198854905408
104285,6173.986653686014
96503,14600.746134243895
76826,22852.71041053906
102531,10572.332136818404
86939,13368.860043837125
98276,13253.896637070862
89094,7486.096525440742
89376,9290.22875359265
101715,7864.225485397585
98971,9947.760128275975
98359,14627.363388989406
101520,10432.702087914147
86866,11912.834715650386
80468,20471.078430362322
84146,2067.238649766048
82628,11981.512962070718
88012,16075.273936538157
78341,19917.26770363864
104664,12764.326488525257
80753,27463.494834424095
88296,13195.993606937824
100349,10382.64162049583
95307,25442.460487859717
97982,18145.38310232524
99328,21860.99436466831
84689,3687.5529451444963
86620,11904.325073995418
105565,13257.305267477748
94198,35533.131898898355
81959,4224.348946192051
92894,33575.54792012248
95163,22591.478407029954
81774,19223.717536288146
97953,6698.318741269106
83179,12152.066311247756
83316,14262.001635819897
88506,15032.24789410797
83533,9790.292334156653
84069,12171.579940375814
103724,9743.274010412575
76757,18768.779748912053
88222,14836.222577617096
77382,19148.731026237187
86702,14875.476895138476
92511,21120.534678261418
100163,13756.237457641437
78982,24006.429148698753
94043,17755.35279691387
87066,12867.217383914664
79987,26943.364821789713
83428,19609.944009459185
88886,20467.78977285035
79836,19064.16338609043
95090,24669.060220135314
77868,25455.877957378
81415,-4127.4032559886
76542,25929.12320889048
99066,9649.390260261884
98211,17732.21944943937
77789,15544.111846874779
102614,9113.186156341013
100676,11773.6905183375
95751,19015.830413975207
95684,24401.440896833712
108508,16240.243267839467
82075,17544.246869018803
78948,18260.414969484344
93337,23423.344089280243
86465,15942.263472129966
76163,26917.179555417373
101688,12298.836190673479
97445,19399.087665760744
76672,27317.372083101276
108153,28733.53849395266
92963,27068.235268320812
88441,13332.586305450895
76274,15927.645323178367
107189,8634.877378463243
79393,10282.32340638432
94684,29222.715177782025
77033,9948.188163967874
106413,20361.798259453495
90407,22069.894423452308
86730,11909.900006699914
79417,772.1673331499987
93426,27250.197005538954
86689,6042.880809167593
94562,27790.33201833299
101792,18087.38531084531
99696,14181.376447456063
84181,22816.95036100651
83652,16635.33611063086
87285,9163.561140837754
105860,-525.078088229202
80615,23598.502983937058
100040,6543.347545467983
88919,13371.472157705906
84980,12308.095331268778
83969,12437.553875980964
103616,5445.71110697664
105097,14927.477677023502
81573,24401.398385341567
85124,14915.494875255448
82995,16166.712655032527
106976,10076.486899100768
97250,15424.420285692468
91609,17605.14449837594
92582,27098.398419976176
106719,15698.542819386956
95711,29917.13772477122
81868,23845.53277626164
86650,10667.72293580482
84727,4813.880546754914
79409,9985.859565948776
90538,16635.013560963096
90346,8412.334563236353
94050,35628.9033308705
82866,8592.341542440836
93402,17605.730609597194
95803,37133.76251701354
88730,19217.319522965343
84023,16458.17319655305
85119,15324.04295119059
80528,25025.759482393274
103284,7855.0326075236735
87269,8962.923378969002
80708,16496.639936070416
96853,19512.93207650113
77191,23905.409080414214
89419,15210.594587817359
106060,10815.846398741936
98372,-3838.754371864012
102076,8640.41728343861
79960,23854.42654941998
97268,15632.443322908308
101849,15877.623676660092
96850,22194.435876475032
99301,5067.504490421563
81672,24642.353014617434
100709,11955.696404218077
104616,6829.03581154415
89965,8539.862428305158
93313,15238.042830422577
104340,14384.301673385435
103783,13787.442586441168
78842,27507.470700025155
87942,11629.600462292947
96790,8090.06539828914
97330,13590.581432889558
90180,12838.90057628895
78934,27464.46059533865
90145,21288.46239830048
78173,19488.115553302832
92455,26379.06829499264
81565,23801.532099258056
78530,26816.631337293347
103732,15331.641193609885
91559,13865.87285969807
100802,10950.608881340504
104472,25878.261925363826
96556,9058.746178195797
85610,10783.887563478602
81512,31334.84609443095
94005,24054.756776081835
88847,12330.626839794331
105272,16938.070924172443
88156,6494.223276799901
102245,12891.669663128388
103740,12239.038524919506
98554,-4157.740450355843
82268,11420.06082388181
80472,13360.31862367361
77127,24658.435760071945
94612,12401.196563632024
91124,32500.974311823735
85847,14810.789214712408
95527,27202.349385311292
83373,17342.457550858984
86221,15614.375382858943
83131,16301.586085347251
104639,19633.702233595126
108323,35135.16077014843
95465,20313.071520914284
96905,17815.570819826244
104272,15612.829019866935
90562,16792.716426996827
81396,30034.931964830103
107589,16865.164304713024
78022,16599.604551098888
89141,24537.761472597907
87808,15525.271629732022
92344,18908.424631546506
85181,16602.135936191455
101172,1990.2257810496594
107038,17712.881896176066
108214,37496.537482263135
90048,8819.808956461202
92619,20263.20567705242
106279,13134.327763772992
103918,12758.620093101614
96418,27362.453374944296
97891,16613.408369872504
90459,7274.506641358703
90230,20068.9757625965
82589,12033.2878642568
84093,5055.490825217765
84128,18258.950683306295
77775,20764.26870730477
80709,15618.076728689655
87084,17134.95799810258
78358,24681.67077316826
99051,6600.672244774654
81732,4986.673193807726
94316,34533.84530984287
95333,27225.551542798523
84653,7193.438965703404
94200,24004.69078742771
77707,24210.788573519876
78884,6872.567003740751
87384,14531.630909044095
84311,14687.306794341892
106179,2736.557561900783
77959,46837.93450847702
101918,11197.646813031202
82519,13928.737567693835
90216,4578.849739098105
99455,7746.44444942908
78784,27170.05168126415
93016,27183.78128993174
102343,11803.61898981284
91681,25664.10877965263
94868,16005.559604643302
87562,6785.850318968329
96639,19238.843016149778
85312,19377.38590259412
103821,5120.175835088568
101157,15424.559851370217
98644,11047.501761145359
91060,23224.876264262006
87747,2644.7709360979243
77903,25345.50163133657
99482,18350.20001829604
76170,18634.348948126975
83750,18725.02054428823
95288,14599.586866010088
83977,19043.018270700046
78300,25213.521078566864
80362,5559.547855465709
101315,4204.441176981552
88661,3680.2767942928804
96575,25271.97614568881
87420,15770.069446597514
76175,6289.96027762417
95867,27707.22779294283
80904,26105.407447056357
106939,14445.369455945449
97892,13235.00624239981
102282,13897.257925795337
81764,22292.60785657488
103326,12267.411746407139
94064,26880.89265529421
97529,22298.774057759052
97606,2620.114930802709
89922,19338.43736815335
104023,13655.477514218064
98885,8373.152876679345
83365,15054.060880316089
81828,31021.749574167996
100521,10642.042738071574
76827,11704.304073304642
89850,10727.691746924276
90528,12798.793006003369
80710,24604.72084217406
104646,13591.247080597152
102709,10382.445587980888
93055,19929.029465840766
103701,17018.74651724317
103548,7148.793376343036
96053,7393.943691182787
77609,28037.04681705754
99637,14360.077705710963
99911,17108.60647833079
87622,16097.204539431354
95938,17690.80413271595
93648,18405.930348812013
105208,18933.68592824753
82558,24710.821600585652
89781,19984.1071138842
94210,34505.14569707552
97589,25330.093214344935
96120,15249.346989720183
79277,29014.036219792917
93852,25176.635183332848
106276,14832.84988631499
104292,21705.29893307003
103994,13556.00624678372
83967,14946.163800854782
77971,24020.20604451432
76636,28578.564133287844
105328,13425.16303877844
89518,9241.883299918965
107941,12325.196700941891
79721,23138.994505167237
96770,9316.355688754687
105293,7497.226480005942
81503,36796.11914763486
97932,15359.791031702418
101258,9207.433214143904
83499,6481.147399829024
85447,13017.066590680493
98221,10795.927917241246
105617,24684.151024252966
103224,2526.890302124986
82749,2940.053372037528
104578,16216.424364922254
77279,24740.45868902983
106045,25441.233280696473
106053,10454.928018784236
99749,16638.021538649657
102786,15741.337158446646
87467,12069.700940873303
97949,10947.632326372699
91680,26161.177597370734
86203,17311.817139020015
102078,7497.016361043419
94020,24373.2938734322
97807,14268.827123971003
86146,14121.313629856331
92130,26052.22229224208
108463,15085.648968432779
79600,26397.176701206135
89904,9470.683423832594
105696,12578.267726639624
105440,12213.26061064952
78666,27329.632182740017
87225,7176.474394126368
92285,33568.43344356488
85762,8183.202023449878
107249,9961.93888053895
86894,11034.61016602788
86790,22208.167724661715
98272,13759.352790465324
95514,17860.209615429143
103863,13718.853658159202
85887,11422.355560132024
92171,20265.732906224748
105828,18452.505637087634
99025,3860.4153677379145
77032,5257.523610348408
96993,19871.292355052923
95599,20357.27002203297
77651,31329.04923893529
99249,8952.48520655086
82347,27744.708750792255
83547,16332.661852491032
90793,6151.443394070193
94114,-2290.9091979200493
98376,18549.4636782614
88356,14653.928927693336
97473,7924.379274578976
84728,16481.38144975088
99765,8319.712299374462
95147,27141.624388910343
93220,24682.782229688455
91907,27543.129741818095
100215,9563.230377558833
93841,27992.028742185936
99392,13304.639781684724
100078,13291.136724325217
98334,39992.211045263655
97491,9297.513334096877
76179,15105.48269452031
96845,19276.416763984358
99295,16985.476057841755
101419,4156.169937856084
88658,15986.277186239484
82883,20958.48449018906
76475,11982.991769584683
99742,16404.891011301428
93385,28532.055639930088
96197,6580.598111006409
103239,14807.332611155576
89746,13906.788641152265
84083,17974.807536496985
90921,15241.560587725438
81029,33610.038014352525
85735,16462.67933816537
100511,6955.192594542757
86938,10766.476205031733
106540,15842.277064044776
95088,28640.162304419267
106791,22751.36516275707
101353,4171.9102427339785
90012,8309.03402506734
87810,10365.951195481059
78427,23784.944513978116
105147,22173.81520579051
99572,19201.85916585894
95461,30202.89397918778
91238,26213.46695927255
89040,23040.754557925426
106508,17188.899581198184
84365,8394.742265084475
98635,14457.402831969246
95456,28259.88559240137
82157,21736.543552704294
107710,15748.720702232986
102827,7765.623342381401
79534,22169.701656721696
81865,24967.8171786388
88639,11872.695622970314
106981,26742.52937787769
105063,9255.12143896679
89959,11479.68305735788
76364,23694.601436893303
82709,12418.419691109693
97975,8254.764129989784
81231,27377.578110582435
91395,22258.090457563892
102044,11678.756514074412
78668,13767.00700079279
78000,17667.540349557126
105797,19564.401177311403
97820,17312.653177715976
78541,18848.431829145364
83979,24337.48498682711
92189,25531.334486953772
92421,27018.229545075712
104433,15650.235939697337
94419,23630.363070646745
81249,61680.07867023445
83181,15087.113820301034
101041,-1205.9575289705863
84544,8808.00008239724
82304,27265.65274610385
97216,22708.07311646024
106909,25322.692570131378
88158,2607.0030732670384
97244,11069.765181691451
85241,17416.905335452197
93235,26239.111204752207
84502,18654.046686307076
100273,9166.948350568124
99220,10662.884380732068
100249,8043.377357282343
98796,12738.96916642426
100226,9714.579462776928
76989,49061.32909180352
101824,14564.350957281784
104347,20321.655804226863
83602,13563.7611921052
105100,27241.672785541807
87507,7912.368843320954
105460,19620.270410998473
106962,17895.43503594871
76968,21005.68137775592
102530,11822.39316098654
80270,24463.265004040608
76134,14952.779017025163
81648,26542.44728989658
82846,11997.23372774557
107094,27047.92529148998
88963,12946.533269005235
85665,15738.68364559819
83962,12894.422940197144
96200,14818.989059246676
89390,7955.594598974487
86778,10523.400325574883
87626,12306.468154302398
76994,16368.463074595787
95430,16792.28670724766
99912,9976.198154000605
79916,39250.38494701534
77558,33924.686558261965
102504,-1536.6829148244578
79125,22301.337489782974
90514,14957.82554530244
84199,11613.342485840345
88179,14104.230081083075
93132,25603.592371958355
103105,15732.192613329622
91760,25869.925081064437
102027,14171.988761522476
99456,11882.821776539648
97843,9661.713955935538
98592,20411.395142803296
101912,5424.794407355121
99398,10680.924788556953
78585,18723.42615216457
99870,16547.060360439576
86989,18066.466866553834
86206,10893.788999471246
84406,11184.299548825882
86226,622.1308152332931
86528,12901.503437192896
84765,13276.916627569753
86600,10499.747773745094
97750,27755.436401775474
90475,8832.840118115459
103437,7763.680625388502
106713,15954.412616770656
84811,16214.055617960494
79863,25281.360366353834
79529,18222.45967873814
87367,13288.79558086726
93885,26550.79150799777
107524,12474.066252651977
77240,25218.594003777784
100091,10665.054675699343
77872,25301.757182577992
97015,25527.399986362943
78978,18631.984876273254
95091,24700.74060852568
107650,16641.423846508253
76162,28841.06975262338
102355,14170.251712812798
101524,11600.1803310252
78720,35969.390065955246
108192,27131.695457109738
94404,17988.934580520072
100206,10838.156946755396
94915,27566.8411571394
101631,7001.337477880588
84639,12348.580194844557
108277,21875.595563644052
103453,13383.871878899381
105392,19770.099499831755
82369,12258.663421159908
104666,9816.935813387556
95742,27262.10787895031
96912,14107.05150898386
93541,23720.47365344523
82393,22783.06478510996
81024,14886.290388762502
81284,21499.980199472506
78406,23910.42958915161
99306,13124.944272155393
108130,8083.86177427109
106160,18083.939494688962
102940,15908.879757851368
76742,21903.496920402067
108025,14912.33261368526
77658,26136.50809547375
84295,12361.506404161253
91996,18068.472527718404
103468,10398.955135497377
87336,9785.004584896173
103993,24122.769875538324
90396,8387.684736888737
97935,13451.132603501213
80399,19619.26828190039
105883,11599.139195649539
92823,24982.79826000121
82238,-14282.638620343954
98091,18443.57872904962
87257,14428.917186797562
87937,13159.2331075804
97548,18224.288026890055
105775,16740.911296247446
81363,29643.585288144655
76833,32789.09687143866
91768,21658.799369832035
99627,13001.600428548973
