carID,price
89856,12188.1242419838
106581,24527.483698929274
80886,13921.825886747118
100174,16543.320476729146
81376,24033.632678077276
85391,10610.393920325652
82175,14988.832772122087
95250,11972.985129092767
85071,5289.247837034643
96210,16665.903413926895
80317,27368.887691426356
92731,20348.83065583673
107704,12016.497894203152
98302,7445.161714940492
107055,22602.30004521527
94621,55027.193820653934
91709,17307.844613757163
98193,49350.877975429015
76189,17131.31881765093
86871,13001.196730848787
102917,6941.998356068668
90923,28273.915854982533
101603,11035.327479686683
94196,20775.610048055576
85174,15938.372956379959
103370,12389.416387533478
107877,15102.19103646263
79567,14685.462986943663
90091,9400.140426718877
76169,12366.191942458086
98708,12099.166290300771
107347,21581.58380209353
89583,9372.914378131514
101591,12335.723720847109
92160,16899.26968213269
99676,11762.333101843918
85354,17629.585142145417
81900,11761.8033389789
80345,21285.213269272295
78509,32629.567748794252
100872,9320.899457396363
95087,27213.899405823664
86027,16228.645434872247
89135,14833.795702509948
80557,27191.05012943692
108092,19066.063667587317
102672,16579.37932137977
83022,8616.687627272162
78398,19695.426603571606
95889,29365.635121478612
81117,46164.29569071841
93730,18931.538836955537
101380,9638.083247892127
81772,26422.617331563444
85304,10990.520487118682
86107,6370.8861913081055
88696,16821.63662604465
104350,19358.743487551543
87331,12978.140809736042
85206,16006.314384030153
107445,24211.106832791596
106539,27864.53240614553
98712,21606.668672021588
96875,13488.187504100999
108464,22070.239734158517
99890,8085.316768374516
87771,17336.109715287774
79442,20746.919216141992
84170,10815.991408304895
103045,16042.533383119857
101544,3659.0737639069075
77350,10261.646080517707
89225,14723.041069722582
79565,55618.98050591896
82849,10495.57751240582
94360,20755.248697452855
103040,6813.644173513971
105101,43872.21033105428
97077,12685.292745429424
98674,12980.23376818318
93447,28611.486354841923
84951,21815.068832187786
91953,10434.010182829215
102101,8437.087481164432
92604,31553.80082162331
89010,10038.345790910447
102729,9865.897079993245
88024,10022.932319172827
104367,12216.973860063583
101230,11000.807465666761
82524,21980.56853805946
95279,48033.64317435486
106098,12072.0684383361
89749,8853.277444998597
101277,6481.5351915279825
108016,26952.307235562792
81259,23495.715200196944
97434,20272.859198416445
105289,28347.85014356235
103379,10109.953981209084
78317,28180.834705773243
104166,21464.331027952365
106660,32804.61473288146
107490,11015.49788913724
90684,13845.141655986925
90032,7076.345299363064
79481,19429.97031412152
102524,9535.551489096184
100778,17326.275287034423
77810,14667.056412997852
98979,13312.690694005963
76558,17744.782061316182
94550,21539.210111858018
107246,6213.338108755709
77429,22298.916141278503
106105,12442.140666089777
105213,9513.031210134763
102747,11297.921805880247
104958,15537.507742243493
96036,17484.34481501257
92310,22523.82540438068
100837,6817.06435192936
82858,11330.015471549605
90119,10720.14434770173
77304,23046.01287577365
89011,11118.845980562617
84623,16706.53451087891
99665,22937.341112008213
100592,10062.940490015935
82623,10814.818487723309
92035,18845.088124252972
84305,10499.68746074479
92903,6450.710878581622
93398,18638.27696866206
108067,19573.815716052773
85062,8057.798608311237
81727,37367.57941517771
95637,10085.224680828733
89690,8464.66539275556
83240,17650.588838586467
89711,8303.903645310671
96945,10461.321912751664
104924,22175.059087928203
79633,21205.002693172468
89582,4610.513855409567
98080,7550.423981988223
85992,6766.084940604169
86712,12906.325294137272
105767,12917.476255931051
100590,8850.19067138555
104574,15860.38541950007
97246,13752.21253721319
78141,16872.476727469162
91590,28026.221268431866
80767,14081.376687252006
100344,14651.48363141187
88987,21032.778753408184
96479,19180.566818258532
90598,8939.32889883789
83880,8372.677839198153
86802,13143.826253265353
103078,15929.661102183412
84736,9707.190135480574
84196,3389.766852203082
102062,10082.375059516911
90110,6216.411549857133
102907,12163.716819428168
81776,24455.852947232368
102431,6578.494229529653
80442,13867.36046379276
78656,27262.707611248934
78537,35141.23981939
102511,10345.006255011194
93612,20303.798944355887
99284,7889.352942748292
96315,16426.67140522712
94305,31740.29856570797
100636,10887.565492222111
81816,15572.091915961106
100352,15981.092868002508
101476,10466.68780155187
93392,32869.3689468289
93995,22777.525760258384
94261,31583.654603334853
89117,15492.813901739424
86506,2282.8009292258157
88456,7034.268417099165
84134,10965.111693660501
81088,12285.388279160006
103960,11224.47751894295
84925,12924.81454125291
97306,10021.06201953886
83752,7562.033313516406
100696,5763.112678243397
76472,11694.089166340475
101128,12471.899894527229
105932,14510.855258648417
86416,7833.049953391514
79616,28168.566951412056
83395,14304.55461212824
88734,11489.560257575884
106676,17818.447183959186
102442,10275.257071661343
88761,17884.03976870641
79708,28308.783604829052
96808,18137.677619739698
103755,9334.160589167377
86273,18293.705543858647
97635,27727.7729673785
80797,24861.75496377974
108000,17840.247684648224
95126,39165.72357589926
105187,32387.23908341135
81613,20500.87583860174
103906,6870.90116320744
105729,8044.69738726469
100637,15941.402115665953
82861,7826.97418683509
107823,14841.382529462424
85274,14966.10116799737
88926,15013.391686125298
87871,10687.720405541182
97970,7026.589240607241
98044,8242.773297287868
90277,11164.798348738943
85647,12551.479655015974
107447,17529.668229530296
79418,8402.362188904897
80383,28246.688672499327
79894,18395.325137149277
105875,7041.694588814151
86032,11401.712108352971
104423,15487.01364366025
78437,13879.92541709805
79480,18761.14366479516
89973,6535.5387686010545
94007,28017.655671566947
93952,14294.985882886192
84548,3384.0866035160816
97885,11384.988393414606
86571,10352.086421807842
77839,36056.73488706419
102201,8211.582053833352
98731,8084.737740134238
82395,16992.99784057511
76816,32645.256096749777
97956,7981.666770500089
86012,13621.574526519022
106393,21545.603177988414
81832,30078.51138504435
82787,19569.00097316672
103974,6849.830425772157
100725,10195.74657835682
86552,7073.491151740326
80174,13236.999782944993
99189,14499.187901520289
102543,13039.599813817083
98518,14773.118010580853
100334,9620.017730726559
92673,20329.556125111183
88008,11955.574842028265
105207,25039.05216455832
106462,23965.78502625722
106106,15217.039326552667
79705,20309.141571659995
108193,17280.235998648313
89668,8148.599605766771
86435,12201.53313838823
101281,11453.945734003959
104753,26884.674432678763
79004,16598.140295794623
89732,3200.5429075677102
89201,12889.674160856592
87282,13089.229337870887
101589,10296.311675211942
87352,11558.403381699121
103388,9963.31538651501
93619,16969.751918427588
101941,6659.083870711508
106533,13538.578187252691
90018,23376.667107452176
101265,15839.494675500564
104255,22290.965899457213
80093,26438.064275701672
82433,7726.685554926479
77254,14173.853533419911
106400,32587.850832554224
79847,10477.630400558994
95735,29813.635473267605
106733,20489.77274774723
76318,18427.80489639316
95966,14127.846066381882
101690,11316.493833672948
82845,16030.793107906255
96266,25515.78941735533
104175,28929.212131915792
97347,14590.332362804891
92730,49216.23821894769
84738,9144.343763386965
102596,6633.722429758196
78356,31212.957466413347
94062,31640.8083565208
101662,7318.223636807318
81715,29235.335063717223
103046,12451.42177877905
108133,6331.488567476993
96302,13628.86618301372
83859,23145.809907000126
104815,16838.987477614955
95903,27520.126179942235
79683,11350.651496314742
88888,20588.638390091288
80529,29468.381598379878
81898,71667.66072723668
83435,9937.757798879138
80448,14807.379008541595
79241,33304.1711563975
76056,19929.14721728905
76342,16851.1093257127
98238,9342.849984854223
85878,8529.68378864456
102846,18404.306052976026
90215,4937.034294892408
79635,61595.181972875536
77561,16551.931582004367
101151,13031.67896726128
93594,26518.495852693122
78703,37038.36982348274
87596,7590.122936657197
92572,19311.491358973042
90757,8001.923657540975
95881,19675.640253470934
98008,13091.929917711908
84805,9093.45602747152
100888,10407.186855447719
82504,16019.622227844959
82177,15085.800882455369
89472,33966.618618602646
82301,16533.205244926972
106483,8872.726288880283
79808,13170.310579727817
83412,16849.076187245057
89386,19167.449518021338
89889,19954.033064484564
108249,16471.458397835107
98252,8850.26685356552
83525,10027.038056463813
102595,10750.865407929712
94255,10853.176798231372
91259,26494.1200218731
99539,6920.703967536949
97379,25555.142005331607
104452,25113.222289056976
88479,11109.45452042112
95424,29992.475062323963
94732,38910.77493980489
89025,10254.992161033197
89497,37429.754950075316
92405,15787.828843949548
95346,16843.240398045622
91337,17278.212152717086
97739,14050.251958117153
81087,12235.452301550691
80661,10830.14741595817
105537,12701.948746166678
81073,27781.076870392666
102770,9828.247263192798
99299,9606.0995513959
77528,19479.89235626989
95278,30579.813080155895
106536,16695.959218468895
79421,15202.227290771072
105026,23620.1549289828
97887,11396.656315590122
106163,16752.269786294015
103242,12297.041786630469
103098,8675.045503423162
76195,15781.444148355477
103418,11910.859113656343
102091,12363.464234211888
102341,7488.063694753543
100315,19956.367043589576
100377,7797.646865975199
78857,21748.181434910006
93748,31044.40113313352
107891,10111.647096368764
77063,26201.104672299643
86916,9049.251312669558
108347,9892.80741407046
94475,18719.50563548391
100383,12183.074585191036
80618,33974.29188807106
98926,10184.325480940968
77228,16471.264890493847
106915,15062.566576751675
92594,12136.215276397172
80745,33643.91758215828
78361,11135.741717706816
95725,26429.958113089462
105171,7274.6416171675955
87007,9877.067661931715
104121,15983.283827913103
92877,14929.124513016688
108335,44832.89856320408
101357,13595.3512748538
89325,9918.323416045543
103144,8089.570198225831
101413,6853.126841325037
85182,11956.679583239726
84097,17549.201046865128
101970,5750.79926410295
98315,5211.717267305349
89048,10864.34634337208
106141,9562.023947626018
87105,17084.09907205232
88472,15827.34472420364
93361,16224.563497142106
87040,7917.503102363303
99831,11733.249635360526
95677,12399.776274837377
89770,6627.626030417957
77371,27102.500130320168
107143,18376.251231814254
100271,12142.712015838677
83905,11634.184780573507
101531,14965.392940033355
90617,8028.799148962082
83895,18795.86589782389
89453,14141.115447162221
106012,20843.32814951623
76381,21435.419817580816
106986,15697.825168507741
84143,12925.561722789571
91665,48482.14988725669
81350,13426.371279109664
80422,13937.921887732353
84794,6331.782476362878
81156,30843.05256545142
77082,34889.71584823788
97356,9256.270499843224
82730,17295.781768129687
99244,9611.971926867649
85538,15718.328755415876
101585,11135.767853766149
90288,9497.409931042897
98799,2994.5292267962136
93547,21086.271423046128
85142,9826.24777308182
82012,32719.103966357492
89654,15985.226539328562
102304,13426.329347949848
79288,43928.68448609797
77400,11063.3953425974
98597,6101.132230524068
103156,10752.125680157671
95446,25514.487081266478
97036,9175.196998831989
101401,8559.532703540783
80817,9985.791330968217
84078,6728.661097560725
95390,27630.619921809222
79883,23391.515241134544
104059,12697.058725509898
103041,11452.771219101514
81651,14270.084453051028
100432,11003.584487487005
84933,15262.529498887612
81600,19985.38766990826
78379,7885.249914162157
90816,7638.347886658667
107414,9634.532571398684
105633,20065.596464997157
99508,7437.983286524517
100874,8007.204393970343
104208,17510.054848191583
84774,13076.4239150679
96518,11461.84213283015
91543,24699.22470218899
107146,19121.75681334914
94426,19625.690834285644
99059,9331.885141134086
96640,7999.29808880476
81277,9905.389723355063
102409,13377.73564472326
104800,14032.44036825958
107498,18862.603602216986
90942,45438.944562692996
80202,25575.23680198425
76794,15975.42399725091
88973,14192.484958776848
91958,53825.693619997364
80562,20401.915258910434
103486,11990.3957850061
95237,15589.300251158498
105569,16437.398404972846
106560,26615.513953201338
107977,12683.200734247079
90076,16625.96257828267
93050,16190.409340145421
80609,28150.25144037209
88557,15760.999919873879
90894,19369.52213639291
83669,8792.97302795584
78849,16259.326632874512
101275,7681.747901778302
91858,7786.4428640097785
96243,14696.56680511555
106227,25304.57445858791
105300,17160.836939209043
93065,38998.18841621667
78002,11906.06835222133
82500,13585.225429228723
78204,9005.007043743019
107851,8605.976129209886
86217,7033.6483082274935
82662,7543.258418152708
93324,33752.94629517761
79680,12628.342352503787
104920,23414.862105535693
96735,12290.562817124865
89992,7882.264327734065
106961,26543.21990538922
80078,16684.595506766855
101429,10175.151387942384
95551,19160.88279163993
79937,55716.0503245922
80680,18991.872915973494
99448,11384.824989431088
93909,32313.84161019617
96888,9619.82515263346
104584,12467.7788361122
107289,21331.108655897868
84126,15705.527833308059
101282,12091.277422890822
92474,21186.24047122184
88871,15980.219697881595
107177,17680.34589503643
106026,14241.353473997002
96937,12066.896251277454
83543,6454.232954714335
81094,18703.04569097915
77503,21379.27226839872
85351,6188.112883765248
96000,13524.30719175781
87374,15228.564015922395
86394,21137.508023414164
108364,12706.133533490449
91441,28809.273414245286
97039,19262.206831337495
106685,11195.25582207045
95631,16791.254368977898
101883,8499.465475345669
78238,11436.361112051678
97508,8441.48494250982
98441,12434.217884992131
80066,29508.135012753468
79095,33223.3338519376
80007,13080.572977171698
100219,8413.570757349946
82511,9882.128602014003
89270,15383.034322656415
88713,9956.234973200617
100353,11786.278035738296
102841,4552.070245984312
90117,14352.985415966861
81549,48831.31426470215
82350,26016.323709066524
76546,34828.28219533043
81013,19937.64597936473
91240,16671.28451998275
91542,21163.03644368629
104518,13367.18043334186
93537,45796.31988399754
94372,26737.5520122324
104419,20375.52063376445
97636,13799.166756578808
96288,22020.805152627254
78717,10300.54158567931
105610,20751.64519616571
97754,17854.387587582896
81458,12724.501543861725
86931,18405.517509057976
90713,21457.59759264457
90909,31510.20763120911
77251,39928.09961888359
95081,10563.225496704808
95560,15035.548546346714
93288,18517.083049553366
105036,13347.112216188294
108490,10478.982260054223
96935,21613.627641142728
89373,13395.391359627392
98010,8582.080975738178
104699,21592.580539280327
86692,7960.476290426442
85024,7846.803014478861
79086,31554.314819639345
89939,12579.079054006752
79098,18581.931225145756
86141,17350.10938324343
105462,29786.019823981573
92870,32819.38869141493
92163,21752.93146955281
87481,16174.55487562908
83276,9663.773044129048
79356,24881.09523747654
103602,12020.486088250911
88460,10347.558226469675
100934,7702.880348299335
96659,6542.126829919929
83204,9301.080556241803
104621,19639.849154569445
84110,11902.132085112711
99265,12042.387258099207
79574,14009.244754619414
78186,10823.877405025047
87005,13813.23148786874
104043,15593.901619081891
81574,31111.560988786743
104091,10859.285810827261
77759,28972.86793953298
78181,10347.507133727599
96169,10790.510716828754
98267,18685.636654277725
97837,13120.289323597584
80133,17816.85671164576
98571,9975.663679015357
88628,20324.811708493868
78622,14784.612641512073
88678,11049.905850471892
87278,15614.63237117944
86963,9971.940734664502
100350,9910.171255957486
78771,19905.168221667143
95935,18076.11036662676
107590,13321.872394002474
84458,13905.193999564815
85656,9074.63362617042
81611,3964.5211711532793
92638,20643.374626819223
87478,7988.0888645579325
98407,5152.699060036367
95581,8235.589716898437
100645,12105.046389490075
97184,6754.357605533201
84473,14596.686313027016
88951,7360.929790854906
100836,10665.208380945445
91338,49122.76445920357
94112,14461.836675276563
89882,17254.663090948103
97097,7727.825087250948
99151,11449.868710377024
99607,9229.00051612863
78931,18429.456599952828
97805,6895.030193022842
97477,13087.313156919467
87819,18683.67399260704
76361,19729.409442217417
99201,29691.145430353354
103410,11372.837750130846
108436,15229.1715927288
105558,19452.079624466387
88025,7874.067278072846
101944,8062.254167204815
80786,19152.981349025864
84001,15102.197522639344
78304,21513.849501725465
100501,14933.429720836739
99693,7705.1269618564165
94557,20620.578340810822
82152,29764.95190098832
92039,35324.89313223527
83177,15370.835291687483
90726,8423.886561901614
82879,13950.001635317267
87378,15216.316111351201
91699,15652.619745016054
85500,18442.03731011373
97050,10883.590374724756
88754,12421.618302187733
79069,34528.75558675303
89329,17501.600564180346
102605,11155.060970432032
93090,18580.439614279356
108403,16298.794648049707
91391,19069.853709527368
80964,22628.54017236251
89444,22184.53689621266
84092,12379.7120233218
100617,10597.50703885767
107962,19844.07483782845
106640,7252.756700317748
95123,12466.176112576046
99114,5964.440889760118
94461,22130.775539701644
88654,15475.976154323884
80421,17907.444569573738
78113,20231.166308094143
100558,7194.024819828725
78873,26765.57677112728
85480,10137.558245695678
103902,10614.413768531738
104816,20869.72960517871
89039,14590.021823271314
95169,16605.572552678128
93971,19638.901821437274
84450,20296.255446602056
80824,30165.420157089735
92545,15546.55617378403
89226,6416.031717604383
93873,20380.034767230234
85871,16882.97378212699
86343,10620.189584743226
93634,37781.961024917844
106942,8859.970243393629
82535,10883.727662384006
92259,19028.444827908977
88794,13116.718443782114
77385,36603.56008305918
76996,6049.154996737439
102708,8975.542630234837
81359,15008.937591709499
90486,3531.512436738488
100200,8178.000959354978
87970,13301.4539477977
107512,11413.574321839606
79078,28487.26041252946
108477,15009.67505293444
80312,29115.036216164393
82208,8662.774182306597
100695,12444.538053058104
99506,9219.122774272253
85773,16137.521866395526
101887,13474.364347113593
90129,10761.58705863833
84730,9352.117043239654
107601,23183.011658611926
89592,6492.833241395309
84844,13446.154878524865
96938,16791.481801030935
84981,16076.732340673776
100698,13566.992265870947
103306,15381.858515693568
107175,25050.78807911676
95411,31797.57408309033
101169,14026.399157410304
99407,17825.857668313565
78248,12255.237700638203
79031,19634.31060248045
91040,19214.446926296965
76464,11786.08216773443
102813,8171.101022617367
86811,21342.603146161768
81191,27660.408699951968
78202,32207.843547491935
82471,12636.147836391312
103920,7568.219936225908
79904,26089.29239562236
95670,30319.81563088581
89931,10579.6567896516
92605,39459.47668763777
85695,19890.708925255603
98750,9306.560241977752
101284,11314.644589957557
91932,18451.682650225208
98623,10733.052422642842
82499,11023.919826326115
93193,26558.494987899474
106110,16123.602846412186
78500,26904.59782873122
89447,15816.089972536625
103373,18111.273626878028
87872,9404.13489383385
99425,14836.094315916644
96552,5955.547931334599
105787,12346.596227859556
82567,13082.901207606325
102894,7492.062122318847
77641,10812.44609532928
100827,12581.433854281617
97712,16239.898376066902
95197,32404.993325638883
102993,11837.812495761389
94855,32487.96863918558
81534,16979.208454067393
95133,14669.92884989964
107468,5730.390435486613
86402,13299.898900564942
102666,11608.788425685698
92984,21902.976517293697
93891,11412.612039430804
94312,15610.710362746915
91959,39981.86709910868
91802,26842.21597230971
108175,15905.329536924763
78293,31100.41473515119
104991,9672.275206490607
104302,9914.71593958729
79807,15462.558403002855
87167,13762.483064026294
78620,21457.83369327871
81174,26449.4299745312
83125,8502.340716340428
103123,10658.9639637429
94065,19227.518161486478
78480,15782.854060755046
98280,9119.91522539682
83415,7889.257764561284
92297,89757.40342600517
100221,11265.774921043841
78829,16925.51546573809
93418,20405.493673483776
83424,10999.177037685502
101749,6558.541593611419
103456,9367.691142031388
88503,11111.016399645943
84931,16547.893265845105
107552,21375.22941267758
108037,11708.517598547583
94539,21103.762802958583
83697,8561.048053676861
87455,18367.99664784834
103044,7840.564256889245
104852,22926.684825074088
93437,39986.010366996714
92885,17138.275640912896
80922,19072.821674886218
102886,8477.744632453607
104586,16581.82867618714
81164,13497.52672705507
106074,16746.860457346695
87617,16937.016974026224
84513,14186.226798514575
96743,13306.89507276867
81209,13816.314138001857
95463,12396.92031354988
95457,18950.89900541792
101606,11960.209086412704
97485,28458.049666022547
91916,24289.887763936676
91629,44467.39093529397
84215,13149.71626730506
108190,9979.725222936973
88314,19657.603548511215
104526,17531.671437276957
82467,10655.465431940984
91827,31571.852934019833
77885,60118.61349649966
83459,8173.508514642523
98375,17104.809282666836
101233,10988.988300166935
97186,9748.67396108206
95520,18371.552832963647
95216,41106.0918930707
100878,5330.977918052609
80031,29364.851488064745
106134,25524.012603510484
103526,10124.020396632412
104018,44664.13365688521
83920,9968.650035238446
88245,9690.98844046197
86248,8379.793139105988
86315,14390.513329815507
108157,29616.870940785888
102814,9005.31280677724
84371,12096.953843761643
95270,14795.148483341318
107670,19226.861260621034
78745,14549.4655177694
88772,11590.189310153624
82335,16743.03836884976
100049,9397.222486949457
84953,6899.254896364868
98948,17909.160065560973
95952,37884.679525161366
93638,23826.00118550581
91164,32819.38869141493
87627,19868.407521697525
89209,14884.059488203868
94140,19246.38775793744
86567,9725.445004147314
81451,20314.41665494611
94658,28307.513538102205
103969,9403.273046262113
90158,14806.19108812678
107712,14896.976030926353
102518,11439.901632406314
91367,29171.392241836813
78764,16052.04623031028
87411,12738.914787669486
80790,31991.469299390068
97848,15651.794178054352
97985,6145.95093633193
99323,6659.494747773416
96854,12734.434384543274
103917,6739.496655692942
86223,8505.387503960968
101812,9009.257219687743
102098,10329.777858621372
93414,11398.261542955068
86794,10016.0929033164
81508,29489.655557703052
105781,18711.03615960232
103758,8887.0856228108
100877,13519.086659780774
83075,16364.178791559416
100303,13328.490110807885
85269,15330.130805666036
95693,18350.03258842106
85891,15263.053976823356
85991,9720.706386591057
89378,11255.092577390953
79718,11536.666110204462
96415,12142.466174082774
87510,11358.952264643396
95579,15717.552627772278
96453,13340.3052959973
80182,30015.239796883645
103363,10000.881686130871
76430,19720.430673901203
86302,8183.346060691513
78876,13378.851095614305
106740,11239.294495651198
101855,11912.005898190191
78987,27680.83102880545
100155,15578.055734938207
76069,29917.839345233497
79889,19623.204742762842
104035,20404.49248652154
102533,7325.897463287297
85374,14263.555517126688
82210,25012.48638234646
81145,13134.861586987816
99738,12937.264147866834
98201,33105.12421462914
88630,8483.002628161774
94084,24710.475764318242
79771,21785.95869963766
91057,39361.67071636021
92492,17576.67067259577
103600,16945.811086849037
105315,31400.01123880754
106151,19195.93815132545
87426,6578.851752882096
85249,10603.25502950678
77379,7427.449273758442
76190,11748.225193630758
89820,27981.54471504774
92650,27396.519801170663
82906,17400.674681062217
104766,16857.575750209948
104673,18487.82040290815
103734,6720.406589722693
87652,13107.50005964963
107399,15972.299928153738
97222,18040.19042966568
100614,9315.238323745565
95807,31571.852934019833
88084,13904.981107896649
97997,14401.231025664378
83321,14637.466041684906
83002,14688.497766414534
103995,9511.23568473905
102305,7139.387282722946
97774,22186.79351442742
87737,11709.999583500452
102191,15570.041423282884
78470,20315.31344971739
81787,22247.719143773927
90975,34379.495177087825
76598,20429.996101923385
88308,10589.337245247849
105997,12860.995665260845
97095,19683.975533822184
100555,9471.074047292059
106628,22087.093015655377
84638,6396.436013451104
106752,22390.643400344044
88072,15695.951272547685
86734,11975.239799467743
105842,23617.260348091266
102037,16791.461323013194
96623,11382.032359193832
80943,13807.356807899501
107882,10479.941353926159
96069,10091.933890849265
86796,19098.039600081396
83234,14682.619656649524
85044,11567.561840814109
76183,27848.545571150305
102124,9354.546655937453
105963,11509.210457977499
108127,12372.627993606426
76435,61523.79571825542
89809,24029.981667092765
98129,11963.244271415866
95632,25546.223850346905
77264,21509.066838094335
102849,6171.9948938296
106860,14973.965580096521
90177,9822.651595090045
104336,13410.642095182653
91068,19686.577952987107
85416,9721.952973494419
92720,18818.360982436705
105257,10416.183710003685
94524,15218.865842568375
87069,15594.034416369685
79026,15226.192718272972
100533,10650.915012352112
107396,7305.54688616508
77220,11799.070692021769
76863,11912.698356860894
89441,9108.085317677436
86301,17930.460710764404
82808,17133.404905758198
106681,13260.488865703212
100673,11347.745750893488
87115,9639.621145153973
84819,10036.94121925914
99889,12261.70075609943
100435,6935.670115537137
91329,16880.332450327176
105897,11302.635617199041
94788,20162.66798813722
96403,18241.725079615608
105780,25147.44579217357
81290,19302.48056320893
91689,17692.916134855324
93660,51439.682165595004
84018,15416.424398260493
79166,19309.621909575868
99850,13546.423470549342
89900,15473.390927003613
76628,23273.674458341728
99136,10983.166856659122
89388,13283.791308272843
86441,16040.016096111129
100362,8325.667195924267
99493,10414.901656271079
108082,13819.288030025036
94759,22339.076987114397
91954,26638.44901185642
90378,15762.523794373168
86126,20540.8284183017
92990,17874.392379054294
80507,18510.55742565772
105394,25616.999702169596
80679,11287.544352264029
94014,21576.882523089756
78092,27296.2981443292
92725,9656.320523070852
104609,6114.019057908754
89940,20009.48572255414
84337,15732.61138599666
80392,18879.018306830592
90992,46931.89285588209
88342,9897.915168120368
83193,8216.63488411519
83080,26707.33255328188
87197,16669.963378774206
106043,9243.677134303905
81316,12987.501033279505
105197,41552.96234705773
86103,11539.093228774225
107819,45288.69688446425
94911,17354.31632958766
76597,34504.03312184561
96614,8739.236734175396
102197,6228.840844284941
104617,7199.791538793258
101445,9299.454863992609
94521,56453.45010113867
107290,17318.509203491045
93099,31160.802046931673
82179,39726.28991268044
96268,26423.635118261285
83202,16092.570515059528
101568,7178.496577296393
89145,7899.991692686438
82718,6856.707842313222
84595,17112.41064166224
86633,12834.014522531297
91925,29723.60769259477
100357,9855.67117238267
93684,16592.96419793323
106465,44485.60688394051
84631,16172.348089813851
97796,10485.342028762054
82836,11378.638820783664
81314,54141.34057847692
96868,18961.458737467867
94329,20074.807167647527
85728,6909.201008131547
78259,11006.103765950014
107084,21777.73863787822
96134,9328.852115981948
81583,26804.282364128983
104264,16588.885425082408
86202,11653.132524302286
102867,8022.118873332025
83461,11873.601783409284
77589,15321.125935032433
94394,16592.62005911612
87588,10529.35074912198
98769,12833.123154230236
76735,21325.05086954349
105592,13110.545071130582
95260,18485.638584066914
82699,7958.47124337965
95827,28184.19846083674
89294,9969.419962572281
90853,14024.339700393804
86522,10030.3103537179
80958,29632.80044200585
94038,30212.70287542866
88512,8227.50004106778
80219,10573.0195775101
86063,3468.767929608056
87724,8107.671368804132
88835,13547.972997114925
105687,17437.814054198916
83567,11207.70913001187
106584,21821.80786212262
98492,6266.402249478447
94494,19397.850290310435
89061,6355.605497717183
103125,11986.608686702764
103883,12030.845118126696
80430,10833.649845452546
95544,31090.985283293707
105136,53642.161583173525
105560,8383.731234153143
108397,26880.774309379027
82236,48771.637004264114
89477,15997.855980399452
98106,6608.908487139965
85996,6271.584166184441
103439,14053.796718352083
90831,7664.761473672033
100746,13175.661987089245
81518,11919.709008875743
98610,9782.463463500384
100644,13687.303886154325
105486,14150.29883675091
79765,16411.3275365764
107609,10297.584430861541
85407,13090.853219755109
81527,25400.132190267723
80955,36212.29825234176
79400,21920.51041625409
101238,9786.872151124244
87024,18429.91105622172
88662,9517.022234701077
107983,22387.37837166632
93662,27634.647301613248
81557,27290.188224567693
94520,16836.583448456568
97010,14589.396865207907
77628,31035.662760468455
89561,14566.646052994669
104218,15801.947727157629
99839,9369.742130770652
87279,11050.63614402932
93760,19308.166501152577
89551,7619.3783898525235
82714,17047.488478342686
98166,19771.95859052422
83812,10435.390495535246
102617,7021.8974589344225
76869,16897.24942754464
103735,17139.61518796906
94201,21153.121072502876
107893,17461.468411900263
78651,12609.045417307965
85246,13492.997041594115
81194,25064.84983434059
81133,33341.84608764333
95611,32316.13119627582
93004,15879.61840423583
81826,42438.9264839652
100157,13017.07915388139
103768,13656.104122718973
93350,16684.694599426686
76901,22258.92916653484
88742,11156.277069522424
102866,10557.340987342342
76438,28433.016507417018
86105,9824.408648202692
107506,24468.33976197859
108520,7746.093618976482
106613,10629.761403300603
94164,42004.05413180908
100964,10668.092433496706
92769,12976.003880857377
82221,10978.850133283453
98686,25194.108672944272
79762,21112.00623669235
84645,18993.494927320113
107656,20731.259063848152
97538,16775.937385903082
99552,26782.64912514288
102157,10767.215439364474
80935,10894.021858891774
100578,12243.652390734198
94686,26429.759711660423
93268,35466.00380950051
91842,22617.55046902188
95609,33528.21957495917
91576,21352.36144436041
93139,46253.594528950096
101030,8044.449302948346
80172,44731.9935058577
106262,16273.695903586833
101562,9717.289721018182
102273,2699.552745141297
87102,5105.244817270829
78491,18148.7325789275
90631,7619.3783898525235
94672,20877.943143466982
77261,54242.60339175463
80434,21507.43273117115
86840,8934.816051929729
95011,25146.829200504326
90870,12961.204615898932
97999,10400.865827052541
77016,43130.39506522944
96931,18913.844923289496
85215,9406.68045642858
105268,17146.489948600698
99519,6550.04821072897
104056,17706.23551300969
91117,53521.983406989704
107099,24030.362080492992
80475,11662.61874152409
76216,36681.00662871017
93207,25722.147264335108
105166,9594.408846735523
107209,17223.19707380397
100109,9549.375671317935
87232,13672.712842411769
102624,12090.065047979295
81948,9333.13725431356
93625,46857.84114384988
90334,9358.77299122213
79878,13708.4141445669
105653,18553.14904809314
108014,12924.103654239212
105491,21936.26939116595
87064,14359.667827912888
106773,18633.2998053203
93489,14713.290967158433
89490,21035.97347717022
100771,13335.084443031295
100803,11873.996837110248
92144,15674.135317126202
88632,10748.60248164088
78778,16954.313349633765
99308,10499.947033675278
77161,14346.122958572178
97501,9667.72102214471
100933,10813.676408709107
77489,28402.07570543422
84309,10883.616133295807
108040,7092.256898876295
97159,18392.423362254638
95779,15240.272778940232
89650,14610.764898331818
80999,7454.625998692756
91887,22792.53617715361
79753,32166.88565789155
84669,15212.492463454735
76401,12813.369718416632
90299,22227.656327256365
80820,11819.092237273404
80744,33781.42832888068
96151,9937.9984789891
101368,9883.71928340322
106886,25428.388706111262
90590,14070.845987357963
102988,12138.93913948724
96155,14057.272033661517
98069,22765.268268030613
99349,23311.031476658834
105341,6986.402472024818
97054,11302.94145233729
80210,24283.54319715066
105334,13997.70874952561
88495,18938.86643075663
101578,16672.428800448783
103240,7569.809640124814
84979,10997.180389901514
88799,13741.132587139955
83073,9241.242060842687
107288,10349.546719023541
102097,10565.601392811452
99042,10096.363881737145
87242,12055.929544582174
77310,23384.59488199252
87982,19296.276721497663
95506,13814.5389310132
106574,14992.174742150084
80962,47905.86812928332
102168,7079.104163006355
102528,6818.078676320597
99307,12847.041037680334
89354,13179.810343556344
96717,9861.154976753389
99267,19511.116793487934
84588,9962.618193964503
88920,8047.2005643785515
101122,13600.970121696924
100916,9966.113299867775
90206,14051.60430102602
100314,10175.856947673357
91528,38009.80448778928
82508,8001.4899245300885
77095,47852.57473365521
105943,10469.079399688853
92610,24846.17240437051
76706,16493.497461088773
101753,8731.079408801772
97020,12557.204074122072
103582,10333.228673265852
89559,15901.848016442946
91293,10664.027717102348
76698,29143.486980736176
105365,25096.876924857675
102755,12952.514715314386
82363,20335.017552294736
94314,20068.81282430656
92463,20469.31578417206
107566,11722.05010697848
99251,13155.951409384686
108140,32317.60392379896
99394,10856.540428328333
107849,20993.331321356764
85021,11086.184405624757
98878,12169.493896949516
80258,8150.044310233919
85751,15255.448180139165
77932,13854.848963350567
92120,13170.827732192738
84462,16007.401969438894
104744,14766.223202365041
78174,11815.081410235645
76239,29931.101139964045
99098,22222.78302526686
78068,20104.07929921277
80129,15692.353272401693
92276,25140.838085601416
84297,21504.777798672494
99082,13420.71041091057
103218,12337.055349167225
100512,7680.83102363612
100481,7274.057862069748
77761,14272.3486551581
90764,8191.918870629875
103431,9949.678528124747
96133,18430.109516473767
80377,27340.60081789916
93811,11104.70277549284
99125,12608.570559734795
92377,24909.465010381675
84221,12180.034130323003
87280,13462.725007948282
91188,22486.576845825675
83645,9806.385090275771
105967,8948.304243818886
89389,10125.399902375837
78866,18457.743673137527
82761,16726.11918861756
95049,21729.208266973346
80729,7048.13378193812
76702,28561.77567920016
93554,14186.482920922119
98932,24684.77155204448
91264,23792.634177463915
86993,12272.601445172724
102784,9700.25795562517
79105,21958.213329010225
102943,13370.811715788253
77065,23012.276662845514
104740,14286.926385423603
95500,16820.941433951604
95345,14271.75027701186
103581,11678.216157767512
86417,18036.24478578163
87299,10590.930910167697
101375,12751.044553231903
97640,32855.14398069958
99560,7564.752000649925
105849,21117.964567455267
95701,27179.130764578516
89124,11205.352189180248
78589,17863.628117190605
86742,10179.506500276424
84620,11895.20630938036
91165,30988.829802245833
88463,9115.933764174872
87571,7974.3247558706535
104773,17509.787355989592
83370,10488.982218872576
105599,11166.454716250297
104275,21927.20662709185
87908,17531.358007492556
92637,8061.047310834759
101747,20745.05446968538
99271,7630.931518314105
77493,32745.053203929434
100122,6636.027001990539
96424,13487.473520433441
103113,5178.72867052774
107985,26970.525425887172
103634,9472.394266721667
93302,27654.922023894487
93877,15316.491581388469
98121,8506.348408644684
91191,15216.0602683536
99106,20264.26130548855
83151,16991.159918703783
87913,5281.56139954615
105517,13127.445023780758
99452,22792.444501299018
95017,25911.904393642788
98803,11499.474315131745
95625,29823.86727927996
76846,17534.371135950325
101791,11730.476353894897
79911,17396.651067874896
98545,10334.907147868507
106811,11261.556278679556
78007,37905.22244848381
97259,15517.87941999781
96999,8478.45207857036
101969,6539.783608654775
107018,32368.733877685754
76246,26477.965757408285
77303,10246.715096806705
103674,7456.0553667213535
100794,13940.314416271365
84367,23907.927358820634
101652,15885.024805695173
95111,19475.223272718908
96965,8372.664709487957
76396,11085.132247476977
80269,20247.04724696944
87328,6793.432498945164
85984,16047.835091142906
80193,27760.082002645395
98525,6608.050119676799
77460,29670.739294029718
85424,18157.480171787152
77271,20104.07929921277
104786,27846.44503727059
103727,9560.162504974995
91819,26709.50911969746
107028,20447.022649318365
94966,20529.88279686422
78126,14274.354213134913
86200,17275.748338159057
100317,6764.586129145775
88403,17969.10605680711
102036,11646.371429664703
78858,24707.457107632545
85122,12300.390874679353
107516,18409.74167166126
103432,9127.697351564719
97354,8302.785178414766
100218,13432.191938878499
92759,14752.862895477652
107648,39489.392468757884
97107,20449.74131837877
90871,11345.332009548996
78611,38024.69466921808
107537,12302.161754687071
84840,11237.806397463211
79802,21555.066900825554
96763,4494.9951286667265
93033,19598.289185421174
76969,33580.55236052955
106154,9930.60796513522
105965,10058.975249613726
83644,24621.55373078662
83889,12423.0087319184
88026,10365.342883142433
81652,27996.135252153686
77312,16409.614378004877
102749,10546.307835958385
84444,15674.450930526757
81496,18997.174564622124
107471,12505.45227371987
84265,3737.416741288859
92346,39777.51123778782
87248,8357.83772176701
94931,14294.092392923807
93712,24445.957015859618
80162,24150.690091516648
79351,24325.766091504644
85734,2295.6369737979035
106372,12512.783855427908
96106,9273.252694522585
96702,21658.60147957046
76823,10354.00314050424
102214,6109.534021546787
81128,15125.054081073475
88320,12795.097651952994
83531,5937.149972777452
104506,21115.75334734727
84074,6539.151683925114
104709,24612.100337067965
85626,11057.380099860202
98427,9207.720260469945
78699,30617.973837806476
94756,23698.895662093673
101283,8031.832236797701
82397,22025.819261033208
77954,24712.488959109076
81630,23451.89397180263
87025,15224.788777618427
81189,16966.193525888186
107048,29738.655568528226
99510,6366.403144780084
85462,21765.94188526839
99442,7092.04400086313
85541,3323.577862684314
81635,35317.86338705646
83983,12237.995616426877
96161,9855.760856704077
90359,12000.106817147524
86597,9523.592541621103
77633,12025.028427907333
80552,30936.82213236278
87749,21690.998091161262
88246,11063.739524705614
100434,10855.148874838273
102049,12069.576509382847
84649,9742.721618783804
80783,17754.735703401377
102021,7923.155665510913
107760,14877.473202930738
98095,6730.775255746209
103474,8805.159177056894
101486,14810.38486366599
78334,38705.82737906447
97026,12426.086103813755
87049,14376.486020810613
94207,24388.02959128335
90080,6657.809713519889
82025,16466.966194100078
94478,24630.621600461964
90501,7864.258508019187
86699,10136.571523166142
91557,29184.167676206504
105343,10686.856293836729
80034,28596.56241312644
84220,13582.160672169532
79498,23536.21820141338
96294,26227.590814358726
107974,9274.467047211563
80316,12136.132252205296
99928,7483.037206759749
91851,10134.284682352481
87827,9666.862165789838
98130,14806.771361507432
96139,18679.792899301465
93176,31858.7986496976
90903,31869.640241562993
77200,20703.49714266692
95858,19249.834223155092
77764,11225.617709865595
93978,37171.024125233394
78852,12455.533524909655
82121,15983.754911141743
91653,26836.781006527533
88882,9991.479813904352
107327,6915.9416485278225
86583,10480.998250508712
90101,14727.381741451136
90893,19274.4988763775
93813,29704.91252567701
79215,15543.518907746657
96480,10635.878593175677
78841,34185.124238139324
101519,17753.39338843541
77704,27189.48323198551
95308,21340.671176373842
106617,7627.864353270802
92279,20817.87230032594
77974,22546.891214798838
96897,11204.205979789072
84841,8437.876552167736
80966,13183.777335378807
81646,27854.65470227901
83773,10067.759923425376
80357,37119.272018336254
93576,12751.162982612832
76332,30626.956531030795
100522,11891.800910279278
95723,11292.052989548558
97599,10091.354214724166
83267,14143.803836217665
107086,14008.594969322892
80173,29453.888516592466
90902,48847.263227348754
85442,20167.023571323698
82924,4871.678030959229
106669,22399.558052896788
77358,21994.017176212987
86661,18903.45599187416
101073,12981.9508218268
83897,11669.816090140579
92465,22313.55003291614
105110,19625.53898027069
79370,12943.707471149615
106568,14330.409693387315
106121,6176.8025859325435
97194,12459.707413289434
89289,18997.673195924566
77301,22392.33433430099
89051,24584.550302739328
90207,14420.979464860298
95193,22024.6658819214
98653,8018.060724415998
98934,15512.384429963871
102897,10209.913213323993
90845,11140.22923629167
101868,8302.988938495873
95210,21109.258141607912
106341,11905.30859999997
101091,9596.415693392284
98060,11577.889036287861
90026,7368.912378456009
88157,10693.48017027005
97383,13505.772334706598
87451,10563.631386921243
103381,11137.754545317292
93512,16240.366972432612
77414,59933.48776011277
79553,13711.446058151314
96377,9383.180154391537
105001,7074.9812098880575
106183,25493.66227486009
95745,25729.156324088577
107011,9508.06322453987
78953,20484.217278104945
85187,9810.176726888638
87941,11191.622770993636
77483,19034.874259987762
101372,9032.922610738331
83730,8685.468082547248
106166,20610.377496927533
83753,10240.0634880715
106514,28419.240949258015
101583,8858.711089808987
105137,2584.6090257371543
105295,26944.290366828456
77657,43512.1277936972
88515,8013.417041399757
93729,21479.620098384406
88280,14173.033782400986
102832,10287.468207883005
97873,12649.528521465154
101671,7964.3365346432165
85210,13272.98625295227
80735,25671.41871161658
87811,17989.565620608566
97684,10015.942892315617
99915,11495.326690184105
97502,9187.064360114868
93678,35987.73384164742
78821,16675.399226935602
93898,16673.39928260743
100832,14009.256979964353
104921,14833.202047274926
83890,17667.53974379881
85696,5716.822854792952
89485,12382.568073624023
87460,11288.45237141678
81080,52178.04784312821
87235,9320.041093224318
87587,8429.493315788375
96329,25671.375425338
108174,9537.974623344273
106700,12830.73902942118
98539,17799.779415676
105234,22790.566750594087
104708,10929.954362495333
79081,30125.28854940171
90270,18808.77135293913
106057,8551.608742247601
80928,32462.28490506212
94218,33151.49221482799
107429,12232.575840757625
107776,14339.413045926529
105303,8683.20024274746
107166,32046.150067305938
94379,25732.00419015189
94832,4242.711150935362
83043,12064.838373672203
84114,11475.212952928556
84283,12356.835671481438
107679,6838.064382173617
89280,11347.124899052958
89840,10758.540287581613
89927,9629.722017623511
92218,21111.03895777784
97100,8054.707159309549
79443,10304.992364111002
96551,8873.83944572937
101305,11787.372545210423
102576,8922.540658280795
84060,17555.547386425485
92280,25718.474862302
105210,12365.139588601312
104496,19927.327896642826
104267,13052.922618298802
91491,32302.190701071013
78595,20104.07929921277
100913,6938.219621581204
103028,11495.005600140577
77788,23431.13862949928
89629,7707.077260470323
93781,24369.868738094345
76551,48666.95596808255
84917,12578.541379108063
106009,14304.79358960319
96109,10828.333260719359
78933,19442.867164861087
80386,45441.0022531525
105590,18964.286379197503
87670,14330.570676349913
84443,23833.868118237162
95776,41618.87377325489
96400,14752.612744164451
90834,22313.30059975266
88360,13642.00710909915
106848,26220.26912918475
91981,27848.32275009959
89126,9714.80756409506
104879,20818.839046883168
90449,15114.836974914639
90667,20605.778146009103
78986,11206.818764047923
84945,14856.550873077447
104356,10144.267219719253
105159,20525.498687903473
87755,3000.4449417237056
80978,26630.311222557742
87272,20626.451577422613
77291,30127.36703694965
84904,11230.66658495692
99446,17638.218078376638
78688,28817.874272326113
86155,13399.440900056994
79551,28507.011263776272
78281,9044.483937454475
94551,43190.96385345034
103232,9883.656342042013
104767,10643.600668547035
88566,7809.473745677414
77896,28227.829958164566
96885,17434.566162623683
95778,21479.15068225521
86874,10154.76335609308
91080,22675.612786964757
107737,14200.80750810314
104851,25694.401046749215
85070,23392.060794878777
87362,10969.707749345345
92302,13522.492606594882
93294,19089.343487693943
83422,18177.169134067066
84862,13226.632040815772
84415,11195.298194592944
78737,21011.867596489315
84686,6621.047128892565
95112,25549.06290962688
86518,13804.86707528262
84839,11847.682035204445
81172,27456.748110652272
89932,19316.383917011226
87300,9949.257261532175
105568,13209.681886054357
76252,13706.277385465784
80951,29692.23590742644
83509,14129.164889238282
108493,30729.472371850046
89976,9390.167908239999
102525,14105.718552975844
88102,7719.677516867809
89605,14778.962568955765
92381,12756.134171920983
81987,36639.76679668691
91951,25708.926684746904
108167,17159.39261144458
89798,8268.216371809416
97312,14921.146397280947
106458,10893.914018693551
80611,46941.43703453661
83390,9200.74991690278
84346,17840.445286845505
88061,12014.139042429695
91266,15301.174504289886
99611,8325.623233832393
106366,18334.45617232945
91936,32572.97687828524
82520,11005.29208311184
84865,9305.00659136783
80141,24955.927960198806
91890,16582.214018956387
76251,18467.476870166636
84247,8489.444735439256
91298,37890.58333745284
88015,9295.823303222556
92776,26734.148404933316
76709,9263.73130956534
105728,16055.08293231224
103796,12596.190768822895
81171,19534.089653318766
88413,10067.991316689724
102155,6883.177210997475
81200,15699.642874179786
95674,15088.693567176313
96157,12708.44727999044
79020,20008.584027760335
103587,6422.987129172429
104190,29599.64276082979
80486,18159.73112447168
91177,13905.702652070084
76909,29570.641494964813
97278,11679.251844014392
77170,22988.311423496692
78840,12729.16567016893
107987,14690.056322333456
104444,14646.838333114933
98408,4103.38619422191
90629,16224.591748675508
85268,8783.913234516049
98419,9898.766189072221
90747,13153.139545801429
105907,14880.519463226556
88335,11009.728563559782
104161,24791.900768366693
101427,12931.117302920611
87176,18598.012382632278
94012,29274.45225928093
106937,19144.81179901025
106573,40746.527016031425
96877,9831.147153391361
102568,8477.744632453607
93510,21228.312232069256
78820,29566.14072321083
76763,23440.582616706186
106884,7046.816291356143
81041,13911.09555803859
93827,19064.183804867735
100321,10045.22799458281
81450,10329.80561156567
95107,15640.107559900893
93670,23216.158841255983
103551,12061.337494166779
106715,17378.841597845196
100863,10439.737044977679
79259,10549.921276894383
105336,29768.574918825576
88906,23684.24074789227
93039,28607.072596441725
85639,16350.356717959847
98378,7947.190220632434
93639,12625.56240237378
83518,10747.35774125199
79592,12733.023840219577
95678,18607.35508921966
87400,9824.773448877206
98813,12767.060860276972
79157,7190.251691719705
76223,17482.544057751387
95406,18988.352571024745
83724,6396.263989688464
89739,16474.903676463542
94933,24264.859353927575
82605,11082.762320562604
91566,17085.557245288714
76873,13644.929600020672
96884,14147.25954511897
85901,10787.622536542533
106449,22411.73794899242
90672,9942.644102450371
78513,22981.061831057727
86464,10974.646896573788
82921,9044.7876652302
93886,27046.06225842895
76303,12987.421175849293
98243,16935.292340647644
103497,10908.453917573086
87786,14844.785805552692
87780,12504.025859422449
99339,11173.51903904255
95351,25143.4172403095
106965,12456.369894600826
87540,11609.825546805994
99854,11255.308088113035
102357,2352.502948965201
90737,7883.082928291254
85392,16678.85526989611
96882,6983.833426527137
88268,13845.86238178371
106075,21024.34700898954
88674,16280.650564374995
77623,15006.177089609708
80394,14515.625017478804
94942,25766.560252212996
101237,14807.286240225043
86351,15732.682617013172
87055,8678.956704879161
94851,25017.30336896217
79816,14964.844477320801
97214,14256.21378870399
88900,10187.032119484005
97464,12401.2101737949
76403,16113.523879622338
79786,18656.56906724813
83858,11323.644428046659
83658,9320.106367275692
96456,12764.900875795138
106217,14441.599102894526
88111,11076.779469530695
86581,10722.646311110755
98218,16606.470246098663
93801,24326.02058231258
87206,10459.586582005542
88569,15658.63529029903
104348,14717.571281613795
76478,18865.271464881258
101509,17319.84034012147
100915,8586.287356771947
79676,18202.425589508057
102673,10131.232938925816
98151,6556.882258751251
77583,14484.153291892831
106602,34748.08668149093
90134,13115.420498590422
84228,5800.053996125387
100131,11764.368887949464
92807,24120.55692068638
95025,31060.366111966396
79779,10190.77238675017
77216,27274.323113586044
83476,12425.67729395112
88942,15523.473796673812
87565,18269.170534465473
97055,19754.41089138856
97212,21906.157177217046
97321,17558.2080743948
102240,9823.281719407903
91253,15313.726763359311
90284,16749.625206436463
83582,15617.672417278196
81255,34853.38838879287
93903,38337.44509654894
96241,17948.218188490137
99117,5823.783146221708
79874,29350.296392334705
105193,20233.407177279292
98186,5190.780667993146
103313,10505.73376097305
107714,15789.482850578703
101081,9520.704007304212
79663,5293.146516170101
81108,10552.664013785376
86643,6388.637760653395
90931,21817.004580323275
107518,23878.291278901226
84511,16788.735278355147
80689,11406.531401841283
86547,6065.581556390591
79670,14502.072730794602
82281,16739.95556759358
102274,6200.24901244999
107948,12133.568376748748
97149,9423.65994876372
95980,15912.115932045486
108047,30094.88491827044
94763,25192.01218236092
106148,18054.845528399375
84164,12423.275941969654
93448,28639.94596624567
103837,21167.37864844583
91861,22048.76475161549
87914,11445.209643919836
85944,9000.276064211317
83795,10542.780613828758
97374,14387.291540483193
80569,11885.759078406456
106331,40265.60927004572
93177,32568.22445993391
85257,16111.539378576155
80094,15210.264564237128
98473,12216.71231792608
98021,25005.726579401504
91714,21627.11487235332
82569,16037.019987164931
96451,9619.641439966583
86310,10764.022860755596
89702,7267.922369466576
87577,16296.86277697444
85221,25899.062305104613
100454,7143.697993799844
96748,4986.538557493564
91472,6455.47098666602
88350,8449.551137329216
84386,17951.479661099493
107993,14021.341943617015
101496,5761.896056187457
96805,12814.096318402782
82084,18518.889500109137
94643,31065.72015111499
83871,16507.601954790563
82327,19199.021402333736
90332,12577.805677839902
84949,30431.18107206116
83111,18894.06249236466
92067,19162.133775102215
106714,20248.967950533537
85531,13136.852784724457
97311,10821.064927427804
78102,31797.061559561243
98348,14826.318761194007
76715,21600.51606452948
77091,14580.772274013183
105854,13376.381562054228
85983,7864.90062169061
80823,13367.786212452935
102612,13591.27372644178
104209,18369.76484453443
97643,7967.337628050582
95340,22845.650893329843
81183,48658.97037699127
87928,5962.193374212316
89448,11523.126342403068
98522,10228.175132773955
94213,10574.428826177069
91583,7880.62877735854
90280,10526.0646764272
93287,22693.583599247002
84510,10153.826830816364
98179,20901.554020029092
88162,18346.37542646944
78449,43859.41408506825
94548,17736.181519252048
95056,29305.27452890494
106725,10334.332561782054
97968,6812.957183798609
104923,9766.155121841623
97276,7149.829442218331
97080,22673.561297091182
90691,32543.82416614573
88033,16916.691269805364
90160,16237.56351089679
81661,12052.953832109937
101260,11247.971048156998
79520,28670.00579284003
78213,15524.786211850762
76187,30083.721074198278
85752,15668.950389551514
90729,16982.995910419675
77637,18286.11127139424
101847,11312.391731825275
86787,16625.62736247435
105758,9700.057067211963
79389,24218.149674299748
98312,6744.310616678021
100222,7906.996386293027
87873,9752.8953211421
92965,22185.298168928988
89168,18473.96556448786
82368,18966.21253208448
76505,13606.54381171349
100946,5676.075203062458
85815,7775.245764407507
87705,27634.44930545231
106931,10950.861032443669
95571,20207.53886271047
80308,19504.404292953444
91824,22583.86250157617
106743,26104.292150080615
101866,16076.566842270391
95817,32487.96863918558
108505,14858.267068735833
88722,13237.450872677897
104371,20080.35131175887
93879,10883.424968545023
96038,17484.06917968381
104690,11702.323125273151
93199,22573.729597382808
85967,12866.973776174782
88714,7627.921935227765
99467,7362.419974488375
85701,9323.82313330055
103450,11272.44947556283
96943,10592.28845505434
88526,15964.022847571538
79326,10069.107775591252
92314,32581.903148992278
106373,19675.44950212833
76953,20371.858774193755
89741,7803.012107874534
100458,8786.954924925843
91895,53015.00624658304
92356,16312.540173492618
80632,19853.55320053038
106959,10850.18438480552
96251,12235.331524194711
97996,24711.108123710263
90021,14784.652540781719
94899,32548.32475078579
93093,16675.495219014654
100175,13992.46386934561
89968,7275.2874624455935
102132,3698.9861853046395
99121,11877.198510134529
92662,18797.95981321504
96612,16700.862348747843
77399,16641.966941917944
86443,10513.466780103812
93198,34395.06487967672
98001,18212.345611022774
97764,12786.48485500199
94983,95848.89260317784
82703,11842.467323214632
94794,30741.259278534017
79793,18250.76304149034
93376,12721.304932578794
76374,22527.042880770314
84045,7858.612490738511
106780,18307.64958784849
93213,14726.895910897854
97870,9431.309914378044
97748,12624.185417624114
97255,8160.97064262144
102668,11924.649279529853
105898,9351.049072307811
101786,15249.77099389522
87690,14677.248398475314
86329,10891.291103639383
77696,33314.4880751509
104321,52420.59927061135
86782,16993.550334382642
97134,27425.05399072709
86684,9697.382769437449
95509,33942.75030828854
82314,19475.086369911325
84124,11076.397250988832
87597,10782.842413018616
81357,16834.84056680788
95055,17554.400566056178
100244,9481.181725994342
79271,14250.011349022203
82043,23414.28629683884
96348,21376.413718941727
76594,19996.446954057337
79552,15120.73244147233
97181,14833.454556044406
99147,11291.327795133366
90786,7151.901240625529
96203,8131.690494682969
100288,10855.373442181266
81529,20911.17418123301
84229,15061.128336360523
94332,28027.985199877625
92714,20218.91849545668
107716,14638.109836847527
107685,27398.071822109934
97836,4634.396091611101
98284,21559.16765788909
83128,17959.165103226507
105500,12023.064386644257
97781,10773.578615420236
99341,9388.154484833454
91793,32130.485309544187
76224,15544.987736189838
80840,25191.297254000558
94587,16955.767659225767
98667,10281.804209846987
78973,15494.477545410777
85175,13020.737717142574
107489,44179.11953194215
95790,12359.921668223215
108044,8489.660172845475
80652,23920.059695048752
76007,14801.388498300554
96039,9660.7718079418
102618,14780.630348424182
80863,15004.05001063977
95695,19578.541585930292
78815,28645.65048320615
98063,11850.904637858872
83732,12915.874230991525
83190,15515.982678791535
99504,9613.762419945011
82372,12648.54088378888
77977,46998.66098468182
81688,14847.815749588608
80154,22137.54206317912
108106,22262.889912316197
80724,17546.251469883184
89190,9371.638464876507
102321,15658.841676397886
97375,11052.296492856152
99379,24705.559865979078
84767,10200.431234570226
89470,10212.248898649845
85592,11537.112007317788
80381,28643.775016298387
92149,30008.63436797972
96044,21848.489933178575
79041,11978.803642885483
103108,18175.988443420465
91118,19008.497397908435
96434,8157.316540069681
86875,13756.208551103997
100326,10589.406324235944
106416,18846.749280742315
88074,9637.300890891946
91579,12349.002432027417
96819,28840.288354981436
80373,28969.59123396123
82681,9437.178880202262
88450,10806.537506718592
95040,15189.384451799364
76720,11912.557992957973
94576,3711.474031075675
82502,6850.569465149593
101100,7888.706636451374
104522,18070.91418098253
108039,9977.12470116759
77894,46141.799608717185
80888,11238.644098557792
80366,48821.42335998049
87653,8285.299649797342
98083,22996.093432910475
89042,15419.116019054545
102520,13765.165206623968
101620,12555.350962245073
108340,9690.095478588826
98465,11078.941979576532
82307,28904.24558600134
107499,21331.124204809556
101440,12031.449487986905
82392,26837.207297464156
79371,25820.644798963232
103916,15287.598111848294
81192,8745.228988282086
108185,10733.90512215671
81811,14895.990237143986
97993,13165.124780098056
80214,24283.499004304787
79896,18508.38149532081
86793,16459.0358035856
100548,14995.118976847747
98986,9230.37693039005
82411,11205.352189180248
98467,7627.474393795104
98645,28117.11980987683
84530,6558.949577847228
86479,7060.972887852574
90655,16584.74793121677
97319,10740.921278300078
107749,24226.876597578936
77199,27881.390087069503
79255,16411.567446416924
85072,8168.6016293107
99421,13406.221249884255
95187,10278.472024174662
103262,13355.029917220458
94589,33995.44675079658
77608,59230.12892775431
89729,6718.388775010871
99171,20470.968336734488
90914,24066.34108842344
83250,14859.749771308636
83275,8039.864777782653
91269,23876.127086482033
83003,10102.43285381488
98988,16669.783710435033
105748,13724.659673976454
77688,16587.861918773513
91090,17043.28405652095
100544,14117.615345284867
96608,8532.738736146322
98784,9916.370651152176
85655,15444.122950877529
104236,9111.784515486182
97437,12734.599303552124
100150,5725.1826645700585
96911,30968.59650798546
87126,17936.257166101335
88544,9966.583951540262
97889,11423.795629719776
76768,13464.352068677972
101722,7631.065356865167
96407,12581.44404416206
80640,18938.21853455767
88000,14220.945018595488
103451,14621.998873339087
80542,41823.4261634679
82212,12893.856804467907
102407,10121.56489541326
79895,11193.03246270046
95909,19508.788834888794
79646,33542.6376681784
77051,30612.657308569916
79375,36597.06984078308
92023,31716.33208552479
87608,9087.263683213434
77731,11344.098866430126
94671,25013.665376586905
107804,16915.588335415283
106359,20071.189926422387
102758,7009.357232901811
76944,35499.27869616734
92103,13869.387190320198
81188,14627.767403380703
84157,14304.501280649252
77509,26425.874445628302
87332,6372.77694044477
101597,10668.544411045621
84021,12087.696785442156
79820,24717.746482256724
102505,11634.614225417592
82887,18602.54859926235
98676,11582.81174443237
89288,19954.4072393687
89410,12825.073677525248
76489,13597.061811269596
85587,13011.407537883217
93752,13769.170589250232
104857,15729.961306683346
91582,32170.28336311716
100760,10252.896099808073
95388,26604.537479488565
105606,19497.46065291105
93352,25500.506245335415
102452,12335.301220733123
88997,20330.344052620465
107478,18986.602627494856
82604,12894.847017228913
87188,16120.178622348907
97769,8241.341248009787
77941,21867.453948983464
91489,11932.498314041772
84501,15989.76512914647
97428,17489.045779671298
107961,16762.55211815429
106520,7353.065877457927
82860,17503.712248876218
93232,22115.17243162171
106592,7176.000550537948
81719,8996.816527289768
81658,18557.72587810901
92676,22493.7020268821
102253,9416.642987795389
105237,12727.743372748559
78527,22100.32276580198
97452,8365.109636028445
106530,19610.212130213546
84118,12911.938120857765
84314,11243.729058769724
92313,23901.945360291556
91271,29346.154160680242
86067,7697.697497865317
100751,10655.283835275599
99647,30683.8014664663
79872,67671.37156813273
89703,27083.86647130508
82985,9728.324240591806
86719,7107.171260956211
78249,30771.503217309943
94826,30210.33115450457
80867,33467.45906320238
88405,14411.937865814647
92596,18103.168006063705
90699,7544.810043578241
97504,20063.382473768128
88236,15958.773378849386
90859,7841.313050636075
84327,16175.653462797916
86926,9025.561676880525
98478,9263.452649020215
82435,14387.243414086755
105477,14316.062067142824
91685,14687.10069312207
77406,15500.261068945196
79806,14646.266063484807
95728,15255.723073441439
79181,29155.4511898269
89777,13546.648656678553
104090,10741.200510009146
106849,20374.356968365344
80612,20998.894861745044
78114,16004.121783702625
93850,29726.43276715551
91913,11337.234283651693
104359,18377.68903703745
103818,2309.0585964277666
78505,8145.123333329798
78147,5370.712826048816
98618,23472.206657914267
80947,18157.017380328183
104926,8927.739792111912
87266,25782.348730084872
100085,10889.330700386878
99550,9890.702050481465
100618,13656.579451742686
88609,8819.021270490446
95379,24074.786404244613
97130,20684.391420381628
98078,29728.984799257665
81543,16901.053648900834
94442,15997.838213415791
88513,8492.770600605027
104084,17733.024910095904
77862,16925.160824548468
83231,12945.00727424593
80020,28852.570692777346
88533,44227.88151786076
89260,15999.798935586776
82264,13286.134390181398
84569,9764.475478291166
94361,39659.43249645961
76511,21069.711543063175
79088,13558.636586849078
85645,17364.267378028457
80492,22777.920763869683
82092,13436.258859198319
80792,11311.502632837759
79022,15679.940017594907
92175,17228.057022131266
87149,15765.113934867668
94676,26232.41574413818
82453,13840.361789885952
88623,16384.285254334267
93157,25971.32075021675
91767,19851.081834573815
82525,12889.162290610146
83387,7197.84313950168
104711,12879.588459059943
82040,21382.420885769145
90973,20871.412166981885
85628,16706.53451087891
96701,11895.690965137619
95441,17232.521134097526
104513,12437.307554592393
91247,24698.12882513736
88940,3236.5025062387203
77571,22999.50057725164
104299,19156.650128701593
92609,22421.328385417994
85134,10724.579940733398
81305,27787.954992217376
77683,25996.249725407313
89313,5897.393451309136
85999,10356.608975626212
100266,13527.056537257025
97102,14371.931748555671
101321,5971.963864938242
108299,10300.084246001625
85057,12677.390353667259
84995,14056.334117004188
84612,8899.587892348389
94300,19563.195572356923
93656,96876.53611613337
89647,11401.835223346912
84389,7660.906491231281
90197,8105.613212252154
80844,7835.646412637333
105331,20474.094776286114
98831,7477.235801591825
89697,17955.135638749493
103351,10328.594600530927
99969,6989.446564395341
99325,12177.837160431183
89198,16164.37530012228
78239,16308.395277634021
82481,9009.689325136447
83655,15275.826485712572
83006,11183.992024439665
81067,50344.69029537079
82451,14858.993653221245
107390,25789.001147261653
101406,12963.18606527846
91715,28627.57614057368
99989,10419.11660614675
93206,30292.93839641497
85902,15444.850124891931
85195,16855.378403684495
78130,25495.463374219773
76552,27109.310659950042
89420,13606.142425969281
89566,13519.004643293134
94682,39284.960065066596
87373,17307.397385304015
83481,11115.585869983905
84348,12087.696785442156
88809,10054.806081236762
107886,12137.437358376354
84976,16775.236901779357
106340,17534.616518576022
87849,16652.988024323175
78363,7578.442872472801
86657,15824.015838624115
89773,19883.149231468895
94449,32326.532081631954
90861,15764.204025293991
91749,27625.067381952023
87090,12423.031967798172
80200,21435.596574295185
79369,23108.93688320268
101679,7808.550689926406
88080,11463.58273525127
103400,6979.530256151865
100960,15922.466072781039
106116,11096.491827982067
76678,35444.124782748266
86832,4376.49867955718
80278,12822.372377831081
92718,15004.022258037037
80121,23907.79359163705
84360,7865.316310388935
98000,11576.559462732625
86852,9982.960365765834
84665,6923.868231525272
104032,19806.5870023396
88348,7094.593402876503
85919,13637.442684909138
102408,6113.7946346516555
91678,13642.961748857902
86965,14033.06605791841
99748,2934.6156762651976
79192,16142.585214790348
100469,12431.584984151621
102772,12267.512982623583
89526,9566.914855691004
96191,7712.8097965843635
99222,12862.94824033577
77086,34062.90448915507
84447,8723.116276648532
99981,9369.578079156601
106052,21559.801721209584
79612,28473.676776009623
106792,16658.874210683243
99124,7990.734837424243
79678,31172.164774569123
101632,7682.167787994885
77692,17592.99859095951
84345,7271.942777863179
95000,23365.604828161802
83015,9713.659761366975
99423,21280.862199635176
107480,21533.876778664617
93765,18358.877253332586
105419,9955.517779035477
94052,15764.517846031571
97432,13818.894461797643
79133,23993.602986139704
93225,21574.25992730011
82956,11097.725904118806
101231,11179.774877241016
78727,17816.093077376972
92150,26153.395493650896
103869,7937.390445862223
98266,10974.138412652022
85017,9000.542941839269
76853,30765.425883976604
93027,14618.039640358442
88493,9772.656536739407
104829,27674.506206735492
87800,16033.70021330155
94723,19229.675131992382
77219,11939.494634666544
94891,12191.839032718084
81656,19608.654906328582
97239,21628.23268024072
83620,10224.553140035325
93312,19773.475361459452
83441,9451.985999249386
83959,8719.572371913722
83653,15367.348765925042
103364,11577.029866149958
81279,10376.147042637294
94483,24179.02153316423
78683,14350.733891669428
80423,27721.633770981138
104442,11648.36378058203
102026,9008.029878383826
105992,15309.60829118152
108007,10406.036735138981
81476,12773.690758012552
82770,7523.179687113734
97979,11824.7075810851
103866,6896.999460435616
83147,17485.428565952203
102902,8237.666807915548
105918,24012.08872331513
100265,11684.868781577015
86165,12054.681037235365
107697,25796.326290647998
94497,27767.056752592394
83540,7862.483162805185
76617,23492.136998330592
88133,13171.16456033
92181,25476.11485726946
90065,4638.6528925008
94177,16362.144201182888
86942,11408.601153067755
82629,5515.898193240035
92087,22561.510125428897
94508,14242.043249634296
81678,13515.706071838486
88106,15866.764591580915
82869,17298.360457740222
81744,23483.841271966634
89208,3990.6692783584804
93035,23305.12941669908
94656,28402.321667447613
105571,11204.08391501761
86332,11305.085348498482
76711,21702.036129642813
87423,11024.257882199616
97343,25568.691263384157
89591,21115.071899148
83291,2121.332124340451
76146,17851.65395224003
86683,10827.48446094716
100726,10626.386480303012
102328,10705.91119788303
100991,12807.35341556543
98049,12665.903920630097
104948,17460.596455991406
103129,8226.328056513654
87892,15848.927077823977
90770,23733.752351975694
97113,14502.15306667874
102422,11303.264740665229
82462,13334.707405114657
99700,18595.10257642571
103799,6350.227496744268
96959,12997.804335627756
97715,8341.877141070885
90880,11244.935093438746
106632,12231.30768512191
102656,16063.07125568154
106686,10046.425447216168
97346,8407.098018756087
88283,8249.742882088587
102248,12403.066176205897
89091,12857.656885050272
100474,10843.742931507573
103428,7675.309186184388
82698,7234.492803858569
107510,9240.079166973608
99122,9023.632851596627
93152,12770.789102843968
78084,17803.381772155786
103130,9768.038103566954
95826,37124.68867871648
94977,25073.615174133487
90104,8962.796927693256
89105,2285.6362372662966
95397,26094.440675951497
77476,13890.770688329403
80208,10878.42952764758
96744,12639.343944657357
81310,24542.68551098829
88688,8448.876899745252
100514,7640.514557571341
79490,21252.560958017064
89236,11711.270867538815
106677,14061.404502532845
90882,13833.370062694798
105048,6417.656086738373
92458,19825.213587898368
91682,14636.90743335918
104659,20297.214143617064
99559,9507.111289742257
82608,7671.932850119757
98793,8512.744034043533
101083,8788.430498429176
86469,10961.963229936668
106304,10750.772824712412
100515,9271.566406043954
97006,12086.344761520646
87531,3064.623789370115
88873,34424.84615044938
91700,16132.812001194106
90471,21565.670085595008
88077,21477.323682874183
95546,46427.82852245209
77965,14071.058256244643
91548,23625.926050271184
101360,17064.079984052692
89845,14052.718271428197
95934,25332.325828965502
103745,10823.116960812687
85862,17261.982391304617
98424,9040.485104623132
81736,26941.219974991283
93391,25269.94283065228
76523,23031.289298921594
83573,18674.04108335888
103118,3891.803892078496
84399,27275.331870774968
84864,10708.932183570814
104282,9396.366762562016
95389,21742.09095374469
108097,13081.070576943419
94999,11321.523989172943
99345,16262.10309820368
92946,41957.13074691671
104048,14552.537039465065
76817,24139.06336085459
90448,19350.50567997512
107837,10150.17219847895
91182,17889.013151868203
102654,7990.264109803139
95298,17648.277950811025
93659,21121.670972328066
87866,18442.03731011373
99990,14379.074106398235
102469,8489.831751524678
107351,14599.487870460107
82490,8937.178703101163
80756,15991.815263151868
82365,25971.295331386107
92332,15591.090248656468
77456,30112.187267634
81007,26906.461072910835
82391,18597.704477133764
84647,19671.927276630406
76296,18560.998402059355
100192,7932.958907197948
84547,13517.672024454081
88877,18336.293804503443
84254,11078.758038189379
87836,9121.957935272756
85970,9377.134349181404
94834,15499.116068925898
107159,13661.261852418374
106800,10126.797993230937
101989,7534.864662781043
95604,27129.839841492547
103637,15381.858515693568
104301,11456.06485436891
83799,12057.88888136715
107855,13383.279112539762
101506,10731.01912911371
86644,12888.049149117578
81902,66665.1218653719
90490,6922.658958884942
76314,18645.560150441706
95360,31073.704160007426
96272,8225.854834286392
103911,9143.811037341105
106553,8792.37304143281
106063,14877.253714426724
84179,14110.929088738207
106912,14459.823686492915
103819,5972.608162546676
94009,31263.250052820506
98285,20443.42661385255
81101,15158.255208921408
76806,20275.23389112124
79127,13728.123479059075
107416,12444.266651766218
93786,29944.131413982865
101542,13205.290533007146
101640,9768.00064934098
98800,16690.374922051273
91451,35092.028481656336
104033,14512.42212546228
105550,19310.888363080787
88203,16518.96820549426
77481,17821.66129214048
83704,15654.228473006213
94474,20823.7857493849
101924,17753.117815598966
93203,32813.11089194188
104628,15067.820365652007
93308,33702.8037432801
81984,22375.794900193792
93228,25422.87569703365
94247,19836.553428400162
85162,10643.864158570443
104670,24777.364807544625
80875,47181.34280363179
80850,23726.331064726357
79475,28861.811773131285
87229,11662.648075376028
79162,14367.718679238682
107652,7517.539648816058
89835,19972.888876858728
77430,26753.04036204392
97568,14372.142787882434
78947,44240.916636198635
106692,10235.148751514293
97127,5056.390174196152
80876,22082.16228475466
100152,10410.658731646454
88949,17415.59547552651
95804,37588.59654573594
106833,9144.30955863554
89283,13116.167659369386
78115,40395.03377967319
86941,16125.25208442783
104794,21389.61390866191
103892,16511.144733132616
90746,14318.095349686031
92996,17774.96973186008
88679,15567.535750904937
101007,6714.018543116673
97824,9476.199283871985
85138,9981.911561026338
87869,12681.444069909221
84266,10257.895496632647
88682,8101.4016305981295
84543,11265.228949873996
88967,16893.034360524958
78831,16259.114299136558
80227,21070.4930587098
88995,10679.88163183005
95761,19138.851177783716
82060,17018.081857269983
78253,19702.919736774245
81193,26137.794093997793
97309,8217.668237282698
93654,18795.752329506144
91399,28783.73764123252
107195,42698.436338549654
82137,13615.560813835793
108006,13640.269172559469
78534,53136.08652094536
75979,33279.93971955862
78847,8288.320703380174
94746,11110.053425549764
76591,13281.220628091729
97366,13053.981218645322
88756,10845.31808845327
105074,18366.840525106745
107641,25050.78807911676
103717,17134.153287410238
92559,28717.9302706144
85453,3785.6227160975436
91736,28071.735605614376
100632,11853.35194904036
93314,20186.019663080577
82593,12608.204795701899
105791,19987.18065521151
104431,21218.048790722016
77967,20537.773219633287
91373,21029.998478672816
86095,9523.96665488567
90950,22562.911974879917
105410,20744.871725973713
86516,7803.406837065287
79221,45848.97821139033
86603,15815.636845084624
84058,18425.82711968437
101017,11448.332661038037
103065,9640.661019049941
102817,12568.903216015447
106443,21264.48088295909
96455,17958.175235260183
103514,9830.015400386292
88407,15917.622220579175
104658,20678.76685508147
83823,14608.305707257787
106801,15197.217444171374
100859,9485.321247086516
97156,8682.080206579669
99816,9104.04097264514
87726,11733.267114066983
88783,12055.39101272097
107654,17928.85340132429
102420,6068.904305817873
104147,32304.78496895019
76019,11566.106018266091
86158,10770.698717797211
82852,7354.197103379535
100871,14848.612708520408
92537,13038.119744738508
92028,12246.982772926009
78319,10341.794321183357
77111,22005.88537629255
81426,14623.792576057864
108336,10381.660495636503
106048,24938.152509093874
108482,15192.249709165553
91336,19852.677506400727
101242,13880.998864407155
108309,19378.959604045747
106397,6358.3316220533325
82413,9630.020301818498
79355,32258.880751386056
92826,33578.10111040967
102020,8852.35270422187
93857,34545.44432765736
88875,8204.333587588751
81926,20726.490918193325
79236,17976.57398729878
101106,16255.126949694864
99069,7252.221562434244
90017,7550.413348541817
101706,9195.951587136138
89701,8611.10783869182
96760,32951.14038636952
103901,13931.086298875744
96780,26907.499180881267
78905,14170.21389798545
101894,9220.07881150994
94657,15898.88900484485
93703,14842.527924878834
98690,9201.265861199645
90597,14492.585157472126
80138,21486.223851783296
97044,9878.76165701356
84258,15869.50936342311
98543,14804.762535289365
99833,12903.939217154228
99848,13591.222595716044
89178,8322.479163753407
105598,17009.276729399644
95971,26550.018450750555
94875,32572.97687828524
96048,10026.576483360073
82606,18146.13709528866
104545,9432.02636952274
85571,5516.41732703498
103757,14924.12725542191
80192,17274.14824122815
100422,7635.552401164364
88065,17087.56195867705
83544,13898.949936255902
76851,36397.440147586494
90464,6711.496535230591
106501,9621.193334968122
85011,20228.929923174735
102308,9602.943895669567
82241,71209.87399574171
100655,9528.52742561116
86477,11086.698011679962
90830,2284.602900909162
83274,19121.79562048522
83251,9488.362180198023
82122,24178.57703958855
105600,18919.788571306774
87514,10480.841622437207
82184,30503.069355046817
84829,11541.512748379953
90704,28018.747599219958
86306,11341.834201779213
105655,25171.30890351653
98964,7478.186327497807
87189,19241.91349501139
80116,13836.117529301173
78366,28288.518517224486
103668,5971.282385469451
95799,23877.66693414397
97496,13119.985611544644
107112,12959.670672580012
79698,28882.223166738433
78946,35330.42669317409
82843,8369.179556533398
108537,18746.859537096556
93675,31319.267107805797
93629,20534.669833483968
103134,11504.90017697407
76458,16008.67512439422
79219,18367.414573503993
93401,21221.426724051744
87666,10538.431117532135
97697,16031.196932441828
77945,10300.589429208374
76173,29602.959539770774
94835,25425.69652780409
86700,7572.033549760932
105682,29428.55039261659
88546,21914.85543456924
100486,9521.176061014974
98187,12156.262194317194
81395,15096.078039974742
104408,13200.33273753451
79922,20206.25890456872
102955,11019.70395182639
85515,11673.48625526216
100490,14456.418519423452
91070,41536.65856801632
81321,24801.692814079845
90925,19817.89647127136
91291,31269.741737429966
83986,15535.265044081609
91729,13550.181629614874
95830,22933.22889867528
103720,10170.095076774183
97023,15341.038878589601
84892,7478.606314692897
86618,14821.313142114166
93094,24181.00706419998
102487,8481.742490513589
76952,32549.97868377869
90121,9176.46438668315
89687,34371.12410275365
82663,13497.507323398459
80253,18693.967887298535
96004,14463.93729250427
102267,7781.929717683817
77777,21049.834594303324
85135,15897.330511066719
103806,10417.551952431471
88031,13087.75205220866
84252,9543.900636761337
80246,24336.74130207957
83445,12723.024523724936
107528,9632.977068049402
95161,55757.17788308019
105132,30455.743041859296
107504,12628.776086344564
96720,19093.136628813907
86060,8994.863289798208
76370,14422.898426950966
102092,12079.08782145442
93523,17303.98973424758
87963,8400.088009375306
94183,22480.0431428378
77548,29939.162225352822
91116,30742.048101071337
100013,12299.710870976782
105525,22619.528443150524
104210,17529.046047135176
91137,17685.09697115219
101960,13335.084443031295
80662,32098.587019099115
84914,14254.412156014188
107857,18287.13272668086
94916,24817.71740567013
102858,11158.68801789174
88182,9768.697267170437
85339,10826.517467823687
98692,20328.400064746245
98460,8848.228591807418
101787,7818.172339478231
105924,14529.50330916327
81440,21830.031255943984
107043,15221.489996611672
98747,10204.422742297142
76065,16917.59540310376
103452,10759.949508721715
87162,12557.798048944755
85972,7368.802881920378
95159,29867.588286421604
81106,27387.650608910317
106324,21537.031090268098
86957,7940.771654802252
76900,13744.43101932919
99319,14812.223019291325
105884,23058.15843315687
82889,8337.039971882266
82253,67413.72535391484
80818,10048.851382496101
97074,17494.915923911325
103269,18177.0179576835
78298,16495.24396069313
87216,13575.133578361387
104853,7151.8931904431665
96298,20170.128671500985
86803,6881.308244796647
91326,15634.182879701468
90948,17409.943088777283
102795,10565.601392811452
77163,18104.297570643743
93519,35112.53878725708
94980,12013.732452044978
106455,24599.741311125894
88860,9443.646777710483
76536,30735.27334942039
106556,22576.395907463368
103002,18111.273626878028
104193,9323.128047521886
98247,9578.367490256238
82529,9293.409006235508
90499,7419.064522919004
89400,13422.488889648548
94595,20805.11207282702
85870,18683.094347244223
88424,17852.375069580623
82715,13230.256165274825
76324,20462.566238145482
102259,4355.843599294597
99192,22652.891581159474
81437,15726.666806249274
97208,13205.034369768493
76420,16193.963848992145
107557,6140.8375614833
104202,22174.3384125433
83400,22068.88814747119
99664,20070.707571470226
87781,11980.522231626792
105706,32568.603158266786
86320,10322.847008778957
81907,36077.75603884354
84881,7810.890655892543
78575,13405.806650835362
101857,10565.601392811452
104378,16443.584528636282
80281,18350.931918008526
88208,21948.978829980748
85864,7520.33685508243
86973,12105.399451859683
101072,3967.694547925207
102664,6573.867885801599
107949,11322.872962786663
88832,7626.093586434274
87046,2498.7765105944595
98930,8625.695772111605
98721,19327.060908926873
103249,10030.883980402587
88230,3395.689864867974
103604,6524.519694844184
90645,6982.772895530896
94246,14417.92386096774
93604,19194.9527576952
99287,11861.554715307135
106684,17906.550388565738
89506,17955.929162751218
98726,12822.44232429119
77060,19856.71358636806
107323,18175.254493393608
100559,7562.88854767687
94511,30612.52125052167
81367,21760.69981025632
107185,17536.104999386505
87243,6107.158151387756
93241,16444.61834104007
90899,23198.752776137
92791,29766.155709540963
97429,9133.459390285012
81883,30600.83505148018
82428,9391.138252317816
85224,11788.276323939454
90818,32030.26279143457
107186,16415.577118398804
104489,11428.028788782824
77026,17243.017447461632
103119,7854.293722617297
79360,33549.10882143653
97763,7119.262185182148
81434,21386.41521374491
102270,9094.926435581425
86171,25082.317759835343
102255,9022.341287132087
91018,25161.145268488257
93219,15049.46072114413
107667,18841.226743152023
89301,16040.010324880568
106869,9356.174301765208
101867,10355.925805618783
92922,18350.546128697526
80057,28598.8836832211
93951,21262.44687101235
89450,9951.450074698188
99681,14565.62750657773
85661,16451.761184721054
76072,30455.66131034598
81693,26326.034558733725
77375,12288.639271030352
77649,29936.16617215657
105904,20409.389891669947
81679,21443.390487253793
105555,31436.632928818097
78762,13399.45586436155
78590,16522.41835655485
92784,17029.8842043324
88497,6372.77694044477
108413,17088.29803807422
88994,16237.70940807001
103426,4833.419248491332
104394,21987.958045037074
88703,11774.067345843512
97376,7495.638978591864
97470,15497.503983068094
88681,16494.39372711939
76599,19588.626513356514
104274,9600.308304586342
89590,6104.271101186808
79749,45454.77661084003
107386,12172.47940417273
94829,25732.006476666214
105123,12515.636829089044
97602,21621.280541245793
93900,29235.20820670362
85986,9955.024386198154
78014,29662.48388272391
90073,19192.442476164037
91815,19832.68143619759
88067,12997.985950678534
79079,33970.1098950055
97590,11582.0673235677
84491,10530.099928124346
81997,15036.182360156095
90875,17961.39904761932
88805,17202.48939699035
84708,14436.08170261766
108010,4610.087771279852
96549,10553.575090924152
79023,10939.487310583236
80493,24442.923883393858
98860,11842.170619036624
99938,9458.996610301254
91154,28177.282772082537
102202,10511.786254803737
76479,16460.889254944483
102548,16143.876910654939
107979,10180.05809974405
80905,30362.336109342035
82630,12091.735872313962
81130,17310.526558646612
105382,13113.332115073794
101905,14893.859511570301
103353,5747.117045568829
88275,16742.19606572204
88052,17150.08707145398
85537,20227.132538405953
82742,5717.975224854617
105960,20526.776866677123
95151,36601.80510736636
102555,10729.497230034573
87742,8361.111234049296
107219,21967.164367430163
106170,10035.002804679107
103341,6884.840557446712
98947,19217.001866601255
90933,17672.79118418844
107651,6370.427179025006
107937,10052.937160468953
92742,31509.162786549343
91138,18360.46329524223
100134,8224.260344160546
83718,12798.990429730773
86977,11979.945638564897
102165,10068.778346002415
91372,18475.122410984553
95812,23697.268293603207
98911,52731.22341546147
86966,6517.716376275536
107280,11958.852950583281
89020,11514.106735455025
85167,15419.116019054545
100394,7904.114962583035
93450,16183.438742202816
86838,9855.603827690178
107563,19994.965148823903
99692,19907.360308403684
103946,8355.169898797481
89586,8012.96089051517
90733,9175.233022839913
91071,19079.886792393267
89142,9461.75466350959
79359,17346.086338430618
94435,20004.636116545666
86980,9309.2313685654
92661,35781.15315637028
84734,15655.810020402623
92829,18969.65891828082
78925,31038.86822952969
88863,8788.90492908488
100507,12863.80951208745
97469,18089.094709555895
106358,12736.102558095881
94446,18721.10306007073
100068,6614.226790361221
80005,21633.034501192702
106548,8814.918528322294
85323,14084.405732227458
92629,58730.076572415135
78057,13959.887399197032
99591,12919.759635537894
85307,18772.317309056798
92660,30136.267863242087
89525,7607.968327139796
90953,28071.735605614376
103312,12233.113932809292
107912,22593.646813938787
93292,20329.556125111183
81638,38196.79160277536
105433,16161.68188939862
94804,33231.268500840095
85666,15883.7096054203
87338,10700.95949055013
98818,25079.208507682877
91960,28226.46855335505
95612,25012.37235000536
93399,16543.480011240317
86492,11109.040336975246
106169,11822.521269583232
106699,14660.232200435543
102175,34804.60198521561
83555,10633.928506868157
80941,22039.471873059603
91366,18639.16011412129
98045,17108.418669237595
86988,19246.1103778446
89139,13788.714643583682
106277,13806.28912463683
76317,12131.499333075843
101300,11416.539915871776
93086,11704.452751085117
76936,20115.305225920703
80711,20862.516376236632
106659,12176.72711978383
78296,9147.122846938995
97527,5248.177298845702
104494,30665.98640272051
77982,28806.69021068742
86456,10599.222487916726
85161,18468.34945439599
100583,10360.610894730935
93063,16740.73044373337
85331,17395.283925078184
101731,13819.642181572182
97389,35513.204702204246
79902,18641.053886818627
89643,8722.709806464227
93175,20461.560334712645
98389,5861.498408038201
91334,14976.653717509604
98514,12070.453515000527
95382,17223.70331630787
77018,12839.44703451174
76437,18173.744897027034
98250,13940.976736246741
77104,22187.27686015961
103059,8317.499355557002
83308,14450.964694201608
95106,17800.66827305338
88684,19303.628306347375
100870,14108.14758893692
103498,14711.840244444822
105342,27554.296014675987
81398,16608.11427491321
91833,28488.024030773304
95311,19370.751120090925
77369,30135.501758212496
86011,7810.554921139313
84952,10978.80220926959
94056,18952.503508659396
104796,12066.759283128402
101571,12070.556793527447
77188,16654.918420080816
94304,16690.102379096556
106008,14147.455971950701
79849,17473.690699424387
106099,25265.39559156895
105086,10533.777909081608
85658,7942.001133968919
102040,11779.584071132766
84343,10756.858539345654
104882,6000.466989144087
88582,13515.355726174705
90328,19360.576645513633
90536,11170.061915108347
90805,12586.419854406371
106058,29757.440632955644
78871,26984.98307951769
95489,28184.488089930433
76637,16164.640477188832
87818,4890.759349627213
84478,20540.8284183017
108394,18424.410298653118
91676,34159.81145671649
104964,1940.2411428935977
78506,36388.78352097863
92557,25012.295621331534
90715,16251.520532085682
101721,8278.827062609467
80715,22965.555552321595
81705,21073.942762334467
94219,32861.28728812387
85893,16712.28922905177
80550,15613.4205832352
86662,10697.243293673002
85271,19106.001504344367
107075,22801.44247087103
100992,12945.466589449348
97396,6637.674384809533
103943,7819.210948629463
78916,13246.938199028315
94516,20590.04945025098
105411,9208.622747106314
78377,22924.81834803036
103977,13698.794398171884
106716,14446.199924056067
88465,16518.672187365137
77421,14289.124040524115
88866,11954.10336885877
97787,21869.512083567028
85063,10007.30899834512
92555,16190.37261942401
83695,9911.262963586412
81797,14972.279749875534
104241,32115.595840295206
94730,17353.956746347194
105191,14254.511980049625
84112,9143.36884254236
90379,11743.514882027519
88992,9195.175492758272
77423,21559.885894830008
85126,8727.6660541993
78691,35275.495810603425
80320,30216.13741216935
96309,9273.76993892177
92577,14634.360192966638
78891,14900.242151146662
86056,15528.651251219266
82129,13394.755530724507
102436,10347.947990723636
101469,6250.325276929935
95885,29554.952416010437
92879,20222.663634348177
81484,4733.527796415111
95550,30940.14784792056
102726,10146.033206273532
95252,20971.331749159723
90695,11849.551244116436
95863,23904.017472080242
108338,21659.988434288327
105327,25277.41525972921
91616,16023.614149994397
83077,7917.082832592906
105582,17463.670890672714
84382,9245.110182743998
99666,18353.561085083977
84818,16849.087812990372
78498,46223.96171662065
78378,48099.583236661325
82799,5801.957869518408
81429,3415.5785170385625
107572,17122.001643442116
91279,27401.59470689632
100475,7348.196658863684
86325,11123.597427405886
76825,29575.630783387063
107657,8490.663563180768
82346,8526.99408737663
86687,7593.106285559324
103471,10621.447351644614
78209,18881.470088371156
95328,12340.158354411955
100363,10544.398241820196
87672,10008.885166972286
98994,9570.852613451483
83549,11026.628392208955
96370,14521.521728233993
87842,14456.784476029836
86297,12607.375041702082
96716,18401.13427129864
97492,19740.89742216201
92786,10357.111609173502
78254,15842.590368726815
79291,20249.37277092603
96050,19075.146965325435
82240,23124.875984387334
107938,11102.906595086339
85258,10958.950293347287
92512,23140.49956810255
79919,29252.884873470364
101410,6061.329769807013
88700,18005.603237959127
91847,61696.621782290305
101835,7735.498799963619
99878,12929.884572180574
96318,9440.516881857217
96245,16860.18257547396
96194,22494.427361927905
97973,8700.500317172142
76985,24728.290465324124
100002,12856.84813434111
91364,21425.743926575524
106980,7446.318403913222
76285,20828.29116470647
101396,16048.562673130067
83368,9005.334513830352
92820,15113.42360023385
92264,12648.658542751478
84052,7963.994830850206
83928,10371.963500377855
105324,19411.44622694529
98502,5667.395273111752
94457,13546.894897659997
79073,21410.513549001174
92738,21003.75700961825
91008,25490.059775272635
76447,31886.29194341004
81627,18342.09834878869
97016,11487.007907878591
83182,8464.214595012405
95791,34064.219896428374
87449,22168.53123547805
90013,23674.689458952125
107223,19350.478201064965
96785,18196.46956714048
81473,22104.324642312768
85403,15766.485737990948
106473,11213.66971260284
81568,19348.312211385088
76748,14964.33998574658
77020,19334.727213320304
93210,31190.700448636177
103955,8258.371063036268
86509,15339.441865987668
78291,20207.323999033706
88895,10193.953237969674
98026,9607.611234799006
108410,22341.82218220763
88039,9031.691958158683
91193,89519.69880562821
88087,2331.953075107519
88708,16030.793107906255
98485,9560.131077595894
89847,14691.257752456686
81318,49985.79350215728
103971,11539.783317947227
85649,8325.985342430695
96137,12570.630191231781
81112,23002.29884649014
87825,18572.271912365803
103890,12683.243230301272
92845,46299.52718907975
95649,26028.147318398067
79000,9172.90480106218
91668,9867.648700522805
94544,31671.595630162712
107024,19319.179475125755
79725,12151.116250373298
107343,21061.213518155633
107612,16604.663909163235
76647,9752.325833320703
100922,7223.454617621661
88583,10935.078487470686
90425,17151.004395122232
86258,9177.573400806421
81973,15958.897392586603
85370,16129.710046460958
107854,9621.288282928599
78195,12648.48505880245
82124,35535.422683146986
79050,17251.738231838044
78880,29824.13240118038
88596,16988.5820893309
89033,11555.54418836468
78792,6181.31768219592
98664,22414.673235022176
78544,11090.157372145717
89184,10918.342276732943
83109,8282.259865252889
101759,14971.561120446759
87164,18028.008561175116
104156,9629.000583424593
107607,26317.470152350343
99705,7840.94408855636
79398,15128.926326780005
98401,8377.875962691924
91911,24931.073456948794
88175,8662.316230824477
77275,24320.40927110699
88946,14191.89707608127
98293,8733.539848110442
95991,19554.803367425975
82196,13149.882866175127
78514,37618.054734033576
102853,13826.220449768467
93984,21148.051675016177
104689,29500.315625377203
98534,10472.40767324553
98744,13488.173185376343
100456,9469.672046007068
83468,12480.541997824179
104432,21205.43743718467
86752,18699.300299075152
89762,6948.104994536639
82788,19774.9102034576
105604,12324.394312255597
105490,11781.645551350051
79447,16704.956469935292
107405,19055.534139678148
102782,11918.577343809036
82786,9955.398421256074
100557,14749.060514888748
77711,20162.707791960816
104935,6678.817162101277
90750,13107.148015522343
94396,27169.17593868198
99628,15333.616043079614
87360,9015.236146784098
103238,10033.426677186239
84883,7886.398455883238
91450,25352.72968446134
96221,8092.441316179604
82400,24127.963692622205
91940,10201.58179726995
101320,10060.586583947877
88653,7563.406129461994
79446,14086.368112585542
92672,30570.20383133858
85552,16456.956662657576
89858,11838.307918521643
96610,12755.191067754342
90447,6988.489656456162
90357,14690.364092270342
83266,12052.570027110469
106259,34027.373198064364
84489,11938.871968324509
87875,12504.379118898587
78430,29682.850153693533
77249,15093.875220890912
84094,11195.805787559964
102218,13704.956791241635
97151,18349.5518835317
102064,10955.321080793421
97655,16128.863688108424
97387,9879.606677817306
97118,13237.674150223529
101804,11614.45682590089
81888,21192.44415516142
77455,24817.335937088163
99638,13879.398127945451
76845,12076.26159711257
85493,7224.569849468168
99781,3940.88563303099
79322,30413.719428928463
96766,19266.231213190084
80513,48978.90841359012
83907,18270.249339789018
93217,17600.451451415043
77426,11763.054846623783
105044,9221.913564340573
86573,9913.157992686518
95251,31135.936461076213
86098,3819.6433325972216
93674,19908.82455991267
104392,10046.403279124806
82340,30145.96266041017
85899,21730.64613297775
85579,5495.812551384556
86725,12365.198991066074
104810,37059.86706232672
94570,16093.135081430537
89607,8084.971683433947
108478,17722.851133743025
91464,26241.83530981917
77613,21324.691331210077
83067,6496.671612728709
104585,24285.292703222727
94473,21235.12771439936
98756,10010.846364681916
81199,21736.67572315887
83741,15893.941428791182
84972,12246.637406467078
87486,14002.953947300259
92290,24095.047570519222
97049,6840.368648510429
81960,28982.39453309661
85765,15085.794382246795
81319,22618.574374310898
84335,10695.475726974413
98897,8132.032456862108
83649,11540.71302637962
89567,3003.369897337703
101958,9548.278710335191
108211,18678.084092997175
88326,13046.401874802896
106424,18800.078833288146
90848,10222.390479965818
104944,23633.367380300788
81300,35990.79957744349
76804,122995.35871961094
93569,16794.57647088245
76839,19039.913835528914
92611,30367.235362821073
76006,22023.22854904422
86953,10097.72964280723
107767,18319.892725237383
87949,12644.623753313865
95782,26619.154234360176
94414,31304.67274203206
98483,24408.710291481366
95988,14234.322880618945
98640,9633.737553590536
102899,4637.493257595266
79367,56597.861972121755
88430,16663.78047761363
79428,22484.773772460587
76247,30492.2507906374
90955,23020.18271563521
100711,6650.3631071026875
83720,17518.946887866816
93618,22042.12530641997
94754,20953.61417651749
78740,29472.85633961824
106522,22607.259389086357
90165,8339.16864557883
99615,6101.746955316845
88112,10360.23386676476
90759,23336.428141494245
91835,12953.342949183865
91563,28864.797132730913
92736,36874.81822071348
96939,20256.307450964887
100301,8798.533071326463
80143,19468.20714353934
108141,10112.691755944752
99743,6347.279831781277
98627,18803.431613885423
86233,11740.318731566427
104568,17679.308421949696
96489,8693.001768015383
79018,14503.819665153844
92173,25355.071318362054
81198,14274.020680273548
102450,11785.010747487153
105038,18446.282880228086
93284,22777.47845275389
85848,15712.008414736902
89587,11469.898567927688
91457,10908.557878223772
88804,9111.722171244088
97228,11947.278584102574
105841,25205.690245279773
107331,16770.9647109795
81008,13672.487293855706
81853,24142.086013302905
103283,11550.002303509742
79036,18335.950378131372
90376,15650.241702083324
97271,7046.184168016828
82967,12246.826040298172
83663,6861.804652874431
81640,19168.847122290048
99076,25210.755152276568
107790,16931.28388448406
96460,6977.094724665585
88286,15820.603179930384
86545,11606.749628439115
97634,13041.418159817264
94452,15458.557911556043
94409,20013.832201676974
104877,10466.812466184516
102952,10954.46410770537
91502,15768.44073986484
105695,7729.884229479376
78608,12916.910177111396
77384,35585.910142259825
82188,22697.354525329272
81054,16178.484521804763
92709,23076.511366286515
98260,9928.363468640746
78996,17352.785017656344
103868,6824.317088040076
81809,30529.80725867528
84251,11056.324649180831
103762,7170.247712199424
101479,11075.666643865443
90533,10700.374212267852
84636,8163.241998142644
103208,6228.958532266295
90274,8848.178353364754
87517,16032.772259551495
79671,32881.68612746747
81486,24156.121308558148
89338,23417.424151302155
76912,12726.402964053454
89675,9360.677154878116
101294,8187.711848495421
98316,9269.915818084603
82457,16570.838214364372
78558,18419.762326300606
107933,10756.209309024944
87555,17715.904916120755
80873,14779.607201289948
94717,19896.99827769581
78922,18327.643727239592
87376,10426.992802352594
79203,23202.883535427514
83801,12741.938991011846
80314,19340.771876518196
96011,9725.16693240357
106585,22694.24797472596
94122,22170.063534698656
101723,14649.79319390047
95561,20037.801255114086
82751,15884.19710052335
107424,21988.5297250763
108316,24691.50599704345
79229,8329.430492535123
104835,4008.6101255888793
106289,11280.400142602957
89876,12448.36698625827
96917,10342.286721736362
85982,21104.018779432565
105023,16699.731773618525
76749,30807.272771851123
76453,27779.281890161234
98954,9146.1736397191
101783,11033.067406475811
96734,7180.8473274415
76884,16208.83670323365
84277,12629.753718941947
104756,10401.783773404175
89268,19500.547975669546
78955,21449.2690646716
99279,7128.30298845327
77361,26448.169476950334
97823,19067.329258333066
84313,10571.061824219078
80520,23491.950487612714
105472,27436.54527946588
77671,7311.963804040745
93098,29900.982793631218
86559,16204.489409383106
86582,12703.973445995207
79414,11613.497476306475
97179,15122.498792851295
94617,20068.81282430656
85780,5433.980857932765
90904,32573.70082813451
103178,8481.404491218686
105752,18670.679438244686
82636,2773.672565128356
81069,16274.284920842803
76784,3539.772293353222
105061,40083.130207820424
100732,8292.98251953982
106562,9624.65124146279
102833,8306.44140570606
79029,17129.229059284182
91944,26137.70788368615
99849,6726.71643418653
85213,18762.32480329553
92653,17838.71366721944
90824,8874.739417781815
102752,13351.639357918571
106732,19142.488175755367
77076,10780.587041847051
101825,21657.609865026898
78920,29634.372113691265
107404,17595.984535576314
80053,9060.547419156726
108062,10149.024283201325
88256,16231.535811190155
93809,30161.268899109953
97342,11784.903038407994
101308,6112.790523549512
94366,22573.669768042553
88228,9954.428585041276
91471,22362.945032008596
92294,15001.478073425535
92018,25616.79248813443
77448,36349.87784300376
91091,13552.14693491007
90892,10557.93975204696
93754,35559.676247902404
103644,10251.241576059863
101170,4103.903115164786
87238,15603.476183497018
103651,17341.16019866168
108015,17858.77890029212
96704,8761.732335962297
87938,11678.00268598443
82456,11587.073082139521
94735,30430.239175838717
79831,18210.764247972325
99435,17138.087667668773
77407,19736.793519016115
105163,14187.267563400435
90450,21684.472998411577
101144,10846.228316447128
85101,10807.276396539512
102152,10266.976963352121
96445,28048.413834270574
93062,46233.77410009081
100172,9576.073375072576
91519,22421.328385417994
77563,101844.5409340739
106245,14110.858775785413
78606,30372.337873484674
94171,16873.80516689425
82263,10753.367652262456
104528,7290.017024925394
90918,27613.088580774303
85512,11027.598052055822
88317,10622.628509415788
77807,10280.908016714404
96992,12477.428431108045
93802,23175.352769289453
108022,23222.506998435412
97029,14124.282380516408
92027,40450.71137972402
88331,10885.585790722615
81387,13729.479005059522
78465,9122.449136508183
104119,12280.98458673591
86438,7926.706949650677
78315,12801.066034680089
102212,14198.001301871358
83625,16456.87941950271
99983,8397.797297924619
93838,21095.981363864586
86485,15605.611010110286
99164,16800.31865657053
100640,15990.052269212938
91693,26037.21936690288
90195,7698.455180772688
85076,10006.1732038149
83090,8599.409378056282
84161,10669.866687254174
85985,15364.589656637956
84759,10133.913384863636
105838,7096.235299858251
94748,19870.383999378064
108188,14300.723107157644
94465,17024.366759011424
81856,13949.806338835679
102715,11472.514801057294
106448,17438.45273033376
103923,5008.927932628498
79482,29968.79560280984
86062,10494.368966476044
95217,20828.880139660512
95712,46689.14796266582
98498,7747.72794204546
79175,12358.435961778454
82244,17491.743744105745
91792,30611.75083083588
81626,12976.081012467845
83185,16771.947640797174
83134,12267.414038132922
97667,10981.77115638006
90780,15533.89957827085
79383,29430.95215718363
78440,33311.20053720723
93657,21097.612342291977
98771,21821.965768210262
103569,14817.77769128078
84696,23084.872579809216
104235,21435.56925321721
89916,14767.62965994101
108238,10543.081902562917
97737,20254.455185902738
95184,37938.00960581372
77985,25579.205934753994
100680,14337.539646863534
105919,32093.170770005658
102177,11620.830681612148
99133,7597.165436684007
85097,8901.763862662749
102464,7415.084039692286
83036,7494.553599445527
82142,22237.63006631876
92118,9608.635361871633
79734,13812.576366310328
107861,19344.67699046667
98253,10487.323250398955
103183,8210.959149641096
98112,10933.931185072443
82339,21524.729115092814
84875,16933.256855651438
99774,24228.739697738005
101808,5578.946617051496
88731,11340.71082408433
84055,6408.127944451095
87777,9174.95805624124
93362,15578.777915479312
96195,6631.264172378004
87650,9524.840819250792
105329,9239.739614955475
84167,12389.787279386197
79667,18487.060746282023
85111,15822.477462378976
79561,20662.33074893781
81753,30753.981523293554
99584,12581.083747088749
107389,6362.910793873745
77634,52257.33922981685
97353,10768.843771829452
88362,7967.500808633515
78923,29039.416047451323
78687,26977.544003631858
79611,12255.3520724803
97264,7968.130023247393
104372,7598.957430339834
88340,7811.904495787576
81409,13208.019145161341
102716,10349.321941381004
100489,8217.4127078383
86616,9542.270048159158
96450,9825.763202816092
103898,11919.869435638748
78965,13806.860520582217
77910,14755.840172435606
85534,10153.794824387249
81814,20258.636623904542
88537,14091.658708532806
97930,6860.791293588899
98346,10109.892573047202
96397,17286.712650863337
106812,35990.6679762645
88599,15185.268611399153
102760,10865.912522905646
94884,26709.75724808981
77319,33091.16131020772
77255,10105.500656298202
79483,16346.954157293858
93869,17136.433682448427
78283,29990.84803066769
79491,16470.691405408463
79679,16912.283035528213
104817,8066.818510761153
81355,44785.87168314131
102513,17421.669784792106
102311,7920.730682426659
94639,33139.17563816714
92057,26653.779406560323
108057,9751.806837221244
78415,27455.88791344587
91755,17430.48866473
94507,15745.698240094427
77368,24503.304051006304
88838,14547.858120619345
86482,11808.610796939334
103032,10390.08204773004
101482,10946.186237000242
95744,24130.479033051684
76424,3319.755851837474
98537,14252.357609812807
100039,10148.711986031085
76025,20090.827054814436
82426,7212.763066214031
88387,10792.294322452874
100785,15174.380693245881
84030,10539.906736764593
107046,12934.237591819136
80159,9982.614812968442
81743,32584.51681801943
85348,10692.371344888375
79901,27551.2248363123
108373,20196.41196220144
79436,14105.651159795154
83626,12033.378451958843
84211,11340.71082408433
107879,9533.68331418535
107245,14591.702745102775
102868,10564.439350476376
98034,14589.482525507037
101634,10537.134205433867
78902,20135.625232076098
104908,24559.581976970574
108265,10182.9780927341
89613,15552.842003328646
100852,6712.79440473429
101045,12939.102380546356
98194,11211.436246433643
87876,9904.345333031837
88436,7195.976432813813
103563,12836.478936913929
92679,12790.788661645196
97639,12932.270541140659
101310,9045.92278876441
107398,25143.11453248444
98740,7140.576229285976
103081,6157.860556726938
93701,37764.84843582878
88341,9477.078193432513
91276,18466.25679451696
78877,16127.96166140417
100579,2102.5608362637527
76474,21528.031123996443
100963,11014.32538042934
98672,5526.549291505491
94737,18238.528358575215
106382,8710.596041496265
90771,24686.389883289514
82118,19459.172926540687
104839,27833.745099797157
88881,6278.242837209664
91400,36209.61556802672
89615,5156.656359488838
95916,34863.69515049292
99952,9641.484258513494
95605,19374.28912729292
108251,12300.269747063812
88507,10783.57138614509
97142,23337.14285152415
97129,10248.042599034508
106320,6399.8326981117825
104569,4624.361058268255
86018,17232.283238659616
98054,8919.988090732517
85925,18439.94617102336
82859,10224.651008494966
107329,22355.058423990064
90943,30552.976100885408
83393,8150.597767075258
108091,10649.016715921838
81571,17491.33741600167
102704,8861.357549847982
89511,7891.821587504079
86361,17333.13039117461
86449,10549.385384430183
91048,30855.88269214182
88932,10818.314432036468
97096,12870.055710758612
92493,26842.21597230971
106005,32611.72462200708
92101,21005.633344694663
85618,11941.580506143247
92275,10314.778073270312
104354,8062.016712932914
100165,7550.802428067055
102137,11687.113994457528
92251,13063.54318152345
102299,17984.673244464175
93358,25180.30012059041
91807,41609.83959563367
108402,15439.328963760514
77155,24067.92360878305
79195,26821.00842533486
96974,9077.448721234956
105848,9541.819898388836
105425,10087.854559244413
103620,13275.736269877281
79238,30588.465740314394
82292,19542.43586229181
84451,4287.598317653208
93942,27180.71187577819
104577,9103.696408347852
105690,25138.576266931515
93421,11707.371437933578
94411,20351.338486333836
103746,5898.234072762794
104927,15341.543679164688
105798,11263.640410456244
88601,8360.028536453012
87898,9343.584042620012
87580,12203.846953195913
106294,28697.973325377814
83194,11158.24452581906
76073,17632.479347312466
98161,8730.89084589042
99152,8532.41262563866
78180,12570.573472462078
102662,7517.677488793204
98915,12843.059606410065
103302,12441.813020758857
107764,11140.775224491505
79227,22248.92062200962
96799,12617.162971517198
106081,17728.39416399491
107508,21592.52609859016
97995,13759.955436456208
97586,19861.0679731224
87104,27108.675993588775
92790,44648.59979352632
101900,12851.7230937645
107104,13626.198187265125
93384,25159.798853873443
100649,7639.686042002042
94525,27641.60971480626
103004,11442.981340014558
81477,56520.11204260199
94774,15610.842282455473
86403,16988.5820893309
95958,9643.185206115402
85977,18566.66071316175
106000,24879.023540211238
80189,39437.406692281285
105330,20295.388459513848
98119,14166.067007592419
108242,16289.624538026465
86122,9114.316827232322
90847,15720.02507574413
78649,16949.764207729848
78043,29208.60534686474
83454,16353.412237601391
98842,10183.797224310694
80378,33654.36338418719
100525,9875.998160638806
101979,9208.82754236706
93192,26567.132187381958
96062,11633.118898295763
96319,9785.223085846723
81121,50005.858698177595
96527,16250.85502234371
76762,55318.954059492484
89658,11747.36360328954
97136,10556.219722755284
91941,24387.24334103668
107113,9996.94065511669
86846,9276.036565644736
102674,12615.40982774493
85905,18626.08887730098
78034,10885.205888398383
96919,7419.647176313049
81474,25072.094352119737
92121,13278.564896064985
108308,23517.266778482543
105113,14328.521411523385
77939,35139.135387228824
76253,23496.81895303743
86272,10043.989874802422
103786,11550.002303509742
77663,24774.344935811616
90143,13675.684479463402
83487,15247.359289057822
99629,7669.100719717237
78016,48109.26634851259
97062,16100.64458063731
87499,19358.479112439403
104580,5499.104066800045
92086,19211.723930628432
81704,25416.082383447338
85458,18412.597632938014
94697,24372.59029136878
95730,21407.461535475133
95533,27551.24672677587
76852,12450.080114657541
83813,17082.56023461389
91465,26446.15620259296
98380,10704.873607935879
86923,16361.962204637422
81159,33079.008684993314
99462,10132.788523034558
86553,9694.182424996212
96547,10892.529450633805
77542,11450.368803350515
91704,27563.612946962654
103567,14348.933391381586
98508,10404.49452639112
94989,10631.591711313466
96305,13631.155074509066
103772,22098.797003815835
89923,10349.771898498942
84616,16346.01916255179
99970,9487.189189618248
100286,7158.378508939876
95785,17805.947383017898
77239,8826.316084309123
103828,10122.847570462409
86204,19768.339358625588
96855,11352.096603537426
90132,8923.485968457275
83949,5301.416338696606
97042,9579.927075439844
81439,4088.0509402018865
78200,28454.741164501957
96583,17022.98459288009
77935,16500.795794220314
91759,16550.7327965925
104912,17880.00394176478
95613,17005.800157425627
105447,9537.284438756324
89828,10575.635689415414
97297,25765.119897626795
107599,16897.22135138208
103109,7021.545148045528
76094,13799.380750570135
104324,15433.546536481952
82877,18509.64489642338
88953,14380.00371095036
106644,17572.20783694704
100086,9450.591230060652
103949,11107.105558293531
87447,15384.613309647308
103384,11110.777231479906
108506,18763.34947341956
82045,17203.42329400309
86346,14180.352996120659
92643,37952.677917009874
106532,10549.064269859666
100209,15929.661102183412
78371,18853.77674084344
79815,17788.284069103178
99946,7546.358548739556
85965,9275.896416963413
79558,24094.03538632311
108318,17275.67549183759
100907,6378.228604035754
85301,8312.957233396239
86214,3590.089220669164
76307,13680.421171897466
89487,9355.111048504397
90272,18559.15761483792
92470,20474.102597222856
89056,17111.613333402594
108376,12498.079431908565
90393,17068.29968423949
90202,7971.245870378145
95164,16747.05120221903
80501,20239.87717395266
80614,28112.098980407354
86354,9900.010717293719
103851,7924.958198526154
91517,3751.802917509277
80179,31571.044667942213
97710,12389.335651123696
94083,27850.70093149654
83733,8381.777667091748
105032,18669.71255721184
91064,26944.279535450936
94799,26640.147932048727
105548,18580.661263168247
94248,44088.02578927978
91984,26476.68738416954
105390,12169.04492823704
84137,6911.845987430323
84643,9133.083400252408
94173,29868.48488290405
89789,14549.424016207895
99329,7823.42774374146
107125,10140.33587579219
81011,11161.717329381378
92062,56753.075396785825
76630,22016.07360096914
89022,8909.552696364819
91463,28607.17958607834
101563,17705.8310246646
104307,27728.96860924209
95572,19599.515306947014
91019,15907.855113804257
76966,18384.831164166462
76916,30458.539549668647
82319,23191.286780697577
93863,21202.885975116737
96798,30004.964368753346
87072,17661.700654529886
92771,18313.60718614838
105915,8799.767210640375
106830,12605.552677183756
88798,19880.545309595906
81750,11288.316946812849
90415,10769.804473773052
91110,25913.225727752742
82187,22884.66966333764
102386,14130.595834439453
103517,7208.3022843729
86270,29438.251852827347
83526,13175.289832855398
83728,14962.58479983412
76878,10989.906768636081
99712,14151.671264109471
92556,10272.276193131713
89879,9589.642808741854
85276,7339.638023798371
85272,13099.710059125035
82645,10810.05725432097
81445,14183.443186335538
97841,15893.667808822607
97088,16678.653580972037
87735,10206.011945213217
100748,17529.866836364137
94315,32936.78844153611
105218,22610.3193886104
79295,22326.744854882065
85482,11113.828365192763
105112,10954.655073926066
98458,12603.915463712035
98177,9741.150971660061
92392,20221.02049913002
106885,9430.998558376596
94239,25240.383253142583
98355,6486.792879058334
81111,20524.41532385264
101464,11817.889378860882
92070,24136.595648299543
98707,24438.866511443906
91095,18219.270458718835
84486,12854.719359855482
82898,16161.932444259295
108233,10150.34498074681
80001,27774.533026422978
83538,14052.468057923708
88563,7556.955720417344
98871,10277.7388965143
80645,64947.40339505274
82054,20239.59433667792
86397,10523.067625668027
97865,14635.896083512489
81700,28230.630986962995
100417,9017.614859392681
91017,19167.45304327055
95218,23304.115709418034
105519,10420.143066754477
98097,9801.438118505539
89232,9873.265751496112
104997,13717.059483648132
94952,52365.73697674554
87017,13317.457008866952
94876,32819.38869141493
87741,15507.55305531919
82776,10681.986121650432
106221,20418.863985081847
100602,12339.296937850593
105337,12154.120618176927
94476,21939.344894143233
82899,12136.807922063388
79145,35250.30637912653
90481,18375.754934132277
92396,32940.23777325868
94605,24700.821585177815
101668,8402.86604879815
79742,10114.321088080322
84465,16052.693536828774
86828,11031.279357005265
84944,15290.530339380322
93680,32487.96863918558
85778,7199.333817668186
82841,10751.166213195123
96597,30986.49115419802
106852,9942.403212643314
88003,15059.39992216176
90461,9005.541234074493
91184,11939.090995259417
88055,16110.285470507682
99180,11011.63872740997
87766,16057.514460681181
86691,14017.981198589994
107751,37184.95233226195
94882,31533.47756566915
78637,26865.820186350506
100601,10565.601392811452
106271,6065.869715921479
94355,29397.881905338323
103261,10068.925747756373
84449,5909.320726294949
79799,23428.04245959192
78481,12642.414839679159
76569,29303.207723955107
90516,20877.44707641955
91054,29747.85686705783
97435,8222.098968441627
91203,18074.246222318077
86130,3976.2414980990884
93768,29572.02627739385
95494,28823.249974640577
94319,35607.56715705347
83638,13411.954215164502
82289,37059.67952534202
107990,15471.717324014617
76261,14433.047823723313
103466,13760.203186820772
91403,21261.695874336987
106025,15909.555174196323
79465,26860.405488324184
102871,16630.229683362744
108446,12329.180160856524
107305,21336.751134794038
80190,27157.356479102058
81649,9161.447045281026
104611,13245.185133607873
79821,22546.05083693004
106756,10160.772977131996
94209,30788.408105448267
81524,20391.89871005246
102947,11252.480534459242
87868,11521.635769346596
95933,20209.066320963913
86850,9305.363720783465
108381,14541.186033942275
88771,6110.7535509037525
83105,11844.885417932828
93264,42211.65749039673
93240,25490.298450430637
94060,30816.319328180627
95003,11601.39734820154
105812,20749.986966018958
76675,27330.502722331454
91421,17390.74891283021
102047,10630.528378077564
76316,17402.99825554723
108385,39876.764124382586
80043,20265.494628963163
80122,10973.587145579953
76885,11772.57866657217
100765,12829.629656516488
90748,6919.2520966919255
90799,14655.372784416855
98792,12186.14488258022
90085,7053.971051046704
96967,13132.0649200661
77008,26385.71035585611
100132,12939.655854195315
90720,16907.77102267624
105966,13321.556108453024
75981,15580.8391244092
83312,14766.404784722794
106478,15985.018919407117
107800,13994.44554475259
103769,10872.627366649696
91814,20447.627385784122
92683,25298.963967073923
93319,27801.075149803197
90670,16472.55783743701
105982,18255.215860199216
96565,11906.323624499963
89299,21284.290003823404
87406,9962.724935529766
93260,46973.61319643653
101201,16315.177349568243
85414,15666.170699486878
87273,9545.288721345083
77653,17540.214359149715
94848,23770.70736849129
81983,11009.891001822394
98927,9086.685695301441
105078,16174.839573987447
102825,8904.412008286079
91211,18357.191767580716
83862,9758.929570268756
76624,13374.742412779407
96502,8163.954594697549
93149,30524.67302433556
105761,17169.52349299446
81327,10553.651638141977
76688,13820.316038887971
99302,7811.517630039894
89052,34367.2223436312
106892,21003.96876100397
97157,14602.450457524626
87715,13840.955503549452
104669,19441.279934437454
108522,20156.34103236577
104725,28380.910063009505
86473,12143.493616660473
107402,25053.620529839012
99376,22478.372675245144
105473,9924.329907013785
101761,15955.84339716123
100229,6080.176206746005
104122,5715.603067184805
103433,10595.496227714137
95259,27343.786369470472
76691,11555.820988057021
81526,16654.18761023192
90817,15408.476838265296
106577,28616.146504228513
105900,14710.500244136294
86342,15416.424398260493
100902,12523.841535078198
84715,9607.834901092328
90605,13704.249987576586
80255,10618.394992667247
84484,6837.31976945753
82894,7034.064275881406
86148,9274.45658769934
100981,6255.230712711567
104559,31680.59799063433
96603,9931.748102390498
79461,13466.185672855896
83864,7099.04526340449
99364,13466.576763795361
98182,2801.3575172702613
85145,20356.918914513724
102591,10860.235932418902
91416,29805.550813674312
89032,16444.023059126295
98530,8781.549991037633
98214,10951.15389756597
87931,9597.695107508669
90835,19722.829515124355
82398,27398.87726499824
104749,7827.5716338562015
90735,13267.782011665457
105444,18722.95033137722
90324,13797.798697561278
102500,14168.059826900646
106702,6567.591743415035
90727,7521.182328193844
97427,17738.970223815064
99844,9241.944080258136
94541,50566.3250324872
84483,16323.993303062038
100773,9804.980323849752
97910,7563.701268733106
97461,16041.400447964159
104846,9106.20384545264
83951,16813.323965857682
90276,11593.093343805058
85508,14097.995187602577
90153,12359.144571600087
89830,22743.80047697866
89708,17772.22600337849
98504,22128.75156581823
80397,27652.58242220111
76172,42287.88788356683
85446,11286.784773970303
96732,12229.334657836269
90781,7681.2267112696945
86208,8022.40445836174
87814,11319.510726844057
90938,29931.5059553897
91231,25681.91216630489
80979,18867.264791175567
85098,16415.71414446188
82160,50155.89597160295
82809,20601.454312486243
86468,13177.125190617195
104758,6556.3121248669095
79772,30642.77083774206
94343,22310.18285509589
91304,28544.939134139175
88751,13163.69998562195
108437,35335.26193706173
94059,30276.579430362304
101856,8147.467565513913
76319,17896.99812930929
77918,29058.26131260528
81976,32242.807484845685
108377,20720.408913352643
95984,31100.768208540845
102208,10548.118766565389
84420,18219.615863185823
103716,13588.693640492334
106428,10665.14099576926
94602,15852.046029437412
101119,6883.211236621461
77387,15623.07190151806
107227,13942.835086537349
86164,13522.906146504482
85096,13583.672700354062
108198,6704.084429636849
86401,9599.128995520892
86386,9906.382860355116
82726,13394.900714521746
91977,34721.52960900328
87805,19670.712026713878
92810,43767.64611300461
92387,30786.716704948456
76117,14628.573997947313
103862,12171.636871341554
86962,16006.314384030153
77023,51760.799452313324
102863,11606.805538106075
85375,10878.019210242788
84363,16138.045293871415
77485,17725.925222707236
99266,10179.223564588596
100253,10697.645887598459
79037,15921.104817981319
92228,34513.56255991777
84144,15389.415576830363
96577,11391.833276595291
81837,12966.02875036722
77791,19469.835424799756
80717,15982.595866180516
88865,12197.159231634636
103611,13782.864034255816
96150,25401.06294804652
98071,25566.96792323821
90964,16199.085003741726
108523,26472.153615792027
89431,11842.64299721346
107595,22563.820844844842
94778,25052.626421017238
91385,18633.682337363767
99288,20361.417372282107
82885,15498.828962951755
100437,10740.836815892253
88938,18081.668973249332
98801,15234.619943539858
107023,7389.346915589685
88675,21759.70849583192
90159,14194.083509312464
85804,11681.636560727815
80088,31468.812226727572
94929,28862.13970420738
100421,10548.118766565389
90603,10667.660909399607
101899,11011.014776577895
83201,16031.002553446784
96023,9484.97970343451
102019,10565.601392811452
106863,17727.068704031957
108263,23905.531222843678
100605,8185.9574066649675
100998,8089.366703745472
105544,21764.004896473783
104343,8890.61768787067
89692,6772.43319294004
106309,9347.762836289567
86065,7445.363584916475
86436,9685.963801297394
103991,7786.223594503987
92712,43619.216925634326
89709,13475.008517908816
95415,23762.360891730394
84959,19213.88978438802
89069,15591.997469272175
85580,16381.872277386909
100728,10983.502352008996
80638,35655.13732132306
105713,7560.689238986908
98494,10017.925591673216
94819,29516.49052955264
83800,8602.517162201402
91085,17069.160380956673
102276,10686.805649935148
96111,13350.538219011185
90891,24994.676868105016
80010,11048.474218901474
99501,8886.266921281918
105431,14972.654690065276
82161,10820.47914001809
97426,8897.777857516267
100242,16056.888089060396
102470,12418.48197382539
94769,69104.23612110474
83472,11449.21188971909
81138,31048.11194702385
82719,16351.669424734931
97305,12573.799516639361
77744,11924.771056204167
83536,13228.130514022298
85355,9585.87351214896
84273,11967.261651514966
100061,10653.322547983607
78109,29122.048333386796
86119,16726.212729262377
100274,8997.248685239652
90390,15626.576641328247
93338,35404.6570672322
97460,9955.109864365622
87833,12994.25464731155
107064,19938.81227499895
80942,9476.308360425164
87473,11217.268887677968
105869,13347.66879829677
91776,26718.466390845155
85853,15838.593206894531
94909,23278.944312094878
82407,16159.213733455967
97633,12677.536303011082
80176,22467.960199103953
88572,6190.803374218652
97971,55802.888604419
88633,18080.89006050931
76234,20372.973079429055
98579,8431.55227824566
90034,15808.589588989964
80857,25737.97471685812
85633,10991.48573520872
97760,17197.085102022607
88831,9913.044329633687
101303,7803.567471945556
104373,13202.071244185041
83512,8427.82075148128
102692,11871.362677234965
87092,7541.154208238647
104305,21072.8691774188
95344,22660.18957406059
76629,27218.61014260754
83699,10630.024081330874
99290,8549.652765517527
93528,33065.4753532874
107251,8910.995954291406
103980,13275.736269877281
94469,29233.33403331201
96448,13122.255158181886
93511,20792.81879114651
101249,18166.453339676093
90543,16194.606689609236
94928,19866.28935313386
102623,14845.138508487045
79505,12791.85842103969
90175,16368.68527056442
77417,15570.247711300182
80974,25411.79280538557
78874,13993.011216177525
103376,6087.02737484113
106490,25257.05640890241
103267,6087.174288147158
92434,28694.7253073259
94016,41151.15986477018
107217,23459.21006837268
100783,6436.816873756378
104306,10320.55396766921
107691,44449.347404513996
79101,23252.24166557632
79607,15237.524961299596
96910,13888.221089425353
104648,16528.985260879897
97752,6894.383238830937
91917,19048.791860539957
78307,31263.095948368213
77462,11061.605542271564
92958,86655.43451290297
92148,45289.95303881496
93317,26014.21353358307
77824,22382.478622534825
81043,18390.20650876179
77339,13791.300746671886
95942,22606.313894125833
106865,17500.616935181315
100781,14512.228456288709
82907,8448.627763968305
98541,29633.399296294
99032,7026.545904306324
94935,20892.332728677964
88567,14878.356551876304
103765,10281.691875747836
82436,11273.315310299324
87940,10224.257659788036
83542,18992.828748767963
80229,31254.90736907016
99988,14446.346628689871
83379,14319.061502947783
100404,13494.213840949913
76340,20151.879994179202
104105,9129.74119875477
107460,20625.682153983176
83058,9638.262937133206
87987,10500.609730748856
105926,6225.8032324733285
92263,21692.832365051774
76100,15364.063543514705
98059,12831.816623648348
97622,19983.30936897835
100124,11471.08639459921
85132,15233.190192447277
90849,9475.381672494013
89461,8937.008148811808
104144,31474.988242962598
76429,37084.605096436855
95660,32195.43322539892
93649,21771.148292716287
86295,18133.68304523843
91313,59467.17878360816
77778,37399.86926477022
76003,13528.63630669165
96131,11013.606789567326
80441,17069.461876668818
107065,25224.986072256306
87237,9003.064462727776
79135,34453.60499594579
79471,14056.486023233225
88444,9641.440853441987
80954,11906.557802185813
87030,16862.46069398923
82803,14385.71627888772
92307,17134.831959893385
103846,11323.973646570937
81505,50786.21096193032
96454,10183.72076158146
92723,23895.675102936304
85406,9172.011422792504
94692,22144.853916702617
96459,10165.848650675569
97045,5748.234355575454
88125,13992.630002017699
107173,20476.983601152187
86708,11723.099369410967
104799,9332.195127548068
99726,8820.232553425158
83300,9182.757362732711
87117,10050.546713357304
100398,9690.89318070286
82731,15781.302936750635
106322,29407.314185338182
83937,11680.783265780361
76509,26350.13230345366
85158,11286.871380316068
90411,16041.42615646379
79751,18789.712933079107
103864,9242.453740114268
85183,9773.009878727902
83429,9788.27317654992
104401,7487.7328191422575
102908,11529.879507967504
82107,19039.141433795226
83546,16607.13651100562
101326,7276.224111195371
83489,15274.425254505844
95464,11455.257128735533
95312,19740.404387305985
76958,13166.566094105865
87284,7727.350412279661
93565,29615.150707508426
91521,29678.070600672134
103751,12098.922858293798
102806,8248.579668123311
83404,15647.65440015312
78539,21404.856755797584
106376,7693.995369303948
84742,19665.91423464766
80991,14454.506648557583
99185,8213.628721340649
81160,26784.126762982334
101309,8288.937073984498
96620,23131.880530329363
85514,8879.461555489686
104504,11233.022352915224
90442,12776.649341081498
78824,18145.0382045809
93907,8786.325765653459
92574,40357.800283820434
87966,9796.823569814886
84013,7794.540824897188
76192,15369.052729413002
101039,10999.815005596478
93377,26187.729369288903
89911,10483.97016987112
82649,8800.211924572148
92244,35474.7193733179
79456,22661.79882651097
84577,9164.311211581125
101829,12640.682555021629
82454,10608.904708219792
90738,8554.977441556759
78614,41228.03926143577
105723,12588.466215215258
92281,6106.2070765224635
83361,5208.2539096698465
87484,11205.352189180248
94268,29353.939394441484
102791,8446.00820024691
80098,42329.178962783146
91058,15480.029245671372
94029,30225.739300220554
88543,10622.457648041061
81670,21483.26258361247
101579,10198.391353135534
78436,17316.194499241854
106875,12411.456019012514
87655,15051.766071014972
91929,26985.752973823914
91251,22364.853541183522
89471,12375.917327715259
97578,7535.803647900196
82672,12801.531230296505
78444,20928.795484542385
100808,11862.865172029331
88869,11167.74989104281
85357,10352.624629982114
89167,13196.008931205624
106862,25399.37052925953
91281,51266.92161875297
87788,16988.5820893309
95287,17079.060310707893
85680,9063.750008270812
94781,20553.64365598709
84268,13394.075006660885
91867,32064.864427056702
77714,22297.463433329354
103499,11444.159576484157
83996,8580.616980987244
84187,13407.569693317042
94237,25485.022654481145
86917,14997.385700516406
99891,15755.154106765684
100901,9502.0347008101
78556,32395.63899033801
98139,21754.74598457861
83447,18199.64928210762
80732,19816.329401958898
81168,14854.555418942906
101789,4976.0824977409775
96183,14801.240202819072
104888,21503.636276993573
79944,58491.66988591892
84752,9530.798923864315
99274,6825.1053151086435
101601,15920.090431482473
100509,14735.566000387234
83579,20384.007452055892
78657,15446.802590871393
97894,8241.012745413447
98305,13492.849982266147
81298,14019.881953421382
98132,13977.480435158124
83681,12617.453294467847
103875,10565.601392811452
96447,22124.937733867697
105060,19944.693601535833
79150,51283.7567822262
105628,24608.982003479607
84027,11225.270706064162
98984,25100.06758694794
103343,9556.85084673367
87304,10579.888617955963
92483,32951.01544085419
78555,17570.5160199216
78697,44201.420509114265
102830,12102.938214319525
105192,18510.418948045986
88749,11225.270706064162
97670,22557.857436797152
89034,7730.657032522916
101691,11655.770306526994
79307,20870.230437693477
92856,15502.994793095977
85540,6952.244349237301
86841,11751.487546218928
78144,21305.153278197846
106175,8921.521356030702
101199,10565.601392811452
106284,13466.055863266523
107920,3554.205650525664
85677,19385.431992947102
80672,26858.31460594798
87751,12967.613804605991
81660,24167.320011614876
104608,15373.147259920572
90356,12537.55185381547
96037,21873.891849301173
85376,8438.611049143698
94596,14756.862784627301
88457,10872.758999627227
92475,13734.283685790537
81195,16759.06316223995
92529,39651.383674621815
96471,13967.9340543345
107840,10495.393248636787
84210,11089.950300701756
103192,14036.452530391307
101468,13749.996376677764
105529,27441.636659903816
97367,10657.383786720648
86100,5445.532972602109
106778,14157.481397893833
81881,24266.116776665916
89597,12700.25369326416
95589,27799.740812767875
78552,46899.048087876516
105240,18891.805898438703
83448,11376.763280692363
83290,9948.371308008756
93867,39373.99389868304
104187,22360.747537658794
90760,16646.96394518116
89599,7468.2124920894
94415,14047.309246159
105080,7059.589511625239
100371,13235.066950386023
80360,35372.74183306167
101046,7332.9470212743745
76264,17381.194462854255
93041,21382.704657457463
104160,12056.948410259985
78058,51352.07723381149
93770,12600.426182314897
101223,7273.9922532303
101983,7550.682116288465
98730,13386.247147769704
89800,9516.794888164843
88196,12248.827526061526
97641,6156.7369167255265
103870,10430.457073305635
84704,6089.534939451383
77526,20832.497458232414
77738,21257.57573216526
90078,3190.940557131111
94292,24367.80215763837
78838,17752.142555034858
81836,27975.56737131472
80276,27067.163386328644
108312,17914.05249681987
107467,21810.2641505982
79713,18830.79150635991
93468,30121.55502439929
97220,16120.890076780937
98297,9245.381673580747
91141,44285.65364714136
105107,13583.457406443327
89334,12909.048541077122
80077,27602.701085597626
85326,15937.361735807133
88677,16631.32333298541
86517,11400.037078335103
78770,28739.076718807082
82840,16650.378838415145
84256,12083.92960059355
92318,26962.390015617784
92119,20003.988657211037
94970,28015.11971611373
76714,16373.296795074493
89170,12517.846932742506
90548,14295.246286551393
92194,31059.825897124967
78522,25971.3235778017
83527,17127.070531569898
104239,8778.190734541693
98128,27420.623965950992
80712,21385.969432345915
80259,15380.767023561088
78469,32781.644328936956
101923,5082.566686136679
103655,9290.710418437619
101481,10132.727009243847
86550,15349.386496942696
90289,12171.944318680811
86255,13061.204238662283
80411,18002.24129915023
97263,11802.511625068602
91086,6043.812278245016
80675,13363.090844504477
77800,25934.504509501614
76613,31092.551960695957
87002,17303.442404347745
104952,12249.587314590113
94790,37938.00960581372
89888,13589.667673092139
106268,34316.1240153519
76926,13284.520713851658
90503,11200.302093063745
89083,19419.11935843718
92741,10274.344192506698
102911,21593.402398536102
84601,7099.53151316856
84846,9937.191761188182
87884,14427.6540840212
88305,13721.918139550555
85335,11617.356561685348
89396,16818.22274485816
101992,8974.752799158963
90693,15182.665170872993
83262,12971.08719703643
81620,18201.403585498352
88435,12806.947682276528
80013,37889.4388412963
79539,26989.24742798209
85226,15563.197390835592
93522,35236.62516441322
77175,45042.80568173924
104947,10402.241601835547
100869,10326.809692957484
91575,38554.345609548975
105880,33139.474382973014
106564,20679.836618003672
100585,6149.005046659771
107332,10324.816130305338
77295,27623.47961723778
90575,8946.608196805342
102261,7175.847647910868
108080,14422.694005633752
80364,19226.660426535826
92476,9801.172210467264
104078,17396.686741566606
79184,18986.809396223518
107575,10580.063850670325
79281,16843.616887464133
88560,15924.77045204058
84166,16307.30805049189
78054,9999.109658583124
97324,5573.639768179073
85558,14472.413462611266
95710,23470.612421101385
98600,4973.792765916004
89622,16076.528072384384
81838,23729.32644300958
90646,15267.062961928721
88110,6316.300672013199
104085,12796.307298164338
98242,16953.15878621434
106226,10419.929256822066
87500,8573.035869454901
104807,16471.314329580873
100160,10378.205275438797
105379,5970.33812888337
96754,23147.337558427833
84863,11503.544055561993
100130,12080.900029048411
93462,22607.273045329883
91640,10705.654705598938
95922,37762.81680213107
81137,30197.176333612795
78194,11015.45831168595
87308,12130.431458198425
106775,9811.216010778213
86629,11458.613284195884
87659,18259.207491759073
76404,20429.785884285673
87258,19167.281430415398
100560,12719.080177107602
78660,13701.42177648919
76485,18350.764661169876
99545,20281.515239095483
103074,10456.557358729433
77874,19099.043426618595
97514,12326.968110152286
103308,6873.025394662493
94753,30410.054428105672
80045,20549.1125788553
107089,30087.905795735634
101236,7508.615458656346
103264,15381.858515693568
94387,15173.477544393263
91926,15965.138415669284
99972,12992.675773396088
98651,7057.651013896835
94873,28790.751534566953
80722,8351.390035942977
95907,44735.77254270849
87746,15652.942242624847
90574,11653.873053347526
85387,13009.69804085672
84204,9952.499962240718
80453,18602.20744813761
95244,34129.660907596895
79952,14134.02516209043
105770,11218.75865905353
100419,14681.227585882954
84200,9771.421406448397
88059,11492.87969902007
85615,6861.386875058238
90795,7042.697163943252
97219,9584.632683827229
81380,13452.713755925706
78928,17124.588669833633
85613,19107.42823998538
90529,14255.78993969393
89825,12960.62246254022
107431,10141.956840704568
97707,6497.861962708697
76203,19569.455328316693
107808,18771.54406495204
106497,9955.517779035477
101925,6540.500666092293
95434,20185.1402815175
103718,13949.168846884568
103544,7206.445914301547
78735,19563.328141594957
101803,7212.577214679134
106491,20287.918025996554
85594,10744.528627376652
99930,14388.238946267566
100927,8038.444088922392
76097,17555.364445728377
89406,18137.56558492097
103773,7504.330501693916
107843,10203.316497457956
83507,17331.620479211346
89693,8888.037725166296
101441,11176.763144032491
91438,9562.168677329426
82189,25279.2386763134
94224,28711.175653077626
105046,13102.547949785303
105441,10497.939521658142
97014,5225.583276174534
89955,9724.137631857948
85532,15900.03720786687
99916,13150.292947445625
103336,11290.083487211996
102567,15159.689218026208
77309,12515.527603989687
95074,26142.697010715707
105279,19135.7018589724
77443,39198.8857308841
100797,15381.858515693568
97954,5822.583610679992
104854,10125.341872959614
77615,11357.066098556657
99982,11710.95414261063
91956,17821.551707068462
79467,25571.790483727586
80293,13385.512378361518
78335,13908.326566574706
96252,20723.121771798735
94301,26322.934345193487
97832,14670.440120712801
103557,12716.170703560594
86997,9897.840774746812
78106,11336.445598239292
107176,12160.394252050835
102079,11988.342818095844
87624,16829.863586138523
108178,13083.987360997533
82226,11161.455303867186
85709,14905.208123812596
78061,41969.192991124
98092,8822.360017051695
77846,16810.52296915302
91751,21033.764203518745
89344,18426.524454680366
78458,28071.06376640816
90444,14029.259118857819
100411,7239.715538364905
76272,18050.165484985177
83891,11517.406494088158
87391,27303.56206215944
83460,9302.897897006855
98018,8684.445230690882
99334,12862.94824033577
97352,12561.501587985249
85704,16780.74161807999
80151,13767.65137906596
83044,11387.561585736026
98476,7982.412899053139
82495,22981.90975026095
100766,7339.490623762497
87429,10635.923954687025
80457,16226.854516618872
97923,12773.493215110304
84002,7967.500808633515
100461,16692.33367747255
101414,14665.993144660168
86834,15462.315041755422
79455,30300.670464357758
89913,8292.892288142473
88592,7600.392720923565
90339,13947.911294538459
94894,31754.325500244642
76725,25691.29986301873
95859,25071.463054636148
92694,13305.994990844301
85619,10835.001261862557
107634,12441.81361752023
101014,7655.038181233063
91174,26329.33041575589
79521,17693.708149322327
97334,9280.352116705337
80761,12302.276666810933
81867,14458.883899031203
96925,14288.144448847162
89478,8289.475584129508
104606,19526.354406643484
77120,50084.91445632536
94436,17761.253996609772
96562,8450.839331965017
100076,14051.213843654605
100900,11112.442971565133
87706,11133.017708467727
84868,8278.779011039534
77447,10420.623483450654
99633,14718.203420218128
107182,43963.27136874068
103805,7176.302860103374
79968,20987.977627109434
106861,23183.64532713026
81356,27961.07429567004
90962,28309.42908637795
102794,10003.290842978291
102702,13921.408291927819
101649,9465.327758819443
92766,10347.281115863767
95750,9506.876393966622
102296,15658.841676397886
106629,13310.086590097371
98746,11597.3564708615
95417,28875.500080750844
91178,21553.075207657024
103915,7945.848013043256
94148,26229.502761260916
92159,22366.5018260902
89562,10600.554560042876
84575,6451.967144565513
98654,7752.835614080427
96212,21383.248515607815
102653,7592.498654275487
88269,13205.399637440285
79684,31086.418674883247
83922,13335.028882671035
91288,32018.956514956157
97422,13056.94550435961
85223,7459.623710034701
101422,13438.218561513237
80295,17806.231649798898
88778,19882.73419848479
102400,5879.096575351099
106858,16676.857421678025
91510,29195.79928294014
79257,25515.731658400164
106694,31562.79098625432
86646,20540.677690696517
100380,13419.32181426898
79631,32802.43429276632
83337,18200.505093981254
92866,14143.381466081903
93764,21262.04635474976
100701,13216.682627524779
85085,10236.919952867094
102731,5962.0536413902255
107928,21651.9889609397
95668,23652.876146842857
86229,11730.00027406805
102872,10617.582297295878
95063,24161.537212177413
86474,28716.92099248877
80950,49150.48037345878
84432,8171.7799308632375
78964,8926.83170224448
86914,19789.34917024476
97272,22969.098227653838
99757,9268.206842296826
92235,18915.478086680465
87764,10347.52119894862
81233,4098.577868804562
91506,33953.838717202074
77920,13180.103803227217
104487,27090.887523375928
102823,14133.29357772287
96590,12220.641527193178
101069,9288.922436134912
82549,10512.378461017279
77585,22256.92064511766
98854,54412.571745624744
82501,13104.157214906136
101386,9926.125487561492
86959,8997.384389354344
105135,22002.12688184628
100304,13948.35188151209
76999,23043.426465708642
93936,14756.076297196787
96755,6476.5620931767135
102115,10909.083071064606
81953,10256.467936659621
80238,46988.65711435425
84324,9606.83244941276
105850,14378.36462398778
86327,8531.86851099021
87989,5480.624530829434
93530,41743.607924918564
99610,11334.884775205655
102129,10370.267842829686
100985,11526.280029017122
76008,49902.47816123234
77703,21273.601259423343
94691,16004.899342278211
103293,13665.80291806536
84439,14711.348559575848
77444,17086.19122220865
85455,13712.919767526706
93989,43190.96385345034
85336,10787.714492475116
100517,15159.82508489175
108179,27860.176927472876
77395,11578.991432268378
98462,11718.945087940783
84943,10168.452417774712
78028,30132.61769457763
81596,24063.375383229173
95852,38892.250287208306
88816,17696.011670024614
94448,27396.17637141271
86470,13102.997303653457
102503,10383.60717911633
105474,8588.868033366707
88119,10582.36973545894
96141,11825.70834744647
85763,8349.351977178228
105011,7955.858070917887
99747,8419.385169168942
108392,17584.264478491546
90949,14440.530818052595
105446,16906.924361824982
95792,31912.927493222884
94956,21346.206327077947
102277,5232.435096888142
77366,28732.225711128514
91112,19965.784503052506
76355,21232.62489328454
79142,22257.88503107106
103859,5570.072051800693
82352,17026.09858531534
86826,19165.818704205652
86754,9792.14552571021
104363,9440.323956567698
93154,25671.89882352451
90930,20697.856252376816
107269,18076.92946655439
104109,5670.744676384314
100487,18930.077047170864
106527,16893.62661514033
96225,20196.391966957483
89925,8941.05946727002
76775,28560.58075504824
83082,18081.300481248658
105115,30342.135659812888
103481,8665.99836074106
105642,20733.42932166528
92703,18597.971005518964
90864,8700.885312701714
96072,7523.93301644598
98628,11462.44281921679
102378,11553.614326964804
85185,10307.262091644261
93707,35388.067415496604
98795,13845.995098025804
97577,7168.613416634867
79804,22455.630488747724
95541,14059.094212728347
78568,42934.99309716088
79608,22703.83189326652
103860,10313.73411426626
98449,13575.942152106445
91377,25724.903541672626
103436,6143.999661547627
102582,12560.446228976696
78381,10735.099824283292
90999,16656.640150942778
89764,15809.272971407492
99515,11774.621758317306
89133,6407.699308615174
81859,35334.700617071765
108005,10568.556295467768
103733,10156.514907616162
105155,18333.418590622652
100185,6640.607983112634
102347,13285.826410067257
107943,13220.412861101264
104445,10080.992575581202
90149,22910.260521862507
106593,16127.908624740581
94733,19885.445417112984
91481,30015.731187302918
100201,8336.432247434092
94149,19728.726480809666
101639,3558.9327255939725
81577,31149.781864356373
80120,29961.172430316103
85995,10084.995965274584
85199,11575.489532007343
85909,21384.974166693366
78676,22897.99651752566
91948,34813.13432670746
88041,16390.20232233038
92848,25837.623898873433
87598,10255.913858545406
83613,13263.9441056281
85054,11138.821176182959
96903,16547.119297890968
78725,11290.148021453557
94869,33011.53970841406
89121,6722.133097439643
79858,61283.35314936921
89079,16057.514460681181
77639,37636.02045588254
84498,13408.640316709521
90431,16043.133833483023
80553,10987.122792278733
90257,7476.813525348627
91607,29059.45920333794
82794,13899.371972018687
79243,33735.069050995065
93687,20415.86705076421
91774,31181.349906804935
104622,6915.307528090639
94152,4396.4898509042705
107441,19115.482922517414
96359,12077.37465302259
105873,19324.034786993594
82415,11843.067253867632
106807,6155.217469838168
82732,4715.227213255023
105350,17262.704402031857
107206,12520.349846135814
82693,10695.095239564302
101998,9999.531097967076
107032,20338.303398409087
88200,13776.71864706053
105801,13031.376591599295
86649,10622.628509415788
104334,18321.037673680326
101972,7899.260691030096
99530,7574.006823340867
96201,15281.539337582979
105972,9953.357224233747
100425,9579.839413452562
106763,26307.147112388626
90434,6511.152859410448
88690,7165.876454793802
88747,10965.194388088126
92158,15141.012006388468
104298,18087.3223929232
91527,20786.214102054026
91731,18995.295168687822
89575,7124.75009082086
107525,15977.741289955893
80805,20093.72447546922
87001,17150.79823873826
76256,30149.7598424666
106726,13940.587419870682
100912,15423.270998891101
78223,22053.660325972207
78232,43309.39914599644
79424,19463.38933537135
83551,12671.53461294384
98945,5758.131436123752
101673,7105.254794258385
108525,12178.757718612973
92543,47320.635023497656
92373,18480.338033387074
96994,2360.5551378324767
80957,26447.565538658135
104185,12197.442827667413
107318,22783.960341139857
89348,8183.733557184642
108046,22412.093371759627
107385,20101.444004272056
104247,23661.161074459033
79675,20161.97783588282
95374,21881.157343291132
108422,10842.596048964342
76584,43284.42752254743
94645,14622.367536042548
87779,10892.256768923482
76043,18435.269674483523
101605,13208.722712999039
83501,18135.551538137603
95444,24053.325033199864
92724,43284.77400953788
101099,15743.154655329834
105469,7763.125977076344
78289,30496.822945399967
90064,12273.491861535564
93527,14779.17278908725
102951,12234.556370035158
95138,18932.287823963095
90436,19682.1688600273
86900,11506.480486272807
107779,18370.267727655413
98096,7211.718544149973
89305,15954.599383551733
81735,14381.387768596082
91537,18170.605952404294
79302,13676.427781087
106769,15311.391832939287
105306,12049.0918553072
106670,15247.46991706289
80113,31492.769372059953
87168,18641.263146331843
90710,6487.323899921711
90995,14826.615406579847
96388,13271.385104621493
88029,13715.171204702847
92389,16541.028053259775
102649,12795.572449345838
97530,8442.900947824497
88501,16037.019987164931
80998,22855.007314707487
89624,7772.354763099207
83063,9269.696803297938
90128,13403.469316432274
104897,7397.11701786631
85490,27878.672453696145
99453,23404.783362015038
107743,12473.462226691503
105662,14844.371898615558
89186,17404.032827277722
93355,24582.88716863252
100497,12228.587465729892
104389,14940.346046219387
104476,12902.881110833878
94822,15809.551327583222
102639,9037.860896655582
86493,9152.660760800052
95602,29949.328012338057
86924,7848.967346829174
81852,10773.839480453935
102319,14712.813605342784
107863,12074.06690417325
82938,13956.930707421476
89666,7750.074243667672
92812,30179.72894454322
97393,8058.328673941046
92386,29842.892124292353
77152,9048.831449624908
107259,20376.381027929918
90094,8230.648767216955
103704,14550.774289533794
107194,22665.790036400875
86326,9019.377440388076
84993,11825.406231954054
83853,5648.111105811393
98484,24422.87937901431
91880,26207.15527177925
89715,6743.689476913011
101393,9097.5532896506
87375,11085.8907451995
81722,15590.076803573693
91249,17271.534000686042
103603,15306.381352937718
96576,8285.040573203334
77094,13568.21031337502
97706,17097.79149203099
76932,11308.726721499026
86648,17091.073320410123
95671,20854.30688511392
87831,15319.318334683612
82577,10529.31832529807
87475,12319.135403653789
99557,9761.617834870409
82882,3083.6105686668725
97798,9340.474872555817
99009,31383.31479857125
98120,11316.104650466234
86637,9164.560120260057
91310,15718.835393496433
101677,14824.993875296746
105146,10843.174227582975
99727,12934.581537304408
84169,7088.638089788957
91121,18318.328634252855
87151,11714.535896837213
107732,20144.96415251999
77136,32280.636070283905
77148,5147.861663969473
104946,13035.602368716376
88249,9071.186144542178
105127,16951.335529510103
89504,19384.913557272273
81927,33479.29131010061
86452,16773.857986423332
78250,14394.567247553821
85921,27957.836326462006
81378,13168.547948988218
106286,16230.457935595836
82085,16683.220108470196
100957,12072.602912086602
98903,11544.082695785011
93994,29017.824610667234
95727,43440.33353976842
102483,15629.364485228418
85566,24299.64228168616
97406,6588.566786748623
76120,4422.4156747419265
101642,9509.715124450471
86245,8145.342819400394
82830,15021.163755264633
85386,11078.529463708932
102072,12926.93877106645
81015,16005.810611696752
76016,26872.8716545361
103157,18690.619926217474
85980,12769.9247021007
107548,21255.478825406062
83411,17582.106053277803
99745,8723.129673230424
103338,9659.077647630666
100366,10520.23998190088
107718,34069.27041844982
91888,20348.361391542414
106559,17022.59230139451
102293,16076.566842270391
88007,17414.314413190816
100545,14314.522930861134
81498,20619.907977174185
81632,56859.87048399431
102626,7484.8478896894585
91621,19148.036941349288
88591,7762.251450800199
87743,1977.0313118401211
79289,36287.060501338216
79813,30295.297906922275
93561,41822.95269777016
99218,8394.129824317048
83575,21420.589422251393
86909,9924.028998173122
81952,7381.57909284533
82101,37137.00907384815
79912,12485.698986374155
106129,12687.265618434147
103614,10772.930050173847
108271,10104.195788788484
88813,9564.743992645574
105533,30443.045172664115
97693,14737.457693294806
106423,7839.987299218666
88858,12591.462139819721
79568,20381.316769594505
78667,46908.89590306999
106744,19829.053950564896
79183,20402.833818171417
92329,19259.28547866935
93551,71466.44268722276
84807,6587.247164072894
106251,20656.772956654848
86816,10730.704765811908
85547,8880.21374306831
101577,10633.849971271895
103281,9016.59247052321
101919,13126.767624873564
97281,9172.828711194214
85353,20497.028391079602
99143,7251.168444776035
89606,15996.815058647458
108144,16841.98720006566
94628,21217.497019874165
78418,30775.613245181026
90238,19079.848680663315
97412,12237.494191447506
95368,21638.435053793248
80945,28664.913916553593
101657,13057.987019990887
92454,33540.66164449755
79075,12185.044265728922
81257,15039.957672677236
99019,8848.43848922623
91946,8956.645979988802
100356,7745.861912007841
88464,7050.731827664802
82081,16820.422363215916
97199,12497.25197768925
99762,9096.130929447838
101497,6877.477101961241
83716,13444.628615201436
99067,19364.067149845665
107895,17691.346901018183
84198,4162.621117509146
106770,23380.648761944776
87767,15637.417478412324
102945,10524.99987202585
95956,21333.8360333466
81644,22209.072011300228
86278,6896.537434260273
79399,11814.2014545444
80474,16543.36225198315
94588,25882.593346759695
108471,14222.298498908796
93417,15236.085934100598
104702,22823.513907712986
84151,6240.365486329978
76589,14410.13176341547
104490,8327.272123135566
86365,9463.814295244476
90620,6078.739216602229
81071,50274.75153163964
92311,26022.787452105218
103019,6626.0781464982
100231,11455.868214627599
83298,18480.6733420544
97958,19992.094868964075
95436,30502.500693837883
85413,17127.070531569898
104619,14909.982983534566
84835,7158.496738699344
86314,14278.001722209754
91780,36951.19669950704
88338,13144.636165454416
98012,9725.77358261949
91161,20283.223589689715
108156,6254.848399719834
80607,18050.12810839987
105607,20314.831123638218
106586,10130.961168484868
93442,10529.72364753766
101779,11230.072184708708
86324,11152.262618504505
101056,7633.048719086664
89524,8882.233052310397
96619,6565.219895987446
102914,2647.097720978722
105085,25064.593912087737
88414,16257.950301050429
94174,15202.772999874183
77296,12927.709487894525
93567,16842.743012952928
90823,10949.395544535973
83440,8879.182331955004
91053,19254.767555844483
87349,16429.854749342438
93853,14674.228651016521
88334,5656.4432125316935
97251,17198.726349830868
108429,25506.706208091025
90331,10514.625285043296
86234,9568.173144560926
102632,7444.836545710458
82553,7934.085370526047
105227,19201.42874275433
76476,10445.68551670107
99277,9286.489743068449
107214,16281.194521321931
101622,10017.713536347925
91446,18117.27604630569
102009,13591.518590576155
87852,8443.710469522799
93868,20763.128027296098
106100,21469.265960080756
84477,15916.707561164338
90371,6519.233317985126
101643,6179.546990286406
92270,31291.06792771625
91036,29928.72002950836
93120,12338.181012979925
96986,11407.595646193182
88712,12826.448547732174
107673,11175.180276502
94689,50950.864853257706
91664,31688.660607077487
101139,8174.343999862947
100211,11445.650311267935
84843,15908.276228454246
99077,15212.183794780414
86601,10571.313710706954
82207,28282.422933279853
83457,10162.817887855157
78306,36017.971917237424
102397,12824.920535092968
103423,15063.6432160132
105818,6983.919495604174
97146,14478.045934805621
95680,19216.991133844596
102459,7273.649852304508
107092,15503.617462233948
92734,41811.755025181796
95647,19903.352144800447
77576,12782.141178553884
101530,12973.648370005496
87264,7491.031509860623
88978,10899.40298067075
86197,8379.158006331654
107810,22746.167310834047
81681,18348.269352182026
105951,10400.411217617435
103476,12595.457428851816
100268,3397.57780139501
92647,21882.241921054032
80498,19997.083434138112
90634,23820.79892045269
86670,16805.64573818028
108110,4861.4242163088575
83881,11555.703346458313
77006,13943.205839498552
83528,15625.585197820315
86178,7214.432585577841
105430,7928.562198399419
84321,18894.493590815866
90491,12786.619655310316
86339,15759.538016347755
92286,27527.131976843146
101926,19480.858596465885
106776,17025.402809445186
82619,15597.216127710284
79817,14922.600615776952
79626,16613.462721756074
87043,15061.673999015584
106571,16931.099358948955
87059,16857.50918670167
97729,11937.419818999895
100298,12094.775012503116
98256,12933.405811139553
97907,7377.047549016541
95953,19353.305448945182
91657,54057.03713201359
101343,15221.1946410238
82111,65016.753146782816
108388,13415.178167587404
88818,16194.187208635596
77029,29800.213230643298
104074,20288.38110136363
86201,8369.524866795655
81545,16919.9041908993
87713,16367.54922378849
92371,22351.245152660154
77156,10690.421751497339
76880,23724.32254885339
88282,12669.610140945197
96654,30799.996021785904
97866,26253.954797260027
90293,4840.424332536708
91292,19494.116543750384
77320,16113.396985061761
90383,7871.31887866011
100241,11450.854639066878
107973,9646.646679129231
79074,30655.67893270722
92862,20622.958931637906
96379,13243.053651586464
100683,11054.179557588586
76236,29969.420251973475
99113,13387.167781705213
100305,10579.172667447148
86570,8567.221742650278
93251,13585.947093634579
95890,16148.139104426686
104632,24756.942187868597
84213,21730.64613297775
107818,23617.455238264956
101521,11507.099338289881
83053,16476.078001243823
92890,18795.752329506144
107449,12858.12351299891
84022,9839.110372711242
90915,18937.47003914542
80324,49010.29200534357
81352,21096.597657350405
94642,17458.64664935064
76123,28248.725909050096
79202,27894.82676246593
104174,24930.314995860368
91030,24512.07527932537
107033,15877.886780939069
102759,4846.342152209337
102192,11707.833398847948
101885,8565.401483259224
97716,15302.680822098655
81631,14667.585330538948
81759,27693.188663842484
98702,9574.908998361054
105784,24685.02258186576
81817,22881.738127863173
86529,13470.931497750225
97857,9768.039064089458
82820,18792.26208895481
79072,25150.951939033373
92301,25706.82590192424
80309,12893.387923502114
102835,6555.766957496748
93599,18048.170196519393
90253,9508.34408010714
92875,23462.231279301406
83698,11454.397451845049
104398,51040.49201190304
96860,26190.994088874893
105925,31208.021471332155
97861,6930.1153812971925
80226,24396.496545620743
92699,20281.74550768406
85949,8245.327472237348
92215,26204.089240700356
84214,14325.158625821494
106157,13661.261852418374
87047,16196.823871589164
102413,10817.690090105445
97955,11596.478310492328
81441,30636.185240580067
101029,13124.429587455708
91634,20752.158093303868
84859,8436.305860667126
93328,22813.627035862788
97318,9256.589629955251
108048,14978.541667485277
97815,7441.243848709976
101921,6835.118529355453
96260,6629.304735354204
93491,16542.467374493805
95257,14876.514233584712
83326,32218.992654643735
82475,18040.379430880857
107393,11032.613095905639
94132,23025.56333281532
103233,14933.507618819824
88140,10854.592685876129
88395,8772.108054803153
95094,59579.30374351675
95939,20801.651104197517
108234,20942.099270363768
78788,26359.413898538576
93021,20818.604313400992
98301,28858.363080627696
104221,9923.884284721618
92384,24374.85406094763
76288,23843.81817463951
99805,12533.863701534801
90900,10023.141664630868
77888,31519.126942721072
100126,8277.035775056886
82197,39419.28021649619
90987,13529.05067606406
105383,21432.5667978723
100476,9024.804051370547
104238,8955.741140268823
89211,13318.09398344773
97794,5647.030821648412
105692,28403.041986929806
98699,13676.169295935373
104212,19193.402217994193
107544,11682.27681333037
107748,11839.61192195082
103427,7610.600532661759
84063,7458.593959276903
98384,8037.005973064977
91209,12128.904706784482
101379,9274.02980729297
78090,67210.97454789786
88321,17381.20830955932
78786,19197.220951187624
90751,8206.01373912024
85706,17435.492645557137
100853,10718.452705491052
106131,18919.687375193582
89397,13662.352086857061
76263,3580.307502745584
108441,33495.07201814275
88221,12962.027004564483
92526,23264.829630086144
81169,31768.250256210857
99853,10712.896440158807
105516,9516.286651155646
85227,11015.905491690582
101567,9250.254926114592
84331,15866.168791314029
78187,31218.43897861133
94441,15386.670182868369
100067,6334.21012863226
84660,16601.837267318428
98951,25290.87290195548
93815,9126.760347697655
76848,17100.12734128924
83378,13731.091706788877
79966,9277.669502351542
98219,11784.895218460915
89076,11827.561263644468
86619,15402.6962075407
106225,17957.417629609663
76793,31811.4694439896
88351,10677.25360274219
107927,25358.51600212979
93374,23022.736858264336
84067,15455.113155624962
100355,16216.462555246599
82099,37168.161437010574
96457,12355.287909470515
103061,17991.300621859893
89169,15377.510187905304
97340,7025.809141196987
82912,19636.494289485352
82266,13833.287863661277
78561,47787.75552602216
100839,5742.496009896146
85302,2858.8191465529285
99375,12553.442116060776
99881,12349.161872062381
88083,7594.222974178702
86412,7443.600082966929
84852,9655.691930526858
89087,16308.042508763234
77702,48803.04603564475
94308,24505.199786329336
100896,8162.655229768781
88225,10804.75115115208
89796,4480.770689814383
101985,5713.738294597038
77360,24276.424088085987
92220,32163.578269989088
83866,16691.342812787527
103140,5104.520091303983
78348,14893.797710817105
95353,25215.947928364738
81413,14701.844877662867
77106,22236.6447441458
103700,16538.267081667418
88524,11537.932861825175
87461,13082.73672922606
78565,34022.28349539779
82507,13081.471193027084
95578,12330.175769879359
91998,18258.069800759742
98342,12151.092277769434
96413,12967.501271636555
78273,30319.19699927248
105735,15186.584173732626
83640,17619.961775929776
100599,11862.562196187358
108024,29023.52449996946
85550,19871.34044611679
82875,11330.213128678506
93272,10094.914579463139
87870,10274.567008270995
83279,11888.756911453293
105742,16824.769535066058
96152,29865.235780964722
97215,18883.41678000409
76322,58525.077039318916
104938,16528.141318772414
81197,13523.714279219534
94638,14715.220180804727
78474,32031.043796635768
78282,14448.11727721574
83765,13914.94141955611
81798,19162.666879871584
84877,15064.67893732156
107924,11645.931938731614
107870,10186.799577286229
86640,3592.4171325855873
90317,12399.24928908359
90787,14252.845021758163
102045,7590.483602030198
95893,29281.37586834751
104067,11544.98333331498
83702,10260.855079586983
88581,18990.539304323516
76140,19887.93405606645
87782,15522.759231514727
96924,28528.56270448997
81993,30169.68352238841
92440,26710.339495407952
97803,7168.494952500273
90468,6867.61800493498
77617,27448.450982557937
108325,13822.608475013007
78387,23179.160255418916
93953,92124.01291094613
87120,9262.154010091972
103344,9496.152908608905
86899,11784.177072597793
79585,24589.988939627656
86908,9956.412153508963
101362,16119.23320576516
89150,16573.969399258203
92083,17547.724181586535
81913,18353.348271313323
86370,7624.160510073218
78733,20163.116155060565
92552,25083.695042732008
89154,18035.63764303719
97775,12254.834949934955
94930,57438.288157471914
79476,13605.995013359021
76220,11390.716163536525
98869,13038.305093794277
97474,15668.847587482482
99008,7572.93725801082
107702,25542.62236914839
102495,13753.685515822739
76423,21109.54589966951
76460,11305.268858035037
83918,11049.905850471892
90937,25024.01134851486
98893,9006.894160350086
95015,54021.87483132693
94231,19715.089664006107
107866,19068.815548258277
91935,16565.203095593402
94141,25292.182443538604
84712,11355.724046981515
85125,15561.98150482704
102606,15794.353095123168
82305,17941.03112691453
83086,8206.010997557842
87329,9101.93119665015
100213,9378.649487647941
93661,26844.514524949005
95973,25837.623898873433
103243,7121.725045600585
77036,13242.675654293682
82262,8503.766745425562
103648,9208.54002188879
91920,20155.309090052106
85960,11783.617384272879
92632,33624.36230560818
97381,12730.767645586951
100466,9191.661437142444
77087,15131.002177485265
89734,14924.362072228194
83766,11408.09324919254
91812,58024.11009735393
93927,48022.934791302236
93439,13550.794782245863
98318,10822.949913334514
86863,10809.653934737107
95233,19153.939147204517
78974,15067.703746209645
89793,8499.351444689508
92799,22097.98061405021
91635,23153.65537916197
78414,12951.086236396186
90596,13197.875563058433
80519,32328.325590394903
89515,8469.158641934126
86481,12055.169503046813
92047,15344.130711820671
77635,16968.524383089803
98546,7962.694962559524
93556,12520.275043824971
76764,37730.048084251735
104600,15821.933764301742
107170,24573.306902298544
104809,10511.781288990423
104957,41790.66902392702
100565,13411.52836407035
82733,10673.742010783211
90487,5673.075669869507
104778,3615.578299140133
106916,31456.841050833464
85771,9739.123668197262
99896,10079.00636888467
94796,15644.671074214097
105856,16749.052970850986
85845,12832.179339863203
102590,9371.740419661743
95913,44844.58957036778
104395,15316.790089453258
96422,13509.313546663221
101279,12486.089630901164
98041,6092.1880576407875
90702,14064.639342469954
104988,13378.212221272634
99996,15568.709623553623
103713,8933.300770822967
79170,38542.6365951689
80452,11507.795229083637
105657,28044.553975735827
94986,21931.23794413641
106339,11464.140169004015
98568,8299.572244171544
88304,7418.715176705136
87628,13155.984137474174
92003,22988.072250248097
97111,10302.299577316498
98892,14603.328676227002
97778,10385.739964800277
95960,30030.068979643074
80575,17196.686944915647
94709,22320.55637278594
103647,9886.798561643687
87784,9954.550043208597
77344,30324.796107974
104068,13438.649472561912
94747,23829.77933611268
82797,15095.749722419121
77079,15031.808485042084
99217,11210.938732866669
84624,9730.789622785445
79999,26909.306579587483
107791,11462.200563886945
86274,7225.796869769604
92407,13850.530495653094
98109,24607.030628097767
104428,23597.75274711114
76693,17971.876751045875
96321,7807.5426040874745
107222,10706.139021002798
80693,16281.98931591873
87795,11036.91414183301
83814,10761.58723274125
85548,9766.586337210489
103252,10176.885337285838
104453,19174.721031198176
80578,28853.651359869422
103826,6236.180372824231
103199,6801.372770592504
97338,8700.977394292984
107287,11719.753890065967
77059,35283.158732744276
93965,19000.588048058948
89513,8434.87754210747
83064,8307.847530400697
103490,13728.74610374155
99116,7074.26070846666
99690,11998.395439856466
96405,10136.302036770192
96969,9040.434347936816
84317,18142.56662439567
86480,17272.724110947547
78305,49761.15138214116
96458,17015.067530105778
96847,12059.302695698185
87888,10021.881586642492
92753,41993.453849675
84191,7234.34154401496
84830,9785.830944453746
100910,8568.531951203919
94969,46533.0772351861
89103,7846.640164505706
93092,18254.584021816132
106511,11911.365932993664
100549,18084.41121923929
90741,15391.804102965652
78118,17378.82255342132
94087,12490.518914092314
87584,16400.304705336384
107254,12495.233908093569
105985,20942.146884777776
88323,14066.344345613357
105221,11873.99075685484
101901,13969.581827299566
90944,33419.723678414775
98634,8713.326951468769
94057,18722.111229825783
77391,10491.17104790924
77284,43767.9724584903
95838,37707.65048797561
105720,12517.02281995288
97257,25464.71151502022
96339,6995.408224832829
81848,31316.94933622451
79581,25803.664428242835
97762,9207.36047815246
101710,7541.495283452961
104892,9242.512947998957
98689,11948.29720322468
102340,9876.283202450082
103335,13545.217031786677
80348,18950.625393690534
101717,6034.894256218726
84797,15984.854682253115
80101,20984.84061433776
83224,14487.438246479078
93736,16334.193686545197
78612,14751.742312391878
80009,12150.88249234052
90246,13643.507088659537
83348,15803.355725420639
102263,14985.638052517532
84153,16900.18098018527
90556,15352.009872375987
83726,10786.71850904807
86153,5813.98412388261
99219,12408.663137173571
79008,21269.33468622896
76574,17462.12527646397
93345,9891.29563579739
89271,18794.298470019992
84424,16213.894780778404
104788,20260.11910455229
96178,15527.000696362711
90344,12052.743696502157
105532,25735.224072274465
83994,11096.31273294838
91151,27696.032995456204
77889,31438.48132626192
76382,18903.863540146667
97738,6697.910508485208
86371,16821.71157172938
79800,48941.873227084376
79323,23752.012696022557
88652,10378.147118699031
94397,21622.22948290099
80125,11641.012222252582
103621,9058.04608279027
103073,10628.076968799676
104977,21253.155770017886
101232,10070.629091654911
92921,10664.023831737828
96524,18643.16074136093
108206,7231.641599502851
98011,8811.365895003997
82282,54638.180746406586
92162,10503.656598378746
91162,22796.54251901176
98222,6416.614852996804
106388,24932.654903577895
76194,13339.845406897464
93165,15656.55934518924
77080,20819.965023636963
88188,11155.601469178595
95987,10432.867207101295
82919,20086.40049466505
106334,9576.457221756045
92868,31862.861411160695
83314,14252.497332529063
83498,17123.41947135184
99081,9332.46391606599
101875,11376.020743255573
76353,36722.558966941826
97969,24200.087007334638
86292,21466.51763601345
76622,28137.413036237085
103480,18304.21836765252
85818,12715.36593641217
83971,13667.43344276145
97382,16317.52840191204
101439,8039.663738832311
96661,12273.445104419976
77795,11823.32256881599
105731,21700.040675825745
91696,15731.937794066338
93939,20283.622204001877
97415,12147.558276041547
103354,9966.061354729882
98909,21331.132603219787
78125,20393.5364135579
106866,9095.21247656775
98910,7586.827121935989
106208,22414.31943591306
89885,8097.493279987997
76580,11961.091189316294
95892,16027.765490336888
91957,17040.047047302112
99645,11415.554294416448
79562,48084.8952491047
82838,7232.715209287053
101076,7925.54481775894
81361,23879.285794651758
108419,16213.659451035255
93085,15430.356998172541
104426,18853.80257230626
88313,11556.149582609627
104866,17081.761640057368
101788,10106.105108618489
103172,11009.085336387665
98374,22671.41497350572
107111,23390.64297841033
93480,22941.03205747359
94099,52063.63396328916
100358,11720.76188845953
82106,31867.308051269236
92783,29736.607855435683
95978,14994.07427919033
79394,14313.450763304181
81521,22219.058540598693
88260,7769.142613995825
98649,9749.558866803874
81422,17720.549519112003
86500,11083.100583616559
92997,10589.734619712905
107940,10315.107237061953
80225,55755.50081481441
94805,25166.2858817085
88709,13401.358683614197
106470,10445.67072627444
78835,17862.27681424148
90721,10447.320833780224
105429,39355.48755391392
107998,26788.296110335945
89287,10955.8182929112
77311,12967.40182752494
87200,17804.92219481636
95348,13859.71529498013
83148,13699.141725707836
100616,12453.480657411423
81487,52187.89512490328
85031,11755.974546746302
86761,9858.819613552625
108219,22489.179087845037
106290,13333.589656624195
81428,9456.050522242256
94572,30632.074390596368
99173,10714.871706039949
85760,10189.721382538304
89013,26725.64343440502
85726,16621.18369438854
98647,8691.690082063606
76300,40406.4835289423
76204,14071.43657637189
99199,24642.91109333228
81833,15002.966756689015
79245,24711.367006958124
83196,11292.485155572744
85013,8840.485583903846
99200,10109.892573047202
96238,17864.9843669272
96548,30957.56259424799
104251,21106.842933403037
91169,30692.517872035503
91530,22442.6450423818
103143,7783.392756857499
106804,11284.60090154756
108066,21880.056232270996
76048,47154.06461377086
75977,15466.77689465033
96347,10907.11539393528
90190,16435.409070829694
77081,28499.819786342036
83861,5881.994216290535
100546,6456.021388464699
78182,28320.83051915473
89589,11200.302093063745
85606,7658.140055536384
78359,20613.87367615168
97559,14887.633491597111
76721,16667.043188076175
88097,21188.425445042518
87435,5428.514225433085
80798,13618.037824509089
90537,7181.457698413944
100528,7597.355803375691
106401,22969.92360016587
81910,15027.163423322243
92691,27070.137069458764
100615,10412.150767186338
77234,49788.27079945378
78332,25694.29313956438
77572,5850.059209162405
90150,7529.549636575007
105917,10218.024693810492
76449,26535.101197460637
93412,17455.313159318357
86269,15703.50859119768
87995,8677.521836109761
100075,7825.171001309217
80021,48499.296758889795
90343,12704.815185353604
106349,10176.783743566642
87255,10689.516714373982
85507,17295.049779396664
76232,12492.842812984576
106308,15154.520112642136
92289,19050.66312002123
104499,31059.18142700986
81788,8174.956755340782
100405,12719.821448902847
106380,13088.077513399363
81018,17526.395528904406
83259,12736.79578847166
94489,32452.233884979363
92430,25238.84420603699
82401,12011.655836613512
79510,51693.19980278679
84456,18818.714042058928
98445,12724.677479476308
88466,16168.764353964574
94340,17753.141077152566
104411,17820.970905599555
85378,12119.957579667269
93363,28002.244750939597
108217,25691.81606107213
84003,9627.978289824763
78674,13975.229062580178
83754,9664.640224330295
107659,37163.15083706398
104134,9670.430219789814
80428,15644.680939415113
107034,10639.376494724396
105024,21345.96846993102
105501,12887.649210724283
100183,13569.345857094262
96262,14094.750742728726
102419,12042.223832066118
76520,16099.518884691593
87564,8047.2005643785515
95034,17104.31916429746
102071,18938.767820337456
92236,28818.759665961687
108245,16885.700170381686
90472,9308.111585561985
91733,19102.462776832603
86418,13764.055591182843
91544,16416.105542971392
108294,6466.441105587843
103067,15325.32164171635
87683,12809.745288293987
99427,7506.740903024784
78592,13569.669734177456
79477,28887.883593317853
100575,6929.901472850414
103629,20718.064535340407
86341,17203.273776608945
87901,7659.379774372706
100467,11680.697178543109
77769,13866.936547393514
90466,10140.395658733987
105120,32360.585244140177
94434,28374.666944455654
90333,9372.914378131514
100483,6381.691194207978
91083,21333.781612527535
86536,11398.621182701005
108361,14694.42082409471
102652,14285.066871865212
84120,13471.169274236325
99541,10390.037414577915
80658,12372.541439587838
96028,26355.299495190757
82478,9145.161171549149
99296,14863.274612359008
92923,19660.711900847145
84564,14301.90883843905
83515,11049.905850471892
80070,31503.73917678821
104027,21472.19304152821
79391,18393.577976399276
108108,7979.115410743887
99156,8399.487723169186
94668,19957.510466156386
107534,11584.55888974398
88509,10245.974892183138
78713,32027.278653578032
95033,26855.14386129122
105878,12980.491596847418
84590,11573.868647971576
104297,17843.298648039912
93140,23325.670633820086
95943,47441.6207547627
87298,18474.722993960462
105774,10184.571129324606
98658,7048.015591925706
87070,18584.159970242526
99465,13055.43229075587
105845,7887.1033354454175
85369,23366.507689193008
83600,7147.246905410316
93030,23157.714828487482
82159,25342.723004817937
88527,11354.474781891606
94866,13254.834739892312
81680,26979.1741665743
85293,13034.671504432546
83020,10775.611766003862
92112,11252.136214832804
97809,9473.484470627476
83970,8138.851209532043
86745,16895.827947602786
100652,10710.51292633009
78837,26102.7281935495
96354,8959.850896552287
90084,10909.951173934473
84838,16569.264088983924
90416,18590.565294343745
82908,7349.582850481992
81469,19771.269449125073
97939,16257.464279925298
84109,4813.239000296035
94042,40238.764488932575
78843,19700.138727449154
94386,35406.26464783546
79961,43144.35417536178
98556,12463.984530980544
78323,13567.550683536434
98349,12585.302630901502
104599,12187.627276893912
92804,16597.458388751187
81485,18290.199648799473
86984,12665.056956802988
84902,10651.678332912985
87230,16487.963117124847
101698,9462.00164917059
81187,30989.263970755463
91728,25200.52799833461
90136,20933.07201246129
96483,9294.626859138243
103424,15167.174200322368
85712,16559.24896978809
85509,7894.70275413495
79976,19345.751556961837
93406,21743.689653395115
84108,10352.327451339714
82598,10569.234498900003
88086,9937.773620316959
78975,59203.63052204079
78989,17822.802535324146
93597,16164.081430128103
76707,22374.94278152518
99370,24086.58035626712
90372,11551.425619228727
97227,17202.055024224628
93053,32922.03799538066
99724,10010.203574187668
101261,10825.305433994097
85273,7446.539822622443
105019,21062.99548612398
107234,13251.897391237493
80816,37907.7213353354
101175,8356.5461464905
105866,41108.71967195901
96858,8780.522200045096
96226,8196.76378317381
97454,18152.872050570117
94540,26689.866068778665
99937,14081.66641710861
96637,12463.96713867069
82607,9298.84083974831
107708,24273.65672039717
104404,21813.734500739258
80758,18471.83900427174
99346,13091.929917711908
100310,16175.359188968207
91670,26829.73721701249
91353,25650.47635022663
96061,11335.923533634055
88206,16968.46347313462
101814,8598.488463327347
82298,10012.036335395787
94958,21745.309384695258
80444,29966.55653472758
93957,33604.785481826235
100830,7406.046004627908
82523,11138.993659665475
96073,9261.55845363919
87933,15900.706709945869
100553,10579.09485083272
86623,14231.168331503886
87445,9632.13461800665
87890,11246.832363887299
103149,15381.858515693568
102862,11291.58969989001
77553,22560.974308483415
104728,16709.613116654597
77884,31765.14997521014
85105,20482.03242345971
76064,47482.04270647962
86071,9396.182676384853
97148,22184.078674038094
76161,17582.72053036064
82950,7838.335831197691
87334,7804.152389368131
104120,10999.652757463326
104591,5614.252154986959
106665,16364.221032792038
103766,8343.761703286586
104087,9543.596069000325
95947,31516.63090673581
87165,5817.800540896037
76294,22894.616062755085
108455,19348.16120506499
85399,9831.023766446753
84698,10663.15745002498
80713,12059.649668396107
85799,7970.869828397968
100254,11106.299275596939
80264,10530.119122033117
94211,9452.296773716853
98839,21048.36407050998
99631,21308.042199544667
81506,34102.50526326254
76167,15024.024788454311
91308,36799.617128636404
78803,17584.780230894205
92010,14849.366081360078
99424,7113.759929462907
82042,15340.803690697929
89760,8181.290970421221
78489,27145.47447654009
102712,11228.696447605982
90935,29689.86020987264
102912,11076.717069089207
99041,7956.168337718564
79903,41867.75956052243
96670,8908.02432126493
76729,33980.27548041361
91107,25971.52738787684
87286,13099.270781747953
102303,9570.130919934523
106623,22337.944411217228
86955,14314.619355195646
90173,20916.11499655127
99829,6185.999635598457
106155,13702.536635945478
95426,54923.953465273225
82218,26980.683330097752
97534,7324.117087513736
104186,15435.385004076443
94450,21118.906392075824
77720,32116.22434810156
83278,12037.380406089376
90401,17231.94916580682
95842,22732.822204362776
77025,10209.9730895118
88288,12776.370231814972
83552,18114.170023531125
91467,31057.51539250585
78417,24530.37192786611
81312,27077.132646759776
106656,13726.722282054347
93396,22418.597686670888
89063,10224.249057831848
94830,18069.728475248237
98183,5282.146044708502
101338,11892.985734807698
86784,11337.995416718008
99315,9208.075692395525
100058,6171.836051278963
89181,11301.471415602156
92271,25436.488577010805
97562,12733.827929246796
79601,13196.364434085672
95361,15061.748374925566
82021,17186.902840556344
80766,14131.031890675122
107591,19792.55814734857
97689,8411.29843692948
77322,15794.998340500171
83942,9949.531345223446
80703,37138.651164461895
84304,8725.182792777805
92976,22121.602415667596
104652,7347.913861211248
81684,27408.68666079398
90189,18308.958972762088
92960,36055.95054510815
91335,19067.001074899683
105310,16843.660450398667
97940,10077.830083143726
79726,19047.51033433127
97677,15437.145927723357
76868,26078.6432871648
82008,53176.81741533601
96078,19047.491463668142
87835,17175.61228431818
79247,16276.591081303382
77781,10759.449383709072
83214,13813.934852808523
108215,26101.48141989697
93824,29409.318796831612
80787,14027.417033306388
91615,30701.77785385692
80389,33202.1253259009
103596,12955.079668119604
105821,20769.455330559533
82476,9096.826813568932
95265,17638.53409722061
98399,22525.829451320402
76238,30117.57336779736
99100,6068.933297820532
104714,9564.654667147865
90919,12293.784064939911
83623,27543.861070950705
104865,11932.117098813003
82002,16640.33300681923
78910,22381.34475060244
95502,39607.88052839231
103857,8760.047485082481
97624,13049.441754514732
85720,11451.797683969779
96531,11116.402072471996
83085,13856.25664995416
107580,18618.413144861624
100283,11743.371593614358
82635,10308.675664785114
83319,6334.926861828325
82752,22904.425638609082
89036,16782.97410448502
83309,12830.001063773052
91103,24342.85553925379
78064,61452.24029200267
93250,41194.91022230187
104512,17766.229189092428
79857,8582.971182666864
105526,20304.960197712368
95901,32487.96863918558
88558,9774.056603060868
106352,20456.297550877625
77802,15970.751193195212
87315,8926.846964074237
78742,27949.657647198183
102737,9683.738138523402
102515,8246.450769057701
89811,7417.988205214214
83376,17698.096671394564
81478,27475.102419887116
90640,18477.383315127023
77782,10954.215060016066
95954,16749.38936094519
102593,11135.552552693409
103795,9754.618529054249
90806,10131.001910122959
89657,17278.49029043907
86003,12247.078146169613
95380,20055.691885355893
105152,15630.941004175345
89783,9623.39606807204
94941,11091.036065052147
97059,12464.36183216746
94104,34299.52055117661
108398,11545.063072028064
84930,8998.509917116184
107156,20257.78615890312
95687,18470.093960850507
97033,9047.757743993101
103036,8401.580817643813
85849,11312.397910203128
103638,11369.966209338369
76938,31612.527493798567
86884,9647.95891840619
88711,11714.237479914831
105179,24920.521587640258
103858,13112.412249634099
105362,30880.252859968656
77038,17904.782346476863
98935,16892.502747547267
83763,11717.61898808632
106254,20277.045949102278
96326,20559.325191933633
91225,33862.051117254334
90336,16980.43271288653
99070,9063.730315480767
88213,15505.518573722073
80925,49536.13630621531
99202,13298.94726743019
98190,6550.078024895693
93632,13599.71439431205
103377,8476.77879923762
106788,20684.176047441422
104266,20931.080258641956
97957,11178.391550728342
79055,25865.235861617817
99963,11577.691273843877
104883,19431.44179811101
77565,17078.352885189513
104641,9920.945797392438
92456,20623.49837930144
90989,42955.80050877907
96336,9222.361779639676
75990,11756.981966065741
81685,27331.008359358977
93610,25450.22479477238
92156,24425.77748735462
98823,15548.206107841364
92141,38951.854279635874
87756,9425.132844839665
87211,12584.822734589894
93983,29903.30355297703
87098,6876.186557639627
88453,18722.964266247192
78408,15600.875793574909
82661,9155.294371859953
105658,9436.49731743584
82377,11764.746064384226
86738,12729.00041196563
90498,7882.449471562066
96128,16847.346729221466
81136,21027.944832426587
96840,10430.35729535163
104970,20840.667327329742
102228,10262.132060051717
77466,16987.765004613662
77981,10791.777452545277
94406,60486.43931344759
107110,12128.768661063126
106442,21007.30792205607
90593,12848.11863075602
85731,9046.014470181413
91243,23620.651942378554
88327,16776.801001425887
101596,11974.722757900283
91216,26102.65748049299
82093,47770.35438460794
106882,19565.511429570266
89713,12882.69863323756
93144,5871.690292911205
88299,17202.04301502192
78242,20152.374048767662
93200,21867.524321603672
97874,13000.13677682586
93836,42692.20287405283
77774,29139.088404807062
94322,23249.108872746077
98230,12329.450023782983
96006,11991.257149699499
85959,15877.559953942613
88398,17796.68862950447
99305,6154.753092783467
86936,14822.932572313597
107147,13825.913995171757
89432,17910.09566682523
104475,18300.245244333244
93164,14704.018166948954
77276,16775.604992349174
107454,17893.139516946027
89979,22976.00151496392
105360,6237.141794567143
88586,10387.486464734311
84105,14448.805241883987
104625,14049.999338455767
78707,22246.841469489023
98962,5257.154128715467
105679,6995.566728278061
107418,15251.317920805675
93072,55811.67557900556
78519,16418.23691452646
98281,20377.466130191402
99872,7493.764564705369
99188,4733.680415180664
102719,13890.063277572131
107129,10797.746474391744
86785,15675.763116297157
80533,16425.214570860073
78168,19205.277591444847
96300,30947.286447783343
85605,10486.28545642254
77676,15502.918475164402
86360,9947.885316999327
95177,42343.94621993246
77263,8253.456772513246
83488,18256.257921515167
106949,20757.72629305267
86400,11817.866418220037
103763,11496.53267871723
98495,11532.834705858422
94363,6912.592109346453
101940,9111.258495015925
81366,17343.808641388077
99546,15289.059464315424
80651,15668.432436330868
101196,11914.493430144816
102050,14160.083069329303
99804,9040.154358284544
87153,8342.222508353454
81225,14771.470488589419
76181,21026.06951088137
98469,18727.110607231814
93979,13196.76132513979
87480,22410.511344796483
76369,15404.433713108134
88375,13259.812588327024
79983,13561.966696672891
87393,14717.696236859982
88732,10093.740896907993
85383,7642.741284282293
101126,5943.001384540886
95928,17843.523454047856
103011,3397.4071885257463
80083,37524.43732247864
96118,10887.899830243934
85674,13263.312655529637
82917,17372.52391309619
91143,14640.698930538743
101645,10928.958568278787
92817,15561.443955848335
97402,9321.20022316532
83885,23005.523286404776
101758,12408.406779786179
98594,10279.88527432942
102018,1542.1459528389487
77568,17767.282027745674
92202,21438.356587070586
83954,13683.828004119985
92567,10593.84141818731
99006,28340.992217258816
90732,14347.297797887244
81955,15577.091809275908
82585,11785.720962511865
106285,11692.347329534334
93620,19842.866740637557
90725,15785.371508745995
92088,12552.479763650106
107174,5951.010794853193
90304,14114.849585106547
104127,17491.048920340512
98880,8712.450264252127
83303,6212.511384815394
94770,30386.41567860318
89074,18983.701738280255
107549,20161.75811178037
99624,21465.48434305767
105181,9177.714853399819
88189,8607.53688857915
76455,22396.38185039907
101020,9617.105721077018
76745,14341.113479275502
89568,16988.209723768643
83478,9745.430632679805
85747,15838.997306292616
106272,29380.840176991027
82872,17115.315974250865
107532,9513.031210134763
90049,13701.73606585797
81364,12633.608614633904
98040,8962.890387288686
102958,15037.212004175637
79260,29252.884873470364
92243,37758.88549709195
88478,17069.65068883646
86621,19279.893576212446
104072,22307.25086785088
90813,14340.773899327345
107620,19691.29709986264
85958,8688.059022636518
91758,26774.217022412384
92388,37229.66973836307
95940,17080.077304859587
95423,27325.185835939275
78205,16329.034334507529
92781,26284.33632564169
76964,17770.595651526288
91309,20113.092635847992
87312,14820.246234472797
99960,8585.407845362559
105615,18068.332451089173
81777,13988.715475355228
90088,7799.718419587851
101916,8281.567980355267
102032,12428.87975854187
78757,37432.56878225722
85089,11146.77903774505
107536,12284.211291777641
79554,12016.77371629067
100053,12805.948172745531
102087,17033.689352371264
79180,46702.25421811407
78292,10383.739384727243
87547,20540.677690696517
96714,10365.13082305958
101388,11617.833482757114
98889,8207.279122733446
90037,10608.926222730155
95831,23386.229560461998
101678,10298.857317914895
77780,26246.90564180814
104014,16901.90963769044
105304,6751.508443066375
77837,18910.713174464472
88541,6868.724237643082
89143,18163.56723731648
90294,18157.135032753275
94097,21156.16289171103
99108,14061.749798611605
107044,13693.065971390999
108467,23656.367922716614
88739,22828.417065012414
102441,13737.940927616104
86183,9894.646162876183
106346,13395.61830379371
84130,15498.828962951755
107757,9620.674625797097
84412,11220.48872940084
96522,30805.21729941506
79372,20152.79789282736
106945,16798.72376364372
88312,7726.860269450629
97814,15441.528875336156
94724,50504.06135287832
79892,19105.512736977893
94500,19112.903728429075
102161,16119.23320576516
85073,11021.722114890601
103316,11215.763734480583
81537,14968.657157243717
79187,31077.48240266389
93646,26802.43295532517
84942,11883.21675185462
105305,38080.2931219068
102440,8288.732481755207
99694,17872.419340270983
97189,12485.972017360928
89680,14379.668729264975
104471,10741.200510009146
98066,5278.435302771109
104541,10548.443699893176
90039,7053.744980531987
99640,14680.413267761316
85034,13853.166660571063
105699,8764.600515333817
103097,9132.340729325671
79154,26136.36461174706
79730,22852.892781302562
93954,19152.5847358079
106821,18399.784934857635
108129,10284.4087885033
81433,23594.644560815712
106810,9704.829609293145
89340,8331.476735921635
92137,31107.50296407534
89457,7112.886604417094
91797,23392.95143279299
92334,20962.09362204754
99141,16028.50209643232
104901,14977.80849452195
98189,8890.442200396026
95071,20681.323024824662
85149,15980.057592514877
83164,13754.765630917569
79589,5610.811328470815
96533,26656.172961127235
79514,23469.584926689433
97024,18538.617130733746
84010,7624.797504033215
77716,40398.77335367305
99999,8404.098949616982
91937,30455.148099522627
83222,17666.07149449626
83874,12892.07061178291
85379,8388.794991989967
80923,29115.614847216028
87263,17728.90691034275
77648,14837.509429947851
90784,22628.989447440497
76092,27496.844664616212
85877,10680.046132900268
108297,10115.593956079312
81020,31511.64643480431
80092,26046.35903989005
94008,19253.229582220883
101425,7283.175472670243
81218,25297.19052769075
102599,15108.098667956756
79959,21510.545499131356
88223,17436.296367136798
97792,17017.41751800012
98438,7530.7032330448255
107986,36816.66534497528
83947,7828.097427943704
105867,19727.54521456791
107403,19707.985416313222
88885,13869.56623045717
98450,9988.003351488565
83554,8101.473698212985
92398,27706.32821473383
97238,5008.139460892924
79115,50852.22076907795
92394,14890.871449446693
86813,12798.6294223625
106364,9553.54292608332
93974,24662.991937746432
96921,7559.921848439394
76493,14605.103253543377
76358,13926.981369900592
89895,10338.136221026738
91354,24168.53872876967
105589,20254.256519989358
96412,26375.722361577198
98970,10561.839651337814
103020,9450.020463764335
87261,18505.200174668505
76112,27682.558829717836
96166,15648.659829005903
90696,14396.706798077561
94089,27212.778347090374
78422,16696.340476366386
106298,12449.543564394111
105489,18114.904781387235
108304,26966.433238533104
102353,8284.796754872556
76411,18158.98595939765
84847,12082.40763184947
91646,13201.885761140064
76141,16726.457278251386
90730,6324.64952646178
100429,11970.613892639924
85989,9349.493425786874
105539,11805.567930926894
79951,49803.98458480801
96676,6925.237392535053
100762,6195.391655989946
92509,27471.103007800146
79582,26016.978638637032
108529,20364.001517944664
86542,12212.509580038559
80669,20636.714671160327
99953,12785.096377893911
93023,16224.901893963839
102223,14855.688934277321
102167,7111.917143919209
84525,8459.169169548031
76654,30319.31521553337
96998,13398.101125112256
94337,18240.395248712553
105106,9767.815306512397
77494,32805.502771291314
91245,25458.65836952196
98303,22610.355325618293
96838,25633.72822236879
82064,16893.50295940794
101129,8580.021492531065
78108,13078.75374371978
95497,19228.348309023706
81175,12128.510670307785
89631,33596.92227413706
93976,19724.389947240397
86199,19646.292245375163
106842,3651.039949444954
78263,12229.236305432009
89187,16517.6390189442
104396,21597.681537027678
87198,21768.820693240108
78994,13626.793594777582
82655,10402.443398616539
76432,19195.500091389444
95404,21347.762279732797
83767,12948.029623204842
87719,10175.262222876903
105980,9696.916557324283
99851,19420.775140136917
80432,8546.606012164004
80344,29341.153793733734
83694,21652.095056143968
96247,21503.39515453817
86395,20605.73227714392
103276,8216.080628600086
80262,13257.40148798812
88698,4901.403114004005
101575,9896.067848940917
101293,4401.969361325443
76732,18382.060998576184
108287,21595.80917591657
100140,10150.035938108327
85239,11131.939610182559
85252,13096.800068436438
77174,10218.83256696465
86250,18714.98320759386
101740,11911.032751141216
108134,8958.716701340305
82406,32850.71738124071
88667,12094.410143708887
96978,8921.773328876572
78635,14546.098707428417
96572,9063.67456529206
87841,11546.094412251137
77951,18805.181799385937
77253,10281.31115497335
99102,10556.134422131836
105959,7050.0892511564325
91687,27487.551647026732
83483,7274.633270565174
80361,45635.582992501964
94647,11081.872977969619
100857,8088.591020605131
82465,11809.235020621207
100672,10229.556694924411
88369,15394.662731386377
89345,11843.911294437807
89610,7267.2052481012015
108452,50905.11099739304
77913,54604.413265133146
94990,35517.31540545921
78501,12268.90183197193
78393,11963.788199374849
101975,7724.008385117825
93585,37504.84586808631
80079,22883.11006145796
92292,33854.238587920474
88595,11977.667764836553
107865,21021.246238249096
106687,14973.445610265244
101741,15121.172946416504
93999,18644.3175043786
107722,14986.347570257516
80167,27217.7385649765
81844,6121.102548796721
77048,18418.1310912845
107873,21668.41680977929
84939,10358.575386438164
106486,19038.597888922995
84683,12772.51190632675
83721,26707.087105819766
95371,16398.82829789779
77370,26023.110793995493
81285,20144.098808901872
92306,15592.95237886812
107739,23525.094059661842
89483,8664.412718165298
78832,20265.704366390088
95190,26661.720632606317
100747,7103.351956076825
106957,13346.00484399005
101143,8635.178259540486
92745,31891.537819095385
96890,4112.434735278501
76809,10726.039130960342
101202,10286.192737103678
98845,17764.885850069968
106599,9092.751912429609
102195,7926.330458066789
92630,23677.2493420819
94558,21017.670348002528
93959,23976.0232114831
77993,33778.262879312504
105814,22167.187109253944
90144,14207.294864078232
102474,10624.96886585935
93582,27291.431742420045
95183,18892.767553689835
102451,7298.233017542883
90109,3430.3164364196073
78889,16764.027358720217
94338,25214.31483606453
88104,15798.955372158385
99955,13462.03655827271
91274,17167.808362719574
82254,29814.189605503878
94279,19984.423744849217
84677,12224.621562262226
86814,22187.864067321647
107316,20424.71975199742
108497,23183.64532713026
97403,13580.983739981188
104859,11817.467739426953
76106,27481.26168208751
77307,29221.955531272175
105083,15008.085875640127
101644,8171.639530679556
75980,26696.8949318914
80678,26780.21453962895
96987,7066.714680740538
84261,13638.656359512313
103391,9005.686267126961
84290,10239.013169975364
103179,8568.922481372001
92887,20067.810990892085
88486,11609.98553700431
95325,20159.157598045498
108122,5479.402118239757
85364,16682.088451192438
80688,35675.0567518932
84356,20995.150396983143
82717,17664.28525551365
95166,24235.4983989795
81154,12229.577683103089
105294,23864.454951872325
101409,19169.782230184992
90808,15589.70069430559
91000,31038.014975934704
107931,30689.21651522092
80058,19464.367135385168
90511,16300.195363878114
92525,32053.896283316713
90057,11426.537832528846
80266,14175.708072863994
84467,13481.350845651028
90576,19675.2395687027
82575,15668.744518683046
91601,37070.4267548433
80196,20942.13820519943
83418,14789.188304446181
97121,17055.955089377436
102024,12694.65305318055
85225,12815.210757659013
107001,25341.551963055073
82592,15470.302774918107
96681,12153.450755300735
87462,9774.635073788237
96787,15363.062650124133
98868,5958.596450750965
86472,19374.567214850336
91250,20999.939970845026
84328,11972.317136445978
101840,8224.028175628308
78225,20390.05925964399
81026,10511.307803528682
82325,11262.589421907482
106596,13009.580608172288
99810,17084.40254734585
88054,16354.06190180518
80041,31579.78443331116
102577,10899.290800297931
95870,20556.786895021723
76937,18077.28132383561
108359,16781.89024699793
102482,12095.538006767276
105228,21325.95867774217
94110,46697.461694718186
91022,46006.94645277057
84243,7673.270232939219
88868,21043.88327656892
86994,15123.079486727846
103924,10672.685763106963
102415,13109.689414201073
89954,13343.209003870246
98212,6664.664952374878
101117,10256.689698734306
103865,10377.174937782165
81944,16086.705102738928
87371,16626.49083268164
103778,6986.397244048622
84310,18895.772663635857
78146,23972.4645366047
83910,14892.158765030863
96498,34088.613185321134
103937,3231.7930760033823
97439,14750.487758486544
85156,9756.871427211669
93197,17682.542805602214
98573,8292.833132258453
96816,12878.523142541757
94610,19549.40619436987
102536,5775.552626289349
81021,14088.955453999617
105037,20691.937678939168
82891,17468.126058596627
83601,13923.498982156681
93413,15772.186101842475
84517,10661.963280990954
98296,9746.761788020069
83442,12562.893361743818
83641,10478.845337470766
106454,26224.42365251664
88540,6599.823187110716
101350,18989.953981395694
86741,20125.93810094253
79411,48450.00706086187
81400,19987.869742436607
92460,14244.696684699458
76076,27264.251394028946
85593,12204.787870529013
99476,9371.584214480807
99991,15247.28286276061
80184,19406.42971296804
91365,39721.283652579325
87967,9961.741985200182
97960,7152.688317512577
106216,9585.106745960467
94470,36872.10245537376
105054,24225.530024069172
76801,21123.271519506914
84376,14706.169910244029
95818,28126.189082206376
101354,8642.457117456912
81184,13821.656798479939
95386,28292.762944376642
94813,20220.13414233554
100188,11627.904246136635
97816,15731.135043273096
101948,7074.87153065511
108229,21336.751134794038
77604,21560.773712886778
103052,15938.69989536555
83998,8729.652123273776
103163,9526.533384018532
78407,22940.990056414874
106267,13549.52677188865
84808,18376.56572911058
102176,5677.896515426068
103807,11576.314903239692
102936,9648.650348630596
77803,20647.3392872155
91153,18381.451553702205
96806,26991.595036598937
107797,18706.596934325833
92654,9123.1959364992
82110,37069.571040021576
92570,21098.212484486845
84350,12538.591781518173
82022,34732.914333228975
101036,12464.798327543938
93012,16877.485924706092
104053,10361.861333945635
79339,20368.404332461723
79767,12068.290807117442
97252,13895.640012488402
95098,28584.280533312944
99791,24555.630190402007
95121,21345.055231017144
100598,8567.157089319831
88806,17474.74727010747
93433,17486.579626040442
85064,23257.90540297134
103820,7342.4448373529995
86190,22016.077427612297
96438,18706.23393148203
106282,9641.526828892067
93667,18084.5030194981
93191,16279.710858948894
103899,10022.068080314904
93568,38378.27307446273
104546,23173.921287342666
80852,25556.183322166093
91782,15339.224303087825
100867,13815.974218133526
96727,8364.949092829442
88787,15388.784533868
80175,15013.694558209581
106215,21672.8565361175
82884,10123.567059437037
99701,8982.322907570873
96972,9339.33083145279
102844,15840.540265997099
85912,7461.388955987871
105580,13371.062098380684
92949,17369.60692001703
95794,27824.990967362282
81410,16695.83824562476
103413,8948.228617029106
94880,28227.938670944422
87634,7826.837005566627
94036,23302.3892262533
82130,14450.235856031928
97256,13818.548638506543
103817,10844.166552367156
104456,9029.832512082996
78003,14948.451472483159
104097,16556.56529269767
98797,7392.723673114974
107315,18196.485204404238
106755,30260.437205181413
81147,20306.32367407762
105271,5811.7321484863405
89017,7879.182799185554
90194,20673.5640432438
106608,7066.540697265726
106146,26936.835386062372
105471,12928.90252799064
104538,9262.407630661126
78198,32979.20990037984
104720,14449.012017917485
94900,26547.412986888743
94045,32050.2022122003
100816,12793.10149346781
85400,8329.793028321923
96876,25199.19106467208
93515,24619.034828497533
94077,25245.680104492632
87247,23359.283229266766
105067,24198.667971553365
95538,47634.71243556318
79301,13276.871510223215
89679,15772.08554748546
90677,22956.449547364282
100348,18860.86492337442
82373,24149.225692186203
104030,13828.78967755276
91200,27065.172169072903
108132,10111.9089546179
96587,11420.740678303375
92498,18726.318669834043
103409,10697.07051338335
91232,22152.909108879223
80016,20003.30712691327
98705,9681.635399319828
94058,70380.58166046115
107248,17302.164453191348
85165,6315.650502935648
87202,15365.123078114902
84291,11444.035838176473
96682,26204.436110597777
76451,33644.40220332808
91004,22101.43421569252
87541,13037.024270571706
84735,8746.522707544133
86029,13330.820921845949
87675,10913.660124690587
79434,31593.763284667333
104691,22694.961254460955
95401,13095.414940554407
103975,10351.84936452048
106441,12526.99893666988
105335,22408.46704106083
86453,6327.002506762748
84490,22035.89919298135
96908,12392.119839786286
87472,11451.597715500724
99908,5676.5783205730595
84898,9994.682535952441
87539,11508.58538745683
100666,12641.491238681045
82231,17827.792707049255
92648,22643.590499045
84694,9573.167315714161
81594,9006.3537564851
82685,10449.090937436915
76620,34755.961354064435
76943,19095.906038724796
80231,22840.242760433106
94782,10591.826148064441
83815,16670.45155136779
101713,11006.72216376904
86358,11220.688190260898
98701,18616.03989473987
106421,12331.89383115796
97920,8716.750380607806
108072,17544.19879773082
91315,22383.593394397576
98550,12353.46281161616
99263,6532.363251964972
95373,14900.393661003345
80445,10352.9343469763
76982,17852.20243672821
85544,10673.230874508085
101977,11923.753060054885
80279,26389.688602857597
102808,7350.810497618272
107325,13964.435198301371
79988,19324.161366225824
83473,6444.425254808089
80074,23875.980913105253
87094,12756.182789898627
80523,16008.516423147463
84129,14622.945479809214
100159,10138.168930225576
94256,26291.549502077807
79199,24562.04241394809
106674,18050.053125024835
76299,14390.86330435812
82217,34907.95093301022
87294,17105.777144276097
87361,7832.001303437981
105782,11468.149956481926
99109,12166.207844157701
97733,22849.7064292511
80963,23167.065848051894
105129,16106.08308767138
103322,10850.049321039287
90068,14701.143349736169
93845,18827.680712382742
104956,23012.48647143799
103473,7172.772861938574
78167,21250.88527884659
80718,35098.21195222133
85621,16266.985945246903
88490,9980.045133501564
105456,12105.814742312135
98490,9820.337592765525
86488,10067.609179723902
107303,20441.771631894404
106463,10391.020132937476
100403,9406.846297305523
86991,19547.497762107774
95381,40298.7847074726
85219,9708.86670227756
104635,20942.146884777776
99004,12238.957840803541
80747,27436.14157255047
97854,27707.738667343285
102646,8026.269459547571
93364,37487.83369745696
101209,6322.009432910698
89140,16712.30417301621
96244,9887.846039942175
93727,16122.472730324598
82138,26994.684157534328
97759,18543.37721985427
86015,15931.33960908349
81090,27939.042620574124
106085,8403.094080646106
101600,13613.889829020825
94831,22859.444994375313
96566,12524.613583598162
82361,26806.444570946296
80479,23426.21834624216
82068,10427.672230598544
104750,10379.32881270212
93539,16479.787950511218
98127,10139.765813100976
96971,14580.10465554872
94105,22416.476317021756
95326,19332.938134886263
107438,14584.96769099235
100536,8808.2336269231
92659,17277.93731233985
94809,27315.368709005077
84186,7436.039187192447
85631,8711.369424866465
86381,17294.907148802526
78721,22764.07171113793
91773,18970.389020132672
90453,14034.371831391341
107225,17022.36058323573
89949,11793.398945406127
104531,12326.978852110882
76979,16972.085856550486
104743,7781.315205808224
87731,9527.45266257637
79915,8690.375686343517
105072,30467.096053547233
99332,9484.614740106133
88800,6905.495281214486
89522,7145.038769495237
105361,10126.559265769392
96528,13467.6939726675
101546,6411.493677219121
78680,21568.398004317514
87029,13688.611910942665
80591,53319.5575827787
79887,25734.47870776039
76107,33712.95391364694
78272,14549.396983659492
88116,11514.052240439087
99644,12000.750687537075
87595,19454.793425537322
79324,16713.060687884277
76408,42151.96148989917
79173,13973.112294575876
95084,11749.639822849596
95455,25124.39290373361
83809,13100.611240567881
107320,13595.021296388519
78828,27339.890307336544
76284,15041.258807129907
105622,11315.386953986228
99344,7601.665235145163
79395,17011.426867526
86906,11777.998848636791
107576,10626.397121043867
99418,10825.948099250321
89050,14286.023795725489
83758,9315.374579685407
76289,29555.9266954358
95798,29407.907303981385
76119,24190.43426310188
87583,20185.241416555247
93110,18271.619907709915
92911,20433.988051263626
99758,7740.801318765748
91697,29413.46879701348
85260,17515.171245264904
108475,19286.71159380751
84184,10373.59166471182
95737,19862.01316760656
105286,13901.401476120926
105354,12633.636659082502
101587,12988.989837346177
99526,12326.582194331897
82328,15523.524310718374
91052,15463.439158857374
81332,47041.094571134636
84562,18689.933004204893
86175,18791.78508078422
94828,26524.633782259298
76792,35136.68661271701
80436,17499.75515467498
88143,10283.786860291628
102644,15697.492846591445
79459,25206.66135991988
82225,13946.401493508576
83772,16693.724870177735
82109,21432.245783226044
102803,10351.786701890605
91947,47119.695809267316
88498,4049.450258875595
104204,17457.541659337745
103303,17338.794384111363
95989,22542.333001504237
90917,30590.422286812154
104994,15566.09568956823
91408,20226.118548744824
79084,24152.585368403285
94840,9554.169045348872
103127,14244.326552121058
93504,16477.889843819194
88642,11426.76851695439
95535,30671.332091900847
82775,12213.366507315066
96490,8913.808543269832
77545,45209.65729327391
104939,7611.770494107124
97679,12718.500867765984
95462,15358.252893341063
82601,7129.5237196009975
91541,25012.295621331534
82997,18394.059283385122
86757,5930.300737547527
86498,15522.759231514727
78468,17242.810538626483
98262,22141.725206891642
108488,23093.50169080999
84813,10611.799962135916
84965,8189.868475750435
78478,30283.54424629335
98819,16605.023980885206
101543,14167.20515792733
82061,24203.668020854206
101359,12355.269977462682
107203,12454.222575940017
98811,29241.25837142011
102982,10211.935220116553
89603,20518.9395425063
95083,57496.39043142017
102426,11774.1620138936
88264,12176.716994041983
87119,13264.213029404207
86554,15989.76512914647
103454,15938.69989536555
99382,20777.429054157084
84255,9301.034343049007
101580,8724.695361361668
82690,25081.710805629
103650,11841.337018455652
92587,74778.31115897284
92831,13928.889799801264
104410,19475.155004083677
89264,12725.278971091535
82865,16604.40694366011
76984,22466.573542055576
94265,25800.014501444846
76786,9776.467796631909
86379,11326.134603717373
89735,12099.395185678619
97066,12993.097365318252
77007,22017.139931556147
89137,16765.360097747533
78243,15751.910736470825
76669,27432.78656454374
89281,18756.30006399163
105621,23138.474045576826
84020,11006.445448684688
90142,21256.87119290745
79677,21805.512014619515
101025,13301.466324104143
101821,11391.209608599042
77424,14886.909525366807
80188,19766.589723847752
94655,25488.256117740177
85282,7798.486216047934
78763,11488.524215661906
85774,15937.951062028322
79278,9624.226566455984
84460,12869.376718011066
81489,25800.02203196373
90788,21136.219398985184
90191,10783.898509265471
106772,32403.662890113734
108112,20703.079258270875
84380,13291.212789730323
93636,69167.33253875091
103749,10230.689056645304
93435,13598.641599590223
81394,11784.502369846841
82146,34480.02874182465
98362,3252.2408661647455
88250,12372.055591011536
107041,18513.942788022712
103478,10002.593354566452
89273,9507.955733106734
93583,34960.899782502864
92107,25283.268790654412
79557,7900.148079484442
77861,11137.297314580092
84591,21026.668651407286
102756,5900.66485450579
91798,18365.09047766582
100309,15938.69989536555
94987,22805.86942819622
89991,14201.070687469175
81523,22845.725555215424
82815,14659.640760846401
84366,9498.787255712503
105609,7521.047030709175
89695,8904.910327703621
86242,16007.888146553496
82477,6093.691995830781
83774,8592.405045263084
103676,9067.523454340759
85371,18561.25447769887
77386,43300.84108761552
93572,9567.354554809568
77535,23427.720301887362
97174,12670.649721665304
78330,34453.60499594579
94032,13746.722954616338
97537,14397.585435319137
93975,14488.58963318847
80657,27714.861659486287
85971,13712.672394071997
77536,13452.11591409351
81757,15740.629461700166
81232,27125.04646460259
88606,9906.272242227056
107709,10587.604132912995
79596,22052.13226945698
85671,17185.388512710368
93617,25837.623898873433
104211,17249.60545270747
98843,13941.2124864588
76153,47462.58225210689
105258,7431.397122974268
94812,25300.541717189564
82892,18482.525344364603
87816,13735.061115131348
90058,6934.380754231998
95471,9558.974658462264
90419,12389.432985708207
88777,13779.745799940212
101559,7851.542382220259
86808,16502.29138575542
93637,20041.604090462024
81562,14543.386528781224
76442,34401.393730538824
79967,27539.363946685466
88683,18995.894961376493
78139,9367.226122838447
86530,11587.854469031534
77000,27859.81011638123
101915,11010.214993005904
90706,11699.334830432756
77396,17573.303955578864
83475,18396.18375085092
104217,15381.104298458193
101461,9450.923316076223
82676,8673.01742314906
104438,13271.408665709261
94757,23105.523397338413
84916,14093.77556148318
85934,19009.50304667658
93051,16885.230520743888
85136,8466.240693911983
86448,10563.743277686712
102828,10305.47317636092
101564,9198.934616182787
85740,22131.587341223814
107725,18603.153535672933
77165,21091.376787735768
107859,13278.697142238421
83065,7884.733995707653
83470,27375.851394962327
82147,22507.995364435796
103691,7052.464328861791
84024,13414.339438844634
99630,9777.603120456417
105243,18002.999228473316
103804,10566.55634493992
80130,10319.605014865794
97317,11255.640883776163
78532,35209.10318926693
98989,7096.596748250071
87716,8824.283884831422
103640,5416.485510623835
100541,17083.12552968056
101428,6442.607262700644
100899,4938.357721803096
91739,27373.983417263178
94502,40958.45110907728
93919,26003.639817242016
79707,49932.147593925336
91516,34874.33383521922
93156,23980.13704860603
93340,28093.458432973846
86892,9733.758687543395
80420,16463.036086590175
91660,52600.26921084059
104006,13905.13845597932
79833,42352.236093165724
101663,7631.634781219074
102471,14576.7949421201
105380,8677.197590800643
107076,21666.090207737103
97009,20991.388105848153
78577,31362.907923151808
100281,8395.79667481533
81075,39092.966731018656
105712,28126.465035860903
90807,14854.833413946284
84240,14871.489413061496
96951,18744.29031169966
77270,18526.273387901492
81760,13704.161186562418
92040,39660.45694252125
89339,17317.283053908977
95256,25215.996866020436
84788,19243.23588483
83686,12259.380740963714
98633,8434.416682915926
76608,20062.26044330633
98918,17069.09638328448
100264,10353.132676064088
93998,19728.58059712942
90051,7931.479268009094
100506,12376.106204255935
95747,12579.94040543515
91393,12536.327431452255
101051,12845.837762360154
107844,15774.893857762867
105479,18611.06649057222
102468,11843.705397096182
106785,17128.764442377233
91577,17553.970669096663
80832,10149.420484396036
88616,3109.2864832969003
78897,21837.458589278427
83228,15293.669565562212
90389,8245.490564942143
90154,13046.547488799619
107664,21161.95813672054
84602,7050.901057294568
103155,7472.985455894663
94290,22993.385834744757
84292,9924.193973323388
82455,27130.567334450592
84453,8369.715646261122
89161,16549.492743720915
104207,14755.852187455135
85660,9623.703700329648
80032,41468.779950351665
75996,19886.540121781713
83712,13497.850977527907
89784,10304.294644212176
101364,3958.421788202869
79099,19279.55943078935
101423,10449.20878985094
89977,8341.086945656742
87688,9729.358639257256
87401,15910.89376441848
90723,13436.457630423665
85875,10274.29615926071
106387,27220.107314191875
76002,11422.617810316713
99436,10639.928381072228
107239,13195.243119500237
80251,24801.692814079845
85127,29325.635338774926
90351,9494.387958449197
95526,24346.25370175799
79335,30500.736591665787
104754,11056.88690227314
91081,27645.861245019456
82005,15577.837945907699
89414,24674.20642572975
102366,9256.224901022943
107017,9354.334609584994
88810,10112.533118968224
86694,6945.963009936962
79641,9163.315141920884
104863,15915.179369931802
100526,16678.670467115448
80318,22131.320851735527
100931,13586.792250137776
102375,11099.236528779045
78617,21681.88603220077
103552,10845.001321228125
108268,15018.498124921181
77842,15246.909229888686
88774,8474.218516853465
82323,13434.616911215771
94125,25772.120825831236
98661,10903.307570281802
100997,14645.532169263564
76933,4796.3747066909145
76957,36451.17118616705
84347,10214.870283159982
102000,7117.394551362456
84626,15183.560101953397
82214,48148.698623203156
105909,29825.531453987653
107442,9142.671763981612
102342,8210.522708138802
104461,20326.99962422868
80095,48604.65437254336
83558,15386.596581357619
104376,19517.983707434996
105494,12887.184191795262
81702,36861.1730692465
108056,12995.55301671241
84131,18096.02015340303
94242,24334.115493095676
102987,7156.25432969018
99643,16808.001634180895
78954,29424.75072704875
85511,17820.536053734624
85380,10295.003376388422
77232,28061.38738636343
86585,11666.34390583746
99729,13111.920125410792
94946,25602.34439690485
97768,18734.28414067696
83855,23784.335024428616
92397,12174.705886862585
90311,10506.148134927478
99324,7985.51487585605
81167,14761.816398701016
80030,34337.42821029542
103679,8880.82595593785
80164,12288.423140101006
103198,6470.059184389967
87658,10451.805411540232
102090,8813.64759383467
92710,13675.340368295061
88551,10554.587027683245
91001,24504.381896195307
100653,10507.275217820565
106050,15287.383954773322
92084,14801.130640592874
77402,19432.788886084625
101296,9153.48112441397
107242,16338.07288429014
95646,18485.575513136555
99126,7855.63363496765
90982,19683.28757944057
94896,27622.398255794582
93011,15515.038198051006
84607,17480.81838614296
83352,7339.480829353927
86097,17162.97597581803
99312,7696.68227949961
77584,29339.436357734823
97372,13169.601974891664
107179,17590.50573102003
105835,14997.223033436385
92924,25414.513155194833
90798,7667.466187861063
77487,20104.07929921277
87523,9538.824003798283
104328,29599.524852085466
91404,15901.90175495102
105702,20943.412333655462
86051,11832.853094234506
98136,12621.272833371324
91149,18843.010581576407
84015,11209.04740734596
78227,45142.779028569785
91810,43066.890711762135
92345,17711.679296042345
102647,17442.845941902102
106549,11635.71796760065
97007,18906.77987937573
86887,17017.15648402369
103983,14879.323020026206
89554,13542.897557408618
88066,11968.764186140374
98778,18473.650168032847
91459,33086.49582430712
79659,28927.05210882763
83978,6759.0073920944205
88036,16703.479796036572
80483,14088.110931872598
101770,2449.5595780062313
98220,22262.25431433849
84427,11049.905850471892
94491,15629.506563808065
83782,12194.084646054538
101945,10876.625061973877
96613,11069.119949188567
80126,45545.45211695956
83381,16400.746988445328
100263,10847.806515317405
94953,21625.904586153883
84413,15090.878918448963
94816,45652.26951329778
78578,20650.651466982934
89766,12111.71554647836
78560,34477.63154850555
106444,16711.493780439865
100883,2845.4457428720316
102769,8834.348002103534
106426,34279.88431107227
92404,35606.40389874075
84800,8467.665872563308
90714,11237.369056781958
96274,18060.657269551328
88259,8722.620298494227
90683,13404.869120775293
78878,11926.267666406817
78675,11638.12896990036
102189,19751.664326966576
97959,17099.388961532313
78324,20096.615665114285
100397,11014.908417753188
89808,12147.530130061083
102920,9407.102230147602
77724,11189.260592240431
97183,15072.978682555367
102360,7645.604913238878
81748,20027.820125573686
100225,6870.96257321694
101411,11838.948863140355
93887,23985.347552754334
94437,15119.724132902133
102317,7864.395909057721
100939,10680.590706236782
102016,7528.641483614555
88651,9965.706336052437
99340,9905.671489281534
107078,25524.012603510484
100937,10785.848904681348
86922,11022.354211414862
77864,27026.76990973094
105180,14062.763173315152
85599,8064.808454117577
94556,36730.70431208027
88368,24695.6854499293
81005,65248.7885621238
79083,29054.891530348323
95200,24366.701835307114
94374,24891.91119903325
94160,23548.847543651635
104549,14652.392092538747
85933,16804.030424265206
104848,20557.67738485182
104424,27996.748974316655
78183,15678.845161950005
99280,22176.700152518566
97928,7332.159645912956
93122,15212.271696294205
107991,5228.1454939098585
92468,28339.018630137536
97451,9063.18566547006
94463,16981.093125128282
77629,18396.062985901553
86008,12562.1224739142
106210,29703.951231574374
106181,15332.728243172969
87485,10936.145522860505
107645,10677.06280293291
100084,12719.188166828992
88201,10607.748292236063
86236,16825.318871352734
97090,15998.276717414887
83909,15963.65167923402
77686,29498.51015161512
85505,20923.71822748527
92046,26251.96287708619
76681,13309.270292153902
102648,8086.662756886982
104998,44930.262726545465
86349,10662.1990262887
77229,15565.40131741883
93379,19861.03679916249
84973,4158.642856257729
80681,33252.51546433311
97876,11138.58045632746
89330,10579.836687064819
106836,22027.99730924768
96449,11019.430465242187
88765,17364.41605194878
85710,7505.4420904486005
104002,27541.45720245537
99224,7451.175134824809
96767,19301.033369714027
91035,32477.36329109822
91531,11986.491144679407
95857,24330.764176281427
81338,20487.428972400332
97921,13135.293488766665
94040,28647.926170394167
88240,11460.670110034041
104643,12537.553174045715
84702,8583.365348783454
79809,14433.28214183151
82171,15240.486200856629
102481,11550.002303509742
99514,9630.40984248835
76656,45734.43291640803
86176,13884.799528104237
85784,11590.190481021593
91529,25192.01218236092
96184,8351.58862587805
94982,25837.623898873433
89887,23455.46372433209
91306,15341.887895294254
94801,18650.830218368512
84873,13457.689712658552
105262,18465.762887685
78755,17745.94619976181
105378,19230.72997315004
107314,25774.42930958531
88401,17119.980847226336
104523,10456.06259315801
95968,17005.59207741766
106940,16929.503757204853
85854,12799.002674696207
100090,16119.23320576516
94299,24776.262095566923
95815,46692.75154852441
83336,13590.801970868763
93357,9760.426976172905
83671,11607.579779186543
95352,17071.75063021513
81447,13069.568869773282
82530,10069.62026694984
84072,6976.712265705838
79590,37220.58630701681
81072,18077.9080439665
100894,12824.60400695309
94501,25875.666560476635
98410,17600.621574459736
77356,33626.694514204166
89008,7418.4526241072235
79270,77161.88609694024
102768,10144.334066631833
104671,15983.283827913103
91482,29299.926082574857
93496,25676.623795589043
89699,7418.721382984011
93711,19303.422027580134
92768,24077.84083161864
102118,9832.371155185021
99410,6826.188894884922
101552,7981.615683067722
105876,8811.756111182705
106386,26169.710679464046
94563,20795.37906707846
95860,15563.644464416635
83636,10762.269964838555
98837,6302.447286285541
78724,9788.396125306059
92579,25653.126185486333
82223,28982.103426152786
84289,9418.520592336923
77579,30129.213440094354
83896,7432.89287070564
87389,7737.010814810836
88139,8800.888984503932
106790,37466.55012184331
82260,26818.74960662102
101627,9583.250485178754
81876,23259.706969269886
91029,19593.189400505304
84583,3621.041368263037
108158,11771.671537842603
108203,15058.137008210746
98582,7877.391801109672
107003,40301.160179864884
107777,26763.899819457583
90308,8093.951814040793
76799,16096.005002495376
101387,13889.761757605978
79964,18855.885814406633
91606,27982.53867924469
103952,13963.83785295684
88622,8643.822856465416
94559,46438.36436783339
76143,17739.568783923925
94903,21194.435024852493
104486,17633.028515571466
87551,7436.674088904193
78063,51023.283725039
102556,6129.660509183496
100052,10565.601392811452
107074,42753.09982581875
92069,25427.027747143067
107850,30015.229135322374
104540,13719.51286663155
96846,22983.541405686297
92391,24910.011788349988
84659,18690.278452075985
84117,16601.66077047959
79120,12828.833019779167
91389,13289.522077111596
84349,8719.445573025672
90954,43967.808972040555
92695,14660.391315245803
107811,22596.0686893372
81971,22360.84646935075
83450,8602.560749218053
75976,26461.10412954626
102965,10347.786652760878
90287,22218.04643659733
77605,45596.958012935924
91214,26438.119866463854
108303,15555.992422035017
94860,43528.56109941856
79366,21350.09406054031
106091,11297.197101770966
76439,34913.49067458152
87417,33003.64247424204
93478,13969.914723103335
107216,20608.88487470026
103764,18477.433369616756
86879,13794.752396901551
103625,14506.508887384112
76402,10838.446355701266
80311,19678.265228016564
80391,36955.31049188948
100880,12619.346739911907
83171,6317.077290541835
88078,7817.262143523929
84318,17471.544243492262
93526,25007.587267588344
94190,15695.658874976629
97052,12094.941601505952
86101,9371.819608480426
87543,19768.852633401373
85029,10518.397383257938
83740,15873.093339979992
100089,6040.530396671063
98227,16314.94606516946
98248,8114.399929123215
107138,33885.213853882145
86854,10473.908934568897
102785,8317.158886229003
87839,13054.784137411907
93906,21161.74363733812
84661,17743.820220453952
87432,12409.412555858858
85654,18176.370423396405
90678,17296.494147018115
95299,18935.669390611838
95236,28721.55565850317
107608,30496.033953802926
87004,20078.14520486733
100566,10637.236125921952
80665,11302.882730192114
88010,7424.715889818389
102663,11278.931900908166
85485,10875.72620521852
101269,10310.658936950795
104674,24724.55237921559
89263,17094.27892845561
95420,19520.748987611096
102691,6106.042648138624
86663,7817.262143523929
106138,16408.779381214048
91571,23372.90761097933
93819,12583.34654190609
78571,18855.352775078754
94985,12786.070075552418
93301,17816.07577980213
106718,11873.012266866883
86771,16488.263351118
87704,8046.982251909715
79666,14313.005167295682
107584,16964.54423939578
84895,11057.380099860202
108408,10044.65215252788
98171,17270.309197546587
83310,10658.998212438659
86673,17143.700144963394
82853,14353.293814823417
105650,12804.437343249401
98670,14521.964038604146
85066,5355.451271723291
83794,6844.619743100222
80583,12791.552927494728
88130,14629.10574942315
98999,8919.667115996208
101330,7137.953613348136
94984,19261.03522308108
97990,7675.933612946581
86985,20332.728966864153
105865,21524.176779252553
108519,25254.267189111833
85264,15538.878750556878
99920,14338.781469142285
79757,24217.2845129481
102991,12112.13602472781
82734,14857.900848448906
93798,25441.311256513436
78739,19054.790781121654
94102,26411.814903576298
107720,14625.211631014472
104818,22970.79553399683
105035,5514.440291384008
78882,12366.030642144928
106768,9727.720791405041
104488,17674.463358538003
83401,20160.70846835314
96513,11772.960204817762
103742,7587.565992991791
85746,16404.49425842798
89503,7820.810272667909
86162,10270.990672920529
90081,11154.89867200775
87809,18589.027031754176
105903,13439.797444487293
91476,22715.57711490125
77323,23876.671210191234
79344,53593.10787947645
86967,11889.264853226156
87631,13249.648664927696
91478,21739.897310882618
87477,17862.064555476165
97456,26862.693173251002
91210,28823.29046748411
88841,22321.15021141988
86262,14160.02630279757
98038,24379.789976102853
108461,17474.98702223185
95645,21021.452605680108
91233,19317.53327337125
81480,27900.842685479096
82671,17790.19555213856
105275,10872.710888812864
77852,17990.726140559338
90565,22083.537558689724
89172,10822.121652189426
102384,9362.458446757182
88944,8803.860089228994
80531,19727.504310924396
101795,8218.142696583429
90744,6469.816765691111
78179,31339.65620383658
94388,26187.23700786597
92546,18879.36335120786
84282,14192.484958776848
87078,17205.42335532368
93190,34758.73388409858
92014,14203.472440905842
104501,25420.504783502518
79523,21264.656066479813
81096,20088.074678313507
78193,32255.77185854595
94720,38605.321730245465
97242,10669.925173028783
103784,12075.384505291051
100186,9674.023402985247
91494,13797.387701574062
98765,5156.2224045482
97370,20964.139578255687
76295,28451.40107235723
105840,20199.569998154424
100641,7717.063551995664
97160,28867.80708305708
96440,21964.986488900297
84853,6063.860930753671
105223,9932.22496269102
105879,10688.495735838158
80347,31861.30879888775
84534,10114.213483786623
85045,10806.927262673535
99348,24519.7080599128
105487,19197.04844726663
101906,6645.711136040439
84905,11799.812554487404
105810,12029.289179197582
76346,12369.237113829908
104163,10001.458872111485
91997,21791.291936232185
94182,19137.179541276786
98583,13458.773426192549
78048,21121.909093544957
91650,16305.49991175682
99045,23609.940103633548
90167,12939.610616586177
81936,6800.754063684907
97322,8180.755810491736
79506,16042.261909878878
101689,10350.894855154898
99677,5591.200845652077
104364,7691.414006468948
104493,20669.271301764355
85811,11476.142999293797
76088,19740.17042070418
107014,10060.197848452372
85517,13391.948261660435
100065,11681.181771675489
100700,9107.484954258547
100178,9807.68750732001
86072,20438.336656016625
89071,8191.239056457322
76027,11408.263946347153
84394,11826.604067240318
97989,17386.140729392602
77527,11342.260049635475
89342,10347.558226469675
94118,21253.195045096174
94468,29026.33231802007
76061,20070.857329265615
85744,9174.283219345873
105185,8689.515300417166
79043,17810.967949801303
103948,10939.847932342109
98325,7060.303078549084
77056,18042.546838272363
85262,10964.092575332474
94885,28837.222296917687
92436,69784.21894512777
105339,10025.566227658122
85288,7548.784641578101
92944,19958.013822312765
83145,15525.747416948916
87905,10293.000263982743
89188,11879.872865519488
90245,13828.045204622566
80370,17726.189858188554
92165,39188.946029291
91638,18998.142327079695
103657,11855.159583488597
81016,20007.500954572006
103792,17093.305733514007
94815,14916.975031106847
78957,9887.924114326306
83141,9522.690626584497
107365,12415.416724985698
95563,25835.6814930046
76918,32217.597366715283
87215,13186.280253708957
108328,11505.07658612123
108027,20708.758047982345
79325,35601.4769496366
89545,13431.489168666327
103967,8196.248814731916
77530,34828.28219533043
95330,38450.73722079851
78671,2800.6253963753816
102103,9501.946861835308
80024,14707.300812191346
89481,9511.690978800516
89138,10994.78132817801
98762,6753.919138501206
86166,17852.406976267812
91396,15057.630377396845
94749,43304.80170449975
95788,16883.491434011175
99730,12125.729070020043
102801,13961.321598587389
87208,12243.249630451533
83098,10931.419425475442
96015,26780.135511150685
107970,23346.233664259835
77471,32285.659462534513
85822,7045.461157127656
100518,9622.60315456267
97282,20021.550474180443
107193,8245.045377728746
104825,9152.062226127131
82687,30311.65603847646
83026,11779.55014233707
77470,15036.316609849759
79254,13560.925292468954
108020,5424.410151403425
99103,6512.156723684296
78665,29849.323268119748
86932,12835.55304916265
79269,18448.131562658855
92024,54448.56281670284
95652,29932.483295912203
96170,9727.026247391559
83586,15292.747090387682
100804,12375.397793475217
100758,13170.822440922224
107628,18646.060428229743
108337,10924.576249116308
83175,16044.908742507525
90838,6451.015212042249
102741,15097.043572409746
81263,15702.094919802319
97071,7097.62064887103
95004,18671.690744096908
107019,16999.616852716455
95503,17902.209494540526
86249,13531.400716614742
106921,29380.840176991027
89972,20106.847307941873
77660,25128.172654659702
77328,28376.361627979088
98264,12076.81833527186
86800,15790.280456387482
76661,19506.967460918167
81734,43113.23124343783
84741,11789.67321755135
89926,31884.297458716916
79502,12750.537619048055
96963,12515.738557281125
97855,28136.24768008799
86877,19681.28800527748
96814,22656.41137136884
94648,37592.751782582585
103104,7462.487305003591
77999,23116.37202965162
77500,23781.524752453697
108189,11680.275258955051
107124,18635.90865101459
105320,15980.693263409716
84589,11435.37011633638
100502,5090.779503082095
84272,19379.29000600048
90146,6123.488168166607
89016,10521.583607043918
92360,20286.360302478955
97341,14530.181889241741
99635,10701.657566066297
93758,22273.225039599125
104345,20617.239523953318
104346,12446.787595130836
103219,18910.7776112604
94240,15011.686102799622
100510,16109.361710620129
97788,9883.36387046009
87877,19979.47186768819
83993,8943.574604816367
95268,27091.43384085606
90857,12348.20239660752
89897,20355.779656686613
103642,7855.706844593454
79712,27182.767241536905
84733,6563.086055182059
103510,10301.380342200602
82151,13901.699979724472
89275,6424.996188560763
97022,25097.262184011597
89964,6837.061844964012
103169,10565.601392811452
98586,11966.961285720481
78199,8555.860940362267
78507,20720.5220021043
88856,14847.07870998544
79309,18901.760891741927
85685,15330.168304412937
76527,12492.875798787218
81636,14155.719588152893
86638,12868.170785994975
106517,17651.966789610928
102023,13707.023333988689
91620,60503.71691027389
101886,6904.201227030972
84887,13522.19976332473
84751,9277.249464229517
92613,25916.37080279333
91825,24622.499221739883
101895,12728.249627189452
90560,17261.30930033979
105545,8853.837486567052
78700,19406.40602359349
82886,19435.189087935123
105649,10386.032515493496
77577,19557.20667494271
98003,22111.979326301436
80537,26922.28135360735
87387,14240.419437131755
97626,6530.308300613532
92948,28932.41905947491
104000,10724.101061089514
78385,20773.748115239978
103301,9799.216508954538
100102,7221.9625873299765
91401,14404.467794242237
105726,10007.934255147968
108002,10872.126651087729
96055,8642.868372551166
86533,21157.559010228833
84966,14660.25558087271
82750,9053.172814855134
84780,17071.600247105034
99760,9735.74039661172
96353,26841.990368048333
90252,19146.148394106996
92114,20905.881766808
85641,11288.921819686866
78846,29140.01020805536
97479,26829.033095414245
100657,5952.2014551093325
92553,20675.274137472188
87684,8076.055180910507
76579,18799.768007048737
104441,7821.429075872765
102915,12360.496128950146
98255,10422.776956943086
84716,11103.403888243118
85426,10978.461357657123
76829,18598.142889212322
77899,36791.639110994576
93875,16287.443287536198
94170,34141.74930316899
96206,18540.687404455486
82777,14613.436740769988
99399,8803.23879201704
76017,24053.816611775175
78785,15559.755966214374
104195,7792.763442147832
100767,10749.464688612
93500,16652.919370682597
103248,6867.228051850708
101828,7962.283521146872
93209,22331.266628983056
96665,6517.460467360943
94208,20937.20543487254
81789,46370.71773142449
92578,19821.85832098114
84750,13387.781855342422
107543,15160.755138418777
83294,15666.170699486878
82408,9744.565942068166
104836,26264.02044231894
87366,9225.916687316361
100488,7906.487357400198
87296,16778.70408478722
99820,6707.531651511047
103856,6604.33206796686
80536,23731.65828062498
95407,21671.83641758946
78024,21343.220493465684
88166,17580.628506162808
79046,13681.272268068597
100829,9628.276976209707
99250,9631.19592530513
107164,8021.790018364163
83857,8612.377387525921
90031,24957.60581624329
97531,29313.465311487005
78237,16921.380233869335
77205,19296.93762184542
84796,17667.826564457555
79769,19729.314341035988
79899,12881.211943287513
81570,28040.82986181732
96209,8206.659378073871
108012,12116.139572262311
83784,11152.135899164477
95293,30722.394830058336
107894,9140.715874676522
90118,8270.914646443141
81548,15327.75096370159
91246,13013.470157459966
106066,30181.52248157009
76349,54957.86419261808
84792,10958.950293347287
94792,19036.042813933884
98772,10032.51209611214
81023,29694.290228410086
92760,15339.465303346467
81049,28645.212684903145
103697,7357.284722782823
82248,29735.437722944225
85475,27957.836326462006
80927,27029.925854340123
93520,21275.36349577952
103034,9649.7418772003
88006,15461.65472136279
80697,16980.450598662745
89565,18785.287219170048
106983,16297.161646929731
76042,22119.739632509594
95214,22985.639424029472
77712,17060.750135066384
102226,7665.144637248806
106128,30385.93560217191
94347,42984.9347592786
84176,11391.701363003822
92633,34545.44432765736
89147,11624.935004392324
76200,19407.99169428337
91972,26025.800253023743
95624,16521.9288556728
88237,13404.746897374729
90626,18864.616687006
79402,28790.08749014354
92751,16695.751241285365
93494,27854.11005378278
77785,31833.265020587656
108502,10538.298839015022
76356,11091.783113940413
90256,9250.512741976963
76286,18659.640889421597
98835,24829.85018548456
78799,27972.305196112426
99864,13284.861147894755
89317,21115.12375197147
81235,35861.86998113174
82980,8706.172019390056
79032,13378.119810350207
94549,17413.193206405576
86872,10433.4962429308
101730,14215.234311374388
82684,11335.20986444459
99516,11354.156352067408
80017,7515.634338988898
99863,13079.959463049367
92792,42196.89975733485
100593,10694.824189659996
86135,6581.308078778333
78870,10590.437575276022
107586,23349.9048531398
83757,14186.665858434904
92765,21508.000035071225
84890,9509.316270723928
108290,14257.298589840113
82893,27393.241050382876
89660,8649.024696899596
105543,11562.390588091552
106368,12573.619400807916
81799,35278.651031816866
102757,5734.840060951213
87520,7903.322468987282
85172,8224.089600790985
76593,16598.101495884363
99431,9421.679970936677
104403,19145.062960726536
102932,10832.908912689178
81998,13301.253473126977
81391,8691.988622216839
108151,12964.78977559297
100164,15381.858515693568
77950,37553.111360055795
100416,11323.37018992141
108237,12784.041132363978
93464,19829.674221638095
83899,11130.994061675943
107184,16191.884098065244
78001,32571.41634711474
98816,6878.060691087432
98737,22080.40142681149
105432,20367.7735877735
99160,7092.367392362401
99195,2203.4268002738
90337,9831.403328183473
85546,16988.5820893309
107128,19903.11250259128
93327,32185.516169529907
81501,29019.30565168469
78485,16993.80821547738
98491,21833.928632924297
91265,23637.45111917203
97185,14401.746412658005
95708,18558.88892050933
92269,22266.585530577788
90122,13685.018029981264
84219,10550.681307650464
95920,18030.376637120447
82679,13041.803804436024
105174,14901.050224425448
90879,12178.707892659615
77507,40579.384838601174
88757,12741.150240519257
101256,8584.605021374227
83426,18437.618956078193
76075,32509.73640084274
76871,17750.50018526543
77695,37850.13710835377
103555,10725.075745241
94893,20986.679250955993
95836,16067.83925350246
92061,11739.522906893066
79710,10980.256091481528
93899,12495.627757701446
83299,9321.850949464091
95620,32895.00214918933
104279,19350.715777661182
83705,16787.27026706858
95472,32103.894767487614
106260,16114.562733630259
76886,15006.27716462122
97248,12267.549386656003
80660,15494.633408019437
101333,11528.945594556892
89360,7063.30474435794
85450,8188.377650069821
88836,15769.534945681822
77416,26301.14291795067
79577,22828.61880326044
98503,7548.670800398888
76778,13751.762178709623
93681,14959.915142697375
98418,6724.056458808627
98615,10086.334264111583
91857,29333.43770284051
85059,9527.526603403294
84064,14530.768123911976
83511,10778.331961460504
87961,11361.401333712247
89756,8514.823303502702
106904,12299.187773469286
78218,25324.092343850156
91503,21774.314079120493
77126,9755.240625866998
97801,8805.73247405449
87474,11530.342747939856
77057,23373.122626408818
79478,24066.198937664827
90041,17539.587771455095
83374,15183.981616778128
102094,11116.708817762456
103780,21172.590656992837
105079,7991.3278083152545
80462,27380.588724754693
101705,12767.848067763873
105756,24525.172652916503
88993,10050.122511130212
89593,9403.212588713435
86338,17782.09238985311
77853,26797.26798964058
92077,30032.096250824663
102494,8528.205445496975
92534,37901.08397167016
78971,27460.155080928413
84687,18677.64088382202
88376,10853.747620788241
105707,14238.313369517324
80939,24294.720619731652
82258,22976.168649195082
104917,9492.242437696179
95086,19468.180829789017
79275,15671.824717333768
104721,9706.037771263782
107939,20188.531120038842
106703,10079.225636745188
107820,13549.553610663761
79947,20525.360730585853
89961,11150.204700285954
106451,9762.364346301985
98821,11904.643735006948
77748,31107.356627111418
104802,24965.442756196993
81481,48917.40049538452
93544,17805.39911854051
89611,13758.408344071553
79850,31397.865210037995
81466,23040.664353862285
90668,7277.378052317427
89743,15840.671296708782
106672,24751.417050616263
76030,16826.49684830199
97231,6329.538439446126
93484,30937.47983468617
81393,13169.444148415165
94369,14962.78893002474
93507,33081.00781558829
100752,7777.939626816989
95565,23891.09021365455
98749,14718.203420218128
99634,13072.020486428395
86127,7700.638461069507
101842,15343.419482350886
108481,10570.322831086294
82863,13190.918380111327
90043,9609.244066870544
76857,38632.14591136411
83241,10851.483045939558
103197,8925.367259263398
95458,13806.274472617297
76515,10573.222975949593
84987,13166.691246756958
80199,19026.52632959834
77835,22655.051948905933
80809,14304.834799105605
77245,24372.94408528684
104828,15144.51978835811
107338,8328.4041220483
78811,32246.02819811898
76708,35991.50636664154
88559,10844.383296998185
99380,5573.938156907337
89411,7507.609615522011
94532,24695.709691035663
88046,5991.268431809623
99155,11475.620714169414
80986,14755.061074535412
96122,25159.692745528977
78618,19462.18934866001
98205,4579.798676095688
98995,24809.2126185267
102432,9563.34334740725
78709,13326.230707402616
93586,21703.58680790393
98147,8882.680730801321
95468,33152.50968299145
95425,15339.93361898
89106,10429.04748654191
85764,10031.046168990755
87674,11003.876056409974
106365,36726.40902387265
106263,7470.43050906821
97423,14959.25026077058
86855,14776.46683327062
101637,8991.911403873863
100129,7632.108211503167
89346,10915.062052921037
80037,8160.591849719002
87439,8055.284293209825
76329,55428.93199865764
101234,15404.70114611369
93715,29690.383753112466
96728,20628.453054162204
88023,15399.795064875183
100289,14595.583927833988
93685,11844.26225420551
97301,13119.949793805365
100588,10779.07013133951
78240,17443.30878228838
91194,35033.642919195925
78088,20408.178997890514
103811,10466.079905123574
79852,17684.5699320393
77718,19065.377388930272
99968,6838.899653803431
82937,13869.831259883342
106774,17947.359884076606
85107,9947.62799453958
77329,25849.382551864812
106498,15442.454518775714
80946,20778.965215398992
89630,20335.621431493226
105995,26264.448191108404
79926,47804.48715879655
93982,14402.266992807332
95152,40173.03677488626
102460,14545.612989112064
86797,18184.42502542567
98696,13790.714461183463
87491,23397.914703682345
93185,25747.35452070585
90910,17926.255656581816
102510,6525.951855629939
99707,12731.00148698986
106468,10035.386653195794
97505,14395.633121470917
85240,16861.390673606977
89795,23354.20821808241
78677,17389.753366887177
94311,21208.105432766333
79406,32613.455455271087
85528,23369.00829486696
95656,16706.39782496412
102783,12883.381920217747
76191,26901.210443215034
96193,13559.241809735482
108352,19068.540225241642
94226,24892.444411155477
94472,20835.804401870977
78628,8727.937762527716
96861,16533.780657318082
89698,14654.930710372235
89021,17407.409821376812
98919,11593.522930285206
107511,27945.10758877293
104317,13183.330150298547
105587,17139.230212561564
89244,13818.557392063525
108221,44751.9396509291
104558,20390.262818005347
99691,11605.937043545204
81153,20737.248643791758
83019,13033.437827097234
84699,8058.757351568094
92354,48586.601522078694
77258,34661.332535542446
81991,13312.953469156148
99191,15193.107243087063
80072,18700.62078267495
97195,27598.57502336238
83104,16736.83681873236
104712,12353.340080883698
100443,10960.809651026135
93443,28149.22894693188
85543,13945.003152677156
82977,17150.08707145398
92597,29918.168673288208
89182,17220.261173415707
89737,9691.142345703345
103093,13499.655446049139
103417,6855.10787255025
78550,13585.424286344218
93081,33285.971483751295
80992,13603.476049080924
83725,11046.728609098334
90755,13694.558418206843
89727,24525.538630141848
82723,13798.335535135555
85046,7465.1702109147045
105507,20692.741136561388
102497,12218.92043941143
86897,9758.929570268756
81522,13348.420997161384
106201,22476.75275538366
87615,10886.473092654292
84646,10533.717308211653
104296,25849.84592471221
84433,5572.702723394249
101470,10956.49275023125
76641,21537.767811367128
88265,9261.624784974121
101728,13269.340435089429
83541,9783.126268692393
93807,30936.432138875698
83873,10717.392141815648
76785,45186.20055794409
83629,10393.361658339105
87576,18362.269408798762
93395,17080.589181856514
95537,19618.085700981515
89598,7046.61113329011
78074,31812.149065746522
102980,9267.525761278042
104929,17064.015561097913
97395,13094.3988007904
106751,21584.848543274005
101628,14903.230705444244
103613,12991.031718340935
103641,12411.048390245993
95834,19153.037832979284
101797,2289.146866695376
80042,23086.293815574358
81608,19620.040645430763
86535,14832.215558512216
98235,22135.430732484896
94784,16932.69716832489
79342,11848.16384886806
97906,18878.983484487693
84622,13450.436197372883
85948,20079.290456190083
88274,11869.38258867761
92480,20552.36467235146
86378,17163.512151740248
107558,12167.74445382155
88531,14121.16500163363
103681,13237.997345915983
103559,7504.330501693916
102821,12329.53499093104
77372,30361.07634674995
108078,10463.275566633378
96014,10190.11171468876
91072,17759.387899434205
78981,15780.98746526747
85860,5850.311752627178
91538,19389.452472405228
100904,15124.546918932292
83903,11166.345554678028
89075,14630.68794193256
87210,4716.748787397821
95405,17525.837830621436
101957,13337.44680379489
91384,24143.12272603337
91816,22054.470363514738
93271,19589.673684443376
106951,17299.255178958654
77457,14837.322714213946
99216,10309.985459641151
106683,7911.9604361976235
79593,14144.63238596245
92575,15872.838828203616
106332,21586.468269216766
99751,13070.526870958216
97844,18536.254077121666
90776,11343.729862515196
107788,31297.99105261031
97552,9386.170791286308
85396,8997.58486477775
90072,7745.0084629008015
104380,9848.363970510001
108171,14805.311375510515
82534,15982.006368282338
77917,24808.761100374195
76212,17304.679850152435
77975,16648.135440362144
96718,25931.696067095843
101250,8242.895339522656
102875,19997.139946654443
97385,9707.677915092068
93943,20825.333745327633
76389,18221.339400958765
104653,17887.406660134784
85000,11152.135899164477
100844,6151.683440520749
94384,55835.06818249276
91625,20230.89959386749
92124,25192.76746795471
100983,11886.026552310102
97669,23158.767821467092
76674,19283.60091991488
104012,18980.40998829988
100742,12166.375791692079
97937,8925.085492099952
99509,24263.51667314275
99834,8820.232553425158
104037,15181.512394207566
96369,15459.06345850296
86125,9826.297786416193
102999,5597.797437501385
85473,11731.90964691251
90508,8838.410941329226
105281,30472.748472403324
90368,10129.46012173117
84029,10333.2174046169
88603,11115.626251383379
102423,7756.746688078421
105253,21731.25595907174
76230,18397.531567130784
100316,11136.31766835819
102553,10617.898404098074
76308,42871.01978059986
101348,10828.440669735679
105689,26538.571463072392
78347,21725.382347905175
88127,18546.932372431365
97320,12233.037537239168
98421,15159.146251548447
87422,11914.504238659882
90886,6759.282245660779
82580,7699.371437532909
106420,8861.11505097698
80218,13565.98096072245
77197,8906.23923525864
81116,14578.958243887542
103847,10528.836696583388
76611,25976.184049487147
80677,14249.68072348885
91546,15227.713245459187
83706,11556.410793549461
83288,9929.021841031981
83664,10279.291727535492
81103,30843.654689426927
104136,18036.547474122344
79754,26477.030387239436
80794,28853.47731121799
90027,8183.014123726511
99186,11513.760119446282
79957,12363.014093456075
83420,16049.393893251507
106971,10886.301039555216
88929,13544.45887677361
79354,18846.66848758954
104624,20289.135832993208
103631,2641.828635713956
106329,12818.206445774897
94466,23548.347359260453
79495,13007.882344560452
92262,15690.618562506275
103626,12128.28049051548
102620,9725.794557601177
103026,11668.091207983765
95440,25844.0393374367
90675,8205.4256639292
92169,19756.698794198284
85598,8752.424830398673
93980,15661.267951731064
89884,8023.994734221204
100361,10230.256851796725
95314,19058.191008413756
102984,13102.2073460814
97290,29960.904670725806
88702,8321.95010910468
79250,22517.02363962162
101218,11442.8915544929
85994,16069.541445899324
91181,18886.31956490845
105974,10879.43399286241
92222,25430.372572754964
91691,28679.84621747416
103472,7682.761921983456
90116,11504.982281518072
94185,16911.621216643805
95705,26678.394277256415
92442,8568.33706901156
83759,10933.79014899597
106311,26577.48143640598
108531,15338.48331750486
88487,7746.8858373601115
88956,12276.808383894277
80477,23042.461189572783
95422,11862.522796012865
77410,11616.44438916954
91873,25160.40854769964
95274,22942.8090118826
90023,8555.495056245412
77204,15871.908570911643
76504,19195.382463066773
105902,5052.730560602008
81820,14658.967570114706
89405,9817.155448002188
92206,15217.513407242488
79328,19117.44882172503
94971,18626.66330397831
91185,49964.389805944
103332,11984.01076501328
105983,17495.811809966464
81775,21241.563185925777
81946,24641.00142942192
97846,24521.680608954997
103884,10734.07340023619
105182,9091.554128598724
76148,25633.473612494865
99255,20949.56500431979
87785,11049.905850471892
78903,13002.479139539855
94578,22977.868487415682
107853,13013.118740791559
76717,28801.919762817368
99052,9511.291156033187
82390,34292.23044180481
83676,8745.522200601998
87748,19871.787339712508
95443,31502.31060171029
94430,16421.37123792302
83886,17422.33722283236
78492,13259.390849358053
97540,12833.243736533354
103167,16176.948826353295
82621,11084.829012653332
88729,21764.82266215409
97779,9044.189260108806
87179,8282.166392029454
83693,10958.950293347287
83068,16232.62505116
87978,11791.991923348553
77547,12844.649276068576
104135,9965.471838464295
91838,20777.89343072437
81044,17089.48629307133
82100,31568.21119177656
79196,12212.158794502633
103420,8973.054316104024
84430,12368.429270629686
95116,27433.620149740662
88758,9950.293376429645
102600,14989.853233111646
97943,22944.061865995944
82923,17624.396445324823
84173,17489.836753512765
91455,24850.089720451524
104107,13599.004904424026
84031,7742.0209109510415
103307,5064.874622824271
103516,11516.263113293207
94534,14388.011016863504
89498,18233.18723514349
78100,8231.836252991965
86728,9996.53325726762
89787,21441.54673798172
99604,6601.49688377627
87920,12837.631433955521
95679,28421.32445460356
106342,11222.829732703209
105013,9433.998863715731
94526,23324.562673428063
79217,14374.509786058792
105206,21667.639791141686
80930,14591.20860686847
101748,9574.450957571757
108486,12049.147343841325
93949,31214.291665778608
99658,24354.17653172354
97561,17768.785774731656
101617,8583.042387996633
81330,50543.61960634354
101771,7839.50842175271
97270,6427.974668674798
101595,13997.095739188697
98215,10691.311099347642
84007,13555.497273088411
92680,20667.996640326463
78992,16589.09064739572
107596,21987.95323888714
77206,14091.459533881374
82743,11774.298085369863
83701,17732.631290207864
99165,15335.245816216198
94432,19978.11483112945
86548,14222.372475911388
76397,20860.292161872567
100070,6509.36493970644
103513,8530.420992409441
80091,18959.237444881743
76782,21073.54044755776
100886,11345.66112544563
103951,7810.854717704184
87351,16196.761883677502
85974,17837.785217670073
79314,23405.142508099932
102475,12807.267702650755
101614,7577.203385795274
99033,9489.126469567263
97666,12782.033632079054
99253,9351.138031150518
91658,21777.973481371726
82007,18609.061933866666
76687,50084.19207444676
83921,12468.473395315457
92186,23556.233820781625
85865,13708.025681070636
78521,9146.135925001417
77902,15438.153478304368
101697,13496.755705034058
98102,10671.506609131975
88037,10804.968048410821
87226,5187.168792004378
107492,9675.357944124145
100723,9142.133843147023
78581,14154.089118144924
104777,9194.875251515627
95606,14653.825804228289
101145,7752.095469146207
98544,11455.087851062295
96417,24170.4725816679
102714,10565.601392811452
85830,11758.189933761601
80541,26488.755412002814
88142,14427.05119395731
95553,30455.039945507644
107711,11100.793811709804
82572,9942.05957881567
77820,56750.17976972021
94456,18909.94827664996
90433,5613.277099891725
78161,28663.12386258608
98322,37862.82288211883
101884,8739.6289590284
98723,9437.532106033468
100828,10019.020843059421
100612,13070.441023728283
78754,16482.89603434713
95053,61136.88459310688
87293,10686.010922446862
83679,16244.699068474714
102810,7107.878179462921
103021,17238.72533413126
90497,14716.356525225332
106798,12647.57258120679
96234,13015.291885704373
97962,7938.75146083892
81585,10847.603135027224
101255,9595.41967480681
95824,17753.30915449565
97053,13781.260469338045
106657,22832.273789860104
107453,18473.82213285571
77979,13836.07840950755
93717,18700.28357819868
100424,9907.47218620175
105579,26375.180104715295
85608,19658.397803565727
107878,24538.976568797265
83229,15759.875737024107
95478,27051.106312351312
104405,22130.67403465725
86681,7709.788489501566
81901,18547.06515647179
77806,13725.884188543836
102650,10184.229583915265
80845,24021.942195853102
77445,14865.777868227933
79206,31495.36734432908
105219,18212.79694392934
82665,2631.310676329853
79532,27326.50212884046
98125,6470.4001315680025
77147,18752.041979050595
84836,9826.604169036027
105376,17599.132146269512
77343,32241.974214931477
108114,15440.135696746225
94994,11717.137209798286
88610,6148.868054094791
99609,7454.03572631543
107243,21837.367567285342
98829,13734.356822953092
85362,16404.941265901594
87409,11015.010160128391
95322,24787.16577725049
86185,11144.452999124764
81792,33174.62474334843
84113,11051.572275967563
86139,16880.965506244684
84719,14994.557711974661
85120,14812.093187034186
101693,5087.023872039925
77413,20535.422414587163
77179,17563.698949692018
91580,56253.59698242946
84116,12020.441229458747
93025,55439.31730267652
105224,8488.750536851854
102854,11589.813324424602
76237,22164.015195315165
105595,21030.127656306384
80155,32802.326656518904
92056,28961.364973146116
103229,15169.409193680252
98783,11584.957322940865
106357,9766.430228918805
92305,33083.017882171946
96312,8845.024910078955
86890,8140.342439113309
93354,13609.30058073791
86898,13473.911060647877
76058,17755.908711082135
90555,8852.822346596999
107136,10638.9133660885
107052,29444.743818086732
76384,42502.197698614706
101670,14101.421960308828
102438,10789.912504949143
81063,17922.74447159285
88254,11387.982230954927
87041,10183.267772697744
84909,8365.113732536396
79053,19689.283650596575
88187,10188.04448115624
85814,11588.100056099553
106396,17399.794838286794
90460,16173.208463221292
79261,16557.87047226851
105167,17191.07113303527
84047,18110.95831666428
96771,13057.772136116935
91074,53316.398276935746
92357,25711.56140192424
99588,8883.178545598204
78138,31649.54662871568
94328,17013.512781403977
92019,13339.66705105046
77557,24729.460114035788
83024,16602.485008541928
94888,13286.024029366452
94193,29589.184805385303
97909,19052.750202628962
79111,43410.357440990934
97936,14019.84511521771
95276,38324.05340059754
107815,17100.24626528034
92806,19977.844621353117
91317,19833.524402782143
89507,21550.043337576546
97462,17524.331704584893
93693,17452.021176094728
81331,27532.020969453733
77260,50129.892385687046
105287,17127.561715200238
86064,5435.80981001219
94906,30544.92330500763
94965,17880.996535796814
105863,8326.604665462484
96962,11325.82141722524
82573,16068.289648756732
83271,9869.43926449838
94624,9577.021960380853
105014,22483.300412514858
99965,10565.601392811452
98009,11925.995317350362
108442,9677.514767076393
78211,33605.38575791499
87609,4468.763244499643
95639,15486.065268913513
83389,12229.0809632143
84086,16530.709377851486
105956,10741.200510009146
108384,5516.770134653539
99053,10390.092450565904
85503,12044.446646542505
100879,5841.409567449144
102238,16711.85376027068
107311,18984.934051645974
90740,8316.118811175978
96463,29714.07176948012
96521,26947.035536021736
100020,8101.59100584489
86048,16411.862113127776
90310,16665.709626787702
95810,12880.880743622034
106809,6941.64122575869
90420,14778.995881474155
77189,22617.774923893106
103940,11686.927770867365
99054,18799.108198001024
86669,16329.441918812592
108226,8722.171467090895
107731,16297.161646929731
102410,7280.6519742973
107012,10128.794313153125
85117,6279.084415529864
89298,8658.036718510277
80880,17730.377263158975
86954,15161.56428771959
100029,18387.133568690962
98943,11519.678714696236
81089,33305.924567946786
89148,11446.678884220622
98024,9701.569111591822
84621,16251.211399931719
98748,22155.742983652246
106824,19159.25655024275
106049,21666.090207737103
108266,16593.8162277441
98763,4944.565110613277
100238,10130.62149259458
107279,10884.895982230177
78188,50499.40750237711
90443,14417.194628750905
95384,3197.7279908064806
98928,22109.875738450926
83992,8603.191936204013
94914,18633.89189085815
92340,14988.700458797095
77677,12416.91673518276
90840,16424.86674525393
106434,34296.749537119824
83736,17157.33608398829
90022,12866.424402573113
87633,2658.0019551489327
101312,14743.24718809672
92614,26062.93131025845
79410,11617.938777375697
83220,9975.333642646541
96064,10584.282648300925
96470,9897.857392351007
77247,9738.11340687518
102732,17370.449323896686
92569,22203.15971423988
103467,12612.665221744897
102976,8353.669785979886
87220,18706.44907246975
82183,15983.108836551995
88173,11613.93450428634
94227,24300.62990418038
83048,16157.185317004161
85320,16398.62707504188
90217,15610.912500640394
97112,14178.794718520194
78246,10668.313422422762
82000,21508.23115685003
79672,12330.338217287763
93499,20406.453766911032
103355,7531.1389614234695
93334,29370.45396306582
77302,13048.730266417795
87100,15111.276480582601
92568,40168.16269996937
102148,7884.834139458119
81098,22867.645465336554
77544,33288.868096614955
92644,30681.122295336027
95996,27546.89466201182
79138,14180.312488375786
97082,28184.614962109074
85843,8748.598013248418
103831,11224.122507318692
78047,28944.819113382106
99184,12478.528721339928
83023,7904.352737865112
100629,6576.677224451275
106087,14819.887769731557
87161,13391.913144692342
97572,10258.178281246146
86106,18768.73137920015
90163,23417.230235054973
95623,42535.03119358243
104349,14512.544097478225
84422,9143.36884254236
107061,10579.896480664245
78175,36936.30337471863
87468,12697.670042289816
87136,12915.874230991525
84238,9664.640224330295
85432,11195.576580708517
85363,19107.9215930796
105017,11016.729125919086
80633,29954.690404718523
82273,28840.825053570923
76668,22299.383707690435
100970,12914.200663149808
104985,10757.40827473515
76457,18300.623268917127
102241,9007.39118673255
90884,8941.43394905065
79706,23599.809774264588
92608,19643.801061064525
86284,11166.516371892965
103990,10615.39132107882
106152,17092.972908651907
97553,17120.97757791522
106477,8805.713943924422
78423,23886.851201181507
82766,17492.32972169067
77477,50221.7150827976
97680,12103.440752024771
96346,13337.57016574261
104141,17428.01417693166
80807,25072.37257935841
100442,11173.492797765035
107029,18436.83923106782
90213,6512.7761233904375
88434,19481.489594620765
96441,10627.344331171938
80102,14902.458870054641
105520,29924.424040658592
78279,32493.34707805179
95023,8414.740590692736
76739,19883.32683299722
76776,32450.512358932003
89754,23609.69236101464
92585,16012.397543219335
83197,8947.058011032248
99947,13356.524278053268
108399,13535.680775089273
99140,8363.603975317443
91454,10405.507680368995
104130,6110.965460170833
108320,13359.526923024883
93440,30994.580749136738
105567,15148.280171860946
89460,8020.8523946350515
79662,26634.45254751599
88491,14611.452433896993
77034,16870.962196129894
90404,18559.15761483792
76014,12134.100988697226
104971,9854.882274757663
92516,14664.943338379193
86856,9036.69991195356
90648,18836.386669514362
97201,10990.183329498052
79186,21271.331738405654
98204,9226.845138349276
82568,27218.936467802167
97595,7082.8742123686525
101703,9931.360833027842
84202,9887.715579260208
97310,7149.632375157827
105498,14000.47385406085
78896,35252.41615510379
106029,17190.362948748992
90047,13995.896734857128
83277,19596.7524365064
103503,11991.643960638123
104327,19601.710105160775
78026,29675.521558315264
80909,21817.881230121613
85733,8647.327279660447
103986,14065.29676055204
103236,15381.858515693568
94181,25114.585917756394
78518,20527.65346345078
88239,8572.610731446737
94503,48889.582385488124
76074,14363.94622002864
94424,20136.94897469397
97663,18413.666045551614
82357,21340.471220004514
92631,27243.687996082943
95482,53123.532470935315
90697,15799.273912103508
78798,19862.168431116745
103348,14016.896437503407
83659,11494.934663532134
91108,14142.52861687531
77916,12242.481161510854
106086,15954.201259139274
81928,22140.347865183274
108406,9698.807382872603
89731,15353.76525680075
106178,13997.95701869545
107719,23101.77987952641
90633,17781.121444515833
100003,3183.063269813247
98978,14087.229901753186
88009,16199.538293855932
96631,14011.9776203026
93628,19641.268289986798
87288,10267.040648326443
82057,27922.223672357737
82925,14859.772522316924
100038,10970.275472101272
78420,15555.079221228107
96271,8502.411577915245
97966,15622.527912571495
96110,9289.978141286923
80393,14310.50866146364
78706,17828.57408758966
107484,16555.674834072623
103084,10524.239152994562
99792,7052.722344700291
93476,33875.387801295416
88975,10365.713371433922
83981,14635.321370615979
79492,15957.242585411672
76802,30191.946610035666
83781,6144.492415988832
95719,28253.387855836583
106177,25713.303739410283
80626,28120.179210317874
76158,13612.863009868888
91434,19406.584759712903
80463,25392.60863383211
86263,14086.911505368678
107666,22332.191391078148
94262,21925.380811372423
103501,14107.711286354941
89996,15943.05249878242
87306,8983.583915760208
82265,13984.043329141445
106825,15511.885616330386
98851,17753.700267747496
80547,28581.589780020688
100440,11045.288970942618
103194,11807.852701845002
90394,32530.004438873002
86111,6526.4389500637835
88528,20040.90157871801
86857,10196.3009529692
78099,8561.838741980575
92331,17966.2817872752
96016,19161.897101766444
91750,27655.712177122787
92459,22419.66324835166
107321,23721.268550503595
87091,10306.810560310812
97925,3963.3088446012566
81737,14895.790226606901
99093,9479.201637388302
99531,11691.397454437176
84423,11813.733508780828
76406,23991.67552671102
107350,19037.74194622931
76326,49544.49520811157
84338,24190.904284031167
76577,25483.91366487248
95385,13747.865425885424
90391,18134.705367082675
107624,23916.792276630655
99241,6634.561358782143
80248,20489.057415681415
85295,16253.373263705644
96343,9530.073410637913
80926,12295.273931833663
94027,21568.685179247925
79544,20617.116865418287
84425,10393.901706432136
105264,12524.149137574703
82643,7815.576851290761
93474,13106.859808102423
107072,9033.586948114245
83519,4494.3377268280465
85962,17054.20539234697
96932,31069.67903358526
100759,10841.268427010727
107022,6776.9471951416535
77012,36577.842064872275
100651,8624.228838061163
89430,18977.80014923614
88981,15822.477462378976
95740,23360.298822621597
101954,14680.307473889767
103408,6208.7611776249805
81304,10710.0861822607
108421,22918.124866787653
93532,20774.720378143236
101576,13897.365031130363
79931,19133.6614070905
108176,10613.118634133698
84455,17886.460004019522
106797,30132.660911511175
76513,19680.857163417622
89674,16190.382995402571
77722,22120.427523010967
84754,19552.31930542873
106492,10683.711670742954
99242,8248.811372425253
107569,11701.554533096141
94320,18457.883198996955
82637,9920.04270048873
96550,17202.7965764682
105480,19417.062443587114
100624,7856.6525720732925
89114,11563.697963574929
100866,9206.208057848638
81896,15986.376633191177
102689,17403.66156887088
97911,12016.15155852675
97099,6688.378751548904
92071,21040.954825055163
95849,44303.93318318163
102903,10655.247826070425
103725,14953.02934213973
101176,11884.782166109384
103887,10887.331091062977
80921,26543.75718625911
92266,20748.84601772687
106467,7846.303987823609
92139,25232.055933070773
106826,28838.941211908354
88193,13449.426277699326
106211,14846.34430714344
88612,16030.793107906255
89179,16198.538172068478
80004,29877.365148880966
98225,9248.858887749551
99856,20833.498493186966
87150,24039.01476924951
94786,29260.86612259254
98471,18616.03989473987
103319,13111.759876882867
89393,7731.356201762968
85789,15528.994458514318
97761,19626.81188676798
101800,11271.877397992012
91588,29706.400605681818
76096,10301.232383407847
77378,20705.61352697926
105010,16700.749703440382
93587,29853.54087346534
90171,8800.947400638159
90438,7664.761473672033
91148,17954.675098836306
91323,23719.469890418517
98577,9522.30274825011
77741,15782.982633261778
87789,15546.451791492967
94742,30256.153031348214
78295,7372.520713876474
104797,6478.022294419644
77425,11516.627950210925
96208,18428.10549993025
100731,10020.97138593872
93163,33521.45807750728
85915,8928.88085079052
89993,13511.258427628452
99626,24663.14285002428
78228,21127.143170417115
78779,11933.964273711006
78654,19548.166877929176
82947,19854.090670812144
99479,5949.630044379558
90585,15374.04334690775
79933,22072.666090963256
79287,24211.921262409436
92899,27861.432893049852
93755,28796.04696102581
92117,29438.15352895067
102417,10584.105762669275
106587,28462.214515393098
108201,43605.89115739668
88442,7509.230149478368
82673,10534.64732579764
104223,11242.569450613428
86036,5354.021221775758
93425,25135.839990042343
96693,10553.753995269002
82050,35260.62244730589
99460,7049.830572017337
81829,33144.370968320676
83925,13467.846300937996
94041,35234.41090069052
82035,14546.071991574618
107368,9216.473256260526
105591,19795.475974234756
107782,9124.269592465098
96340,13802.589838548178
97566,8741.792013953715
91719,14344.980623670339
79210,16956.657680915072
89898,9685.566790560986
106642,13644.032054883899
93485,19265.478836071517
98774,11906.614438285398
90967,21430.964041537423
89550,17777.102796537918
99247,9619.715650249838
99897,6746.111180060433
91394,22645.67150505989
88135,5662.615613202084
84111,17109.905708026337
91479,27862.163723784543
82622,7794.820981401849
104106,28686.1394194095
77050,29612.52960656931
105631,10588.772658921233
86427,6630.847845695863
93552,41627.40060001565
81830,35222.22001786118
82034,19413.70931610611
105857,20208.333891773713
91623,19972.20898475005
87886,16916.914487760376
78123,3283.2527259505223
101951,8724.664172444134
97543,10474.817679409167
79462,47208.336566781436
90234,4104.434828147203
81860,21927.106847339022
87045,5548.248533531417
107162,13687.129620586611
90414,14952.00464747702
78353,27725.256906239687
90940,28132.820225820702
104123,25572.063651059572
88330,9723.548869284888
84769,8071.186289458087
108396,21812.2880586091
89556,8908.342025450109
91348,11872.420797908955
107687,17054.657057276112
90777,17635.76312902156
104801,22164.971523388824
82951,10512.613087938033
106440,19120.565779029952
83562,9034.850644777398
95283,19885.33571882947
84042,9096.826813568932
97883,11728.585415418576
101997,8355.40131784442
82566,10125.756895661172
87497,11808.26841266911
79697,12844.752388798976
85723,19410.22042997788
103511,13299.776272890518
101075,15309.577143445642
108424,11176.935666237032
102011,13961.716077087527
90054,12418.695313136595
105933,16447.925589314575
83807,15732.682617013172
77338,27884.112063617125
96060,7404.685747636541
103133,10548.07210015107
76548,17573.36824543023
79177,23737.82991459025
88937,17407.504320987922
105216,10317.476157464343
80415,13087.02252078846
89404,4799.075328654363
99503,12191.524720844494
102640,16076.566842270391
108003,29875.515001876734
78038,12543.823405618865
96267,24940.47376196638
106361,26699.55175139961
90046,6047.5180978948865
81034,22790.171540917265
77832,21142.550321406365
76482,11783.273797534792
103687,8894.37869773412
104148,16277.805375853159
96008,9075.139289329078
77464,29899.76971468106
83612,16795.77490483529
88727,16748.223791077813
92881,19568.10581042037
78787,42888.47936007462
92593,16623.271794424123
93216,14103.6730320256
108447,8702.782306527197
91746,27530.46798769468
78670,17237.88670647539
93142,29484.72548392494
103515,11621.23298426379
101254,13036.853985838943
103532,11717.056078287105
95650,22197.947124244823
100251,14856.007909375938
82597,9431.145825845768
83045,8226.640555600286
95764,23617.62336549623
83685,9696.234205655823
108088,17015.5690239614
99800,9030.034650983456
104273,10377.58635613174
86860,7331.400770786899
103756,7963.37342460126
90038,8460.555174627505
81692,10321.313404259194
76875,12428.831327141543
82474,9528.831725603144
84165,11144.135017470746
92416,19013.084374099602
76486,13477.759930265775
83332,16928.31872592006
86362,6907.701177274021
99000,13418.123097249978
79474,10579.291242221214
81625,17988.40822225063
84416,10956.569898669797
107026,41987.7216113704
78888,26925.643820947545
91402,11868.450734553631
104996,15829.19684036045
108161,22184.915126622156
95547,18701.73248540648
81861,14399.166000992842
77574,34726.62642666918
88480,9399.992019538437
78311,32773.478236837494
79130,28024.69677331809
86087,22962.834040988473
96083,9048.217282999252
102730,5760.73597853314
93459,30029.276240980962
103121,7013.373332596041
106519,12219.00019186438
90685,9635.32126845236
95357,14418.492607864217
104263,2092.17665042496
92978,24907.19597959127
85290,11513.455140619904
90632,12386.788864092894
105283,15247.397268914745
77070,18081.354047675784
97304,18938.732660895173
97350,24696.860516031127
88499,8355.171316422186
88773,16749.918344270674
97413,10886.605493697458
97795,14009.113348485858
102571,5337.259577299869
100395,9379.30527609391
83692,17853.60518264204
88058,8992.72647038527
88108,19871.34044611679
89818,6351.498951326664
84732,13600.83823148187
79794,14386.398516148369
103320,6189.100398638549
91794,15028.772210538404
83061,12755.644050768191
88593,13852.444944980114
100252,9751.446815079045
87177,6777.211630783955
108018,9225.1247051349
102667,14441.645207683252
77541,13519.07145309088
78985,34151.937720595415
96495,12376.859982639635
91698,20217.957176666274
80282,19936.829209400526
92825,27379.241216076178
92684,26175.358996415427
93840,39550.20176830938
85266,6021.043631717367
96656,10762.970258076728
87600,10723.334300999259
106994,8005.183850965295
101405,13321.92153711417
86756,3309.6952810158027
91439,12699.204841136183
85088,9663.924802709294
93892,16801.134306143154
108240,19906.045124253145
91934,25296.448930028724
79263,20685.368269971477
99012,13721.239070167114
99507,18931.632480857705
104775,14152.587165926372
76783,19155.257448620923
98630,6090.149658134969
105799,11812.39465145937
79687,18454.523263499697
102242,10322.17333583585
104987,13384.38185354064
76197,16050.840809175847
79819,37141.77810526022
105059,15843.391205560412
103748,7855.721482542421
104789,20889.276549820515
107740,20201.34537369306
94310,19364.087627443827
95974,24671.658123872694
78991,26111.482631644176
85346,13129.472586890583
104905,20135.0471941325
84858,8371.992376179778
95021,24412.497304962122
79234,47747.50840031895
93929,28750.843215231256
93964,21984.793151643044
102327,17563.789840335143
93930,41106.0918930707
94220,39292.81927671328
97355,16189.993222678499
101356,14109.084115490998
80132,47823.52243334577
96537,9246.74319177199
95767,10197.998064438338
102780,12616.90387179912
98549,5210.85372685837
91031,30804.067454297146
91922,19904.339371423757
92327,18974.617597288845
101273,15359.301221060356
83564,9764.414816908418
93121,16752.492720399972
91848,21776.757936648803
99112,12115.595895540362
79484,19585.411990222245
83792,11441.637308988005
88337,20850.0450124699
98896,5860.255484204212
82576,19422.004940140454
85186,11019.73745710672
103570,7590.044631500788
94806,27994.42640337495
107394,8071.542695948112
106891,9018.39997216101
77508,34997.60761459918
78851,43979.13924837362
81113,24426.977766246204
85437,12270.085803248057
82280,11231.241411406583
85886,17746.50359599441
79625,26551.290059786894
95239,42837.9886547555
82313,52968.47338521149
90789,18170.307592662663
92484,20230.89959386749
88349,6858.436518410353
87936,2479.4823606766995
96057,10015.961352872191
102286,9924.715429941176
97187,8729.162279868086
85499,8913.055719221134
104015,14240.551699532432
99732,11982.705314266253
87915,12540.457411806734
81687,12296.024741616342
86009,19106.001504344367
97444,8726.790819219885
102004,15786.7045041621
104458,7138.326670440358
98519,7093.264668481308
82785,17238.6859313715
103479,19307.10095396605
100675,12454.424824302789
102764,8518.512037507657
84770,11587.510330526782
106124,7976.85568701698
103447,7886.702970920168
101681,14052.162382937304
97714,17832.8205156668
101446,14452.491356026425
108526,16230.180187844158
92403,17335.356319149603
76218,57397.781848389
81456,9924.610880413675
81297,30692.372915248587
90637,16080.972171527592
90327,8032.1477960279535
95775,17532.160375885345
89328,9395.290232508261
76281,10613.650732651851
105285,22998.83980513371
97967,15251.052686737878
103677,7295.967168663664
89371,16177.797942029185
93864,9620.269487928408
103191,7197.751931325346
84138,15736.455354088657
88931,25145.45874524742
83174,10837.470529599697
96700,16714.79599580879
90557,7424.967112394067
106224,17771.93614387549
76032,14496.945941810036
93904,10922.550202775872
83233,9995.560405214344
97166,13814.02211458591
107008,11906.003769995
98411,7861.410513584346
76898,14243.776896349897
77335,23335.297134572367
103661,13422.92931426898
89251,20237.643395413234
107278,10698.731973425447
76306,21787.429492385152
95821,32643.127013977028
93738,26873.983726770537
102085,14799.124955174082
87697,15293.434045529915
95925,18584.40314286193
86432,15153.474210031822
77843,9101.416347501363
91784,20276.755676912155
101658,16649.110700655685
77139,29444.977126008744
82509,9219.620621778395
92105,27850.842754516245
89714,12146.707707787706
104701,16763.082171627648
96529,13589.655634304487
86466,13265.40242802281
91745,13925.936708984855
89336,11537.752782955784
77392,6674.338810584291
107821,24578.263914665033
96431,8283.571837738193
96177,9213.270717944466
103091,6932.382673447235
91003,19908.519155592152
95781,18292.879221186195
96216,13456.870479965539
78178,48519.65568986581
108259,20327.291217989077
81909,8180.51064984845
87054,12490.042962566295
95949,18564.096706262397
84912,15452.780844181438
106750,10074.673150874632
105535,8395.61949950596
104790,10274.277778936936
82394,40177.83566627552
85536,10657.784879105326
88663,9985.788284483526
95114,20206.71849684656
87720,11029.688161044538
105355,6930.929766989896
82633,10449.090937436915
77178,16525.284293240024
82650,10377.237345840027
88354,18307.813501975383
91594,13797.344161307916
106838,30103.541315533555
92201,27507.439937904346
86903,17063.175212570695
91790,34008.78289448271
89435,20554.240792801404
106192,10509.407000895957
100291,8058.784711319453
80263,20007.088336903318
105259,6770.049648527513
90581,13089.742476309004
82168,15686.158896215149
78900,20970.96299960694
92927,19531.627366402165
86035,13367.688443434641
82812,6098.26280776816
90960,15396.030922866097
80564,32342.780096353075
88136,13637.643698743685
81598,11719.026347071054
84515,19160.390951792422
76559,20405.115887966356
85602,12887.045809219964
87221,19232.667517600687
103271,5555.734527843341
94627,5856.933331845032
79016,15561.886029774168
89875,16227.000094140314
89037,16293.52177901281
100203,6071.407269001566
86521,7473.166022256199
100287,6837.402027314339
100028,20409.83274240323
99993,13596.717106545851
89572,15949.747691938583
89439,18422.401878662815
105686,9071.220814041668
92939,16209.082964666855
94055,30182.101850221643
80380,22877.822141250595
99967,6130.245743343532
95543,15678.747794517003
97455,11595.658899778982
77160,13589.405145648676
105212,19394.500836255265
100236,10309.12770147045
107291,10529.264912383343
104571,9691.483820100659
107474,13373.489468296317
93115,41620.98100920769
92068,22413.04143958967
101225,12436.307997923699
87087,12213.28193908304
98133,13722.773539768687
108494,22559.798940143326
93501,25691.324951534236
99785,9668.886186281978
99377,10747.98641396216
104791,21781.905685714923
95521,24804.530745661355
98752,25359.897283030685
100191,6171.12479839452
86298,10767.768076698587
85617,9571.036089919178
101651,15138.97945619797
93014,16752.492720399972
89934,8240.223457364773
85334,14833.885472123713
97879,15820.446671937776
79690,22102.42501912682
108126,19536.75797691623
77117,44231.01726928329
99027,16628.6140151921
102822,11995.98599798618
80603,12948.712028642276
98014,6235.978262522447
77131,47955.59837474473
93449,21492.546457504293
96996,18180.220903689795
86682,6431.492416523577
88766,2880.7353495342163
89860,5287.8079285217655
103646,7343.1492718552445
97690,18193.583587869754
101168,9311.107745362557
106415,7704.318000936079
83711,22854.82616760647
87996,14848.070249912087
79855,15601.300366229676
105266,14342.308632937133
92717,42307.01761741063
88833,14339.670835333267
100290,5265.533544121229
79845,13269.55090747176
102781,17198.618207443076
80780,27630.812891706628
95643,18678.309683851632
90478,5889.92839692129
78919,45296.1275770009
87599,19593.601040741276
83576,12346.41862132747
97582,22406.492094386253
98560,2785.0882877107906
94839,15608.671037336395
79584,30344.700560407466
95009,36266.004685409906
86194,9790.709205017409
81291,15785.433341346878
108264,7839.518750183753
91618,26428.122807134267
103987,2336.4170546440223
98687,8066.147723383618
89683,10967.528370943037
80178,14175.658569297222
85041,9165.998068395602
85795,8803.114292020848
92667,26234.495328735353
88648,9956.081938504303
81003,23475.97603059015
89530,9942.644102450371
89343,19072.22227611083
84383,10985.930374780584
95447,21334.542976771478
103195,12202.016021156072
87916,9398.374827650778
79701,8261.409614748303
78939,34552.47377945832
90700,7718.820326635605
92770,24175.95366186774
108076,31445.641461543677
76716,21164.93318092604
94223,16147.074116902162
97551,21909.288683560455
92126,30052.624787922563
92616,29445.624873582747
101680,10940.26051412268
91237,34759.79151892952
105108,11740.857642984065
96867,8442.893923644126
89088,12655.34793580315
92402,22038.448325147885
94049,20075.82440372028
86720,9650.28378806197
100554,17494.015104731527
102551,12974.043418381587
88297,10458.828024137214
85365,9686.634848321497
82994,8339.83004154315
79914,13556.12938479071
108258,15432.182126264908
76068,15119.950464404172
82252,10844.315485315825
85769,18199.530412720997
90927,41025.60907370489
106917,14551.217276135587
97051,7479.025710240618
89757,7319.6445720834545
90517,8589.314990649595
100679,7372.757919876285
102698,12556.247471041685
76935,15729.218895958891
94802,30075.374840844193
106017,27273.29745225278
105400,10363.687607220421
107120,13729.334087186844
102046,10680.652096105865
90067,11908.46390560506
82781,13290.669974528819
95277,50963.73348759253
95689,23840.832219941214
105027,22079.147690224996
85236,16906.264626245447
97380,16777.08735859783
100285,19791.7777565788
98812,12702.971609230652
96265,22441.233505251206
101336,10188.387828003051
107335,18724.483791224447
96385,13208.24140680553
78322,34343.68777977144
91805,42765.40654076152
106808,11451.141568207271
91272,25612.32521319746
97409,9939.215574274716
84801,13726.063489491571
84783,16653.488318214215
78594,22584.149429245488
84618,11811.809800182024
95162,16878.91728582087
87803,14287.443069340003
92565,13561.68301355237
107155,22807.430878158593
93075,26001.33545961572
102973,10166.741603340837
89247,7693.413293715042
79555,26663.94466541141
90326,19316.383917011226
107169,17363.022101971084
79268,20965.45282559582
99954,10293.519045870948
80374,30073.160105650368
101695,5299.694250015101
91260,47239.65382084468
78376,22033.73091339506
105554,11698.303210327398
106897,17811.65462487836
88890,20660.97398012026
85043,10236.372867153526
90014,16985.7654083987
99924,10349.05787695104
102210,12719.821448902847
102041,11235.860901470587
78082,50504.935388280974
106653,8982.441333618468
85042,6911.5832888020905
90502,12902.359093153724
87396,18241.342953307056
92489,21329.554919269827
76383,14009.392897171905
82522,10511.295606977432
89906,16676.82126375538
103260,8118.010199772846
78162,11362.317402239993
102594,8212.26674068748
103841,7606.946992584667
78789,18049.05558985761
106717,10361.170913460124
88775,7257.828784084511
88109,14170.405524092308
87997,16719.49283640595
88027,17261.12580001981
93890,14867.916269343254
94101,20906.59079128328
102675,6613.035294489337
101475,10768.56940469927
80558,10508.920703297083
87171,7826.354843185147
88266,11077.413190072779
101850,15057.321207389758
99649,16257.398542036035
105512,12800.920101577143
102290,12286.663137480651
80390,22208.350077369687
90266,6726.852026014004
84938,9914.92982980599
93151,54286.86173298526
95267,31866.97637376714
92188,21739.978527388135
80014,23067.743544812103
103390,12575.103966266659
77627,24534.911181229152
104741,7487.228045547204
107297,9995.77872594724
93101,25795.667122158713
94142,18647.71994523718
93814,25041.528650258846
92300,30576.691908420555
89616,9544.292434670455
102876,10872.13819396269
106731,20759.09288828342
97653,13725.39447020635
86484,9674.249013404735
97041,11134.73902324665
88263,17645.56379771868
79035,17636.513754298467
85171,21525.68495380306
99949,10728.837171722094
97528,8467.52349945058
89333,7365.7388226245175
108420,31469.91327862182
103545,12421.63233169169
87578,10799.387961107164
89794,9332.100831561644
78220,22337.68975739822
86074,10127.156722050997
82330,20353.65216259857
77108,11892.829813932347
90682,18832.284825917577
105643,39044.546322478425
104819,32137.564127654943
98722,4719.366354978997
82464,13234.613570992233
80687,26711.2518039123
101340,5681.049956476415
86763,17128.033012890282
103549,7077.869496348292
85520,11205.352189180248
95658,37840.57773614752
98745,19513.408300028103
102751,14208.680595466569
86044,18079.411031331867
87791,7443.9732931768785
85907,10391.202047746874
82976,17245.071156695918
87738,17481.143966562846
96035,12353.715056385245
88577,15440.72194854745
87932,8150.126768786553
100197,20330.710774131596
87983,19493.96961413997
83455,15746.756829680124
100627,8665.99836074106
108491,7918.62983045186
103896,3777.701283477395
100166,19844.403413797612
84224,18297.467563814705
82279,15731.555507078696
102695,9306.609463291845
91730,12950.595837942732
91520,15994.617023373725
93441,19606.04321363014
104061,15123.944274593123
85328,17734.477104885515
78431,11634.635597093427
89987,11975.302937882598
89785,8522.472322087602
87524,11818.277004922997
105313,20085.32005357667
97204,27593.95551524405
81190,20054.425435275283
106185,24706.94690541729
90483,11612.048298234828
85436,11698.27480425834
89422,14423.220117573928
94943,21137.793558695346
84834,9844.029303746402
104864,11488.218901552082
104593,18800.4933312864
97614,8404.317330526468
105794,10246.695807162765
87647,16411.641531477202
79445,24354.33159580328
86179,10406.461173159154
80653,31403.481116751078
86987,9463.517068472476
94399,14436.382833243168
85016,7803.406837065287
97822,9840.553321160818
78119,17060.206170489226
100744,7201.882581344551
105979,10551.072590405354
99994,8061.446137569716
100774,13117.281049095485
92935,23478.963929376703
98288,12645.900848110638
76583,11475.00021146402
83919,11458.932004993438
81696,38675.89237010893
82491,16053.878145847157
105912,8370.892946383758
81324,20960.5606352093
76616,27675.630658447393
77437,26991.274478318308
87372,10893.184261643339
92668,26971.80803695155
89936,7226.770924416474
103228,11429.931571887166
97587,10301.075162536808
101465,14054.507342630224
83831,10032.853980054066
106127,16347.893933817306
81306,33031.52959622055
90977,19081.446700674
104439,17451.364003239876
93212,15427.868387212664
102209,8452.741505115375
100072,9405.068323400543
82518,12879.852584115572
103988,4842.363388453429
89788,6936.466519478005
81061,16287.016493104618
102430,6560.948981213437
97938,6559.408814764089
82243,26582.763124983565
98210,14332.719759570546
108342,20716.060631426786
83764,11070.391911602368
106233,14361.690358301365
99659,7957.010973636953
99142,10920.23283490409
98655,11299.244918496064
108449,17290.95447947873
104515,10204.290652023792
97931,11265.629362601425
100995,9512.76436445714
96070,22767.488256388926
76333,13498.011657640207
106307,11301.088317701779
92092,18749.664634321583
78883,9080.50929375729
94921,28639.566658114283
78172,32389.07225191492
96430,25048.138636205244
82844,8236.740721716913
82378,5826.158916087714
105297,19133.20074090835
95050,26342.69263979553
93124,18102.153545785935
80112,21735.748808786506
86478,10156.794846632229
83917,9534.107769916776
100721,12756.485229256128
94123,30624.794720662485
100693,12343.145906575306
106688,13585.366400025323
102131,11366.260720493396
99935,8218.426830924904
102108,8032.961688488764
82729,3247.347891136095
77495,16138.231215156298
98827,11975.00758572529
97526,18061.330373037017
104954,9497.140239138545
78155,20476.60037107718
79469,11401.646036995695
98055,11707.3486397226
102443,8981.085581186371
91468,28345.866200809385
96944,11907.330253797158
90974,19891.496051698003
97294,8410.024499994342
98347,6651.188609550212
96505,16776.721164693434
100542,15610.054319096282
79348,18916.848630016364
95285,24585.92360649704
103440,16940.04263561863
91432,23681.534294979687
84815,13187.712268023995
88959,18230.80695177923
96017,24696.711921903643
105760,10129.128798441268
102874,10611.78360870208
103528,5099.026458284847
87558,11423.182966678125
95691,22790.981147118735
106122,29493.105133129357
92479,7837.499794097577
106673,5332.69593813504
108143,31368.450316140224
88298,10133.294233023107
102149,15361.787562678383
87765,16425.995458624537
90258,12728.074272608863
96940,9331.77991296401
108032,7683.762809219671
77733,20611.99957000256
90186,7226.050924416475
94702,17625.32961784707
95120,28344.256080121064
91144,12950.9763075577
103053,8914.30610041059
99408,14872.19040070263
79533,24070.596583426406
99369,10390.540940156909
105062,16761.148679993694
102029,12718.598017958484
96368,19472.657534379905
101066,11634.619353016322
100088,6146.1211425611045
84869,14861.926040323615
100736,15381.858515693568
85981,15098.107455478796
98872,12824.402471984866
84037,9449.344710699559
89217,12589.516422697316
89775,23536.802603714077
88379,20908.146791179624
80011,24775.634393941276
80836,20460.896121751808
105215,12390.020532692031
93719,38535.06445214157
107968,16073.360599463967
98967,8899.325517090037
85591,16215.392694626165
80478,10435.521648699414
92882,17121.24499118754
89721,9367.883803139383
101878,7868.23080851437
102301,9788.798110744596
101408,7329.377506622544
81446,12857.144644333963
100045,11018.111678010493
82986,14259.233070514227
78772,21858.73807196227
78208,17473.816912776652
81689,10151.380938910264
96791,15003.42368046009
79141,12715.229455253459
84271,16194.990852845274
94879,15407.996291824551
107759,23520.867400348154
83675,9849.014997275412
88258,13523.206468898527
96976,16023.987162804873
92824,17450.547143212985
98414,7595.480543448129
85028,10297.337121004395
97506,9952.387482649674
92767,24583.39649958046
100210,13180.303182048432
84470,11529.879704804276
90627,6804.993204764317
98768,3942.6799418853843
105263,10317.84792890599
81662,34817.687143642106
93787,15753.284528272714
82688,9771.794283978012
88923,8658.036718510277
97463,9660.7718079418
93008,12508.30433296732
86807,9872.036555605922
79997,22929.02244983269
106742,17802.89498110254
94777,11708.841822296894
86594,18152.587290866435
82991,17320.844386251498
102203,7567.098956917151
103539,15882.584182725897
96264,17450.669861677266
77721,13377.896290874898
107801,14382.376917950221
99511,9755.58680596834
92801,21439.984706587715
82658,7151.938413907032
91732,16694.300831229157
76557,22514.99485609042
91314,38266.15191294471
82198,14207.027559370967
100607,15231.461545596914
80984,13404.516356423219
77901,12766.712745407649
95736,17496.63615353014
86809,19249.524772856785
78288,18950.320255719394
101339,11374.093385590953
87249,8260.139639987785
82143,33315.114052573605
83850,15621.130324946875
106952,14012.185729647737
106504,26998.839176275673
87341,15312.69478695088
94165,77813.0066554194
79986,20989.045175953375
97235,12152.889121438027
84860,10853.07714531696
94913,24160.686857497905
82439,7803.406837065287
83066,11838.755883119078
76993,27713.610078225243
88803,18167.800676904255
77506,25710.353203500425
76456,18760.760887550237
84599,7514.250115909073
76680,24623.85538030978
78685,34508.625030071664
80310,18284.359632010022
107412,26583.733586183895
89792,5445.156994397965
87421,12682.005043980555
88821,12203.497641770353
101930,7888.493975621684
105822,10964.194879677234
97642,14409.007079582658
107339,10410.104404770678
76550,19786.772788762675
88272,6094.095374277206
85777,6890.286109887737
104995,14205.598196429284
82640,7540.75213246391
80887,15898.031985551268
105022,18893.085953724596
79920,18910.62410184451
96724,12460.072745392135
87654,11840.185944866464
80242,32522.241859266727
103464,10711.240606334359
99537,10486.997982859722
92524,27338.32493687067
83634,13818.659177361564
77597,15749.239620497001
87830,18088.596259089685
87700,18237.051563604262
86513,10181.475928189831
92891,12493.134576626646
79513,12779.154187800927
101087,14239.145079743837
85729,9577.676416256718
107672,26358.775969693095
77549,31547.738973519095
94307,17296.81775994129
84500,13242.649567796587
98867,8106.779264173851
103039,12829.480763127889
91192,30357.671183742917
82205,12984.329284185073
100369,12891.340415175073
107529,15104.318302598946
106073,13996.018603690925
87934,8658.036718510277
99978,14573.770340180223
97512,19972.49241066895
78085,22549.23524596201
83329,9792.428673059065
106679,19430.891196331242
102680,9525.732745918458
100260,19066.62770532848
98100,19861.683825466014
79452,54400.48080992677
94814,27240.81825554775
83431,10330.998663106764
102298,4073.2244482009587
86411,9545.054858611913
105783,12391.36934734951
79588,19878.198429056643
77976,11215.900539961754
103387,16543.96053673051
93070,40094.485702016194
108393,22010.56185367818
105094,16289.624538026465
101152,8377.615287578776
87464,10896.46735567075
92410,28452.81338176587
102395,7877.193980749816
98531,13018.145317590415
89945,8680.903783467815
102454,14790.105903979738
104729,14160.899766175251
89493,10832.837611633691
92058,25955.261584689102
93884,15027.23989258896
87594,7387.05394378259
100891,12176.83044163449
81535,22970.9284475123
80847,27207.753579625605
90120,9603.632404746533
76004,20547.931426777945
76670,15577.78319244671
82018,7380.445477572274
90007,16426.99877348876
76604,12592.209428086047
88324,7644.800200529305
84260,15107.465819934665
104662,18319.7298997132
80740,21477.05169042068
94973,17003.815763201525
89099,25771.303112531135
89528,15752.446994713026
87947,19605.25937985242
76967,25287.729184945394
94126,24762.33210328312
92187,42975.48169503408
104140,8118.776065208455
80573,17293.31569431436
99372,13740.402794559155
79790,27834.08392385763
94392,23302.53127412173
103573,15530.270073105752
96538,9705.473802400746
96774,22055.996256170558
83631,13517.672024454081
89532,10479.032030175953
83991,17880.782323280957
95769,24580.633608583754
83263,16478.07231950051
87065,10081.755486930302
107642,14473.27111170466
85968,9249.252347187667
77321,16971.195490072805
79237,24994.125658650973
98975,27401.132851971146
95590,21294.518978909986
104906,15519.327413536934
103289,12117.997704105259
82134,18606.8241776966
108432,14903.825848925111
79361,14570.50715637749
79283,13707.348516761693
108270,10214.459849370078
100333,6350.227496744268
89059,9439.297196384161
96852,8138.6709156511615
89651,17691.678921636183
82856,5456.016213212841
103072,17218.636621123474
108315,15044.980114658398
95664,17451.576204787005
87882,15894.924483505434
81682,24711.60245446627
102981,5107.707866806101
104776,8974.788439527805
97621,19171.44970248664
100451,12424.00960751561
94393,40326.48455752438
87416,12566.245739653252
105999,8269.732250708399
91075,3004.9286841630687
104390,15476.548483890841
78471,50088.02472738252
91077,13595.56450576957
81733,15445.999869098518
81475,21874.61692832111
89546,15350.481189696386
81968,18266.867891168386
82201,19530.121239462827
100703,15961.720944466557
108173,9782.77088428209
99283,2929.054681031795
88618,8308.62814309658
77172,17148.45613347144
105813,13359.713644250978
85410,9470.324914160947
77665,12620.101557031043
106427,12888.690850145922
100684,8222.682603652605
77682,93256.53552316106
106196,3980.4321728396826
88627,23358.221094141263
108029,14817.932827673234
80142,21140.819668331842
101534,16670.163697766646
106737,21217.23955907373
84776,8266.758253633943
100686,7526.019757640511
100393,15169.915329029374
95593,19611.423312760053
106482,26775.15979197669
82594,18365.74687450612
95052,19667.31690363504
77581,31905.543543797172
105894,18140.873330232575
98981,20286.025081305106
103791,9936.468228311103
89035,18344.816487437733
78988,52591.45812607512
102284,8548.425945476834
78961,20096.130819789978
100824,11581.13642960499
80563,19644.5597727457
106006,27104.233315876067
98874,5884.835691180716
92004,25250.893662026192
76541,6259.181993327343
76087,10517.161455061936
96383,8600.433767248682
89403,10994.665593394704
85502,10859.228168975043
78453,16452.21914731779
105672,9611.250084273395
94086,29850.420282877858
103223,12360.97598472889
106894,5636.787681267941
104079,17155.75003060711
76659,50906.433047237915
78970,12330.581668834262
94467,10358.399709504121
106317,10400.411217617435
90990,19041.24686053247
85168,16160.088780916854
85329,18001.02473742797
90573,23295.077881777663
87552,8118.925836013523
106650,9236.637279129274
97658,11623.115502422965
103443,10212.356522591479
108293,10321.774992960323
106230,15163.985161790597
90762,4964.967930972735
90385,12146.440088062851
92892,30070.481098072112
87166,10796.959018597914
88217,18257.70552008291
107357,15633.052587191763
104588,15002.6928782833
106711,22690.86296645081
82117,28007.50710334084
76811,20924.543611052588
96629,13527.952562337758
82497,13553.249129650569
105204,10283.267447641014
92020,22342.337630639246
103534,11749.19741946917
87801,13904.329233407743
76388,21466.906129394156
101512,6514.287041399026
88523,13572.993255390282
82847,20901.18162996241
96295,24839.882998314766
104555,13695.514916645052
82459,7935.2531848070275
88896,11441.742349418271
98912,18810.155916890457
87904,12123.876353052865
97899,8649.270440091337
84404,11965.053713994805
83628,33683.26855246555
98240,7620.989366314982
77405,50516.20531762329
95241,20319.70959208348
86588,14902.334553149687
100568,6789.672792296023
103330,10151.84391991448
88168,36428.045155510794
99695,7920.047953258779
105415,28205.0044274565
108291,9073.902997038766
82483,18649.53201777458
76215,13294.472296898359
95883,9635.604648611205
93944,16891.276559639966
80545,13324.249726362776
87133,13881.395126004185
107929,14628.684958945394
103594,10627.090252796494
98090,3041.4284124234455
85950,7795.967258915375
97817,21395.898034853293
80349,11245.740432603074
92065,28962.05532405896
81419,20962.41995852939
103547,15580.391377639886
82647,16525.759771511217
103287,6460.495337649617
92620,22756.53863167079
97818,13049.511348181775
94762,15324.637059978697
86986,15230.60943357339
80244,14747.404904772053
81808,34020.49365375862
101955,13738.967534241387
100277,9649.718072793652
97433,10721.68732742443
101701,11603.719156615738
88891,17628.555860860262
97998,8993.366254107168
84676,6146.358241612827
85102,11620.175210212295
95997,23989.79945703844
108269,18553.618055496292
101745,11527.821538022543
94167,23905.317858124632
100965,3285.3897830801584
96695,7470.326340510277
84077,9343.553516637032
95666,31509.907481567585
93525,22913.16630587676
86442,9975.333642646541
98856,17055.513478430577
102762,11661.910951655818
91868,24478.67559245028
85895,9219.971381856296
83837,10021.948154473776
97933,24141.703782741442
77159,45161.3832478663
86267,13953.106460422543
102669,4297.095565525976
99058,28220.73102306104
83648,18336.293804503443
90586,17244.42843273757
96303,12262.147857074166
91599,26877.78029660733
104830,13609.073086376435
103867,10565.601392811452
103352,8397.124667440718
85911,16912.805449356903
86215,8791.039055375613
100026,9537.593340976864
87347,9524.422864342807
95363,15843.611071367586
105922,26401.57264452306
100582,10729.497230034573
90707,12862.826584391296
89442,10650.636975715888
107455,14380.587372608166
79441,22217.675267248032
99119,13165.470731694357
84855,12816.295983433094
95694,24673.495844678353
98802,20679.95657956392
93759,24850.401774044123
100855,2923.544127417649
93601,32993.5753031798
103425,8318.799375636148
79810,32050.02994182319
106082,11646.906256173746
96555,12092.942836138309
76273,14548.89362951654
81265,13089.40264429519
76722,22160.623635098098
87080,9475.527736560183
85477,13923.930007797706
100688,8018.300491249762
101612,7279.464921555513
107135,8862.947990533488
82754,6758.70641654683
77167,16118.585829752014
95627,37675.18199586482
77685,20106.332450820228
81835,22182.733025452744
108459,14093.188272771273
99976,19587.139439078466
77873,14535.721639859254
91574,19645.633252881606
98487,13578.679991692077
101067,5054.081702686543
86888,16304.865912342255
79051,19742.268803450108
105704,14819.887769731557
93009,23715.115915691375
79182,28428.23977232676
77226,19256.9247334262
83439,10801.358530970654
106093,18619.47089348439
85243,16620.545524401798
77181,16984.271352294276
85451,16036.8217515747
76412,44409.85066742039
87990,19979.293229658553
82077,31637.532438275262
86289,18758.414063784887
81566,21735.56012216439
82864,12375.110183888342
99130,10165.204298753893
96176,13566.451542280172
102269,8177.317381767738
91841,23193.05829992878
76041,22200.97505809135
104840,18599.65535355008
106253,18284.347023193364
98245,23792.919729500496
77039,22479.400680470302
100730,7640.018550038632
87739,5174.3926422357745
107559,11796.303311336498
103282,13163.34838932516
76646,27468.046701314786
80252,12330.042973516642
103895,8902.036058954276
92491,26043.679834262475
89765,14889.806470778713
106652,16447.205059409553
88005,8292.693162106923
99470,9633.475309437046
77069,19129.63880446518
77955,23990.150603956674
90809,8119.286032543355
91610,20978.869574574237
102774,12389.203323948806
78231,9501.01321106573
101171,7884.638542209862
94420,10040.11207782091
91378,26606.493102378805
82771,10983.67734476825
99918,2874.657547664829
103574,14177.585529041846
86799,13488.363607393581
94318,17910.666605394526
76950,28000.982645827382
101720,8948.983122546771
106698,22185.866030962094
103488,10802.920997612437
99153,17535.510372636545
104945,20482.31948548041
82708,17129.669195113205
80674,19474.49229011605
84122,10941.629066220377
100375,2244.7038730681993
89456,14702.262022726374
82974,14099.350831424907
104716,23859.24043276834
88124,16281.068896652081
101244,9469.951363785714
82069,17601.580545750774
98606,15626.53806199585
94412,30825.826685639047
106030,24057.219835584103
89877,7542.731648132225
83349,15140.622742149737
84253,12037.171183413946
79774,21442.807552471168
87259,10948.96408420056
81587,9742.553555832234
94407,18794.028824289137
105889,12949.420697218875
90829,14307.245536074008
90286,7950.856333372157
90162,13228.55556910517
86022,13528.114224073466
108101,22853.244433010885
76814,15130.683433496253
106162,21938.607511564172
106605,17455.82825407626
99590,13447.688870336273
102676,11657.65864935596
107658,10709.75001565269
82396,14017.061305418887
108051,24685.05087926146
92955,27517.572531450103
83520,9781.825902598363
80338,16499.225592212086
89312,6344.125141708998
80751,29883.92461915699
90622,7095.203896182491
79431,20200.676815443025
82870,12540.529402271291
106446,24257.060221697273
96223,7405.62358918805
100491,7074.6993635982135
90125,33754.142453378416
107869,20302.93226103914
78278,27156.121749711485
104244,12175.365868818591
93810,25011.746200288242
90911,24948.63824458481
81869,32561.730611789997
100472,17330.972077796174
101927,13206.446321969614
99713,17953.60448625567
108184,13172.9408765843
99764,7486.697804157995
101286,15643.619627927654
106534,8356.972233532866
77461,11804.88974376999
108272,11986.489999755082
106010,22493.87001191243
89193,11520.765142476965
87761,10752.79963523106
88154,13982.137875892284
97789,12620.393482569782
98271,7391.559095713747
84160,19733.460338678284
80752,10815.452165972989
106107,19973.469972561517
87260,11620.958467932254
76549,3564.5839864460154
106619,9333.394265190474
93849,24146.369791066794
96045,19059.186724551662
98306,8816.965183218495
91896,39435.98039881354
94048,19046.42349913208
104918,10025.566227658122
97720,8195.825903899295
97482,6779.1642463931075
94156,22492.73819912214
96469,9418.989300819521
96918,19215.995777189113
97241,7942.298641408978
78150,11659.364791512991
77808,35497.70557614786
103265,10121.56489541326
99485,9363.711673675502
77860,15012.010909828603
83834,18840.694361472262
82565,6249.032165657335
104344,31287.579940217976
88984,9193.174738620062
92161,18724.747666449868
102199,18290.774194648868
103723,9974.050010667168
94677,19682.799934873354
104806,10597.692744320993
87148,17025.638361268753
78411,16903.943149604238
97856,12499.151436270395
80535,20876.049460826613
90156,11072.793949262967
82176,22706.4362193744
76790,9644.667846563676
91762,32651.06538090822
78650,29503.746101518216
82763,15819.04963686583
82678,10768.438875092337
100137,25066.149388331432
78365,30220.14776165977
88768,11025.385125513863
80346,21583.793422232287
106682,17291.982892237196
97171,21487.612057722752
81701,16041.913242859326
84073,11699.470875692248
79549,7484.562869633924
100269,7879.65615000521
78466,30317.200559247707
80489,9857.792706107959
100009,10727.473215267959
78769,14661.250365810549
96821,22422.079017854594
107253,9426.498175615357
76045,12267.47666783293
85567,18446.696619865248
104651,9434.889559885129
94428,10314.778073270312
90549,15801.086954872839
100940,11965.644570787912
105608,18534.052176161997
105280,10182.477715876737
92200,17481.971581590828
91082,7773.182108352538
77298,24461.13566344565
99432,10193.90059086554
80426,7750.561727461899
100817,8184.639962220523
98552,14363.060129352129
102428,8944.014359299796
100978,9266.0952665836
96371,14468.661642069243
84334,7668.724959526075
90196,6755.1628985562575
102540,11078.018118871327
96914,7084.15392212848
100895,10027.018422018173
105296,23885.083372143985
101888,5885.245858609681
104077,6934.869701498156
94267,31891.236556607008
96803,21863.955035095565
88905,9072.507636771415
106132,8563.887386494886
104388,10898.117593589559
92704,19089.000335026394
86345,21526.88257344087
98326,54589.16419880582
98572,31325.076475653244
98754,25117.394566311195
77794,11797.436521562284
101082,11661.322190619841
98455,12861.099403574875
95796,16333.574320923044
98861,20064.968472169032
87570,5831.344192292406
91904,20216.708223026413
84147,14920.8835683012
79470,30079.923413063636
100012,7939.515027535213
78698,19596.023464600567
84929,12243.34673716852
97808,13698.801867335218
85299,9104.313326821
91297,66632.78764125699
100772,6276.8932252174045
88500,8223.73751232174
86077,18942.448277995372
91891,18336.478460638395
81059,19098.89079584663
91023,27006.925964551443
94693,26570.1909263844
83779,13112.358422529229
102323,7626.542553529398
86078,9965.383051596376
85595,18379.634195194398
78582,29976.514468804362
82311,33628.70691773952
107228,26510.09098207669
90613,15348.579657647328
102643,10198.27328566482
87044,16063.701777721699
94680,23820.15467612114
86222,15426.616781706654
92844,22323.160689041353
107625,2610.284973028135
98155,6810.028522002685
95145,12163.552549595614
79545,17547.03201362406
86312,12741.197208731535
106466,11335.633403445894
102721,6788.1497049944355
82720,8471.683206735226
89908,13194.67248933975
86593,4833.688233444604
86930,7837.355741203956
80460,16163.936110694243
85235,18936.369244383553
103331,12856.875328237897
96526,21383.248515607815
93359,15958.48353141248
104761,10537.850427632295
76684,30018.699615457404
76697,20461.16603890709
92488,19197.382902071644
107148,20941.99748805557
100685,8638.268895482339
79407,21881.966966771502
90983,21614.37696346679
80435,12849.388321540857
106658,25564.287933520536
76894,34762.76409351797
77367,16007.10536050569
80301,37733.198190251256
81032,20476.018360719645
107900,37387.68676751829
83046,13746.466388755076
102331,12939.363521289157
94376,11681.409876737214
83559,11888.261460045898
103509,12298.476947515352
76553,17897.650355623675
85897,9921.491716005625
91644,16746.582863461197
101598,18484.246179282458
89707,12023.554207997586
106964,16685.2608165479
86117,8265.813541866502
100179,12705.48465931195
98605,26451.615361135442
99719,8882.986594126736
96764,18732.838716251765
97262,9019.813171619864
79645,22120.85394972412
85785,14215.59330988932
103444,7659.044771705095
105639,14778.048449208458
106379,21378.602795623825
94283,11489.468536602153
80195,16535.869568427246
84709,18232.79356558205
106270,17026.935875460196
106321,27971.18474101515
102975,10267.53006657917
77231,42802.400964818036
82488,7280.695696347338
100406,13511.060671196992
79606,9766.676497326069
81036,14704.271210002928
95806,29157.247039299054
97217,17838.77838051766
93696,19295.599231363303
84438,9634.05686054724
108083,14821.21647853946
94109,29898.68410966503
81873,24982.99752301709
83535,10747.54485988826
108253,9471.983506324728
103572,7383.065265297134
97782,20657.334898093213
85759,16922.288449326392
101313,8755.582035834454
98905,13875.816623961542
96344,20407.35282499194
79144,15146.706460983465
93593,7561.883587153439
99886,10512.65391083841
96085,7507.951348830643
91717,25369.79567047885
100170,13901.630288164994
101760,16119.23320576516
104762,30101.74589660103
94364,15348.937513571962
81819,18900.376343209417
88720,13356.391201127928
76810,18744.69920256582
91505,30731.306064705397
91740,30462.86239390924
107115,30396.219142568436
79860,20971.37584057829
103392,9203.969965181277
107926,7600.040814162474
98206,11824.7075810851
91551,42581.34498365229
100331,13595.292160595582
76115,22667.31809341132
82255,16301.532608863376
104007,19690.13503079577
77667,6921.281137266331
97247,13037.00266455327
104182,44614.25862195255
84802,11622.478543545627
82517,5197.487073914915
79978,34280.935574458636
104400,30586.832060366105
98809,18503.98896497565
96889,17810.77541353722
106291,25096.959679155814
99347,9784.52153628438
101462,7061.5176322523475
92841,30158.76885662052
78210,64760.32888621196
90440,15910.947619517154
84119,14239.456824674733
96872,14680.811284610583
99411,7101.938449376424
88399,15148.573435663166
93645,19243.87725765482
106472,13033.91463705384
93223,17274.27897766875
100761,10226.65323322793
84396,9436.069620917302
81694,23554.538298477724
91499,53172.548641821595
86428,2619.1668372661966
95718,17622.42989153099
102532,10075.671708804985
101976,8116.567025555414
101696,8607.328546405422
98887,7086.968585697403
88660,16161.512932631917
88640,14385.306923388982
84379,13560.18626664207
84581,16201.363348567278
102278,8861.34180579053
87590,11290.117001464349
105244,21762.35110228295
85140,21723.510349591128
100212,7876.481009622173
82463,9339.688947697672
89649,12152.868533907234
105119,19586.787048249244
101138,11022.004535562635
97613,11505.629131178512
106323,14212.593164957401
102910,8075.311745558066
106664,17137.11168469546
78285,19999.774666762394
90102,11765.05206913918
96386,11134.987114565452
90800,7642.768492850754
98566,19164.82866946133
101815,13243.090460086622
101798,13880.998864407155
97728,13450.87772530347
99174,13505.965375928736
94250,18725.706330820813
88827,10402.140993180785
105493,8815.337633581985
77991,30439.999092992774
106003,12423.979635410247
102938,13965.027232343598
80815,16461.44632742193
102775,13510.145298647974
106108,8606.180784489694
86213,13223.926227907603
97119,17678.21392493492
90341,17355.490213865058
81713,24825.411362312654
99887,6873.558656397119
80067,48540.75545869857
104710,24968.81956560207
99374,13312.271864404185
102685,9885.3320008841
88454,9777.503648712358
88121,17074.11952875432
104607,13288.991124452506
108321,15735.859180516762
100788,16523.881392509837
79504,21466.49569468793
108273,18792.049805911913
94291,28532.956328951717
92974,18993.656431170304
98506,7362.181264299013
92238,24254.189856681733
101214,7593.044289157262
92872,24335.477555438025
92412,15134.189713557478
99487,29921.8098630278
95246,29275.08549979966
83843,9704.914696370995
77705,16895.628032561206
82903,16613.904464257936
99335,14327.227511059198
83112,12828.722862705885
82946,13459.799944423408
105777,14725.851030957208
87013,10326.81963121146
96752,8131.924879804045
106136,19998.681210345123
79867,34549.59961807946
84377,11616.353671912224
100807,15423.270998891101
77327,34074.718322693676
90531,14340.343217394078
80907,10295.390644408513
84019,16484.31570153348
90542,16205.18998971832
77431,10764.07043478901
100648,14140.981451276004
86836,9987.08840800913
85657,10042.080760925699
104881,20796.98378981915
87108,3007.761584803954
103909,14588.001741404407
101363,10789.644679135798
83894,10097.304780349732
87239,16540.105326845132
99880,7486.697804157995
101105,8988.634513985802
103682,10548.118766565389
84580,19374.567214850336
103278,9605.362242421521
81972,10145.55404374468
96088,6444.666166480506
89815,7844.985079382821
83189,13486.732057897241
93790,35717.90053950111
86893,7242.000664284257
85632,9164.687576298991
84891,7345.805120007253
81765,25173.031633218812
104808,10325.404511662193
78274,20403.10046028198
104323,14678.24634525617
104215,25176.263866553643
83258,16310.637629628607
85415,9302.927815388126
76352,16744.136501895442
105843,25648.610777371698
79923,9851.485357410878
86788,18727.868621885606
106140,10973.977132537519
107298,15217.215464938407
80097,45584.62315377762
84584,9897.298037791119
97123,12509.909150119478
82024,63597.69669887694
80482,25126.901685909746
85092,13749.592080978598
107615,14324.602027133185
83158,18790.525415234097
98377,10228.303195371656
101038,9441.654391327618
86398,11151.070374443096
93257,20142.13791204767
76372,21993.60165627716
91976,28560.72215760942
89914,33896.476534738315
102249,10892.628975786756
92223,25934.936164653427
96162,7994.888372794821
78476,33466.34543513115
84032,20037.361124812065
87790,10276.36993478346
99047,6732.946001478729
85743,15475.976154323884
100359,7402.532361860771
105381,20659.85270462059
87011,10899.525428620416
106016,22405.98171711362
104246,17245.299363862912
98535,4659.184087124835
101636,7338.686990111214
86057,18715.305708538155
103082,7357.533501323315
98076,6550.1061979857195
83514,9353.42785477009
103770,7857.981376105547
81344,16237.936999954683
95622,33493.87074567759
103797,2214.6517036622727
93056,25139.024685263965
78395,17894.39972146959
89628,8534.48676018723
103060,4243.951422522361
76440,21252.312949727417
91172,30576.43854227641
92399,28113.66314336241
93498,24736.903424835204
88211,6166.9648543524345
101974,5896.111015586172
92110,15095.109724062017
108282,10416.162333741058
91046,16275.68415468311
87325,17973.79448467784
91442,17207.904088588657
105058,8963.657807341788
83755,9958.765755771788
84596,10910.899787445249
86642,9276.501531953252
104884,33246.35829844931
99464,11915.71350002648
76380,18202.158724059245
84398,8303.423278494542
86695,13825.436997683604
84967,17144.72148786793
91413,42800.39527055857
104536,19994.82067501643
103653,11753.988908756275
82660,7626.093586434274
96278,17947.121100136286
104281,8571.310334747071
96493,12251.700952025078
84816,17013.464929675414
96248,7977.521464530943
84910,13319.352549218906
76150,35528.45401536668
84168,8240.423629206509
91284,22236.776108688093
95359,16209.228007454447
99809,18512.416111994375
97478,12300.004725976514
90354,6884.281454977491
76268,21709.32658296395
99017,5635.108033458568
92966,25100.03559901563
98031,11990.75285504867
102949,11642.677509278426
96793,13827.600103002615
88706,7712.223748455296
100609,9052.699326858838
89116,7932.0141657950835
85861,7001.880588937206
81217,21796.506789882806
93134,24940.45863285542
93383,22152.891383842925
108417,7378.602605946665
84549,10755.119571218616
97741,18520.73384224723
82038,26739.32083827159
104696,12136.652194539436
102985,11243.212674604776
76015,31628.9042055781
89233,5534.630928987129
107693,8991.457125757468
79543,16046.467498231375
88941,11598.944169513992
107133,18037.245492285405
84262,8924.182428277521
80022,13986.217997648368
92947,3349.7449769170635
106355,22194.49067110643
84561,7077.828764512584
98987,19826.989149480338
106383,21081.00183005092
81784,10231.758984397298
100364,12494.426375551613
107310,39431.0533154266
95690,30800.08192785388
76393,29562.041139729266
99698,11499.561803456041
92142,29235.20820670362
83931,19243.23588483
89216,9366.394036272284
78447,13249.739858593326
88380,16074.82621015427
106609,10505.694024003034
87906,16693.177812787526
107946,10895.193879804661
98084,13253.576899322432
86920,14029.034522228625
96738,13064.487311816674
90639,11819.165583700524
85170,24950.541187160743
78613,21305.153278197846
105247,22206.274937912225
90641,11724.781815234599
103803,11188.07263041364
101871,7219.933306292053
84737,9054.180781212512
88357,16498.555785363573
76060,20914.301775025706
96081,7377.534431288001
95771,18633.89189085815
90465,11902.280525395958
105795,7442.471784291824
99716,9607.567023300942
86627,9438.490154095394
76452,31383.71554318256
106972,21001.15467639861
85032,12898.19262497277
92339,20250.71672066267
92906,30512.04982270262
107476,24819.865976689733
98693,8403.900193585489
100745,14735.264222674205
93962,29805.96438835512
87071,25214.507055830352
78456,11184.939941251225
98616,7352.419131322296
89502,14890.059085692757
84812,17461.87986465133
99278,10867.295200337576
106760,30354.73705215651
93843,17768.643367488727
89686,9412.340926678158
89459,14132.315128300037
86882,18841.014849892155
89055,14141.318815780176
103280,8279.41824194329
82388,12351.464874596582
84322,19896.778549753893
99763,9783.371323204768
89240,8150.775358611704
89369,7165.1940467108225
97845,9510.596421831267
98505,23090.778315712287
83594,9465.989409835083
76879,21217.618736741257
107542,9606.891556865254
80047,21356.504331160773
103396,10284.564600483143
91511,27462.3277126026
103680,8180.295934122535
90952,31573.623764030108
80329,28404.802177279635
95213,14547.858162795092
93454,16891.547318009016
98790,14194.947585646227
90991,51678.137382819
103576,16048.562673130067
95054,16429.56160680227
91254,41106.0918930707
78354,29665.74988111068
82354,8692.960121919426
88849,11000.690119458039
89577,3702.3136175811546
92417,19322.18861819723
87390,21297.513953270947
90610,14910.421309320986
76083,27901.666509427774
81716,13610.174311489742
91781,32649.998082075188
90138,19937.253772682823
82651,8522.61702804087
97872,7961.942575783374
84809,16158.102932804703
107232,14812.12079589496
82070,13400.259861611234
98299,22297.36559837894
108152,7281.4878947771695
81894,14413.606713287563
92170,29078.843929878698
76815,12708.85093996259
85318,16001.994397756811
101609,13951.643774070331
85681,9581.927137221042
90628,4543.368784418613
81278,9871.878769804587
85022,10696.212182585516
106237,9435.344964894839
99060,13160.563649066766
97068,20183.00348424919
81590,27470.633592430473
87125,7874.856489094339
86034,6200.491749262012
92154,16275.221109658212
94085,18703.49822573216
84555,17708.335324787236
96138,18970.048447308538
87289,15917.622220579175
96099,19319.513053408744
92408,16446.451044433503
79885,25434.308746718136
77403,22034.107944271927
78502,36385.712207331635
101012,16920.39981123569
87470,10855.021789475766
85394,16658.201468230425
90467,16134.495697128226
101768,17991.300621859893
82421,12836.989665403153
85707,18206.285757444
90630,15942.941335573563
83619,10897.142042684321
102793,9937.717187907203
78299,18242.011385933747
108074,9464.386859820203
80894,49732.16638302764
107622,9466.98291773232
89930,13840.849638020467
105194,19307.12653321549
87228,8238.329277992465
87821,21730.64613297775
79921,14790.095682728099
85109,16729.5837700078
104039,6004.106949970416
103523,12887.293718175932
84724,9841.629936774989
101351,10950.134808992232
76444,29682.850153693533
108202,2134.8385289010666
92774,39946.14382871433
97279,16131.084005428664
94079,14906.79527719332
101938,6106.236201221607
105071,23356.29353038174
91761,53171.81445196803
79296,29268.202506730788
100769,11003.299769883466
88597,11347.59615049716
85935,10041.597948400731
100302,14460.765140343992
89081,19520.958103022047
86282,7027.21249060027
107202,8702.226260278157
101999,8775.11746259774
77135,21794.62340956116
99417,10207.125317764512
90406,18735.443663931415
94752,13723.297849721559
83342,12529.99359991821
98973,17011.080044694325
79768,32192.670532982913
77192,10687.821247303555
80500,12320.287374294481
76835,44599.955290674676
86983,12525.263384307736
97069,25688.956409248764
97193,9525.600521294922
105073,16853.36456966476
108405,7001.683231539413
90739,14194.65094070879
100079,19331.551016997644
97513,16805.800897002904
108004,31946.23104837355
100330,10971.805705435156
88508,18535.112833738716
81325,28082.511132186788
105920,17762.086403876358
81530,9409.785356360328
86776,10565.051838536827
80384,12388.206562411542
105020,17963.22432684217
104228,13313.6533702582
103926,6051.1614291768465
92044,30300.42830732803
107049,9155.914298846455
107408,20228.888417948678
97280,14748.75982564132
84121,25007.190128076574
107517,15151.58409725025
81847,12025.452597667765
93671,17545.019780579285
81276,22432.591313387504
105034,20596.73176956614
82559,16252.30433321189
97468,25639.56639453192
101227,8111.92282884317
84614,13749.247211854165
76259,19619.259976829253
81329,46836.483650139744
91999,26516.143432868346
83557,13754.724940723674
82819,9723.505364467479
83735,10932.564434712205
103607,6969.937483616695
93256,24381.215950991533
89255,12212.56130526541
102147,8743.457105208066
86853,14279.331146073177
76266,14613.013217856414
85025,18755.144663127532
79566,22874.55246078986
95663,21327.96775272788
96600,10043.627384231599
99798,7746.5996272561315
96922,17494.97973777329
76888,41117.11618041791
78701,29261.157933107672
108246,10312.681337224649
102309,10953.7597838895
89158,10775.704746033338
95309,19466.384024233463
90997,19701.512895220243
88930,15304.273386860772
86235,17393.345321541598
86159,9215.414202600166
101049,15912.71695886818
81773,30683.753694182295
81389,26353.25366285434
88802,10866.879100139013
85702,10623.525710442242
98780,20952.639834469
84786,17127.16307311877
85683,9989.510594135714
77857,28479.21909932832
88429,17445.942363460235
102069,11042.68272094262
104862,12049.80085092657
108204,22048.785546097086
105476,9579.99277203649
91778,21020.538116390147
100851,11547.348342641133
82960,16167.586028227846
84799,18471.036863584024
86912,11332.202567441573
101533,4541.50576256199
90657,8762.514153578026
88912,11843.048468023688
86715,16097.460149115253
87508,17153.454171401834
87984,9643.542278262392
94852,10357.111609173502
94905,20655.17095702513
76632,22256.574180671734
84100,7126.165276483516
95802,11691.047953178995
93740,42003.41731589963
98565,10415.923797422354
104153,10739.00249783427
82480,7034.058384235322
100660,10821.609418395596
76089,27303.94388518639
104329,10606.381034556744
76434,19499.328043461464
84061,16150.761034578818
92097,17798.593652594533
96236,9484.97970343451
78908,10698.053017051874
104602,11627.945217233393
102750,14960.68382750365
103394,15355.690519283258
88113,8406.156097404444
95654,27671.15671252714
86372,10655.2756759776
103110,13224.431193146624
88378,17102.424704650974
97704,8423.477417806298
90821,15693.041439989243
84901,24371.18813212371
93956,17601.985653723976
96320,30771.11154901211
81148,23281.32411809304
96461,22759.332552037195
84615,10739.062030224994
108104,22157.97023325494
78039,14775.290147602496
91425,28454.790713043516
77044,11705.262360335037
83049,18214.28961750694
99803,23326.974438316687
77693,19574.32002057964
95508,39607.88052839231
101593,11118.804012633753
101499,6318.2832230168215
88319,20356.918914513724
107344,34705.764155480945
88590,8154.903124306186
102740,7597.390017992793
85931,12846.6001573342
77210,19971.982289336225
104732,14887.692642040442
101802,9350.790259516163
106071,10731.055561858246
107867,10014.616918499132
103449,4655.069967204496
79433,28385.176856005768
94897,42747.66121538493
79851,19503.12658592772
103779,6864.875818514599
84206,7822.806264259575
101707,7410.145128429759
90924,14780.83752872639
92910,32164.471746016472
95774,43179.45714685915
78551,40180.474138133926
97038,13910.999013428147
107852,13663.904994696164
87639,7805.592893796445
89958,18359.444896627712
77096,15295.342533666117
80491,20439.98573424758
97835,9480.789251860046
88697,8373.848741833495
78196,49433.91436712662
100662,9910.792099811975
93739,10286.419877968156
101433,11849.043539133516
79620,10950.269891106693
98914,8261.120052243057
86750,9682.285208692398
99223,8657.725562088552
100046,5791.415387411781
77452,28511.523720585865
104703,13653.500984043892
98198,11268.571835999754
104049,18393.251294072288
102264,11527.995091502255
104967,16492.521215283006
82009,19219.29490924094
79345,14776.968471617869
76063,37571.471920892625
92506,18520.478227496296
105509,7449.5949704984605
87958,12169.119752531322
104150,18510.616477420066
76395,21870.25921710306
92933,22561.764807194446
105564,10124.48622356429
101877,16747.120299421393
97863,10179.539569991095
98886,22883.368914269227
108166,24551.412981822334
84870,18104.173290232902
105095,14692.588545071607
91461,18492.067593470743
89581,6918.850989522968
79917,6825.507558953974
86396,10968.757509972984
77190,25757.01773252283
81287,11093.711643531307
103138,11199.804576167882
87123,10907.855587056742
103793,10883.592775879273
93077,20336.397401040784
107545,29928.920959260136
99055,8712.73637536324
101183,8218.971326536028
100713,8258.831547921834
94948,25716.2464580893
104333,4923.474408529906
99987,8021.555386775037
85251,10646.527232505814
78966,11301.422419538245
106038,20945.050111459055
80139,23346.83296272076
86167,12702.149323134383
99261,12564.500048563963
92352,13445.941553992137
106505,19350.830507542003
100845,11399.438492519359
99620,13094.724763056834
99159,19731.728670501285
106476,24714.46571395286
98980,20989.92136245664
93289,19414.877875141163
108209,12346.558258489871
83126,9330.631779890255
100563,6607.24046328713
105255,9546.754803107071
94179,19796.71785701944
90552,8588.057578795604
91267,10586.127421049907
96812,13025.241218124116
88257,19629.56173607598
88718,11857.551602586236
83854,15587.417859339646
94902,17035.764728582883
92523,12826.307025590053
89821,15913.11186782251
95400,55664.69899737794
84369,9842.91449750287
104199,10722.024403739755
82116,25915.799603630414
100708,11822.883839688291
82790,13042.609822917975
81821,15837.935718422676
88277,13964.60105240479
81500,33598.94936173645
86835,16410.22634001546
79378,32913.721485514754
91295,28894.180803969575
91973,25335.533558048584
104856,16537.08819758908
77543,20230.552603069642
108162,8788.798269747553
91217,41640.390598192775
87896,18254.177835923245
98107,8681.178739477129
100169,10565.601392811452
90709,8771.662447284825
80086,32827.453804484176
81299,34197.298120218584
96112,19260.267961933445
103775,7125.419252055985
95669,28311.386591101673
78443,15879.054725608863
83136,15892.751459523533
103945,6601.914799537313
93010,26485.716714358143
91906,25678.58587093665
85113,12375.149706280572
79454,16671.577196423154
95079,48913.27114687597
77330,51725.13187363731
83798,12672.41283957012
90237,7849.64900130166
90782,8405.01026204178
93557,24110.60375797453
80716,18993.122009875537
103222,8076.770841407333
88529,7758.571354913572
79327,21136.768613237273
103525,6910.379962665819
77294,14274.588459601515
86934,6037.448098389597
83687,9987.320212936658
101179,11866.58093413251
86285,15811.105947144883
108225,32319.45230838052
79458,19771.371739195994
79962,26438.94367881012
77878,30896.812786583534
79980,30090.901381831834
78111,22059.920464315306
96878,19424.938922949932
91368,25837.623898873433
85298,7559.214168364432
85082,17338.039952367086
91369,21699.903338215296
96485,25441.467105567535
77644,13607.084269873321
87187,16622.976572611253
108438,17688.39310558233
83884,12674.25854616789
79694,13507.800994110119
83581,18193.186639182277
89661,16133.894031196995
91756,15369.510839827055
94344,15190.645300951985
104700,26563.867833537686
82382,32738.093204540226
107594,42416.856168724444
78751,22597.42835637124
80127,12222.76673579731
99586,11982.43858740172
79871,17654.976638698008
107372,17804.069182429685
108028,24958.27147747528
85904,13357.61595669759
102788,14075.280452972418
99942,12723.06424187444
107103,13725.815537418324
84087,8808.21686961252
97292,11687.821124210031
104542,13732.482354343976
94429,23811.402284162567
86335,16511.242077265564
82367,13746.037773516793
86457,15526.989725925305
107346,12549.412513191503
77766,56303.443591268944
94768,43411.279709811766
84426,18070.9335763255
104173,18827.45953066794
80165,31514.299234793707
80521,23829.262935616003
95028,30229.979740677412
77278,36827.48676411029
104940,18650.02138576918
76864,24179.93419379165
87845,9021.795062128629
86391,14455.245094859405
85488,3807.133748033563
87274,18463.762523235444
102371,8344.984416152514
77811,14859.786997181061
80166,26061.15105435252
85693,8095.3190285474375
86192,17555.547386425485
104128,20511.962098203425
76805,12336.97391171059
76360,13735.666685063847
100706,5577.991023493526
101318,13299.152264341204
99579,20281.733482137217
77331,24915.174086732975
107340,12453.967962646897
90662,19037.281485095085
83565,7070.870272693376
89664,18511.069297788985
78421,22322.49584065319
85006,9998.62633052379
93876,35868.245667819974
97786,16515.977527389412
96174,25299.10503984348
87729,8664.490471347744
83280,11460.55662819277
102207,15514.442755658862
100949,8361.494959894851
105703,13126.350610165804
100936,4519.919709642688
80419,30331.986852612503
85990,8687.716596027376
107505,21590.668124612406
81337,14603.70657395901
93683,30297.630189988042
94646,29765.560624610862
93987,18236.587972885158
80512,16595.300826118528
76113,20624.13575905058
106835,6963.313507689056
100428,14275.238450185856
105624,27742.582705793553
89652,12851.641516784635
95108,25551.80909361153
99206,11667.19369763074
76036,18537.38837110454
86230,9249.88711851666
84454,14525.275809893612
79349,15726.836954942983
85609,10812.808459369227
77345,14892.764304044635
78726,49028.418900434925
94445,31010.250195971286
107695,7737.113486238171
106991,16214.087988311197
79308,13206.564313599052
86486,9233.082973696224
80429,39943.069481075305
87107,18232.491984501237
80582,15010.102164636906
90386,12428.29896757648
98363,11734.552585221178
76705,21333.4830309986
104824,7487.228045547204
104154,2079.21270210073
91270,19039.335530207143
83116,11078.927658888326
105710,6556.3121248669095
95042,17667.298389668522
88001,14242.528864575155
85212,10955.16615048718
91875,21536.698579536398
108248,9194.697919261309
106378,15769.188798123434
89950,18027.298824329617
108165,8286.439930331539
83958,12375.097820752777
101582,6029.050762516532
106377,13601.944304306886
104057,9700.857463191885
92245,33145.467216314195
91187,29623.336283802317
88022,16823.82660024615
92561,18466.585742566695
96757,10025.972202496669
104597,32854.14667073005
101485,9202.149280462723
88381,7695.77315507136
103776,8319.804045447714
91215,28868.948046073907
103022,13526.864993114108
101933,13163.786715624115
93174,29442.279500643046
105945,7306.170170410176
78879,19413.358664563642
82065,11432.67398426005
99235,24803.634909085304
81250,26428.07876933475
98942,20595.74309033117
82966,19882.168548273465
81141,20599.968171539727
101325,15389.623473252253
82470,9417.698438682164
79063,31113.054663649065
95324,37938.00960581372
86407,6429.299077477698
94026,66133.60237611228
106390,11649.926781967673
105069,21465.22766932068
88045,16510.34958568217
85356,13234.0704875953
80298,25139.265257992603
78479,11935.652164750463
98197,19434.133422045255
76490,26274.05120535482
77678,30632.174338372002
87021,16301.331722492629
107215,19277.313825498048
81404,31214.48868168526
84641,13788.872188528074
96328,20761.446970560348
83845,15329.690319794374
102745,7665.335702286245
105081,9956.869074634924
92135,16261.545906775302
105888,22364.633252747823
103985,10910.865929157404
92091,16521.9288556728
88090,18338.503401085847
106712,10269.178669560908
83446,16478.38862180102
84263,10564.08565867344
87277,11031.490388948345
90625,7258.5899734584955
79466,19958.70642741641
77287,7351.028043108834
91628,17676.019525955635
89171,20193.507985464297
78750,22432.25280774749
77085,28673.411685699586
80877,23217.963263041962
76526,28562.985912056567
81085,26411.853436832782
107918,13377.102658899115
89072,7897.383006647172
103832,11261.026266988634
90495,10289.382446948626
100430,7764.232419433663
94346,10306.501901054771
94350,20004.576205665384
85431,9608.560827833995
105851,20434.648326274335
106969,14003.402938038607
95370,14587.030622813816
94611,23197.460401069893
79129,4547.161158173999
76596,22540.030080869466
93211,22193.79756761161
102753,11631.225652439698
98370,17497.806674141597
90773,12147.530130061083
98298,12437.520816375156
98150,7716.667912514947
101220,11919.898939404073
80802,31458.154455852367
91398,19347.211028500373
86010,18425.82711968437
81267,44396.95768119721
79745,17509.85064643604
105864,21026.17394436266
99245,17895.47721770305
77308,16067.907843815654
85341,13246.847263459877
78845,12448.183443405911
78542,13059.860993036064
95408,20157.92160711168
99562,7726.294464361366
82748,16306.58409006363
79419,37172.53530981011
107846,12297.126082320854
90929,19366.657445934386
77964,20227.340911602885
95902,22962.01572663773
105576,9356.174301765208
94067,26122.908875552843
82322,15272.316515240414
94533,13134.554350403649
102326,10212.693469050319
97048,8608.15452146892
84908,11323.220437050708
81143,17039.362832911804
90090,10231.906262820246
93029,19601.886054928524
85943,15478.009112133504
95392,18354.390678868265
107057,15922.19264942375
89067,9274.46169179678
85202,19762.301815194216
81457,26190.10062952062
77074,11482.700065606945
94378,20916.488282784103
78921,15921.73305561296
80414,26527.966850604444
78653,14484.614702987712
87185,17705.1476218144
103928,9560.414069529683
77930,15916.32804636388
93057,30621.78277314386
81986,27069.892576804832
87505,21477.11549901841
104258,5355.10869372471
100795,9681.569712819062
82702,18283.08947082279
98156,14491.356324057722
81155,26250.112071344458
82204,10524.077792933005
79859,15512.623826484643
79501,35231.87977886769
78998,15823.850535410056
93846,9155.290812900294
83490,15814.779788896165
81890,30654.400477562853
78672,18363.827821398354
79310,21982.072276526524
81889,36239.80994128581
84975,13192.443302757938
104001,19651.491737279946
90374,24686.389883289514
76586,50248.31164846283
80099,28464.672436099278
78984,25588.368321183254
76198,15223.964768397696
106595,19444.55229814577
78327,16077.472080727983
88954,10036.734480406878
94710,42001.402056402454
82380,10431.932091025948
95780,28206.25613434538
80440,58123.02932618501
103715,10860.62815650069
94371,27014.79243495701
105793,23782.689748275236
104941,10347.661311667678
77499,11920.833782175781
79776,17186.049382010355
102456,6906.523218642467
87034,7646.319730990555
98570,14394.853901255976
86294,11715.517899828297
86579,12959.531668855021
78767,27450.411252511134
101407,9188.127746514723
90427,9483.29336123749
86604,13373.97643415011
104481,6667.556882579943
102055,8761.033928520803
76565,32040.583684769706
101769,9404.76754763215
86849,8194.235654200013
89128,11943.03067750958
77119,11671.34986078757
94623,24027.386498947486
94988,23812.23639980976
107071,13782.31504440032
106724,11981.370810334096
79938,19962.613498907587
98217,14205.137776620195
96660,18835.860623508124
82817,11620.01649048
89810,8773.629576820165
108212,11098.109893113136
82851,19331.19868463512
106739,19551.743148034053
98224,20357.674694805504
79457,30933.112542521663
87381,9417.217437780235
89127,5697.125083481418
79388,26954.920164351064
100705,5970.500577623701
106385,12265.8419135004
76142,27323.367279953203
79007,18000.242353655663
95972,44311.198961358656
100737,7800.546075762771
81958,28009.38156434338
100805,8647.199869356376
81226,11463.526193568749
94857,19228.698813086514
103193,9576.188493834468
80622,27864.639300084073
92116,17571.578598714586
108228,9514.511356796365
84744,10380.772906800998
90654,16168.198130828598
90551,18488.060945134133
78428,28358.868074070284
80781,30906.255602013556
87118,36425.69316771618
90187,10533.689458730998
76110,11309.722656736336
81102,20158.336969233707
89957,10235.602360883437
103585,9148.533945194346
95786,24638.772648449583
90883,8089.110617097694
94705,47911.027550000465
98890,17889.752729085067
91766,30817.465407125
95207,9793.563474950815
77002,13196.256311643227
98428,17228.542902400317
85456,13345.111070977126
102472,15155.156561187727
83021,9548.6139014613
94063,13399.15425264422
94665,31954.012171410417
81432,22405.34471581494
79825,31308.969624819612
95008,24988.81359903886
104634,25772.550838937346
89960,8382.369990723648
99162,11204.831017707967
99269,8736.27279002387
102221,10834.646365174622
88075,15652.75702943537
86981,8045.841078803707
97144,10148.300860593201
95073,25496.848986998128
107794,11145.39925210383
82837,9337.14250235404
76265,27458.849760654924
102416,14382.048595479808
106292,25805.394796781096
94162,22462.744075004164
85715,8480.36194342987
108484,28215.70420188875
103120,8660.640039139642
98178,7749.772708647276
92208,9517.719850007968
82800,13372.210869397508
86660,11981.229906977691
94811,19332.789784086373
95020,12796.026764410644
103339,6465.966040520636
76719,16648.422723856038
106391,10002.205967260943
95855,40980.939247416034
107989,15089.348245838064
82154,24062.09415723112
77767,16561.85568264217
102776,13111.943318507398
79642,30132.65021139662
77306,14210.481856066106
98007,14499.060243370353
105538,15174.73253081032
84076,15059.528578874691
77749,27714.621485472984
95734,20782.732206806293
80602,17392.501718195483
100988,14501.826195211843
83690,11684.234809100493
84882,14160.265738520617
101699,8227.50145400441
86025,15509.77236099901
104331,21731.383444004452
93789,16980.296068002615
100427,11236.633730099711
89980,6947.362940819937
92989,20706.68415461127
96820,10107.229636107526
76354,19112.3803515186
93143,58058.36177252581
95045,22842.21059218245
78135,13008.999701568873
85841,10592.196709965852
105453,15725.838022990816
86843,13433.117169593967
76450,52270.2689936678
94878,41724.81368119931
85792,15599.26922001129
92518,20941.91062845068
91382,22695.546490465247
91966,41216.0420720489
95486,19468.105566990154
108090,19746.09006596193
83588,2500.4435834879764
101240,11068.930443648565
79797,30309.98270143789
101978,13864.52832961866
77559,10316.044477349704
84171,8851.27167000241
84012,12485.939076595727
78716,20273.874959686807
100485,8454.173020719398
98908,9120.506539717404
93238,32014.149979417485
95809,24785.038423626927
107070,24515.70935345013
102546,7849.345128149354
104507,23995.79280296882
92943,28149.567656468054
90241,8127.0813289205935
79542,24254.17309545818
82510,9421.053139705462
93255,26013.917199993633
96559,12229.644954581734
108483,18603.19572983352
82288,23564.11451853689
104480,10897.390159386894
92328,29991.76070610206
95793,33009.71788858515
105673,13457.5273789005
95841,15998.41939604354
98338,8824.898167379866
103579,5760.307386667554
76861,21719.092500134593
84414,5450.3068045038935
102508,6552.873799532028
83622,8819.021270490446
98822,10973.6375258822
86291,10545.049745233078
84831,9520.937613764678
82626,10680.560189822838
105508,15685.565829216814
77130,28701.493216803796
94652,28417.201141366655
83243,8889.114806674257
80908,54169.173149054375
106139,16201.615692802727
91617,20319.14830814825
83524,15089.829892322086
94486,25842.447354544976
106044,12766.274739795905
87195,10285.943079927221
77450,21330.785354041505
99239,12069.23511044896
104813,20721.969717285374
108254,10586.20566595736
105150,13755.965034792449
88390,8144.05155163932
97902,20344.124610084862
101186,7977.321471251516
79116,23274.51986824444
77214,22578.123284405094
79298,5816.092113407379
91370,25882.72841889568
84827,12111.188850274757
107282,9903.883278680643
97678,7978.089334685554
93570,14696.956085567643
77654,13691.869459849046
77227,23250.420382211345
106789,17554.531237845007
78869,20492.452086592395
76531,14937.050381965566
83469,9958.566904723015
92278,25353.40277850158
105949,12172.097283905028
89026,20377.30341411786
102066,11023.068232018886
96352,14774.900811453223
77819,30169.438580117454
79655,29002.68383052963
84059,12205.732811163929
96541,9574.199477888811
89319,7418.656406497848
107795,9534.999344112111
96961,20690.22751543308
78158,21077.421361432043
77428,24636.79917393227
101125,10221.208738839026
95105,19356.391539571825
80306,9909.95938151598
88903,11166.85501896813
80574,17775.328624277958
76321,27602.869328052915
88786,27308.69408428915
95682,18442.87040153729
103135,14337.631989975618
84241,15509.822160714408
77809,12841.358272013831
92926,33574.2119464801
105895,30221.338407862993
86247,3046.006139310122
103470,11474.313071311293
98865,24739.28744484117
107363,28914.325356900896
76516,21716.924171485738
96506,12326.968110152286
106306,12524.690202780577
89093,13783.521152535846
108123,10445.064662094264
83510,6453.584121417214
86792,19874.6798654272
99984,14782.724627336887
76508,22632.160865422167
86580,11933.847410081113
88428,11477.46599831895
103922,16543.186719424713
96703,26107.416525844492
107626,17191.06808958789
90100,7257.80943346415
101987,8620.728241159126
88615,12926.84918946604
100138,11555.318347216942
83743,7231.488230232497
82321,14985.232287560919
88594,8236.34328398988
93842,71120.08181559543
89350,10734.038965900603
87643,15485.73575431496
105892,11860.894749645207
105711,15065.019854435868
95657,25890.351247658782
96330,18697.509018636112
96906,12812.864893165312
82247,20373.71873639738
97125,6928.564326167635
101306,12680.539884115262
96708,15161.1374342527
77250,17192.071250954687
95451,20893.684650320083
99405,13025.748859753166
94758,18808.287487481004
101101,8941.832300550623
77643,31164.82376579386
90209,12892.094403404659
90312,12957.202069955181
93955,19489.848873859068
76334,23126.529806572224
85190,13205.564328966268
97992,7079.8560598057475
92748,55771.33433787996
79843,22837.497055416068
88769,10152.120421892772
97453,14389.02794384658
82550,8912.855912834979
90775,12007.54238189955
88190,10576.91431977881
100712,16817.45625493697
77237,34442.350326946354
78997,24304.205751850626
105656,19915.801681477984
93368,23826.60443981701
93469,13223.62761121597
98426,8416.33189410633
96832,9277.901638990013
85322,13697.334166172206
97139,12175.520243023715
78678,18679.560255108172
97821,14352.076518612834
95410,13796.807292153355
107358,15755.246726108635
96750,6293.949926753787
102529,6006.607756017903
76433,12908.161188010563
101626,9611.20854760189
77790,19770.1157028609
82932,11631.745433597263
89517,7109.0928175866575
82905,13822.879062383938
88552,8150.5153608482715
103006,14851.484339418526
88811,16554.257839330763
101734,9951.31929853978
99230,19943.217587876847
106537,19879.858630131326
107114,17433.67525273812
98513,15608.573469424326
92795,29499.22794669184
98563,13857.713520710658
78599,7352.707248446635
78911,21295.82863747598
84652,13381.614628029862
91014,24572.0447468038
90901,15846.728854116645
82041,42469.94908091529
79218,30355.71260680382
107371,44862.82123700468
94767,20892.799196486394
91910,56767.0968868082
103462,6958.89069314618
77125,19883.136889545403
95567,61144.368142376705
95039,27439.830185427327
85065,12221.677683312377
78252,20416.809966419536
89580,16265.257161768852
96742,7457.52697650341
79876,38598.42996614347
94674,22122.491834391414
107822,14845.402662611783
92586,15358.63509036256
78107,21779.265560793363
91241,23361.836179982634
79077,9419.447016413185
86212,11521.380045481232
107527,16723.92743759954
88056,8428.78022401353
108480,13612.752938811125
77620,10722.142825151564
97188,20450.082745352265
94979,20467.490711575534
105541,16166.28999514546
105852,23148.02002450353
99182,17299.248425546557
91355,44949.92520031631
88516,10994.640302624484
76101,23232.57726999088
87097,7460.67066723781
96299,9049.952798812074
100944,13828.019669915771
83995,5635.38075104583
100407,5382.921404938154
88255,10030.270016686336
93935,21450.69967787729
95442,25206.337487296605
93571,23944.630858746918
78642,57275.56835860369
94545,29422.269961158458
97746,7644.530529363742
96419,25524.706242291973
102851,12387.180502243787
102356,8814.534947301943
94962,25226.3852120414
89175,13646.533106919758
104139,10216.701434548855
103395,10768.25628462377
97017,6945.448418868983
101358,8900.375100332947
107417,10266.501924942768
97977,11734.250956274638
86765,17581.25802877781
95743,24830.928337467332
97804,19229.59376761477
87010,9440.308377292236
86791,9682.0112530578
97486,13295.647039062815
81124,19106.46417773534
105391,19733.749793496452
90275,8373.347771631546
104855,5651.366092512732
82804,15248.365117220805
94810,16907.41669339516
79517,43954.92873320279
101826,12743.44727231366
89848,17487.24296693383
90432,11815.90906498683
83070,11326.016863398168
78270,11320.398582597172
99275,14581.173728290496
92424,26957.053451325643
103334,12707.33437722433
79160,20613.948479076193
98830,29795.937314856343
87956,11749.104751719948
84523,18437.075241527644
78157,16630.466730825294
79460,20459.459183788214
81918,14109.308938668184
98433,20519.008380767307
104582,10077.557767095703
80046,46689.94142075738
82135,20337.169119169863
89685,15964.33443410329
100990,15451.792834954871
85624,16507.81842025659
88293,9774.056603060868
82215,11564.128802212012
91261,31699.52005042823
78018,11426.054691481218
78266,16584.81797605616
101074,7791.371536706095
97075,19130.61429454799
81806,15237.25542139522
80743,20395.937814705583
95234,22980.14539089937
100410,18465.038803519332
106840,23049.834598667287
89637,5984.65688854978
85382,7499.097326126751
83832,16348.969175786404
108331,7237.937224453691
82026,16041.468555794181
108448,10479.375642476776
90028,15641.394698307977
107663,26801.06390684722
107477,15386.219528179892
93709,10200.480310706951
91327,41959.86233645578
98548,3696.398611637953
79064,12959.191066433817
100670,7697.776074155932
96494,11013.479730340276
89974,4591.717701237672
96107,11702.242368348365
78151,21256.60568033675
79304,19956.339280108576
92842,45761.63473318432
87813,10521.499279309723
88762,18215.298244138205
90399,16873.839316641373
78756,26892.349519733452
94019,64266.56671399925
82073,10989.06005587891
91846,24093.95371205404
97414,29735.238438194796
92758,18941.067266629452
101342,12666.956600069865
105987,21024.016411196506
81349,12112.149712154234
103712,13347.46736071206
83627,14064.721039743199
95247,13816.129625430374
92833,15913.95866789006
104587,16262.004844080042
93265,19731.962727363945
90518,15154.771062916563
104256,20880.328645345588
80882,21748.498531241334
108148,12216.708229386148
81385,13353.893003920084
87860,9959.310600750203
107638,12992.588497878052
103947,15992.49317117632
91049,43664.58684268395
97916,6852.463151702112
95433,21602.585133631736
95871,34721.998966289466
85779,9082.196840427017
103360,5973.20087514843
80203,28776.360044948684
88511,11045.859353660775
101672,11593.882160248551
82992,4275.572910894815
103889,10506.26352177835
103630,7510.018461925439
103366,14429.343543733623
97200,8309.296525846277
104563,10384.551703294639
85824,8701.971481742767
91924,10795.814744932351
96499,13792.32186376139
99026,15824.52912379651
81965,28933.78553416284
91604,25517.081238478077
77552,28355.979765995355
93750,28804.528391981297
78941,32393.50849166879
102717,10153.264033452928
100534,11629.857023113022
99036,25041.487160518325
101961,6524.531681335022
76940,16440.87645914756
106310,16814.94140201657
81520,32873.70349976249
91800,10384.232389173487
95707,17920.62472841457
96395,11664.227280714475
90505,22178.805285874874
95284,20161.102631205787
98094,22360.02483911579
97884,10064.382812393613
98933,10912.640704307127
77664,38420.784015366466
93941,23893.029084104764
87812,18241.97440005877
81266,20785.691857790338
103825,9492.265783173052
99494,7017.528885681608
91256,11708.145995681243
91703,18864.17202618891
99971,5749.4201428076985
76631,22164.015195315165
103612,2580.5350884531645
98611,5255.680012870778
94591,26470.972923576086
80518,26005.582154904576
94000,33465.79204998957
85010,16773.857986423332
87369,8658.036718510277
86714,9783.126268692393
79985,13018.715716860792
88051,4089.7898267356545
97065,7065.274674309863
91307,19236.58119358275
98365,9368.382357996305
76522,50160.677316584086
96638,17562.513656506486
79703,13205.500299218482
83107,10800.677735563231
79104,18950.61045313621
93563,31343.638905147345
82599,7993.293158514612
83486,13956.930707421476
92895,17229.47522972108
108343,29487.76550151936
101774,8379.157354654744
82612,17820.404352453188
86861,7333.376474332058
101902,16439.912997660922
82973,10900.093863289905
89872,6003.667085304483
105616,13731.070759321487
84876,14118.3545041779
105133,10739.05858747633
98877,21883.121781398575
98515,22415.88706835551
98327,10972.34036548748
106633,12809.347891417427
82505,18093.58995042569
105007,11356.813576496814
97269,9549.371570843645
78140,13579.579033746899
82318,17776.934441867343
92993,22358.70717004568
97743,12132.61180140516
87763,9717.804479635715
104942,11976.518309314797
92045,17144.270889657717
97767,28844.01247338384
108348,19269.2271158863
89665,16983.037172844048
96862,8449.918292465996
78597,14086.25487339785
107574,24895.74140203689
94460,18651.9673419071
86944,7520.5711592065245
104505,30040.944126888495
94837,29340.170531119722
84576,8232.289248764648
82427,7032.946183370286
80054,25376.02074322169
103504,16722.82756969338
101400,14576.90425757498
95904,24090.898275771047
99877,9117.157786032181
87554,8197.164683844734
81180,15909.679686972418
101239,14240.846033418728
94258,42402.394765617224
82942,13448.240920918504
101204,6777.531569946904
98516,15212.570742564016
86925,9715.632768866608
104724,7126.196219277194
84627,11800.84054775583
90133,12513.101741625384
100320,17060.029193142338
88358,15550.648862961578
94280,11891.229019336806
95334,19433.72081025145
95899,27362.922597537316
87270,17597.258006300985
80723,21653.329415550837
80469,11933.330003819858
80280,21586.561377268856
79493,10921.111989411114
92221,15802.70835640176
88547,10824.113828163605
97994,9917.717121859709
100047,10685.024649562845
96172,7457.2286679929975
88933,13713.84071341821
107059,13031.905372244997
104280,23312.90436325945
94714,21537.7185194863
88671,23858.45547204393
102414,13897.702638221706
78051,45956.229589562354
89512,9854.231723602392
98524,8611.568616058457
88047,9444.032530366258
84441,9158.627995709905
78156,22569.680448854266
78648,14282.347495810749
78364,12182.349822458731
86764,14183.199348587996
78495,22579.56159445693
94609,14973.69253052301
83449,11273.315310299324
102392,10658.993017458792
102455,14937.819928262268
83713,15546.55221745791
97475,12118.546597824055
93371,16410.784592365962
94199,33673.210530977936
85023,10621.683145169089
95338,13353.444581288186
90965,41818.05061379547
77195,63221.04197844931
81875,13471.06753282874
104416,20470.80275381521
87203,14540.429575582519
91239,25874.82728794251
78127,13057.821529129724
98386,16731.429887804847
96497,10937.830258140966
83232,14538.72377250644
107692,30278.223988176796
100734,7954.91028419503
78271,30158.47790053382
100136,11082.123027764062
86004,19520.166736911346
77776,27991.894636372763
84950,8428.312144543144
84323,11263.838189945656
87033,18051.691396827042
94088,21298.831750317146
100594,15034.161478103442
103071,8643.750254266108
89791,10072.211588254744
97852,11783.977017682268
105601,10530.031457507233
82003,15318.914545823314
84872,16336.366621243855
82701,15857.695710648097
92469,31442.80761366197
92873,21922.13072131739
82114,28865.600756106825
101316,8320.743131064008
85697,11540.71302637962
100885,7950.041331652631
95305,19477.566942627123
93741,10172.814263994445
76178,20013.454074994108
84999,18710.665097086054
104143,22182.379703545233
105483,12364.867090873042
86136,10542.819350655474
99292,17582.648047350034
95024,23310.21151962035
107831,9362.4452604517
95035,33727.35836454433
86842,18754.914610385636
79511,51485.00695675157
99852,8360.607232949713
92478,20087.07864472192
93704,16006.521508044634
101664,12169.154864022623
76931,37544.20843104316
81674,20501.00196042882
102597,10089.709329584459
100630,5986.505906204789
76978,29702.895275593153
102490,9798.681215657625
100842,8121.528363540635
102990,4237.268617470763
105412,10560.487986518521
78744,22219.05864872592
76082,13578.393417419915
82773,12964.7353203719
107285,17351.001988386164
85211,13475.630316507422
101093,6881.628925390655
96626,17994.062555009095
103089,5742.975621916261
98149,5369.324444474237
89290,8540.880208187134
104295,9920.517678960714
106958,29467.278594824522
102661,10538.336501610778
84082,10195.360989979345
88521,24283.104180326103
78312,35667.69379280604
85481,8115.228645552227
88961,11940.110914386965
96432,28838.78539460322
77539,11019.088616086934
88374,16468.728562568114
102919,5898.417292757798
94335,14742.922927252097
85305,8168.237637526511
96360,11760.35481531777
85471,8815.217846284546
104566,9330.91792119694
102100,9813.36096900886
80170,14930.222053129806
103347,14837.78551097913
87487,47771.710476147964
84090,15615.603028691628
100034,17944.451526887555
86825,16545.63485544168
80018,47797.15072500977
102611,14652.481017190175
102665,9604.428147995017
92920,21509.796182042868
89381,6949.562854267977
105151,18529.177765134184
84039,17117.2616449884
102217,7811.578042553308
102388,10479.764023768952
98820,18582.286879472987
100665,10843.742931507573
90384,33796.46517338574
92859,10360.771425766168
106356,9904.534786530208
104723,14648.668777632189
93244,40786.794988985035
77449,20146.330453406776
107911,12227.711249578122
81721,27781.076870392666
85237,8169.655608488469
87601,18587.648434240822
98578,13209.867738118422
80704,29617.54954706252
89078,7595.26948711434
92042,9560.46362381192
100450,12670.884834722396
95304,7980.9251475616575
76023,17046.372560608674
90609,12934.45593535176
95170,19192.17296354299
96870,10043.882324487984
107247,27045.857136374692
100484,10356.898049765781
77659,31880.09441645398
79832,31275.651355605212
91419,6143.990348710715
80371,20332.47590730682
83386,15759.875737024107
103919,10847.231066342332
95201,13054.037378400697
84155,17560.600922551126
90743,10010.35425434406
104381,22215.91293641316
89097,7099.309823282487
102033,5964.077458433312
91725,24446.452564269533
92999,17532.692810199267
95835,18519.20130559642
102206,9975.378853637118
101763,6869.750015496881
81377,16626.964265642677
105683,13462.345964563012
91033,31561.4095212003
103314,9616.097076865737
105070,8304.085446349329
86950,8987.400453693906
79171,21995.633257223246
81227,19139.710152660868
80197,14683.714153126084
92037,25233.685609132892
84688,12671.040419900852
101952,7766.076485702904
88604,17561.67844353688
104058,20792.98077190385
106274,6378.2879459212645
84985,11012.857663771101
99085,6957.8343092943605
80801,17817.195044006003
80233,26129.680300004846
81000,40212.229759876696
89057,16259.981308146995
98382,10084.56814359247
106493,32048.559198250747
95057,19928.53630051502
84556,9654.317345591287
103037,16048.562673130067
92174,22969.03878174749
90920,13657.897661823388
93409,32313.84161019617
87113,20047.431907446706
104981,41281.52217502258
104556,14038.218433830567
92782,19179.980436442587
90546,7163.748409457244
105506,14340.116443929175
84787,11958.04556803868
100399,9871.831024258878
105911,9163.822701057827
101920,10424.663838913082
89224,14421.283951024065
106787,31337.3338480779
83083,4162.690926368763
102399,7073.076120503203
77196,3373.1429961386507
104889,7175.1864193762885
79598,10215.577040223696
100540,7711.43754433999
107792,53218.45659074099
85758,13097.358808128976
79333,15768.149419717878
99351,12743.695029671022
86706,7757.461304587894
89547,15975.017192226522
88092,18256.476861308005
90348,12024.627639416762
96125,14977.627178465103
86921,16849.981629651622
76903,33796.58254976662
95539,9806.306066461442
89841,14156.996387708678
102771,12883.266813073355
87174,12316.482799439005
81975,49958.47880612795
95289,15949.94846952321
77318,27940.355221781025
76955,14062.534436700202
80996,49143.5511040838
87707,6203.459442838918
84519,5852.422381343742
96833,19273.050682121535
97584,6924.452367080188
104697,11553.876881719592
85510,7782.343371363658
79758,33183.92500629147
99502,6226.239662049812
80725,18398.091869100917
104108,10384.702355733565
107802,21597.649542567993
84871,13072.191528072986
85817,9674.668118704347
95473,9511.762916002026
85629,17112.41064166224
99641,6885.321153359546
82356,13459.089405035058
96335,22131.94339920871
103623,10297.974197560818
84233,8966.152308521416
93708,13747.508470744799
97947,11786.690008767711
84368,18160.36376045822
92108,10663.243015262193
86099,15789.51183149895
95173,23844.29169125058
78389,26792.5385429233
106219,13471.757054838907
88823,16142.158732403552
95608,29919.97733660833
95876,32336.46297959522
86433,13646.482590919366
95515,20576.124462015396
97503,16702.398739074288
89163,15014.700487081962
106479,21537.103002138658
83722,18480.609655404875
80644,24159.275775504066
86002,19520.347524634446
86783,10786.72773379833
91928,30854.292926339538
102142,12070.193781930027
106024,24781.597373387507
76022,15373.715237377792
95221,13290.773652791353
105051,20002.109487334128
99939,10120.357684967452
103202,7294.689956272036
104770,28877.050664698705
88396,8203.36648625174
93666,28535.127758266273
100763,8740.874356498012
96842,12359.034559911614
78807,28288.518517224486
85559,10958.950293347287
84384,18298.957638456104
95619,27304.80546887578
104008,24098.815310855643
98379,6802.207434176941
90476,11277.724951284656
88845,9992.656104066393
80296,9986.79812401465
88294,13277.635526446169
86733,10672.811911217344
101515,8317.023431275471
107440,9642.318195361036
81834,29266.81579271024
94764,30741.098435667034
94968,20892.520568192398
88218,16740.19886595667
87863,10589.127326735264
104019,11165.832591801802
103369,9003.90687246552
106979,5867.590225960707
89717,7107.0216773604925
94504,4460.588552521728
85722,10683.79695441407
85311,11100.12309900733
103162,8806.028251761913
79834,32880.034692037756
102283,8595.537423737036
102686,10848.423837901399
85834,11534.23963763195
83633,10696.723393247046
101178,6575.376804346017
102859,19203.827144573665
97691,17664.13905486135
99575,10506.761371440984
81921,13336.818994484729
88114,12761.649709222713
100101,9449.334166723644
101736,14048.88005552183
92763,16596.243362023073
93514,29920.24532893032
86322,15022.224406524894
84924,16338.391484381249
85898,8420.202210624653
93419,28772.883149593665
88784,11046.133724294143
95012,46461.86544343953
81858,20215.610873013942
101610,11700.169928866875
99190,10054.76459685368
87530,9128.01797514725
86979,14542.085243458368
77670,2416.7152840925264
81123,12298.522041880493
81724,10680.086979714115
77870,11559.954834925118
84193,16049.380311136709
105928,17604.637208675875
97607,19755.265462685664
96063,29538.966576236628
77962,14157.29897735871
81560,30683.753694182295
100204,10148.18166730397
89185,15481.519377907689
91744,15521.58986677996
91470,26571.866606581894
78412,10875.451043581688
96222,16848.966289988206
95148,25985.751909768478
106039,12883.214368038636
79352,11186.106210263719
96602,6674.486080180921
102798,9564.427558797266
107301,25347.202165109582
96147,16675.95715970249
87382,16446.10359556596
79907,23448.979326771856
102924,8319.459436177458
78012,26537.288705256193
78333,16441.83774491292
105989,19752.559003101735
90607,15997.34373322751
86110,11428.360107863478
81540,22370.984985660314
77937,19487.7376431408
84630,18055.798734073072
80988,41857.384266001354
92519,22669.23756674212
95795,10872.280408339435
86837,5598.389085447765
82642,17491.165582485337
86017,11786.679244872517
84772,16021.059795075083
103962,11036.817583572
106264,9648.018265972438
84934,21587.218769504987
91598,31365.279504157996
104102,10124.652183871704
81261,5416.06085772261
78425,21152.243167601722
96508,9510.768568116899
98668,18436.839873494406
93948,38268.79544446405
82909,13841.917809476414
91514,22179.78505360446
100969,7377.558259044178
102102,6256.552882392163
103465,9807.533355401963
95072,19408.07130118064
87535,30998.618931166457
107564,6405.82133171793
103297,6357.486784536685
106528,9636.860288594647
83748,10381.353508020113
98195,6621.419719097621
102113,15929.661102183412
94277,12864.70446314119
93160,20031.225150427807
92063,27559.314835245797
81037,11418.511320250349
92602,51115.45491339884
93096,18116.675095762723
97243,11109.921566423556
78019,15637.12950058761
107604,9100.753799774768
101438,17058.845272507417
86439,8884.683746038074
82300,20582.514320284325
105142,12835.463712424373
84429,6132.388432417554
98958,7627.188451898827
92197,22308.644662409264
82096,27273.015759700673
81536,27887.234061478342
101623,14760.859106635222
85596,9869.99457900098
90600,12129.409654610321
80089,49631.771139942866
87224,10484.890695239279
87685,19615.66691284622
90958,29224.716568647473
81004,20405.211490642676
91667,19568.394201107007
77877,22540.82486284853
90956,17544.90589944428
87744,14953.532796912783
96817,11311.887006711355
97163,11607.63464333042
102517,12509.830598842445
83356,6460.995813635944
89415,9610.569520633217
100153,8714.899603022548
96024,20168.880011430036
92043,33476.861441023764
100495,7962.920767797254
79653,21282.859209979924
88149,16565.249074068037
98022,20799.003015191
84983,19650.012984008878
98394,19203.476195075018
78062,15719.309501064163
83656,16513.10613683869
93963,55400.83358252099
81988,30197.47523197844
95992,27198.696803986066
82620,11215.725636874875
82149,14990.885685715004
106199,9639.947058997399
107884,24408.692726117322
106607,19052.818400662356
84212,2742.6112239651698
88234,16253.576029411257
96712,13769.168987167428
101058,16707.768680065034
81149,29399.334485914285
92670,21309.703981771556
101383,10493.31964128157
82563,13257.208026434811
100600,15885.51352364389
90826,10466.68561131145
102364,8141.954323336297
80759,31124.104421227526
79628,18493.596656193626
86113,18554.47541338425
96607,9797.17763542958
96462,18247.489875901127
88668,16321.602157248826
85575,19461.90660240538
97718,10580.808194202034
107322,29853.592765033
79948,52019.94298887637
84361,19610.40325988592
77092,21627.386624364804
82359,21853.66404893555
87495,16632.84007278041
102966,13798.61333708418
104309,16986.193270411648
106312,25096.71511105443
85152,13660.749720549704
80835,11492.47495875352
99488,8860.632344969476
101023,9908.736845183948
82295,20682.5631113342
94330,23325.437249642284
96446,20718.64062317329
99608,13035.836453960585
108305,14522.996605674138
106512,16487.647598136373
104003,9472.995524832902
103550,12258.909553325095
86253,6911.264657247238
88355,8819.23480113936
101629,11114.190957293386
101460,5460.017110058506
87820,10977.630549749894
83140,11514.85447014215
89804,11811.927887601867
101738,13070.441023728283
101121,15610.054319096282
81810,43809.34301754073
102106,6518.228057173039
80437,9143.933641499105
101463,12094.775012503116
97919,8243.825848929317
107407,22105.312357653092
76258,25536.80624321092
100626,18728.618173749768
92755,20111.93920269345
102655,7892.426239284493
89223,16173.358733826593
95180,39554.55257912964
96372,7277.621710183074
84089,11188.519800225245
82203,33677.90412590201
98785,7490.516201317099
95930,19990.328937029688
92151,19487.035697634914
105149,13742.245598636722
104517,7997.725715355356
85727,11060.935666507634
104769,10080.937804400319
106796,18743.816844339024
79021,16579.581351109304
86121,9320.365281924001
103139,8202.828432014778
87918,9215.648097874322
80634,46126.37993613143
103033,6796.40292097476
80019,15529.225180050107
108035,20773.34467585282
77891,8370.921618097658
95749,25299.364077783328
86617,8049.958502412739
77709,10597.141720290145
77952,14121.37493234006
97083,12626.212108531445
78040,15893.427084180383
96041,29388.72317812605
101843,8337.506603401414
103016,9780.93243978006
86049,11825.406231954054
98228,8442.695207833169
90554,7538.6294106681735
103311,5157.268648632598
80418,19777.579408652793
81866,51104.88523771124
101259,10263.16319841403
92909,25505.598646076356
79034,34714.049247095594
77129,10284.419995347826
99018,13011.143625313109
107391,12356.746874183988
108170,16128.950185569785
80664,27599.119289110495
94438,53154.4036440726
100436,10763.213769184948
107031,13217.402972493604
103954,9188.734980654655
78892,12589.687500001322
88505,15525.456852638663
103329,11114.966999123102
88345,14330.885528008515
105950,9975.071097443699
98331,7642.430977783967
77666,16996.638530233344
95383,17385.63350805602
108535,12355.621342857967
78705,11977.267716363749
79597,10677.36943350029
97585,25752.835046167398
93832,24786.373967937303
97348,10858.159073150075
87291,16702.391481754683
96291,16119.256673596936
84851,11991.930221809987
105338,21289.869422483935
84514,9214.07888193442
105830,22621.149490621567
78819,11503.725765208006
79728,57023.44159705332
105993,22344.16844247893
104822,24327.833548191968
101141,11103.573911286832
82728,7666.783299348471
83273,5282.113041586271
107233,14468.462539866287
81943,38145.045977447466
105637,26435.362496333775
81203,13394.628307776546
95127,31867.785168402443
79994,33442.31123092715
96025,21594.860577075648
97390,29476.11435077355
107522,17618.94157276189
99674,4077.36086035669
83001,19896.778549753893
94573,19089.124053335803
91983,32103.894767487614
89935,15782.200702004944
83115,8388.54740064113
108439,18160.44409246717
82297,15944.450973288762
96542,12006.779646032108
78269,54619.148818059744
104124,11154.85079959462
90435,12927.207495360453
97520,17049.67985941555
85468,5952.6049530435275
83566,10003.759057001142
106890,32574.93455075391
98124,7078.250064546923
85866,11624.236267612445
104379,25540.20968248111
99616,8552.900759074362
77346,26738.245424757002
83668,7906.159171300771
94488,25270.067369487944
87494,8909.796619184184
84099,12476.470274487529
78345,12207.79990135633
95626,17368.258925135196
91044,22144.90578085591
91343,18876.415592625017
99823,8859.55361081177
97197,16052.902783260708
76399,23612.91547358529
95484,51703.08517809535
89728,20631.334260893225
93866,13391.248427295304
94053,30067.181117394928
103190,11862.54985813649
76312,17770.595651526288
79453,25178.7551735892
99956,12432.988922431789
96811,32781.36166719221
100537,13959.309747332452
98142,3035.8045554121954
106900,17575.412191246705
89474,7117.269235818352
76696,11546.40699572438
87479,13464.374242530963
84806,10394.746547452303
85385,28112.811912248028
93372,49799.988790964584
92860,24278.972021231606
105267,27909.181627282007
86951,8784.353995619991
79622,8859.524576425853
95103,19796.71785701944
87138,10643.764605164202
91912,17762.826268195473
78932,17945.816181806204
106494,12036.411377222494
91645,24278.84968092097
76102,18949.77330312061
79636,25008.657048418827
99416,11911.226329580371
95715,28358.44330025095
81323,23064.65824564771
96273,9569.929287304461
95585,22528.966588700976
91885,22393.331037064854
80762,27272.420232591125
79167,9400.797872833262
87173,10622.628509415788
92719,22989.778816717753
87482,7197.84313950168
95215,22880.768467124843
104054,29569.6775139058
103066,9912.410140255499
102449,10152.984537810225
93985,25799.699106672513
99869,17468.741504270816
88347,14179.736496539743
77208,11598.70631228019
79376,15589.675626892147
98451,8729.304093745375
88983,16882.26381887525
106464,10697.852284161496
89146,16679.10768421393
105833,9794.402999435602
79242,22821.20893287504
107738,10284.4087885033
77626,13819.182560328503
77415,16504.648930197985
82458,9949.531345223446
80995,24178.57703958855
98434,12658.953459574868
106938,23007.562533754655
102349,10860.994087180807
85791,15143.198720407707
103622,10346.691698230201
108149,9567.010754852037
86450,20238.485474547193
107252,13342.088430225358
76034,8426.889965203933
82259,32281.904179586934
76581,33371.36140342367
95499,28289.854667199994
76648,48342.82857504949
75992,21378.339785193006
81407,18886.672323233543
105954,16501.72295570111
97001,8984.789524155185
96179,10066.39050399275
77616,16343.856618570362
108142,20448.502158675718
89107,8107.7167622993875
108236,22086.03924840196
92520,19528.90048329056
93186,14637.253456258426
96171,12965.445865495538
78460,11797.303000934282
85417,13421.895353100776
100064,10948.04197533675
92393,16797.453199057254
83360,15423.382374853343
103935,11058.101476110603
106977,12855.227089878526
107965,14416.870392234896
91921,21231.176127625127
105002,10686.065429955035
93968,23187.109633407857
83088,6887.500435936936
92707,24446.45824088609
89001,16995.721293847066
95856,22453.399676503806
88962,21707.57425975212
99828,13361.910175302542
87980,10955.41802084374
103861,15270.292768270512
90588,12104.11686569963
91508,30283.6711678571
86131,8332.136976463564
97249,8622.972295297654
88232,16300.566832439918
78451,28985.85437547245
79773,19845.99110773322
82873,7525.622534756011
104116,20792.98077190385
83673,20507.892189799753
77622,35908.20105683419
94936,18975.791486786275
93795,18610.682549493748
96084,7487.080477928615
105406,13439.737905833426
102280,11134.841120167492
83867,17238.258055951475
83621,17257.09562501219
98536,7238.346301706789
101889,9962.193399598957
84479,12314.302113864627
77956,16845.998653687744
99484,4731.749058726794
82140,10500.709437215475
79005,35691.275581394904
77513,23464.55335805047
92211,23755.17135631176
85245,10871.128797827287
92239,19710.98350462562
97205,5267.607304963558
84822,9912.383740824145
104413,11169.528114398448
98704,22577.36156833914
76724,17945.790422341604
101457,10762.493425055412
85487,18282.319692076308
107392,8667.074630845658
90712,13406.51118743998
105823,7365.240176653248
100345,11362.960004098932
104219,13063.755711158674
90297,7054.057366432418
77122,31742.62187902763
104805,24198.810459321943
94490,32487.96863918558
99948,7668.860195100914
103562,16130.42319736255
93378,13621.841583561209
92288,13011.022842569255
78059,8903.27565510683
96096,14353.52647150289
95732,11398.552567210689
87817,6495.820366756131
101084,9393.588429320884
90506,7921.355446718514
95676,15895.542368425758
90249,13582.08318061989
95932,46217.90363621723
103254,11840.710349549734
99286,7531.420296689831
84918,13813.681212897718
97397,10016.988491205238
88837,12096.05516686399
99212,23574.854522713893
86421,13716.905368495363
78337,32431.72361017537
76020,26977.544003631858
88038,10605.813910602668
91409,15328.358541373602
95205,8342.283138405763
108031,5921.303783307674
105386,9346.114440753277
100613,15655.426951091156
95685,21917.705277464825
78731,12134.702780498508
87310,16449.638903192932
101113,11138.70463727312
89077,9973.326471478678
96672,21587.884937613042
86775,4546.509623712148
79262,27622.318920848575
104469,13363.966582778909
98351,9291.081302950653
80728,19335.94645346543
97386,16769.58925135498
97417,16160.780030090473
93911,22248.984297685292
99842,6723.358588044135
97191,17305.217910162013
103152,6648.1334081608775
100093,17040.27714163778
104319,15058.137008210746
78419,22601.561870527614
106929,9478.46608533335
107427,11160.157943466922
93578,17895.53422596698
103404,8543.562719959291
77844,22802.239379797884
98068,14196.20340381419
95709,51970.70525671996
87946,16517.351363978854
76391,45943.93048673113
87096,14034.177744518925
77186,25909.8305789052
90698,11938.868127070122
93367,22626.254648449343
83133,11103.66611046534
97840,12262.00167985152
87605,14642.58570910761
78472,21940.51293856924
100925,5190.82939889556
99596,19585.36424743367
86081,8282.231218296642
105725,10961.857979216697
94362,18877.35294406633
88579,10542.631906583636
86705,11881.101689053578
80813,15615.207813878838
78885,9201.239209945541
95548,11572.506932505677
82342,19685.67104153557
77011,17033.963279667776
83904,10563.952860291827
105485,10970.447113911652
107922,14742.665196645557
90200,7001.049756463738
104534,10653.320795962169
88664,11191.795915407383
100499,7569.402612230185
101035,15875.682518354643
90482,14880.99364670464
108068,8549.79475245217
81709,34172.2374801484
97618,8424.939114009141
101931,9514.199215507919
100284,7636.638008604239
101027,14970.947094204492
96674,9879.370649459031
84856,15886.118725120261
105326,29804.73162234143
102491,11412.556444611702
97616,14861.409657083645
100667,15927.672140944762
108197,11068.095915281097
94844,28593.044665333367
104934,16419.973436897653
94116,27582.49192520592
76214,21510.4189867567
90916,20947.47638280141
106013,12357.849889601883
103429,15629.364485228418
93335,16433.285407327614
99260,16720.105535914157
97043,11932.93751352776
77925,54885.29058093596
86716,16241.068949993154
82230,11876.328690575005
77567,40643.16444480029
108496,32045.76101502244
104871,21336.751134794038
77957,11948.150040094692
96401,14588.9980383447
88284,11637.78214078822
86845,7354.567680035762
101349,4628.6197145975075
77015,13893.86438291992
94471,19932.737962474544
108380,20543.117398453716
92533,31193.22445900011
77756,13351.040971995844
76035,21415.998170838346
75973,10123.093893524836
94675,9674.967571959965
79435,21076.04967269114
106542,22986.235639156217
96546,12814.420202233738
95946,19391.6575711963
93188,22782.09547360323
78117,17408.226326305146
102180,6951.105896403313
81825,17428.728615174852
90050,8023.037131763512
79638,19199.162486726647
87579,12742.273819748063
108103,17708.940897782308
76578,19631.954356950086
79112,16544.230604866712
95959,22244.651018142344
78244,18038.118011693507
77851,36566.607485764885
87052,16760.178964473518
88538,19224.46452190738
79011,23839.906576048616
96381,20251.896211658594
105358,14470.132179959137
92876,18922.21918906445
87699,6217.445969751829
90203,16080.362401758079
77001,18008.706814635447
97974,7535.90413239155
89985,9205.926702851872
97810,9897.705703402202
107459,9643.135089696554
104861,17820.098787822644
82516,9904.335952712336
83497,10958.950293347287
80194,56819.20107530968
85730,9822.107491629064
77914,27867.846950527248
88779,16712.30417301621
88366,9860.429875367718
104300,14143.9898905281
84300,12146.840929551941
79422,15033.712121241897
94910,27635.72128060508
108386,24841.639001832056
92708,3315.7060678281155
90802,20069.134478874123
104397,21402.827118033016
98039,13666.94807393336
107887,22950.07712179467
105290,10261.326403190149
102575,19141.40708425828
105040,8871.259717828416
98430,10202.600007379822
80499,22964.731707524017
101694,12328.630587180569
76386,29558.623240308632
98181,11821.830035390056
85340,16819.597211192628
90766,16770.61270456813
93472,16867.004144077477
79927,24283.67299476343
80854,21224.01886477147
100180,10300.73136220997
84437,4993.518545050788
83358,6779.611707815791
93108,25236.867922754398
104330,12465.474188185024
103518,8467.264368900656
89006,15910.374176014544
101611,7151.373173222604
92226,21252.87521336937
84798,9689.40476723424
92840,9960.445953474413
106054,12635.740208512627
78261,31887.038905458867
76071,15569.927986776773
92246,22774.186506366186
92296,15634.573496123103
89469,11155.275578337532
98079,13997.323136913923
81294,11096.228450246212
96301,5008.008765612107
83888,11177.196295471347
87403,8407.115861692719
92192,29833.24838712511
107592,17553.53824400846
77496,15532.62826473587
97447,28460.01909815081
103131,10168.173772220378
104590,25838.92345304626
97597,9693.410567121602
82167,23102.44955450354
91027,27649.281909204212
78607,34676.152444978434
99587,12004.919723587338
93937,22957.881817871137
100307,12070.784872452128
107613,15899.089938212941
99773,13362.051040554845
90044,9116.178568347721
85578,18421.77432697005
77103,13052.104259946584
91386,23947.797622194117
98955,16169.955300642014
95927,23739.578950277555
103188,6591.1693178471605
77389,68694.54668836003
81822,10912.921427700043
90768,29562.168975755012
77594,13274.355993098316
107085,17714.161481232135
87692,11854.87304856466
77813,8683.775013866943
81414,14268.45277324818
102900,8906.456430752243
83150,17829.41553595193
92414,29214.120746586534
105321,10769.379160403827
92658,22724.800366937226
87160,9192.08360492547
107827,15846.91597324858
105790,17197.69086736567
87463,15768.408454556009
91532,50406.78719665462
77459,23682.225913015576
81593,12320.809168818681
103719,11367.168155253572
102291,8459.292348496068
77211,22056.33791131396
92956,19568.99952278236
86578,14919.059792008527
85882,13192.516379548966
82082,17733.52354782167
91811,29786.13489308507
82036,29234.207742997376
76773,18625.219879773143
99406,9758.67605163093
102289,9222.428854999445
94402,20967.253185723057
98621,8350.19859003678
96476,12847.566245500191
93410,13833.506320225164
84989,16362.026571089691
85123,16599.414930122475
88492,19512.0312850728
95128,25612.650345405935
93047,14390.45654645324
84587,13866.910467151241
94856,25252.903214801452
92247,22181.373805292624
101052,14101.421960308828
82940,5211.580243208951
97756,11302.805075003416
98444,21819.486071871674
77869,10332.434166925486
96694,13906.796458826406
107101,12415.416724985698
88276,10960.608904458399
84648,13224.656524267115
88011,12088.398905326469
97951,17184.63907825428
77288,24387.732296167487
104937,7473.370235679505
81621,9843.8082066351
82049,36892.25958113647
98553,10306.040868049911
105056,30520.397344851815
80914,45472.66366170599
82440,17439.903436154676
94927,23983.908315142817
84303,11514.859009629738
85533,11579.033139135332
97576,11333.34635872949
82216,21001.640356243042
84279,18291.748448414397
80976,14313.990583663512
106097,21020.70890495698
83074,12650.891821845942
87581,13688.399418054832
97210,20333.16537169732
90785,11127.867214104712
99434,14503.32726328682
89600,18032.512017332625
103809,12829.6016943868
92260,9859.239154906363
89667,9116.118716747676
99310,6176.715118673994
90375,22531.700664837645
89468,12156.668449574918
94940,23047.595884263344
97747,6604.4200967043125
97570,8888.054371574633
105994,24048.872654335548
93145,14540.262403709212
94100,17300.851031363814
103226,13413.37804987417
100167,14863.13368510484
98138,10771.98195801615
101043,10060.04827480448
82078,18102.314357475727
104748,10819.04300711457
103881,14914.30569993852
86774,20336.623482762552
89857,8346.43952171834
97150,15771.73025769218
107683,17376.717117839027
83708,20925.567179395584
78775,12402.858050841474
104200,25196.010425079046
107581,12392.570477176207
99756,6644.049631343748
90210,15476.604842411878
78027,33707.88486317882
97012,13313.922350488314
104010,9450.634501527975
100639,11270.739203961064
93792,13146.980733819817
85574,17545.93532478002
105066,10549.096244516832
97307,11346.142539745115
77243,44190.010560532326
100661,10260.25162382865
80825,19642.592658915877
85856,14243.406788206157
85793,12667.477451288278
107091,18210.72112220537
85836,23672.64393522706
83887,10925.872768608
84721,16698.666358443603
77636,4853.589125693673
76905,42874.885976894315
104895,12713.326174926802
86377,15300.268134127806
83076,16831.56121187536
90124,4296.480378794665
105661,12248.86738445549
91631,7049.709737825438
79760,51032.5038086787
100714,7569.177771840164
99231,17641.67617004203
82805,16700.470408793844
80714,30623.758942675486
93820,26199.03956279382
85373,10124.310037041621
95562,30112.64105548264
91723,29322.712172882686
91501,22451.097264593624
91222,13011.022842569255
97984,27769.469904684913
95047,53738.68094872066
101181,5535.8811738935465
88389,9238.665806334266
86999,28628.513681999593
85255,19941.581038396962
79093,15784.789981119484
82409,17780.801674746894
103128,11330.718405076661
107027,12733.836483456816
108081,13754.876659356363
85698,22972.31952820328
84249,21329.126949310372
101719,7478.587270699339
88643,7222.520943640303
80972,18246.969841481394
106047,17376.565162724895
86779,2172.2132716218266
78587,32129.42155552862
90179,14406.802990442498
90972,9943.907370196875
78609,22282.199833664235
98324,7631.952143687817
76446,50817.15240103186
86829,13479.17500923983
87796,10769.780623324674
83650,15706.891946945949
81411,12694.708158547477
81963,30386.913319093353
96782,20271.325279071905
89718,8835.5856425386
95518,22296.736722180685
107293,8138.031929447446
99739,9504.27858199248
103956,12417.76478814926
85946,17596.46457840131
88532,17600.60498424937
85713,8108.02546976295
78184,19028.699002862515
100234,6346.927791303797
107715,10055.226170891154
106150,17216.552281074903
77266,13480.306112425824
91067,20675.48115346699
80869,23241.85093592536
81462,12123.668507991155
83382,7509.451054022357
92915,18167.442718359194
81139,16534.24769349781
96523,12814.88025302723
107090,30093.76934233204
108117,20146.412489168404
91742,4731.4569889816075
98340,12777.380617711491
88371,16129.224826915131
101031,5916.827244773414
108430,33673.08960182531
77740,26972.526381131
87861,10790.422361959096
84746,10441.205620650948
81252,28446.719317162304
81933,15316.013362303403
92153,21004.035644298303
95485,17084.073743740362
97686,14466.526476067094
107452,14805.311375510515
95477,23987.93636700167
95752,32462.896063017248
99499,6254.237735021687
81223,16236.004179395182
83589,27425.254819304206
81497,27235.976768262863
95884,19995.64890418124
87806,11205.091451314182
92330,19997.34374063463
84558,12928.582403238155
82990,9662.057926505053
90851,6409.999345500189
96997,29884.212531598892
90278,14588.045530088817
82417,10671.504660038001
100247,8043.713966362356
82239,27587.255681881146
76975,22155.10646878012
102948,9611.48199637382
96929,12776.00207978514
107088,14228.058918417215
94670,12784.516152609152
89862,5345.893408747933
94506,16271.737472114211
97696,9065.755698474888
82696,22299.889878191945
103767,12822.573565379817
105307,11853.0742649771
106510,28089.913786030684
88316,15883.7096054203
94321,20986.679250955993
96595,17433.134121398052
83223,8376.489834795371
85551,12138.606259364662
96007,12033.418138521518
90296,8726.629374929356
97407,11802.511625068602
93071,16068.144511732708
97275,7741.486707141339
86827,5353.429257817191
99759,6548.037732568347
106689,20600.461578827126
103062,7267.709046916951
99657,12827.282075909898
93428,27892.15500454583
88504,17762.082810758362
87359,12078.561884208862
81906,16496.653110994448
107446,9680.454230476329
78926,37460.273870687895
97871,6869.320367808029
94202,14234.79890788485
101216,12507.51064355969
89614,16035.082820534693
82929,5253.892504472378
78710,13100.305524729434
104966,20123.843126292504
88410,13347.70599903062
94382,19623.46794114102
106319,47029.437946202655
91212,18628.38715073332
103584,10125.910269753675
107593,9543.789188903416
100069,14911.611681398123
97293,10516.423918295764
97085,6076.2621836433955
78830,15788.086312760744
80409,13791.245166537643
81079,34589.73216483105
90437,8036.370719844275
104169,30284.551595841156
83432,14177.068304210687
86630,15451.445844084692
100678,6260.498999626844
92564,23841.667140821217
86007,10889.72093245376
84102,8321.342795827777
85324,19783.05263488766
92796,12229.45973963345
78277,29087.065256727008
91813,14553.486742376648
107896,23906.83468033617
80598,23189.731644012707
93630,21769.14010963367
98016,13924.364975369366
79518,50059.90348347723
104016,9916.153366915625
90069,20198.66426524556
108485,8489.660172845475
105556,29889.721064671638
107276,20616.404625799736
86409,16376.929360923494
98131,12281.403923618707
95165,15713.62670544744
92954,19484.131607564927
108363,7769.679670383569
107775,16546.54030853173
98806,6488.327473689106
82105,18006.920721538143
95777,13713.038110726347
78794,20368.31205759719
77994,34468.607164515575
90061,12159.412200160425
98353,14528.927764116193
86777,11941.0094681416
107107,8914.16608782452
99207,10884.95730962131
92441,23623.15680224385
81253,21521.594710278838
82071,22684.570900849838
86304,9509.314729048412
78529,7597.571264736014
100606,8787.041385339324
108524,24087.86293275256
87772,20612.692355785457
83062,16547.421335247283
106197,17647.24699746195
105773,26590.14022825941
79317,21680.52172383403
103930,6969.675316368099
77486,38287.309233929096
76154,30158.09026677082
89324,5453.058399294385
98354,13275.949756474614
108349,6769.474819575648
108146,9474.64060453633
77826,22244.405152107945
91078,19039.109982026308
78136,25677.146016765164
107463,25674.711969779513
100749,15941.146636728443
77223,85821.95955854625
92513,22718.978033720552
99409,8560.025606579884
94380,27348.390339504414
84791,9780.380209170109
86042,16819.971359528245
79939,35119.632335259215
83953,18467.494495585965
103754,11138.70463727312
86091,13080.227812425615
83114,10008.671780782026
80956,13767.46706701062
96276,8365.85747532018
89799,17744.492568693724
87919,8245.546615198758
84054,19028.553133071808
102856,8479.512851472462
105645,10224.758414456155
81207,22539.146083498516
79629,22899.034472183932
97211,18297.854717188788
86631,5602.6291449715745
93438,32011.333816045357
96983,20855.68980647225
93914,24660.432530144215
98470,10714.339663611761
76650,11822.508602212914
96428,30663.41991442339
84958,17782.71506612831
81064,13072.515321279376
82469,12632.5294940536
102139,11754.608448769844
97800,9775.531156159617
98474,6270.049395681005
107944,12180.516272667037
97401,7707.965180424633
108476,8460.010280757131
103189,8582.204574078412
82987,10665.548813374648
80903,27296.668761043802
90854,10203.21883715091
95644,33393.64020034349
98728,11164.998288541454
94370,18379.01982027735
84537,13652.61052481215
89358,11873.37401868938
76221,11431.8135315191
84935,16868.432062281343
107676,12505.556868354653
103154,10160.943166586809
82600,16244.51519963755
104290,18098.158017965186
79972,20299.612308113166
89202,21419.308818951937
97253,8703.89211821129
97358,8361.838235862813
106932,11187.980587721946
101140,6940.848709853175
100650,8335.703212836492
99817,19149.405371815035
80953,19401.961369063756
93851,16555.278441095197
89574,4556.394942683871
91092,13011.022842569255
78214,23751.397785809928
80283,18027.98384070586
93158,17602.114370275933
78562,49810.63903605069
108498,14197.511008190664
100223,7213.849534928034
76976,9378.878572940526
81119,23166.340028484676
97369,25685.295498577696
95721,19889.45867221753
82271,17333.173919258963
102837,10465.758708414614
94761,21329.076863909395
89200,10972.286101071752
102690,9502.0347008101
101274,11658.142538219096
107682,22609.15323545889
108276,13439.17218591212
99011,12674.063942584484
94484,13132.096059445668
106033,19738.776438047546
89123,11438.223672548918
88740,8714.3630279079
90951,26995.992920611192
103812,5604.036342411231
100056,10323.854587295806
100691,16042.749192012567
88394,16006.663547035316
97620,9103.886212322566
107955,8150.7346889046685
98144,18060.506606643416
106325,22417.692944937862
92867,43559.96440947608
85204,7889.499786609305
87062,19335.03226279134
81539,18554.17983245468
92009,33221.74451055005
108224,13062.398057563902
101686,11646.727483746401
98557,9197.567687228004
101594,12053.295575423432
100647,2370.9145590726303
102401,9473.301823485821
86093,11297.136805385917
85837,13447.650353855379
86260,15530.964367993809
79830,35049.68894088512
100041,17398.977751989245
92230,21502.825594229045
94661,20333.527546042522
79450,20325.735418380118
101374,7389.453250787779
76983,34689.1399626695
99673,19579.403202256457
81336,17248.935105140474
100376,10795.875445982876
92756,24750.402897270735
87725,13207.010753155875
84541,21057.71726541331
82284,41619.90026011266
89479,6917.970783359471
93259,93587.6395089456
105648,7356.755033818436
99099,10252.268165926653
104543,21490.877288038773
108474,24674.77391170124
76907,20161.907998985273
93652,23972.95164061406
100967,7740.225767367442
94331,15365.046913154929
106381,9304.26696121406
83170,10801.902932749696
102953,9419.25844269524
103590,10550.651059247528
77316,19356.950108636032
84682,20086.40049466505
84524,13087.75205220866
76747,17327.947224302454
99049,9489.784664011708
105881,16069.691090165597
90833,6468.906867488237
108079,13447.128904123008
107295,14166.070238024698
77121,16061.102756608374
78927,37994.85300255141
103048,9574.360642832788
86216,14409.158379483424
88448,16562.16493102619
86219,15956.793010978783
87181,8779.765099722048
98755,8607.67673995348
76443,12730.941344179451
101149,7526.280189502938
104315,22372.13173136514
108345,10127.244490968415
100156,8333.184364422941
107263,15469.567652061653
83935,4825.472194952417
90584,7944.155195498271
105733,12239.292507687302
88332,13201.533735020825
81979,21987.591918727365
91864,47408.903864096064
106847,8936.50256698577
95136,16338.537226458668
96991,9318.260762875694
105905,10895.393550077733
102080,7373.985379374028
98072,8333.502476429816
103711,9669.21017491856
92213,16610.70998621134
106898,9561.411956981998
85333,16400.562428911184
84559,11097.164854802893
95428,30442.471831349736
101003,14710.924032323612
87773,4657.797211599538
100739,10429.969848720308
99885,12138.654119383697
106647,10933.252645073851
98019,9758.224176643287
92212,26477.54715041214
100786,12186.507937695938
85518,16041.023437915555
89849,9860.172398375342
76149,12817.206063093112
97490,7447.272028866516
87476,9401.17401891832
83248,19943.308857562875
99352,9457.88908972345
90736,9014.096886180992
77596,20515.83370392189
77209,3178.051034028085
82308,13188.629663651078
78207,19295.826327422194
104041,11799.932155099956
81125,17247.46931364983
81691,35642.411355987984
94459,11445.873464909042
79977,14771.386938485124
96530,18458.3907121104
78367,24061.131369336494
108100,36023.07368342119
104510,9765.555531198348
81891,11131.548161011468
97087,14530.66536089243
88161,9920.616578559233
101097,9406.217800245086
81742,20933.431634580706
78409,8288.320703380174
107496,18239.75445543712
99326,7451.985468602157
78535,9181.695702217801
106164,21404.853824670976
79719,26841.140933950464
90418,8819.869478147548
85844,12319.135403653789
86639,10032.587615520248
83745,6885.374832192798
77300,56872.33384209005
87702,11061.410758619772
82586,10192.106472713189
83769,10572.448512765744
81708,31230.05430292456
90224,11680.924141504862
100063,7570.926106758372
79249,13204.342019265705
78719,31288.71724003228
97287,8280.514821581557
84267,19422.004940140454
84056,8764.797558942766
101164,11547.986563765458
85826,18304.689641474426
93793,26740.178136464532
90945,25710.77566357943
98991,10239.14089827619
79647,14538.936579826179
96794,13754.465115419429
83984,15196.326833728612
96688,8830.890610618791
79838,17476.040694672018
105671,9850.144221791834
87438,15842.670516255594
85859,16044.908742507525
91639,15958.48353141248
81134,43190.92939953433
99992,14996.658554172081
91262,25583.171179671914
81417,31341.57637618916
90783,19581.35021723811
88898,15559.687856381464
76241,12643.408913665362
76491,17550.345343396577
83132,16823.06195462571
97757,15764.182401849335
91753,32120.29832102873
82333,25395.015217026757
88295,10388.240889325187
98314,10736.038702393926
86172,9273.493693022785
78331,24316.00530219433
81996,27258.467296446408
83315,2906.2739350175857
92376,16223.749386572943
103058,12740.095240574508
102215,12305.722674644929
104225,27633.572811857666
76910,16773.88117086848
88657,12205.956055069642
104943,19991.246286159312
86434,14014.501369496737
79432,14006.80383201005
103103,14117.615345284867
91456,39983.18199279204
89465,14122.516197781175
107774,10775.03703961336
80938,28717.45160238827
94883,16781.674753907137
94135,26424.884331178222
78747,18257.870468615736
76240,20139.891087363238
95820,43403.72494961869
79092,22915.645179933515
84393,10460.765678192689
94391,39696.037603032186
77183,20614.27744369212
105612,7608.2231913019
89046,9812.545399789999
90878,23336.428141494245
77058,14262.793895707026
84468,9928.22957233575
76713,22905.171987065954
85568,11583.077986204438
82191,19734.123427315288
84825,18070.97372286188
79009,71442.6906361091
93908,25331.17978416699
91135,25895.584560014748
94603,21878.29031210881
105887,23521.69060816921
103196,10802.282278369608
87544,13725.803082597786
99605,14160.9852618114
101660,10565.601392811452
100671,9020.927332283758
97839,26659.434108250713
77742,46863.619853751035
106144,9051.559003773922
79681,28856.2724427131
98764,9452.951206304504
98200,11355.878211284698
82652,8982.283127710296
83599,9044.402820735519
97776,13802.349520769843
83403,13956.930707421476
77472,33141.089828935
79535,27834.42946884587
82632,15556.081805675462
98612,11441.930530233594
76103,23002.769139275737
94824,24006.27503167784
87424,21775.647903018827
79193,18591.93478581712
80853,14721.749415102995
87885,10848.701974156047
80891,26633.30446177833
77149,24825.83895940846
91012,14231.9889710346
99259,8272.810626611843
81555,25375.332754953455
93917,29478.589408052987
88089,18273.023367085407
100704,13008.209646226927
77798,32900.44770815561
87342,11414.584283098651
96013,10508.484983233773
93380,19060.281915172567
84040,13197.49107017914
88600,18369.036166857873
76133,17589.54686528447
94842,19369.60448722322
98184,5999.5162318485845
88767,16765.55663214364
98741,22415.88706835551
81739,11580.204971154672
91321,27793.577023511363
108030,22789.971610460176
77680,30251.723011642924
78189,28645.940334532646
82302,25308.849354079754
78968,20561.501189970655
101390,7964.179112718441
95491,16623.216612639466
101687,5875.330813810548
76371,16672.103649434273
100151,12738.136130282019
92147,21963.389788958255
103385,16210.440961096756
86960,16823.238188356772
89563,20521.00312744878
98013,6482.490129568999
103747,5561.881287696404
107681,15648.887090371196
82686,7893.510759053321
79913,11236.351767906393
96545,15198.61343545552
98278,11397.777954351677
88916,13235.176963115271
104733,11570.39981573188
103529,9982.695837118306
100642,15381.858515693568
97860,9178.19653885424
88870,15250.739289704617
97563,20515.13767938732
97081,12283.061493016925
89544,7661.067625382796
96332,11777.588708786016
97064,7023.359685264091
81916,30571.406804379498
82148,65590.81114514063
102447,4262.241000538569
103111,8905.181544136072
85058,9657.015599350581
76422,20613.028447846777
94546,17216.199401920723
96769,11379.99507145546
95364,12973.994404396746
101118,13319.09558043079
107644,17548.65188855857
104650,8786.805171650343
97300,8579.291670968078
104069,10680.56740024921
84700,14677.759125783812
97122,12564.013239722099
89878,19746.85177600076
82579,18985.325481969132
107967,8300.347401537527
82494,5222.975296632596
104872,15909.555174196323
76339,21595.01174734124
90676,7050.930058606742
83780,16133.417312091602
94444,25416.221798577502
83532,3898.074883887998
103380,7199.937303540611
90941,37734.361732512145
99845,18951.06857546423
98053,12153.196985983861
77863,52084.71915542049
81107,24368.05895165516
81176,28816.92493381817
93196,58209.438782615325
102895,5320.071285216167
107093,20599.888505333536
106566,44459.43008181408
88893,9968.383582492375
81939,53748.3990253328
98833,7542.843894167379
102812,6452.6671346664
95766,20185.17453009519
83556,18327.559902963225
96725,9296.510933944659
104649,6851.483557343756
98466,15524.757288243512
77661,23349.723651247936
99882,18633.44497540114
82646,11139.534317391146
94874,19066.196874237376
92800,12862.163765793173
80265,28759.36802124225
80587,33628.43961086977
92298,23520.67928896196
99023,24251.809739430126
88098,10655.913278469186
100928,14300.868467582892
106437,14635.025485977481
83122,10931.766339792533
86614,10436.792312386862
105454,18276.676097955675
89282,22309.083537445807
103136,9265.404375062297
104899,24823.450155018276
92041,35847.62768379355
80795,14266.245110631871
103043,9848.740400288454
90842,21077.00802415323
103070,14844.427681119898
91523,27909.503778647897
76427,22619.90639759486
86188,18407.301242008096
105618,36108.11918786339
82931,8388.305007391413
76137,11761.30458105213
88017,14304.68291983568
82713,11805.742939304415
76155,13222.847748498683
101057,9475.215602248936
94699,39750.54437960179
106794,18850.382905343664
97000,20551.711597126872
90986,23286.498667492222
92785,7575.362042629343
79156,15291.19941832602
107616,20506.787364988817
84264,9703.108705049388
93932,18324.322973273538
102956,10829.12795922466
79715,22157.274874991206
82329,20201.74947352376
86636,11527.63099017973
94479,26411.122032590167
84998,10132.753599778314
83835,9500.008870853764
106823,9772.283380073854
80760,19928.029692288368
83060,17211.799869238926
85872,10667.548632518037
76227,15367.359254070097
103460,7496.511427310232
96989,13373.96947771706
107858,13560.994014680113
80447,11260.75525675977
108267,7852.379868989871
86584,14480.701847159298
96426,16047.824172196928
86696,19825.992499270822
88252,10958.950293347287
91515,53831.92468261771
98357,9767.13445097976
92439,23683.927053982126
92341,30982.82904541872
84739,11168.268428500092
76906,26364.61940402609
100027,8779.945492444562
102225,13860.336945688132
88476,13665.52735399501
81778,24937.53594586227
103266,17113.582470074212
87660,12125.669373370358
89634,7059.232471094051
93577,24170.392886544654
92450,18701.943482011804
99404,13223.407998517941
107936,13126.525923473386
86174,3897.8646133853526
98273,9354.942776495453
99007,23472.197909017545
81615,16996.262454875716
91236,18241.013762541676
96984,17577.783264200603
92538,33073.8608154238
87039,4133.0243138362175
84235,14686.94065035834
77010,17810.840320625066
106727,5229.558606960196
102933,7726.535662573521
80821,8139.713674631183
81969,17698.754677497553
93088,27773.211401775447
107004,14094.320847934423
79330,30076.47265512583
80388,23969.357984826915
97494,17056.26298191586
107144,20883.134996232682
93860,19635.844387831512
94845,16152.492460757125
79152,20817.671985394132
95032,21203.023177263374
108333,11865.91743922687
76925,23257.759954079356
93278,57779.20286543641
98608,7463.122769323608
87236,8917.726226634706
79320,26660.057718142813
83893,13522.532753165553
80973,16741.67567158874
97659,7078.177053685539
102063,9020.954731879761
96324,9670.04107396908
101184,9030.126805740854
97392,25800.232714733564
94094,16626.376431175348
95219,16081.23648161402
85048,18415.193679710417
94887,23367.44907790657
88002,17996.06536214476
99157,11928.792564598118
102746,10698.088079550782
89164,12309.397502890351
101079,14988.922831821994
94124,10921.357778331103
100161,12601.456644329399
84658,16607.20615534099
105603,14631.608731285058
90963,18150.53762157802
85012,16644.097039666653
108298,14067.336929069063
104080,4479.0996735369745
91850,37101.95569717011
102713,4916.139445906718
83295,11042.28327876603
107847,13424.317987957362
105847,13032.32271165495
87143,15652.974745684744
106090,16224.341917302781
88925,9024.221195526457
106297,19600.82544190607
96596,13173.41325389291
99233,6614.977975715757
103321,15496.81274885344
82479,13238.820533553615
102734,17285.20448643472
107461,27668.098254731358
103237,14139.48466337723
85581,18021.931920225466
99196,7398.259729979934
79178,15512.023975180888
84339,15642.15903471889
92764,18512.48783269045
85498,17406.387344097802
100622,10445.689194607083
106518,31317.109738280506
82821,11373.41663493679
97628,20218.755197628223
90763,8718.354019577695
91567,24954.781068249114
107462,8248.854290107354
95833,22973.762205900035
102479,15381.858515693568
97555,12419.931243053188
80881,8836.248517826114
84016,16179.598684530327
94051,12433.993422711364
76277,23911.83863951557
88676,6944.990186039081
102566,10262.271099415251
88564,15311.55723214638
95048,25261.685757989577
82166,12994.74955642043
86227,27556.06967751971
83738,8755.256317694362
103684,11679.553659561583
79893,19163.642740540246
100634,9188.733897676964
96392,17369.325455005353
96311,17054.11960335314
85015,15166.327840558548
83050,18332.21761671556
81925,27886.913243853098
106187,11013.192832356874
83863,12196.835753830472
82048,30294.77767352378
100962,13318.926771193925
91587,17658.641081913687
104915,18602.513115241698
98779,15692.150274210826
96698,7957.744981554731
84701,10536.954632357383
92986,25703.708674315003
77112,23867.203772054032
90774,9408.05678975399
88520,9132.769529760157
88281,16951.38122713729
91388,24802.78582472029
76441,30413.915125451444
98643,14763.851641268739
97850,16815.22946394481
98344,3353.295528314143
99441,14699.693485574784
80230,28045.426074960847
106370,10556.118093917452
88901,10512.622106977431
76590,13811.034863478973
94998,13514.209736020179
77283,31296.108548379467
104065,25457.3080310431
107919,11154.819490840597
103743,5059.214151196368
100503,7129.7712215306565
81273,12042.30941613963
81878,9335.46550866717
79224,28694.882408919533
90254,4489.948004651666
82712,9189.667707727695
98113,8497.314661918883
104562,14470.971409148971
103014,9331.355066405447
107299,25349.425269639003
99799,6006.880033250933
87952,6532.437096244987
101836,9355.453487075261
104896,23571.189085869028
107665,12982.654233819674
96182,25422.091229369587
84731,20500.060655617217
85565,12753.765961776286
83237,9926.022280877916
80785,24868.045583410312
81935,34019.7084667503
90932,42427.084229037326
99204,14753.7942688943
78802,30362.478926529096
105421,17306.47671553737
81831,12388.68899524416
100016,8498.60142274188
76262,32328.74573986886
85286,11586.277114235829
78629,15614.034529857756
79451,15992.70140841287
91132,44870.67757036778
88726,11832.386885314498
89928,13858.420128724989
84672,15422.436970509518
102127,10155.653180659428
78630,16748.05405243129
105874,11203.554176437372
81491,15076.968971790478
108085,16940.906064933493
99711,8403.071684511246
95713,26549.198218328005
79499,12903.689818819757
88373,6701.912321523468
106412,19596.911715110098
86000,10236.090532905633
77849,17875.977662103676
102224,15662.251081516764
90591,7867.052955412335
78511,15244.436101860081
83611,16718.207335152252
95316,10672.101124662253
85207,7327.9500733712
86755,13771.066872943926
91361,20168.381801793003
88107,6719.138989423489
99468,6838.064910135019
101776,12432.700481156473
97132,5554.875394630143
106405,11971.82982305444
83804,12904.68495854078
104093,19817.589858956682
81897,25900.56181074432
97522,12767.127551987907
78569,28368.436491133634
96486,30675.097961134077
99636,7453.250953777935
80770,38383.56886438794
91534,25002.064876139742
80461,29166.23649953747
102345,6417.005901595002
95431,30012.37210607496
76350,7682.916164457332
76330,14533.801591258716
101604,10847.260388683586
99303,14173.641660502259
106266,17126.265108674324
84697,18330.66593611881
86296,9687.853068188488
90658,16631.04683745812
102954,9498.813885020589
106174,22412.890966931995
81510,22824.187365405738
89222,14721.152938161858
104391,15279.120960882847
76573,12487.599594760995
78060,14786.3575872735
85030,18714.727902438623
105478,21283.864989611266
83477,11821.755989658988
101134,10616.63290358051
103096,8256.081140978671
99391,10974.516310056892
94614,16326.063665642605
100110,7541.832512415275
81782,28093.00862174808
90292,8446.122417051749
86357,8366.392748424345
76157,10041.479587590362
80325,22705.004258645837
88991,16402.139891173243
83117,20457.880898969725
90513,16463.26766389509
82037,12607.054209372154
90066,10092.709822934556
92814,38779.88053701306
93991,39225.72498375168
100121,13899.542824329583
104495,10616.610830301268
105953,11989.58226919144
108089,9433.01664669023
84778,22013.60858149068
100753,13958.006847904928
107832,25943.348867833407
92190,12509.255522211288
82029,16340.288679317087
97914,10532.709636874812
105776,17955.12256368671
95402,15709.765989537422
99097,11607.675845454702
105043,9564.127079283568
106998,11437.188224378291
99567,11874.74582769231
85421,7069.925271306533
99161,13165.785479468068
89951,7080.817268644235
81358,28288.6074496146
100373,9770.910352269575
80291,38641.70103616678
88545,10184.962820462082
92994,20048.50354653376
90248,24669.043892613525
78625,21378.291784590238
81990,35024.24984649288
103075,14649.953830046989
98639,7381.011372127294
103368,13727.129411489677
95427,12998.060784528023
84503,5839.439208359991
82446,8358.21399561556
97175,12703.479690704376
101777,9418.73467354511
76086,13290.88627480554
106347,13405.03132036751
76445,42502.197698614706
97649,11363.570573057255
99273,27400.244325621567
98864,11935.635297785482
98037,20968.10112952769
107264,22446.03339922112
100104,10847.152683139493
81842,15518.447331986443
81839,12995.809005490904
100608,13110.872053406514
106588,8744.201128745395
107466,30280.51626506121
86092,14256.916909767973
92204,24687.801339599064
107905,42357.70648731057
76821,19564.45909537723
81022,11817.280338886212
105727,34219.728011479885
80544,52683.892865800946
93388,16231.8370111991
93775,18729.363119045112
93733,21666.580577304117
108177,18030.415354107077
79746,27601.763981374075
89285,15016.347398809216
100243,8925.98984387963
107171,19822.620706390204
93444,13865.142304607116
107421,13335.73892093547
94071,23793.72450459038
92195,40508.58173418198
76108,16923.834559589533
100603,8724.645019118932
95800,12387.49557718933
90708,14223.789874129798
102701,10866.326564427565
97732,13136.961758550993
102574,9665.663402985247
92237,31746.425856381946
94192,37145.73358904316
88219,7988.18296770663
88910,13733.372562996743
100811,13540.922380756847
103288,7841.118445566739
100370,9661.792910727725
102544,14579.438667297201
107473,9165.610972155802
106926,10133.145775047777
92514,20835.88042576031
78557,13396.10854376853
99091,17046.25356639868
96487,11644.322401897398
86252,13646.400588842067
84763,6940.211953171555
82531,16176.792228198688
79012,16140.593538504603
97078,17048.909821343615
96824,6162.284003745263
79970,21324.004566475287
98057,17088.41540812953
105947,23184.882249739316
82539,15511.198723725705
105816,20813.42038616465
93800,19290.707122086813
87079,7925.769695211215
87453,11701.676093373339
92855,17247.782394164038
95805,18899.576681006227
76398,22070.173678713185
90724,14302.554357502579
102196,8209.277421710953
97661,10045.614140246136
105475,13308.971839403366
81241,11853.853844300505
91106,21582.28808774186
89543,23389.658742477928
94403,20214.12851318781
80666,19941.7260930422
99769,12650.08148327937
102351,8424.453147428523
102941,12818.553798368548
82783,19324.772175921215
78504,26178.480442971162
94715,20060.626807245586
92180,24505.199786329336
103904,11235.26213564718
102921,8424.98767162664
99685,13893.142203139283
93048,18689.907933202914
82988,21905.356953018672
93279,33155.95959660402
80084,31437.671412277956
101966,10707.636753995017
94667,29848.82016501272
76298,12510.76025780945
87379,16601.71171399833
94212,15599.058268297082
81333,17537.15799505588
85998,15225.334337074886
90198,10351.442348784436
87823,10585.736055427222
103530,13174.655590670141
106243,10404.942771386604
81208,12991.622397361532
105153,9284.390541107494
104103,23674.085612384057
89555,24307.35873285942
106042,19019.613944711837
78170,35387.44994939112
107675,13866.370211700952
106705,13784.65137258924
89953,6862.938237732343
101934,11533.911013951352
104727,26101.182237956076
87327,15188.761631471343
103247,13354.792534173243
84673,13048.59420835652
107520,41577.16875482572
76626,20782.091269192464
98638,9551.90059347936
102060,8908.93511324019
83635,20902.70600435338
94566,42435.522882770434
79207,37525.26998863854
98700,17361.574329923835
86563,15905.034694344653
86891,16773.077405615255
85278,7216.571638625365
91817,30186.306027514078
99473,12303.807677619912
102489,5753.2480907983
89191,14377.77293270713
101746,14899.31150969053
84538,11652.500356519482
78072,25137.19805289066
99832,11961.260249461804
103475,12724.746731322062
101016,15381.858515693568
100280,8103.764678683033
96067,8372.60811575654
104086,21625.472966975445
77248,15851.378489517967
104269,20340.501254171508
89495,7472.898835098241
81340,33495.06394473808
80277,21074.3593895012
76683,31786.651233569366
94847,13042.98134452593
99029,16472.66940364072
85874,15007.39165787318
78105,21177.21849477875
94978,21385.039244166288
101666,9131.741076482134
100757,8992.438966419195
86704,8147.95116640925
91205,22995.118138584203
95762,11649.67420789813
93641,20944.502157622414
87073,23104.486618122333
102433,10816.538743800638
104382,19722.934381848012
108060,8725.985617318762
107387,24982.018115184434
85027,11923.092286685189
86014,18594.173663780235
102602,15056.925337972812
107255,18178.32228249428
84269,12193.52130966683
85885,6385.252530356101
92843,13607.094518990674
107862,16597.691924700448
98781,24607.030628097767
106119,12867.137098424699
101872,10612.281178759638
87865,16892.30223687902
84803,9457.685688435538
88438,10471.001179373972
80105,20974.332082875113
80595,21311.331177322056
76539,9874.494543113686
107236,9846.41267661171
84946,12739.616391900568
93772,25837.67791577398
87793,15861.603945488188
104843,9499.005651567999
92234,19653.959715839854
89467,13666.946138258325
100145,15593.098993444757
93382,52062.35487399456
101891,14779.69472834687
81354,20964.26194925663
99309,12830.796113457978
81431,17188.174499656354
102073,10131.02946501516
88468,17089.522001423862
101873,13879.170568371734
88120,13226.108026154905
105714,5081.491488718193
106015,9298.775110573293
86707,15761.816825871567
93107,19303.537979746692
89230,13462.75193194605
100875,8377.553194331002
82920,8100.8004125028565
98114,12623.41148338352
87262,9725.418840799994
104436,9869.690067414129
85404,7220.514012963989
96189,14479.585334543262
93408,36592.08619941357
92789,58153.98043394542
77768,31780.88388764672
99414,19955.735642959855
82807,18749.20547122971
88996,12694.820021234891
90305,7404.539778145768
77030,16602.20275775695
86129,7934.138763553334
83660,12916.77048546157
78602,24402.084571956435
83672,8301.481237639488
105105,32766.476596417495
78704,35122.32149250171
80789,48242.55499390252
96633,16461.801436066216
86132,12334.738336645985
81619,48174.67512861549
104645,21518.545958050454
103853,6221.109566673795
96259,11963.271324580386
104677,17073.233090083075
76418,21324.691331210077
103593,10571.792878070637
84886,10840.811541743771
80773,10121.71476389083
94688,20054.0549388443
103823,7173.9082002787245
98757,18834.266961257475
78516,9067.035160736434
80596,10436.552147725399
102855,13098.933181181965
95957,18505.113380172505
86440,10268.435511032512
95030,26737.11086907314
101874,13479.412043677841
84585,9716.776878945599
76257,10803.572391838436
76971,19733.658682811838
94070,25974.617027292174
106041,30772.30464516213
87346,14737.019918092386
80993,27823.244984511897
105309,19075.66885452295
92622,20720.34409667935
94582,35339.42718684396
83334,12801.037459605981
98922,6916.0136262474925
77691,15354.394918575075
95469,18206.241706003657
90587,7529.651282276871
107411,14250.370501374207
97489,10088.682734878006
105719,18711.677865460013
89534,10481.144031088603
80741,23109.483711513556
105737,15016.915362007854
99043,17712.10079111716
80254,13773.399056147302
83172,15230.680875481678
101830,9537.593340976864
80506,7602.7927863859895
105763,13694.90510407093
92507,21050.018806253833
101742,8318.799375636148
106547,32540.427590400315
98619,16920.795434958807
83503,12107.622149663539
80565,11383.354500411222
83013,14496.987710885285
85721,11801.86142792782
87556,9722.639433296768
84442,7317.694619822277
79634,7156.390332773572
97497,6215.42441021669
84325,12056.981064374284
81399,10625.415880126873
96361,11921.958966394555
101973,2769.8570028386616
78352,11270.652175894518
96564,12985.860322801076
94669,26239.10276919147
76655,44550.6519711843
76084,17239.331817091264
93215,18143.61048468223
105802,12055.675726948382
89981,6127.788448793386
84315,17888.963738010658
83297,16971.431939998598
93291,26339.36205493869
92128,28501.480513444945
101550,9810.031384806982
79384,13905.975370428014
103643,9795.77326978427
88482,7353.738977672355
79950,27397.979541075558
79519,28429.87143735451
80376,17624.588067131885
83366,10977.251607251748
92250,27443.614945700512
87368,13676.056777379748
77347,15182.882307812646
107935,7349.513782739578
95765,25837.623898873433
91877,31913.430207422276
97574,7993.144631075058
95192,12708.162032065253
80288,23872.58457094179
96795,12650.076769001416
80851,30038.818108412604
93753,27554.015141805667
99782,5139.105251118468
83153,24111.840887407667
78634,11205.876153854348
99463,16473.11320218572
81675,17895.42026523993
83093,11810.304122672565
82993,9955.304232740447
86972,15655.810020402623
100455,11094.995940917197
92692,22792.766667193155
79761,34759.11052422849
90624,13154.359953372805
93517,24649.076666310462
99893,9150.842779964225
85441,9892.543044330265
91552,20861.773606390143
81031,16213.752312023034
82232,4275.037771994449
80062,27788.024309625118
104764,16655.882412199866
83572,8439.835865532921
100100,17991.300621859893
96649,16177.791498715334
99860,2172.279119013151
81915,26128.24588898401
96284,8748.977339445371
89243,7973.538665271692
95051,16536.587551471068
101507,12578.21721235207
108257,32782.38380335239
90558,20809.310062667348
96913,16568.575773744473
76621,23581.834836862658
99801,11529.330100451118
95155,13345.80568552582
96739,16065.005605129301
90592,12601.330043952767
83307,12700.288663057663
101154,8186.961690335643
88229,10377.311139860103
106301,12848.49920760321
82193,22962.74115285278
101153,10329.736742767116
107721,14811.160950689133
104792,9386.551516763178
92322,26049.88891786273
99316,13258.419446075013
86404,11640.441940872395
79624,27515.308965308523
87122,15308.20430160943
96046,15182.74320323661
83384,10031.678099186143
79657,14851.297349928831
86605,10575.620260136913
91883,15700.289940419496
100473,10412.730700671244
96611,12503.609178751338
89102,4428.741685397732
103838,10139.345312438802
78454,19522.467043556062
89761,11894.06675384789
106275,11875.277107830285
77831,41863.92584521533
82876,13154.349979150536
96899,8709.589701800025
99945,11916.746018064383
83505,17094.27892845561
96841,6522.529604756917
94189,24714.331735971467
85020,11598.757621941684
101456,15534.471022057935
94155,31632.27060057028
77575,18402.85705726739
97904,21601.307305824324
102523,5610.589315505682
107541,18490.50168609944
87223,9516.034066914104
94975,10706.735236625616
104630,12529.503730908593
102538,7219.115642725547
90345,7171.883973097976
90170,7544.806874560149
79448,21339.913319755604
100139,11450.39358957783
97457,20378.669962460153
76291,47136.50772602242
83987,14157.779904788884
106283,44972.312144870004
101864,7385.587112939394
95757,19045.223339540364
107668,14806.422121888096
96696,10959.932886214043
83094,16404.244442873533
89521,8664.627166681037
98998,7605.978423068671
97028,9183.750234328807
95291,28663.257384427707
94443,21077.78569314138
102182,10443.783455323364
81794,19914.387232419813
105003,27838.72377530092
83041,12967.51240278502
107213,9941.935989188652
104467,11461.097719852341
93950,27765.4512539385
103790,8040.635115302458
89125,9767.58125911479
80748,26545.854364220744
84795,19147.28317639145
91105,22977.935756178365
86086,16832.54287463587
88522,11488.65089390407
84472,11225.270706064162
99289,16850.372928764227
88050,16025.607699529492
98087,8018.076886521571
95839,29188.52454250393
76057,25096.079716350665
89619,8529.293134629828
86471,13033.205748537275
97685,7323.579241315041
79824,29136.540227332283
91710,27206.85515039665
104474,30283.343400675603
104157,43986.57193040941
95117,32549.60873658002
96337,7880.301951484957
107562,12353.930755252999
107286,17016.52492014763
101251,8494.577505966603
97688,6613.305989000664
86405,7957.4737900666305
97631,14015.298005707711
92981,35463.75559563819
79580,23797.863418928006
91562,12033.616255699491
87048,16040.922815226817
96103,28391.671549989605
101854,11030.232205937185
82126,17333.014599050246
105443,31745.138569618208
77293,61805.180646757406
108262,14327.757088189506
107157,12091.365151888102
99717,13801.028257809532
93208,24254.189856681733
81353,19918.41138845613
81790,17025.056795414897
82153,14172.029280018953
97223,15655.14257101492
82088,35141.39092578053
102996,11357.953360003316
100023,7870.052792767941
84333,16873.249184123237
102506,6463.322369590352
95753,25587.239358841314
77116,8974.321219089867
84459,9238.168034172304
91453,12144.68298691607
76524,52514.64615011162
83249,13851.313176371905
102313,6090.567133759507
90456,10215.790745520726
94635,24279.76499253174
101187,8279.768625676837
100776,15337.242536933543
84563,8727.61358173002
107706,14702.586535112545
78776,31216.31983174418
77019,29462.94172714878
76122,22648.483608721537
79042,17362.506272493447
101851,9448.223970728553
84657,10333.390463252137
76067,20017.733940376274
83598,5888.487067540895
96003,8830.148525875888
77817,21832.990113018834
76887,37593.69551266386
85766,8085.314411266006
105836,20730.47645611209
92443,47548.01805988632
98875,27713.34940783885
94808,19859.906220121215
99490,7714.201700463777
77469,12926.848500156428
105148,5185.960020982324
91649,17685.150273757466
107040,27600.994266494683
96074,26955.872759990467
100656,7822.302567482568
90366,14861.465797203813
93981,15386.219813826594
80858,11774.502688262872
90070,11324.873726069884
86606,10680.614512405902
104521,9176.639809252545
83071,14063.224879651349
101956,8503.84974831304
83846,7382.204954315823
100982,14389.154185218786
102610,8095.118654205774
97828,14405.300238966678
99450,6759.963181585608
87521,7622.6201981301765
96065,25907.144254047726
88306,9995.251113918224
96325,12262.00167985152
95801,26180.469963398147
104248,21001.833593723833
98652,13996.967389624677
103877,13870.702764224974
107470,20079.685670570027
96801,13323.387290285706
99595,29462.53564559843
86094,18336.293804503443
80874,38112.876409670105
94606,21571.51978753546
96127,17030.91318422976
100687,9091.67842855653
81118,26267.25676312278
84405,13067.161912235912
83257,18336.189562456795
81541,17733.375101671154
77940,11308.6856447882
101270,9675.923840423015
85349,16479.40302889182
92315,13065.515719327153
108360,10881.417278530933
77607,30732.08387995066
95640,15436.372403019148
98143,10749.640817930605
102200,9051.13391757574
83375,11695.952161186962
102178,6744.173662041916
97500,26236.651188972384
85782,8486.196466687601
96049,6470.202071201508
102744,14783.979562957556
102560,18038.99851803617
79010,17330.510269043774
85644,9530.09695441573
76595,15442.471894386696
82219,18400.674914563533
76899,20463.2444959373
85663,20175.582127360794
92737,16788.131775303536
106758,2872.6552708484414
94625,23071.56875299282
96472,25827.703950484465
104250,14603.712650695263
86303,20988.10976383155
107881,41130.644407754975
101517,9825.347686891015
89988,16419.07236684046
92689,29305.27452890494
99002,10939.19991259041
90734,13685.665017955927
91013,41943.37755878081
102056,14107.109920438734
106641,17941.806792311996
100391,7762.663611881028
77305,12761.768762167234
85197,28001.39487909313
81122,20065.290981327664
91088,26182.786186161826
107377,14911.484784032637
86495,10651.861509562577
78661,12511.502864416412
77687,11633.139908250649
98480,7839.385291360224
101537,7556.812492620476
78032,12372.208197818072
92374,15822.02698050088
82010,16194.971152393648
84496,11808.73915627361
98337,9450.461517172278
99520,8489.86878884448
98452,22284.465292189714
79828,26558.797192724833
77151,24309.163228956037
84095,16931.69664849389
83491,11982.799818702038
102170,8333.86718163196
88063,13653.858776121675
90214,15967.173698304354
91980,24988.468913489338
96573,20331.662056745958
105573,32161.389444520053
86880,12902.584196884547
100420,8572.512609417869
86053,10182.652497142792
84481,19340.345942148837
86088,7393.7013024886
83553,12304.567982277698
101328,11708.50190221484
105352,10546.966406702271
100532,12964.967405555399
98052,6779.996472415996
83818,8758.672062766549
99576,6556.274298481678
91026,15238.391037941841
92445,28213.62555687956
106934,7201.9430620933135
78791,21571.240091869262
93664,26523.15033987574
76923,24092.946012567703
81335,18339.795917750067
105969,26926.529572194442
92701,23868.237125590476
98070,8710.348579988471
100423,11929.857792633778
92335,27271.885162421448
92370,32055.80106799726
100177,7276.37949812794
100125,6659.874026744024
82358,23844.0333847925
85557,4922.313866633319
102609,7202.403849622171
77612,11247.897231892617
81173,53337.41575757012
93689,13723.984694398907
89219,6197.249313903965
94659,11927.419538348562
82424,9800.257434932655
92367,29377.046346469582
95828,11843.185799402436
87894,7839.341436148851
88621,10169.073092231305
104992,22547.139527931344
98567,7682.3262471402795
106250,9235.031624031963
102235,9336.650595762296
94841,25054.233923041265
105496,12395.550655423438
90019,9725.726398695067
95575,30613.581540574258
98437,9394.930643257969
90907,14982.522847504939
83289,10181.475928189831
77938,17461.6299927142
98791,12123.088530724903
104254,21125.618926106697
104311,26908.41128198497
96753,15124.316088354337
77998,24223.746101808865
101102,9377.745660650238
102836,6562.769235068462
85330,16782.97628637788
108511,15005.696100963056
89527,14180.586212404954
87734,17698.51664034999
87110,4993.518545050788
80936,14380.987884440878
80100,19176.274689701717
86546,9928.164058823817
104949,22346.956977113416
83654,18650.07821212651
96736,8567.744752919329
91898,25092.41193325902
90221,16064.931723836396
96356,14528.87121393421
78901,19412.32516732868
91469,18224.514725123605
106591,30765.923854428333
77763,26311.304807540037
89604,7554.792110036744
90001,10231.699148143918
89947,11927.554206144176
108218,13415.3637818799
82927,10305.951788957322
107140,14418.888829974814
95013,27728.10765705746
104979,9386.679058235652
90521,14385.74843231701
108465,24658.661957080065
106606,9520.432513948785
82999,12800.676415025964
93784,17936.454737853863
82680,12569.862069819108
100796,15240.842212263582
96230,20203.005729428758
89110,6896.6135675518135
88152,10732.590735472055
101403,7746.3559719835575
77566,22077.985153380672
86366,16330.207534999245
80356,29574.769582576257
83500,21977.77547487865
76673,15416.414550469779
100256,17128.55254799027
101335,15886.008347819714
83416,8049.326315749938
104983,11217.765111653605
107300,26031.616413166143
87350,5960.703584495832
107106,21688.230760980365
90550,9729.46162193799
80002,25937.844067769725
90827,14232.021000096907
97480,29591.751504689444
88160,9858.627233272879
88467,5626.821856465243
98500,8150.350003091067
86587,18171.412374886455
76737,16294.543172911604
79089,15641.809764876089
93153,21260.372082794587
80315,16218.322202561274
76731,34716.67401826794
94243,24338.739231942574
82571,11513.878892303797
86896,1680.7346021029625
88404,8838.330095123425
108530,24472.510500640736
100573,8354.356358433697
102888,12241.763927549082
76011,31285.111770249245
79586,46103.88707322561
85620,4175.531932725874
93470,20931.769270684992
98335,9355.882162409278
87826,13153.938190870449
94743,23807.124424489142
81247,14400.62357621277
91376,24463.35857920081
83451,21011.460191292434
83176,10944.636702117814
78867,23165.74950555135
96786,8721.53382218217
81019,27338.40571055986
97316,9075.20021883998
80560,19622.212399021046
88535,11021.162230418628
94281,27039.31563872561
94309,19458.84848456199
93404,32487.96863918558
85218,16771.58206133101
82697,14760.083833688079
94919,25292.182443538604
80829,16502.510856478802
84671,16302.308638853487
108043,14928.201694730033
105111,24015.44833078376
76997,12320.965558203507
83545,14215.670037670092
82274,23263.910523119015
100513,16289.008783329604
93471,39331.240656553186
91627,42664.85873639427
78780,49323.455901466055
90005,21526.831250358213
104234,10597.537430822664
100798,8424.63930429511
101322,10690.62111682478
81807,22137.54206317912
84469,10496.271575634048
94701,21292.99879704582
96119,12158.50146911119
104478,7550.851098721701
100116,14931.980589280725
85151,14822.51478995538
106970,9532.041253566318
106570,46991.51632173281
101472,9618.291970037306
98101,18601.444154343295
76225,13968.027276651594
82833,7145.001428556192
81055,7449.908076460434
100048,13547.990979445196
90519,32171.06125263974
76484,16913.085027945486
101898,12620.848733371682
81741,33069.112681126426
90441,7579.166683016587
108314,13545.45041409219
97881,3864.216830543773
79306,25075.34982240839
107116,15745.897277518427
98899,15415.663156035955
99975,7199.937303540611
84378,11630.042735830166
101661,10664.313418982128
100239,11193.263252944444
80035,23761.76745856752
85033,9219.189287947123
76723,9620.694850825485
107773,9171.335826904775
105937,11652.377399525052
78321,17465.374939528905
82047,48739.22972978094
95113,17181.336575684552
84907,10180.65594767769
107479,17656.70125772865
99770,15187.579663497669
86815,16079.722105878893
101558,12715.184553975589
102258,15043.177876996016
95963,18941.67743886478
91995,10222.864287046741
82913,20599.610041500702
101968,9890.768141621034
105332,17649.14617187148
108213,15038.574992960428
83825,10599.838699831895
77438,20483.233346455345
95768,41993.453849675
83195,19785.689641485726
104287,11691.090064225851
103213,14441.83745998214
92744,15704.806797144
81351,30843.05256545142
91555,15711.340758269467
84546,12309.916016079762
81270,13123.782691420782
98294,9928.73114468183
94278,18615.67105542135
103537,14638.669105814739
104284,16411.18301222718
76635,16966.900478384607
76676,27094.35484353302
98118,8710.265483293217
79440,46543.987212029664
78969,28597.76394082141
76500,13833.001081831842
106027,20298.951137344047
84604,9847.673295600176
97498,9889.393667363525
92641,46818.929780059785
98216,9639.042810390225
102453,9202.723836746714
96270,15067.536075419166
78777,22285.194082138787
93169,10187.066432096355
87621,16189.237206278623
76876,23299.05515147684
83561,18336.293804503443
84296,14075.921270042943
92355,31343.638905147345
90302,21180.94290148406
91387,13964.115294101146
89854,12830.218072152295
106305,17086.054584695845
98703,9048.704365754205
97929,20001.983643588726
105575,13790.14637993869
79052,18334.38992477208
82362,26213.227866857735
85625,17317.383756039846
90792,14120.877632095922
98488,9785.057784528146
106795,12343.395073914524
91666,24168.127115423544
101528,6343.746516559927
94739,11134.639214057994
80961,11834.471164443143
91988,11369.26175954557
80335,28738.64884452607
77505,17603.361323631176
93280,15587.079599275226
91630,13616.327527092542
85422,10608.933534549671
104986,14248.37380932097
92176,61522.442276832524
89861,7750.434245074028
84435,14897.570414378997
100381,14995.118976847747
85651,11215.725636874875
96525,17191.80501654082
91383,23062.92519949867
99177,7467.274431473949
85842,27025.638917575645
79658,23262.768216714485
84332,23094.732708994427
101621,7313.38435902514
94509,19404.838799660618
87175,16789.994570365216
89394,12526.62247725203
91163,27951.795781973527
107771,16518.273780443345
99551,5707.862421240752
87537,16409.511177461172
76726,16479.454623058944
106637,44016.18910782887
85583,13410.930029997007
84617,8972.604769253045
86419,7791.232719704636
80036,34829.86011078045
83956,17105.955483324542
106663,11528.722631809193
98368,6726.71643418653
80217,10844.360044918101
98528,8694.11141711667
92746,31572.012920336852
78042,19351.420692730975
87314,20183.950359382994
78148,18952.434438368233
101574,12720.029871301165
84789,13799.35859323628
81056,8454.004513062235
91483,14291.877967158323
97869,13532.367373996625
89084,16244.51519963755
90398,16271.8711987801
91038,23346.534031865507
80326,60968.32472743296
88665,8057.96302863362
99793,14289.845606592637
107218,12176.056985946308
97438,12087.418846966188
82375,5673.685535008697
103211,5617.553732181573
83430,16545.63485544168
83717,7971.605615502818
95607,21525.48536132695
99653,8612.217748973244
77072,20039.480981487974
95300,13587.86950792887
86090,18120.85338102379
90553,23811.372039192283
90690,13883.303871068023
93608,16942.517746641908
96059,10017.950457618079
105488,16264.86741612939
102403,11717.223710529654
105357,11598.350633995335
81201,19464.213275451442
100092,16666.573219223697
105800,10562.267568310052
103658,6281.481141782413
82416,7509.909542396757
93007,21004.31771649989
103850,13116.737564136842
97328,12416.024728026441
99167,7776.981043110432
92788,30427.4199563302
90228,14594.338235155477
105015,23822.794310359583
77838,11791.454416800336
88672,5212.805269982191
86881,9859.685988420664
90515,9179.98177643988
92777,32657.27547421339
103455,9666.090387997136
97286,28583.787679237368
104633,19910.17892547179
83548,10732.880441674863
80980,21376.420288160865
87954,17453.064303303403
89975,7101.802084910437
83762,16405.38995813384
90615,8104.167426031331
76755,9102.47843137689
103371,10289.305692874868
102703,10746.335314813667
83856,2545.8510593694723
105099,8758.927268208794
79080,18930.033549983465
83898,7103.082212232389
88241,10436.882716759565
89549,14367.940023148045
79740,9469.25640887311
81937,25748.408329351994
99084,12000.950816165365
106967,20488.434526214758
80358,47850.8091288243
97694,12779.919863777495
87454,10122.912638434716
101943,16463.699410391742
105586,7921.611146767417
105651,18906.75841855578
84667,7131.207354485607
99050,10365.464867187042
81245,25481.36753931456
78547,21595.01174734124
82473,24002.465212448085
85978,7624.834088266496
88385,10024.779704270068
95452,13617.269910664012
98159,6533.340228744078
107952,10252.376407409763
107265,7878.679495515875
99744,8454.971276718155
107450,17606.85346666023
108280,11835.59773993869
85684,7718.518050367733
90660,7437.599664923932
107627,13470.871054953137
93896,24181.0944569656
105931,20243.994612661263
107160,10057.546419180015
94644,18319.819033433436
100057,12777.637886443088
85053,11014.699797616562
77037,33179.44195510589
81281,12068.057804724429
101247,16949.63895683679
92031,29783.93493897496
83306,11455.717960457247
82079,18138.131430434376
85936,13641.63432917208
90480,7348.904059052793
92696,20323.03905671691
105467,18648.79198111756
89682,7424.412515723909
76305,30435.233480413164
79665,34534.7290296178
82839,11189.524277160379
93076,18399.36279670367
104369,20099.805245868334
107999,9097.080950149088
83787,14143.017203493866
92554,30067.62492010448
99110,19585.62923972889
82707,7249.879835593398
80261,13715.23187354076
102365,9432.210574814906
82760,16879.17564682687
81142,36140.87927608742
88411,16181.709704686627
97734,11714.925798433205
81604,45792.86946683714
84705,18915.497969035423
104661,13064.74328106161
87897,12310.020509493694
84651,8319.723188859945
82294,25867.068268721665
100689,7355.366769426687
105236,7909.368948433666
77656,13463.449644713017
94054,25745.02534503761
96367,30076.367599160112
99913,19085.534712716693
77083,20705.194105854785
104849,20075.194658369477
98172,7572.096512964799
98043,14661.698201944288
90979,20873.79889416126
93136,39108.08032189532
88750,8823.75136527367
88471,7847.81379761245
93720,21895.823734056066
76649,12212.69716076148
99291,5777.091389224236
89267,6093.388468131232
108244,9775.405985228143
95194,26781.022033980764
103998,30084.225816562128
103782,8086.5794384761775
101502,12580.798084279495
85961,9973.290538125655
99073,14515.343252353261
106535,17348.7597210187
96594,8344.655962531142
76156,34864.62095559053
85484,8706.230201696042
79139,11986.3981939428
96730,13366.66054711027
101796,15065.566915411664
78809,31248.501730413176
101193,6764.586129145775
96275,12484.848248589864
98321,8912.683111543962
77928,10734.65595658617
78328,30967.53212157645
103527,10437.99917230199
89266,10336.237984882944
99074,8428.636753554301
97952,13201.997825244343
88220,14017.784312619191
90223,22930.09812397161
76506,27174.22623157635
104498,22878.847766052364
84634,17069.299711094412
106803,24666.83620143321
80608,14368.237258417528
78715,13237.298054761322
89962,19796.96982384925
88958,13825.345992396951
98941,14401.133669108776
80707,18235.95847933664
105934,9391.048472514307
106190,16483.696119035652
107803,26089.087737675654
87945,17259.763593548243
96859,7957.744981554731
84495,14390.972684706403
79965,32845.839720000346
89496,8038.109623010193
101195,11031.739047116936
97209,6910.774457190616
101751,15629.364485228418
101541,8996.972732078684
96051,13573.748028267011
85075,6592.031153174644
77118,29896.424359107776
80487,11980.346909351965
106184,10843.217445485554
96374,2637.4505574788463
91702,18374.058147847383
77517,22097.471314715516
98188,12576.978525613884
91641,20914.092264253868
94607,24943.981702753263
86769,9722.93318766673
80484,52740.96750196626
86964,13674.184179467038
103086,9247.011094618594
84257,13065.125071057368
91852,16420.12731391625
87431,17674.743162922226
80439,26192.155701828986
90405,13142.660019430792
97647,8162.702388169986
108071,15391.93259056083
101911,20283.02135531358
82293,7845.753622550535
93627,9801.694247403637
92080,31016.726006213863
88291,10136.959938221305
97591,16022.544369964698
94632,13302.189628351602
79572,24068.314339376433
100727,14093.693944687837
77760,14436.372051134025
80267,27091.993426035755
106167,25254.76535191225
93339,22415.467089510727
98727,10733.822252456996
106765,15083.091258243403
106746,31160.89454908771
80012,27318.924539731768
86651,9902.019792761177
106616,10732.732841649775
88617,7662.246967421756
78380,13197.201516929646
102380,11098.085832962957
102093,15701.588951884425
79049,44693.12135743597
104933,15827.186382124415
81578,22687.672042241604
82296,31104.29117209351
102256,9625.123396923676
83868,18710.93620672135
101459,10141.006821180421
85014,6377.782876431627
90820,10906.349067354524
83173,7939.009327737382
91252,43343.9836166267
102307,8209.787913451357
95153,18122.49356161258
99149,8266.390768523639
76130,14464.967411292437
80049,25972.91002280179
84353,12406.433881474979
79550,9785.141055795553
106113,30168.33099056684
82182,18348.269352182026
99898,11720.095029731936
94685,26258.296898559343
108125,17979.570967579642
76144,14837.391272227333
82087,17535.09839365267
96666,8467.354187084178
105109,25960.36781803159
94341,38225.96666009448
80039,26479.8100254346
91350,21215.171308750487
99415,10447.529076172288
85832,16006.916967042896
94022,9757.02084779695
104332,22373.937928081392
89367,9465.880284730667
101420,9771.06022900028
99401,25715.806737628584
79179,19152.14667260633
81603,16923.005783616685
94068,20043.02143404961
98185,10561.441734671147
99646,5707.131100765926
83218,14003.240018445253
84593,12492.523042438965
93040,17408.15882055429
104544,13669.893881883874
98735,13187.765083916885
86524,7268.306807054966
102541,13827.707929749358
88339,12584.943747101543
92750,25124.66223568219
101882,8952.740431949254
78793,17996.09917013494
100625,11462.793189416254
91791,20261.29756705317
98604,8908.662252108232
107903,12377.104244138623
108450,9690.970131947199
101903,8368.332901474168
96190,25195.184195890186
77299,17836.38652850428
96588,24719.272710920708
80932,65504.928488455625
81221,33949.02221459882
107383,11428.672022571429
92815,27745.038618140083
98724,13646.419406629519
101984,11245.916709066447
85939,13117.331135828932
91597,27422.32099301362
82514,9733.708810789025
88788,9817.53382529934
101131,11069.07233651669
82614,21329.126949310372
101646,11463.625508834042
87641,14483.543453363083
103855,13227.119798072132
96901,25033.08647442606
101942,20049.393330103347
92415,29156.180176015634
96467,11236.354190193433
104656,32222.93256257433
84104,18231.195411712695
96685,27007.292233603286
93816,25307.956603702572
104925,8341.723054618875
82086,17904.843793296095
93855,20504.295548614977
85411,15599.984243706915
88743,14937.200644712837
107201,8507.773461820345
91771,13682.565799613809
81001,27326.008609926823
90074,8557.972127740944
82791,6955.400796645816
102636,2115.88338408291
102722,13216.99092842603
94571,31114.690405990605
103852,8087.989920525634
81514,15876.7952202972
99997,6619.82170941293
85808,12425.683973770478
95355,10029.412784364662
101928,7276.339033972185
98862,7199.9683640288185
87759,7857.484228333825
101810,7951.679545280431
104902,41210.49290437499
101361,13120.115046221044
81707,19151.814321561622
84482,18823.234591413275
87358,8324.282484010864
103589,10755.864373794815
103675,14964.568696768269
76652,17339.026806157628
104101,13323.018453217644
94807,18264.99634687036
77325,11377.427572407712
79875,22562.068287848368
83034,13263.477093983409
94997,25521.9965301092
85209,9894.191457939281
88344,11907.832890581478
98849,8342.199583120562
80527,26632.479296963647
87245,16215.363441466512
83783,16153.77396780544
96515,10307.699801521001
95110,23283.74192695939
92177,32672.91331357673
94690,25022.381896932187
80340,13689.135508603726
80211,21180.93510711279
87440,14415.532254244903
97742,10357.246309770393
86586,17942.91408544863
98006,8626.570890225526
87613,10416.166824390666
76521,27157.680537790187
105734,15924.850913626235
87925,7397.620244340015
94634,16052.631392995854
102227,6614.180767304939
85292,8764.306508306669
76921,9053.821444165027
95158,21331.03242798007
95582,22822.49181583987
105636,24132.868947055416
92793,21867.5087843114
80981,39540.52844918466
76421,15186.74536736994
87182,8343.226210738114
93677,18971.94469103616
92969,21394.62780602235
95005,16239.883950609925
85337,9400.062435584987
90477,15546.926745333565
83508,6100.3337916884475
96886,14439.214256530246
104112,15007.39732668235
93923,27001.300217777363
83338,6945.146058769268
77100,23901.51594467964
103801,10565.601392811452
77772,24564.018735424754
94352,20090.353125047684
78360,22067.626713962993
89986,9966.730666131782
97654,6248.033342259896
90295,18868.567029507863
89180,14736.840410980694
82039,22477.658006919453
79485,15227.306609236732
87606,7083.896436352458
99574,5708.059632459101
92198,40754.72503283608
83529,19882.73419848479
83789,16512.39454322356
106137,20829.814211267276
81731,24578.138747384695
82668,9795.481090187785
95865,34614.51206202249
103389,9258.770420624343
98482,9834.197584192741
83775,12185.528495974417
98846,24761.94670252793
79233,13517.841705769793
93254,31587.079295475607
84246,10584.135957712322
101996,14567.349265297848
96237,14557.443733910332
104216,14805.311375510515
105667,33226.21049183588
78813,13048.539384168085
99270,8900.503048914177
78588,18950.90265464445
105552,12247.991388084976
97164,20394.401081437416
84342,15786.05386714853
103688,19490.25277022446
77484,9091.23438114405
94326,10099.492744608518
81254,32076.52083488883
90674,13197.255523630112
104261,10429.650294318613
106636,16791.08655169126
83188,21920.71657215204
93725,19210.63327179377
91349,37019.269562569236
106973,10296.917255177945
89671,7084.248582676283
92830,22405.948780938175
105964,17967.742407785267
89696,24483.534226430536
99813,9064.123918038265
108159,40402.961021215575
84988,15746.756829680124
84921,10895.349644183361
93609,28670.785390989495
105751,11747.004118729335
92102,30516.202918235325
83130,19160.931231569488
91136,25269.2704633531
78276,7114.16162385924
108370,24648.352330476864
100384,10609.375455750376
84940,10686.010922446862
91942,44915.97210444618
94454,31580.626075017724
100909,8857.589953861885
87701,18714.576962512136
104798,19373.189909055724
95263,22796.54251901176
87121,10320.5727649265
93095,19747.125102408016
85642,12832.552743082675
92656,15512.09836470898
95617,41874.347332651494
78219,12836.339536418249
104179,16153.471344079962
106438,21675.624133818397
87196,11153.232767003348
90335,17089.3472871975
82059,19490.236521877272
92365,20922.00813691024
98309,8727.52199981444
77684,12881.195721218188
89823,10763.294531891539
76689,19492.72195935299
98279,20770.70084937537
99892,8629.595268579244
77342,31554.168751348177
81074,61885.032448864666
101487,12111.78231987075
79070,11927.056600351954
95231,31194.096409294078
102572,3697.822442986765
99529,11683.639900018981
105996,10118.371008804856
100780,7558.236031673166
106814,10918.64570400984
85545,15982.006368282338
79630,18630.833593241987
91145,36420.00362863443
84823,9639.391438698285
84954,11145.439397654109
96658,12549.07949923539
91360,26606.299877729925
90452,13726.468905821015
101820,5926.343157184879
81605,21017.327962572264
95895,24567.561633756377
99378,7305.2288198432525
89327,15317.383291275024
97326,8096.584006606817
100777,8969.2999337351
87405,13243.820066909606
97627,20527.244427745045
107458,11434.134718712918
79060,16913.5569834316
96136,12706.158681424326
98257,8751.067128347962
102335,10678.680398070814
77850,10293.977548645718
102160,9600.584628022203
102379,5715.514008159211
104579,9613.714952126988
105614,18250.776236289767
100113,10779.260570072629
91032,21541.56405967352
84428,6137.47749970661
95075,12861.666396156259
103736,19782.24783819516
86290,14729.75103515055
81511,33593.27308095414
90680,16416.635634142815
108256,16712.577217167865
104529,19908.286074148324
105190,8578.925743170024
83963,14441.039945737506
82386,56927.41019901762
96710,6469.601352947539
83474,6359.00060608604
85539,9739.249675253244
106439,17615.612282320715
102158,9896.268322353008
88822,12833.622266174978
100881,8849.032312915875
76677,46976.23025960582
90178,7650.170351001575
93735,14482.838496633622
84662,11870.451751647042
106182,13680.210448060348
83398,12864.672166880226
87992,13970.645099279369
87968,8475.56317826935
103912,15038.069533286705
93375,19969.911332997937
101226,6919.346353798679
77949,29879.840344380154
85607,6844.4814658958585
79522,23385.31485350322
77739,10420.623483450654
83123,6864.8998837228155
98241,12973.789000436656
85653,15220.842978901375
103346,11143.950415054513
93933,25098.13161970493
103652,9224.373118213407
101032,16119.23320576516
95245,43761.89611887257
87397,10835.08040452575
104051,8022.854577973918
88815,12927.824368611122
78834,43417.24843184729
86348,12008.023106726083
102205,11163.26826857278
85638,7223.672873329109
84036,12473.657299954471
103627,10815.410371544953
86641,11105.518064077896
76954,18184.285237933727
96042,19018.077738764045
79230,21389.125288602907
81240,23022.904184688192
98464,13758.382774969963
93761,17863.84344680626
86239,16192.541393665888
106231,21934.508001913982
94092,29806.56632769127
93651,32403.501370005994
102239,17206.81177953171
108216,20661.707962671822
87035,13230.76625831688
77754,23879.060851066755
102892,9630.142765609027
104205,8696.747975332868
89539,6966.921104843685
94276,18522.83313664743
78405,11737.26294866461
82829,10745.380706332653
96653,12503.124207126277
107768,11075.22645333645
82557,10524.254659272243
79190,14614.600222824198
83639,19654.665903713736
106302,24721.90139273311
83161,8768.327128619347
101839,16274.684817924695
76769,29020.174134514833
92536,30165.622704507645
105981,10649.016715921838
89644,15154.30765330901
95175,25103.842915025805
95837,25603.345076721067
81282,32223.164018634285
92231,43085.6485016786
85287,16472.25350053578
82582,12178.359870901348
82666,14494.899773737816
75999,16198.384341298708
81738,17914.172474549927
87020,11134.591460278485
93066,30632.799043032137
88496,6902.524481346938
93297,46890.98907255389
82044,17066.216757263872
81673,26753.60472240608
102694,7603.237964871987
89509,11035.299324556789
95965,32163.578269989088
106101,22041.908818615142
83569,9111.30889881932
104718,21812.52584352868
99492,21448.053450184558
81091,61901.90355092013
91028,21441.233710265264
87981,10597.151116037548
91801,17956.50748456313
102243,6453.408277366852
82445,10382.898901788965
104094,6127.593623967679
94745,36245.27346776659
90106,14222.149070524716
89015,9541.099472668657
93183,17573.712052440493
84610,5070.766102171176
77055,21395.618210199897
79194,15529.880761942039
91155,27854.11005378278
86569,13026.007711939004
82485,7116.145081024912
88760,9969.005753806501
105923,7512.864350612556
78686,34692.38075474301
88814,7712.223748455296
82320,17133.824467616512
102937,10888.885253422737
87116,9795.764875991557
90494,9591.926624649119
106037,11033.195344632411
81698,37749.60028307769
108120,22233.865215869082
107501,15320.189244443141
76407,22310.91514575422
98601,10983.271680427262
107872,14646.53490476572
78176,19299.77181386229
93534,48473.02287867055
91839,10217.669686845877
106436,17363.34595466494
82935,17325.25291938665
84674,16773.077405615255
83479,14345.468859546365
105047,22433.62496077402
103698,6972.036313857958
99614,12983.093412470405
84726,9765.720403235044
84695,7306.89175304061
91147,25593.365127762325
87076,17968.54417808311
106200,4853.3854946751235
94496,20304.885134104472
105826,12397.289472650224
94976,15831.636299437747
86380,11265.007801135136
79211,10827.985372489322
83213,12162.744973037035
84355,10862.310544583457
108034,30192.81091940095
106948,9587.86391108716
94995,32467.194461389532
101963,7126.843227176481
106550,14805.311375510515
85682,11801.636067523863
98174,13498.375069812539
105423,10925.531174633552
77341,14024.15408419269
83563,14117.513370561515
80177,25619.234659973885
88183,13252.092374496857
77520,19450.75002347762
96601,11872.752578988802
91964,26115.44850391022
86685,11952.410447306132
83039,16372.806371298613
97785,8485.49488852025
95814,16030.793404362335
83452,15261.794736400616
84518,15424.519846715579
102194,9461.661162290022
85247,11210.605824718215
85418,6115.219587445271
77908,10433.42475192222
92033,21071.760175200823
80872,14242.352957802434
86635,10582.091118493683
79420,29197.480267654526
98251,16968.569203926094
77158,25720.339260737735
89969,15611.261826928885
85928,9640.05798048012
91375,55126.98287595191
80568,22589.604086582112
91041,19876.314415745368
89322,2087.1023269494963
88057,11010.597748102933
89486,6948.104994536639
105977,15527.530846482463
88167,12725.12347093001
81115,44199.42443025649
91486,10082.371874429258
100782,16552.841392638744
89320,14055.10959673119
79784,16712.49014094636
89096,15973.171524781848
78264,9104.016819569892
97581,20641.893152519267
79576,33439.661361315266
89259,10290.598846751247
106745,8855.313337852696
92013,25093.105176379704
86678,15039.048684015717
102324,14184.214684893408
77632,35735.584917109925
106887,10572.468293922253
78950,21187.53961191272
88191,10152.806605445556
88247,9688.49174997696
94345,13064.430486187111
95349,18853.193871576554
93901,42359.785815317184
100074,9689.959803824868
85164,8597.793401105571
106172,22369.405667905645
108479,16217.755556375667
101908,13717.326520626253
87385,20222.130584680715
81494,10474.01892136466
81977,6231.897492097637
108330,12213.911841868048
80073,14325.27953093872
98716,11289.961060353993
104170,9161.420726823577
103992,13458.300607960704
105540,17885.041057358452
75987,15096.70395872245
99496,9558.2987248226
78765,35015.12971237518
98564,7653.526843722806
81895,18565.186319114924
100955,12037.15987501872
77153,48825.25264395298
103888,7882.681267569793
105921,15690.997484526895
99660,12657.940272179214
78579,31734.48838551278
87023,16556.45237558359
95879,15926.664616266586
100433,10441.627910842055
83011,14018.675131489992
103255,9961.044253575266
75978,22572.845047070103
102295,9458.74116371971
92099,13311.394886484346
80985,27746.72283763617
99556,8505.601977020751
97124,8214.932260882717
81386,24905.450334902183
92818,27308.384790018856
76413,7003.385008368222
99585,16090.89103274257
98093,13839.848946655386
87527,7903.51857060255
77911,30255.686173316135
85090,16377.458328490971
80843,15184.004447737789
107096,9361.15450887876
88042,16062.103323212174
83948,32912.592778065526
93242,27071.876865105674
83677,9672.84581753508
92864,10718.294019162084
100323,10565.601392811452
81042,17454.59845385797
89663,11851.915194626867
85381,10788.472384340042
96699,13300.245311599634
92422,31748.305732153778
96880,19340.84456699662
88530,10588.523763038284
81438,28334.406171918115
83484,5912.960167188008
83637,16834.809318359978
89092,13470.488454040365
93732,21602.585133631736
92925,19350.45685297832
105183,12608.252411128275
98369,9631.504722462205
100868,8000.03942465479
82430,13735.55958911522
97604,10208.086671739655
85474,18127.330314275725
90978,13131.470906222008
97258,17982.16180307546
106720,9721.03280561743
89418,10870.628116032905
83154,8511.803902736088
98671,17797.26401772122
105356,18975.979611900842
88880,16509.47193837668
84275,11706.395470746464
93184,10148.321956582397
99811,16158.778543345952
96995,13076.626777731555
89700,7038.085275227035
99390,29177.495325169704
100504,10106.244350733063
80427,11399.684972586561
105125,22668.087025748697
105652,14257.34883444615
82706,7493.671731085567
97831,16502.304619302235
79865,39787.73714605365
78586,15197.281755727681
85926,8441.893559204822
83961,17524.183408284815
96313,16675.924475011594
77556,30106.484380978804
108155,22127.081870130296
77590,28904.199221679643
90192,15571.43454653202
88094,10363.349768290343
86737,17991.884192182843
107509,19917.019833441336
96960,25210.805714792852
85495,29791.4621121756
80902,19830.36221022613
87998,10449.090937436915
93672,19827.980646285156
101245,16409.076745702303
85802,22084.109411126137
76378,23267.305249170196
92576,26076.42708825264
80096,17328.687706278564
103064,4827.167319663513
101782,14199.563696434805
84729,15810.480944405454
78010,17020.08368912319
76995,12982.446047129913
83407,12323.04069028613
86858,9676.858591620323
92623,22679.454180725734
107680,20814.438098011207
77324,14653.080613906997
92312,15466.288028297568
95266,16895.921870335693
86907,12926.874724193063
98403,9349.976380662192
77236,24747.624246487976
98098,11653.784763311483
100392,7709.707863279579
80696,13140.807951463246
100083,13270.457093313295
107500,31350.442307810623
98415,12178.664348850063
89111,20007.058849954716
97813,12231.49207891556
86818,10677.25360274219
76368,18005.876921508072
92461,19462.581157239565
79280,17785.904970921994
94481,13527.048704382169
85233,11330.131778164474
87051,10283.769205341248
97596,22955.493144502223
84911,2004.6126293749396
84923,16645.338048592537
100105,10812.949079778871
100360,9857.453325219392
87548,18336.293804503443
106839,12561.305622536316
97625,11136.430404780873
87757,14174.77455262132
91686,19153.733037957
98789,13885.231055439444
101190,7325.959860181363
88070,7277.582805667628
93252,18457.715347777215
99741,17036.192953294045
104820,8345.742194952247
88169,12101.711327701434
77198,10811.338956115444
93558,33341.53766543543
82381,18580.380811257197
99874,12421.954578173996
80727,23015.363121742757
93762,26189.098006067474
82928,7740.804862199929
82083,29827.336358154676
102681,9588.378546260712
84592,6889.525841350849
90373,30674.79159482499
100741,12353.374017739394
80833,11596.940032472341
91415,23107.969211581294
98086,11683.639900018981
88138,12937.077106596702
86387,15772.158574541192
95134,60030.93456466896
86392,18036.991188457352
91440,24139.687421160193
79877,12911.258168050976
85439,12594.852179383777
88629,11833.609534905137
90541,15909.224121849627
94365,19455.441277397218
105625,43240.96425977737
100340,14157.290730514072
78761,18926.578620424592
89066,11098.953722808057
92418,26842.21597230971
90530,10689.526475339768
91595,28334.822241210622
101516,6944.491843688849
93518,13721.533146538963
93676,15252.162416867217
77432,27703.39216772133
94585,16045.790938639551
96358,6621.1614049162845
78159,27934.98081290493
93872,12216.532505842097
86968,10785.559672574436
76425,21700.069548377498
91431,26092.077324300524
79862,26130.276303465474
86839,13503.687488668831
100378,11774.56538124993
87028,8877.11249794226
81612,20733.47069362364
80822,21791.777041050485
79272,65250.60171814059
76037,34517.5888806941
94336,11231.947571032495
95900,20430.35735788325
89645,7867.233440681424
88068,2230.9423389097965
78067,28770.582974695793
107703,14918.697578753696
106822,13556.103135746835
82155,3261.972988668243
91564,38881.894998675954
107241,15624.558258730378
79829,28832.93771823942
82574,6007.495509950125
93529,31881.589804665993
86196,11895.079089074132
88887,14035.59425934293
103822,12049.575940952993
97431,22914.625081955102
80655,20938.12105513026
104352,8728.179042597603
95983,43789.92646084143
90231,7930.293395444824
91426,27338.32493687067
96804,13295.472738346578
91789,20874.575197156053
91063,37431.903269538976
95672,27158.947261030462
89669,8208.194639152967
105177,26092.494249171858
83317,7613.318473888276
86083,14546.281132131617
98558,9496.049863521892
98497,15738.673170339009
107910,10293.335149190463
101650,12736.160299486148
98157,13235.874161629728
99234,20827.248854179128
91943,28339.468309015192
99237,6852.138545134446
86413,17156.34390839283
85589,8457.24261165778
83028,11306.852173704701
84633,18160.423449231257
76000,12644.255920749234
100519,8823.608641774148
86940,12420.507512185663
93162,26896.294557928584
98061,8455.137601147155
99205,19082.596395266213
86507,8917.308020505885
91613,27404.002101507416
85308,9897.970055044507
105270,20896.96700320919
90212,5762.827025571571
94127,8952.465161059945
99422,20449.049482342733
105583,10244.742255575464
81264,28534.99808732581
96205,7261.805197989856
105242,27786.952621564833
91770,20868.332317936427
101725,13370.813880258911
108296,24663.86142365543
82556,13004.143291598779
93282,11052.22532408239
90749,23448.718453660065
101708,10429.158175913795
98952,10341.307172943643
84008,6874.356165482793
104420,37580.30192401746
96406,7782.090208251695
83723,17745.358176025347
97143,24409.12548818579
97025,13343.103399597347
81322,68852.38123893754
102314,9718.801594685785
79427,7887.798185224463
107605,26920.4800582687
87036,7282.399948960965
91115,50146.80307106978
107095,23297.156827701634
86726,7401.096813713961
89311,14683.759415874587
85612,6743.340704759432
78297,12682.667465809427
87140,15949.17206674746
99815,11901.988330581944
99814,10954.95009878817
79285,28740.76056631101
100846,14060.981768809286
83155,12709.446632077355
94858,25886.822120902416
85781,15570.979168449026
92914,22268.859360697574
98443,19709.926823863858
92134,15474.950631153028
102425,11426.418833243879
100338,7279.794361725563
75995,13087.214597292505
96586,6681.005951975792
76467,12130.442777526365
79386,23762.590379977875
87549,9532.620525384782
79953,14105.098075559812
85516,7795.7517438927325
102251,16302.87646736023
86747,14086.081324978104
96255,10511.18808122195
102580,4372.505964650677
97573,12229.879234863596
92803,16104.927090296602
103185,9776.18611249254
93477,19876.923005431523
90488,16706.14196375451
103256,11915.33583594786
98259,9635.686237502656
79168,22753.389689802694
101416,16350.928878579332
84088,10191.493441333483
105807,21786.136070154407
107132,16140.984748953339
101505,15493.854768576004
96102,16785.435165689494
80342,21951.19494909418
83221,7899.991692686438
87186,17767.985073673553
89162,16731.77066286512
100282,8160.334621713056
95292,26963.390159261373
95878,41652.077887283645
81326,13951.510859690676
88518,7860.737059721146
108243,30773.859339232327
108026,6903.785720956183
96751,10631.072721462808
90571,11931.004166052875
76767,21168.45555651065
87910,10670.464158423494
108470,12206.57078760671
82634,6583.728536388538
92666,28573.550830350432
96690,16999.784436340506
102493,7739.9325650304945
99491,20157.550940906174
94959,17710.83296235114
79015,46135.03572202188
93400,17242.189785940118
90577,19555.448134970375
83608,5601.255053040358
101527,9026.824319016363
99227,9040.636075820388
105333,13937.239140658874
98720,8651.231487559948
83359,5519.995931520113
95498,16858.397486584377
101019,13489.484307109322
86045,10573.610304720265
87546,11215.824647757454
87526,5339.6920384664045
83304,14617.371064711282
81244,19848.63766482142
76248,24186.997188001205
90107,10129.46012173117
82584,8122.3864296302545
97783,7773.278388121629
79048,12739.244575007155
94531,19362.430074361477
83872,7909.24545780224
95726,26517.430289992855
107362,8794.068187203658
88562,6500.569823597878
105680,8222.183993872373
77859,12078.575690023903
82802,11125.353344074116
100220,5935.539354734623
80149,22987.982832465183
78826,6646.584177057389
92081,19933.992268130347
90008,22999.194673815284
86319,13153.855148120338
93624,26614.250211007122
92325,23997.537213558284
87857,19035.23023249714
84996,8279.197768947059
105536,7929.1793832709145
86209,12007.717064613624
96095,20725.806275694686
78426,21794.91214485507
80287,19308.860502521813
98154,8043.279599865866
84049,16543.78877780067
99005,13568.847903781165
101228,9235.183073170796
79488,39168.22103536499
95378,30607.965971551177
81740,16394.030534528883
101394,12850.746697825749
102736,9124.131986058732
75993,57247.98680523201
102322,7948.302661097731
106248,9422.749736358652
94377,27412.75371670732
102281,7321.020892467522
99028,9488.11213623393
88725,10889.666995907557
101290,8638.021525337554
101436,16851.015177372643
107395,12768.42855263184
83696,11719.110632248246
87319,12402.209624729563
77845,8780.806952686087
94163,10834.545585579459
89778,14427.188654542088
81251,10665.190776371615
88855,7267.824748593042
99680,8988.557043189214
94593,18938.692915478863
79028,41863.65670197928
100784,8474.277696617668
90856,15625.245010468467
76836,22659.82365314581
105944,13986.513265521147
76844,13950.8598037141
85377,9577.675023621427
102613,10097.854555712449
105832,18936.88251737919
105173,13752.783065836302
107270,7927.888338000558
104605,19231.843377810852
93776,27434.160985177343
98145,15777.883065611637
105384,8119.574375804619
83797,12585.00847437224
78439,10643.11617306154
84850,18269.285529221244
81348,16278.83031867723
81586,54310.03329476058
97554,4335.161747487959
96691,6578.978168608248
100073,14532.391925800188
89195,11416.890802446007
95919,17707.652746116324
78872,8098.611117207495
91100,25414.64851152402
80008,16657.36277635777
89155,7007.618669022277
79002,4322.017936242677
80103,17972.1721725377
95722,26017.379332959823
92248,31376.500937007295
104759,12217.838225330994
101435,14621.893084751377
95367,28176.19241771499
93611,31885.06811349317
95610,26673.578207593928
87950,13109.399855906553
78095,23342.303120986562
78646,17128.145297740997
82091,22616.411706373645
103774,15198.018555811845
102660,7143.043962841177
92256,26492.743172272996
102733,13930.910655083127
95698,17158.289320149997
103008,11429.702461968851
76310,35444.124782748266
102230,11836.139282375929
108434,5155.080434262434
103325,7406.539026770272
89871,11647.29938044227
84888,12065.46179602266
94838,13929.193715762538
83744,6307.28629411081
89112,14464.461837801959
102043,9731.092180466985
105254,11924.043101423811
77814,22939.86077926397
92390,10074.931203099412
106879,17232.575122233215
77049,14028.790920987924
84476,11824.376572365401
81372,27115.354408188767
90236,8851.594912209528
92132,18550.041444805756
92240,19563.318548082694
95286,23263.899125454027
101750,10189.65073274897
88817,17150.08707145398
81131,22210.081217540697
84244,11771.98714037684
100801,10605.795876533302
95844,19741.477865425924
83870,10600.258653097204
88723,10913.038968003477
81243,23674.3211716409
100385,11890.369286248299
104717,16207.481646038452
91235,14182.543575381706
96520,9067.91254638056
93381,34533.65819154401
80691,33035.43498283538
92000,29469.640016235084
107035,27051.784050247228
102138,12100.785205838254
84605,8266.53259074147
79297,45604.82682440913
106336,25518.19579040451
94253,25078.448306710347
79716,21496.297160956812
83444,7877.6232905801
106618,11513.861218301789
96175,16479.992631545978
103007,10382.346551480568
83413,10545.732907419684
87204,14744.368846647616
102288,7837.403938041651
80637,25388.903385259586
102156,7786.1633843181635
99444,5701.019599941651
88292,14381.4264001212
88382,22529.199470836003
83149,16016.07902646075
96173,15137.76298886791
104005,19230.240549198497
78097,16436.961540920216
79949,20190.289721075707
93089,33093.48088514498
86142,10701.01543105804
79736,12289.657409915395
76052,22334.252604814756
80534,13774.43179018751
86998,10976.616320389689
92690,24421.785184064225
88656,9119.037040271725
94395,20253.641737016686
98447,6896.786777998033
97701,17082.396933202537
92140,16379.388916381964
100562,7086.189073814633
90947,13649.219076881413
101174,8571.433248762754
82150,41737.44227614176
82220,13656.557779496143
99327,3961.6396677547064
98695,15778.052432724555
81373,17559.12642908847
92571,11297.011167249379
99568,7131.388766806797
80774,35520.452032389934
88548,14460.802510181267
89214,16011.293086588874
104968,16300.787738392673
76079,19900.216972247577
106643,18228.649785847036
98760,13036.248513615517
79377,18302.173823595636
92075,32819.38869141493
83689,15713.043575908048
89321,9173.786553227601
101772,7714.281282732001
82498,13466.73067833501
100293,10865.615430271098
82360,23968.052812094058
98921,13124.677031900846
78949,32237.03659812081
77501,16960.229940812314
93322,25131.772984796742
85827,7883.961534089288
76428,18252.116918724063
105249,20851.722796016726
93940,25837.941785522235
85259,14250.736256044098
95570,30732.60952106667
87993,7909.075754634399
99558,6869.949297217925
91277,21352.19307574214
93825,19217.945629272217
107121,30416.09251561669
104959,16700.498008973897
96364,12957.919209445863
106601,18579.603068732893
106375,22219.492761982234
79619,12183.673752864595
76473,14386.313507690184
88184,11331.59918562339
92530,22586.051971240846
100669,9597.685730928019
97656,16170.500147112105
78071,28780.12202833145
89316,9246.556660029652
95061,22198.29350381131
86189,14389.991181316494
89553,16800.440245904047
93106,22660.754048136234
92968,14699.51685347209
84025,27834.88801646488
107972,10256.240401121937
100646,7093.936115243685
94107,40155.90644804172
93865,15109.111215654844
96199,11380.356325592766
107397,25169.46640794498
100882,12180.314347486144
104739,13674.095252961082
85360,18177.731231524216
85630,18425.82711968437
91862,25948.66293034619
107207,21581.58380209353
97162,7119.6792619189
80025,33661.735969110145
102082,10604.796433938116
85267,7932.713455146934
101929,15172.371177453204
101500,9527.08082294261
79709,17453.022623726607
93972,11001.87862308544
103035,11174.726226512767
99214,11352.721822118909
90020,15737.8976574607
93078,21555.386552824762
91474,27918.78178652534
104931,16923.46466424628
78728,26673.584155731838
79185,12991.205523786102
103871,7123.884175910777
91303,37234.767992669396
103205,18218.195235436575
102796,14542.747518092636
84381,5550.711812183553
80694,2636.409558718485
88412,15145.02592044285
87437,8536.01481759686
81938,23871.361202114553
87557,8251.728671342575
84227,17790.593275731448
94972,31263.484544291914
101329,14349.155080283706
80069,33557.21310138529
82432,6252.696769421161
103399,9027.625177144428
77538,25351.80446241032
83684,10645.290541582377
101430,7322.248131444581
104322,16898.5608807506
106856,13082.161095837046
83084,8590.873637280825
102179,9013.527593721672
91752,22926.857565745213
102244,9742.30364545521
100903,7858.628453833651
87128,13189.093555497348
104654,24837.115949411465
98265,5742.048491439892
101764,8759.773624830481
77753,12807.15388016968
93483,32647.57436208823
85586,6702.742462531398
83436,38399.64422099074
80395,15453.280546157866
78652,21094.144924838165
92985,11033.738789509838
87343,11063.739524705614
94390,30889.205713095802
94485,39450.1175209711
79564,19938.383786195853
106104,31165.104560202322
84557,11663.879871305795
105524,28413.78452387973
96622,24687.38828069633
85389,12993.675171062827
78029,50298.300562219105
107904,15965.340701522842
80526,43716.90484880206
102233,6941.251679513708
86058,13089.171185744086
76614,29402.187866341017
81334,51922.69517929291
95043,24462.35672252046
80400,16659.14405510146
100114,15713.446478472728
92049,25658.312118188558
104070,8854.976028396806
95487,10649.228666257808
80402,24810.5121989842
102682,12266.485961014865
79747,13916.899742486275
97331,16013.678096296282
92573,27164.905873093605
81827,18387.98897637635
99721,6234.188073239059
87560,19646.70960033899
101447,11187.596909505592
89027,9966.68771443259
100905,8851.078291425232
86467,12195.280962608427
90523,7934.988028984009
77588,34036.213436324564
79946,23840.919505785198
94096,19921.19489228796
106481,9056.470323245465
100694,15729.990641929784
91176,58177.33574848299
106878,7055.844071133082
99871,14320.795401323776
77534,10633.13497512562
102006,14584.63851339312
93356,24926.08008659232
85788,10056.438970784806
97108,17973.71558573602
93129,17836.71369222142
95168,41890.95989893812
96578,11266.358250532756
79570,13184.906824780539
96604,15311.417013121008
76367,7670.55854057663
105065,12873.344711154567
90635,16939.737774823476
107221,13763.963851034598
80375,12201.893784992195
94421,21701.895274255538
104009,9645.874793414398
84804,14155.688424110167
92074,27856.049276040645
103678,6284.914927771078
102350,19983.980742456984
81690,15241.71095717129
101817,10022.291936167829
108275,23381.807600116765
78030,16492.12856783725
91570,23539.779124046097
96746,8347.592514844373
89748,22565.95774261057
107889,19710.842056792448
88402,17163.219651805568
107789,16252.587358593692
108061,23118.114535514625
105143,16692.070617613816
107488,24004.000284935028
100812,12297.40401703718
97830,10725.306405773825
100664,13062.001832710304
80071,27045.947212230483
104550,12961.826728598726
99466,9435.738325307499
93777,16184.474466415159
108105,10427.485093641193
90322,9659.490809724051
101860,15358.228499003542
104129,9454.878381491202
77381,16110.512871522264
76946,35314.17885505428
91556,16521.9288556728
87190,9474.145988036173
107647,20443.268520716694
84177,11844.885417932828
93266,27989.39555012785
107341,14195.607039250312
92693,26724.251153462566
101292,11291.920077390585
79651,18124.479095732382
81654,12212.233682304754
89688,7858.474854800139
107423,14394.462924991984
86626,14310.829597614522
101633,17687.01855963224
83827,10722.68969171179
106678,15654.328423470566
93756,32910.15191581373
84185,27701.755202484717
94867,18519.12824469595
101062,10379.743647834151
76567,31801.34174143346
80522,19611.656168296202
101932,9550.2465499661
86016,14208.289371862362
98609,15147.031726836236
84081,10743.742628057264
78446,11075.49863172637
82074,21522.142543773454
108374,31457.145192774235
77895,23732.9677482993
93416,18879.11852016972
89357,9048.197052856638
106786,10916.242357492103
102766,11294.316441403007
82233,12407.835330269028
84115,10670.297943816644
98073,10862.349148984256
106198,6702.890348491581
100335,15860.06853611984
82169,17958.791770646225
101191,9317.353432147676
94584,14255.814637976628
81980,17704.60676332238
93574,36852.92764402094
76934,34817.12129952597
104181,20761.45115179341
85205,12904.38449349084
101304,11659.212263657379
77927,47787.85380724229
82028,27504.286661836013
87191,23872.407417952978
77713,13586.231614332322
100414,4708.687114826749
94287,22259.517243875856
97941,10149.44479395525
93702,26516.8009084136
91433,24946.868508677835
92420,19543.156612249968
88433,17007.10119238593
91656,31986.567235881033
94313,29155.19677959572
91218,14895.218395844742
104418,16970.046164216532
86375,10133.917894179518
97556,14016.688442365197
94514,48560.0074339381
79165,40405.55227893447
81780,16267.832227605082
105424,16912.077736412328
77427,11541.52405342153
78626,20589.150170709017
85465,11505.383017428838
87616,10665.809111512553
101667,12026.622124723792
84226,13808.126092544802
104737,17601.93010310613
95041,32427.95222826338
84070,12139.552783424453
79071,15156.124789166633
98688,8905.356142915298
91104,35617.28421382391
95301,16953.907981414603
82795,5972.0968817913745
76606,20183.998377125146
94708,23465.18363998444
82934,7132.2044705667995
101243,4763.909653084689
94629,25827.436206775896
88235,13030.708906877302
78913,51525.20043897967
94480,21859.31200190909
77005,15535.067780371975
95511,23101.481920271068
88879,13112.157203137058
78396,11521.83522879935
99977,13337.003315147058
87602,15264.015390657363
105439,16895.8110359254
91094,19438.290173586982
103575,5959.142633445665
102840,6932.277208583117
105367,10436.44112938925
91884,21975.36667250741
84572,10697.146273927216
96544,7870.141753043849
94082,32824.222256680434
95510,13128.296594754544
85718,7743.397363412638
92527,19083.589601847787
78855,13935.257899748825
107521,17127.476630443816
98876,5091.750217378648
98440,15161.24430677634
98714,10606.974984571583
100643,12029.956785517408
89570,7109.0928175866575
94168,35473.32235206964
93299,19941.636566277848
96033,20389.83292334798
93742,18518.66877662348
89946,14040.57720668034
107741,3659.760648142977
77268,17223.68671994955
84848,10338.070943822948
92323,31814.749900189116
82181,32442.495619545785
102252,6789.920529481135
100240,10060.032094002336
90422,15425.286084635429
103145,10997.195901718735
83333,10717.101922926615
97103,32623.114558796864
107379,31207.99780206267
94694,23836.019781217605
97339,32038.440861215742
93104,29359.326819144328
88194,10237.596260266311
81954,21671.565916380012
96391,17181.02393410631
76563,12025.47351329963
97630,18731.19099431076
80201,25623.70527941572
87854,3211.1115263195416
102312,10482.015111334162
93848,22616.11668491276
82542,5995.982123329831
102300,17285.20448643472
97229,11694.524265031503
98907,24340.937216327045
81238,12536.96293144991
101377,10344.934794330602
79109,13792.510919920709
88044,5360.954642093661
91950,31839.484527877226
103403,8723.511603879842
87611,10443.96458131059
98169,15917.313124199301
84352,13794.38501330906
91787,18483.768527187185
85668,7995.865161894876
91287,16808.82926820994
80289,17676.82786742163
80647,24095.79047438317
90612,25212.1786602897
84941,13691.086841135182
85955,10338.775298258677
95019,11219.86978483788
92685,18522.608803547624
87156,7961.484578835472
98300,17313.805950174607
80737,22280.978469570964
92849,25837.623898873433
87490,6165.340735475297
106168,16989.597770471348
87014,18625.818364305127
95822,18752.044339322478
76797,14723.33362713541
88416,18982.63650261208
99974,9504.773557111881
79248,9765.68278797509
93969,43552.47097167771
104746,22654.387153963926
101092,19167.56732302159
104076,18602.592221735264
99087,7794.962026257133
93808,27422.657707923292
80849,31394.408090244462
93870,41722.450066671736
97218,9057.796832727436
85690,13445.284811032658
82581,16546.877041090353
81062,14425.253458883428
98925,14615.50551799289
98116,9108.57853465612
78229,13504.32076949773
77717,3988.0781427947277
92227,24577.86247667714
97525,10492.082898350924
92015,13738.44825720153
93168,18271.49937219565
76841,19891.669904900853
94920,15583.51349985288
95188,12212.426304842287
91909,44248.39003738578
104631,12668.878985023814
91186,20733.307219317852
100465,11618.78112903488
79253,18509.791813004253
97133,9689.659974474009
84758,10178.858154418216
83113,8979.999114344851
92012,28455.272131290683
97730,11210.480199103891
89579,15916.51487345432
89670,9604.383047673247
98105,13429.556120033361
79497,21036.093293633476
85954,12797.513650877072
90314,5542.159165612823
81052,7562.301937989998
78531,15240.382833772448
97791,13291.562394940958
77746,21755.80645823297
105318,19997.793563840954
96956,8981.563533531242
84493,10601.11339904978
102164,7875.078720310154
84640,16348.9182079399
83292,15048.65637374186
80446,32584.22100568312
106883,20040.237919005638
96822,12249.065354097067
99282,10117.276456873786
94359,11823.399004558498
105084,23243.917860798665
85908,13726.38704506088
106431,15909.555174196323
97313,17763.549796018448
101268,6356.858287371925
77989,15243.340341889989
87682,19214.854497586515
106611,34582.15159249492
107890,10462.080980705157
79578,23835.214665012063
92372,30373.85833596956
93915,21982.597145808868
85425,9038.317393007988
80577,8581.213439188597
87561,15635.072786830999
82120,15841.814331651396
91633,21310.73582544242
96970,8856.330944955887
103356,11277.34354080487
89416,15662.84140419659
101155,8658.119657809346
104222,20167.885002297266
76104,17081.53704241711
108362,11582.405195575848
80616,43169.21972110141
98659,7698.161839676744
76470,28072.263962834353
86501,4322.825516308987
103166,9606.594325614717
80799,11093.467962158898
103699,12154.664870465132
97005,21666.86278028482
89375,9421.597288721308
89434,9276.835936763206
103114,10922.06156371033
99021,26499.66004758341
85368,6316.598963051061
98207,9637.232694684428
88420,11521.635769346596
86225,11489.618274351198
107761,45776.04898332931
83146,18456.062825841855
97834,9926.165882931513
95729,28868.770383121377
95480,49748.18118088771
76736,25981.437509207382
103683,11904.726726404839
96410,26077.034049782218
101570,8483.94037872101
81039,13009.080160943551
82813,16816.638663900376
88704,16338.170256685575
77926,15037.560804957804
89560,14924.630208751454
98902,12248.220093355927
105164,30882.981942351213
108109,12156.408329223397
84480,12416.077960753988
98239,9104.970002220567
82385,33334.0704784406
91637,30748.485117537664
85732,8371.66792235121
90790,6883.194113604397
90251,7473.560347318289
101246,7990.115760211439
92962,22257.269291857097
75988,21903.534512931874
106880,18635.31187018766
89844,14375.309726959025
79925,16195.211163911823
76282,19616.58943026713
85648,6379.744579683054
95507,17185.48970323423
96605,21731.174960317458
90201,8523.77844261758
93506,25566.476484051345
78490,11757.978164827551
106831,16055.383604131266
78101,13752.141507176511
93059,41106.0918930707
106820,9580.233993635928
80839,26762.75889381683
76695,16017.497399983831
107678,10683.279623175846
77084,11274.049077506448
107856,14612.385246647693
104446,31975.282618877663
93306,16413.733936753524
76610,31822.287728891093
94451,19264.3051927742
96510,15354.432102899344
84861,18370.17151046926
85787,24284.70319239967
78201,13421.248368671002
83353,13581.714999800175
106485,12582.062461232437
98115,10779.602151258374
83852,13741.334595961149
91320,23881.554288646497
92427,7728.22214936398
83851,14098.480513135199
92011,15086.31585637317
96043,7698.977658537654
93535,23076.147933623288
80183,29968.032243240028
99075,15272.95831697482
107932,13288.858684680554
98968,17652.649629148375
83350,11079.115027553351
77983,18046.272014254995
104722,19649.50468573528
101213,12608.446719677024
99670,8344.738428093791
86163,16782.58537144913
107969,11767.765217930855
77875,17011.56674023251
86254,9646.17212826092
106709,14551.79354061951
79732,24677.71033363193
107841,8976.604365358196
82222,17949.724851098617
82020,15574.478610126718
78930,25404.181951211638
93446,14722.27104742659
82880,10824.017463239325
85724,8451.504188082366
97629,25805.607775683715
106635,21269.31412404227
94103,18532.016105747698
83051,13341.507495970862
85087,10701.01543105804
76917,15570.939740615664
95037,32780.64722993647
99867,13341.739923793006
107425,27184.893772653693
85753,19787.90325530661
95099,26427.864669231505
81950,17760.888564110006
87493,11753.60378715129
84035,11228.852661994495
98743,10794.65980845602
84532,9292.150231537864
106827,13447.68426143551
100006,11118.87501144218
108013,22020.321719097614
102898,11521.12255592717
93509,21109.884910352248
89759,8683.472866418831
78191,26219.466916655696
80286,7212.989090869613
105908,22006.00231405146
85325,10966.168651049373
86177,3298.7510056803203
86780,16172.378078292595
82738,10644.14164707479
78918,22174.813624907543
79161,31796.476691024982
84004,8534.653614043422
92541,32209.242069993474
86047,13357.430064575648
106538,15106.341070228582
96648,7928.908688678835
101018,8249.018467332395
97019,20488.34749347221
105288,9747.829475473312
103441,12096.787954376945
84757,16773.077405615255
107069,9877.937477484666
108356,27079.481704321213
84436,10147.146930231
79898,21049.762791363275
84703,19358.479112439403
101219,17127.89784934472
99858,12211.021049784958
77333,9102.656936436137
81923,12820.971962410385
85116,15383.034322656415
106149,13609.766691740067
91228,19782.520476452755
91512,19828.083473890852
80878,21100.298371159268
91229,27778.155784712577
99181,7316.073325171736
97944,14783.870943599439
78314,16276.043836362256
103087,5577.7932206820315
98170,7191.075669491358
86475,8716.255573571767
76501,21832.317520426237
87632,16797.20829948256
78342,22879.61309534884
99723,12269.962840824042
87620,15923.682865939503
108111,35557.698714965976
89385,9960.522021088054
78604,12366.1175733987
87199,15376.291624701991
106661,13146.457853138656
98162,7890.135159952617
95522,14370.204736385165
76276,12273.045261262976
80135,23762.79965213192
98199,7597.847217759159
97771,8957.48040608204
80509,45150.556582637306
80570,33352.960545116846
102070,14633.655270527799
87513,13972.781066110585
92822,15441.310818133174
85443,10336.54829738325
107258,17813.4036959962
90876,20401.471622329977
105021,20564.46498211035
106246,6767.860109018075
102213,14351.370120998394
102502,7934.386756118559
97859,13161.156917188386
90858,17121.543566458895
103900,9741.219164295228
101159,7875.195120989062
79882,10760.55674628019
107307,15179.192167086163
91892,12542.432341552387
77992,17140.923417136422
103300,7563.254287012392
76540,38219.70050760561
103225,8351.376371612127
93202,24515.950688968584
106035,9572.639661414698
80459,21322.85192186547
90377,8574.749089447667
94302,23105.81713189569
107598,15454.55430478075
97476,23747.844721103964
96871,16654.102911488524
78543,15864.59928293805
89215,10441.950981567266
87251,15733.697485236926
94113,18323.422535527494
89499,8322.858610170797
104785,13140.06550777383
87775,19121.808546370456
91882,23727.097555829518
79256,33531.30812395243
100717,10985.17443202699
104470,10381.579919235504
98732,14272.928606940737
82547,7285.016151197887
83776,8767.393443026886
106546,20156.983329866296
88539,11199.586097554386
83929,16947.093734157843
96026,6815.316673041853
104011,15285.35830423831
76131,16558.03092663379
91826,32819.38869141493
103999,25075.065274001674
82675,17658.678279117346
94439,25722.44546781854
96307,10827.19277448414
78033,14602.661138574704
76854,14456.668713991006
90036,6926.129060607832
103891,12181.619465988919
101263,12738.790862063628
91712,19515.0086972839
80856,16992.127091625433
95058,19032.85877787987
82735,7842.883512742657
82588,20105.41154297554
80775,51364.02975931898
104524,12163.733291230139
98431,9458.193837647055
82272,26999.644463965382
80152,17950.736192371314
99115,10452.35225914079
91591,24243.014200256734
84573,16610.77233217328
96777,10860.264917810226
95331,17307.5966842319
87492,16220.821153709941
78031,20013.612407300363
102367,10701.275050313589
105139,24256.862356701455
101793,10462.14070401572
82312,31746.749542380578
90663,8419.743201893125
97827,15943.263312992283
85812,11536.017665639612
93839,22170.139323668598
92711,18925.299101424327
90705,13739.00057761136
105089,16053.822581294558
97946,20080.789225488235
89744,16830.64204973279
91047,21945.331576986475
101166,7957.589220675469
101641,12501.739182770672
96865,12806.59343834892
76615,12724.803686094498
107736,16846.587300720985
101285,13116.764645541512
87016,13188.267866092614
99919,7789.527646005703
99314,20514.169441066173
80754,28010.28816222557
94215,33581.8489140945
82552,13260.047716234487
79696,36965.941790223726
87903,11963.807216077857
77373,18292.096516419704
76494,20097.614426854347
80003,22696.73528785795
89000,11558.358725474292
93128,26124.036009505744
107992,9978.163179651554
89029,14526.599919855516
105461,19697.15290620889
95945,13675.38341210879
103106,14480.125212419654
96246,23307.649130600268
90428,7106.268022811849
88909,8465.47943207365
85222,11809.204424941756
106888,9489.011638325068
103117,9259.895728637353
93022,25639.857641449278
103375,7606.577677613904
93229,22193.949634399574
85603,8627.286764923043
89869,9734.54920380057
102338,7764.7767996631155
82631,13034.832152560417
102687,13397.132142374894
82001,23674.394457989347
80204,27897.017730828094
76279,27333.448315667974
104066,20528.13342062734
85918,5487.919522511926
101590,9715.890232171667
95375,20317.649061907494
77897,11624.444704043173
95209,19715.881537900954
95921,24612.549140043946
105769,7877.522774557173
97833,22632.764803847927
106557,19155.727303559783
80274,16595.665026871902
91786,26420.468644378685
85350,15522.759231514727
96217,15811.071198712998
86429,7293.24885103493
76233,20924.667031177218
98782,9521.306761557737
77064,11351.68544450541
82904,17843.453466242772
101384,10706.85165536858
103541,7586.592822356872
99625,11520.103997330205
89436,17800.86112208748
92889,17441.17334919328
78390,45444.59358530039
80649,18988.93048731341
78894,17245.41538903126
100312,18289.97787494211
78222,21626.482051951552
91392,27832.807756869533
81452,9975.360126470861
97819,4123.377419422899
105008,10679.890773375495
94993,23752.310395451434
85430,10530.099928124346
94075,61285.10910860676
81246,25296.65254115286
78432,25768.649045271824
89458,13903.629024706066
86520,18280.16494862951
84594,7434.34775559584
87131,8589.66534065061
103493,13401.260746583244
95302,16493.83028277395
105156,20077.151783929363
101489,6823.821770587222
105619,8856.991328365575
81460,27236.37313277598
79311,12765.685641219681
107401,29169.7382834679
106068,16119.645763950502
82033,26577.158928152687
93749,10834.467744986341
80321,24655.41177992346
103609,12409.051068372535
83443,9514.906037017801
79664,20560.80446991651
91263,22362.242149038637
80368,30025.651907394124
82178,17430.974887390952
77812,31376.063753112052
88159,10566.353036331186
107356,10068.194344928737
79312,22649.98605490357
81185,28817.242205074515
103927,11205.473934804857
92977,24755.430863112826
94013,28352.57986226995
78601,18301.53712471594
103250,8256.970372244106
90673,7271.7948129615
92757,29736.607855435683
86876,11920.610161011795
99148,10211.073360148148
77972,11591.970011191626
79854,6829.60496406792
97128,8001.263229900999
108059,13657.507280396008
105613,18640.071978769935
94727,4265.627275137832
104783,7365.560687429553
89446,19449.36074230116
107306,13062.471113119458
94890,20598.230260470482
94080,13610.102279363016
81720,23134.316531477794
105157,19757.589408896623
79438,45024.4878805024
95275,17744.114256352044
86870,12147.401943253866
86336,16499.91305330342
95031,28790.876796583365
76727,31089.38427508995
76416,27675.630658447393
95523,24095.32295034778
76945,12470.928299053821
92733,20573.922994929544
87625,18083.70980197276
105282,15507.6411926321
76798,29397.30440424618
93061,19590.885063523223
99449,6462.7539063586155
88177,9969.3992605489
89115,16397.564957558756
97192,10200.491863192072
90003,11941.502738108129
99544,20079.431212323525
95661,27994.758841348073
86502,7133.758337932361
92299,15684.482716031484
92164,38980.557117629054
79415,11725.932963155756
82793,6717.145599840786
96761,10745.793371642074
95372,14506.20725875915
78310,18979.33731005904
84611,12919.980007221651
79039,12161.273497466853
83955,2522.8763623309396
103422,7989.006654523316
98290,12485.933074465382
89786,14501.909198402176
88966,14012.029633628073
91692,15081.640028153424
99720,10560.743217768932
92291,28560.889343398674
104283,19422.733284781287
77907,34364.75654068477
80667,23241.256185065333
83714,11411.565550565074
81499,33972.62695762609
102870,11340.00532542739
84245,17430.591061536747
96709,12243.406610006767
96985,13793.363537777073
79739,26430.75439082954
101167,10955.67934032332
101412,9941.590967330381
97207,12683.980675260234
77022,15388.521024634447
97267,23145.20358281767
89310,10175.406823355539
88525,8325.451836846565
100951,13549.88273585763
105401,8291.924126725375
89558,15372.567416966094
97593,21516.72779596123
91993,19772.157712361997
99362,12144.213060148455
86021,9833.272618912835
80590,31457.469736694962
76881,15896.265083692322
97173,12278.36338630497
100208,16119.57346741693
106111,17441.002229059126
94771,15959.421898902148
86006,9841.980904776447
83246,14169.737606492254
81624,17627.624778708894
97158,12271.12153445312
90839,6645.020818963437
76730,11541.393387221135
95912,30505.265107031795
98742,12176.131828938189
85366,11451.770434466976
88971,10340.032863736906
91073,17400.24060370927
84276,13576.85898228866
93643,31487.79081972532
77674,17849.959263450506
107054,19547.143628969396
76029,12035.805609577346
76703,20780.86928363356
76951,28478.769817401426
92952,23981.751157453215
101165,13201.223862732564
83703,17430.767738845578
102514,11061.20783953936
84274,16418.802487949313
80933,14163.803450662941
89802,15589.70069430559
95459,25142.501800494687
88242,11107.004394888778
80337,20071.630629247175
96758,15273.389109590846
81706,9017.317233510948
92861,28551.78961036543
97057,11209.05670737884
90369,8345.71701941412
77587,16367.140654750603
92265,20112.37735230687
91500,28811.929917582638
105511,19947.93948942371
90137,10105.839311052527
78339,22296.6654410953
90208,9428.501310223537
101548,12990.141953011056
79969,32985.27643227774
83047,7509.99346881771
106469,15531.15169646283
83513,19704.702969812337
79652,11177.755185743743
93970,6934.366092019028
95655,22761.714209509853
93966,13761.475945539276
103174,9010.215413052048
92732,30243.580656791895
104052,16203.892689385966
104427,14276.963081137981
81504,24789.914558634257
85835,7963.77156511769
85265,12436.74428856132
88872,9790.95759673646
81581,27360.14880975376
87525,16344.055328665798
95242,14174.02025738021
84066,9674.452786202895
91130,45463.48525037636
103798,12250.680486001422
79777,11483.198332114487
96975,12790.862488488026
98657,9264.087221293246
89241,11872.559055700785
94846,18791.49063645845
100346,6059.516504611712
102570,8103.337123682365
86462,11121.661090048861
97934,20260.51417825572
96947,8392.67273295557
83667,9538.824003798283
84928,11879.84897964534
107956,7154.5888729186245
98949,12651.46414125268
90998,13777.78937154985
97708,13125.896912674685
95416,25794.87967025088
78313,22606.395814754367
78886,22381.75399458993
104031,19354.125006850412
105160,30649.762103757952
103659,11458.611884519632
82200,18117.167816103964
90814,6789.330222305093
85367,10514.720958291338
83180,11741.730175410394
106202,15448.598870231475
78450,17463.868612277907
99063,8726.023320359627
83877,5219.265145908785
103411,7339.864428466352
108533,19145.892551527457
98123,14280.95665071402
106850,11598.63300992182
100148,7936.035368785512
83012,3434.5791647138626
82410,12940.256311075867
81994,12172.845929572579
77099,28687.79717708518
83281,19148.311273047697
94288,22183.765205507894
103702,6917.308624644401
105076,11907.552230476726
77642,16303.979965906618
107183,16764.068125620273
106615,13082.161095837046
84149,9609.747170792112
76911,20392.570242638314
104162,8880.507907223688
102563,7131.076268096611
98356,14147.599716785035
90601,17035.457532538447
86307,13379.06495189536
83892,15845.77225825573
86128,11131.464117315812
92836,14433.224874170062
77569,27362.913831887363
108327,17727.686789177464
101953,13266.18639544252
105792,28018.988929213967
97726,3157.3976301353136
86652,8934.179854834978
84446,7237.509589546669
96826,14089.874607682976
95460,20347.80870382427
86352,12830.001063773052
106793,12868.659273224692
87778,13742.643739071244
99950,7319.8309438291235
104088,15099.334274426792
92232,14394.410496020873
94143,20071.492658056333
87874,8076.674391273264
83793,13058.510021777394
108182,18920.312917510797
102804,8386.530535903483
97509,19250.031082273832
96468,11850.988223976765
85388,16401.02277011586
76856,31874.271832910254
106114,28015.408304921744
92900,25174.92824980049
84771,8814.309999672088
87714,11573.271042367314
80892,19742.273719934714
91592,29261.366354851765
102842,12169.154864022623
107139,20365.863176671755
94334,13206.294220117072
86768,12078.962739943936
103414,12607.505981263059
92179,25465.1879214429
106474,14489.724306574793
86309,9504.776330668778
91109,9928.388464476673
78133,25176.35384077916
76963,14633.928955551686
101391,10706.899182878677
107342,8047.234370660265
105184,26608.238502617893
104693,30274.402496795603
89673,15977.862081513482
103903,10418.929622815986
88947,6680.034501423757
87569,17757.307037268067
76483,31569.793914370926
86102,9751.339581187012
106452,9281.202183548323
107976,17092.141030623363
85216,15685.393859027097
76812,26087.558847167325
90905,20846.977349334746
101716,10005.961030936407
106450,44511.88189792383
79930,7055.408191893672
80812,28751.07222931144
80862,23334.444447156766
103996,20028.56467638434
93119,16045.621540011303
93986,20744.57703450792
90226,15807.467932030204
104841,7392.61092447654
77115,8599.039620707543
82162,48078.511560365405
88176,18970.132336803767
96807,18040.19042966568
87893,16774.60319129728
96864,9480.137231550003
81129,13491.803444491276
94158,15468.379706745558
87268,16789.731542040245
101545,11689.131526878207
80322,13934.016776014949
95591,20597.411972449965
97284,2783.201319696099
76503,17461.24452684859
102457,7202.403849622171
103358,13400.325898098688
85800,9795.764875991557
77892,12123.771469379928
86918,5654.591466813957
88797,7568.282594087796
101581,6973.196138899545
99941,9682.752673034644
86005,12332.93565396944
92601,22195.483575934275
77922,25602.37673218241
107005,9640.047454783775
92729,19958.430774106066
99740,20917.33283244019
104686,10870.694059030258
87339,11046.728609098334
86577,10970.276564846705
105913,39648.834385146525
87402,16903.961639056437
88287,7270.592032973356
86544,9503.871323443776
87671,16484.92700897384
91204,20436.32008341871
99618,15508.756010184166
93596,18720.47345049585
100194,2196.30192945265
76820,27865.139372219197
78350,28254.25902879326
91114,21390.645840177487
106403,25012.70238729943
77876,18434.401700754068
92321,15962.639520551407
93803,10961.255039391008
95007,22560.411156256927
93540,20238.425851544158
88267,8233.789818088071
100770,9203.98458309088
79033,36582.74395469262
105481,12633.995430828585
92645,23081.370769323792
91504,14451.113754083683
103374,17060.029193142338
76555,29675.906378485695
106876,19934.01783427425
83008,7088.616936778779
103085,11515.631835289343
108288,29489.446923664505
78153,25808.81515558027
101104,11202.776000236729
86300,18320.029416086792
83596,13940.07868695544
92918,19964.35587800472
96263,13361.258925103008
95845,26594.308837900564
82174,9756.44144861955
95636,31336.600144702465
87859,18076.383514242527
92038,12555.761198909728
97965,13744.304383777077
99236,8957.87124094858
102581,11414.654809898082
88484,6734.890310569688
76734,17617.404368029685
107756,10216.016434150199
100368,18315.22008621192
92542,29483.534048223228
106507,9962.383924360875
94713,11669.222709645188
86830,8752.28721250676
105659,12047.123723844936
103299,10669.25714606134
77388,42050.2428962256
93171,31894.581140449834
95564,23096.760468256896
92209,20162.618535349895
103068,6618.863813706528
101008,10641.064330459407
101098,10627.090252796494
100297,6937.516101808779
100668,7053.643132039073
83587,12124.157692597371
103730,11056.39393657929
80300,10282.395881180984
90994,31650.614636882277
84749,11198.053052608033
96883,21978.147800484337
83643,22970.38489546863
101307,9294.848499916243
96979,19942.434098871567
96090,17053.626277247437
82603,9664.640224330295
79091,20488.80712363815
101959,12014.835222931923
101554,9701.079213852341
100961,11528.856287129094
82778,9282.80647031782
98924,6757.305322662124
85086,8313.208865944427
89149,7698.685740932175
89443,8409.329106838672
88608,12664.292222082111
108064,21880.923598264504
93913,19738.71700723594
104833,18439.945906418372
88819,8674.831128756981
105039,14603.877820119038
108163,14167.295942946364
78429,20320.189074984435
100022,9251.688135354436
99243,18757.44475871815
96715,13608.170569193673
88735,19646.36477705343
86496,9673.919694735958
90642,7726.301017495391
98358,7236.4986737098825
91268,30853.403798560357
106457,11743.18712156316
87063,12445.367757416074
103942,12336.961122238243
101823,16056.888089060396
104919,3196.060787379895
89192,21590.90256397334
78525,23072.884518526505
82948,12239.34676069743
97364,12694.566392354873
77638,18765.447542894213
94939,16119.455369313388
102799,12924.037253208337
97063,17980.745381679342
84889,14478.789565912153
91197,10513.187233541088
83936,6641.90039831305
88850,7202.508397369483
104781,29110.609883262012
96341,7857.775440127325
77784,18982.673832425135
79500,21773.044512455235
85956,9164.56776680157
80268,7589.263585083213
76575,28701.83246618337
88273,16844.334188665085
96863,10032.124866916118
104149,12768.79010239702
95323,28291.450300895478
108521,13564.963726637427
104891,25884.018586227765
86333,6343.021254013361
97441,34087.80462305741
103963,13146.639889922233
94117,21597.830940362266
106930,20285.337227075397
96478,13384.69899527802
93273,19797.29961617156
90140,5296.913159540749
101752,13578.65821622436
102564,9185.336619090542
89449,9194.947103384884
82080,15106.417724170558
103168,11520.784184587845
92400,18553.33079227229
89829,17151.004395122232
100294,14696.75392003993
101914,12029.726067728365
91223,21295.4393112352
107925,19897.88963073155
108124,7451.040465511617
99736,28226.228243693567
106222,8608.678624896169
96843,6150.917894465654
86576,13627.325350009107
106802,20145.9188600404
101331,7125.233729557375
76847,11668.492358985455
82850,11000.072319501465
107284,18715.153344126804
77599,18243.890458951933
96827,20204.562006046446
76080,17164.6043155051
89213,16006.314384030153
91332,29686.63135649634
91930,25105.336329966984
96005,12926.037799139776
94637,28092.16759125289
76949,11992.14063996501
93336,21220.37426839956
79792,19771.554963832066
94859,26873.580085153597
87815,10300.419157630262
100994,12303.114563739255
103939,7927.033084477588
91674,24404.763005509983
81166,22266.74285686793
105292,17519.746987111805
76991,48622.31253268201
100176,15173.881564731673
100118,13360.804405234907
94700,19538.43493188004
101432,10475.839832607804
78373,20254.35745515192
82918,14241.494137632877
80619,27231.969472826197
98870,6502.913074097912
99728,61129.598382491975
100347,14131.201227787547
94871,19639.857489306913
76922,31866.600087014685
102057,7353.915520991905
106406,21722.530794948634
81647,36838.00637257039
86232,4631.598109657122
90976,27291.929780666975
101053,9247.895345185148
87392,10197.208247634853
97377,16651.78852313864
96652,19793.423886277593
88212,10330.102512865578
106859,11806.593524816906
92678,17686.670450471192
99554,7385.400601048567
92531,38283.457267031066
84190,11110.672711244399
98562,9269.573469592444
102014,9519.675929298865
105663,17165.610726303617
88795,8130.819044635622
83227,4750.8895197553
97436,6223.034679701806
101846,11705.0428319925
80332,26895.570909684844
104483,24159.653094151497
97675,10005.25497637646
87703,10428.228251699235
105829,15914.908123798843
97495,12473.318450393183
97230,17864.52067439607
99232,12120.277426539007
108036,5817.589414984702
90470,16162.904205241412
91410,24520.007141624883
87856,10711.503098352581
97072,13454.965701119889
98581,9316.081721475348
96021,19110.737346678383
104873,21626.05665742903
82366,16688.844182351746
81093,12346.844500791933
94091,19423.60081285077
105502,23579.431073496256
81212,25980.44123577532
78477,19164.259816068065
86344,9728.945883383678
87337,10906.288543451032
83364,11749.180583255964
105029,17226.731712441724
84927,17203.250510290407
92467,24734.42949190683
77390,24269.612585270417
91159,18927.38134621218
86919,11197.887125755042
87364,15460.159962326537
96009,15018.213691751196
80050,23468.88529347948
97335,21097.69742815756
82533,10011.547902900269
88494,11448.392367184686
101773,4660.64759858672
84410,15455.791590079787
90583,10115.77619881309
97361,7706.658258532976
101276,9947.554373078805
92452,20418.33730373965
107354,9664.463985466651
78584,57536.35280687441
80128,18367.25169674233
88645,17103.73259132889
86622,9885.747219507533
81676,23959.96891936216
107409,26750.47599022646
101162,11377.198962309167
107883,12262.873787939889
84824,11135.4766493002
96253,14280.348050073704
80764,18818.11461639439
105145,18546.233879945987
76292,20781.38586669721
85405,8279.096319440123
105373,25582.38004493564
86540,14119.411614762066
91362,28847.3844984741
90075,10221.25577786975
81886,11090.869532251392
99080,7304.360553208467
105235,13759.752907995171
96437,20842.40964921164
83205,12836.492885131473
94569,29258.464970426812
92687,33638.434420509584
85951,15680.825647615296
84977,8452.66882972784
86143,18961.0628303267
81763,12558.110237722058
92970,24787.78860869429
108286,11203.844318293057
99395,7229.069403542558
81779,22152.983752589083
82131,16639.60336719747
77833,11873.92297805914
91949,59936.44203232703
84571,14061.022449423037
81403,32513.774137674136
86275,12108.542697481631
98103,7744.076243789043
96519,17630.405379271055
102141,12897.043692346168
95016,30140.868275344274
102800,16392.886246220056
102275,11540.08140078287
79437,19701.51945715616
99129,4277.273614700385
102738,12726.596242481697
88502,11977.844437858932
83847,6052.426949664292
82098,36680.934661405416
97608,11005.244199795945
93635,49242.51775123317
107415,16741.970105487184
100604,7994.830482798202
95825,15403.23442809423
89837,8993.193459520851
90563,14216.904273931561
87183,10549.378576075353
82030,15774.339524948424
100952,6356.276275277426
88907,6910.859621275295
108136,17481.887525259717
99824,8069.974776673245
108052,19565.35003994055
86157,19881.932673472766
95635,26305.211570252133
76024,21035.170125543733
92449,15240.61795240093
101870,16546.042371433217
85896,12584.329908504647
102465,6239.231505456621
80302,15270.524829614935
104316,8289.721760240473
95294,31900.291634153917
106995,44766.37336499516
86510,10311.440152269646
87250,11935.050820400336
86483,20340.033079746063
83417,14611.203674406623
99580,10209.814530468982
84527,8292.105790057789
86193,14304.625596996497
98832,18657.310566845797
89427,14450.897850178657
105172,10358.339854501874
100800,13283.320238799812
81313,13715.029256661242
98110,11244.73953161864
83944,13031.11293358503
91420,21954.346251917676
79842,26367.698436362192
98350,12100.109011764976
104288,24110.26569139974
96086,15336.571792341787
78566,22186.93558561087
84457,17222.27403335288
88685,13439.314883663059
87157,10452.277465270165
82023,25269.52109894458
95492,26595.487707525426
84139,6372.77694044477
89309,19881.932673472766
85676,8199.154524060596
94553,7080.193679757963
90271,6774.397172563805
85678,10718.57605822436
86238,7375.0721819378605
104335,13184.83830400335
83609,16743.818944799692
92930,19561.846927712326
101478,7412.820094707082
86537,9779.918221136022
95350,19754.43253518144
89176,13314.432435131253
89383,11220.688190260898
81369,27910.524734832343
96749,6970.271419218888
95414,30516.202918235325
91568,29457.49643622323
92425,28973.67741582346
107079,26139.141613899672
93550,30276.246669543194
78972,22224.684852731993
80719,10482.274944683606
92919,23169.854041788007
84505,12003.156734344957
103401,13529.404167495866
97516,8200.69890338705
91738,16088.464333257809
81664,10548.895120935538
108017,11094.611039530782
94154,16203.59501799048
94015,22767.012644810027
78990,29108.871447910016
100198,8843.631867652191
91258,31273.44616462834
95886,19629.16599091742
80048,49390.482193462274
92615,26035.25509566512
92333,30025.690230246688
85637,6296.74102916137
100681,20324.107658770976
86280,9139.745065539042
88934,11775.554843994067
102926,13070.912147223553
88415,2094.303746620975
108063,15012.085394750446
103273,9956.943677679048
79468,14594.138549494824
91285,15106.442581649391
99111,7491.356347280848
90686,8389.675448535218
77458,21305.153278197846
103540,6882.27897799729
98158,14314.702505382278
80240,29110.763897142864
93032,19100.790167743726
92380,14611.996768863379
91853,18205.719044691872
76049,20781.903521981545
98852,23011.179093623585
79019,12604.793896258087
78009,13508.86121939689
79038,18248.649697496854
106404,10416.183710003685
100619,4191.851967831254
82348,27305.035116027062
83844,8480.787493960419
101370,10607.404934522907
82900,11529.510783721373
77014,24690.74403080058
94704,30670.732155321508
105395,18616.738605469985
92471,28354.674556431604
82964,18525.831236563798
80223,66058.92947837347
83523,11699.792072432749
84395,16087.245881144208
77474,20636.747520001445
94649,10671.558671363762
79826,12044.513994157212
81786,14688.669051077894
106749,16510.71543467235
94115,28479.18892019582
103835,9621.175047947365
83617,16009.071212908691
106555,12730.339310605013
86868,9625.536248071112
105245,10619.86546622379
107495,19870.56227897156
79571,39191.86336352937
100328,14307.032147528604
77453,24960.75488334817
91473,23041.44591648655
100493,13339.332489378467
83383,7206.040946163762
96482,17019.491245637848
91509,22856.393066081957
92051,33980.67034788163
82251,14511.825498954886
76054,11793.17852382702
105927,4667.949878063628
89426,13292.139833663807
101006,13973.42440946425
96504,17430.36388816046
89053,17434.1422110678
102578,16559.49804850485
104576,13735.30623482272
94137,19317.132701547824
96387,11300.264752812192
106040,17113.13066594406
79795,10710.273453631075
102216,8727.44045946703
106933,22585.109680158366
87217,13867.088418433123
98953,6893.846056202941
106935,14653.290705926647
108160,11405.535903856504
86220,16718.207335152252
81017,13717.268249319453
90319,7412.6528205071345
100847,9955.960860977913
79811,22067.860596145536
82324,32900.42690447729
79204,24590.115660584448
76561,20259.31496740296
90313,9954.691901659648
94271,14838.408376488931
99090,6866.178303057919
106261,14160.98892651046
95699,25626.02037106962
101624,8213.1401706792
92096,11635.538626491816
104402,19771.129796505054
106877,5430.2934216054455
95341,27762.209895247623
79252,27084.953204055844
85039,8677.306355412837
95172,19272.99013137819
91340,15267.345472959723
91584,17612.19266524392
104972,14488.617707823905
80896,20734.11241535734
93083,17944.656147577
90855,8643.87913587129
78320,19059.49433717615
98584,22824.9345263415
97117,16417.784417804753
90267,9960.421688269795
104276,11597.599813730645
93771,17702.079229463536
100654,13063.280321551316
84833,15723.292533972031
79006,32603.934282600952
98734,6729.925977617044
96686,22764.836358315235
81262,10815.49422922482
104374,9582.263766136954
87939,10988.677081469381
85868,10413.265765780727
105505,7915.942475332938
87999,6595.385295788272
84535,10625.60968485331
105765,14932.480709544427
77591,21325.05086954349
83018,7898.88099656693
95281,16120.779911828236
104629,19571.38437379961
80247,17998.7551655718
98202,10687.325088649244
89361,13189.660249349306
86384,11037.13686438218
77923,16880.838564826103
86901,9973.534486272913
101827,14434.431324600659
101756,7981.615683067722
77041,26610.651598206347
97753,9916.31282820749
95848,21627.468444237613
94827,23447.742207929026
78247,35299.99516769126
87132,14377.327504485393
88911,18508.67388549977
88418,12761.150000951848
77238,12122.858111814407
88359,11733.879151890564
78818,9952.189982004562
95395,18340.12260604925
103416,12105.994000421608
84747,13357.463467829435
101608,6512.5074829530095
105437,24087.535062886804
76320,16020.154275328334
98937,6343.968008164371
78233,11051.064179423005
82250,16204.683201956597
96164,20279.76631328382
105298,14112.115764998392
85892,17479.22317299185
93834,12323.233158079827
84717,6020.450404954127
104176,11177.895322280841
95319,50175.05742835433
85002,7694.811139853555
91460,30444.20930272346
86992,15780.513738727532
76228,22821.559369894814
105611,10724.619810726288
83256,25905.192983776018
88943,18072.53562929385
77394,32559.68971634173
100873,5861.166692871022
92464,18929.615831355477
89315,14625.650211663657
92773,106866.99404808423
82489,6942.741562236166
76219,16053.970129447427
102904,11977.90811444666
91039,37865.7262565648
104890,24579.211057902896
99922,14984.901024739751
107007,12094.54380696543
90649,6054.457559822945
90166,12185.422038231169
90837,17762.988916508617
84748,16726.179824042752
101034,10146.791617840274
80579,12344.290889561304
103124,11983.053138923968
92022,9592.814400114725
103382,9258.758371424574
104089,21144.78120454669
92089,19824.50095070834
106395,30042.566516292125
76012,20021.00442851817
90152,13107.19628379164
85524,12092.121858937438
95337,25292.182443538604
101744,9088.690209825836
105820,16376.759689853952
100587,2305.5739550150515
95224,33204.298719732054
88607,7839.76159577426
105741,19834.968122421644
100550,10439.242116512924
80543,23680.23972009656
96731,8078.576081635
94235,37883.15467963259
89536,13240.830451703665
104062,9518.182365711311
79870,10698.169760174287
90961,56377.922779858345
104757,12591.0477593188
78702,10524.770515711034
82823,8402.103879068476
76387,11919.966202683432
83860,8375.16470194195
97853,8102.286869743013
96491,29983.544156120803
93018,16113.801951758032
105464,19246.974153916875
91589,16672.624824639937
81040,13399.131709155952
101726,5106.144764178088
89843,10498.152829089917
82306,18458.779827004873
102706,11075.90692827931
81905,13865.536785528184
99194,13459.502285980927
84038,11788.96025044909
99179,9728.782342289755
107945,13524.848368249266
107187,15664.641987588015
106729,13602.659191941466
76009,16660.15880799701
80160,11123.266661295089
87798,2676.0384233044856
106779,9786.786686321399
87694,11226.048273870741
83225,12811.31994752083
82371,25049.87299041167
102154,11241.722884031407
91905,34288.90219009801
91831,19129.925742890548
96829,15924.658448118664
100724,11439.488843396515
98429,13893.009399642782
98046,15308.141237814516
104025,7503.604692513789
104930,17178.230199920727
97711,10818.84594585263
87985,1821.2490356628748
102005,7797.855383070065
93141,30817.670628064665
93564,19215.59714372766
77719,23201.60701909167
99873,10840.083739364562
87053,15311.680806364799
96789,10579.103229915203
107871,19924.162570440334
107192,11120.79201729963
79928,29109.727583760563
107669,17464.853767327753
79401,27404.139082333844
95320,26733.21328149131
94864,31676.33692972187
80654,27404.049604894604
99193,13590.65830585462
84375,10019.775074536192
90211,14989.323124393011
80720,13724.896528093404
91902,15723.771749782289
82275,10370.668269927217
81465,21078.611769816576
93508,25768.383831650262
88780,8213.569744149012
92268,29947.446109180557
87172,17052.049946749397
106818,8551.515431361977
103457,19183.353031490482
86080,13348.588371212114
107319,16196.49270044992
104533,11814.870797093223
105670,26951.46884188625
81801,23980.42295772125
86611,15769.792981046503
103251,13659.39871834235
95313,38607.10905440647
83324,9777.379776057136
106920,12894.160404098326
93607,20600.14790329498
82902,9712.676650783791
98295,12434.472893537983
99592,7965.770085388197
83209,20369.08126439396
100342,6150.118743551053
100059,7194.668423035821
84964,16134.989729516876
101150,10340.624971973673
80834,17653.171118488703
94660,25998.151222687535
86817,11464.716671659315
82881,16057.514460681181
92477,25035.162392944323
88843,11517.212527927408
88409,13808.126092544802
89464,16988.671798171636
84554,8226.940988329512
107456,22139.88359975589
105815,31055.69646125741
84223,19153.624171743828
77230,41834.349836984125
82653,9281.724041742817
84903,8454.395289445618
96636,14383.642107251035
92293,19640.248886119454
76243,11466.183960924187
78795,24271.439030481233
77946,57275.56835860369
108033,26507.336291576696
89601,13587.079431429453
90606,18799.27083280641
92249,28934.840870084074
92624,18967.909899709113
97695,10955.227133248061
78743,34691.59597739041
99859,20511.31860550688
78302,22044.83748739307
99986,16048.562673130067
81908,12199.765439045737
85440,7900.244192686438
91412,32216.016429643525
83964,8087.210185612951
77867,12587.60683761879
98287,10184.325480940968
92675,4693.224827964516
93893,13074.022336989741
93828,32201.957295844026
107502,17511.673640259814
93726,13775.94865290965
93097,14470.56057726714
107762,17420.357404173043
93545,38811.984304319114
89831,14275.829994448966
108065,28360.12983891048
90388,4981.176377372734
82017,24808.097042747555
91025,26054.091790126568
96293,16026.687404329696
99187,9012.933947179088
98283,6395.421314486463
93590,16334.110337601096
105510,10005.326956575404
81365,24931.611442723668
105805,19928.51339846828
95866,53320.958611671886
99079,15607.357877227658
95673,14619.426152686996
99311,18852.825141679794
86145,7485.647888094035
103531,12184.69401136835
108261,21547.758086559945
85582,6372.589153247173
85281,6567.15449165641
92591,41222.36683267158
97180,30815.44000020861
105998,16661.25270279571
101355,11030.490300583984
104286,41788.94779901575
86703,9734.128229900552
76535,11765.169088305262
86181,10807.210813200583
77004,19260.237265940068
99367,15640.039331415212
106001,15674.555852462112
93179,26256.49825855632
83031,10505.69870530284
86572,19768.339358625588
80350,24038.55974313177
96375,7429.195793947188
102219,7339.031121306222
100942,17736.26333795267
82949,11575.228519213386
104083,27501.48548667629
97140,12927.969955108554
96421,11190.482124333825
87075,17705.42193548086
106419,19870.872004461973
93602,23567.654392529228
77222,10445.912868419837
101712,9525.91976778615
106666,7605.960715083947
87295,14175.383515667021
89044,13696.508930469321
106433,8481.160408843438
94575,36063.98524145709
107025,8312.213169136288
89318,9446.610867414862
86030,10152.428830764225
103483,10621.565295698254
94536,15984.502469072906
107058,17508.198061124298
87031,10607.370103412002
100119,10718.724021024256
105938,10699.968236448121
89724,21378.632705899006
99480,7469.261222018191
83017,10526.39600564272
108355,5716.392239935234
94711,20015.851707550904
95759,35395.692112878794
105168,12877.449086362038
93791,25622.32924950197
85850,11740.574924835646
102333,8615.492064436236
104407,21215.21898252032
98798,18173.560795949816
89284,8778.421832391623
100823,6219.0685753150265
80514,14533.469183430749
105308,18225.201721010475
104612,22964.766129735213
89638,19369.34562702789
93794,14018.637502862917
83933,16626.60742521737
90413,10179.04849520014
98929,9397.505065961652
90959,17839.82708384606
83414,14387.243414086755
82228,20001.217904848916
88669,10475.221434424202
106815,19133.99649183729
84567,11113.690943533444
91328,31289.366464832405
105740,10551.176406702272
96452,6509.591499706347
76038,20695.827606871895
99940,9527.3178315081
102377,15349.819065841271
105229,20825.55358355042
82158,22237.415030660904
104844,18800.4933312864
101203,10700.61752383938
95222,19047.21392341791
89529,18858.372231864945
103230,6894.873193764207
100692,8290.029663111156
99821,14634.21877424958
81086,23124.875984387334
89399,9750.906623123206
102445,6233.001702546434
96444,7630.839856417288
83485,9650.127426715637
93778,31681.299261429267
100464,6958.590777672847
99865,11224.022951652521
100107,17128.908525768045
83973,18296.22879277987
92032,28200.73306647213
94017,14355.017494370954
76046,14787.301600730487
77816,14726.417488532685
76743,32775.22105071733
87201,13221.172469650057
90652,14437.020824979656
103448,13589.038175377924
93642,25822.08929929647
85409,15703.209477756045
99777,6588.069585492689
92216,15059.797679236448
96269,9281.36716700945
94298,22106.160550133915
106667,14074.468058777544
93716,50944.25669331161
95754,31879.877437690448
89379,9849.784646967288
95970,20559.087625498145
81911,18376.870029473546
85652,29073.860534845608
107793,16782.833552224478
96389,21568.587308890426
80000,20672.279102453835
104440,12839.372886592442
92029,41349.48114962899
93473,15284.688632642257
90350,23118.883112441563
84947,12456.829288431112
81870,11175.770374186213
79936,12584.690300261493
79910,18058.304015632173
93467,34926.172692937565
80387,31931.272174997783
104360,15198.56080677337
93150,25517.915742552163
79119,24678.977849246912
104462,4933.433249017962
99548,22281.887323986517
104024,32152.930577065683
83480,19293.75986495361
92501,13250.520789619664
86740,10927.061947044636
82165,23664.868904949704
85963,18065.287065257948
79487,14429.240669580366
83245,13786.366201300845
102193,6788.703223523814
95449,26704.288229112244
99413,7297.382343384442
77176,16889.298029034155
107260,26254.474465050458
94187,26056.890133055633
85664,14289.692647000247
97886,12165.313667884959
85384,12153.338910303197
81228,22379.07304319696
81930,19362.718509718252
106627,41215.542373577686
88081,17737.763875586
91651,15380.993169319723
98067,5300.033626351133
100814,11239.853079118848
77028,54924.92743287403
89853,5618.711188173489
92951,9777.78219537705
96866,24623.078900301676
77498,25465.130039480453
102959,8290.654741055741
103546,14415.9654447506
81127,15832.518032180331
88867,11980.397017961255
90099,8166.352601068022
81637,17557.458034373216
101995,8796.775439752939
92382,39935.595835942586
99078,25130.671090038562
93118,25232.3163100549
91524,12170.172568227472
105674,10744.279217393068
78943,8355.372863697428
99513,13839.594341295819
82972,12335.103481031898
92438,24726.855315101664
76466,21975.840672788112
93315,27569.19673435092
84637,18529.201811249117
91553,14606.336998586537
92093,18657.274686900015
89774,18742.80577601024
86455,9965.598375823227
81999,28451.104706442617
83211,17957.49321591598
102893,6441.668588687794
101347,12184.69401136835
102099,15340.525371036076
108532,17855.116900371293
94030,30370.706892847233
87114,6887.071226954632
78523,43429.95008708339
89274,17540.937427178884
103663,7461.159606430934
98104,12083.364100505356
86952,10601.96456492403
93621,13127.269127075073
90898,14032.727038157791
88902,18241.97440005877
99135,18973.00867470002
96645,13516.099343189842
89265,8388.881010425572
88536,16209.305974158968
76788,25649.362153305414
96496,11242.620158517348
83580,13506.330183984273
80060,26219.42542182856
99910,9596.257231138256
94254,25162.25140558614
98982,12611.30388284252
101182,8096.227994297513
104497,24862.869634662806
99215,11594.846681257952
102237,8381.919569284752
105340,21172.42275644209
98398,7643.321300505192
82895,8090.506269386557
84880,7540.75213246391
76633,24100.368335243325
98237,9781.413720044966
93475,15147.384609858835
93644,9096.319756330324
83331,13029.251228062541
94673,40655.80950663734
93774,27973.095482563363
94872,18815.839913845106
104642,31822.362750905322
105806,10157.36751097895
93351,19260.254373945812
99440,20848.69034681144
77434,19941.397227710924
78382,35103.804165156296
76269,23949.177493357132
94221,36161.23272360689
101103,7985.017280822527
92917,27539.333170768892
83521,13824.039880210792
83915,9865.24515184028
93502,17797.923298003036
101013,12448.00947087546
81762,15686.092475747175
106753,18518.49485533028
101173,7927.417934832486
98602,13148.608268885037
105397,11960.441907898403
97067,27198.64176261093
101378,10787.106130290791
101862,15126.612701806956
99039,10557.187654466494
88393,15921.74764752421
106130,17651.57234314297
85828,16988.5820893309
108231,22516.778852368167
104898,15928.709844841542
93112,14568.932071143618
89768,7902.381659661207
84354,15147.741964371959
100168,7296.392123723358
92834,16041.057661492974
99208,10351.7301097724
96108,12665.12376395573
80163,13828.928957112672
105455,11471.172094107576
80323,26759.560337592415
84714,15825.220732908068
92348,21120.713600814008
83603,16402.098417955538
103959,7423.580826875878
106728,12877.428619651384
78696,34917.474878673536
94150,29472.423197523833
105629,26152.18361438021
97037,14214.898062129663
92850,22430.5974262149
88432,9146.782032406343
77436,18786.963434715497
76469,5698.180325401859
102030,8687.585344698135
87669,11182.178196100187
79981,22441.344424971463
99662,11779.130846881013
78260,20702.095449343396
94555,34670.11412189942
84628,10746.686392713626
87955,6590.55203922367
85130,9694.576602133282
76417,28405.10228801718
86241,10826.899927087068
84603,9231.307070680365
76645,18366.34097718623
100195,7143.235965926009
77467,29246.108528839457
98126,19859.818222203103
98081,12277.201965270315
81234,28069.507781596545
87717,9828.92369907934
79724,33743.72130667163
78643,11884.254239554866
93113,27399.662325611305
100597,17093.965311561285
91190,27293.976370655673
89351,11991.451067664742
78056,30567.419276553534
76053,18642.20111173668
104592,12324.580956562557
105891,21668.997310287985
93731,23727.105402171645
90123,6368.421503340426
85669,7649.451445922313
90040,12928.585206040707
103624,7962.375508136203
82545,13617.467871234188
101212,10861.835006492976
76510,12018.489943998366
88673,9576.764194114325
107913,15736.759783891877
76619,22400.4896425144
98461,24039.945150147494
88455,4159.369335433901
94543,24388.02959128335
79082,28635.891321545423
107039,11296.089142440907
99565,12535.124628879174
85597,16388.533669348268
90908,20642.097367437047
103741,11276.318971342991
101177,11640.89258713735
100246,3336.397958294261
84497,20670.24395827311
79003,13568.78931442
78075,32499.738767718572
85527,13064.70131246375
99400,8257.570611198273
83118,12803.836056182854
106176,20261.221551748862
79864,21996.67104402586
96609,11865.591820582424
77968,17877.5582896036
105349,10234.18118667887
95787,19611.57304590264
86759,2085.4244792094023
80898,13640.468823108446
80948,14181.10966223139
107151,12948.564263746306
85395,9273.758010027317
86612,14442.41078799525
78951,30448.323871261597
79546,15099.969087801837
83345,20850.0450124699
107224,19194.58535665994
104509,14260.487041071221
77088,35365.93841449422
88988,11354.485289493889
79061,24980.28504589163
89758,15007.625007684795
79439,52488.207364894064
96411,13532.498262248873
102234,10315.349001049099
89720,14313.71973632375
99600,10040.249953560638
101235,10011.036046860778
89235,16818.259823418906
96214,32614.134904829636
84205,14815.168120572
106816,26833.471989465914
90934,27040.423792141766
83597,17269.87328685159
90454,15983.346942290918
82998,13004.472398309712
76772,24977.361808583464
100571,6746.385607757674
76400,28627.357451639447
107381,18334.45617232945
93102,17315.65309990872
97419,7314.657120300494
98844,8015.954647818482
99354,8206.656297044761
90811,15012.170547133883
98152,11945.464012574788
90157,12588.469832141005
102629,14472.515186123317
102111,10141.807653320207
100448,11550.002303509742
106531,11818.492089566369
107493,7732.170289976588
87471,9124.372090913925
83607,11476.727486276159
95488,31887.27672123418
76205,30354.10159570576
95394,19621.824005849016
101050,18751.321346404
98680,54506.97528553749
97176,19473.11588793101
104530,15821.467621331965
83396,2628.857074008121
104984,7226.540178580794
102081,8187.711848495421
91955,10032.22912451893
79996,49921.66857275672
107833,17851.128874781763
81342,13921.638779075378
104936,7603.403503681511
97105,13273.968816660215
96834,13546.182697188351
96402,14499.81824200167
106575,9281.339059643675
82857,8376.996332262986
105504,9654.053059526314
88261,12178.359870901348
99175,7628.602134038848
89160,12570.207756399179
83875,6595.112256946849
104695,14648.626573715288
84189,10846.59608195819
86024,18346.37542646944
98475,7091.4270572802625
79856,28185.661295203685
80385,28728.471446402466
78287,24148.55135469352
88807,13774.144874076223
86288,10641.761507682393
107610,19021.164800325983
94375,19228.348309023706
83385,17233.555867337305
96627,12570.222369101213
101257,16467.756652243657
91915,14958.159852082115
97986,17057.705807683193
80806,20219.40795595496
96930,13655.700114716767
89391,12944.001041857693
85423,3036.40011464543
79397,35941.89370155806
102565,12188.510804691321
85590,13693.261097103945
81920,11554.084690964337
108098,19052.217141381032
91230,56426.31065030711
108021,6909.932136121423
102554,11915.833274917197
84182,11952.98913690006
76770,19613.70341818718
77856,18822.72425491882
94249,18436.440960578613
94729,17954.766611098843
77171,16451.93655060941
107487,22478.25219248372
78766,24671.621244701124
100849,11896.743904645578
97721,16827.93695874249
92837,16743.92499137351
83099,16113.841248018778
102521,8835.073772836791
89738,7090.461256711471
84234,13078.782656992156
107428,15342.234108199757
93895,36339.0793362407
95662,55756.644973688664
80328,19281.600921352194
103054,10852.231429878699
104950,7994.8198653176005
93125,28626.314662218385
77393,47993.92970734803
81178,33266.17423925091
77207,30049.523266449327
98648,9279.394667175337
106065,32406.488392607054
85228,13506.539844493811
92787,23383.632239948976
108462,17440.414780046085
102896,11710.01472277223
78301,12447.482668708844
92584,8100.768741463199
96414,12234.558981065125
101267,10079.863953879687
92934,25981.537658142446
80206,12285.626811980232
76657,15522.824152330713
99365,12505.31592052047
96142,30557.825863244198
96484,12689.177442689574
81767,26191.226425091143
84926,9679.73213438143
84961,10965.573875007056
97487,24694.77472431587
86753,9630.210064732464
76410,16232.894837436083
103512,5983.393747519914
91899,22690.111624177665
82404,28254.148678797614
84598,20375.56854761211
95115,23015.20271625348
92544,17024.08733716442
94011,22421.328385417994
77265,21579.319120898952
103378,8518.480146711727
83828,9749.33510061017
106142,24223.710791753965
76564,29962.76195740413
93718,15441.035404051105
81110,18417.793359028547
90753,17113.19713980986
86557,7665.152596909619
90778,9400.384801521059
77313,17303.155877805115
103914,11595.442925014779
86688,14137.626219090034
102878,13329.89764694382
99734,13236.402925618822
91581,29052.66463013994
105434,10389.730572957982
89221,8329.438975723777
84974,15938.372956379959
101055,12649.089126674382
80952,31694.849007172634
80861,17088.531972046352
77446,15423.374845859182
105345,14515.9817711645
95204,17027.60884704563
96228,13501.629343757337
100840,9095.213661942136
90096,6348.245596383372
97213,26253.254145460913
84188,11191.067410552472
96571,25605.514039568916
77068,19541.411889638737
90711,12055.86802602573
89855,11649.065918553119
104858,12074.568735139643
95897,27181.215197830534
81849,21221.886145483968
106143,12056.696636048964
106333,21808.949614837657
107165,22783.960341139857
77133,11974.255297459624
91788,27189.615947556227
91418,19182.829766726612
100158,11163.043716927297
96982,17861.792554305983
81275,29345.61265634685
78741,19029.044258406862
104961,13280.693213503831
89332,7272.755093366355
77546,32501.151534817323
90860,20248.83502960974
79924,11951.727706412428
108433,16789.6505533151
101702,11965.822653287838
79340,33417.8509857093
107333,9578.505724106617
107963,26944.290366828456
89408,9796.658892906593
93686,16923.747427580394
96129,15280.107764007094
106156,28280.477311960243
87515,11853.057288410422
92980,30156.67259918976
83982,8610.99666890547
85504,9832.684927662705
108354,10171.2743427341
97260,13133.857802904678
95437,23640.306447924195
88483,17003.448873311176
87959,21959.91670291093
93858,16691.21026049167
80968,21444.586684634804
85754,12615.666708546865
87723,16353.444996211507
95880,40220.648335851096
106868,10001.652187764279
93138,13020.704931511125
104747,15444.355742766316
94889,20817.698700295412
84681,9434.825444607375
98538,8326.140039450573
77073,27945.565468290213
106730,17558.105016393816
79208,31579.442183493004
100127,12871.988133096062
99655,7822.548564655212
80695,13051.908484726759
96818,13570.116105179412
101382,8129.727287427134
81239,17824.958344413782
91299,24900.368594872944
83005,17785.37219035558
99363,11562.042000874062
76302,21555.370684582533
98317,20486.486022845744
93829,56213.172296793884
94188,21510.790556269472
102190,15546.972609278057
94901,18835.286472676205
80495,26431.667815343473
101373,12329.685923544623
76822,13015.733583279965
105052,18791.782308561207
98580,5954.170543299125
94567,18034.077267744357
95144,14374.872734438395
95559,17843.812363093635
81580,40919.62123621118
106874,21136.208731056653
79121,27566.537050570616
77257,18213.28843429899
87589,15346.272062733478
84579,10045.767843639685
95950,19595.048942951136
92510,18241.538370552244
108139,17165.120012738138
76182,31241.066229272466
88687,13762.78321781378
79244,20295.29492206974
80690,19671.541997505898
86259,15881.22268398429
76977,16065.161048744669
95716,14932.96271679481
97234,13340.732568724572
102608,9295.46314903905
105976,21098.22836849758
86505,8105.596597374589
91220,32990.04607684348
96558,13551.948548856539
87444,11597.874819229522
87498,13482.747348408308
102631,17029.06712844511
82185,18597.012706355206
99403,28438.765483307405
79515,39732.83486612088
99088,10489.319593017777
76226,22005.150579932622
108382,12132.26828756625
85313,14983.387168342151
94499,29880.754518188696
99934,6457.147758502461
82376,17682.849444244872
107765,30914.517656691987
83605,7323.688695101415
77701,15956.858617205844
94028,17469.36067581853
107523,12598.2117875032
90650,22515.77732590356
87414,9780.065488287002
100055,8605.646460092368
90566,11640.285109134453
77944,8803.052853418865
104365,23326.38387547543
100010,13912.554679177174
97116,6767.656010743923
92053,17625.047879035013
89028,14410.80011873372
97021,25709.81427742226
76667,37887.09669100967
88020,10501.727392718543
94877,17744.26714627778
93946,21437.545122477433
107829,19939.906244695918
78257,29615.557580404282
79067,21743.39504502392
77650,35422.14225171758
78087,69730.52973400388
106695,11815.514769204394
94630,7789.361000227279
106256,5743.879647485298
95601,16749.277950741605
105796,17075.501536492975
102585,10488.694614378957
87265,10454.641002054725
81014,35055.63327119117
79536,21097.507195046877
103430,13346.458003149051
95642,30219.617396413287
85927,12057.481238289847
98965,9249.672312002042
82285,24080.632215585127
88076,7237.616162473499
87977,8342.41696537536
93013,20663.008318592507
86356,22373.557175137365
82657,3792.173534722251
104960,11890.74336389601
84159,16150.554192924956
102831,7655.2949630964295
99907,11660.706214016753
95588,18025.109651339862
87604,12867.450235674183
104688,8484.470808953994
78457,30319.275553559473
89007,14752.610532769504
104449,17423.76652181454
97888,20858.429694275514
83178,9832.419965241208
81940,22206.67342729744
103932,14583.920372850806
93309,31171.928719982952
108001,13472.296249571495
104771,8663.808780418534
79382,19461.80294146526
85883,10300.175635057374
106425,12237.605940281257
83165,19499.485943702228
105632,22379.42380679453
77132,28882.92989515849
101743,7104.403372988203
103628,15043.58241876555
90647,33902.16491006397
84997,7701.800862813584
91158,29224.981332228344
102727,9110.566594209075
83926,22041.126355226068
105492,14470.971409148971
84091,7474.425924957337
90093,21879.602154433716
97013,7973.38500301615
97421,12931.142591655218
93503,20776.200395532644
89921,6984.5562120595205
94294,29123.229685038426
88049,6060.976256400247
87152,10404.911353536356
100030,12001.967853503615
81887,22835.833455970227
92813,29901.885652494213
103849,10576.982017139306
81370,16895.658622980343
100077,6506.683362446991
96215,16385.17916390116
99477,10964.040294091468
92453,39462.10170760206
79103,24007.887162973628
83988,10623.54048042652
82753,9796.818247627149
88096,18817.218913882818
82591,21952.34817813191
78600,9967.893057913632
96130,14575.530694712117
86532,20717.351112669454
78212,19125.202022858943
103099,9566.749210412354
76517,14594.271742894762
85372,11919.379706238828
87192,10997.180389901514
89912,9311.668929777923
100674,17140.856150607568
78362,15650.778970002346
80234,10178.334090066794
103492,9032.6828854021
91876,16734.253891715878
99906,15664.127507018487
86556,15611.582358180067
95439,21605.41169365336
89552,14044.789744049676
97510,17694.371230092976
77027,23756.39095627496
96651,9902.886019823072
101124,5322.369356320988
81564,28323.4441831702
103834,11166.237411269061
106120,14770.010097355585
108302,11588.732330472774
95258,27545.904517295647
80241,10003.668447589147
103079,16622.725751554626
107671,19820.69712917999
105451,12323.851270663336
100581,7148.8752495291565
103200,10734.420480678726
107958,25339.73006771684
80508,16306.880977967465
86519,10554.997483643596
106014,14713.547885096825
88647,9002.798894736048
78370,20314.93598587114
80157,43882.05007445394
78549,33416.66309769655
78346,15772.609748793051
102025,9635.51946691909
102642,11978.774159149149
101566,12413.165228988153
105090,9504.571824640343
102879,12093.947402936094
103116,5108.963009619971
108181,19688.876712602672
90077,9054.320562191238
87209,8069.049371184896
78488,24810.021474682864
80235,49723.3706294819
100754,8755.713992869132
105566,13659.536009008156
92772,29463.916411813
91123,38143.55051044153
81751,41210.94106068413
97826,30917.095879960936
79668,20882.486251865186
93067,10894.71533124979
102583,10613.996183726857
107690,17203.133141237267
87693,13053.565435095232
80476,9563.476391126778
81846,43609.73636670236
104885,12438.69104526881
97224,15222.368770568904
101301,15026.72814926947
77468,20916.550509900586
102865,13919.166499913856
89933,18493.967463652654
80064,15448.605539189868
102316,6385.714552611693
78861,11315.885087740095
96856,11903.605026928724
80901,32081.856222005674
93880,4667.30132039526
93155,18544.45760858714
95490,28435.72440184601
81179,11124.182992491964
105515,35941.74124978166
93763,31169.79552631202
79292,20636.276421231494
79547,49176.13511626231
76889,17076.598010942376
92884,19947.858794324555
100959,9721.9812244404
103931,11785.11030009802
87109,5308.8288166102175
85670,13820.825991361513
106941,17562.393354565702
82237,25045.13206206862
95369,17365.005309523644
104098,8448.486623040875
88392,7978.357943387056
79992,14807.624746685822
91429,22006.177658734523
93131,20543.783342332328
102287,9612.204315736386
93988,16485.673214242324
98533,19280.932056512505
82402,29904.993936525392
100838,4659.370672238719
100418,3602.0365278518984
78723,20352.727083697162
102054,18489.179446974096
103873,7364.960740066597
102429,5348.616081850632
92423,20057.083293789907
100306,11117.380768715473
95398,27984.27124062342
98509,6413.372039504739
76571,20346.61568211003
99096,11965.816031826273
79974,36261.80712317798
86070,11279.716782348249
106407,19082.167517377406
107921,6353.730789788246
99358,6191.980579213403
81645,33110.98816972046
82190,28437.627513232674
104692,25135.52230074426
93221,14492.484309899352
100438,13598.018381310565
91444,19754.817254763657
81053,38656.926699725474
91363,20553.53978993235
106954,20669.522428276734
106654,18155.41934870995
99522,11778.165754975591
87009,16397.764063351548
87909,11298.118206872134
77419,20840.47525827956
97652,20979.31195730815
99779,12489.485134503926
85584,14803.949795008342
91829,19511.108338018235
88101,17963.658024605367
100556,4682.048260424211
90352,8765.685355400765
83282,13902.533611614415
83007,15141.942165137862
108313,11846.730038837339
78810,7244.904300835071
98828,22508.100427997568
96114,6569.803067938365
79191,21392.86719390262
87297,12190.330825891066
95877,12841.64231504126
94139,39946.14382871433
100850,8948.105049696947
94945,47298.419979781735
101089,7851.952646457588
105691,15552.674926371037
80668,14056.982215791268
81214,31257.67635460633
87518,13967.4709896168
105030,16229.43481846932
85923,7470.154319727646
83311,15106.83385090342
98855,10010.203574187668
104159,9279.98204167789
82779,9891.84007260534
107742,10509.928040287525
105468,25530.284342599985
80455,26582.837951237343
86388,18024.445148146657
94821,50566.3250324872
103268,10001.504676997436
102051,8066.3805059801325
105353,23732.422816731843
80456,21129.728915009247
100987,10143.290378636586
91198,27526.312149837995
85153,13461.551740510467
103654,16819.017958500768
108172,10238.508861410026
86497,10829.545063777774
105311,8681.066599433383
83207,8871.375824170414
103088,13897.965479949946
80581,23237.876311191285
94590,23954.377487342026
92857,19136.58637398796
104990,21907.655602259787
106022,10945.964327588714
105717,16750.14597220221
93403,32513.84965930989
85166,14897.970075366966
106430,15217.93253572496
99092,20520.857800046728
91093,14910.361059237284
88851,18931.08898177126
98289,25917.4512297646
105096,29844.005060650557
77047,19640.999908775928
104430,21716.210222325022
89790,6142.665519933401
95496,30757.139047083456
99397,10728.348852492581
98691,7588.092550951418
76750,27436.98750573472
96768,17456.08213655553
99671,10577.179289517835
100893,15381.858515693568
96376,2717.215467102256
85359,17307.104851641336
85526,18195.308512829957
99471,7076.927029704701
100718,13795.703980210192
100408,6701.678839026936
99396,12673.116774468459
88571,18126.44153275026
82056,33629.3468182641
95339,40487.80326895447
106966,44010.2093232573
87419,17128.886388872674
107951,10813.596542467614
89086,2418.8281523946894
81863,49431.14108101941
85352,7790.274522147948
107573,13995.958690791971
85160,8371.054513709065
86447,14971.450536760123
85129,16469.95039031332
81978,23057.357871443222
76538,22289.97531474965
96475,14593.265960409843
81872,25126.627243618066
100975,5980.871986544812
89846,8047.813160028014
76813,26419.927340324415
79861,10790.867182183107
85807,11076.88496389877
100520,14042.2220023339
83614,10082.307693375324
101194,16996.395442475194
78639,29739.5594760992
97237,8508.636958645091
106299,11762.96069610652
88307,10481.583113446253
85314,10153.530003109443
105736,15049.545535677318
80065,11074.811650696536
92131,17267.017685130733
88644,18771.926019570034
76738,14136.74502218356
105697,15265.611692936172
87316,9251.749481611898
98209,13591.265992708446
96229,17199.023155176325
100262,4853.982385451675
100999,8749.151167435537
107614,10111.437417963145
80838,28361.478758709964
100986,15157.600270835279
78593,25297.49315350452
100441,5950.980942340394
82682,11811.750608493992
78999,31554.168751348177
93261,13271.378489838287
80075,35112.923350217156
93655,27424.57224264723
100596,16470.855259838558
104232,25220.48334130455
91804,39777.51123778782
77995,16013.395781501951
103787,7177.209361893274
94205,22357.189816661466
85358,8394.307531500537
78658,17621.83196802688
104647,16602.171491277513
76044,21556.590294609123
76998,10557.610002038622
90687,18078.41731288266
88724,21273.190788725697
89881,13844.82841238564
77162,16992.14290248608
105640,15096.430400494002
87663,17573.805312308938
79472,11659.935733512313
105402,9843.231716416682
93024,26928.886614074323
88764,13067.24861170426
102845,14041.030150352977
94779,19847.082706166046
78682,11184.127296147637
95089,51806.45564891067
92437,10171.02350708626
96574,7749.304037074657
80215,9508.003410546093
103217,8351.399746315894
96957,22731.97712134201
77332,15114.272506066867
88904,18743.47665937031
85813,18775.26575570424
90079,18349.114618849933
106345,9913.776617612313
93236,21260.881278861387
77551,26098.17658278421
98682,10845.987267580313
77482,28171.706109173254
106734,22720.64487368841
96167,14123.781775373047
97901,7887.820020697092
88753,15207.715602565371
80085,22022.801347671382
101127,10577.400953182532
89915,11210.08089216553
77818,37441.626885465004
88216,7900.87391490866
88372,13898.57440321675
83811,8829.077932167591
82936,10613.488223013943
89742,8276.341074148515
91673,32011.84809356777
96257,14804.173346341064
87975,14943.45929233136
80305,27344.671657980845
103204,6528.699758554945
87651,11288.71900499924
97692,21124.119890339192
79587,16764.64319019151
78081,20180.753771058757
90382,25493.634176417785
101784,16006.927122917352
86751,9788.5874238034
83746,7284.525785056751
107367,25524.969956462995
102824,10707.59568963507
88861,10794.841377637227
81296,13945.181275506131
93069,26760.093794946486
87324,24263.327131774542
80156,26533.92376852669
101653,16857.690516953542
106220,9662.696816447862
106598,11511.749006042293
100402,11466.982985934894
76609,25733.529599269863
84956,14878.070749922004
95576,28590.11527819251
99581,8143.847088983728
80485,23409.330517536895
77166,29966.82870043136
76018,11099.546119776083
104735,12269.488001418451
93333,12575.4474505595
99795,11495.161822911587
89839,9245.841784800625
82759,12744.730766981349
78936,22933.646335762467
85749,13742.368565960109
103893,5269.078669504238
80488,17839.73480303366
85554,10944.770762609873
90240,14004.752051121424
106288,18354.51840568456
77948,10917.749149325477
102329,9447.832727571069
100162,13062.369968407846
88576,17111.802532009195
94039,18889.450635450998
94453,20283.779592688268
87879,12916.951526061584
82862,16233.018688870457
102535,15929.661102183412
105231,12993.26216905346
101295,10390.903533258957
103639,17145.303804733958
100996,9767.940167931472
90885,6921.81616481758
98058,6854.839895418738
76405,23583.40344272625
81140,10541.734923433074
106762,1443.5460067387685
77805,18513.87682107275
91903,27856.049276040645
103506,7728.850606195965
99841,11665.960340138196
86237,10759.534924294401
76010,25831.815190179186
90547,16435.409070829694
97073,10012.797145900695
96345,20441.186581368245
104803,23292.85576974421
97547,9187.986412137976
80566,29855.540359953102
76686,27389.23482900719
76532,17969.988803787033
95342,18289.833739336747
89227,9383.742446980677
100141,11229.970925753676
78308,22044.10331983031
89064,13379.872439962022
80510,18487.758395948746
88585,13765.22247470723
104610,19380.113571979884
82104,10150.710826711422
82975,12374.164683527044
89065,10812.969197314262
101733,6080.782965218487
96657,16281.771121760194
86410,16312.947470668129
97079,13704.921435923789
99980,7798.434464950493
83405,16642.08389311882
94937,15018.628150153369
88990,12076.839850013186
100897,10096.3575484112
89852,5955.544988039407
79720,19516.883734486586
87573,8035.807841462296
77570,46457.26481461359
101535,5848.657154181118
106853,29024.03845012625
90614,13995.766134352622
99883,22935.940331740043
90053,15081.661914205988
85345,5579.116604604535
107848,12179.177995040369
93445,29347.808464432917
80275,14583.937219549673
78979,17184.860844035833
102516,14260.931984183002
89258,11339.395514289023
107117,23634.82159622572
106721,7760.124460641453
92982,42588.73793316105
83496,8191.966056175181
81803,65402.32971339388
106993,16864.37504781319
103294,19047.81667693029
94098,13904.494185425243
77532,14401.135424629918
89286,10623.54048042652
89501,8478.555202007903
95186,18718.83494228832
92283,32134.04460452859
95290,20381.089199564187
96893,7826.582499460603
100971,10811.372347290991
78080,28201.02982495843
99131,18037.654090693974
108281,7091.538387913055
100144,7172.106583608835
105273,14400.228902488863
87851,14249.189689492543
108128,12796.702455709683
86420,9546.771130539622
88534,8036.0619826475795
91836,16225.784155166857
105068,10120.765218227514
89909,15900.841836562626
83912,18346.884262785406
92078,30601.500747477927
97169,8168.811308040846
89505,7781.92196433593
84000,11305.995233721365
95770,20663.531062218903
96966,12609.965084657999
99958,12842.243294594728
93263,32488.024361410986
85201,5453.073041133534
87858,11961.134843390495
76733,18176.48233079699
95475,18434.871551872995
76959,16859.579461650424
88587,6756.667506759632
106240,11481.119055966612
76297,29776.814934055947
96655,13258.809476736422
97329,6550.965927263877
104459,14805.311375510515
86218,9714.240155136073
92652,28334.613981900588
87708,11129.99258463895
89003,11146.38755392772
77758,10266.066655636298
80355,5103.972234095156
102381,9582.359911058053
102034,20050.686444734416
85449,16584.502066080942
108344,11135.834289774113
103231,11334.16449041949
88619,10400.171381032562
91294,15581.745410500353
91671,42621.30742390179
89398,16957.213474892535
97449,12822.98665478
90985,19268.655386621685
95931,28691.900936704693
91207,15606.482496105004
93227,47647.54739166264
83380,7732.412972138338
88517,4466.3383774914155
94074,27124.61378223278
83286,15332.849393970197
78621,23391.079245092333
78559,30329.37720114787
95517,23253.1217819049
90301,8267.618363980127
86982,16331.021661167613
79155,12704.422098065463
87645,12962.338450031033
94734,19925.351840322382
80776,10047.236867834876
80191,22633.671403285534
81665,20678.070755032775
95409,23742.760728755482
107275,11807.846613256903
88752,7257.3361826453765
85344,14269.04305675258
96113,12160.566016003319
89564,12595.079664257073
83351,16006.314384030153
77727,20280.24333028613
105427,12658.54933095526
86511,15570.555705248105
96465,11735.757428405435
81345,26924.87049186371
102204,7888.817547176286
91518,52272.069045065866
103030,7305.465317547921
77586,26394.539292286572
81802,17707.142100668098
97913,18631.22768452836
106159,18834.355654287185
101107,16575.731391287543
77988,25412.332415573484
103558,8171.081996984402
107080,9993.003960085583
103080,8039.918242291293
81729,32482.2805925224
76576,12619.411727393348
81302,29756.262630450696
102815,6796.7190896601005
76838,98829.35365253536
100835,7280.6002859577275
92600,20217.91557602929
98836,10217.537087520792
107734,12782.514464396138
103146,8562.79078631908
92838,29770.7034049844
107210,15810.967594088539
87193,8342.158100577868
80803,23855.479300717026
99014,27709.31140277232
81317,14258.24355407046
105975,14758.565994412626
91289,13461.256993380019
102427,8926.818300868936
88770,8790.342726538584
93130,18785.89012005611
91428,33214.41970876121
101880,9784.799659739112
96317,13388.341921391584
79846,12052.511905549787
76152,29438.69838666508
98591,9540.31659418529
83409,13088.944904396312
98307,6730.424093531126
81931,44455.82966935344
90083,7308.590376941516
77773,15409.477647552381
103635,10551.881332948633
90621,7374.972150792396
91055,19288.36508635125
82011,11576.667837916191
84194,9574.22005012261
107360,19765.513367229956
89868,13848.039533524228
78774,19286.151465310726
98229,11725.520043309061
78895,13526.668262205114
104821,11460.38975245555
88829,19008.846704633408
103561,10996.379727552207
95077,29447.93822906928
77218,12990.170605579862
96894,9293.311537433106
102467,9541.81325764102
80026,14476.02224492657
81904,33942.34612052403
79212,21497.975972421245
76081,26637.952680217542
102446,11603.126931678149
92123,30287.414152584523
99505,19082.683850729965
90701,32745.918070634732
94131,30570.37032821089
98499,9564.101377199067
87292,15392.414375356613
101982,7091.91345159807
79507,15378.106246812182
80367,18071.983908292987
87303,9231.057664897364
90939,19716.318064048217
105990,23556.563066171842
93538,30217.313401742045
96747,15483.421220799775
96705,11807.68115481637
79540,21842.847825119396
97104,10834.41968220342
83406,15235.370539481322
105299,11025.484629890643
106722,9620.059808224729
105452,14202.4015847186
87290,8791.999166414866
81467,20234.394284337544
105170,25007.165951596613
93330,21427.47679860689
80272,19697.049046777152
107730,17527.025626203034
96010,21102.462205935335
81845,22906.909106401446
80811,12295.478681306984
83571,13269.654006456385
105322,18223.17413406805
77762,16637.53423369864
102039,7891.868168957375
89712,7970.522213930047
89635,22980.051460076626
95445,30102.02759558327
83168,11258.321669381314
97583,9620.936936460525
90719,14028.7975154927
83437,19453.717767672984
95182,27084.256749708915
85203,17982.051320453742
103788,11527.53461164685
82303,16569.20316107925
75983,32839.33808263008
86812,9162.823570560946
81841,27288.837979657448
84828,7353.435731705862
93783,27925.50351654785
107916,23499.87044819218
87430,7432.726675861293
104874,10424.958815772121
93137,18820.900849469923
103047,6259.017780266027
102110,8041.044074528894
91435,18289.982605048477
86558,14417.250236134814
95141,25048.23007276631
101513,6986.248357208691
98883,7889.286925261944
84488,10910.730357671666
77317,26587.227790707653
76345,28978.015251748897
91779,26031.18860281697
76882,12290.975993736885
90888,9483.29336123749
98663,9918.60417336282
95756,20073.055884956648
92853,19342.494471653474
105681,24983.030608140398
100628,11761.153135965742
93663,16770.9173869166
92183,26706.053303396606
87635,18689.046553635777
104386,29822.0380305212
87388,13575.133578361387
77217,21589.612424273426
96722,18519.015984251993
96916,13440.517332215642
77168,49468.366669289746
78963,13468.963959791257
93780,23229.809939326497
91677,24818.454045423634
98082,8835.245680419366
76229,16911.792297350363
92338,24914.814996892324
84178,13642.854531264764
106784,10612.998145633479
90742,3794.678451008386
96034,18939.158044519747
98064,7741.930601196236
96973,17913.453509026604
102048,10686.748111849103
106484,13411.959452233637
105759,12870.466769703968
93589,29454.859908978528
99057,13121.547970643092
80757,14270.174567996879
89636,8272.427332480444
83495,8122.754164223856
85277,10739.66437221873
91843,38667.445692864356
107118,29587.370850637562
100387,14057.399021776968
81885,26070.998364887422
105369,18583.881565097417
103588,8405.601816617158
89859,18237.561286241908
99533,10136.676626397726
107533,16289.624538026465
103667,7330.378097673434
92303,23992.452394588825
98400,9758.488296617998
107283,10711.433708495562
77352,28700.161016311875
83662,16905.889927163582
79661,18820.27930537579
102007,12371.473109121647
97793,12738.750938842832
106968,19958.99519844751
91632,22529.80681022772
79763,33896.6812895634
84785,10447.755995354803
92155,15017.73193730713
76625,27986.12030705218
107370,9574.759946828168
87638,8433.54129953179
96040,8337.989256732439
97299,13883.789189282721
81301,19244.112858678076
83192,17164.546262809865
105291,42553.96756749242
87135,13413.33563455804
75985,30281.671323037986
82125,8156.259978040426
87636,11062.611906166003
78783,29638.532237837706
78662,4350.242129011104
87134,16931.108068646117
89451,7386.856879338767
100098,10565.601392811452
88589,8308.561312399854
85831,15352.355227869672
101724,10002.401440273261
107345,17427.49297841299
88336,12895.876242415474
105588,10632.493310190284
95273,20515.12464507062
101163,8779.754086928571
77479,8680.521537951832
80339,23220.85904238747
86561,10341.478899082671
90365,13768.961821438455
78103,15210.34265940275
98617,11497.339613237971
77621,35354.145717645806
91901,23678.717896481234
93087,17517.564408763603
82739,13640.185015153485
100953,7819.210948629463
80117,21608.031228092277
84174,9591.837041186458
106828,18751.423290410938
90803,17300.589617897593
85910,11961.134843390495
89576,9709.94210755485
106572,20231.15165156431
88570,19114.09754775466
95066,22891.550727945953
101114,7552.900547918081
90936,20045.325312543904
99197,8059.708043148241
106363,8302.090667851005
106495,11997.965327255559
77516,9101.722249674334
88093,3384.18264491391
95483,14722.047236038437
93513,63302.277714086296
102348,6583.396655139629
104779,12231.801592070922
90381,15497.119661200848
90866,18405.03479142681
76005,28843.959709661794
83160,19358.479112439403
105547,13301.542158739441
102598,11454.736981200407
104485,19621.287765466514
88186,8539.224460416759
100958,6621.146171045431
93967,29557.459485287174
93296,18753.092817694553
102906,12273.032911516868
96380,14129.978322417594
93298,25837.623898873433
84722,15549.011608272158
76718,20357.486962721785
80056,27657.56214374616
78850,17144.90400300565
100715,8707.030738069594
97058,26377.21205879554
85906,13493.899171655657
102477,7819.226049244984
78624,50136.77626423244
104387,18128.063232972152
104252,11732.744950174529
94178,14254.660056020859
106337,21428.116793582514
105385,15488.866628558624
83119,8979.36296388236
76930,13334.17290555277
78083,27241.820962909627
97868,26828.132243386444
81081,8460.040081432959
102325,8135.474765197751
83604,14610.485918905866
107825,5525.723255349865
105577,24820.543102493313
107308,9709.70773379624
103876,14700.881086119622
97378,21524.240149656172
89508,9372.822799071686
86933,11291.0715151375
100033,11531.446154378847
84820,16078.028840338287
88884,10574.620921082704
105458,6049.372565769011
103164,10029.601233576575
101838,6233.878556316784
97811,26537.687857373206
93826,25197.082380021475
86364,6779.689953244553
95317,25782.338624062453
80613,22801.334002881533
78372,32744.39628031284
83283,16349.763317081128
93249,30083.305732553
104303,28879.117308850313
87973,23656.118101893728
89997,7945.304145370046
103013,7287.297063386966
85570,10522.314465566644
102979,6011.807302445522
78598,9306.915129041077
101402,6552.391001327918
87313,5928.032221238236
95505,18164.306041878703
79319,20307.587968707292
95230,31424.65218896063
91808,20319.79816105088
98678,9490.953713680055
84270,11301.163028331568
84932,9599.972965130732
92433,17418.063952949797
95944,18786.953980660543
101180,13764.920881484222
82624,18466.11776394678
80920,25245.89920831484
99771,9047.425506175612
86425,16867.492728794798
92191,19294.660138613526
85940,12271.677586555476
97391,14407.690608695364
101341,6830.35617911608
76066,20210.238275635187
93226,19773.933654515884
108367,10005.006187617702
83144,9370.607510804173
82764,10449.090937436915
85112,17981.101153753996
97167,12994.065317708611
105808,8371.520764182205
108416,27339.162596492173
94695,38420.354617270925
100332,12355.270469782272
102829,7997.317658872119
83817,6655.753736268407
92304,26864.848719153513
104385,9056.360333698438
77858,24059.09265415817
104454,11622.622757209445
100292,14001.980690883975
88759,13785.566727238001
81746,17266.873581409916
98246,7365.785510193569
96680,9297.487551275342
84163,7794.175575309247
98135,11777.700534550171
75975,29634.380985385535
92064,14229.279666632761
78732,19279.73521595356
99528,15887.321300310232
97651,8225.794887763175
88195,10314.342724614144
85398,16780.126669776084
105940,9516.357620740364
83822,8349.798688369041
79148,21129.42337474778
101011,13870.706285199485
91642,25837.623898873433
92277,31805.650664629316
78438,15151.47435069816
103126,7348.481302189357
90247,16313.074195269151
105738,13439.550785249157
91585,22787.70330414411
99313,7502.10240015531
78484,9958.169174825496
91221,42624.26264047707
102068,16056.888089060396
103027,14596.166521276831
79594,28958.802376390697
78290,17341.094451364766
83059,12460.217139464216
94542,20782.732206806293
80450,14202.939344459692
86055,13102.717107486209
77128,23314.61133585327
78459,24066.781685026795
106614,8052.306359426646
100580,8766.384669226556
79200,18724.410240435474
90988,16278.577959847431
95354,58661.8037268424
95524,19510.372747975398
89514,24558.323382575312
100494,7864.662154601843
80365,29095.18715005851
100498,6247.738028660308
94820,23100.46588189569
95203,15375.038392926488
84845,13999.402980170864
103726,9150.400369613435
78164,10096.473132934196
85894,8768.052792740475
83974,11323.644428046659
100042,7725.842296098886
82641,16059.926058210343
89331,10047.859877010336
104138,18863.557407327527
84136,16170.621108349518
93037,19935.68490769947
88791,12664.067503386126
102077,10715.297630179042
81882,23062.67209157931
98035,10657.018975449359
108194,22104.84857158108
101297,8364.81401566064
98938,13164.124258733682
98486,9248.419242265365
83293,8796.597899607843
96404,12226.776065888922
90115,15497.119661200848
100205,6890.032002783285
81271,15422.819777334727
99430,11205.723444936933
106622,20521.901311543967
80213,24490.394617603153
106624,18948.467686340293
89907,9525.150308750774
92178,14651.8502930232
94849,33187.99185111855
83585,7851.553149498726
85742,9457.911873078943
98510,10835.18230716522
95629,33151.01215139237
86114,10599.03481457166
104028,22528.93047505085
78862,15302.261814090041
100720,15941.146636728443
97302,6482.9249247254265
76761,15618.562167850552
97918,23897.860048886643
95704,12833.245373127667
108116,39436.84864494431
101381,9231.923760195352
95542,16530.90598487503
89609,16513.87667223377
79374,11776.277729498288
97399,12591.232540309165
79350,13067.792683009411
101700,10429.497696205859
76556,18842.120478471094
85945,9903.501042761178
92706,23998.950613957837
98698,11896.344372691901
98683,12008.340791015542
95706,32624.410152288398
91170,32710.190991612755
89870,6948.104994536639
105665,24122.252624811033
76774,16725.684507682472
106996,11743.18712156316
100111,15068.287118674656
85146,10324.238056715269
87623,10457.507421626371
106125,16872.26243452534
81146,17333.258094275538
82472,13815.893415983574
106621,16167.73597513762
92229,17344.02780792539
100574,9430.970338450781
93325,21515.22147246479
88820,11553.583853634176
95448,26629.583961247517
94293,5242.738801550611
83682,16988.5820893309
82826,7760.73451831643
78729,15111.839557254656
82431,10013.081017319691
105701,26661.2754430743
90828,17323.566727406047
88782,18213.74989219149
90765,20912.098469023964
89779,14640.4466375259
93973,30668.487919059713
82915,11049.905850471892
107131,21504.56606181674
78143,31528.189885996362
101557,13584.89392044894
81060,19087.837320627932
88032,17230.259408521702
102913,10209.24534749208
84050,8604.018947239367
97797,12739.960546942555
99183,5121.627078648558
81588,27664.383280413193
89819,20185.891706427767
86947,12243.700850031966
107568,23341.55334264715
92085,16260.178036545689
101729,10598.322469812434
89417,13046.06273461451
89797,8013.795643424778
89349,11980.06142867374
86040,10690.09420854304
85454,10381.274746743924
78374,25480.989443436727
84084,10033.85356435269
88370,11556.855955698997
99555,22181.90268628576
91675,60895.68052965608
87112,10515.291176953655
96235,16810.58094484175
98203,7182.671422811117
77675,7739.574658519665
98775,7997.613325547086
81614,29891.523904105252
102391,11574.683519145856
77097,25011.288486325888
80494,29821.0298095919
91050,25095.95872299573
90412,8168.4674367416355
106318,15082.908416852913
88976,19358.479112439403
95898,25422.05636058993
107839,22459.07560558035
83737,9283.364306810043
99929,13306.21911014062
85736,15955.8935829881
100856,10681.71865759581
85708,14409.158379483424
90131,9960.360410413306
94568,18890.990793382243
96466,25340.672177951936
100117,12014.139096355411
87585,7007.198871322442
79106,12452.595404319349
80237,20778.681806155175
91302,26664.684494800673
83945,15741.13343700058
80650,26824.070632981
95104,18532.68744902834
96677,5919.6078811048255
100682,10391.776381290489
94464,19143.968156098166
89293,14994.376632758838
102107,7158.247770745995
92219,27738.29097615325
87853,17159.593323604273
95391,19940.74035030053
102232,9735.448972759863
83035,8656.518913449498
80636,12555.628048999166
105398,22633.633271507922
103291,10447.933606443821
78340,13875.48016793964
107130,13564.963726637427
85694,11843.767255061424
89901,7427.159320478034
101501,19899.347528139337
92797,49502.752225838485
90279,10129.59594243824
92115,29188.19017212708
105910,11595.988059842117
105226,16373.753519337484
94797,26131.323044728648
88857,15970.030049396208
91374,19427.495325489483
106841,17243.283571023734
90283,13651.234113057015
95421,23694.10687453956
102374,4748.660033343727
93581,24375.325507382026
77463,36211.52316957272
94949,21874.071189302922
79220,19328.378976845528
82822,20512.355009449224
107897,6500.012232834287
77398,49300.667061163644
99943,15097.518425141265
101334,6965.714699433259
78664,12905.368431777411
98917,25153.491051083103
98320,12858.638015026623
86414,13787.870447810204
106690,13274.166084419268
103656,10731.268117082212
82816,16452.58431048418
92595,21942.028816438837
89058,9945.48139977598
90981,39403.5118929482
84545,28955.624768883543
85121,10757.394465143941
86786,8042.784372508047
104318,9153.344531084544
101816,9909.993722998153
85525,8895.079072127557
79169,21983.414977689696
90473,9247.431136824986
76459,32555.105559262818
91881,20121.523411323782
76343,14737.997184091824
99475,3572.642290595707
76756,18746.538695927575
105158,8487.58157851852
82355,29034.112914061632
102382,11101.30908494547
102739,10302.163697401369
95595,27643.38799640129
92655,20155.884339816777
93230,21080.60158346602
92502,28325.453051989247
78020,11137.408393269128
76077,17954.542362800847
107845,7148.767197947574
94272,58413.00480167764
89239,17365.940547869162
81657,22854.1375547564
79605,19727.59109181091
92466,27985.0284284856
89062,22700.37365372162
91866,21236.448759985935
87629,8528.654095355332
94495,22668.277037167783
108301,9571.755080919489
97893,14302.877387699029
88636,12828.03106377305
76642,13720.44174749845
97723,9659.437837519372
99689,11419.24511464727
98669,9434.430185922363
107547,30593.70249106221
107324,19984.68627777822
96837,5878.210864254202
87607,10278.334519010952
77412,29513.628485550926
87012,11671.192433660308
106509,26478.234299243337
96290,14266.119388918116
98997,17164.903220236927
80784,13711.585600774797
79231,17701.75965553346
99071,12691.548262046557
95343,60453.55615655334
106067,19662.305821968843
99385,25506.20609508764
108247,24733.216118196193
92030,44247.27397541415
106907,17009.099605404273
83305,10681.589169550054
77537,11003.985257320293
94191,29389.844367123897
106218,10025.977625313617
90895,17135.716402784397
87733,13376.949931713236
85938,12091.56936398696
92778,17925.7460945529
104351,24608.281214324328
98023,32489.52875004528
100496,10527.970469740465
99703,20241.94927558869
97963,6073.605544455798
107514,15067.785318716085
90147,15910.947619517154
78976,19442.713440160107
87951,17074.356982202626
87689,18935.3322742341
95720,29702.98759374452
81362,12356.628833201741
88028,8524.878126559155
101241,15910.888698177012
77282,19559.00080749519
87318,12260.857203824631
95832,14245.076675781458
93146,20524.867466144762
105053,29050.609274943607
106782,21538.249213685827
95641,25401.732456816477
101467,10757.18246918987
78487,17517.998792595146
97221,9486.50572075264
88550,13120.333141568715
102969,11336.108424397971
91727,32814.46353227723
102790,10321.93943672512
90218,10356.227235039463
95243,51214.91365158717
101112,8020.099557737655
85231,10141.659059654885
108368,15485.658999115338
84764,6558.949577847228
104560,22510.92276191243
88854,9884.925524465272
96342,27469.301846979597
97363,11632.247501034844
87222,10307.12067150398
85750,13444.628615201436
99457,10145.202391034889
105834,9379.236147974441
81230,15673.602948939844
89905,6735.085128586314
99107,12167.101895792823
97725,27312.52456161042
103383,8230.463970273011
101881,9429.48747275782
79274,35019.5862957994
106126,17885.06062186857
88014,8203.820217688566
81379,22777.185296480307
76685,11974.756460065966
81756,33757.49805440186
80382,21155.141354518488
87661,10215.324769756924
103160,15673.946297435592
81893,31252.195215506683
103538,12528.709794547016
101780,8646.02523051991
81384,18191.608847901105
106350,27382.99461600489
92907,18139.548577162022
99538,14545.674204744595
79214,18248.1347021533
101909,9229.019908665545
107864,17689.875091229245
100524,10206.123851413555
84466,11935.719455006229
105389,21234.124606702037
95621,16896.034397088933
85294,6107.895918098539
101831,12770.169857860981
104539,18617.690455713786
97418,29313.88709048534
84417,12851.349415009476
87082,8647.635160377125
90484,20116.989761926492
94455,24348.11976411728
88204,12729.902043932461
102964,10600.2297949144
83265,12152.479148169376
79644,27793.23776569407
103662,11903.809723625905
98160,18504.13636850536
86602,20051.86576195765
96773,18196.40078141232
106258,23128.50492632856
93161,26836.06547458021
84913,8333.63616412058
93566,30013.092331248256
99048,8662.481808768209
105009,19772.499612497824
78907,12898.411348510357
86767,14766.696656060541
91280,34426.32718171331
80284,9907.625135195784
90664,13212.863865549767
82570,13011.045174959016
97344,6829.3243527351615
107585,18093.339515963304
88462,11942.563858208607
97190,9921.910059094405
105578,8084.830682636588
100275,10051.532844477393
101818,5171.104641805161
96900,13556.287445178179
107149,20335.23782330186
92413,32185.516169529907
79385,32385.411660012007
86389,10402.60863318993
95212,22851.048758265693
76373,20736.11375092206
78959,23223.27816998032
88737,5959.745529692961
92016,38944.81212310128
86224,24935.30415785408
82578,10169.073092231305
97155,8799.318793062077
107701,14985.729804650748
100516,7156.930591754775
100278,15700.250345935756
88637,15680.137134942213
82527,10622.628509415788
84753,7670.629516786424
103714,10897.253061415633
100322,12369.295074734213
86770,11945.704165266112
81754,33594.70531392447
88214,10365.051866504686
104113,14638.95755580669
104421,6856.227829118737
97736,8497.660350248858
103535,7663.82658440509
83206,17144.622981485434
106330,9352.201745085522
102339,13031.386904292078
87709,11589.324879999447
76492,21908.71667759218
77728,18643.052830924065
80481,19823.801819093023
103158,9231.95303485941
88892,13113.885601085869
100388,10697.645887598459
92082,29758.10621649721
81236,27169.028524688627
77042,11614.640967171099
91157,27747.87813426974
84392,16563.89733467451
93436,27945.54198823358
106487,24904.08752276942
76638,11655.246755257152
100756,16111.575172316318
89769,7553.046078720762
107047,26734.726113816563
107482,17103.106547234365
77672,50038.910810443405
88137,8378.163455342143
94234,46625.92400367311
100690,9350.512399435807
104730,16322.753443322914
80889,54458.4124930168
83038,7813.599250599422
78952,11871.86300822616
108324,27999.04583464702
89723,15516.78447638438
84963,7742.578310901859
82834,17154.77947886139
84141,12767.794374645642
94870,21408.384372399516
97980,19920.79637454594
84101,11403.298341075853
103187,9856.956014919364
89617,11865.558128568584
107178,9560.267890038587
92448,28117.33940554483
105739,12887.326175839848
94934,18309.20727364621
106422,8678.07592563949
84357,8126.245793071462
81219,17033.197502393275
96165,9672.229317817111
89437,7740.349241944421
107434,24982.72040640604
104751,14115.24170488116
79869,43234.19485101627
108255,20596.72822440062
93706,16967.048870126793
77694,25562.273014197694
106112,33664.51664787791
79750,23063.672454732554
92715,27277.86925360412
91183,23075.629844524
104425,15687.910889289516
91695,20509.596466900097
107783,22345.32688844908
80023,30251.00719388093
106551,12032.473153556557
88253,27244.92276527939
89867,14635.948046672576
83678,16323.213229974896
105660,17995.18267100118
88202,10673.742010783211
95119,26724.839552433405
108260,12772.253199821043
83078,8162.342150771247
82345,20963.896677145003
83217,9744.732749806406
87850,12918.570470578281
81035,47135.58929366482
79575,30185.717962258856
91737,19129.28992278963
87829,16233.846715036309
83729,10255.383314731565
85611,15854.798951088043
98402,7072.311791593308
92385,11455.61993821365
86408,11823.2282381666
86059,19115.21526860689
95741,43744.38015303634
86739,9361.246028251677
78929,23442.634395812292
83842,6482.806226526084
87907,11433.493806039578
88079,16396.12293528124
85643,11127.930445579595
81382,18827.897861911304
83493,8998.975012073628
93460,38935.441440254566
80412,31422.46977549058
88171,9557.708469775222
99783,10690.012917686123
102777,9630.716837140526
80663,32693.021612528544
77531,10989.574863426898
86865,20698.21682236391
78461,21410.513549001174
107352,24652.096024834813
94120,10092.51666671906
79496,20608.449876318766
80515,38459.043229100695
91344,40060.04966282109
79373,34717.45559362206
96220,10402.964610491515
93246,54998.02433642051
106908,10095.31993827788
78245,40068.613959496135
94731,16277.59629632313
90402,7032.849284294138
76206,52533.804789059635
98559,9599.91285802815
88796,13045.332830742247
85816,17123.60965179108
92649,32253.1127377309
101935,11106.72907440471
105463,20872.632452260892
87365,7973.014261102253
95227,28850.885820062216
93234,14766.65085683339
85937,17758.783183568456
101266,12198.625291011662
99571,10453.376921235134
85700,6220.940734230821
107102,11077.81143618648
89204,8672.285780369757
107013,8848.07968542328
89174,13654.27842694164
105413,15676.104629543597
97676,6753.824735355296
97236,6822.09374194993
103159,15699.507971819823
86515,14830.057132819258
95748,18536.54821982299
103941,17223.083568841845
86393,10995.382678338883
100154,7960.974793722205
96775,15117.551117824936
85975,16287.954892229527
80620,17637.915390318256
91545,22472.716722917245
90512,9010.156974268035
98423,13007.807601866149
98191,12968.763000913486
92713,52492.93488943148
106242,18398.620073802264
96941,8157.97930773216
91711,16298.459837718745
93194,21176.387758152254
84431,17505.33422313783
106092,10355.277384089322
77699,7526.331157075874
107042,21395.739856872882
94581,96665.80288306867
94719,26624.606640084043
103203,9882.783793309025
90527,14492.585157472126
105553,9817.090877630044
86257,14319.538820694399
108539,8188.201756568551
80580,18027.98986623092
100564,7588.903235675512
107330,14846.123367760036
91726,19340.947850018423
102084,12300.292590473387
87088,11890.740274897002
106757,33099.67722177139
77040,12674.592076271198
83253,12583.474423680214
87231,5177.589402387777
86913,6976.427913950618
100372,6425.173549551399
104194,24918.741659746156
91979,10692.004784150837
82139,15583.898869637003
82434,10433.4962429308
95418,23222.055009777323
76862,30079.475385869984
76939,13016.47915130852
86454,17518.215329836705
98632,24884.58467771939
77936,29059.629191945325
85823,10153.530003109443
88035,13439.466270706878
90469,5509.507363068401
77882,28073.174876920526
91663,19380.155311889303
84326,19401.84323123655
107834,13790.25878235966
102220,13344.195721823173
105246,10213.396100950458
107828,23963.61981766009
78808,10677.466703192356
87428,14581.521199362538
83186,11022.446214144238
83578,12110.78502455046
76948,16995.0530559227
78241,14386.709662606405
79743,42208.899077066184
105523,6496.217593109745
90957,13394.532252869136
100382,10075.041317913878
76105,16681.06090967459
86104,7447.328852987699
101922,12932.753457571665
76554,18395.000828779954
106985,22105.14523738066
85689,12443.003103744128
85008,16256.031008187449
91965,18010.172807141993
76366,32745.656084082413
86191,13873.194750222523
99663,6781.444867479255
96285,9276.660090080088
104099,19788.782177117573
99056,9029.512762248927
84374,9970.889657453374
106354,22868.71099693692
93698,53647.05554748147
96634,9014.383338680569
84156,9210.502593177991
108084,22408.46704106083
87399,13808.168957975957
105466,25164.544119249043
80586,25750.156322004892
92580,9092.949053377419
101845,5450.261680466098
84566,10629.583077845962
90141,6587.967164080387
108378,10623.384899920291
98277,2915.8441525269404
95092,40698.14719480343
104064,26399.250481356936
107637,9767.191549975973
97365,15273.512435833993
96955,13263.18203881654
95760,15157.7861384942
95872,23867.574654652173
96240,16630.368858289887
88163,17740.909856058777
100611,15983.311245711713
78881,22578.123284405094
101061,14150.403082435001
107426,11819.987896170445
84044,12122.128244878933
104552,6479.537999129619
94780,11326.470082371334
91863,59389.89076336946
100864,8832.971019707411
81237,19330.457002175175
82136,12895.361162434052
95905,13090.887416257137
106384,4192.045509063782
104293,20784.366816034148
81454,22468.334245420996
107302,21301.607340461105
104291,19158.224555378507
82868,14952.757809193326
97858,14148.896432119887
105855,15238.386244118468
93166,18316.992136945475
94741,29656.089902304146
90290,14099.220219231927
89573,8865.847795871938
78623,11851.622502147513
98815,10751.132694190708
108391,8534.65640672019
84762,9320.365281924001
91318,20800.190544548062
79163,17583.354448981787
95977,18703.49822573216
85867,10887.808334427416
88322,10011.904953479014
79623,22408.612171702258
98269,9088.278551515667
99650,8753.188503202731
107902,10393.143978224078
105941,10885.901047225396
81949,12878.166467658202
79343,28074.46419788484
107578,19414.980464250475
99489,7103.621164104344
85577,21366.622002400447
96815,9773.287139385468
101625,15381.858515693568
77737,13710.52625022308
104092,32236.676793749433
100181,11574.409262031613
104928,6663.615898981617
98913,6815.950460046255
91602,32359.870455965243
83876,21103.995596806788
89307,9135.458382217414
94093,26504.571783350708
90665,8016.879569599106
89424,15669.341008199493
89966,15813.369552092267
87512,15415.017397394258
93925,17100.198018556803
92819,43832.30669263617
93100,32757.966698760898
84387,11748.83248187367
102337,10777.46744012254
96351,7385.679551041683
84790,10108.743949894915
82257,9518.780336824786
99957,15406.642590618429
88917,14552.834737188685
95068,27979.29336526662
84509,15779.674012694926
91624,31309.9213096785
97851,13525.73121618391
88699,15235.228531344512
100216,9170.948488109809
103752,19713.90853001609
86444,15301.014498628092
96692,13211.794610174384
99855,9658.923429863358
80299,33019.16588478533
106960,6568.427974997025
97471,19371.080235373738
84560,7086.7811339743375
102670,10121.020929726985
89279,9964.062467357679
101965,14375.361649911147
97569,12978.532905001874
79614,27439.472481358105
91772,26438.632391762723
85007,12130.298925016361
106561,17818.765054329557
75994,23641.981508241322
79691,33652.202888194835
89364,17304.17574236923
78875,14054.923024620557
107066,29973.916879041743
81507,26103.724160134378
95249,21260.518601758162
87015,8933.22171869686
91324,17167.85795651363
76752,6940.1061723574585
102171,13089.183715738707
101910,13992.287201617739
103619,14825.590667229555
100128,9014.328520461531
79404,25745.975530467287
93180,29533.268722697794
98208,15601.617243483039
79595,21081.458677975555
80232,29086.377515565822
80698,26409.827243103486
77442,11164.663208690943
89295,10837.991198574844
107982,7772.996272704288
104260,9351.994026251661
107081,7060.901388859297
84397,18651.42136026194
76341,11353.353120371325
105837,21051.082801580847
87758,17429.080066529794
89085,9739.645224392494
85464,6296.708628378777
108404,9940.689766647627
87357,8558.122134611287
96567,11459.154926797402
106723,6228.0126609293675
102198,7132.843556194373
97673,10995.818567468625
94078,20105.099302723273
107507,10113.28373808332
97681,6642.209274139224
80033,7178.632804088988
86656,16481.03181168038
77797,19751.50267154806
107699,20523.41480943326
86945,10539.444429289344
105222,4626.880743241935
104904,12162.815223228974
79731,11781.889184666537
79205,33332.443286081834
94275,53977.9231971863
83219,11698.428768314985
93926,28623.208806256713
77804,16423.091241357386
84512,16512.15324216352
77215,10861.543073711087
95226,27327.508889698966
102992,5749.703605857213
98108,13079.10721507252
80629,12953.91171050402
98788,15101.034790215566
84971,10664.545046683257
97484,11552.903587928029
87887,10152.875459859932
104294,39524.6827891753
84316,9288.575376698534
105685,23441.0660800308
84866,3292.508606925605
108412,21539.431212290325
83463,16256.8577236102
105005,18177.97361476184
94134,15349.18433718884
87832,9762.89449894156
106089,7803.992876174254
90745,7101.211609378798
93579,10649.228666257808
77750,31511.480611622123
101618,6372.602050518857
101148,10733.178630113965
91084,17179.953228476297
87106,16706.669114783534
89045,8674.336874176837
100365,11719.684185211147
107100,18960.29950887109
89836,16082.712294061292
90463,17824.651490324584
95908,28529.855031835847
105700,7473.1843638189775
93105,24048.16111660963
83244,18368.1912790374
97603,13956.087078662482
93616,24385.690438141544
94245,22565.34650147271
90752,14871.976118554405
99594,13297.293560100063
93068,37955.15082499671
88443,11476.190566378193
92592,27055.08789165784
99796,13369.353944162076
101588,6873.947459861603
89633,11039.5716622522
99577,17558.085146551053
97165,4722.115541148598
95686,13904.085967571727
79266,26777.88535579765
76351,23104.40021276624
87457,8391.125621521056
90220,11865.558128568584
87855,8115.140778638598
79818,20319.406477061686
91024,23561.408058216202
97908,11947.961020131821
101556,11320.396854160068
89750,8024.7144553570515
107781,19297.38016871075
94151,10181.84900774675
103214,12933.674572189786
89012,6417.937601340955
80997,21236.550166705692
90002,15483.465576630942
88243,11760.619064594666
77631,20148.076490468633
76185,41947.6376750066
102767,14511.916843536515
96776,24992.082974951463
107630,9695.043742121698
97550,10645.185944070707
91871,18333.821652294806
84499,14110.675154095836
94523,25365.96527892423
95467,23773.039913191584
91735,16751.98315984361
89874,14203.049457992436
90168,8917.331055410548
76765,13542.90081224109
92590,25120.11345646786
100529,5989.248613174134
99330,6784.513200723002
92566,25711.64744905027
85303,19341.20852595825
108401,9588.200359603708
107621,9095.664309901085
80471,17260.15918694382
85478,11116.58941627849
78386,21283.57603778733
105016,16989.359120831206
76807,17428.37958751211
85036,4739.540929478543
85428,10520.138229154709
85783,9836.500597012417
88510,11968.205226818169
89262,20169.695718470255
89136,10744.665404231127
77193,49062.427887869984
88928,7353.345786318778
85930,16228.333900549353
93387,26310.252545793053
87348,10958.950293347287
106766,10518.220650767478
94358,16209.053910491584
81582,13395.625712337702
87880,8237.192826383362
80554,31798.41028425152
103295,10565.601392811452
86265,7120.744750908055
85650,6053.52646963968
78496,9918.667869129673
90155,6155.317214592864
108366,18118.38210042823
95435,13275.929226974773
83433,15313.124841246601
97917,12086.041402061868
80755,16945.511704532004
106070,8633.784211570608
80354,18663.323789470352
98453,8355.373601592233
100106,11838.131643404084
90408,23399.54112547512
83615,18294.514281172163
82425,16244.51519963755
101993,10455.234005104861
94522,23115.620087474923
84782,9343.553516637032
108223,13803.243080274071
96160,8991.510427058454
98432,12780.060196654316
105363,9195.276753881095
100535,7252.636952212956
86591,6551.975625380677
104667,19573.044063151072
90913,19148.21887587657
88935,12915.394132239238
104570,12300.389799973302
83610,13444.628615201436
92006,4522.627246108302
86169,18642.161680451594
82827,6661.453513968996
86592,11001.461878327902
87212,10595.694260936862
97120,13530.786785162547
77359,15666.545992097346
104752,18433.090209403752
97296,5747.373062098613
76528,18447.14987396547
94678,15871.8657497939
92677,16571.241573876057
79068,16934.047389424028
79258,14619.085978715484
85903,18982.072812540053
85139,15498.793511133552
93427,21093.56496776413
83820,9044.7876652302
77286,24746.64885590301
99210,7100.956610228967
87068,11334.13917413151
83423,7068.616318614345
104277,14341.687051196715
90679,14792.903145610615
87218,16012.463402256131
85604,9166.938361028493
81045,30905.810317435567
99525,11076.473378910141
102332,10177.620376055545
81248,19650.57348017732
94626,34637.991957609964
102031,5835.896889210951
99240,20394.702084069067
104198,8110.039296265353
103296,2809.190561812506
105530,20442.03280495199
77830,13060.501311254175
107707,45520.44443816389
99875,51782.34410774697
107727,10062.618295686285
86279,10695.562324604512
78738,18338.72774582367
77514,18005.515258129053
83235,9732.719103484138
96964,6509.66732843491
95157,27431.179057348232
84407,7913.44036383289
107930,14357.981220497986
100103,16048.562673130067
97895,13660.89335335084
96823,26576.388010907285
85448,8293.372818445137
99246,13624.73073706652
100586,17065.252759486346
84536,8569.182945843791
79744,12860.239172848804
89433,7063.076236776899
93466,16840.226206795167
80628,33795.26188954416
105144,30124.056844938255
87407,15413.704464653842
106295,26263.718579927725
84239,19564.450842270475
89362,11018.402447038517
85099,10713.0492158807
88071,6220.884233905428
87696,10733.96530061676
102512,10056.088036011286
95911,26868.34549944469
85069,4489.0646423090575
77710,25853.280763563012
106234,17033.264519984335
96338,9054.429350096025
76534,31460.28293298396
91330,14152.373831337578
99229,11898.59813432799
79318,16948.004298068256
87465,16410.1667129508
85327,17757.120670694
85601,17411.019665171174
84287,19335.11682622853
99523,10948.417323366206
85692,10355.869371954504
101573,6986.800933802088
97295,9615.010745010472
106567,8319.561528530448
76031,8639.416565180823
96219,20002.99378094755
103153,9655.502971168824
91126,31748.305732153778
106188,24429.640773509407
79174,14811.910289469057
102013,9278.689400721483
104603,13274.38088598424
94006,26608.905605739736
108326,12577.958842599277
78483,27406.585859474748
85801,14634.466981605903
93295,22166.433508109254
107744,14308.989382578342
100171,5369.500934477742
106558,7746.338893220369
100806,10820.275310067842
87732,14970.79343385878
96227,27140.60640000408
92111,20636.331646674666
86147,10617.991021319434
89519,15813.415655377163
95271,25722.98446662005
95264,26097.56936224704
102294,15381.858515693568
81966,13853.270504801647
103012,15155.967249938198
106989,13190.573663234423
96772,15802.32371773729
102972,10098.409118374888
96306,33094.63462447804
108418,28332.826905256894
78045,12882.5741387085
88095,24405.06246697719
107561,20766.64965061811
81795,7597.178818978284
106736,19888.998330352086
89308,21139.256410851292
92852,26016.565156616118
79486,14772.000723545616
102942,8962.922511441842
104342,14228.375304023586
92242,33151.44976371313
107000,15049.545535677318
101869,11675.00790957418
103744,9746.36293060441
92316,20534.31343726845
100386,10161.341717159365
93123,52291.377430927474
79755,35634.162802515566
103598,14022.245389880472
85309,15801.70669895665
99062,6020.193709194642
106747,24891.527485544713
86675,14315.596982446354
78833,13639.481922478024
77194,16251.418063817984
100977,11119.999874164061
80837,23813.271643012606
89253,18799.305481663345
99368,15617.620000512836
82058,11396.36440929276
88519,15370.610374750153
91242,29345.83542836832
80897,26521.537229022124
80505,10460.391118221805
77645,29442.79629819733
100818,12353.128090164017
101021,8424.63930429511
80028,35512.99905122357
105669,14989.13327999206
105092,4868.728783415625
85973,11044.635712645992
101110,17807.219656280296
87926,20261.592358067734
102411,19597.454782581597
86210,12208.411091069007
106999,10242.261441335746
86228,10367.11995243226
89278,12778.780547992088
85460,15858.128687000279
100527,5104.552952309401
88852,12420.3207590379
105762,16939.464627779525
100149,16618.24530711018
80290,16868.39730546615
85953,7855.949225639573
81492,15712.111054235238
76831,17720.54587644432
106123,18354.80477170531
81945,33154.06593189791
96796,16804.284802394493
83848,16409.09851386345
76568,21134.45862029024
84777,5964.290800697438
85159,11754.149014358063
86943,12086.3522521075
85719,13010.017156529406
90325,3645.652705247264
102061,9175.74923361784
77924,22121.39531682626
85093,9009.924963739557
101892,15392.980198872381
100848,10997.56974726442
98725,27879.39417934313
83883,7297.600390941717
90754,8147.057186654119
83803,8474.373184643015
78486,12552.095639653355
82705,10400.861119402614
81532,45120.699776841655
108285,25241.639613639072
83833,10932.761206284684
98263,19106.853575978723
87000,13667.036530496169
80673,23007.827063425306
78206,27292.901461829824
105718,8272.264871160187
93533,24852.355725426576
92133,30113.112453195154
91065,24763.113560937923
87899,19585.807986972963
98017,20072.37137674872
99570,8386.930069761424
85188,17746.29117228835
101319,7454.615099722605
100142,11613.202281779188
100019,8507.40317922319
96598,11183.065740325963
81397,21954.124461509182
89238,23346.72880554997
95758,19371.992427734895
91540,15502.506033243046
88474,8584.965700232424
83465,10327.583235083395
103092,11728.602598443249
84968,14942.031950991013
77523,22190.574228863337
93366,29160.779206394378
90815,13786.401606133919
86902,9049.21025691112
98479,6613.838660441589
81068,45593.09106965071
93005,12226.931176321501
79216,22218.8415137602
87027,12598.939945017291
97332,15856.688272816182
76700,29371.66325729076
92098,22421.308649504906
90564,15266.642533365197
85106,17958.63827239154
107907,20026.912699275646
84142,6529.994882351635
76304,27246.08778241725
83000,9896.56778686215
89782,14513.321974779476
76184,3362.15115586608
107539,11892.757672350022
78236,30841.22869015116
82316,19961.50218728825
106526,10360.476663278057
94138,22196.97546313272
87340,15170.559912814648
79516,19645.584550204523
77411,23825.826811719933
86680,9959.203619790505
95225,19690.243992966698
92224,29842.86991109509
94791,19976.131376394645
102989,10296.797389289064
80765,17948.574371228457
85393,20871.740668077935
104860,19248.3195154204
102484,13258.083070816137
103672,10929.819889002401
82448,13867.088418433123
85479,4876.516501949302
94775,25623.62456457995
98729,22354.659597995153
76893,17559.071239005294
88144,11896.138703844865
92369,11585.91520933898
80841,22959.548443509106
76791,16841.543070009593
91845,16547.316643022627
86949,9549.718483612789
103913,19980.07217764217
85869,10609.47344945415
76426,15391.824637656606
85214,20808.90011753438
95332,22322.063370835865
85821,11481.930781845234
79430,21003.636852053303
104573,10454.079765055247
105788,16079.693907110803
104867,13637.5534763423
106367,26172.398869110377
108241,14899.35374949193
76913,43363.27096952045
78712,35638.37628912066
87769,9489.811700941456
80169,18764.676597860653
102028,10840.890086946245
102001,10989.426782573793
107798,39908.48700367308
80044,51225.265459524955
93757,17624.522585999526
104233,20537.087026027526
84195,7663.931026385745
84096,7986.1384605635485
82336,18439.171231339657
90423,19643.003749432468
81769,16725.423125540932
79650,15085.455497879011
84837,19167.46851110931
106303,10352.92190402185
98551,26213.224396316324
100452,10565.601392811452
81161,24335.42995205298
101116,8483.569126651133
93465,19909.354393938578
92749,42496.30988110638
86281,17645.502232088274
95586,11966.105000255275
78235,27819.01186076506
102754,9585.577217509179
100017,9244.250559332253
102637,15621.577745761288
98192,12226.966526684557
96683,17688.927114623268
103968,10773.548211263636
89159,20130.060157219585
77752,18852.727144466175
78526,22344.114110587896
108387,21656.349617995264
78659,24313.97529091122
77013,21789.4104122949
106480,15448.261918651555
93920,25603.021503661115
92912,19249.107860625583
79044,37210.306937795765
96831,5607.82083950891
83502,9680.248502132741
99420,3327.254145433815
93785,11367.626463987455
83739,19516.55225641202
87018,21473.399365424564
93773,29471.121909575293
101674,9024.376316139931
91655,23004.94396140118
104412,4816.2904792741365
91636,25293.191115854235
91101,16051.772098882238
102437,11522.257084086352
96958,13846.491011464215
83934,10683.903486903233
83372,18716.522502285694
107296,13797.279357023846
104909,19591.578628375537
103886,10221.330203389592
98858,9861.072547768512
86276,11255.104534494563
98148,13017.035899964992
107294,25709.36130289157
81812,37778.08722765298
77997,19284.83729079548
104626,10384.17664552389
102424,10229.391538601207
84992,12035.961182113258
86867,4489.234211328324
93370,22910.521460320586
90804,18772.8582210448
76001,12127.557574929702
85691,11412.21077582689
76328,40943.75080731227
79143,12588.008143547539
91356,9857.678646968889
93553,19373.14125100929
93673,23152.1235040127
108239,10155.878273728174
99923,11841.076139660137
81616,35295.20309189002
94433,25192.76746795471
99985,14753.9567461304
79648,35070.063000641356
91423,43507.73648429883
96581,12858.066328392872
93321,56286.53837200597
89736,15234.114118441667
82722,8166.621936070269
76093,32710.570915351112
82767,8998.437107299877
101615,16056.888089060396
96585,9852.716367089884
81552,15886.833192913868
89656,15899.393848365951
76301,14829.155365702796
80683,42203.69274850573
95638,12764.192914336143
78343,18990.180795305336
81495,26490.023003984083
78517,11589.25945819789
91764,15645.259416187411
87050,21593.56937527774
102877,14437.218511923036
86844,11381.558615677915
94535,15436.579934861216
80871,11120.017223214569
81126,9304.571316007303
77182,18243.993364220027
89335,16512.608440901928
99612,9870.933631929236
89041,9675.219242337835
104165,12067.9249523097
79096,20253.03500013754
76051,18637.75011536837
99599,15165.449526151608
107763,18725.090391233294
106646,13698.21593783789
88985,14684.025006052889
107109,26626.362774779776
85110,16866.858471804324
96907,13205.302273156783
106806,13788.854203146428
105409,11830.287343933245
105449,16229.064488178461
104042,23502.99060088687
101299,11346.166462986259
102434,18238.420787221163
96363,10715.571234210647
93918,20198.158400463853
80842,53142.94080933351
91578,19393.317005500343
90458,26493.224081271634
82186,24680.736923535198
99767,8284.365415636834
96898,30164.091540941627
77755,20428.782675595074
82958,13707.363265528586
89248,7293.863138279087
93452,9023.990113873657
81517,11572.610899180698
77919,29768.222582727198
97110,16310.108885104277
107317,9354.334609584994
106102,9092.46506436537
93034,24220.070567095136
103446,10826.591612959122
82762,26734.664717205796
77365,21827.38473870454
86634,15044.956088776116
93109,31699.195482846517
96094,5125.695097466897
108191,14065.022318579362
82667,10785.164526111546
87953,11607.32228692809
79188,33940.201342152075
84962,11135.598267750625
88377,11927.064558062286
85942,12545.791469956659
88278,14164.16003899412
77743,17175.961803551312
98341,10222.157010884632
101197,5503.22961717232
102838,12857.709845914665
86885,7407.225411479168
87648,13339.848452570714
78995,16763.193878367565
81374,20530.776175817933
83829,11137.751637426836
86073,14339.446286004199
82848,10789.415092907515
101727,15929.661102183412
89929,9845.116436621613
108534,11954.488720923819
80592,26474.060795354053
96292,13412.083674788597
102569,11630.429518803074
84692,16246.687886525218
84531,7705.458223924696
100173,7794.91803632343
90263,13004.374500399274
88489,11486.171758218334
83941,20353.083205255287
96621,11736.011798966958
88427,12148.729966762085
86625,10587.40674750317
82798,14430.076817658057
86084,8024.763906223941
93058,27298.689674418365
98527,9745.4003694393
99786,12585.575584457752
84132,9962.506882258576
101160,10005.802585463083
80396,35182.26298364111
88132,16174.420100914711
82835,16701.436020232926
82959,12173.416642403789
97225,18398.503542543316
85463,16579.447173428096
96733,9414.990165730858
91820,12058.460647612541
105870,25750.08632868339
83255,15650.565553444474
78899,18620.034658470246
99812,11464.24724778822
85798,11512.415104603004
85452,11860.510553143647
84706,17418.98677914111
104289,20818.391158344526
94785,14820.906890439142
96707,10129.31370739128
92847,21685.6064622687
96054,13794.023322509944
77986,37678.21828035532
103435,8363.999235103633
97008,12708.114924300906
81650,30627.550653881877
76920,22632.160865422167
100479,14843.811416937308
78120,11245.313868520385
84761,5256.097321302706
95062,25772.488203901747
83102,6819.723042843872
103872,7953.107592341641
103816,10831.049449620044
85672,8524.472580139938
102125,13334.017157930675
86928,18714.669876281445
82814,15056.27574453959
93167,25837.623898873433
97674,9190.444863363175
107400,29479.344428080443
92669,12247.886053748207
78046,22845.8189450234
85703,15375.252915566827
104265,16804.40630505724
107786,13073.68002800759
83707,17138.930730754208
76858,23005.45130595217
94147,21300.43863964394
87307,18129.696943098184
90594,21461.534791936207
91305,31535.434875743576
83302,9768.185739199625
86173,17022.04530082959
95811,20504.61135933694
79868,15858.558509058568
105265,14162.036140276949
107009,9367.329460968593
107281,17663.045054460246
98848,11921.989382121239
84222,13090.116756989677
98808,22934.05948311489
94002,32452.233884979363
83985,17104.600100762073
107772,13964.007172219852
86564,11360.675069954297
105241,15885.331001833594
101060,14430.366726845235
104362,23874.394704968912
77441,11652.158470769118
92827,27337.198892379613
86523,16202.912038954279
78695,32021.33828958502
81392,18818.85763807829
104823,24977.559734911836
93521,27439.49833129523
107098,17053.25699986735
106011,28094.976762401828
97032,5967.261140796257
88646,10449.090937436915
82014,27661.269189124207
88034,14358.242030967676
90561,14994.992201490917
107888,12810.547152486602
106249,12919.310836559584
94608,23317.81498192194
78134,17435.308159654858
92898,33107.039445167946
97031,9541.825408691115
85220,14446.308912344462
104973,20708.85472178077
104081,9859.471194896068
89865,6180.026850467151
91706,9032.894853458447
86089,15246.380174627571
98736,15006.573609003402
83238,9843.074893285486
104237,30066.965434286674
106990,9444.90383114507
93432,27700.556236438904
85280,17147.772841943504
79909,15729.157666594721
87698,13098.485506378285
106059,22236.072946587916
91016,17048.046135756565
80180,21304.171007829038
90006,11802.1176839214
78122,22822.357845960363
99672,7688.998106041594
102297,10425.38159970518
76047,12351.242285572507
106296,14717.806469693032
79989,32187.762785507366
100843,7611.782082649941
89014,19467.500780035996
90568,20686.079104342607
79905,19632.1473006865
90643,16158.303914348819
100729,9667.197879072082
97084,10987.872614427244
100984,12131.641543829364
91475,23681.534294979687
105531,14973.71138581107
78482,11884.925008711134
83254,17428.66092830041
85217,9102.222662211972
102974,12609.926682319574
80040,24690.057275433213
96077,14186.22635015664
89073,9286.570855461843
79118,23782.886194648043
107565,10557.996851470925
93486,18213.481048985697
84670,18753.509161703732
81104,16838.294603383925
97867,17121.874945780557
92897,13953.7287173805
96592,13741.076985443044
97864,13186.296432258418
83369,8089.643685211472
100471,12147.290371213929
87533,10262.966357272502
93111,17850.27052642305
99979,12743.076194559499
103340,16065.08473628873
104434,19181.13508580406
78515,20252.952464503498
82046,47211.364226484504
100572,11888.559261169392
96382,12926.300682185212
97575,10258.03076309889
76210,25272.288741789016
96628,14567.205802470073
98232,9643.219874800598
92457,28523.085040312293
103665,13584.464517308616
107838,16626.47386443418
81165,18988.509392712633
97719,27728.906716774036
80739,17574.770314733916
77593,12908.135731111028
84766,13216.283970545526
97274,12028.596734425315
77281,9924.93950198273
90347,5800.872957414121
77555,17387.46708094386
103246,10341.42282717133
78404,23747.089705962604
107745,23046.664306905986
77017,13369.879551425507
107995,15981.248874363899
80982,24590.040666776422
93844,53689.5964627327
83606,14088.273629678155
86904,12563.935122885545
102616,12381.53513880902
81768,32418.47473281043
81464,14829.823817987677
103309,9483.796754362016
92975,26165.35888005858
96156,14711.092340140207
87770,11292.122798675453
99632,18373.591721629047
89924,7643.476466759507
77573,21272.203090644787
102968,15170.470007806336
77822,18901.32382649088
77725,10246.855376657837
100787,8922.128398257644
78013,36859.45627129388
94440,23413.214059251244
83938,23856.770398007102
81204,22406.387841691347
76519,35023.750894147575
82172,31254.90736907016
103592,6088.844094215901
102003,7143.697993799844
104259,17427.91482165172
81120,18691.479746556146
106207,10503.139899023556
86710,8203.002032154674
94024,57867.39290774357
88164,11560.598674857985
86667,13098.758318161774
98371,13714.267092752563
102344,17991.300621859893
83142,14656.50795742854
92532,26424.184781571046
98345,7622.333628720887
94565,16603.498869382394
106223,12483.083221813107
104831,28292.396882906163
96144,7577.376479878584
106634,14215.10069074705
90623,10231.699148143918
91275,27399.662325611305
91547,17439.1090788646
86390,10587.03650122871
101986,7416.545873114364
102994,7333.256506770674
85291,11507.106902131223
97430,13365.206973357996
106209,18772.11157788568
94798,60237.70250476967
104565,7613.94304336487
93679,15649.841360276565
93960,32167.857843269314
90063,6647.1928824555
80038,32122.874580378415
106513,10530.73139396411
77267,25000.741629781274
91539,28831.319333933963
77973,37455.89816092599
95999,10639.55798377848
78036,22994.935718508183
106191,11324.344051679183
77480,11081.645628853103
82656,9047.63180504158
93916,16143.979162855887
95975,18442.03982084683
81550,14499.015795454532
103221,12507.917088097287
84062,11302.32328555615
81584,14931.760537879261
99564,12992.88294273448
100276,10903.623649097688
81308,17421.790020734046
85519,11698.27480425834
80114,17771.258637609895
83911,14482.983933412343
101879,10589.864332150157
106626,10406.3109239478
89009,11736.270582616578
81989,27655.866444833613
88197,10688.814640953817
93592,28428.930293992373
103290,11906.407375405794
96988,8039.531488517877
106777,21817.950528789286
88922,26819.643225028824
78224,16010.403873540738
79643,35280.03358271196
100066,10679.081873883642
99132,7287.956790257112
100610,8191.948488908569
89409,13313.195916815834
105675,20142.102551996984
93304,26249.183368606864
87662,10189.75257540388
99433,7361.582821710599
100011,11025.099845765746
95327,27081.506849369503
90169,14562.530217408546
103978,11352.55720568255
95238,26675.777332811966
96242,12280.721760185506
107917,11876.97179700928
92639,23708.0709180937
88936,18740.20329711839
102923,12989.286044577142
87883,14532.778466226599
82670,17533.929507247278
104229,27424.55269385119
82031,20184.361361319738
94197,27734.296666088616
93921,21560.986943383665
96030,30532.165080799732
106335,6082.8650113216345
80671,15281.887534320205
86723,26508.840684749346
79293,31962.163473333047
97549,18171.633785476442
91837,18823.556017101193
86437,18710.156344947878
107577,23512.40155612858
88419,10597.725516878845
80746,47528.17469445041
82548,17471.633703426738
102711,10620.987083788279
80682,21143.084764486593
93204,34214.48289618671
99582,19250.515665124414
93195,33156.09834744762
89626,25034.836081572543
84713,3297.03178615943
103182,15709.333748707877
96954,25323.781377021747
81758,19304.428449415456
91938,16685.3075006632
92961,14288.917751453777
89533,20549.850611852853
86243,13822.087480319433
104482,18699.058323635076
83198,10680.11123597194
78284,12087.462757692876
101133,14521.843754301499
94339,24907.19597959127
88631,9508.743178116029
84364,15110.900450934427
104341,16354.74287421349
84650,9553.186654514615
91140,26309.22617947248
88889,13359.035676667829
98085,9828.243761967586
78796,14707.905180833752
80524,25331.127432593792
81309,7591.617357552109
87410,12856.430548204009
96810,2066.430128719807
89982,16632.17706627718
87326,10596.47416621477
79722,15216.615276012491
86367,11483.72514189111
105368,23496.466488573013
92505,29728.79976652012
103000,13031.67896726128
85052,11996.322425182077
76497,51085.45834367336
105312,20795.488087135396
89705,13571.625137710535
104999,25114.063449248522
107876,27517.91901959243
76095,21305.257818001905
96723,22111.950543199127
91593,28805.382084055476
85772,20812.374492471983
107199,9314.05879593189
78256,50817.15240103186
78275,30198.532390502143
87582,23357.047376142218
104231,12051.27518660408
90265,9375.791495105912
81793,16982.003591107987
90526,14752.578837707772
99086,8513.373558411577
92743,21000.061438984783
95412,12271.505947764987
91146,26887.97637744107
95923,19939.282514214156
76021,19434.466559644916
92858,13861.592754545172
90984,33236.08417087807
79158,17189.255712686416
90318,14705.437888069242
91747,20858.74653914556
96641,9704.797895067368
76202,14733.084499743609
101040,12816.086207094491
78797,29374.474383134202
84745,16450.874088946108
76942,11751.561674442943
78980,28650.719400478985
96662,15429.407483345618
107813,27859.586562139604
93431,24612.75578446604
86915,12953.614919946629
105102,29835.890278195086
104447,19249.198486047004
83183,13134.55953988281
78917,14176.698508763546
99336,7331.79767018942
86883,11670.431668707482
104155,14324.602027133185
89989,15911.015012295165
80406,26407.998368465032
103151,12396.739105560333
101077,12447.077810292618
80134,22852.935457632357
79090,28799.279230260123
93482,55814.14225850348
87205,16599.22570534315
81295,43561.579632972425
89726,9236.26288554728
107842,8614.91314722069
100351,10150.455424335063
78392,19068.123808443717
106503,13376.324451641467
103982,8517.955908203381
89276,8133.027083385206
83143,11889.484944763171
106521,22951.371558416547
100841,8601.466776500327
76990,8501.0109666728
108466,17984.50424313962
94285,20894.785924564152
76323,20289.63729686736
90868,21793.023174372494
100631,10940.447586190565
76196,10195.26835358947
98387,17271.4000075677
107494,9440.884069210304
107439,13170.61034366607
101458,18238.420787221163
78473,15148.486076149013
107016,14771.42573955213
102109,10153.45073491632
76537,11654.396063129037
106523,16181.756566082311
86340,11185.058627952008
102486,15067.670463299084
98993,20706.12943760777
79358,10155.789466130082
79906,9422.83804479197
83932,7239.0278649248185
95064,6359.0442272072
108339,18918.507521617208
90489,14481.345120442878
107984,21653.104448350296
108096,26540.67775115856
98313,7572.40206401243
79508,16935.693842984387
94289,25301.858832097627
104393,15470.699533342793
108220,10156.428334504295
104795,14710.10977143423
93178,19427.74998168098
106079,41598.29547280961
89584,7585.001039006131
102435,7274.182805694975
91967,46429.94369268782
107618,19978.02886160972
86862,8175.482719744686
87991,10689.83682224209
83618,18757.859135255567
90089,11815.2658761259
90681,15191.162111411535
85562,11992.879202421043
102934,9752.557691560824
78806,29767.398342444194
104615,23278.261663650537
101221,8424.63930429511
107067,29475.871558016705
101807,15917.082324153567
85952,16511.194527623265
99387,36958.471723930335
106135,10968.267740496716
90522,13602.916315799617
80068,29414.51353008464
95046,38368.059790624844
93546,26873.308177588926
97202,24339.56259923659
97567,8534.886912279462
79963,21603.032364234565
84033,17217.40573567423
86538,14053.637989813242
104104,30971.059705559535
98033,6088.030684354351
91989,28455.401992688614
102114,15983.311245711713
102507,8103.63042783238
104663,14166.882010149362
90772,7166.312411942469
102250,7624.675597290363
78758,14581.129820743672
101421,10558.340148914223
86744,11860.502192008853
98916,8522.745195653022
86659,21209.102268376115
79853,32056.72488793194
102463,8579.303586047721
103827,11643.25917044455
106662,21437.080214441816
97291,10097.033738586368
108516,10799.682926285233
101211,10247.640854509882
94947,22231.382765905582
87948,14451.189588395997
83719,19963.77452855827
105186,10449.011818766863
97592,20278.90617429099
79918,39232.82243186356
78137,11043.26047936475
78859,9153.620044311047
86082,10686.454483442416
96316,11084.563793932286
80327,8754.645871840828
81639,9271.796668398527
76145,26623.16746634021
76612,28112.904375691836
99606,18622.063015951993
101120,8148.9751607520075
98540,6739.489137843905
99667,7083.283861277847
81038,25276.380092860545
77521,17374.017435528465
83408,7184.006821719872
86905,10241.631934046158
85997,8422.59275976989
77009,18050.320990060467
103958,10219.72107309184
90392,8393.82518711277
94800,11582.524423211225
84391,6058.090358964349
94843,22662.84058820788
85555,16273.440111994045
101453,7751.030064384075
86686,9483.223096973881
101665,8928.296397296901
101044,5912.35185062024
84230,8607.059537274965
88440,13858.729863445473
103253,9961.737860631447
102847,11904.911996889621
94381,47412.907346304164
94229,26869.016629657763
76327,34388.26024664484
97717,22571.484829057423
101291,12274.188874677813
81877,14747.822632084355
88927,6107.4059952280395
77137,29518.208029890564
105325,8319.642784631631
79368,63139.00614918282
90769,15844.087563300913
101376,14693.997681373212
88733,12842.593581375006
104519,19450.539504339165
79100,11436.077690547052
85667,10063.219501610434
91111,30841.964988544856
84474,17364.378190891795
102166,7407.88116335923
96711,17636.606619458347
103102,8430.50123447375
102519,3429.1403736884845
92508,17788.640040727154
79560,26921.522986049542
79530,18526.935606564228
103272,7450.330537552992
86935,9430.295218779249
88977,18528.636236563798
92681,13528.373590002186
91978,14492.138781078284
81144,23523.95120894515
98005,13103.765237331281
82716,11075.758502307528
83371,8065.831636726634
95566,19094.68746220126
87240,10532.169149163765
105593,17031.59398145894
85457,10933.79014899597
89803,11163.768953406081
107934,6370.194135390703
94736,44152.86393993236
92865,18941.67743886478
89863,13913.667160800462
101109,11007.810785451862
100755,7874.092758527594
99015,21344.574660736565
98439,8901.736468519577
84150,9771.518858238107
87593,14847.07017445592
83830,9216.463568100013
96778,12940.64912033443
93458,38785.41674245875
103141,9668.10170839479
78576,20665.402987747213
84582,8306.20949799329
84034,11511.848440005873
79223,28654.16829000219
88574,15827.395562846797
95914,19221.988914443555
91830,23682.150858058776
76682,21140.470271692884
76091,22359.26082474962
86187,4160.24757783003
80571,20451.14248786123
78015,20543.91534162417
83392,14595.514486910331
82103,13618.85120755551
93859,20980.897733807466
76290,7498.09766959017
86539,5439.646255080082
81288,18884.942452833722
103599,9359.408027328778
90430,9225.186408085496
89392,14655.911241400083
98963,2365.1134180751083
88846,12754.404911110747
90966,42098.66570943613
97360,9053.062759897466
82496,10111.097571490856
96630,18344.558842452887
81712,18353.93707145577
105871,15685.646889353071
90926,14356.44018217543
81443,16955.546685811605
98173,16530.878536444307
90309,5893.179323173692
92444,19694.681092776213
80136,19710.17020422715
95739,15862.687073308578
89153,20276.094753393478
76376,14199.483933704825
80884,14751.916953860176
87395,17131.916637359154
85338,3467.1333706386195
103345,10626.948114733153
82351,11962.364375243651
94598,40666.18082959753
103500,10601.763741450297
90717,7517.257202260569
79512,15961.30428751037
82283,20524.533978457064
85192,5358.305373356826
81490,15043.120864451868
94793,23268.238897190822
97046,17175.471105003733
78567,32475.09816582663
106928,12311.883819676836
102478,8118.487701668654
99213,8397.504700514282
101949,6365.55894483434
102151,6493.023224130999
82627,11049.905850471892
90239,7079.360042939134
91840,24027.64840899783
93782,46900.42809172248
97384,12225.893148739322
108322,16443.88620771376
97638,7532.017098302737
101508,18394.182343798126
77475,27990.34837677212
106194,41931.24489977793
76651,17282.194416659397
104133,24299.30378383679
99030,8681.178739477129
81824,18132.351085109436
83167,20990.480936681855
92274,24088.222688916107
86068,10510.889396663635
78912,17381.808627133436
88363,12237.98770232681
97410,10589.391431994816
77823,20197.969340670996
98879,12656.646200776953
77043,11872.523422521685
93902,17368.88843857405
82757,11479.580926445216
90417,18891.8238058442
86645,17230.93010742393
105708,29177.50169110335
79365,19123.99130211891
93456,24465.997407813356
104676,15478.936009361383
92775,19347.531361588626
103789,10465.758708414614
98176,5554.541719354491
101278,8463.594326086382
86112,16138.725402023261
90579,19576.29565447624
102615,7127.806819987877
97093,25840.65326200395
84373,8917.631766747681
97755,12428.736757053523
100097,10456.022406046995
80866,19975.37852344102
84693,14419.81163005723
103077,5272.5631432382415
93079,73495.21987903179
97533,26697.6854058855
94217,13299.735351718364
106019,24729.655242819274
107836,14363.024589615921
84471,12838.993832410015
94600,23415.12797766089
94349,16805.566128305953
95132,27359.481537407206
104772,27314.32967759173
92560,17162.821960890207
101638,8209.91003651465
100523,6371.507019939899
82090,9763.059815192915
95816,18891.034106656676
88689,12165.307388811327
82540,7495.087657722304
81643,15356.00693496896
104880,15550.839674736426
84922,20996.00577523673
97849,8412.515680466646
107366,11433.328886005047
89303,17318.570403032783
76547,45942.43957783206
105055,22732.935794497553
104312,9176.87517415728
106500,31316.869058908727
91096,14171.147747784446
92671,19506.638821141303
95982,19159.479482754603
105012,9532.041253566318
108232,28129.129844898558
84668,9604.092484367404
104903,15105.118822215542
86487,10421.110042720855
102860,5214.865902600947
93205,11657.283037057121
78221,19924.02813969953
91931,29208.5415038556
81589,17009.170359657543
106873,17274.739430836285
89482,13671.307045811052
98459,10240.246244276412
97660,10228.01051285978
96409,13365.206973357996
101480,5002.573479725864
105862,2089.43072749535
90363,12023.923234348602
96433,10954.549089370534
76970,20514.654258225237
96689,26043.004966701286
88899,12195.960388688054
87559,9501.972453337245
92908,27302.95720400354
105211,9790.204133181818
96729,8877.59472526855
95854,19790.99927401971
93767,16212.76943595468
90545,13058.213185764484
84005,8919.837105923198
77380,21118.336581530566
105877,9932.247509028562
104706,20364.835692711087
89994,8556.05486025538
90227,14127.628488203396
89814,15855.737319033313
102539,6217.520947906847
87753,13181.542409392592
102038,11526.59383726616
76666,17579.40432268051
86698,5288.1524211570995
97368,9743.193968124184
79416,21318.49669212922
85147,18315.91582299515
80148,21114.217647661626
96579,12523.438225344104
89817,9602.46077278474
86431,10053.84807416083
103566,4669.2345554087415
89355,9824.773448877206
97349,6674.752411185929
92618,22246.945836800154
98595,13472.017638338524
87502,12967.210994194722
107954,11621.506599280458
81470,34966.857443641755
79848,26610.608369407444
96373,11096.36996375879
79599,26340.052597637394
101454,10215.693565578029
92802,21317.97467799336
82725,8865.952000929195
81084,33626.61081877551
90130,14352.48956175272
91985,14376.420370498667
79528,16933.214982243582
86359,12794.326193800856
95724,20003.327593519116
102527,8614.7281458414
87032,22528.731872085435
78499,12161.90309228663
107980,29903.654975600955
91005,73107.48843946925
100196,18670.17207067637
102797,7021.325454620741
77141,18388.54518453963
92109,48392.43563381311
96501,19069.14926475498
83865,10999.5866689869
79122,30218.84847588252
87979,17053.307051446645
93237,31409.539265424875
99104,12746.6664782865
95095,18986.092348905266
89412,10370.803525810088
77440,14067.983230109015
84127,7121.72286739588
103842,14438.584406573158
89806,7761.330566633589
98894,7542.28889627535
88126,13859.257849560574
92809,16884.267029827202
106076,14095.685255300908
80110,27974.73881245762
95396,16462.596844122312
103003,14900.753218612977
80123,25830.95093471534
82441,12118.7378258714
89990,20148.659094040926
92936,20834.987243981534
82544,9318.47084182562
91339,61923.13218519274
103929,10236.735063578673
102389,12847.649982127294
91128,25109.93505342437
89752,7749.595614521448
76840,6078.3840773330685
96514,11064.530640159559
98706,18277.385843707816
107602,10146.411652233573
103844,10058.71397913148
76375,20270.05984177182
80401,14557.543665959342
79030,19395.876981028556
105766,12528.298815632048
83033,20272.073117620715
92521,13435.976911308311
90836,9384.072853594645
99168,9539.266738739663
86363,11804.042425635876
87320,15898.902159685287
88185,9055.506975271594
79290,19988.264642842205
88091,7249.3820149927
83838,6372.77694044477
88099,7018.295217633457
82824,10072.573073244814
94204,10728.832425142451
107723,11958.48077759729
93691,22412.761817018116
99317,21146.140516263047
107105,14222.658546684956
106351,20467.66764030142
82970,16006.314384030153
107261,6122.796383339713
76679,31628.82109105004
79464,15929.409011117601
91312,26349.201136934622
80546,28468.95324713363
89220,9944.568243460682
91796,28232.48483222977
106360,28191.693052249993
83027,17152.91937365639
81553,16864.61487945961
79124,15875.808901811692
82590,9381.269146193466
107515,17309.569895360903
87964,5644.910251688075
79995,15891.721209482917
101022,10132.767892752181
78580,26750.62773454093
97644,6936.312869086286
87603,18344.48196184657
85091,19604.511431099065
85155,15860.199475089606
78402,10943.93512909654
92603,29488.873136056227
79788,18357.59885910815
107769,21079.592171589957
105117,11592.836603062273
94619,35459.73689746347
76808,21042.787667419714
89229,17013.064475672167
102592,17093.3305736467
84597,7760.230732262996
77146,29641.148797747566
98794,8458.290372246243
100453,8357.294591230555
84075,13590.57440824167
92090,29367.98917280926
97646,17056.72313465024
84071,10958.950293347287
80924,28152.919363827816
91167,28182.819012735075
92607,17648.02973056751
99654,13237.699865926666
108195,7840.707827548464
95150,30007.438179564215
99921,4171.224702923731
83768,21975.766387509193
106095,11614.30301550889
79380,28480.906546278242
106671,37673.49117413979
91757,34795.76278655374
84936,17716.620500642715
77970,21594.234529932553
103327,8719.525965486671
102169,9648.68615834847
103207,12753.906364642813
81602,8913.363967348521
79975,35772.30081088082
102385,17668.597450152312
80726,25582.142191537998
106953,16332.61617405734
92929,21635.8816277025
96553,17398.054818105727
79654,10324.87558994451
95376,22877.29868360811
96667,17724.52717911477
83421,10324.39295169128
107579,15648.963160731633
89108,19309.736104686897
79958,27512.131564523654
101980,9121.133684377874
85178,10885.18933199487
100898,10548.769314608713
94926,11297.819622798103
104484,12880.510116162699
80250,35402.394589304255
79639,52019.94298887637
84385,9758.929570268756
98249,15419.095348189721
94803,51718.41455794051
99178,10305.357596249034
99706,22109.600905921317
82493,10433.209331963948
105868,15170.660265562205
98807,9898.810009667384
95529,44454.281277210444
93580,25837.623898873433
91437,34690.943715291265
87804,6333.291272268384
92901,19073.4319282996
77177,36155.55973085077
78856,17797.855333643638
84586,2483.743474715216
85230,9123.841715295546
83215,12267.737308929507
78610,20111.736719546912
100081,8066.951278803639
105716,13753.16282495621
95022,14573.178383201457
94225,9422.876741383505
106371,9347.632204154272
76850,26047.48338693824
108514,22392.747990340475
80352,47085.00173026369
87930,17699.507544787393
103564,12466.219468240926
79881,45551.6631491171
86736,13186.523061884569
83661,18470.70257389774
98853,23228.85432341958
107158,22024.07025507411
96809,12193.670027567872
84048,16076.732340673776
90608,13225.271052842963
89134,15525.95646147551
99321,9836.93550477576
82452,24209.612575486106
80684,27479.054771208834
99699,11002.209878762133
88449,8925.957296315897
76962,19657.326922569642
105626,17081.63643028484
78655,31302.838850195592
97115,6195.975893227682
94865,14969.032071588837
85675,16709.41814206025
96671,12305.770417518353
93365,23602.80242304728
105188,16547.620237027495
97713,13707.154701389965
98996,9225.722743862574
98329,5934.684452238148
96091,10573.988300720803
101010,10729.982526031405
87169,18001.063191987058
83760,13201.733195209552
98511,16999.364850128277
94233,55636.12213936102
92072,15631.887285814642
79796,18531.79318462078
97619,31117.94732603044
84419,10787.714492475116
101015,13636.07168300039
81132,18471.148283509123
105597,10530.593120473588
99139,12845.684849101162
93116,18366.34204241149
97838,12124.451831909708
76627,19423.856516998945
81785,15528.395889658072
97645,12615.96347789664
78865,20414.22989357286
92152,32618.818707991708
106432,26882.53503134328
81609,25820.068640072834
85585,19389.67684259372
79017,11824.460844208481
105666,9569.66093184684
97664,28178.716794154167
84418,14462.90253563521
102163,9201.737412174192
99675,6493.719908738992
82132,27444.850748998186
89488,10508.606461252573
95516,14186.93910473416
88542,8238.533810837516
81995,16973.526545920264
81065,16607.50400097685
89542,7921.374107522061
87184,23788.69619721447
87194,18297.750119228902
101981,9111.605777582416
105620,9378.309733395285
99094,25112.462213421444
101950,12340.763823324914
93488,32568.714815081432
79632,21530.8868108784
79299,17264.124810675716
85438,11419.391717249224
91006,57460.851190880734
78636,10810.071526184513
98590,12555.996047668017
97735,13930.95547669573
103694,16056.888089060396
97890,12801.050932733073
87646,6025.044938719506
107953,31318.341567558968
103882,7790.953282695588
77900,21076.284064653006
101991,12744.76253860985
90105,6354.4394296867895
106516,15717.24018510424
108415,9514.925501217389
78853,21765.603424181892
98196,10001.840331303205
95738,30599.34378753405
89535,21884.940888571677
85467,11974.529235135093
100920,7508.698835425765
97314,9836.988213738423
103461,12941.779813931482
104907,12167.693589101335
92168,20943.01115258689
98077,11333.650222886094
80593,53103.92393624067
76915,13263.170992816971
106919,26866.196176078345
95592,30407.35799392593
105772,8898.720295814408
95614,14799.406080178798
92550,11491.900000851922
92495,28512.19303417579
84341,12896.436277558329
84600,20861.199486627378
92665,16421.42788573583
93922,14892.53727670975
88129,9195.96442308054
82700,13593.227192595583
94492,14613.266874767549
100974,12562.511031701355
106554,10528.42070225356
107785,19605.851981513188
107443,10363.519698384105
105470,8448.486623040875
99750,18286.97064945687
94633,20989.896914252735
99429,7444.573074205548
88790,16390.299035637454
104180,31226.750985070306
104589,29966.544200252312
106704,21337.146440340188
78596,17190.986428801425
102083,7011.800174112764
84507,18703.498021092004
94274,24413.26264718789
92588,13596.481032101081
84344,11756.704061497812
99818,32748.17780380269
76710,26413.80136860378
107923,13377.435182815741
100470,6316.969382512581
102211,17760.90868830831
90030,5281.162266622649
90852,15604.837199370508
90222,10223.197108252887
105952,12298.00230464759
100876,13913.17287870907
98062,12840.034901483199
100478,16076.566842270391
85486,9422.462821291143
98292,7526.75130860017
86160,11663.9526524506
82468,22078.677075131745
76728,14656.505534008338
97277,20660.863057655904
107553,15543.256546549012
100325,9319.000671715046
91775,34764.98468804717
104326,25069.81112510873
102909,10886.176726201575
82173,29016.638460232683
96281,9522.673745182587
92426,19786.48779646105
97724,9051.26458093479
84057,6008.86930290822
91020,13022.883281862252
100095,16670.255871064
81655,18420.200863274527
107220,9538.34468158295
91626,31013.488506721475
108469,20308.218658063397
94037,32621.307685216143
83530,6019.508730119486
84542,11324.86260699322
85634,10957.729154148137
91707,51354.77528606647
81934,10508.454747472757
94960,7966.913280084949
105778,20933.880381306644
83841,8656.266503706502
77242,31193.497871786152
104694,9233.847206559156
89706,20466.201111952352
88670,12657.75964326188
102492,6222.774459943644
82971,13306.628739914078
87256,9565.719171252085
84642,17399.82194219577
107437,25497.818741755713
94640,15245.448514462063
96089,13257.997717615912
85018,27423.75338411902
106576,22592.56075145737
104158,9972.332935784423
98002,9632.610224080923
108045,30040.664477785005
105890,10111.86494524249
103298,8051.083105776547
98977,31571.7414632137
100431,15381.858515693568
81100,15552.453314367924
85300,19769.29816642056
77518,18295.474514385183
76712,15703.074565233395
87545,9361.334363014696
86848,16197.863267152266
77647,27461.67974705451
92094,25240.18313652232
78540,8270.582295727392
82957,18258.3087846354
82768,8014.916059301834
95875,15155.910025349303
80705,24769.850366163904
76746,38940.79625398349
93222,21114.959134846773
84494,11032.33126967386
97557,11096.80186546816
104969,20062.945263125413
92998,12454.811427694776
75991,16909.40878582273
78217,18048.090372811992
79176,42075.4528227367
83261,9595.265102319463
81177,29101.204181273373
89681,10096.679877125738
96968,14076.184875119188
82896,9515.62225661418
108357,16485.76548694773
103421,11166.237411269061
87971,11926.2722431514
87170,22204.80954362918
89941,23750.687621147874
104046,22813.206440460413
88894,13051.46564423431
82638,10334.99014960181
79213,16038.0950161806
92902,21424.854262386183
79282,15995.18835461299
86331,12467.020394288314
76336,30640.636098892403
96080,10644.802909099773
86990,18460.132738792978
87762,6285.038867279183
80699,23202.883535427514
84711,9583.727751913115
95297,25412.778934757836
92828,17273.03361949186
77614,21461.78992625035
106565,12620.76621767807
96874,7083.268783160191
77145,15853.678440744401
80473,21433.540954502103
89438,16230.076945618639
98442,22611.20618937841
106213,20155.121696245424
101442,12189.604155907804
79337,24522.464381867947
106021,34719.22006725567
88638,7548.762080185154
77383,11061.545122954185
88452,20829.604346181055
104464,12757.144462934279
82639,10873.36742683872
87305,12353.946207020103
93172,26671.714094507875
98857,28058.317819524353
90873,19397.250363502182
99679,7832.5417148265615
78104,17919.1428828568
77770,17578.67085909635
91351,9764.91781106161
83700,12154.196718440231
80548,27661.17722668481
81163,17717.545695982742
84140,20076.880219892566
95479,21401.590595580023
91705,25023.86195999339
97722,16036.754867984137
88383,10601.191575840972
96632,9638.407740705074
76496,12756.244914399942
79062,29805.912537215525
103519,7721.867624175739
87592,8227.902123596805
97668,20146.68345146006
77969,8486.205871188884
97610,28757.473458610995
93889,21375.637805905168
87792,7905.886456119364
95078,21262.102871430456
87575,15951.880800324272
78804,12198.13186024554
84242,10763.906465009792
83462,10804.968824391732
102260,10686.805649935148
102635,17269.057529167643
104460,16120.010870758897
100463,10338.49524407279
77272,19592.6956256055
82246,15041.397932332597
81472,11131.676631633143
82420,14573.432262535294
91586,25837.623898873433
91099,20503.22122155108
103536,11290.663638405857
105169,13348.64211305898
93837,23593.058274070256
93958,17837.251475891768
86124,8705.56732667965
97448,9154.32405176119
83040,7811.134658375827
104713,20193.1580235845
101549,10693.655731326662
96018,9958.659448148339
91089,31082.93739506544
105130,14439.97529282228
84720,15444.492487852523
97182,12801.842168862153
81653,3328.201944813537
87522,11151.61371839986
92754,14836.479250678625
77510,7499.417096710613
94863,18786.538083410505
108414,12468.669164932558
102393,10596.5598352853
81528,20183.013015354136
78983,29667.50190355068
98051,15780.019633992892
93080,19892.692257694507
92657,16902.63671623521
108070,16749.684426520358
96990,21575.510041733734
83301,16443.284347485253
88459,15519.814710079729
80158,23524.67456201941
106913,28460.647922055785
91119,16020.84389119289
85522,8790.781268578205
87469,9502.725181647984
89620,16896.18875282205
106903,5535.673999256423
104183,13543.004509353663
107015,18434.643315000238
89120,10822.121652189426
80555,29420.27052676141
107037,41572.94449876052
83340,16750.696811747686
86654,11903.50001445946
76116,18244.490022297385
108208,11141.452652482765
99790,12481.755241132048
100950,7849.493810596069
105495,15506.143159849193
85317,12964.746387004227
90114,22204.90828841778
99322,20797.06837974907
77185,22679.563409011233
99412,11341.182241925671
100021,4952.21176091671
106020,12303.319837300154
85234,17135.31123810193
90059,26728.38457010167
106902,10193.173078481283
106871,15297.509409913653
97784,20620.099084738362
96140,26053.287933192547
103840,11125.06825506716
99573,9403.301083891414
81967,18246.097155712036
96124,8608.839832432088
80245,27027.780672398254
90896,31026.267038361475
100257,6756.712158715523
76759,25432.52513761422
87022,14123.38072302018
90758,15823.367177546648
94073,20143.680215672113
104837,13296.491416567247
103025,9553.889824195034
91765,25338.670321596936
88352,14933.971002288221
83826,15938.372956379959
106648,17154.37408834897
102967,14839.005137589254
88989,9779.118163863872
90846,15415.865384510991
90232,11580.561179254157
95262,20020.090770360617
80599,8705.335730703273
93353,19957.006499618303
100230,9817.991519442352
104516,12894.258157356142
76127,15816.35094978319
99603,9765.284869091123
87441,4217.288485734852
98607,6653.20687763303
101385,12179.929141127663
84028,13231.787364344806
99900,11039.355256140128
97880,32355.85865759766
103005,9767.144575288985
99862,6727.779514308592
84899,7425.850575847787
76129,39044.42294271734
107674,31274.501212431547
79058,23124.406263504654
103161,13781.52418831744
77525,22117.260737556575
89366,15392.124515486363
76529,20836.963185679135
78121,50504.935388280974
87960,8302.478842786346
76468,9354.410054611557
104029,16861.979304044136
78294,35058.784550428696
93269,49273.603463400475
76124,17585.54408074275
107551,18719.501747181956
103953,14494.166413112842
103212,9915.833918767274
77337,23762.386378378313
94095,22964.34144934098
95358,22262.962008428578
94772,26479.020175949892
99318,10805.941044443207
96569,18496.716284094553
91669,18841.25524793879
95240,20173.678713876736
79693,24677.115392754586
83100,12476.711040625676
85506,19106.001504344367
93245,20093.78010733854
81444,15345.406019008591
95558,20867.196543810263
105709,16639.45690702097
80796,23104.209555954447
97061,2478.5557889938245
91452,21297.39018122057
88626,16107.204731316744
92700,37157.61710128555
80109,16932.326421671685
103649,12657.402113471475
95545,17378.7588067166
96879,19980.84665827584
94580,10874.329418175395
88361,13040.813940402304
78094,24485.862216073845
82831,17336.414896620317
76965,37474.13501027045
89246,23488.009558047794
91844,21746.163194057972
92122,18757.801051246155
98944,11747.88824837976
101088,8565.173400265006
107119,9984.200521478824
91603,30168.133610879475
83339,14705.045631448269
105408,18605.23185047273
97091,10894.00341787035
93822,17105.79180848782
96950,12392.795216838309
106461,12483.015172761585
79538,30480.199361896335
81813,27529.09960910009
92640,31111.55151408067
107376,25340.869272675478
88834,14060.705524938749
98532,11848.883250328547
94957,20114.501173507182
84884,13319.670727233417
80124,26164.835763742693
92048,31035.23239215546
90244,7044.9793944341145
90103,6419.7882762153085
108009,4919.773661974305
96435,6881.067926869446
89475,14557.286172059048
86286,9552.239775846809
100193,8917.826681021394
99733,9541.705367573306
100561,13205.741191435956
98626,8459.825081880128
89177,9949.828585121122
80294,12293.165464016205
79134,29843.22705922878
78603,28050.998710409378
108528,15213.755199449133
79147,20497.525203881072
78538,5918.017848918787
105042,20148.938452134716
93560,19021.589107719006
107122,12271.680310412785
107336,11888.896749541793
105831,17511.244208139808
92973,21215.67569587568
79087,14208.692644318118
86806,17012.13374171162
98787,11234.050871091928
99838,11593.720908499738
105442,18637.950082198942
101659,9437.526052925647
95085,25296.448930028724
89893,8659.904700653458
100412,10651.79952093537
78433,11798.432281159206
90887,15471.500810510834
87783,11860.80780502716
105572,11455.050741437586
84065,18881.067898592035
93714,26112.8701870181
96148,11515.674988936255
83771,9063.273445402154
84970,6446.040894565514
88859,3402.368845806654
104620,32224.74701592505
83749,6917.842644714689
90174,8307.446122999498
93947,28828.094887026193
91462,25854.82796309076
108075,8502.425790660658
79113,25873.91028899739
88445,12863.66810605767
81311,35531.45846111751
100633,9623.0069981017
92904,24080.130706480613
83091,7658.389322983818
104657,16922.179503389743
82910,22040.753934177606
92383,18932.287823963095
93424,7248.223995059977
79891,30514.893598331902
98961,9187.09355122337
81502,30593.93628885119
99035,11923.739164197958
81371,13329.66274965576
87333,11318.106006046575
90353,5078.489287434691
93258,21322.137538405917
102053,7084.868714266505
86713,8115.222430489085
97203,12706.634720732482
92794,20153.66601709512
84293,15500.695942973205
91672,16238.186393342698
87085,9557.974883978388
99300,40855.56916348025
81242,16257.391990256663
77834,48485.94825382566
86864,15688.362282837139
108332,15852.970759990367
93461,22261.853739270053
85198,45863.722889821576
75974,21759.92655446798
78679,23471.64553167737
97060,13661.697210522962
89300,20102.203460808843
97682,21619.11047922824
86664,6918.8770136801795
85169,31839.83648515309
82930,22184.647654587367
104583,19822.90371447881
107212,22783.058242544088
78128,18142.530556219695
101395,14311.92929756915
79984,15496.056815902048
106844,13801.59391052722
76507,14770.547799345395
87935,14663.551076527225
81796,16301.957849456872
92942,19227.45960879719
87848,12973.79884172458
88325,14566.346068705696
91296,14076.02576526273
103415,12079.146950215969
99038,21747.749171084986
101080,7019.46645680788
102789,10256.086440162282
84656,10966.677380975225
85716,15738.39711190566
90233,8120.609690553538
91097,25276.326018908658
104466,14179.545456726226
85061,12080.978126307573
92535,22527.374608325375
82437,13731.796162816034
104845,10998.810234330613
99353,14230.701319595793
94273,48341.227538564424
84080,16786.545552941505
90877,15518.588957587188
77883,13300.982009645353
106394,20192.67804689844
103042,15068.341275395154
105388,16101.58285568387
93490,15718.832163313378
102852,14779.369636045878
101859,7174.444724838667
108113,18132.345165127837
77290,34174.640914026924
80341,24785.099333071503
84286,7231.189473381986
96187,22296.53004536473
100716,9502.209181925542
99682,7082.8167202823515
89827,10514.247176672727
82053,11569.220988878193
101135,10887.010389256553
78574,27486.645811260536
82541,17049.182087228153
94530,32487.96863918558
107277,17312.732258056512
88719,8288.51199164289
95962,30309.699063523163
89249,10883.25010065448
98786,2107.1069251678964
83968,4265.068929887054
85115,11099.231296880422
79741,15883.448084716372
81050,24208.760214557115
106955,11554.796465913832
85572,13271.091960911825
80604,33621.57119029338
106115,15511.578776552804
76213,17586.62712907076
92026,51104.21949575906
91397,18588.044071539633
105916,13917.363849621037
100938,17797.004569299108
102187,8248.43088414117
87434,11860.502192008853
99959,10814.858136461118
83438,13738.05974535226
77840,15604.105461781373
100930,16119.23320576516
94925,18592.382695955108
78494,15488.066080941915
102418,7713.639495465533
77793,3467.8350523355643
78383,24619.762406928916
84216,20083.21012748244
82610,7301.257359001163
97544,12489.965348323403
92549,34248.49587898157
80538,45738.308020196666
90890,14248.06661586803
100299,9441.158001530212
89902,7524.555756240578
105561,21215.368206016774
82364,8481.438543153474
78091,10746.532837973473
86023,18055.798734073072
79752,22127.786676993135
106315,10324.664497303056
80934,19939.44966014395
78782,28739.377493359985
76471,26365.973656047358
87418,8763.957852475916
76891,27696.197131014927
102628,5281.805946297704
89363,8689.49109313802
89237,15026.929123681293
80257,27350.1420076837
102857,5861.5511524615895
76201,42321.84935429615
104887,8945.353398619187
102310,6532.860575266012
78714,59315.01966747633
89302,10069.025571442917
87676,16830.663266912816
90321,8522.472322087602
85244,15151.191765846583
101913,9058.139930712376
87086,14581.797791451532
81974,22374.837180492657
98075,20072.37137674872
80870,18100.2870349277
81556,33264.393984218856
94722,32819.38869141493
83840,9613.991955047199
100809,11839.39859145014
77101,16320.486182735714
102172,13811.133081765656
86373,18649.53636085567
77540,15296.354946917625
86271,13928.20988703143
77679,26146.321455764264
99807,15769.257417828627
79126,18078.46796174994
86337,14220.945018595488
87496,8728.16312114515
83272,16802.363567778884
103495,15730.965904582836
107915,27103.95030206499
82213,21856.43599716331
99461,9763.430864954977
85797,13919.009876387812
78898,13084.308775482863
86463,19083.72063845177
108138,18786.50753138003
88417,31354.761685341615
78694,46215.25196247427
99802,9294.697430635577
100250,15631.623053014275
83482,12453.84186513516
104457,10814.682361548179
101415,8901.87537203308
101767,16130.92388456638
108250,18626.036750624775
89772,9174.147601919758
91127,16507.66865066654
102887,10343.824012525718
90756,9672.994451491875
107554,23418.231663091006
103731,13326.538560552664
92317,15085.024001087202
86805,11684.552693182532
91722,27568.47154228786
85026,28941.67268436944
77478,16556.41521495368
82027,22308.148279521138
102742,13760.203186820772
80198,17949.975875747397
94907,27191.859813294333
106738,9348.886447400677
99797,6470.7807189803925
106456,8141.072439175829
82741,6288.756019178192
79172,29347.068728500475
106696,13085.874870356618
82422,8372.677839198153
83924,11475.67233503612
90599,8565.72016205907
108095,22506.531708303846
91777,18036.535912596824
95001,15761.341543836217
80408,36016.75082961038
87330,16988.5820893309
103361,13781.95407770892
89641,10395.477111078253
90618,14080.732708002743
91679,30559.470167500378
96844,11345.84011790106
94418,20404.814062767873
97002,17081.595334712998
79748,30282.69755727832
96355,12071.14792888628
92347,17259.893015388792
81569,15285.64711023727
106924,29439.947841057034
85270,12898.269619687031
99622,6627.995294174642
106843,8739.211790145015
80147,15914.641843999072
102181,8936.018933317511
84710,7461.532166560595
85189,11420.51858246238
99281,17252.149031994148
101130,9451.440607889897
91554,21489.139969728167
86116,13211.961386648309
106899,18275.87886927423
84516,16439.110076313384
105422,30128.826973050524
76956,12601.03965631522
84006,9785.025579268602
81453,13082.030190624526
104850,16437.898407106226
90867,6188.314930196146
97154,14637.351883989653
102088,10506.01041481989
96019,19259.00545194131
100300,7428.837999299054
86459,13037.982257041864
99304,10529.630144045186
80630,18971.46034643844
82387,26304.670847851263
91359,20317.519400165194
79123,11786.92185252765
103324,9512.428521233207
101086,13312.506475709448
97170,8049.46888659013
91834,9303.484798477144
85238,7470.74410478089
81942,13584.632714839141
90971,28156.542956798865
87864,17453.07224588016
95296,54389.55386905973
91427,13187.117345867797
93697,17683.049948232427
107694,25105.67622929865
77364,20375.31733783503
102144,5150.128320326532
83410,9005.681718347927
101560,7265.229429787601
84775,10305.299846750431
103879,9589.75543527535
103933,10512.110477851425
76344,16135.850060057546
82119,18175.389245943894
102130,11053.733433625504
85748,8262.94637038983
93769,21302.82994476159
101775,7587.828247039282
94613,19805.209616850036
104021,27796.751334626988
98175,14786.67941225856
98477,10349.311682419757
78185,15862.370948370866
81576,22537.785376933673
84854,5340.233163123556
98361,12837.069445469715
81390,10091.131253567808
80911,65381.5417644332
89407,31400.987631013882
95981,24529.07276565007
79131,11796.31211636132
96624,13136.678639135016
85131,18055.92689510093
76436,13492.338402715824
94111,16750.603358001757
101518,10153.220628817657
76588,49815.366001375754
82353,27992.01945068337
96186,9923.390238160273
92735,17282.352123088596
87271,16699.291466940795
88968,10167.148461663035
84154,9894.026395745137
93692,28871.075992196704
89484,8934.755656982587
92547,25773.663953579922
78689,12491.034981595345
102058,8707.935445127074
102579,14927.295791081684
105825,10011.072962053893
96154,16877.091251033737
102183,11261.341735130429
85976,8130.139942871993
98679,7387.350442420056
89612,7534.998384696557
107988,17459.58911246738
83362,15185.007877757496
94251,19721.92324480659
97018,13244.609058741129
90329,8898.497501294838
104604,25598.670447695404
83742,10574.621717528273
99447,9076.75115726298
82194,15141.113167495743
108351,20181.50901162407
105314,27113.09868490648
97351,11339.32805743574
105861,14842.984091273229
83010,8591.765053248437
91447,21981.001168768726
87619,8627.364435831409
91870,19063.371746878664
86543,13605.540197888657
91484,14061.751885703572
100659,12805.109796097448
104491,21713.763932894155
100779,12967.786265406292
100935,10128.964581841188
82331,13309.096274816711
105140,32455.223549069084
96349,13243.053651586464
82664,19072.38525186618
104532,9725.326776201773
91854,26578.410334467368
77003,19756.502958393092
85137,6552.592343035499
94577,30621.07926089278
85461,11212.004288158882
77550,11696.830785962735
99095,10408.192718520748
91832,15620.911026326765
85920,20384.506810295934
79766,17647.09074876532
103839,9349.787282406298
98167,15506.318724580078
96684,5720.952764913196
106982,8986.070416220553
93524,29385.142256151357
108310,15647.39909735277
106569,10645.361255601387
98088,26409.066804971528
78890,17969.561226215792
81559,18130.47225960983
105178,15789.3675178388
90578,9204.513113596164
82299,20008.853200449732
103885,11432.076063418266
77488,12266.243802102588
96669,24779.309331037864
78344,28858.462888418875
79405,19985.275196786704
94620,38752.15402858499
96836,14078.116574314967
80212,11540.980032450536
95746,24066.530992863343
77363,29884.122950823028
76866,34834.997015772446
93847,24849.999951800062
105175,26507.242989541443
90010,8676.256741030105
104429,13682.320869943604
91160,30232.8469520724
78906,14156.110035496791
106414,25763.768475394558
86910,10613.52678432534
105882,9852.353549112384
107238,7790.829368983578
77102,20081.641237230488
76704,12300.147165843224
87083,16836.831535523495
79057,28483.766331271796
83270,10203.208372309915
80561,35130.231118645155
88469,2996.572272953488
78768,16851.322158792216
83574,10925.221644274874
76771,30724.276213282676
98589,19961.099947286766
93091,20198.884657762595
108358,11054.718135388744
94601,23843.672032286966
76151,15545.41784933183
87442,13199.32126262983
93531,21823.04539874559
89771,16059.646826220584
85803,18634.89075708556
93147,26100.03331619445
105196,9932.422987749478
76171,28647.21192983992
90616,13849.863990732101
100032,16143.71177420917
92905,35494.524817124926
95696,29280.206374414476
88913,12866.261574152446
101504,9782.198901306252
92241,13201.314898535667
99822,7173.858251788781
87745,9556.341162083101
105827,19308.380503118115
106620,10522.618606704495
93497,27587.373726910606
89250,13510.195983192618
105581,7910.9132287854745
91076,13541.758155121859
83506,5187.933162853314
100635,14328.845419515521
91828,38974.76066917233
76039,14205.528955163229
80685,11499.219639950468
97571,25554.496037603578
87425,9997.066465820404
91662,18297.484787647278
105161,20041.040888114494
81006,39706.76130631342
82888,16382.641864059528
78545,21343.45890141828
102922,10277.58471383209
96198,11052.26171819717
92979,25485.804285123908
105623,12891.103679979067
82195,13368.149019463317
76760,16538.25711105217
79305,22379.20158243209
107942,11702.293454185025
81981,41014.825894597314
100135,9965.33803496323
84307,8534.653614043422
92628,25513.101121798736
103304,8590.320924490343
89421,10131.195080260735
103645,11171.595290617393
77164,8918.106323028424
88451,18105.56761578702
76488,18231.860910246185
92835,28414.396036981667
80449,12712.035956419206
97408,21247.34173489844
99256,20334.488995398773
86205,8798.25828377235
101002,10039.55998908695
93390,16830.995778871245
101654,7396.304285562068
90595,8367.633385154888
94955,25131.772984796742
93871,25876.69375577759
82164,29921.557940216226
99373,6809.251396053698
90148,21898.23054091058
83210,14422.013048437744
81726,12358.261262565242
78041,20134.484728394706
106229,9119.23366828699
84209,21985.25802433564
92225,29223.13660898377
91878,14171.002166007676
97878,14257.725254164692
77435,14452.057657808205
91180,22069.33376495505
100272,8184.639962220523
94228,20617.331175256528
80549,12985.98772819855
99566,9587.44493835632
85829,9385.01416519167
102693,9980.662598413095
83322,19438.383253555952
96980,8635.656023562215
101844,10085.188116857265
80791,68138.7638117679
107384,14305.547917799953
76193,16556.61470398868
88605,13754.866873508825
95910,36378.64152236521
101217,8232.392717354323
94833,16606.307272840535
80221,17826.52584204959
104479,7913.076867370697
94405,31279.39635266687
93415,15597.081564930926
82460,17695.595886425235
83009,7884.733666694416
85429,8382.303543078104
106034,8416.38900539085
88406,10463.832919830205
81623,28834.404034906558
93605,32633.218907421488
103670,15667.866606162866
100409,6860.797061412926
107237,17745.666066347185
101669,10498.290820107939
78854,55090.42057518407
94034,25214.977006586883
101096,6975.408901685559
98417,8058.834392348913
76874,14800.79751879512
94954,20603.178469473558
83137,21658.87769845506
94653,22421.328385417994
87567,16584.502066080942
78154,13502.332381728429
84461,16107.340111974034
85686,11032.804409731109
94342,15791.121076232599
101392,11992.126558807437
84192,18684.11486914651
106701,9502.192542679864
104013,20745.42480066765
82745,11444.140805842571
103973,6540.768381476908
90409,14132.383841825835
90651,7859.683157104184
87413,17967.74877620938
102121,8669.699983384264
92145,26117.219276484593
107141,8440.541063597626
83230,5161.148614702308
78553,5540.78528504116
83939,9892.433031870421
104875,20459.799073986887
78129,34011.66020563733
80313,26554.361700613346
85535,15818.768620701427
108311,13664.445537647183
102292,18389.568418202183
89716,17005.77636393233
77046,68627.44463211454
97611,16711.077800493036
93038,18513.271482749915
80503,12771.90856077733
79132,15413.200471140672
103759,9543.943898073085
78960,18656.40607564882
97265,18924.814928482294
77855,20104.07929921277
97371,12814.854211952399
94297,16054.865526322812
95653,5250.977036297988
95891,28753.85038112307
81947,12442.255087809677
79702,13369.168387708236
76463,28402.341167966362
98065,11976.485010813056
77154,27781.126955583946
77348,27156.020032539767
80987,17206.03665509692
92207,10297.374374984909
92983,32487.96863918558
80731,11748.302182522526
86277,18969.32024301105
103051,5570.999835718161
82013,18942.50561769185
78814,46421.67605762668
80153,39835.14122116609
94618,22418.20813092724
80059,31042.690611353337
105557,10196.496976680775
78860,18296.60821070072
84849,10762.79778680857
96896,12256.719911410599
88244,7803.453018454034
105984,14968.064145676133
82644,13600.506500856
90970,28790.847200789347
98810,22560.61957042814
85184,18361.302439648047
93723,49624.69197983818
105049,10204.081031637674
88554,11315.02547301834
94996,14621.226199303039
107689,10055.226170891154
81575,44038.03477595369
106988,9985.53237419364
89894,25293.940281228857
81703,17539.14770715605
90718,16876.87180340198
99561,9579.845332843239
81269,37517.28293659722
103069,6599.3431857429
88952,12923.24552991857
95295,14548.463402803354
106589,25559.178186603276
102918,8029.908830820363
93669,31668.865457826294
86144,13288.47344468273
98336,9141.302009180912
96891,15333.873335351987
98576,9071.861330488733
86038,15489.658452149337
87511,15996.884824576402
83642,12909.47508160979
99964,7094.769752173856
82842,15627.105809460376
101714,10340.923368705726
99439,17765.276370245425
108487,18455.41249887208
88965,15513.87403267749
86445,6344.135860363527
85916,8126.589034702739
85616,8293.627420492794
90865,16638.40726983411
88634,11418.531309185868
108094,14573.402842057183
82654,13659.268726575754
81401,16457.35867226202
85163,17656.874970833393
97623,8750.020874532678
79759,22641.188983010994
108230,9513.031210134763
77757,36695.221873456896
83089,10271.638455708971
92851,31794.683224122768
80656,13899.209105467584
86019,10369.504091902172
100887,17274.327895265797
78011,38068.110200534524
96398,19714.796597609693
85254,9145.994594873253
95254,20362.146948170663
102320,9247.979038199035
88408,13299.272575358185
106594,5664.1502344125
83849,6589.727046972021
79313,17773.855604725464
95010,19719.648743841142
105546,15515.75394966372
81884,20254.99575710158
106088,22560.8386623531
100892,6472.030887236692
84487,17115.867136110694
78004,30862.802568026345
97446,23133.05992867984
93170,18657.598850260627
83208,19100.270143189522
88728,8534.653614043422
91300,19280.748704695703
98637,11117.862748568365
107267,14479.425850345538
89956,15585.268827893982
77052,17332.430682236576
94583,16845.13897391183
91424,25935.78654247652
104774,7609.519685580015
93699,26344.814287563182
102986,19127.1917162932
94176,15017.57195417999
95618,19152.35155138442
81622,21975.73403411198
91273,24087.490369280014
102725,7954.765214223492
90479,10159.977153862224
79835,19124.057292177593
78909,36968.85044723421
99437,12256.05904646943
79890,20727.23739080473
77662,13546.064722206716
90320,9378.421524013396
76278,16003.81864053025
80029,16160.170522644676
95797,20327.189429603342
95356,51331.824926438276
101962,8672.949397754423
85810,16699.291466940795
93588,12373.947792712679
85679,7725.188257409141
78286,14506.931763289838
105233,12436.089422903093
98613,6080.861700119264
101314,12193.818001110807
105749,18623.727603618467
106103,19769.453172255307
96678,10448.841787436984
85003,12693.130077237392
78035,28587.388785152074
82443,8586.128438544103
93373,41073.20496392972
99857,7609.326075541323
82450,8246.611551221604
96256,14584.024394841532
95924,31698.993098585004
81425,18154.511334229588
87252,18651.864995114924
100379,11319.475687779544
106316,7688.564865786674
85879,15073.384381250773
108334,10729.54787668238
80243,23291.469026804523
84504,10721.59456199425
106064,8407.917029639966
96443,9624.910464853794
99020,7085.8424311001645
85068,9290.211532194975
105374,9354.334609584994
101946,10440.549886550316
92945,22155.07028711446
79338,29118.99975845928
95027,22626.871164599874
81488,46726.89724700692
87754,11090.772541444552
108454,19552.528072843106
91283,28290.005881247947
106232,14805.311375510515
78368,29189.877010198514
101417,18502.05526618593
81479,27671.407091959576
94527,22654.66550143805
76897,27382.119492183934
84107,9577.088520669653
103177,10880.8485313674
88043,11445.706723065154
93710,59252.62938807927
87679,10494.478711711181
84644,7810.258204886272
79097,16451.64954060848
98030,22242.569287460123
95131,18811.52022060073
83593,17861.05183006781
82532,14216.488942119979
101675,11196.448371728855
85118,18548.32063812042
100813,12181.674058465931
88693,15825.309193855748
85819,15031.57293647066
104337,13145.06298922297
102104,9031.10252124391
107526,11176.526268003883
85600,13382.796946985323
81771,21275.047825427846
98339,7670.9762866199235
81855,10862.042613596861
85755,11322.660447184984
87321,7635.266433882788
101819,9254.979490827245
101569,14101.877929384342
94538,9053.108428544829
104142,26294.898995982305
93830,26066.32663390867
82076,26919.611918499337
82721,19633.80820908174
88982,9656.713607583106
85055,9381.990651955011
101426,10260.802428992161
101136,9151.438280683846
91939,9453.493838049957
104368,24824.618483106893
81513,11323.351209023975
76394,20543.00152817982
92054,18862.69771734328
94663,28250.1711231411
106117,3916.232082372828
92528,26705.401758146265
79929,30096.728101734512
81579,30045.347742971684
107328,2734.2850966926685
105031,22510.85414708696
100819,7265.4254794172475
87353,16705.531546826744
77698,23878.902946884373
77157,11577.830427434534
85947,18248.847331979618
92761,20037.503008698415
101344,7778.979438735106
76877,13441.85506250274
95851,12044.294830774861
84319,14784.871297225573
93218,15446.036680712976
83770,10580.167084467363
99753,7200.224391969852
82062,21359.842057515823
78053,36829.17862722372
83901,10584.459138921538
89826,7892.8338743102595
104171,10442.633208113828
83906,14401.37424663366
86819,12471.590533342734
88150,17705.63879474113
85289,8040.707251574995
100567,3797.2835595238
105930,11976.558332516983
107244,6617.961741878185
85900,10973.09184376109
83184,9886.125675528028
97034,12568.143830812116
82506,1647.245567564924
81182,31276.716792241452
78619,6200.467178130143
86046,17011.82915837829
92798,16346.960929367337
86595,16411.91761406389
103854,17933.550527919244
108504,17838.03824018866
77451,18084.796570770708
76665,25877.551554456964
103434,6504.279213372457
82338,20745.65811787297
105189,2541.49862525366
94512,20693.6089833802
97542,12268.43904754138
83343,9638.703201734339
77274,35062.563168447945
83810,16273.144390992824
90850,13901.558311930867
79688,15091.996068381393
104038,9933.867277580594
100468,5871.570808920365
81010,17576.979551380755
80372,27541.247499318702
95979,22622.139031452174
89813,5608.467635238251
96873,13221.100012826035
87267,9894.864090778236
83327,14338.680282636242
92095,26897.012291986335
84723,6557.4353680499025
101561,10090.042442019954
77409,8441.90753015699
76480,21086.00676802797
97632,12311.710533059326
91990,30025.56546063123
98020,19126.45359586473
81375,30379.126274123417
81903,15315.288305449198
107050,20687.33976682223
84920,11205.352189180248
108180,21127.48056603253
94696,23907.602159542577
88215,10759.355317877169
93276,19373.76653303291
80359,13860.075564797447
88717,4476.7751852554475
99702,7866.903692393089
86283,9609.140625148084
100037,6480.917798855543
93640,31443.932457251587
104313,11370.049565475296
84666,16501.38481695499
93000,24343.447219551723
77512,20558.73204123912
85094,8360.634712303327
77184,18159.011659775133
91257,20697.90934496056
103957,7891.348934329292
78533,28789.093518921807
89080,12405.928519150226
98463,21504.22321630925
89002,8081.275740485823
87542,9613.032622958348
88641,15487.793004509173
97972,9001.071784613228
76363,19193.017694360515
93821,29945.43561956738
93549,16426.156761745955
86037,12272.601445172724
79563,32340.515419970954
100014,14307.433710359714
98717,17515.744143454038
87323,10233.856998015477
101054,14831.291326734887
84408,12900.766777706294
82692,11493.164166558561
91513,53096.81058798081
92863,18357.758676613736
90666,18061.307368245074
76919,39836.22335124638
91549,51393.68712938813
90300,13266.84586501304
106228,14261.81997908343
101551,9392.459262915194
105986,14108.65699337046
78520,20712.763280235198
94130,26370.111089642298
88980,10785.455239952656
76245,21965.210753024
96800,11009.837212027576
79591,29373.052003694524
94738,23573.16241157072
103275,11130.162875633738
82981,10491.715347601985
102017,10909.96164724516
85242,8521.257121269828
106488,12947.042732847956
80606,16172.733910774183
100861,11128.39220774499
93103,18007.314795627826
83680,17359.89022236501
95926,22596.33072987511
84955,9990.387910542775
102279,10204.617818735709
90285,14668.041860573021
86735,17119.980847226336
89918,6678.473162080282
100914,8091.209037149932
90315,8671.066520555698
98805,9286.489743068449
81572,34584.79450569979
85263,5911.930040757069
91962,11699.270699322386
86328,20098.01271585159
79610,24600.157774937892
96570,3236.80148230952
100929,7086.189073814633
107784,20619.29710975074
94269,14819.823307391722
105574,23980.373135549842
76572,13041.606100154637
96249,18419.165732881273
97897,13333.599563539923
77625,17015.389235033494
102369,14524.227756754632
84079,14075.637027450748
77866,15994.295502652818
83806,12952.330595512009
107540,19883.58256089464
103244,16051.621002739914
98859,22816.328033352936
96719,17664.241469306042
76235,48108.03384953122
76348,6520.849153714199
94323,48132.6290051027
96314,13340.038203779348
77439,15114.532957809586
88588,12719.156660065522
89516,14515.320610120725
92199,13913.220727600172
81669,28434.3095298446
93600,27018.332918864002
105605,9943.760764231984
102501,10166.73656361307
105250,20417.94283347581
103132,14984.144825153773
76914,32487.022378107024
103063,8379.220992867093
85636,20995.150396983143
95703,25499.4331845379
95014,13559.441496220756
91855,25553.05176427484
89326,17144.622981485434
86878,15303.878586210556
94159,25639.11388411196
98939,19283.34811699044
106603,30739.854378323984
97683,13507.869592541356
105057,13699.960409518628
82551,8449.505297966267
95156,16092.180702374462
96663,11158.60665800977
103966,15303.88401752122
103721,9692.827763679434
104581,9623.280214233308
99601,23358.743026919576
76271,11485.258808170402
106578,11872.064315227512
105436,7463.6973229822825
96180,13767.688844050963
93214,20015.680181609794
83950,10645.977579908396
87436,7545.124054549233
78008,35217.931650900115
96396,7088.176753026143
86423,17304.267660133162
97519,19780.561286862077
86137,19187.773493308556
94515,16049.722630748678
86264,9142.921077903224
93856,15489.00687888436
89370,27285.665293905495
95869,28350.595504724235
108411,15577.78319879638
90193,12165.173240840628
84817,6636.247987358232
100719,9408.389814673756
82801,19651.091257542397
83103,19327.481947235185
103950,7621.9509399531935
83927,13869.338744016037
96442,19030.771536038992
92599,14435.2090999567
105284,9390.573970289635
89963,14476.712666616704
79117,11778.70952315454
94001,10876.429028878407
90520,6516.191529875649
83344,17991.806515107004
104811,25141.989715763135
81567,4338.098749589601
102778,8250.600184932155
90439,20781.420636897445
104220,8891.345793796174
102961,3857.2159762775423
97588,8944.013231907311
78049,8895.041761587428
80076,16381.747397986881
83466,7630.3130843588015
81941,23267.020936527268
105786,15702.332693899441
91443,17695.49379986441
99961,13694.324165005983
96323,9478.590385008521
107235,18773.547292601757
108199,4829.788489440819
93938,27587.96260571977
82727,18725.024858131586
78548,30427.490041080302
90362,15438.352940163411
92257,24435.378569142
80015,15120.615253041626
93724,31689.2561457156
88826,14686.0638426585
80051,3639.030905778228
90219,20430.52482642345
83727,18514.43060894582
90139,18540.77589142267
101189,8259.080603436878
85435,16990.225696768855
91933,29608.87256536863
95135,9629.780883670144
80576,28827.520504325155
97289,12945.046442010538
90225,16980.097684192355
77958,14874.243906018914
96218,28391.9067799608
83747,18117.94475676142
85699,13446.40779376103
92682,58366.08691634566
92129,41824.820490846396
91533,30451.54864658722
86503,9803.02748579379
107555,19921.880510717212
98751,25315.455531809002
88145,15769.534945681822
104214,22266.371656197934
80027,17676.60385378225
94594,20188.599889357036
105978,9537.732429365878
81202,21381.42629185299
88343,17149.95943627367
96928,22837.69328306298
89639,9179.830501976516
83427,8010.652277602285
77241,13734.125618498656
76837,20721.671668944447
105316,23549.429289766515
80915,10614.479365263065
78226,20564.551746948084
98367,15517.380086065696
99268,10284.037871804869
102336,13882.879900572083
99355,8822.450105878464
92728,25449.57549994363
105261,16697.220543717747
86321,11239.88474991256
83913,19858.369486112082
76582,10119.833998007309
80624,10628.380236597415
105804,14357.484201386193
101229,9382.173294242091
104782,9896.17541198923
91859,55439.31730267652
81892,21779.768815501197
104257,14755.852187455135
89995,24855.622141100677
94721,29101.168983906726
100123,10565.601392811452
83121,7901.185904442631
89621,8762.322437466464
86608,13640.185015153485
106922,8922.534028002678
96146,18364.395209209983
108383,20061.738809289145
81554,47706.01152572033
101538,8678.013472317543
105248,12591.185679929935
81033,22944.498586716043
107312,14947.214494899821
85588,15732.57820108043
108227,9835.181378339661
84017,15864.798291846331
101028,10238.862682312627
93019,28417.237872355345
84359,9341.71625393027
90602,8026.531572755173
102834,9482.351561794147
85284,10549.378576075353
78749,64794.70273347812
96892,28547.356699670516
89640,9093.71987469471
102773,15381.858515693568
105779,13116.59062584355
108453,17771.93614387549
83162,11449.304215123348
89704,13217.223051683994
96488,8334.357968579667
81546,21079.51851237099
82108,19989.523285715964
96784,10567.926774518235
86526,8680.373594351406
81220,30217.246362475504
97126,10441.997449054857
79954,26602.96765801828
100182,13505.079850517963
87058,17980.55010600754
95026,21342.202797939255
96334,13277.146034248814
92636,19808.90021081902
89131,9651.998202331844
78145,15223.990540501885
106255,11877.595385261331
84691,6428.613547825266
83425,11984.124691398445
91526,22806.3106687993
81170,11992.465417400586
93766,23171.399613523354
89183,12251.630931744061
87644,18088.43838524749
105559,44653.566928936474
91968,14062.632699900443
107198,12099.2449936257
97030,8514.784605438961
96512,19598.719593336984
106506,10267.399367448597
97240,11670.662847833786
98164,6725.414850883207
79782,9429.399190247355
102498,8180.218598915436
86052,9610.676674858873
101070,12758.276276063776
88461,6242.681525271417
94238,21281.652742454968
97040,8769.680841889674
102861,14052.409300106025
81516,47362.73641741556
98512,7086.078609712366
91654,28424.10225466668
87837,7270.500929114387
97950,17730.106089698394
91492,26556.56012581743
86374,9422.437709842216
103671,6901.876036939088
99254,24375.36961124542
96920,20946.432053600427
100733,9938.463505345477
101602,7493.932495860475
101809,8599.771596921782
93626,37022.76733084886
94707,26502.65200806211
84718,6300.176712123735
77357,18276.311339307602
101735,9627.675152982381
85009,10129.894775154593
98213,16937.255286748798
89068,6890.286109887737
76270,16356.70573776672
84608,17898.25788814258
106582,11871.575393942998
102112,15610.054319096282
79840,16497.12436234369
102362,10411.78346552211
102074,15500.859854152135
78050,21271.442646215575
91002,35688.87105590259
91648,17865.420577165914
90182,15176.674591011864
101732,12028.124872719154
108023,22818.142948294535
94586,22747.12142047421
91189,20612.75512032388
95199,21703.58680790393
78510,11659.905266846663
92551,13366.561268913314
92368,21462.277912938534
83335,8180.1625936258815
82609,7119.649286056954
83471,15655.810020402623
89455,9995.583617741237
84982,9084.668184963344
106978,28982.964628742895
96399,18946.40307406188
82526,12175.065620417352
86743,11274.515784945033
92104,18474.011098379033
97862,8865.713483110538
99211,8439.826700851429
99118,22497.91152536162
97657,28467.011682744567
80627,13581.008489604232
76293,17452.955224691686
83108,7638.349830255488
93728,19912.23127934834
108295,13589.17192983884
87957,9754.382095106019
78627,23008.93473789586
103227,5730.546928701052
88115,9636.13390625021
89694,14527.172272651958
95755,41762.28220662473
100889,10232.392696285431
76859,13488.624586564174
80975,21271.888112401568
104878,11137.835702169295
105859,18885.30682544636
93283,23476.13180163855
76217,15348.005849644112
90731,16410.01904798361
99826,13587.008863414629
84180,12585.994390122176
92500,23337.90550070102
81956,11648.435039498334
100508,10211.66186417191
78336,12315.691049957808
98694,14106.545770892932
92486,23475.442298673337
77134,17438.85151715594
94264,18134.302189760383
108210,6878.644526544477
98310,17594.47262134086
76260,35949.60852631928
89623,6882.943454837466
101737,12666.970062827782
97665,8044.865671159783
86041,16919.72007676274
86653,10917.376710367329
88423,15247.300245865854
103407,14903.230705444244
84654,18144.684991358816
77143,30222.3454016389
106392,19398.930133654492
86347,14172.996059805795
107230,10043.791852807992
103693,9678.115630108146
82765,17504.679910076367
103894,12037.117167910747
105668,12792.596427980463
94216,9241.637273362081
76250,30543.6671517538
102466,6166.482631357354
91919,18024.759804458135
99138,20807.000254439732
102850,16037.271222365243
79094,24093.14726789523
84552,10529.345837777248
93668,26778.23110245534
93389,15804.248775941156
84312,9850.109905836745
79379,21586.84475318953
98739,7411.578535276259
91448,36373.328481405064
89834,7968.133808218424
105359,8756.38163651227
100267,12290.600761297788
89101,17756.08255644681
76904,21896.87211585154
76664,29144.90352300776
102621,2779.4314712399505
82337,24327.64565582143
94266,25406.906369481338
84994,16810.71191230684
86246,11316.087227991438
96923,10152.15995137598
107661,19200.6999874745
92401,18884.751405885516
96296,14226.57949820142
85114,11355.724046981515
83081,9966.510766722431
84948,8968.182435406556
80292,13799.680495537026
78938,11749.256516600954
79942,20028.6812201095
80899,27433.18085467997
102476,14008.706839476294
90589,13815.164335232044
89944,15491.787106529366
106241,18018.852625414816
99835,17109.471905846985
98665,12523.16471962517
96516,6145.296386284564
79065,21405.459661721634
97070,12550.722858156965
88721,16738.33340053636
100311,12480.779559467808
97912,6214.950619361279
101514,8804.51957528785
91763,19368.56834879571
88488,16550.344116553006
79955,8873.748902741972
105677,7671.815223131382
99297,6198.1731174008355
77377,10282.924374219414
95552,15203.374799227764
99704,15315.385876987604
82097,48818.05910093603
77067,11481.45860153116
93326,15352.495650864284
98258,6044.888637557945
98900,19699.76158381285
101474,10381.10674059477
91945,14637.323835478397
78816,33040.13878528455
95208,10681.175055143762
80788,16806.407426108963
92446,13062.293949958088
81929,28935.300571041385
101068,13511.060671196992
105116,9123.295955285552
96828,11615.776016382706
102272,10531.633717599178
89347,21497.134693685864
105201,13771.971359673187
94146,16867.41500767488
105641,9916.153366915625
94416,35884.17673943757
89152,15312.25032798431
99500,6253.780084154571
101711,15406.510532239641
88178,15376.291624701991
94259,24110.886230000262
90380,11820.66551440676
80659,60146.69563550126
94687,15593.253477761105
100447,8699.704732457434
80895,13986.409141174241
91806,21540.41535000296
82758,9825.91485153707
81850,17265.173812757264
85521,10491.875402717364
92432,19375.285257717493
78318,61813.2674776743
98804,13531.741201807425
84403,18652.666136479762
100979,12391.597531761176
80559,17920.79141449265
104553,20188.531120038842
90570,11434.691837186047
108278,25907.276730849695
107134,9572.435839646758
84351,17050.844137589633
105418,10022.59749803363
93910,19911.659662530426
98231,24459.32843561349
100789,18126.930399285007
101332,14572.91598276811
105715,9585.434641423328
82170,10734.408858582789
101526,13169.168470612816
89070,6247.690288823373
90429,15407.29369011715
91152,19543.61661445737
82374,54984.12051772989
81668,30467.787581801887
78914,19754.510887691107
105239,14340.548343509448
107483,19456.89194046175
83354,13603.243650709423
105252,12350.125825144156
93977,19352.269372110648
89807,8220.647168695148
81551,23247.684476747192
86311,11986.129101741692
85966,11510.309758195332
83878,18682.58920180742
103342,9587.957874133257
102398,11565.85187331414
77021,52514.64615011162
82755,7957.924960547333
88635,7234.616306219734
105457,14759.215820140718
106552,18672.089220177775
102641,14158.34463464487
77582,24751.203360757154
95453,51569.08866596108
78388,10854.666759180904
99772,15633.021839148036
77990,11561.329796492919
78944,31778.39719584072
88290,13719.109557230599
90011,5676.303076681299
89540,13482.130489848141
78904,26627.420136568653
91379,17767.228435000918
105750,10383.08362419816
95603,15643.134623510776
92481,15796.681277380492
93463,17790.894359319547
88974,12450.195776760202
77787,20405.21411254873
101389,11044.950267247808
90559,32907.04941566845
90421,13141.844117329283
107190,24566.851426896636
87506,12871.9264500582
101147,14084.5341555763
78096,29969.92717064239
99840,6465.386373533001
89677,9474.260939107602
97991,8801.660762973834
103556,10360.755466167186
101327,9929.19703170501
108008,20729.51190886172
107752,17702.480931543185
94554,18389.759052541158
96408,26204.436110597777
93573,28624.17156581939
83674,10245.130730638253
104503,29406.186207910658
93082,21144.21346096062
101841,5917.292649689608
85143,32203.69306226667
76781,10840.158670192275
102153,9003.26924576818
97411,6548.03435111869
101676,8790.995702856026
103176,11855.927759947035
80879,28096.966598382573
79695,16568.796660782747
106987,24923.779746077995
89095,18817.218913882818
88707,7849.670940842376
79935,12697.028952447094
104678,10228.034258825308
78644,11477.289740134247
101947,13853.821635460898
85390,16694.501401586884
94121,14098.286491912746
80525,26886.954602905425
92964,25898.68444521691
81982,32942.3503988275
93804,19710.98350462562
95574,28792.10238063014
81710,18897.44611269171
84452,17740.617048131695
94410,21765.908104573788
79137,26889.422659603373
103270,12293.920564677423
82736,5221.487770948321
106741,15883.453222789072
77630,17996.835561395532
100426,15651.23084883875
107231,10410.764046982513
101001,13282.049661712987
95067,17535.018983821108
107197,24881.444497992237
83522,11864.613036839337
80239,11487.159718679972
106389,21842.812188860975
99072,15473.005074562136
92779,25100.69511354169
107906,22126.824787276702
81289,5500.5696496971905
101206,7336.796185513513
85646,9136.517550629786
95202,26976.048578008762
96423,6411.5781778522205
106597,7623.66875023191
97601,10055.866364171197
76974,51790.371595170465
80171,26854.469136742697
78391,21155.809350168685
101424,10973.513135131867
79548,32316.868749276524
99083,9861.317131832186
96204,26219.85905407441
93318,11369.057889373551
85745,20366.203458259377
79531,45385.24592561619
106411,16685.353675023405
88431,12794.726738483976
79827,14808.126972260872
80860,21390.456379261053
93114,31297.265321416544
89031,7171.73658591913
105755,17750.48036009249
81286,9869.44160231921
94641,19298.58681291104
92196,8856.371348194209
103591,7307.915142085048
80497,10245.581984246983
89672,6829.998789914707
80800,20184.594197154805
102146,10582.033173210517
106675,21574.11598960842
76780,19478.797453943356
79880,39762.44630553429
90306,14620.663600206073
102271,9277.983340694358
82996,9646.832761584174
77929,28620.542104104912
86610,14079.158957439295
85316,11917.999364134572
91134,10102.411246547406
87377,10037.038951560047
102946,13419.428096560507
105420,15261.572356761002
78375,25712.446463638058
81157,10061.841895991125
93430,20317.21121033925
90671,10311.19190442584
98881,7571.445846889494
107152,12998.558594127826
106056,7929.607069806156
86256,11445.591390186746
88692,7377.081004681848
98622,11187.14925607211
84068,6118.99285745355
85863,8707.181695791474
104131,12518.6355063141
94296,14575.77232287029
104177,8282.68932592639
105126,8362.969051752632
93360,25526.05614326815
91059,25395.510223778565
100015,9648.146747699035
97027,10303.917893331976
106300,27711.053350984977
83539,14192.484958776848
87099,13694.183218371822
90692,6770.687241803213
107313,15196.20151212394
81341,56671.00648265153
82901,11131.54763389827
85576,16567.501649677673
98646,13148.98563165835
102552,10124.435334098436
84874,15932.618700287481
104768,10615.741827301259
87768,7064.9607733419225
93342,19045.914513196323
87241,14422.005634100955
103615,9980.349651044071
98526,13666.94807393336
107464,12693.728766428454
83357,18292.222699635928
103171,8153.638000288451
100341,10702.679403973494
104547,9356.956818289107
102882,14081.068076136093
107531,21109.464856921728
85433,11202.293968388067
78435,16723.320698490123
106094,19210.489487822284
92625,68126.78279870999
100319,9940.434274080051
95937,27684.391033653123
88915,9633.971449488101
87681,7520.037203828394
92428,6276.941988404563
85427,11792.589110726565
105372,10082.644057925616
82482,21706.684678793048
95178,22453.399676503806
106881,9396.329893247866
76562,29498.51015161512
103710,10435.690746023849
89109,6978.245865272731
92522,27030.741472481415
84821,18209.54350136992
80597,26596.823404367053
104040,10436.44112938925
96115,9287.260604525512
82818,8743.093772092598
90316,16046.81177973651
94385,20192.754352474625
86823,10703.989613460984
84842,11886.57556235124
102995,7241.931422415079
85397,21425.015505474294
81427,13250.134791525767
102461,14496.849333942222
77422,31786.651233569366
102354,14070.079059369466
91822,21179.476441793562
87427,9956.412153508963
105450,19350.363516351536
94789,20664.032296652145
106631,26888.82171563963
97004,13368.996654901022
100826,16524.669040563167
97915,16529.034896478064
93253,32456.924766799988
85776,10144.306850326193
105562,17018.88017963511
77560,16951.036620514275
82659,9417.55421420959
89531,16995.73061068364
94076,19838.987855476804
98457,10918.434512278707
96163,24476.79526878165
84779,10017.85671284021
104551,17947.359884076606
79934,16525.902818226066
84896,13518.089784434842
99393,10870.44592062579
82051,16110.997415193347
93247,16563.90331870485
86929,9990.567849485189
106943,12456.73001339151
79979,25092.9846021972
80912,21799.738535823693
105006,8854.947567182515
94368,33928.9943471574
81871,22964.959947270105
90338,11354.96638617966
104271,11100.899273912997
89984,6740.127151565644
105122,9927.418828789845
104308,25819.671130198363
92941,29379.589230774025
87433,23690.939264800127
96289,19240.565947904248
89130,10280.506049308186
77233,50409.47935893286
96895,12808.928748450735
90364,11861.438401606318
76283,18188.155672198798
77689,23058.746765968343
98366,9852.703327452358
78025,21599.492504468577
96644,11456.155344875015
80641,29025.196467977472
80271,26231.471270673526
99003,7922.038161237922
79756,16560.140718246887
76981,11219.146044312696
83320,13716.22934603445
96797,5076.834607229621
86350,11279.424138812914
107535,15849.598789826461
104370,8775.804829698214
100740,11030.091781164187
85851,12038.01007450256
89132,4935.379460215404
78746,23126.8017529529
88999,16607.9437366902
96416,17848.05658069626
88921,7540.75213246391
101078,12637.74517672122
92447,22900.721536646797
77960,15270.138444609425
106799,15161.074882983305
99888,22219.749367003828
83252,17143.754662875323
78645,14040.81299709016
92233,25615.320229632558
104026,8778.705067196708
85148,16958.31669791473
107726,13951.260707510417
93331,21778.382418489844
106236,16185.161863932606
95282,14844.525698709947
76222,26190.156899467234
84158,5441.885588932429
81857,38219.61897143844
94698,16762.39229129201
104680,5944.034965888155
104366,20450.850195913572
82562,17827.892774531978
89753,11626.596020837236
101937,13784.545838935785
76600,18406.704791442906
102683,5931.861214250807
89245,18596.210982027038
99902,12365.431171956436
106525,9634.17768000444
80738,33517.22764620734
107909,17194.96274858507
105939,15939.023088263339
92485,29831.047136684316
105128,17348.60525431267
103147,7141.160351048048
96539,7990.685282215588
99656,7841.080624197654
89755,18555.780525328995
88400,12650.95473920038
82968,18877.58783218258
103521,15341.590899504665
94755,28670.785390989495
82278,29983.604333183273
106205,8373.43777120785
102677,6466.85529329564
103577,12914.209318524034
88365,13572.993255390282
93543,15256.502430127684
103285,11192.735395985801
91445,52998.181804922046
86676,9983.170118574639
108086,10587.411816419119
97671,13324.95326554626
85193,13150.416804499348
80220,48159.61796645136
107824,13521.051299888693
87246,8954.221904334438
85080,9224.192092050458
85470,12023.326590341045
93453,29214.130280812537
87214,9907.430325072894
99010,8667.123774758555
77246,34534.774024253034
81671,16450.328781521253
83651,11214.485485468827
101085,6481.567710792754
86961,10314.342724614144
99154,6820.859610601668
85563,11641.683891430359
98972,19614.565891471957
79331,18787.08000411978
100112,11381.744071374284
92540,18327.078899534255
102135,6449.821745684575
104980,19228.57092467877
103442,6965.714699433259
104320,11877.46300618927
91208,72394.71819131276
82486,21859.469215870846
92052,9337.681074684588
80540,18062.936870616817
89228,13242.649567796587
98960,11867.556629028462
86821,16486.744312782106
95220,15249.55706885227
104196,12425.960197874805
77934,47119.15382701133
80965,16014.280942726067
80864,17275.130221236068
90303,15262.784588836204
100396,12127.204839720192
98226,12195.111384644166
107713,8565.986296101213
82199,25265.36477920612
104715,27405.067174735326
103412,11737.736472411927
77224,11462.201337253004
79149,19071.554403104365
79332,23645.90669213364
100094,15381.858515693568
76280,32649.3058888745
104668,26398.77132671857
106239,11621.624270192766
106918,17107.953452420486
103738,13629.930515493752
99768,15297.133522232283
99895,6662.325775988726
88553,13773.617808362711
106781,10138.27655720275
104339,23361.022013839127
88198,8202.706141207895
77024,11223.023147061813
90492,14780.288139495819
87383,8116.145818247673
85194,6856.428657183368
100821,10195.265494087398
86207,9051.574142959133
80736,12859.262057051745
85035,6629.594645872527
77847,9745.87312060749
102444,8578.3562060656
101635,21866.06211633245
99639,8703.267959351097
101365,6467.934065163297
106612,24148.576554912448
89655,13095.63701956936
96679,12442.232801091066
107353,36696.1577000983
101805,10835.502303897207
81804,18381.545496566614
106783,12320.385747623528
101047,13760.203186820772
76164,42058.491871621874
106524,9339.267995937755
104745,9759.377502773228
88874,11333.304873031679
89206,5195.615356732405
88602,19234.28119918881
80458,25751.32624223185
85756,9730.789622785445
100972,6832.394142111419
79897,32170.54164641725
85913,11531.513608016872
107705,23305.775689500708
102659,7484.773649858829
101994,10641.784795417138
104004,10284.24299489473
91171,43184.526669022394
100207,14429.671499115253
101431,8529.141415187327
92034,19046.95540259356
95470,31750.085563593173
79276,28721.783202086222
101893,12371.836802278334
91522,29503.099014080886
94047,19810.822001098266
100620,14201.17896523525
97405,10893.508627439318
89277,12183.40954865216
102728,11981.36692254086
95665,56151.0948428682
93861,14292.281718006217
77779,11393.306513438494
79844,18695.969372768435
102549,10647.254147514834
79764,20991.124665722524
106543,16302.918232734843
90127,12619.51517092781
78759,17017.721443509025
85232,16636.68124567455
103173,13270.67497257128
77690,12072.872658793214
78669,37566.73695216409
77821,12015.447967226994
96869,8331.538775172936
99426,10339.424972093586
86596,12027.130706846614
102352,7857.8534568291425
88825,8051.106759170632
82595,19199.69675750052
79408,22734.301347611818
105771,20851.58744439157
92499,21192.08484237644
82744,10567.040286533274
104310,7176.162075100195
82965,11992.51346021441
108492,19749.503566513657
102748,8189.787378153987
105549,19647.20398126143
103794,14734.30559780891
87574,13405.676743727225
77090,18426.205416697725
77729,27446.74547014216
92854,18608.08599617169
82724,11715.271225187382
76843,8255.916429770392
95714,9318.633652618008
85077,16843.180247190092
100035,4665.179599802888
76694,12732.449924988689
86970,11417.761326749443
93243,24633.20193538598
95700,23712.101764305207
103907,11633.235865181368
105698,15303.612426745329
84320,11323.644428046659
91561,23350.52586358613
100459,7339.013010049351
106398,24189.547335410458
86911,3822.9514648728173
102905,13487.818523031769
103009,6869.482901504952
76287,14047.591906778694
106832,10686.982217678596
107240,21539.96891237496
104164,8812.33658663914
96561,12977.724040907053
81823,9694.192785872881
82102,23561.830958421397
81420,27419.27362061188
79102,21305.153278197846
92252,19530.85874630827
91605,21604.57958229826
94353,27542.327930327378
76883,14662.046887486686
79941,20045.12140824653
102977,8265.177884103288
104975,27506.96734192245
86138,18771.60550544823
76309,22405.999429457945
104976,18772.821262327747
105819,13796.272207895265
103115,7297.615351524061
78958,21415.675404419617
86851,7375.294330856148
91889,16071.893691286177
96977,21657.235237071363
98888,10537.015032589754
87642,11317.315139685008
96835,20688.95267185868
95915,26004.711448226964
89880,13045.37601060859
86974,10845.239503738136
80793,12679.762230107259
95773,26642.652617274725
92664,10608.384804565407
108423,13273.148991486065
88073,16590.82857899737
97731,19362.368900229238
92705,24609.07581705818
98275,9076.606893548424
106563,7400.976935864439
83216,10728.295725240701
108252,20495.96945425629
90052,21501.940791757996
96839,16420.894346316883
87847,7822.243947072996
101778,17479.84286080261
90493,8956.6711523622
84236,8198.920748542476
94651,27804.31432292735
82828,6767.0982469531
84570,14258.356932239762
103560,6509.140578055456
105414,10121.994018688521
82874,9626.979605380388
94023,14949.387583879263
99936,9056.260640219622
97927,6366.2800502782775
85922,18514.856787738718
92409,16921.949573100468
102547,7540.188028499582
98620,7888.786698289732
77418,27916.0715836036
106846,20562.935185859897
90794,17011.63307031
102848,8141.954323336297
77668,20252.952464503498
87057,8927.867720797898
92125,49791.24152962373
89356,13415.990369066172
93931,18013.319122382592
98496,8092.075959568026
96762,13837.244743050323
77603,16007.541858513221
76242,12109.303663241317
77854,17799.64995562052
90496,7609.05865009276
89873,8043.433493493302
81047,33649.98575775034
81482,14484.276183411514
106630,20650.565774328275
102807,10175.234411953423
101397,10537.80511559228
103459,10101.396436555366
78508,34828.28219533043
87042,17835.035635885735
106348,22345.38749593608
90653,6965.728837635542
76159,21107.43224991584
87944,10344.899643073337
81531,24393.115850206927
107875,6648.749333233079
99542,13223.0564931418
107359,19134.423555157126
104564,12902.433228102545
82560,14169.49429833934
93591,29192.646140437326
103234,7504.330501693916
108458,10677.600548293034
79888,13506.393623576198
76419,23452.67714549553
106649,11978.50081117798
90004,7856.95987210586
93201,34221.89508732477
97558,16597.338699171352
83097,14266.590470775142
96492,5390.357748172804
78413,6250.92560896484
79076,12762.530736578876
87061,9886.014517271089
83665,12902.330445950936
97131,12390.589538518012
102075,6949.585016773683
99331,7819.023219885263
82067,47306.659627658664
85459,18769.549934139
94510,48469.74945442087
97875,20963.055056121517
105176,13377.448554605966
89196,6433.174144697849
97424,20393.30805932082
92886,21812.455753519243
76660,10941.954478223266
81181,18236.19313267467
93133,13965.010233178757
84390,5975.37624795676
107413,24550.006427821085
98681,10650.728720864592
86318,2027.3043444452007
80893,24596.207818283434
106409,22800.46699701047
101539,14368.83036360999
107735,13824.17442955973
103362,7053.957553329289
95493,28841.04726279728
95573,22567.80767219068
81435,29814.60690344215
89730,14362.297869073187
104812,10411.285917005705
95540,14559.003600851453
105693,9527.004151178746
99879,13765.824585889017
105045,9985.285969745168
95556,22642.420465636013
105209,12182.225558381322
77262,40415.2353997925
88746,12464.25681105408
106257,30106.599660062555
86665,13572.251038943588
99714,16314.99727823485
86308,4136.064499288788
107814,12992.058044236966
104110,15802.488188269512
107020,10073.908628237577
99899,7916.981385057387
87878,10862.576990351663
107898,8998.500248656492
91803,24478.67559245028
91708,26548.18410014876
88131,12471.911199887369
94236,29120.407601036062
94787,39082.21009725453
88426,6254.240214166778
82052,21852.83721991421
81430,22897.86710748852
103458,8108.550984793476
87322,10712.848534188272
88030,9549.718483612789
94505,29578.630188187795
80104,9893.299302052405
92324,28394.056576056177
93393,17428.181121016147
101185,5607.534050337733
99944,9830.878737981007
91381,18451.06008680788
102720,8558.123022017966
80107,25937.844067769725
93006,31252.69969528193
85248,12989.921870728522
99068,12586.058907417344
76834,50975.273132019625
89377,12392.719140382069
101452,13845.524477351211
92548,38998.18841621667
100658,13462.04906367515
98383,53199.123581625754
77915,28806.329288538564
86268,6517.673413271866
80304,3671.116334749154
106680,15873.812230014028
101132,8045.822171728992
90092,22390.48798348598
100329,13917.575233243062
79943,13999.938048441392
104189,14464.372675620183
107250,22233.077172209047
105088,8238.4417099467
88824,17765.299554802623
89166,13565.295530090529
78748,15519.477904358553
80118,20357.765084320934
106238,32609.667107753965
105638,9491.897465609025
94974,15664.88325977596
78384,15766.98012495121
93451,20794.116789702985
98422,7485.002668395155
91430,38412.85782438623
77519,20717.056081221985
96946,16971.562539686438
98391,6546.594861999389
102809,6343.94653637572
82926,10575.877839621042
79108,22924.81834803036
96213,21600.961257966916
89205,5483.861059609275
91600,42013.03324647582
107292,24602.2625552026
90688,14221.969403084988
98776,7387.805843052203
79778,14190.14130345144
106834,8416.044866809805
107835,17839.61908794583
99788,11036.430977885437
91133,24859.606414018992
82747,10016.856475564122
95651,21604.57958229826
90035,12179.287908906852
92821,14931.639174544349
93614,23239.128588620337
85993,9119.473928219451
94616,16395.234012183508
97987,11830.584325295642
79300,21162.24058680204
98588,7503.273403523314
83355,8688.594354173769
105664,21688.726581548028
106502,20777.04494852167
77235,23748.31363076549
101503,10160.316846811462
99569,24880.541516328984
93332,21000.881471251098
103565,4789.033790352072
98223,5885.248445897424
89090,11320.536824726969
101490,5127.600325549114
89428,10410.775971417315
82555,9388.155478106835
94744,19573.38398320429
97092,8360.78513923093
80994,24956.981980801775
99486,8711.749595487338
88556,11983.485608637511
105789,26915.273462159334
90968,14166.838478653366
87386,10970.098194343404
96239,10313.7138760583
98412,8805.663705538
107073,11240.092795681356
85775,12584.020946548373
103494,15063.123192763434
96232,8362.489320852803
95146,19355.0859341715
101493,16052.508171050198
108369,22474.603956042796
94214,24512.661678818607
95377,21698.71139066237
80081,13848.762548468396
81186,14989.744731549195
100638,12042.379334777117
79228,21200.777471601985
83296,16746.522739294698
78663,18813.363479060157
90474,11946.134448935063
99746,12032.704882758815
80600,65429.1175156112
104132,16402.68380114341
77292,10408.159598937093
104314,12250.384362635283
92563,55617.26010631542
81135,19842.352796521318
83199,14282.322832882039
103083,7343.247676617149
88165,7085.557987540644
93492,7792.506698365702
80502,21576.34266701164
87640,8785.122564412515
95862,23137.77494128436
97106,15068.649513642044
88353,5940.938085519362
99443,18072.897548373072
85914,7751.366873673989
102522,7813.226197431764
94035,21452.22592495659
82309,15370.750682908116
103845,14363.685015353665
82955,7567.881880192929
86039,19546.461802194754
76890,11145.223891233967
94862,20770.137771408554
89261,10167.459635677009
95261,29823.942929996574
76543,28463.008449362478
93805,17761.66156613895
79387,28305.828972977164
105256,19065.813412527536
103632,14001.733788486175
101647,7753.459534060485
90779,7991.994183695454
83004,8947.830321196167
82810,5981.583654256251
89851,6742.628325654548
95583,20214.12851318781
95318,12154.210138043027
96740,14380.378405079791
89999,7289.165554882497
101586,7038.777118294236
90205,21886.99556031771
100202,13389.436261011684
95896,16573.354197002503
78190,22161.995222013447
106867,12219.00019186438
103122,6827.527850917962
78800,20111.76959871833
98137,10383.40950144519
104071,20956.73408767852
80969,16840.192382558307
93695,11755.35121306497
79235,16514.21557091309
100233,8157.615074866954
103673,8215.496652922442
82811,11076.038365496563
106273,22165.09208846088
81714,11753.08407095459
76623,16082.61636016061
98396,7414.616697634827
87067,17150.51905588355
94615,29506.14707768212
91380,27937.07977722946
81368,15189.032815432563
100189,16701.056371618968
83055,10056.302510750413
104726,11087.623937771225
79494,20895.606705924776
86895,7292.0250583933375
104253,43984.15623680724
80451,26955.824044340865
81633,28540.57283020623
85761,9363.013304895865
76040,16490.44398818347
86749,6360.868506628729
97161,20475.03665583606
89492,7575.23713246447
101063,13497.201470891965
102557,10264.817551424137
99966,9363.732796104492
93615,18921.619570376406
79812,14799.046936018498
106083,35029.194493271934
91688,18829.495356306466
93348,13920.700939991224
95861,14359.254927931875
84278,10958.950293347287
76892,15942.16735280257
86674,9741.17483479381
76138,30356.9070717308
104974,14275.478816111397
102421,12719.604574614532
82617,16494.848599814788
90307,7732.10965179659
92258,21012.563482568115
90255,20585.293187240306
101498,12534.925919934487
80567,13385.7848069439
95321,23222.132478164454
86671,3277.7243274338202
89272,10957.860423463973
78823,6540.609890261291
95185,23169.19002037829
98753,7262.6244314383775
88611,3687.0837798379393
108390,13913.06340643323
105366,19114.3009428121
80433,20927.931025652033
104145,11793.991530056273
90881,15161.09037749587
82596,9279.402328370737
85279,11127.597009761017
105968,12935.886119336394
84463,15867.47680680649
85840,7852.454123206052
78708,12780.81311644956
81642,25039.06701899699
88004,10635.041010229694
97345,26656.895796655386
106927,7771.350135685046
78351,12197.119779567603
91596,30221.662303722263
98390,14372.555905533796
80145,14829.875903320393
88364,8454.427173320277
88715,15762.020601339718
100449,11521.513548459661
92076,29661.595053488345
102573,12518.028758446359
89983,17196.719384630993
76338,26555.360586179977
78076,19700.051840580792
96116,12823.610358659664
76662,18771.678920092574
94194,39702.04530636483
105200,6762.993622387858
95232,14544.907029318158
85705,7839.414038685979
81683,6021.003387746888
92007,39434.5494511169
101156,9233.012484071947
96857,8868.250594547144
91201,19637.29917063911
77066,8926.476607264027
94938,26145.4409718611
82691,11546.003617131924
108279,24550.006427821085
101317,11072.368105851476
91872,19954.730346055632
92517,19051.640291873126
76176,15972.169953867142
98840,21647.454704097538
96297,13763.959462177309
105077,15222.579568222016
108306,17510.45146511475
106837,12524.007114942753
80906,10558.259954134186
85979,18380.031050432048
100004,10965.043359747015
108473,19651.328334216698
77203,18311.553111164416
101523,11894.627074172167
91769,23290.811947657363
95403,24414.95145795668
83930,9489.44926540505
95272,27305.94702825019
107063,15484.522823476207
105033,7565.650889750684
105705,12685.430572254574
80224,18149.006408879777
98468,9280.27210863999
90993,21845.409034691787
89413,6712.5595666430345
98561,19888.86837943768
88199,12807.132272269619
95082,16507.508739033965
96647,7605.947709523578
80307,21417.207230888584
86717,7726.025237190021
107754,26204.41105503765
92740,19287.60118215374
89653,11627.902210040065
83458,17092.38820496396
88918,6723.75110578943
80859,12811.960523241472
76830,41739.92560068258
92727,18582.85344795415
82512,8128.449512250253
94918,31975.4507373781
96158,11761.444778367626
97812,31035.475506836952
102820,11321.196229203815
88655,9646.147801144934
86512,13157.27015154937
84814,16781.268125689778
82832,19301.990263338233
86946,8073.952868277137
102885,7924.04851983926
86598,17682.61281154801
76927,50055.7113441153
83377,17376.228633423525
81917,28499.74517117912
92972,21664.250290778324
94932,15937.108846911255
76026,37169.024756479026
82383,30039.80437370306
95697,28133.753506218003
79489,26234.226167521556
102254,10594.546836163283
95248,30717.30833231367
99438,8255.505179200372
96002,24685.55591044751
107266,13937.510529717812
98233,9403.562072806553
87721,12343.647320092588
76462,48483.05020813649
101352,9311.755123989973
89118,9766.377833188866
91908,24516.251206545043
94169,21642.691876472047
105347,17406.609583510777
93347,20493.54525163459
107981,18633.30632967099
104698,14433.23472556864
87678,19129.06896303712
78945,11431.311147855575
106051,11939.753277537946
100768,17044.21648408119
78915,29949.426247955544
101837,4464.454579831048
79136,12092.606925637552
97035,8302.440373407055
78591,46830.292905290335
95969,32013.284007013466
84208,9507.16771941882
100228,7665.034047011209
97687,11129.176723178027
87591,14455.800407489185
96149,21877.720727099848
87736,12402.905903307994
87550,4541.124399289299
102052,8347.656907498833
78827,34587.44002387047
102402,15297.790109824447
79412,30090.919078940067
77865,43844.69014968419
107971,8520.954807064014
107469,17765.388183453768
97612,11018.23306290587
108451,17400.97507888172
91741,21992.78345641772
97524,8296.995306579995
88979,14107.225449300156
87740,15523.0460025514
98817,13884.562141092074
93862,18515.89876517907
99648,17361.574329923835
76643,15697.148743074378
107633,17704.77719873914
91213,25214.13842906473
90869,22136.548220886973
85444,16634.24997809541
104383,17886.140937471562
76870,20525.6154016027
79279,44385.40851753011
83999,5133.722223946024
98596,8631.747810073743
86831,12409.499324347946
78863,32284.71606052044
98360,7138.893875058722
100096,11961.389073909555
104448,10866.926072797934
90367,9336.868378788196
103277,12694.648431431711
103728,10134.84283067921
84370,9677.609556364358
89978,8620.228266964521
92359,15895.676035909712
90135,6959.005455831788
87969,14809.951414222793
102318,11669.300682473951
76607,30193.4589851422
88481,11838.174264086672
98436,22224.969780943087
92888,47414.5123077977
106269,9635.854170003608
100538,10701.74393403335
106326,11610.195270808694
82449,5800.005599676103
91142,18707.888001634095
80150,23380.70252302807
106004,19030.91212936362
108069,16875.348511058848
87037,18182.424338138302
101280,7720.361816034171
95763,15477.559036137993
86504,11843.067253867632
81964,21169.56520521138
98685,10762.576449851504
103215,13237.929248301285
94922,36805.93670556957
78554,25812.40565657144
105764,13343.710405098045
87972,12665.322194914568
84358,12018.9774824464
94964,19353.3248272669
103241,10064.966430998844
86647,13272.420165783613
99158,16906.802050031813
85420,10412.376184236724
78077,25763.757954101187
107422,10503.578132608309
104022,22538.53354479548
79737,35096.62815285958
80207,13723.033964885912
80967,20943.505519527895
104178,14592.277477714913
81030,17592.499361537317
93015,22672.197942211817
80407,27287.002275838942
87649,16357.09928029386
76690,17409.477939649107
79789,22543.66395941655
82746,7805.928340684239
87159,12457.559138778295
105962,12556.875412274338
86711,13565.94895701088
90644,6060.204920934056
85786,10399.410914002801
107631,21294.513585389293
99617,7942.131351755282
96261,21891.27512550666
103524,8377.424012410793
106761,5698.265268764239
85261,12447.215106939399
82784,11377.446061026583
79866,9118.60061418524
85332,18724.54843409479
91102,24215.300325490563
86628,18634.11507876004
79673,32265.866720793012
83347,16353.46946386405
94145,24394.782948056603
106036,19162.15983404501
82287,14505.099029500117
88789,12479.510423092734
79618,33308.93607227839
94133,20092.86240715704
76165,18972.608346697452
101369,6073.542894186539
89387,8219.565919120943
76789,35244.66422712896
107309,14330.153399429151
91783,26054.091790126568
101897,4804.7017733355515
97745,19038.353068979493
82133,43504.96787863201
91614,18362.009160882426
97308,11027.456575749018
95044,41663.32860147706
80363,19567.172000299284
87137,17463.466833874507
80900,10138.680038508626
81525,28808.147224201937
86772,11060.720061306085
104784,23757.69904921463
76211,31473.523115229887
88180,11101.957727967512
107375,19677.924095106802
87142,8875.543071343165
102944,7151.47302947703
99258,15822.785670909801
80209,13307.168257554391
81591,14472.522546055658
101494,10512.708202042413
103703,13400.325898098688
84613,12451.55790419383
81070,19328.89216719963
98675,22800.661617654892
90638,6327.894433974651
78215,19493.985135599916
104188,9503.247648065939
79525,27741.983980396122
95362,20112.466857607233
95717,9332.674484932684
106872,24667.12875154757
84301,12513.18114987692
81601,29559.34811250976
86575,9060.225251915754
100108,11550.002303509742
98140,10452.35225914079
80480,18405.91360262546
105961,21514.566294430148
88147,8386.708033931325
90426,12650.207860504128
92503,23862.049846160582
91066,27953.160700154516
103976,10696.62990442303
78267,21324.4951764849
99535,8018.605711174519
87776,8581.469273928105
108501,23166.79510232157
102285,9651.053935512007
105946,22424.43625763141
107799,15749.057369278054
90291,14777.749015446696
103617,11550.002303509742
97086,13818.213735542393
108058,16108.475611074837
84663,13575.133578361387
83054,7630.079136121762
80706,10263.39824212244
84885,7576.623865986243
96741,10059.898297272694
89018,16695.868597497494
102962,12158.043358015706
107208,20627.921483173955
87254,9116.464262493946
90928,32185.516169529907
107211,14766.406761188451
104636,14645.104967566484
96902,26613.73942987786
92953,19568.376623070264
107082,26355.689354430408
87483,10021.686175523226
81493,21438.462057070774
97521,6525.34249656296
107168,50316.21800807039
94004,26599.375686498955
87794,14489.220119154466
99172,9582.018112346224
78673,30493.026817910337
77673,50358.880389863916
89569,19413.44050319884
95130,10852.429251480185
82941,14054.973178824468
106278,24300.276339339445
92295,24989.83805772011
100500,7125.567057393524
82192,46852.857636398294
103583,16627.526937381914
76059,14186.942692518833
105499,7645.867487311489
107083,11965.061289939404
99563,9259.806296122091
94951,17143.333780728237
103148,14173.249511407434
91319,14698.7761006964
93386,26226.264406223687
76109,9910.115844582922
82945,6982.6752635746225
101785,10873.074005909371
99381,3704.235197743782
87060,19147.30647387603
95211,31127.194930821217
91694,20552.141015227535
77173,48475.738620588454
82094,14011.149737220081
102120,13359.043129842274
91721,13741.420554784689
88100,7791.93496374997
101115,15291.123478829593
104595,11027.398335203381
90098,18749.773492973825
89595,6147.805502631938
82269,37530.128381659175
79900,20763.446230321602
90360,12534.428471504392
102462,13352.951313761858
106639,18628.88356008498
100825,8742.305480615018
79579,31482.859022123746
97198,9100.896594010783
78303,12934.236534722479
87680,7051.628356834436
78160,60396.6129327762
76168,30448.323871261597
88329,19117.883109155948
97416,14890.749429987685
93159,53489.74133605954
91927,21071.10524753916
90611,13347.039609930853
78641,34466.79207485565
92598,20068.041329623982
94425,24242.044697902897
91168,21609.657963466787
78734,21454.80041436225
78005,21283.062657450046
93001,31975.190407751816
101473,13782.699474429206
81076,40228.770709976445
89625,7664.761473672033
77610,9950.824053710554
99909,15720.138202340522
84285,5455.327098323428
87146,12877.75037443345
106204,21115.54799293664
79047,11218.634650322549
101371,18111.273626878028
83269,14460.419476633417
79251,13255.211170417917
83976,22788.89829352194
102684,6789.6398285977275
97327,12172.351152892485
103469,10307.195142101322
84299,11566.490380561581
99272,13523.678951998712
89489,7817.97758783885
83325,9933.079923281093
89423,11323.472961878044
86724,8854.006580826468
83802,10416.885086875527
92419,48261.42923378938
104989,12141.473729572945
83670,18074.680305061775
90400,8613.5724860747
107433,18761.346322774552
81641,30273.056764483434
103722,12500.39107830804
86632,11200.027854471356
93036,19732.421195165687
94398,16683.596668304144
84906,7649.885858232204
81280,31739.888108742012
104075,13874.939562291456
95998,24749.55866576341
100993,9003.225438746806
105404,19728.19473230818
95615,24390.807836364253
88828,8761.20224536554
94230,31658.247164449287
97101,30888.09125152111
102266,7634.101729734289
95269,11659.726065323386
87008,16468.77992749539
96384,20653.60898080209
81461,27498.55701152331
92651,45619.486204452915
83997,10719.92318027852
100143,15381.858515693568
86721,18770.686984567128
107348,13199.299968887342
99221,9559.634035345745
92846,20986.679250955993
101042,12912.068152658036
76663,55425.33418487255
87986,5712.7516723901535
92959,17096.88449037948
86076,9457.110919900928
76987,13186.505450090515
76842,23091.96960851625
77966,12662.54164814346
86599,16172.722842898173
87922,9989.479301226893
90812,6127.788448793386
90897,17083.865000873866
86531,10783.086815157963
83583,10330.37217293945
81256,26492.245280987492
80343,14137.771655685645
102122,11336.834075689037
77334,34948.0033422994
102222,9636.048931496827
93883,16700.093769400424
101876,11991.530629642546
77602,16400.37846254171
88598,13645.983037708587
77524,28340.895156399372
96783,29972.642273067584
108041,10891.992829391387
93694,31353.23190647367
96258,17747.08713224393
97398,11658.620517159114
84225,19334.941715596437
86415,10386.10445490065
90604,10869.507725769701
103848,10193.232629369504
81012,11529.85709853521
94703,25102.29327545384
107406,10567.116589226338
97842,6232.232009415751
106706,8980.377107427992
81667,32698.957621548765
81092,18893.410306282894
97523,18692.417089814648
77107,28204.82884687125
100699,6062.1360927454125
86969,1708.7566369950848
100917,10522.433736904026
86251,9842.709836414848
86424,15907.59047178144
79990,11890.279889755358
86382,12086.118634326054
101613,7525.8316036642345
78397,14841.839217951152
80111,12214.049534581245
88021,11755.956551777446
76832,20464.09014979797
78935,13900.558959388856
100446,11948.038893610288
100621,9370.627806025379
78399,11875.459771855214
108515,20818.839046883168
106023,11467.04279998418
93721,54960.985425962164
83647,10369.533113942573
94136,27495.7175531071
95847,23734.7520202531
107172,16159.570165483483
94458,46183.04973931819
94175,16989.08240373052
92726,22248.399040110788
80910,38642.32599829403
86869,11556.149582609627
81258,18587.86881950265
84340,16072.8061863917
100324,6009.382619870343
99428,5654.17343462525
88878,13215.554321996531
78066,50221.7150827976
105935,19803.344303712944
87309,9433.727762657245
87656,9675.922464373643
83790,10810.969997099746
77893,6724.864806581678
76055,20010.162173165543
99688,11951.256992354041
99661,9271.701696122092
93173,32379.140624652406
89291,7751.733891190414
107766,7417.408297135121
80369,16171.270672328304
84448,20072.938175902862
98481,6048.314212379016
96477,29830.3027254582
94818,13996.527323598548
106708,13491.893925699074
77786,21225.06204849491
77244,54157.01677161776
91199,17313.27695405737
101108,7549.759155879005
78967,15984.41859499148
106914,15101.15092649824
91647,20905.881766808
91411,28577.038773740678
98766,17511.576702205388
105906,8764.505350506932
104682,20309.794543598928
78615,38349.87251642585
85253,11126.278530187392
103137,8225.9662312323
94662,26796.798488933273
104640,7471.534693170629
97535,30183.272526523575
80168,34781.31937323271
89005,10133.431963043306
99876,18851.95456938611
88741,9829.049738083957
88333,13862.141531192516
79822,13630.357628059855
108292,16181.951630322554
106845,13638.129896197564
92167,16629.600689862677
91226,14446.278777601026
95206,15010.941069886483
92166,34217.74781289934
102963,11672.158472755029
79527,45715.649878674965
94552,25043.031582460284
89210,9457.126045204068
78573,21718.684010554767
104073,11725.938807809955
98520,13476.75439131434
77491,46090.88683540586
103333,13370.813880258911
80090,23005.516069052534
98666,9047.3095629468
86798,13455.274390276247
81728,16019.410899173494
81606,10897.707423242771
84372,10846.6763412312
105528,8551.527789356658
107436,10271.183955002098
89038,10268.929289042304
102983,17305.76262367807
83135,11614.297260500247
98165,10178.44794971012
96159,8323.678112356843
90229,8805.51115186019
87710,16017.248479147433
91414,18760.47789879263
77961,20571.799902904862
101890,13781.52418831744
83710,8936.587953968143
92874,21061.56340619797
86534,7194.3390718771225
98517,21651.526608769833
76174,34828.28219533043
107068,20916.037240166672
98050,13624.478209187459
98718,14889.235163564254
101964,13831.00721769123
96813,14454.969025329234
95118,16142.382327992333
91139,27013.00131635149
98838,2663.490371400338
98268,9296.106902120977
99553,12711.979397915926
98904,10851.254717408887
80828,28899.60672528916
100001,6733.413293564734
106691,22176.10324964298
108038,21283.081898457433
98715,7530.7032330448255
85714,8158.744738041634
88475,18992.968289717697
91923,24541.218489155905
94795,18569.548814196
79738,12809.688139722486
104213,10941.790429453185
89425,2478.817904283984
82405,14095.210924560115
101000,8507.298399096566
83819,17205.327642626293
103491,9703.582288113967
88226,9532.544891015512
102022,10674.234875168593
106889,7266.4703737347445
98697,15598.060485962573
97178,9047.654818016616
92375,20314.16471443252
95917,32994.821774432654
96308,12328.896243179846
92406,15656.998600052502
108375,7983.160882795069
76860,12219.912269855296
82234,20482.310312109283
99593,10000.107806196884
82962,11592.83643912975
82016,13470.969274866155
86781,18793.29596556876
101065,16348.803166559357
95525,19433.54854468697
95306,31002.388233313846
77397,34204.0645621812
92496,29884.58838728323
102473,13961.716077087527
102927,15317.734781766323
91897,27718.256928409046
95554,15063.666657227404
97488,26349.20673328599
76085,17811.310446033815
84133,10445.707791754206
106369,21833.242699864666
92172,14572.42626285032
80532,12918.186467440575
96952,6863.396074927098
104627,26115.63450924357
87415,10820.442181202949
97047,11205.540546227443
87227,11565.488750280829
100308,7460.926952286715
105075,17325.721332383822
84539,16267.466865703724
92284,19675.198928413793
95634,34670.11412189942
86731,10919.627568375014
96425,13570.495968265916
96765,14685.45630149986
93239,12231.419187078296
95450,15138.020124822451
102086,16076.566842270391
103024,10608.564477071632
92808,27229.292575139116
99619,8313.72994414131
79704,20883.58436768014
99613,23343.837566449485
106854,7642.488195785492
80959,46154.164939521936
96020,17284.025900647182
78736,13189.866709861139
101207,14357.765171229417
89767,7098.803575425101
105747,17821.55704133419
77828,14010.619836858416
91572,27407.810775634298
88785,14122.811799542696
76972,26442.47928368137
76362,23792.40971315672
87572,23698.648852528055
82399,30141.467556065538
93833,20117.816656404837
94597,19529.88950990051
86551,9601.126032317952
107163,13933.05970149819
84085,12823.624326548008
93349,31903.715776195128
99389,22233.577058736613
80970,20842.35398324453
96279,10481.354971293147
95329,26787.93576477438
99228,12146.238141817523
90184,15663.194312126412
107226,14912.51584853524
80769,27513.90236812636
80742,17573.266607210473
93650,20488.890128033712
107530,26117.797973657976
87038,10821.76843316194
80146,33395.487383813095
94892,29610.923988163788
107150,18814.781999335773
77880,32071.62632359597
100591,6895.817087994976
80919,13446.0490193012
84533,6939.370120718471
82006,13106.857999665875
83592,16125.974713180478
77124,22386.420843383512
93924,18794.006271515795
95528,18637.727976610302
105644,14332.165789478431
85662,17350.9677649088
83079,12695.250921873754
106655,10651.764396618555
96517,12764.891616936808
80260,33699.17775883697
78203,15268.864578314257
104045,20543.80826366043
76147,33181.49917316338
94260,23653.5135383037
101648,12436.985365665341
84725,11479.428389070628
100099,11357.4612244266
79381,8708.485347904958
77511,10610.0673901331
78265,15488.672404030958
85496,10424.10632100383
77336,12819.088030109537
80330,32639.545164509855
97617,13080.751774359935
94477,41046.91612612092
94881,11419.61590577381
76653,91290.43020476332
89023,16967.946980095654
104965,17932.124036575304
79637,16118.927008667179
94018,18827.574791876144
76481,12355.646604516729
76139,18084.527269867496
89662,15417.14104615105
105654,18962.67950595208
101555,5689.719674847076
107636,14236.363136612394
99722,14427.94307162863
77887,34913.49067458152
83236,16244.342953980879
107964,22676.663275515668
108137,12682.713696153134
99718,21121.07241589215
86701,14160.113114694353
77077,17792.556660278227
88040,39018.18229512494
78583,16244.692915817366
85917,12214.593953206842
81283,23004.99195204472
104304,10305.582624239705
87081,17417.10099829
87129,9215.162550539088
98111,7670.535542980524
76125,20166.126391265294
89395,10786.00075652845
105028,13594.584799323084
98036,12450.18070142576
78805,9787.322862167954
103101,12844.769090450185
108365,9437.396973293278
103367,15721.652936813492
79524,26982.48830228001
96079,27663.207267454647
104361,45218.93136378403
106133,32485.612748331292
88514,15909.051141082986
80511,65429.71168634568
90340,14474.78445892068
105563,17627.88567066026
85987,14980.083907127482
88251,18208.52206186615
104270,17971.825207475766
100820,7136.5113696525195
91061,23843.96759763423
94348,24057.724992268977
106956,24154.40586955258
100858,10122.39000007702
81114,28320.39361583554
103100,9216.884840891957
87787,9983.777622838556
96168,21477.56778443331
107880,7832.7551283125395
79423,9013.825623059241
96948,8561.378146570845
99709,11172.070147502855
92562,23123.36362158009
101684,11250.713291248916
99037,17773.176981531793
89129,13176.556151915258
78722,14917.922378154986
100854,13028.130152416403
94206,21688.34241483736
107045,7272.537282199149
102537,13345.342603616404
95597,46610.12694697228
88680,13391.742157519631
96439,16825.33784144735
95466,23025.1927134446
89104,6153.253882552145
88224,9527.875937141212
86152,9699.672385328284
98291,11781.06323203981
106901,19241.59562949138
81783,39866.48542834796
100932,6949.573466264345
81607,11215.243970247324
96664,15007.988066893
87553,18381.67997066757
95513,29173.749712128603
89899,16689.5097509135
98891,20770.358396314004
107167,9819.169438227576
77353,11264.37878530036
106280,20463.918767133255
90874,6891.525946412046
101248,8602.438643797963
79805,28232.9941993744
106429,8808.664365899172
80749,31188.561279653422
100354,9355.266979102806
80249,15062.845484552465
108135,41564.461141347776
80931,18501.28503373129
107899,8689.771829410829
106399,12282.176779987756
92635,27029.423985202455
99128,7572.630291333938
83388,10004.787251168262
79225,32708.69285545796
103533,7540.224775346345
103029,13620.483652025541
107588,27424.955918508487
92646,24194.268642942476
95432,27278.89628547662
105377,10254.29319913887
104914,16994.19348064702
103692,6651.26579267356
90273,16358.74346252599
91496,14096.888639548284
90243,30141.389917671786
88300,11810.19331439636
87519,12929.03994864215
91612,18907.78477257252
101939,8659.672076974934
91015,30687.913151142602
90181,23345.96251143508
78441,15990.068337707087
108389,11740.957733376623
92627,20197.610365092456
96927,8450.248935937343
87730,10495.842795278222
89842,20827.731134688496
92971,17116.148922119686
85556,9871.572779497003
82669,15852.26899486434
96673,10946.518517230434
79153,37855.13835718265
104675,12217.470536037163
91062,23495.743863251155
93779,23870.127925700515
84248,20130.060157219585
85038,16176.295426910765
87003,13664.81634422754
104951,13700.51065164608
80530,9373.043657990804
83785,17329.237413496998
88812,9395.19523632797
82270,34239.842092804596
108300,12199.411736427415
103880,9850.31865116867
90507,15956.604283731052
108049,10062.174167933199
77105,21389.22489562544
86615,10416.51192708864
86494,8388.684752195562
103184,10348.7876285846
98599,22458.40732664093
104375,29532.203126300177
107205,30594.399700437232
78844,9656.54080310225
99780,20310.93909491022
88969,9224.642796411012
95137,58520.650744697574
102509,10429.661341699124
77745,30258.36111298368
86566,7557.293321900924
97877,13999.165891860712
101765,7028.962031834957
77886,11268.340620133971
90185,8944.872199137755
104203,16181.463653706378
85229,16662.640538972042
96143,18546.947509536807
88575,16927.485492719265
104096,15860.185367937182
90161,13585.353087441326
100702,9669.388583312673
91390,20756.330047217936
94518,18643.335982854023
95365,14439.050328215246
77078,11290.11147197254
103981,9387.144217746512
93049,20047.0401395739
104932,8501.888072109668
80929,21550.941502522244
84280,17130.270670010945
107619,8897.813033741366
96726,7039.003071558339
95122,13052.097021715403
96286,26754.09965879302
104463,11998.793523931381
79669,16489.01228883706
83751,12600.178719418776
103686,7814.219886787545
76601,28697.089996638628
78424,28966.493493585585
103522,16619.768781817125
96181,17147.167899278116
106896,22506.531708303846
103201,11625.670725566306
108472,21019.766272415865
96100,10677.33267385738
78149,36770.96009613861
99046,8230.161451087311
101215,9740.300143180155
95675,26724.368808436968
103753,7200.012892570783
102010,12959.227203404429
99789,8171.1581124795775
78760,28341.35408752409
88270,15708.470726277788
77169,30178.305214612086
94033,35129.05707571386
96304,10109.146001282006
83591,9554.465841649398
80417,19448.294546127992
87101,19777.928053237723
91487,21196.808675978722
107256,26137.21295296421
81695,31949.862703687202
104760,6743.307901556514
86668,11042.146030718412
106007,27614.77610217506
94726,19929.445072411665
80940,30793.476322804185
94574,16488.653279076436
100505,11212.894057553025
86383,9049.21025691112
95683,18751.63533723308
79982,11279.151387668755
91488,45743.27832492495
79556,38993.424923467115
108183,14400.033435750303
93993,31657.522063650966
95976,33108.239975286895
98574,25470.98511347675
94825,34782.73297756395
88397,9368.53367260367
84250,12098.72406615147
98593,10228.175132773955
98330,6545.802414281143
103350,7207.835692446328
79640,11918.425923094246
88447,10951.696238334709
97515,15893.059385261016
99951,12819.288825239104
99333,12968.320009108003
88755,6344.291436785882
86184,16137.917058824452
79396,14063.05338622653
86690,13553.864895009918
84172,14609.794819059
94766,25102.499948447847
95569,30773.46635075353
106158,13804.66318958817
81339,13216.998533986185
93286,24217.867085460006
98950,7605.055921321842
78868,16694.425486599077
100793,6915.215704308696
90095,16950.231730006668
77269,25593.791710908303
79615,23531.683697849505
104050,8718.037596373668
103961,11869.114740618721
105844,17753.796092123557
101832,6629.395471796461
102550,15118.733478410402
101434,15381.858515693568
101418,6989.446564395341
108042,14849.849405433451
107747,11958.48077759729
84521,8603.475149512564
97615,15076.452342922228
81424,10813.99836662538
99517,8679.198121511763
86658,18967.98346591033
91422,18730.256982295807
83839,16079.326865647969
95100,17191.78717744374
108425,17484.576656608166
102439,6596.07134243124
88840,11673.164831034264
90580,11659.7512148388
85770,9366.503298566586
87728,18710.392617995552
89952,24382.919972113625
97315,16529.552525070078
85711,10921.799535890612
90358,16004.556327285733
102929,7166.735123755898
82447,8226.310656854823
100245,14677.183880855124
84784,9485.681137527105
76465,15494.53826059831
87664,9700.201383337415
105387,13089.25484853268
77089,17980.952251958
81610,12278.669924756878
81058,16181.923762541765
77730,52377.54368545774
87459,27122.646116258737
104036,12190.410199633361
107145,16317.38641263535
82326,30249.391007782462
98946,11800.111670642724
107053,3349.7192776987768
108371,16457.086268406998
99914,7668.946290962704
103049,15784.831388777486
108509,12877.764553128665
97598,22618.733372232895
79617,25495.184943162723
95140,19615.397996105767
90323,5232.420271220043
87974,19463.98113281093
103944,7804.392120961906
103018,15381.858515693568
87158,11190.920832365482
77669,17654.711547591596
98042,18270.07223575021
78268,45968.29782436383
90767,8329.342690329011
90669,13165.441964736527
81912,4839.048602753728
100120,10798.099745736168
102601,9257.366888245171
106911,12820.43503869828
85941,11456.15654139052
87006,19720.418802501234
79286,27081.535616193865
97138,11017.865039567325
90797,5609.135350657222
100707,10583.169955219462
107334,11804.734591089788
85757,9080.390160853582
85888,19490.3369000936
99962,24683.477627488573
76188,33718.98805565378
99064,23569.38507440937
77045,37581.32162375163
84655,9052.473686860045
107154,21255.922556954283
95840,13081.764166079545
82979,15615.014298975198
97459,7741.37129208142
89352,5946.81021540981
98956,20360.03413682174
96121,20205.005280481357
84625,13269.002581492166
98767,8432.834247856745
104355,19021.2495699963
89678,17905.91966452189
91357,32525.41956199093
75998,14984.852380904682
107603,13378.710485723463
86574,11900.299622968847
83632,14105.96501466296
89374,16482.399595901898
81663,13456.758946972135
85717,6734.508761380918
107272,14199.063780826296
106265,3266.5067268076514
99040,17138.043074840858
88694,16562.279683865705
85144,16181.418482973017
86820,11968.780992122029
102396,9316.362875232768
87881,10937.24402046153
76603,16808.459778575238
100941,9128.452361284848
97580,21845.466721586152
106362,15097.357299629432
84680,6328.479824107369
105064,10276.35061871888
105522,16926.226739495007
82587,16427.338936164844
81216,30336.764159727998
77075,19496.459699595904
95633,16764.07562962079
97702,7330.503599613883
106735,10199.151950558593
78177,17509.284859507687
108495,10208.900777917748
100743,10014.558276670186
88876,2813.6391597102743
101192,15220.918388686612
87450,11676.860194578887
87281,10525.939301801396
89740,18155.6891424745
91037,15648.669671995995
88485,18955.24605075495
103760,11099.720291021606
108527,14116.388854389163
94564,30845.04783587257
96909,13652.6629969919
96759,16318.863128102868
99752,8352.955665923433
96075,15894.810325942195
93329,14873.459699073179
96936,25661.9046690174
98873,8316.217244688387
90863,11713.554121680017
76692,43491.8281678761
89812,15903.745621546102
82128,14407.379137056387
96066,9135.289152402142
95160,33260.19372948305
94923,20731.41383911189
79998,20634.149903897396
98555,19156.81833473614
84197,10006.368819659483
93881,42606.13728559045
96420,11016.039803129728
91466,11723.708986756052
102246,8884.11212170296
95149,23083.525455466883
92066,33231.268500840095
94579,21872.64509081599
81791,30054.66055662876
87929,9190.719207734279
79839,17090.086137283248
103708,10491.921777508951
78718,21224.597297514694
87840,16799.67873172215
86316,12442.950135271229
106118,24702.340138553187
87923,10165.757553135083
105417,20219.008638734143
95584,25846.36203650346
80187,8630.784127800554
96280,18229.583663308702
88069,7345.5166289261215
102826,10090.42416085851
91166,22220.03802950186
95616,29469.383009881843
77374,26723.487060549796
101288,7467.490911370701
88801,15494.75850493902
100060,8328.719551684108
97336,12080.167407320148
79226,17639.63267060673
106287,12356.361507949869
95018,21497.20893993618
78131,17596.72361703518
84551,18522.600989987695
100445,5681.611713307994
93031,24441.95889459825
104415,16937.450269083332
82984,18368.19677125348
104242,7223.559866974638
86170,18601.956525749858
79814,21676.006564251027
94172,27654.810529908813
95530,55952.388549236006
96105,13167.190713975906
87822,8282.204538254126
78073,16069.481992876372
106610,19082.167517377406
99065,10130.657638775769
77646,56458.5950577611
86266,16468.778993882035
80186,20793.14533590436
102645,9354.225826930464
83453,17016.74054041178
93905,23948.70459200563
90535,4612.615320449067
103695,12030.27384679109
87488,17360.107457960872
84520,10541.251826544529
97541,10075.86464615961
93818,28936.31518549588
90796,23830.05390247187
92896,31622.180007588046
95577,17025.319320432853
101488,14066.662808523644
92336,25078.76316949485
98826,9879.975865763596
99527,13771.395263699958
90582,12116.104481863435
99787,19963.860035060174
107806,14251.496977565117
94108,20066.319825095376
96333,9852.713654531983
100710,13657.91334065285
94129,20569.120729041486
85361,10547.28496389072
86043,38671.44482744556
86833,9897.621585090927
94373,19036.405848278817
77978,25095.59048525117
96250,18559.501439886182
95594,30090.344529632006
96781,30954.487458771
91860,26380.903445074462
91206,20265.046860324488
102627,7412.307435371021
89384,16244.51519963755
100945,9807.799746352912
103337,8388.074021985763
78230,19511.092378125573
103814,12093.319583864337
96429,12628.399332853869
81547,25416.656374188075
85056,28570.069168281934
107758,9511.92523257308
81328,21209.670380213833
100775,8142.473852487768
82066,20772.80292414136
83908,17930.34794366692
105323,11243.95714669186
77492,18744.873713392597
107451,8478.275830593122
77351,11339.174873380876
98029,8207.72487089909
101572,7065.554243742046
94944,29907.71518106717
91179,26315.329807128284
97780,26869.46490628498
97978,11308.177714923373
104953,13400.93134504588
89173,19872.433716023777
103406,10680.782633549376
105570,7438.324879550551
81815,17679.515850445157
83095,13341.984062407057
92184,22194.77608388771
88793,11601.062368807396
81805,10211.592469974488
85794,17129.669195113205
97245,27113.615282625866
88691,10204.216760912217
98261,22355.078491880104
76495,24420.25295062403
100400,10556.479389409928
95964,37065.87183488669
101477,10321.231009005003
91345,19594.83967717904
76207,35604.15581204305
88153,11836.095531764608
96153,17348.561381343003
82291,14536.08361808499
99451,7930.2171241679525
87965,20830.783760840186
102559,10123.394777592372
106147,9773.45927509564
77921,17436.32245606409
82334,23891.666574123035
108164,11156.724435127822
106096,9942.92945707124
87657,18080.89006050931
98448,19622.361055246325
91900,19501.406537844992
103220,10833.74170620436
107077,8150.251110619749
78197,11100.673703275945
101655,12421.63233169169
107006,11699.776789453615
101367,10965.897203818446
91219,27183.15963087459
92182,16286.284884881865
81544,18396.000486688565
80496,20269.20903340078
81766,24571.57568585843
96589,9073.164313804522
81711,22507.539740516604
94981,21840.789500925643
80701,15032.02487517031
83791,13153.069969335893
84832,15106.202937005377
108407,9606.998377640386
98308,17304.2849869451
101437,6792.619497531607
91248,34534.60751511902
104100,19946.013131450363
78410,34487.31545122977
98413,16615.602591840958
90060,11796.897581775305
101366,7526.256615812923
98709,9221.610971589864
102890,8717.265421595996
87962,13370.022565973197
79140,16046.407839706913
94166,34128.9517833319
105551,11306.469789387731
99518,11470.994979112018
101813,14117.615345284867
97443,25278.675735251563
89725,8458.154484867333
100115,15727.851264945253
91893,17817.98121965187
90000,6087.680929565192
82989,11224.625096439915
89359,16469.738838997502
91971,39403.5118929482
88614,7902.948090964245
104765,12993.70980887488
80918,25595.657205694963
91622,16475.203018688073
88210,11585.31674017269
82019,53319.5575827787
85200,13292.545329560544
81558,22133.506090934257
99276,11081.336447488402
81563,34048.22829215463
99583,9316.649801599377
77201,10693.031132141185
94664,23911.677039292153
99203,9486.453532897747
89314,11433.81364134367
89306,15071.83820316068
90716,16015.140673758626
84217,16812.538128358283
104655,20662.23401070182
92210,20063.6938311023
82528,8055.08552792406
91346,41159.57428624766
88118,18826.925074281455
76132,20498.75925977349
101208,11537.847687757243
102136,8434.176451087611
77562,32228.71356707944
108283,25719.0954299121
100008,15381.858515693568
91342,41249.36368803593
107698,11235.952143497034
81538,11903.803834249695
99044,15488.663058667695
83163,6480.349337048503
105124,9833.784351064214
86549,10009.786818865736
91034,10081.996102436186
101853,8915.781346228769
99837,20566.254618985695
89337,9800.812962076927
107369,8560.725602543544
77529,15491.312379965537
78801,14825.827918243684
76409,21998.6259361814
98146,10342.982626095723
91565,47853.345142062644
107994,22373.31796544544
93945,30674.96687016748
99755,11526.32799532935
78753,28548.215499287515
79674,22162.378495258094
101599,10565.601392811452
81659,33459.853462406
96322,6951.665988337593
80700,33700.54238152626
101522,15381.858515693568
93595,25891.085390232987
78924,18063.68614599001
102891,10565.601392811452
107611,17526.68397119558
78528,46561.397844095045
86323,16230.209481758659
103910,11460.603112079125
93854,20496.078015394603
88710,7844.0952741296915
82438,23392.060794878777
83328,17517.712574559475
91690,24650.205999034253
83796,6089.882231118049
99904,9488.561127418492
100270,10877.10774550017
88422,8477.511748307246
102971,7840.564256889245
106161,10086.51504971686
91244,16174.992058643504
81158,18176.177180774288
98004,22920.91941120006
84522,10464.243394517564
81215,23617.150505904072
94487,22189.36124435192
78065,19930.08485672723
97766,19075.531244608457
86180,13419.766223296738
87921,10304.61608242928
76160,30229.840398383134
104197,8853.867086641612
100295,8477.331835930767
96012,13483.454547566967
95783,14391.762566398398
104527,24576.714481971427
77354,27547.24601912785
106062,8717.676234845972
84578,8833.541446200576
99784,13056.324117640608
91716,21071.76937005194
97394,13165.00645696052
97254,22922.08094105315
87501,17239.444108180356
95532,14107.926945830335
91011,22425.652793290545
106069,24317.053202825635
105103,17123.33742498363
84421,10834.60112467178
87363,5373.787165507364
108379,13308.674136121432
83268,11113.295687976923
94592,42440.67900163345
84041,15414.241483085094
88908,23364.275840634426
85932,17441.084374188795
96593,10461.339874062609
106195,10342.31280986957
107153,31282.847917599498
104500,14373.900859333622
85737,12953.55190899989
75997,11062.804431051367
79336,33110.86226441534
77061,41785.622075638996
88839,18518.407612838728
86859,9137.740827971435
101090,15887.884601502838
87563,10334.8397085285
107188,9228.679912584834
95198,18195.213372695776
86476,16179.445639397009
99894,25490.682170230186
88279,11823.633626914536
108121,14003.512900326177
99827,13748.016092782806
107457,29835.890278195086
96509,27128.172783615606
101858,9352.999012294227
93052,23623.79354409481
91879,28725.867752975915
107229,6277.670232688757
87917,10091.52260065877
82310,10912.32898964032
93584,16146.779439066648
94356,4886.695544238119
76249,45573.109161605746
88386,19040.05304705748
104406,15015.361728661088
98286,6390.946327686807
95310,25016.820603404212
95994,22736.01234942741
79879,27887.693930334623
97135,12739.621731608988
81818,30861.275668520237
108055,19787.543643700905
96474,28999.3660511503
104358,27260.1943404163
77110,11581.512341052941
95124,10377.120359594688
100539,12959.634286737763
102883,8744.4526209376
94081,3937.125615279437
100018,8290.985107577917
101491,12596.713653395333
89297,20140.087866027498
99337,25155.001434230086
78463,12086.818595429968
97799,14115.976468708233
92138,20090.108698114214
83715,14590.595085646548
90455,11516.838924762025
89100,11323.644428046659
79908,20985.899939932606
91045,17130.874077266304
78357,15063.547061607
83989,15042.656891155579
83057,7894.152894418656
92472,15573.47618337856
77836,7898.507566384523
91661,26701.624425373968
103107,11673.896146231327
95476,29760.074216287514
96615,12926.300682185212
76337,59024.785396890205
85067,15860.206469372693
95176,15042.869832124794
104450,21863.210464559084
104227,24155.047723070784
94327,15035.962679581713
97056,22070.100668704636
79775,16686.84499767023
91282,28464.6121296819
98425,14566.460673914045
79509,16303.011816245911
79798,14735.54064696764
82615,4606.868082554112
106314,21403.493003611075
88964,11346.586657417663
94303,14250.801616054618
96851,8454.92264475237
104465,12073.15154792706
89500,12669.707406778487
100482,8245.048469266994
102159,8394.66922172525
83242,9998.52483882369
104780,18542.418709734135
83902,7613.423047106319
88955,11842.213268260417
83139,4695.506468522287
88842,25666.77420322883
99320,7555.371857078199
81840,27067.163386328644
103216,7219.933306292053
80734,23272.306045909627
102743,18310.36468228712
76855,24724.082844081462
89866,15370.794224091345
106171,32550.76148421754
76530,12701.905332193603
77933,12257.890687310713
89304,11527.995247114137
77180,29675.906378485695
101525,12964.723716154573
83657,13911.87623294962
92832,18946.227546024973
102059,12863.526800624335
98895,3758.677390050444
87994,18521.837682577134
86458,10075.265446322177
95568,32380.597960148963
79603,23411.096313950948
77681,11628.841251322687
105596,16584.81051504079
100815,7227.487068294212
77113,52173.35954763568
95519,12783.88628899277
82180,16459.640155884103
105893,20043.915519265065
96087,7185.380977750229
102458,9866.458392559021
104637,16554.31659917501
78633,21060.531468059355
101205,10565.601392811452
90825,6960.857425739196
77280,29670.739294029718
94924,14066.01871796317
92185,30033.43628973041
101547,16056.888089060396
88425,14623.398878998914
95191,21242.74165016144
82878,12540.40847776818
87900,15184.456207635527
90045,6977.5835119476305
85402,18322.654405555535
78124,19019.635119764822
100374,10178.933471770388
96192,8898.339652586319
108050,43720.99324154854
98773,5736.420436797725
105534,8513.851437709865
89256,14044.862555131409
102735,17114.655364993556
101683,10820.275310067842
80977,32013.208229063617
98983,9876.05011691851
91969,48379.29392136394
101852,14866.826735830695
77600,13777.838167788428
95813,15452.16978610369
85687,17950.199360782026
97288,8896.244272149024
76331,16608.53968808791
76111,19995.129793882978
84464,13399.440900056994
102105,11076.841359038272
92739,41181.9323706511
87154,18331.112652692842
76313,9054.1905369033
80830,15530.518126827397
107419,43904.639628568126
103729,15734.179981031635
93796,19621.010129384682
85542,8339.665416083513
89838,17760.834513052992
93303,17439.527320783563
86555,10261.809395476206
81471,22415.22202773497
97273,30646.001182759814
84529,10647.950672634639
86886,2929.244020071433
77905,46574.41496168261
78325,13928.833338176551
91821,24282.5593135528
79209,16389.983244114068
107729,10621.474433719766
88328,10390.990278909516
85466,8604.055462083157
105634,8960.214392299737
79780,10795.36585019979
107271,11024.73442306159
77909,25621.719133653954
81592,21133.673729195798
90946,18845.530481812933
96511,13495.837535167544
101345,11002.56870713344
94773,23133.39787500675
106754,41027.77899603307
82112,25141.615813885943
76758,29094.228399542935
99146,19011.369352224614
103707,8578.433293113165
84009,17910.626803426538
84288,13636.555129353583
107688,12614.712386834068
98025,17181.578624912352
94529,26007.890704201516
78142,19594.41462856896
98985,19077.719263635085
96366,18275.78864571828
96697,8950.917145215593
93267,16639.147238281195
98625,6855.4461303192065
90111,16112.64263181815
94666,30100.770268239678
102390,7642.452529518118
87799,8640.666567342323
101806,9614.434558338551
92319,15739.398769188268
82564,9952.587426959202
80431,31879.05210447481
90298,11704.68611852949
83570,3841.1286550884383
85343,15568.30627510083
104567,20503.471412131665
107481,17306.924206016763
80625,18006.116799352953
98575,10764.853764502837
76415,15835.761746098504
95772,26659.354503422433
85564,17151.069861507287
106489,9229.818319793227
104520,9909.593015783592
85622,10514.720958291338
104842,24982.65534062138
81717,31415.04818408952
91720,13309.978796542442
93411,30113.521615123023
91818,34912.385466632
103824,12921.969306956511
106453,17471.28011412037
96056,21897.973069920496
87924,13000.704246280558
76902,27987.205769862547
107200,32380.900014096987
98825,6552.357828439946
84740,13642.49947084285
94186,68097.90193197639
87093,9781.422271416815
90703,9399.714609000783
87711,10818.288230979102
89763,14975.480334934216
107087,10766.834747626855
97903,11747.742501638404
105393,10213.303920314776
77984,18276.517100038658
93270,29593.698198946782
83584,12863.096733215923
95630,23391.266691372763
92001,13092.599100040701
104596,15212.746064359611
108196,13566.628048156184
94963,17263.52418375108
103813,5624.88705141767
97285,9781.159580086305
102140,8684.205755902527
82537,2369.6262038897576
105396,19605.46157307763
92363,26099.16463229008
87145,11205.352189180248
83808,7491.581472530366
98940,9634.969561698597
79334,20232.15420134778
88939,9740.790978443883
86108,12189.781736397743
107513,21624.747156899673
93992,15132.114129750598
77114,16391.79239275006
106247,11520.280407471168
106460,26555.203241333165
90980,24157.91516350584
91407,35202.424084616985
92716,14816.57019957417
94427,25751.967329462466
79107,55891.84675465141
97517,24576.139619259506
82963,9991.061798312536
95600,18922.84653238124
105627,21056.961016119214
94599,23367.51500898828
93831,28820.47164802804
77796,22220.724815078724
86054,9678.119962749503
103984,7043.896897132829
79232,23523.95120894515
86186,9762.412183335027
79993,21284.717355172415
106645,20338.546800380893
100923,10733.082059775983
79473,7009.251299913245
78631,12898.82715186766
98920,10655.338888719756
93487,18199.1042917373
89722,8166.408001995397
86489,10048.518443825993
77792,34383.58750264172
83434,20360.781546287017
81597,22085.015030008413
93788,30134.790374613633
105929,11975.979840709191
83037,15592.803447261918
96675,24460.2573687526
85315,25726.740183695492
88309,16702.76405261191
80642,20258.891011481905
85401,14640.74584049034
81449,13429.693406835811
108274,25016.685878566423
106544,7268.318387714719
91643,41171.61022992932
77829,30472.868699900184
78255,18049.342572537906
106408,12165.590570361568
96365,14120.483822417595
89365,13732.18279294187
98758,14542.465424879414
82412,16531.62145715512
103970,6117.274103361308
82004,27723.071640951202
76359,24181.481339801572
77601,22029.926389144428
87750,12876.583739976364
103263,8422.130952735828
103050,18321.14187383727
106203,29948.139422852844
107465,26546.878361535644
89824,10869.511099088953
83691,12854.859411827956
83517,12119.288120413657
87354,11179.541375786695
80631,47230.38006077903
88470,16518.97729251311
85074,10478.919978736803
106338,11052.826922944945
86031,6542.211573299458
77815,51272.756991382965
94854,30565.89939013454
92558,11855.939771988165
105202,8899.997969665957
79841,17116.759859000493
81027,33309.87867440524
81862,21642.75602799177
90349,15776.515979011276
95059,34533.922349643464
100279,8762.233751671301
106984,22830.26449046534
92688,27571.43629471186
79781,13490.380734736354
105426,22510.828854555566
76908,20037.111388229587
86624,7921.702870078697
77747,22840.053841193607
104911,22101.5331090062
100968,10168.121981546363
103235,4020.759034089116
79717,8052.593791670563
93346,15582.006293957535
81416,49917.850432216306
105745,16790.912619781273
89942,14942.980734297804
99350,15633.219832513776
77848,16238.544641917577
98163,8961.893225665826
79733,11933.576964144631
106417,10741.200510009146
98931,6741.782934289979
79025,22528.710807881627
96098,24111.141504928317
89627,11793.398945406127
100722,9418.75936402794
89119,7763.3953368824705
106445,18731.227481136404
80588,18782.163089233203
91785,32939.92808023136
79294,16505.193684955037
105542,15486.846566681346
98603,14560.843498760636
103921,7787.487220946589
98405,19372.33060669916
79284,22398.175733115015
104738,15430.883740036577
104623,17951.646398637946
105041,11965.897530530276
107556,17156.600158617395
103553,19159.546575176228
88716,21439.279930191264
88844,9591.504764670832
87568,4220.027123401295
84183,15889.272635324467
104240,18883.334163178362
87404,12818.685864198733
95985,16212.76943595468
95986,15808.449791607913
102723,8261.605458853031
93713,28423.344533058655
97359,8717.721208880725
91991,20099.733878025767
77490,19290.84353303473
106975,10089.914612897424
98180,13353.889024644239
80465,5343.893987348642
98027,2106.2844652527115
79085,14711.777843760054
92539,32504.821908782036
92267,24525.98596832319
87807,5928.160763247158
78839,12800.847414861093
102361,9462.049408840065
76828,20002.033958175645
105914,26331.656584335324
80885,34379.71170639006
89833,20016.961546742656
81436,10716.481651373175
94157,25037.67769305297
98733,14845.956544551238
102978,5641.501216430113
81455,19490.838789203703
88578,4714.150262901224
105743,11813.405302636314
94325,54769.44097992109
79801,21920.561612001842
105405,17041.930089558187
80670,23947.709095867347
91173,12805.79246539167
80960,14853.331085540178
80623,33649.46085113545
93516,20001.107469673967
101762,12877.987942239051
104665,16549.290635997928
93682,29171.096058109488
86261,8219.049063518612
97450,7380.346147924007
97153,9551.417306910147
82769,9171.151926132192
81781,12727.838177589807
108329,11169.528114398448
93812,35095.98863409699
81383,18000.00055261264
84306,9344.990304769033
78773,7239.418063488896
85809,11845.641380488627
86305,12161.733477949141
88701,14734.848639001051
99973,6905.278473191369
106851,11731.048201100832
89751,9941.392256886002
83788,7937.413544173998
80351,12837.72997663967
84894,12701.124548496631
97232,9750.416598055133
82689,16738.1830668785
102485,13095.379644372457
96093,10696.71636213985
78234,46657.352783644405
83402,10813.939406021025
96362,30723.3032442537
85275,10630.608930751003
106895,23512.16164788896
87163,16478.508354733898
94751,15595.99063450757
93542,19547.320465998535
77980,21641.813696805744
76166,13036.47283379484
89776,13382.023835636639
106767,19198.776134988133
84743,17975.33681906972
92273,22364.12454435544
97882,11923.578765960689
76744,18144.461752883657
86560,12131.133071146895
93835,16664.685281139118
94203,10626.150762706078
88439,10034.290742434581
96097,27256.173295690573
105131,19258.119935146853
100343,9761.43357395851
90841,12069.741786345168
90540,8065.05969622134
92762,23583.757513508626
107805,19337.048586764267
102622,10718.936968561351
108073,24940.053731894626
86061,18516.383553608146
92883,21456.15215802039
82290,6186.482439903637
87824,9208.265200490006
82554,16544.07923374532
102928,11570.316132674117
77420,15058.199549384284
76315,25378.48410304882
99825,7941.182235849557
89292,10631.660138451116
87301,4594.006046646916
103076,11943.824145226235
93084,26639.992896358228
96934,8010.721196983421
85141,6490.758190559735
101607,9962.176824730375
106992,27961.850770290686
95873,24976.653027251403
83341,5598.335010590431
78017,23701.512905652096
83129,24278.24406622261
92261,11892.756373281207
83824,17350.46716680946
86151,12516.54031154686
88105,13278.82330483711
101848,8743.14940241073
89588,7465.988315526601
93705,25012.190204026218
93017,18283.283873003875
77465,19514.31258757136
105484,12420.115243224613
76751,12711.024355664422
97511,12286.198829184164
102864,10131.477983534318
85858,16213.663191657624
94836,18533.527842039355
85250,9042.933447391195
78497,22310.91514575422
99540,11721.492638158046
97147,29582.571878817962
81347,27066.61098428711
95555,26810.19078145495
98074,20599.734794666318
104435,9965.20415406356
107097,10776.231594650037
92205,13991.81858577415
90822,12180.084582071762
93344,12338.666862586904
84232,11377.79623240499
105217,33059.63960659397
76013,23860.327952580366
102818,10162.174124987647
106541,11816.107248236014
87213,8881.58964401
94119,19866.652912923786
105753,18887.753032268116
90397,16060.029230064598
87612,6233.925114468618
82789,17915.619872343752
102916,10416.368980437977
104561,8260.804862369117
105428,12748.781376853694
86677,8181.094630733241
95080,27231.811458397355
90113,9316.14923868906
77433,21336.591148378182
106180,20502.700529495785
101692,9340.745600396715
80466,5085.996765921573
99512,17361.574329923835
104554,12234.231749889837
89047,13896.659901394754
93888,30166.680757238766
89659,10124.512536780523
89920,9165.65081897127
86975,16676.02705822063
91405,27823.70288111646
83203,34350.14601276264
104338,17613.32104442556
91659,32091.669814803794
86385,12900.382523106837
81048,14854.212186720539
102880,8153.556899512946
100237,10889.892693464612
97751,6791.433506299112
85614,6677.718174990242
106145,9753.6531764107
105955,10120.32730344012
100146,9670.886212734958
107491,17803.337788682955
80061,18280.991343619156
94324,28598.288423905542
97114,25358.471297175918
106600,8113.4981598701215
90922,23984.064865220233
80222,11895.639844108173
99356,8693.954429863057
92780,21342.202797939255
107380,8792.169523281207
86069,10651.428326055702
107753,18330.276212132896
97983,11304.851313375624
88082,9351.874961185193
82115,11580.765048791016
81634,16214.462583986577
89943,11890.08682600146
104167,13356.412528421533
91010,21480.20917335164
85004,11805.540188326135
96953,23516.234559433084
78632,12472.735305623835
76114,13387.226284166776
78570,12485.888950768665
82674,13507.372354911875
91196,15372.351401056725
93734,11784.67566481032
96031,24940.229231453555
102015,9320.184273630628
108372,25612.9961654218
98719,10521.218481968019
83391,11203.6215806346
97098,18173.21559329996
104357,17137.316172074792
93495,18453.625279972
86422,17036.6746510427
99731,12857.18288809802
94144,19300.35449756649
88103,8606.285486270792
105199,24949.86253129617
97003,7556.380541165161
99925,8318.886009074393
92816,15797.701065287943
98472,11457.566042896397
91986,14607.592983083729
84152,7988.236731442893
87538,12686.753528929254
93305,21139.12276668409
104249,17490.572556690095
85501,10809.437199537531
82343,25999.837430055184
80601,34501.351461603284
99715,15305.461829533784
90451,32168.537125308743
98282,10493.175514912986
98397,20459.66439663748
76414,16690.294848331676
99016,14575.909682220454
85767,11046.133724294143
102787,10155.116599433224
101188,13479.412043677841
85019,14763.963022748288
79803,11541.073211352266
107582,10182.9780927341
98501,9067.234288292295
107021,9683.132637074774
82317,22026.705838237885
105678,2392.3028041912016
77931,19753.24197530755
101619,9469.951363785714
76128,16731.392066733202
86460,16269.001038419648
106084,7844.150167366771
80551,21787.870694648893
77062,29525.1695024729
98406,18433.47868351132
103489,6573.867885801599
107191,8863.810186252353
88549,13444.628615201436
85095,14546.093796011712
83923,15954.599383551733
87074,12991.714334478174
94031,25040.033723404093
99120,6333.855600785877
105824,13647.508688013892
82389,40952.74459379564
91994,16942.60633885314
85060,9415.120097995285
87412,22345.008091853942
94683,18225.69506651482
83069,20386.156143629272
77071,28720.655548767336
81406,32617.20414334222
89203,10803.109138329364
82423,10319.813588077266
88301,11295.824798716374
86758,10817.424244312786
94072,16817.866990072172
102247,9863.466646583216
101529,8297.529929741533
100738,11652.418214374939
101790,9998.894683171215
96188,8817.00367201636
98656,15409.590426439125
79321,12435.625129541027
80052,19568.79441653936
85150,15774.063476073085
102370,8234.641639872882
107503,20144.971508114304
76560,22069.592696661304
85319,10508.190051936179
89242,18425.82711968437
89510,6910.888167756748
104922,22390.623647409673
86937,14816.662466478465
107780,49412.18966285209
102448,9887.873007309488
89648,10345.25815961161
95347,21079.304128049247
97926,9698.882711434626
104963,15909.555174196323
92272,16264.342545908115
76618,21089.35971163756
87722,10997.029884856327
85560,15459.511164198717
92621,25442.84173717633
87712,10687.80051398854
91009,29925.492044568367
76199,17754.3145241528
99145,27770.629844106872
103618,13760.203186820772
106072,13680.902087053077
102488,8016.6809446854595
79837,21977.451271616144
102792,14653.950326630533
86565,6344.281666768944
98631,15624.024295371531
106374,44847.86574882548
108222,8738.301901147457
92127,18918.51748146019
96068,12579.679095218962
84411,11939.634384894569
102143,10428.426852998633
77502,20699.788826233333
105514,15780.797666211438
76896,33696.5114555575
104868,17999.876074012096
99686,13543.857443569317
96721,20464.734805968277
93026,19911.423167407684
95961,20989.466159041025
97465,12584.363603026906
86075,13802.90173159318
106946,11831.81133715714
97605,16144.301944454231
83156,19368.023508834554
88123,17913.79604467832
106817,9365.302507950262
103245,8684.972617419962
78564,32662.81144203376
81879,22573.362977017106
102330,9728.998612723677
98866,12008.340791015542
87178,19344.740897600455
83106,10514.472050388802
78280,15734.221459096567
101161,11668.339257637597
96047,15022.300519364337
93044,12337.699399955278
90176,33715.713512762086
76585,20855.907107927203
99524,22783.06799871574
97467,23946.974312006016
95557,15616.25697346859
102816,8690.545298562056
87141,12974.066596067063
82602,14386.27979730232
80108,23999.811489858952
77871,16983.236689862457
89910,7177.408664847553
76255,10627.216313701125
76231,52124.90786640243
87089,14692.785596514006
107635,15366.74347796107
80916,26680.332222176985
95179,34334.34467186705
90694,7505.906488784982
87504,18821.377922995976
95882,19614.45082564793
82944,11378.566103399626
90862,4494.82971720954
89494,10985.706373207973
81196,30287.970170244873
78258,26121.356229209236
98420,9778.035885576153
84051,11479.524543600512
97011,12423.468869390123
97357,6966.115125717307
82683,9886.506164703836
107472,9533.041164411054
101033,8381.518139134136
86376,19353.03418068274
97773,26828.15264954002
76448,23059.536147652845
94912,27033.383677815054
100444,11759.993476302918
92364,22611.869692384145
104206,24682.055288541153
82384,25339.21839817321
78524,28326.88739863168
82825,15413.880595148084
81519,24177.241852948926
89462,5627.199164389217
94783,26863.840230624282
99101,8904.734949875128
102363,7458.813082446175
107901,13194.399186354258
107950,30694.251021636363
94631,23150.42165926206
85176,9273.84341291073
93934,15376.138736852225
99621,3289.1236936163077
101616,5611.006358831289
86156,16400.304705336384
96327,8236.434883719641
89538,14298.114108002117
98236,20816.342284044196
92253,21054.041501501033
105896,17734.991364890953
97333,16773.986376920657
83166,20005.095857517572
96224,14208.76994424326
94462,21870.051808730048
82796,10152.254722297235
103597,10290.097194754799
99905,10193.819404635842
107349,14462.626943472997
76754,20338.564403435947
90912,26742.54573319587
108289,26088.55039289132
94106,30743.271910390114
86956,19170.076510757153
82492,7652.412442348972
81747,11879.461156867217
89144,9949.557403522911
85256,12206.138758751466
85342,9295.716279187272
108054,12897.48534513204
94681,31294.37488542825
86244,9079.465636850202
81028,27727.782699784104
86773,7784.196342402254
108431,19946.013131450363
102839,9940.990959154351
77700,12884.488567746675
92967,20262.050172657804
91982,20371.567375406757
80639,11752.60788297314
97770,10618.930729132044
100460,14338.781469142285
100531,10227.634209313002
84508,11032.362239150163
103706,5252.6057189945
79723,45796.080769500804
88897,11093.724408681739
88695,10297.337121004395
87380,7414.755008092594
76070,28417.075830207294
99342,23706.961801450627
79110,16787.47548981562
89341,13634.400602098684
90330,17365.577010751567
93894,25972.99890587727
104137,6343.437514964554
89113,10971.620163393038
91150,17361.12266012922
79621,27663.495120193904
86822,8559.735576091605
104869,13511.394467809963
93874,15761.824633942795
77606,30424.722542447616
96981,8652.905735450408
88437,8242.259816089003
87834,9742.420843918106
98923,9552.614125225391
108118,24043.233619635117
94447,17789.866577657205
99454,21546.61316478741
82144,14310.474167125389
83494,13822.664274764693
76545,16290.11888959768
85852,13999.19523939778
107056,24234.445018984647
95419,9941.833872032706
76570,16072.44936628128
91325,19819.328208555733
98990,9564.91171523892
107639,13927.502227655092
100232,10824.425832639225
83318,13896.804100274494
82277,38495.50421735677
105198,16763.15211082688
107660,18712.75102498895
92349,26763.789231106246
105445,15913.699263077204
98333,12239.509350383123
100919,12943.459343592504
94295,31597.3497959038
105853,6958.134598958897
100457,11466.232547882739
77726,16319.12177206058
96027,10399.803548373677
104201,11867.057027747122
105205,23995.75433934585
94718,103483.7046185296
96617,12983.310164250317
81405,10723.11006210389
98642,15205.834992564014
89156,13867.183372966923
104916,11236.787425586335
107696,29825.531453987653
87902,10974.200967815976
106870,10006.858517146728
106153,13108.684978959665
85108,14827.433275723864
106590,14683.32138906789
97948,12618.859658619896
77144,28555.349478092052
91535,13203.385985314795
83900,4578.257070906671
107374,6322.317077069513
106805,14747.394416202871
101971,7105.969640119147
103690,8080.145047462251
107830,13646.829961394938
105302,18864.50348452054
90504,13442.441837899647
91865,19675.49095069417
107204,19762.38837434149
93231,29373.293772664885
94654,17525.448218280417
107435,9870.3210804645
78616,31041.390103563128
102268,13615.360342615702
81320,20693.829118760103
85005,12007.676052391174
98032,7778.998323812187
92938,30172.69014139092
76177,10838.875011319355
83869,23421.970669878992
85806,5669.874590366018
77987,10901.26030071335
103802,10281.075057007516
104020,21514.461680829263
93262,22510.118651300927
92988,22145.50379392773
84434,17701.41063918118
95648,33961.362804994504
77947,31454.68566780394
76135,16612.793749591347
80971,32816.67824777411
105584,10944.27206709024
85530,12932.7903710683
106515,14324.602027133185
80686,18442.312744842555
85040,17908.46649793724
77404,9075.105538940565
91234,37311.543099092196
99225,10381.448135475228
88808,11209.088023626524
89948,15924.42079921272
107161,3808.634102920547
83683,11045.498995437063
83709,17135.31123810193
80256,18962.342374219916
83504,13444.628615201436
90112,9286.854702131073
93042,36102.885090358766
89466,6685.112147245
103405,14244.02000752025
86026,50880.47049950611
86824,15740.904245111275
79357,26891.62168068554
78812,11514.164759896948
105364,16824.61903706485
105744,7532.2904932648125
99819,22272.276815619913
91051,22196.282690243712
95688,21325.8403919149
102174,15205.146861484067
91914,45113.34229856644
86568,7919.480144450862
98761,2189.901105593022
101252,9398.865202075402
91406,19352.97056535351
78069,14661.726770472551
86168,20130.146930814222
105858,11879.271723514817
83972,16867.492728794798
107196,22536.150319167413
80990,11610.671954767267
101095,13504.2187162127
93806,22607.558230750306
104535,8366.884547017182
99257,8817.4759889071
94967,14942.542302174646
94257,17480.210831462897
100543,9574.705517743047
96277,18430.484060069397
78730,14206.536163840654
82370,18498.954102464624
86050,10939.274576432357
104245,20608.107334304572
89903,11859.483880484697
106353,14436.730674630258
90055,9410.972800001317
78070,24383.679642846066
84302,11418.531309185868
101048,8641.759571258372
97981,9607.567023300942
85001,16552.645693946968
79444,23067.650959650597
88862,11674.339849113692
90445,10255.623997374949
92203,40918.07470027549
100623,9099.18698862583
94528,18727.392828932076
94482,18288.044656291422
77706,28498.135637610692
100947,9118.935465126802
94367,24927.131456948795
108205,20643.78381297919
77256,27930.80328608241
88458,17764.942057018543
102997,9182.73724313419
88421,9597.25710223407
86001,10528.295441879924
97594,13152.096628190988
76992,28773.11640217671
92157,16791.29170249512
106018,8133.165203103018
85491,13242.62610302829
103359,9390.324286022276
101024,7851.460557846636
95167,32263.14559086516
93493,20810.73040638628
77624,17280.628314336136
76803,27294.609902561562
77142,22985.761106335525
86693,18479.895938821883
101755,9672.627073401007
82229,28604.057112227212
105220,11892.200683360174
81442,41429.841951566246
92017,10200.839508121098
106471,12017.082368732415
86231,11185.012580651042
92036,24024.582232581506
93224,25082.503310056534
87139,10127.50742834603
107623,9274.49471240353
81066,26441.65071895425
97790,13169.601974891664
76514,20640.974548986953
85297,11473.836714155088
93020,11203.707647129531
88666,16996.2732900267
98711,15162.376858306592
107486,20610.377496927533
79363,26060.580539291375
88053,8064.469574111374
87127,13744.829172172631
104704,26544.157109473723
103808,9743.830522296736
90199,25611.158906519722
92950,72639.90313935834
92002,23620.67210246869
108435,13793.606612595106
86748,11100.084817272962
86978,7941.8239788950095
79932,32109.159068848632
107382,8009.021668096649
82616,13821.988640922717
99198,22641.467597084145
96788,7919.033777595409
92073,18779.56438948101
92060,17188.60689290582
79559,8255.393281779281
105276,20364.001517944664
78536,16929.72433995768
86795,15853.418987775682
103739,16645.159569278687
105087,19361.651305649968
106499,17896.69977147577
81009,48218.93413357151
77053,28778.180036736354
104832,7269.545160388915
81864,13309.483770001241
102634,8806.251157244807
90510,7283.801741916854
103001,6874.838580722946
97323,22153.207112371336
77996,31188.407354872455
89082,16594.408569275645
106910,19512.39693868357
83882,8202.565935468609
106459,21516.587000563733
99678,6645.014142542684
92583,36161.093515937966
76986,21985.80978874433
90844,8921.659584519692
94286,10039.28467858632
85208,12254.65019698432
81224,20173.375802693983
85569,6646.688011143336
78152,25076.114195103444
93054,18154.50697983171
93481,21325.564118367765
99735,14551.521005875096
88060,15448.554505220698
97546,13609.085555868383
81083,29473.807165132053
100259,10940.861905892305
77751,12746.43136820631
105093,7595.149180773177
94991,18983.468632229837
91352,23806.354055055046
99901,11883.959523207566
83577,13867.351488509697
95846,35066.810516460275
89917,15782.661684146007
93394,16533.602177227214
102805,6031.259811792255
105448,25444.531347540782
108444,13339.379910664253
100862,7861.404865491167
95006,47503.08469302397
86446,8988.746067472179
90906,20852.937930197306
95336,26916.81033799273
94904,12301.58162849599
81105,14400.02521292885
78132,11569.026674830255
87302,11081.352475009635
101471,9795.134524940246
90015,9969.705095795682
90539,14522.602402465158
82418,10895.57012721558
79940,20583.08540848907
77401,39853.56844532911
79054,13229.363095631817
78493,46043.518610165986
87727,9268.485392874749
100390,7841.063278553596
86020,11749.55825077613
106293,24939.600165895048
105435,12681.864180127443
81992,28346.567039214926
92805,18651.20952326873
92871,22728.867725359316
101833,12672.814551773488
98352,10734.1027987699
98629,12544.694328795938
79700,16923.005783616685
99710,13494.304338326752
84526,19816.875561043198
98636,9839.700018104033
106829,13817.158913493116
99652,17726.711357301207
85469,8671.21761215789
82224,21624.12582726523
81899,21286.73896889142
94817,23284.127887673032
92379,26307.18250946818
94423,28720.074306708007
94010,28026.721994073676
84867,14930.613970068482
84679,13729.481486901806
103292,10292.193841478591
77349,16408.175953602913
77697,12372.208197818072
103017,4447.73255394886
79727,24505.165858585126
86490,9623.810390328708
101009,8645.399638778552
96540,13859.848716779037
106974,19091.64639990005
80055,20935.359905439913
102035,8815.047030635276
87843,7522.00210757076
107868,22958.777810084768
100831,10190.611697145596
98936,10285.22639383632
96915,27551.9589404155
88473,18610.84189046356
89030,12071.103617648623
95894,20480.69698223138
92113,21410.034975196493
105809,9044.560009091769
99360,15240.332451618853
86746,9094.893799728894
101917,10110.901247866394
96687,13470.323802433317
101210,7895.7496461401215
101146,10169.231055753162
104900,9508.94884446334
85924,16591.488510716044
90544,7504.306980591423
93003,20218.0919647816
98738,12590.509849620385
99884,7950.426311153979
108053,26221.864097106296
90188,6714.075284098864
91970,20571.147829985384
103257,7215.042344452728
83138,8672.938121387222
104017,29870.498117340103
105104,7228.077236457934
100054,11658.532306854064
87155,18506.44391655702
107600,11352.278666014012
80848,28757.757933058765
86709,15571.889295818359
106214,29801.564225517563
91963,24780.816576710575
97698,6692.57540252824
106109,11618.380798619653
88231,9532.70014526737
104537,10557.677560490543
99388,11658.338112047813
94517,19677.886551657455
76658,41564.25115429683
107430,22289.390416996222
87408,7863.428581482259
105971,16280.384683103643
90264,15436.31234385505
78434,17550.61858951201
88248,18745.491539955627
103386,7262.13750787614
87862,28942.99357692981
83101,16006.314384030153
92350,29583.797193157585
98624,5877.095606314813
97298,12490.465244583751
81919,16513.80411821092
80556,36997.20031140086
98141,13994.305127733347
88205,15434.43167573189
102779,16056.888089060396
99926,9987.542279006422
101484,6762.689584977499
102869,18210.844771340206
89043,13752.598011339946
92878,25159.7932238102
101071,14918.204078555238
106583,25524.012603510484
106819,10019.042752593266
79956,14757.202500288366
90659,21769.625238688604
82276,10953.470883414064
85881,16972.821201303297
76753,33357.4017964368
102970,13004.675011906937
93126,32116.64320199972
97964,11932.114499323272
81951,12008.205553254389
101200,12497.292068913875
96104,29507.943305463352
78169,19471.120989675077
90062,11986.094014063232
100918,10079.19191946499
108353,10906.150724190806
96642,17160.032236826366
104763,10188.841973213539
100926,14095.393316242946
107597,11168.698872771269
102765,6861.103170201549
85805,11839.983091823427
102162,13733.009546566378
82952,15164.636575501549
94184,47613.01983905694
87797,14063.174406868317
101511,7455.87074697133
107686,7838.530601041174
95366,13332.5914275406
78349,8585.539706172996
100908,4578.237633098951
96196,6333.903931260268
107677,21150.82791770373
93603,23087.55364592529
99861,14477.60411811557
87456,15423.855246450146
82484,13258.714409171673
89252,14761.64776094405
104243,19710.632272266237
107181,30774.930131052137
90446,4314.046463952319
81412,16747.15814912394
86732,13640.185015153485
103972,9713.89235809277
102586,9331.86343610172
82466,13427.02405391943
84937,16888.241710372335
103038,15381.858515693568
104111,19627.41652458369
101111,14355.850320345586
107812,13043.455204442036
81483,15003.104415346486
81303,18235.994703829885
105370,15168.822013308589
80504,28894.58507478384
85839,14354.581988068281
91560,17314.228313752323
92722,42490.66796829018
86115,18007.788188659186
88062,23390.375613404427
104876,16058.147803393767
98777,15219.128570194158
92504,20677.394818232682
94025,12619.066067607871
87253,15229.59640715654
106668,28673.889821751116
100007,10758.632071373537
100956,15283.749071802187
104055,14085.654130229745
83761,8791.350627486718
79429,17497.01078381028
104731,20602.616733282197
104125,11718.353865094792
95628,22091.357097539018
80913,26673.685034790487
85196,13713.236466270915
102697,12436.849201023568
98587,6083.836650303427
106771,18199.23387397618
90889,13575.068478489162
99697,8667.77424725148
101404,8223.751801730075
96283,10056.136406188005
83072,8741.195164022596
84053,11202.072576504246
92435,19227.13279585209
99445,12029.068321990195
94604,30203.10882098933
105585,19718.28564042208
106189,13857.020985113397
108456,27088.96740214316
107914,12033.232595409907
105646,8695.616368587303
99808,20709.258845620727
101337,12768.752249126177
94636,10147.933900219161
100480,7801.786283387038
104644,26140.631272669943
96254,24300.7518040861
105238,23054.753783002314
99534,6669.99596016567
85285,14156.96582122342
82145,22337.651239605257
79604,18147.512958501804
92928,24530.686264784803
82245,28543.542307869626
100973,12120.273719311734
76365,16431.33069391381
79164,18010.54692694731
75989,16161.126368507976
96557,22945.220204589667
95029,5666.689201290672
107817,7426.119203843486
98521,10911.612428130806
103150,12302.72510238296
95850,14363.93281670978
102008,10351.76943769781
106002,13703.709702139291
106077,18997.298298176782
83367,11044.27645122959
97196,14182.258447099419
76566,7899.555950705954
104384,26514.01910150085
80692,16731.150939558323
101094,11171.427868009074
81800,18592.713994345206
86722,14967.215550608076
100318,14845.925959272061
104827,21635.366644157435
98244,6578.412896407569
94712,27181.215197830534
98393,7453.344603317252
80771,6610.137028934029
86607,17710.40276068669
80768,10375.80268448833
96949,18161.414783150365
87207,10042.283153061126
84629,10700.732616224373
76136,20449.225141523788
76644,9069.482260104933
107649,17512.613735961575
90281,13227.5068463716
108187,15956.433715481158
92025,35965.409191796054
99737,22559.395195428144
90801,16514.21937670532
100790,13582.159744002136
102558,14701.150124780654
98713,9527.92092080689
103633,8031.756538144502
101449,14639.162495926308
81515,20083.452907999763
98364,10493.85338867993
83966,12457.814651076811
99995,10015.972455314904
99150,46470.03199842262
86873,13643.602772005504
83731,18844.645517822297
80810,35735.950676758286
94650,18014.387556802354
82521,18583.490843333486
100255,7582.835009956197
80454,9421.484838636172
105154,13432.809707378998
79689,21425.9299998739
86810,7375.872025733188
82113,21162.43487529777
85929,9386.911445780604
77522,26155.928610536102
103578,4541.50576256199
102688,14995.118976847747
90791,18101.9259635176
94401,27934.363563439034
76740,17424.520712002213
81666,15296.361379874888
100227,1557.0700670121012
85673,10509.829568145893
108395,24789.695733460823
100214,5387.613298437802
95659,25962.61894315299
80490,27382.195184800443
88384,11425.300315283948
107062,8855.162895754514
105277,9526.475185107573
79265,22159.13503234538
84984,10615.463359684738
77376,11835.370142984808
77355,22599.300191944934
86313,19355.803179635317
99285,24936.78528874536
98028,11428.057481412512
77611,15431.928694939908
90056,16658.673567959497
84773,9867.62685774326
99264,19420.47835650051
100948,19380.63742056757
82379,27628.984824877916
85047,17796.88601967818
104114,17596.63843289787
107632,18286.438907315736
93536,16369.478439364328
81421,36038.551455392015
104793,37387.68676751829
88141,15463.454306109526
102679,11231.609434708707
81051,29302.636986732992
101005,14812.350457511855
97532,10249.099938347987
102499,18866.391255716397
89537,14177.509780924833
93046,18689.46862453128
79823,17613.061839053862
98882,21441.064322323753
97094,14589.274777909912
82461,11649.552485907972
86118,9894.292574566874
89801,7128.95466444789
83127,14403.61033768173
107519,9859.86398685776
82583,8453.593454925498
103259,8285.909641063217
81152,17152.776923360845
106206,26720.15871015224
96706,9094.186679796861
88303,14770.179317681448
94241,27485.773482617402
95076,24636.518386711778
107546,8714.097859872332
78467,19306.217840864516
98304,18929.599076452905
95393,19529.653399021463
98134,12045.804867575678
104152,15467.84195550882
76818,21658.755198462964
84707,6981.171731462303
87889,16803.896865540675
104736,14579.335688885565
87844,17555.871537331554
88388,9038.210234212664
83940,13333.474262124095
99536,18512.416111994375
83313,16705.165944752065
89864,14642.107489456906
106944,18509.012113603054
105635,8841.946220349886
83110,10660.10273618325
78937,37648.50674586444
91724,20106.039131751684
94886,20023.53851699389
91449,18820.2361804095
81745,30234.538327163937
93405,13859.049328173633
99402,3397.9912332357962
94317,13690.688012005263
78503,21621.077236689085
87111,15853.418987775682
108538,14532.97138284026
90689,7879.615026957443
84402,18430.974282011262
80890,19609.6724765491
101682,6918.458525260684
81874,11059.681999622055
84259,5116.310625079789
96616,15579.195008506467
106173,6753.874320397376
102534,8732.786773049931
81629,59915.4640991803
104910,12904.79936397164
92100,30414.23840423967
98454,9765.58918054301
81880,22142.362103095642
83346,11500.344599896729
95335,20592.3777955169
106693,23623.067466570155
107432,10182.9780927341
82694,10895.839286803963
100199,10796.09039789345
107361,21356.513630719845
88659,10272.466589973463
84237,5592.843284501956
83666,10041.255342188559
104468,28594.81500113576
95495,15513.204672903696
84298,18080.89006050931
108427,12429.957690820032
88238,16818.73397503938
103836,14185.229427590382
87394,10577.305294812859
77799,16073.971250040106
97905,9367.31003260654
101142,15710.900269174293
103274,7078.3912341458645
88302,13104.263405051852
76533,12313.17072304266
80080,30315.08780982702
105134,12446.787595130836
100792,10636.34488234855
81408,18770.53007142247
80410,18310.06376115158
86355,12448.98777518415
100954,6937.065905937411
93799,18618.176048741003
100810,8068.580570853998
80379,15856.926433645893
107796,20529.333175806638
94046,16483.51188312957
99931,15930.281920587882
85890,3238.159304418448
106923,16743.19060785812
98319,12523.621700044765
94853,19499.87870263428
91069,57613.06615653624
78790,7891.185284164631
92697,25105.66071777663
94765,32200.04297863263
102150,12573.539824097745
105768,9429.616339775408
81755,21385.426562989585
96933,9747.863655103387
92136,42645.6239590475
96082,7972.479790220127
108457,16094.690450280672
95142,27858.395512788626
85688,19037.871915301585
86672,12636.877531697062
107583,10883.900500748696
93369,25837.623898873433
97637,13202.82819496331
80868,14835.220188903648
102315,8055.727378964286
108428,16602.171491277513
99478,10839.31752128617
98906,6577.557294923203
96394,9741.247972599924
106032,17140.116320501103
76121,18058.74144476918
92642,17459.793116477515
94725,16924.306969337882
84528,15577.19153550221
104492,12082.395403711518
98456,24463.180307747876
102089,10150.035938108327
105274,7377.289183133809
91436,30946.27648735968
99127,4538.878650567105
80416,18250.095251534873
83419,8232.289248764648
76209,19287.416948381146
91874,14623.636552496006
107892,13565.08015715555
86727,12571.163093296484
83096,6790.873249465565
107036,21223.904301724837
86096,8449.62929593584
89684,9871.430251015461
105301,11168.56544773178
79056,15991.880652959946
103508,15578.055734938207
102651,11667.953054615853
76605,16823.054067480014
99170,5877.408386028554
94850,14456.281516163446
78638,12203.309842193818
106031,16476.712686696537
104955,11968.65999932277
101565,10919.428683079417
105886,26886.171016440483
86499,11445.591390186746
91809,35226.20202676979
86033,10032.910833788808
90761,15905.647085393872
104168,34274.93338988332
88048,15373.587004150726
106343,28403.041986929806
96568,9513.451776185224
90082,33913.02287366328
85659,8623.841934202139
102950,10277.019835866338
96231,9782.580582033148
101781,15335.12445623368
103210,7529.257713491712
95174,4335.393802990124
105594,20186.178885406247
107809,22798.720773079745
81222,33023.9839884555
84506,19634.491226067636
83399,13735.16438445878
88318,21776.519773089516
106235,23230.78509479734
83952,10938.497863784814
103610,11981.217578062771
107273,18475.34302216081
102134,15381.858515693568
77708,27740.208101513686
99754,13006.996547466453
103372,11981.297845300069
90457,8061.689337000187
80228,11880.048366026227
105630,18169.88306748588
78448,25522.89113812124
86729,9801.043743750954
108510,12257.05205308022
79686,31648.842012409674
82677,17323.467338349816
94161,22843.0671682291
93064,13832.890851602888
103595,6239.0888498103095
107257,6481.776343064173
81162,32277.27173513474
106410,10005.294014990128
97829,22654.62934409198
92429,21627.919485208524
90183,15878.610164070371
83816,17283.581298763347
88613,9946.525542302812
90025,7696.888023223028
89004,6840.47624551566
107997,18541.87020818919
97458,16288.017652493914
82737,9608.848980185361
101739,11312.60569769618
86766,14035.361075385374
77098,15542.880997584578
93598,21279.84185878676
108115,11317.87947262205
107653,33072.39220496442
94706,24223.896188883504
105344,9955.414264502355
87516,7740.1465969676365
98959,6886.355840393362
104557,9557.333581402348
99137,5965.659105914192
102126,6111.969145454596
104455,12921.344198131948
104278,11041.27807244076
80331,23727.329530183048
90087,18590.565294343745
93700,29407.331997334757
108517,13221.976247714572
97373,20137.066542465083
83394,18742.972506483555
100989,10702.198190252439
82625,16153.70662166183
93457,12467.050847103104
103186,10230.256851796725
85133,12109.907333548928
101198,7977.413092692697
102095,7530.2389079361565
99684,11212.894293505109
83595,14433.921360496171
76960,36621.76531162162
103015,8830.570741363405
91987,49247.308391917984
78825,26307.247935315427
87668,18096.422585149758
84826,18455.4996385982
92309,10130.1945663583
90969,19998.197720910972
92987,17512.845350785934
105317,18556.676203896775
93606,24357.607762591633
95536,43196.111113508676
92839,16253.710757977286
102133,9994.12901705133
105225,18385.925033534328
85627,9965.34331923584
79013,41310.68868635385
92008,31485.931601437635
80983,19660.33712713733
106475,26916.828166152252
99357,12709.539550406036
79246,22946.195657687822
83200,7267.521323729603
79656,22119.38034817469
99031,25336.963637682948
82780,16203.551333301968
88310,11146.427538896187
98056,29135.27086249567
77289,21332.469480621265
105503,15370.494510819899
79198,33000.139765611064
93429,26452.44493116936
97172,12474.36251708963
105958,19750.79149540695
103180,3998.8147191940907
85825,10134.493294500653
81725,31794.622020688745
86590,15166.594362330043
92366,29811.591620927447
80589,70385.5594894705
95454,18510.818191314644
104525,7115.798821796415
107646,11560.136475408433
99226,9121.624643916397
77273,19414.078891925892
99642,11505.146632267295
91195,25035.162392944323
98641,22370.732268845117
107724,21616.869417176553
89646,26264.164234903623
85873,14787.261607326245
81468,33495.18968373476
97648,7243.204104491879
85573,11111.960084530909
102394,4760.4897273487695
77771,20574.17414802279
88122,14105.10724036935
85640,15162.469641180753
97560,6088.925595422543
100584,5737.479435649621
97404,13806.827852599128
82414,10562.764188992754
84609,12079.995861163205
100462,10160.136099574014
91573,15595.348934981745
94716,19117.78013129964
107560,26148.444616349025
79627,20042.300795106592
83025,13235.618547299247
91918,9449.004161489887
87344,14292.361584226877
91683,31021.727382264533
77259,12446.679348527783
95887,21685.654147764155
96802,15248.72785111366
103965,6074.297019661489
78110,9609.526552488567
99144,9356.264657537751
86801,11157.175057892098
88181,7259.257606430302
88262,18241.86628458857
85846,19328.868723603475
97896,14875.440700846193
92462,63999.43608784927
99668,20797.61579317921
89440,7907.657324049159
82867,27615.303812805603
85857,11338.351131544136
79583,30532.303073771272
103090,9876.133578339071
104184,30118.197654206033
100921,10500.3249885399
83124,14140.521116369791
93320,23115.345793047538
81985,26218.468355539775
89618,17714.093932697077
90086,8546.640080890571
80855,29342.40713165986
105114,10657.074128445627
92497,22997.030537749513
89049,9937.418708369047
88584,20725.771437809046
88019,15461.183956962901
80119,22646.157561610526
84879,20487.995444241722
99293,11754.094162659121
82515,16997.82974289743
97600,18111.48890254707
103737,12460.595814817083
102387,16053.664869926866
80404,32833.32358299219
105785,43022.46380547809
76379,21678.640595852852
100569,14608.44993554268
101553,10767.46351790177
105803,11349.524341987939
89151,9368.44524754356
102960,7436.097001622286
103094,8259.110180121197
92146,9901.5042209245
97802,11000.596708097364
102939,10566.192436723464
101492,10887.390682453546
84207,9875.808764066589
86995,12663.297734651544
90024,23104.379543363826
87536,9129.562057731895
103571,9902.883886719392
87529,11117.527090670501
96756,20547.08745360016
92326,17886.878219177506
97609,6910.783302300632
75984,17921.896608995325
80733,34596.28717132031
77150,10539.859347454263
102496,7705.353481989295
86666,16557.321046853984
78836,10776.153182994309
82444,9633.399957972008
104414,24261.609862276247
98585,6901.471273621718
85191,14067.13438029705
88013,10973.207284041728
78962,19469.298875313983
101510,14984.993339686018
103438,11526.280029017122
99474,11587.784643566156
87180,18927.69815660077
82983,23659.715805708027
87503,9592.032716938485
90410,21550.043337576546
98416,9637.611249143256
104117,10975.083966544598
84900,7473.02284891694
88565,19341.53509351025
93797,17427.352483558323
108131,44731.69624723218
78848,16824.93866018718
88151,13467.506026971003
85081,11057.380099860202
78163,10036.761059062053
106580,13046.83580956828
104638,10284.4087885033
103696,12317.338186955063
99589,8200.66864296756
79699,14386.918848451482
95129,28228.729372446593
102173,13358.530185793672
92811,23486.48217177526
84986,7941.268915652507
84162,15881.981702014562
77340,22822.996882005333
79685,30175.308631480453
81423,24926.241779663007
93745,19804.754620128188
101399,10063.100262080176
91611,23317.464674388513
76973,13676.618569348948
83734,20886.029444148953
79526,20718.172495940802
80087,7461.879241505495
102186,14139.543509211018
77640,28468.744507490796
105138,16083.069893855343
79146,28186.87834532255
91713,13014.64749476249
104230,25003.4232136203
101896,6070.31253403592
107587,30635.440482060374
76461,31317.072910342118
95587,29898.68410966503
96185,12088.718030636139
103181,12323.29481196676
107643,26561.776478227985
88948,9948.909982111685
97565,24730.30277719786
83821,11544.433732673326
103781,7453.991575106837
81677,53319.5575827787
107975,17935.063216584378
84106,10214.870283159982
93060,44128.59980025571
81078,28394.55741436959
106748,20721.61502754093
79264,44987.2282330728
84098,9538.685930081174
87838,21526.332596916545
102957,13299.902467287246
89353,11113.459536872957
85492,11450.940847358228
107957,28061.438024730367
89938,13554.19968879414
90260,8311.493406451693
89571,11990.652507890301
106963,10473.748891772366
97266,11628.878895738528
80413,11584.022062694681
86028,10834.888541922322
93343,27182.421290212937
105232,8072.921743964148
107755,10145.428674690049
107326,12337.208950261866
107571,9460.567108953082
100062,9468.125955901776
91477,26396.342936194265
104598,8595.36973032942
98614,9044.932233405363
104034,27626.95457827181
98446,9243.89120124453
103023,6081.725006247719
91550,22574.107235035135
81211,19233.952763059664
90619,10667.160957947985
91525,38764.1606125471
104422,21336.751134794038
93555,22351.88095231757
88346,10499.7231569426
102067,6442.10749021663
107051,18639.48044782392
89642,17308.681760021595
83492,15151.032588669845
99169,13990.605309092483
85964,9560.727390264197
85179,12502.578505988775
100677,3342.132224043627
85529,12593.820381879765
86198,12780.12724668494
99532,6650.943413832363
80443,30980.644919148224
93248,21148.67150400295
86958,14375.402907338977
77942,26378.708689189443
88568,17360.713898591326
81730,55417.382489675176
98884,8667.77424725148
82267,15321.46104087389
88088,11638.853686752067
89578,18478.892658750516
83568,25363.45627861807
85083,8018.009564957395
79222,17244.48122203437
82543,10788.641980570355
82611,2660.634525521987
99708,19002.565017735153
97699,6524.180374282724
91371,25941.495644319
101757,6055.9137908221455
104417,11694.715157943825
99830,9529.487055794172
88477,17753.418198906806
104614,16402.063745908497
76098,28179.33361090596
92143,17586.57236097589
81343,28162.183768686235
77212,28157.97280196671
78262,50871.87784794261
95097,26339.91593740914
84440,10060.225751599457
96942,18582.38567915317
101584,9403.392412753446
77202,7476.7253205473025
85173,17878.69180223298
82953,16660.394895739013
81151,23963.654277196707
104377,18525.99308444332
86697,1571.9742350715665
96650,13062.681647246474
77031,18584.006365083096
82235,47545.28323207476
91333,14970.927737082826
103393,11991.643960638123
76254,17097.533889370898
101592,12861.210540001368
101865,10217.73288825946
90819,14362.390973113716
76941,10663.70844115393
91974,16182.126208216041
102930,13707.856314190141
96310,20334.015313849563
77912,24847.951965253
108119,13571.189050645266
93631,16844.389947447413
76592,18051.65564839011
94282,33181.44343584833
77715,25969.248084793977
93747,18781.382765638242
94560,35874.855286679485
90108,16249.908173451533
102128,7265.682125222694
85820,17338.471558056983
79541,12333.607838275784
102901,13339.444037187139
102761,10816.590781048602
91536,21304.479750663493
82089,13613.036486535366
108489,8892.598086490314
98409,7479.776555060763
79151,13201.167603554986
95549,18484.639876126766
85472,7204.733065033966
82072,22567.782837335104
99386,13172.810435501691
92932,30012.72526530108
86525,19068.4450228339
99013,9231.076258348685
99472,10066.40331872499
89967,8523.260174467392
106604,24338.798040986665
91608,13766.927620438382
82249,27050.00465256984
85445,18338.503401085847
106905,21039.04319589979
89122,15439.254773547078
87056,15492.813901739424
98254,7177.052715704289
81697,27257.20352934121
102542,10418.886881965105
86804,11085.24114366091
92626,48511.79839584057
76602,48644.47019244667
87943,12154.196718440231
95438,19329.20882067273
95823,19018.092255629137
82403,82016.28434166386
79347,22988.803320189043
99419,15110.077121480434
88561,9023.844963615991
104572,5581.579853173529
108507,25756.445540510067
97900,7544.028520832868
89733,15290.064253920778
86211,7044.757615227426
96713,16185.308423790364
107123,15522.598134811422
78086,18651.17416300913
100576,14142.485622987251
102589,25479.465557098687
104477,28581.1317484971
103487,14197.70688166523
79189,11700.17926268696
89098,16676.724392008295
79787,32092.530872845804
84294,17498.745358198434
79128,16650.96066683915
90269,8677.323853343943
78251,19661.59429149269
80572,10216.64011373977
75986,47617.39995670175
77619,30684.607952927883
105025,17262.312222411427
93882,25186.267874271416
78338,22320.848207027706
80621,26061.47433493618
103601,4902.270869821796
88170,16238.096684872247
102889,12787.812336296503
76347,23005.45130595217
106080,6343.198607170052
98834,24669.710644136005
76498,31609.759596738753
85104,8602.32879095732
87534,10731.829832030986
89883,5295.474271343978
88738,4856.950438318763
99252,20712.580832245778
102696,10829.262943591553
95948,22272.628394823638
105438,27661.905553622146
103463,10565.601392811452
100261,9494.426025417923
95315,22461.28964265107
104172,23183.64532713026
76502,34707.34418251239
91569,27355.087837394807
96071,13613.86502822904
105936,19005.993578409576
97089,16757.468369325055
85434,15919.012903449078
88446,10586.478004783836
93751,28752.357877009512
105399,13790.25878235966
88174,38583.23438969259
88555,8313.761328826247
102346,12957.564529049167
87144,11090.666755596543
101990,10118.558568712591
102931,9713.657766777234
108317,12442.058229144535
87976,7830.32149565317
97988,10404.589735213405
101822,10789.253087427038
82536,15109.136481729323
80676,31599.23944304781
91255,9544.591397524997
94069,16304.689651073146
91894,25745.02534503761
108147,13313.062737542803
76928,23800.167682400664
82648,13603.243650709423
79426,12139.398126002043
101936,12836.672374961903
107567,21909.808528825317
88776,12116.84253287265
91113,25990.314214792197
84568,18565.10471832374
78044,26274.536389094006
76929,37281.176618829646
102526,6113.484064296085
92515,10098.310077705079
90009,7901.677362733103
82978,8415.866792191555
104437,15526.232015676973
101451,13203.420351240004
76325,32987.62435222168
89491,8072.353809706379
98435,13163.31872147992
92282,15978.556717810498
82209,14915.31453479814
88705,14344.268413389012
104679,9619.105911138793
84919,7664.939888157756
89998,18424.73371548973
103520,6017.058572497453
106857,10537.850427632295
108499,12979.298797870368
78893,41094.99681045261
100860,10638.30986076282
91684,10614.477028710915
80617,14170.326757192519
76634,35565.15199843095
92055,27259.846665989262
83030,4164.72666836838
86154,7121.033148712301
96022,21729.633797206927
100336,17236.80199771936
92663,13520.616485921813
102884,10358.828933724424
80763,27509.244514084152
78329,10563.05600861443
87867,13762.950658745212
104353,27219.943945660594
94284,14613.154339927978
107996,19806.49126386236
95784,22258.162837025127
101298,16629.734293931248
95995,16992.172227232037
102718,6728.108258287972
93623,27327.973767311443
89585,16989.947856650637
77533,22560.308997257114
107550,14417.008014331053
87760,15854.798951088043
86299,3605.5138550835118
83152,11407.22785771925
91322,28669.98724631286
91286,8087.191625237221
89231,16522.8310921826
80082,9571.24022313095
105518,9737.447298717967
100224,12294.649646908436
97261,11901.774957650789
99651,27770.144094474286
76487,9851.248139105035
76867,24777.614082677865
84574,12618.188242713175
92378,41555.1523850188
103934,10644.284956189264
108445,8884.691911459751
76872,21269.571265382747
76180,47582.229348936395
106906,9537.03900250279
76431,14539.745699989144
102603,10373.35554483091
78403,15340.93379128626
100799,7783.483323763184
104755,14087.341544891831
89602,26525.693183379924
101656,7412.820715164629
79362,15602.723562902367
102262,16349.105648369597
79884,14678.841830456138
97740,26918.61723787745
101264,7638.969556442611
76525,11779.049318513024
101988,18874.28607519118
102819,19732.054556892876
95501,19505.007366853104
82890,13012.496078142223
94413,18457.32207598986
77898,26137.218314088805
92991,21854.36401508069
82055,11567.240180782255
100865,12706.8515368237
107388,13470.215886509839
94252,23113.73195324402
105973,8586.159901384179
100976,15941.146636728443
106212,26417.27886999967
76078,8894.803909760114
79014,17740.23011364606
104787,10171.34707873566
92342,21573.42681764885
86334,8429.643461810228
94066,11809.750151183784
76062,9728.499312232507
99371,15607.372083903027
91498,19266.27330369683
86406,18575.529189521094
95531,32163.683875625604
93274,9992.70249830404
100190,15796.746843638603
90424,20328.54413698263
99089,12304.677211138389
94306,15817.744866422128
88209,7891.132740953929
90029,8872.563993242022
103397,8469.525615694323
82341,27040.147063321027
92358,28194.396775420948
100389,11172.867492616066
104886,23208.058097198867
98404,9964.915013759317
85100,16483.621975963142
84878,18798.55076538745
78693,30651.20455698982
91992,57169.162407884774
105754,8646.179272490044
89594,17105.8745509485
84756,5748.3104397781135
91795,58639.40350460923
108235,11228.70881300703
95474,23396.449247618388
103485,8854.770491469882
107700,9451.595376657031
86613,13212.224952414033
85741,8534.653614043422
89372,10793.806147282325
79735,25806.932139920104
76186,14111.071593879418
93135,29674.590766328438
108107,7377.074986110519
95853,30431.93896723775
106625,25148.776608606684
94400,17072.141947748678
84893,13847.135193427253
97777,22252.07938362579
82127,27752.031421934877
102116,15604.194331630319
84330,20014.54311938734
105251,23076.161206581157
104115,9726.836911886005
93746,15466.411935718703
104982,18408.621373348757
105988,9533.284683360767
102562,3695.462772059518
100822,11629.319049626849
104409,22443.88743765975
80140,14809.759364518364
103317,10106.618404172366
96145,9195.389703186684
105732,26913.13740948212
100943,11116.007840643546
92940,12548.02520293422
108400,2730.426048828893
108512,12302.251107835908
92473,41841.16785505442
99001,10139.765813100976
81082,24159.012881071714
108460,13426.689499938153
108169,11250.684169503866
106864,18749.5910180744
84685,19461.830180029185
77736,28700.161016311875
94232,25006.138310977603
89520,4055.2041312331644
104514,18874.63619197521
87509,11925.064678032799
102802,9524.132522131407
91042,26841.783605694793
79197,30442.260086325772
76499,15281.274453970156
100082,10187.287859189253
91224,25126.084458133133
95303,14739.861352552241
96830,13865.562801973689
88064,13949.634858255307
81628,7347.534206262548
84857,7932.606589647528
82032,21382.98008629774
93316,23316.93706685338
104993,20710.761617274366
82315,18793.937004419116
95990,54353.03368602557
89970,17963.84045299596
93407,19874.226294155535
84755,13914.613683287875
84684,16283.225009031567
79353,34853.30720765315
79649,51158.153952592584
81749,27533.50354356109
107002,6545.068519507108
82546,18787.099844447228
97536,14242.596316863153
77580,29990.483257096446
95967,22945.84809886637
108150,6534.985313073194
98992,8052.685017155361
108536,11057.562255680752
102358,6599.528152901257
91856,26265.67692259052
93148,26368.197430737026
84957,14657.586557833663
95413,13090.889493835652
102404,11610.929214658327
91495,19736.675845020134
77953,22181.650862344268
87398,7150.857923726103
95955,18909.94827664996
93290,15941.080447958791
88128,9952.499962240718
88830,18759.761966047903
83397,12038.202819178407
81599,33402.893136574705
106055,7251.64640484828
77655,14599.976805498243
92106,25677.92920576251
96536,12794.973118720736
104575,15909.555174196323
105513,7664.886768118184
92308,17349.190317674147
82419,12398.5948565365
96473,13161.682503937749
76961,27649.021176840943
104060,39064.76996230421
91056,22166.972604997693
87618,17351.344168843174
95253,29820.18708528315
96135,10116.41612792022
98015,7821.178891624172
87695,10790.94794713023
79066,14666.981331237737
95512,33278.46303238097
89234,17863.944928499855
89971,11911.795929977161
103750,11444.159576484157
94180,31359.924339504374
107947,21401.896073061074
93455,76681.2425111751
86369,16258.797040592954
78817,19872.512035351305
85051,7478.280225299736
79315,63370.17142261813
92395,27601.694626915843
82513,14222.242689419783
107728,7409.801206205065
90261,12626.073839990227
101064,13287.947341305853
79329,22742.306534341813
88998,11308.193446110918
102002,9460.022798741982
87718,10510.376040347955
87774,19262.10141711681
105214,13852.96268696991
103055,10082.015591874257
103543,14690.089881341119
104548,6177.847393710286
90387,9436.503462613297
83786,17364.378190891795
108102,13302.924599215632
101455,9186.3683138802
100577,18012.38725270964
97483,6628.424886578141
103056,11513.196419888745
78401,10965.803732298866
97400,10802.14742093203
97703,14008.96773587979
101311,8999.68793056919
87912,10979.243811519433
97168,8878.413315046113
100833,14999.829475990857
93043,26572.950140118548
80772,21447.46717557348
99794,5795.5373750781255
78326,10207.163690248448
98710,8504.763488014218
92351,20079.627423365146
87356,6828.587787874678
96926,32587.41285969462
100570,8067.868038528201
95109,21496.870830528744
85050,7756.7483554009905
84046,19591.941932211197
101466,15480.561523879118
90832,14692.514076991478
93397,35778.89080726623
107778,15790.76351982076
106710,23093.334341950966
83464,8592.567939341348
93622,16052.872033896487
88744,17307.397385304015
107378,19536.525314749335
83032,10468.961385255147
89480,31101.24097801696
92634,26125.053241826146
81057,9158.141397911642
102633,20762.231215567026
101794,9498.830232059641
78355,14111.827868307506
76544,53056.809831575556
77408,13354.834192514583
104451,32341.120977273327
89254,17319.85472343202
85412,17667.903160024063
97709,9905.680305673848
105230,23914.75575532113
87691,12711.16999813607
90722,9483.29336123749
86679,14291.27473645787
81418,29257.339200240418
76980,17264.846249079725
105319,14078.331929382719
80516,15217.561141241522
88960,8942.692114143712
82982,11978.187250696205
105004,22904.875159648138
78037,37374.427803471364
105901,20623.14141361339
77109,13896.256577149194
85855,11515.234348686172
107355,31002.825748942036
106193,10963.896180521184
97700,22109.173498907643
86150,9519.276398289643
76267,35531.31036359294
102096,15562.566971599686
102561,14348.209331124297
101137,13846.980118947236
92050,61136.88459310688
103878,12091.818699535068
94760,23132.67455001479
102678,10379.494689445673
79971,29803.25407902587
85739,15655.810020402623
79714,19067.170698667236
87673,17344.687914481714
107304,19874.409716570957
78692,30515.475962710498
107274,10022.04418289749
88686,5387.428774785381
90843,13255.557994772396
97507,7977.521464530943
92343,47038.57573167084
78781,13544.24630942709
84990,20818.66941783392
92913,36609.931132116064
92079,48178.80355628858
98507,8232.188862544941
97152,20852.771202898788
78442,28704.5785298521
79711,13221.413693867717
96643,9946.628174907813
105000,8320.293735289148
89454,5790.582865537926
102265,15381.858515693568
94961,30691.688296424996
76335,16979.195121906356
82897,10620.701047995879
94061,26354.01116994896
90661,7454.8056891563865
78112,29519.128917597885
95596,18931.231029170318
94740,33648.3198649365
83287,4657.754007955558
96668,14193.486232939691
101834,17440.593485969006
77285,31284.58791869741
102545,14218.92470859252
96287,19298.69092767695
82156,80231.10393435374
87276,11558.403381699121
77564,17947.106445643243
105991,7552.2799086581135
107570,14089.578897155157
94519,31839.845036647785
78369,44859.139286380305
92674,10061.516587422071
90532,20746.541576389744
85489,7339.856742822923
103660,9818.072660061202
81206,15592.494494416396
106764,27217.33940455278
97425,13379.268963436058
96393,24546.46895297274
84960,10981.271607473365
78993,34337.123914636744
85876,15033.452630761902
103936,10984.12922220088
84201,6927.010608801854
105098,27859.683029228698
85078,15322.716477899372
89886,16103.34086927463
81268,53299.07428036941
79945,17496.882282791772
97727,8731.715448833125
90636,7155.5558156014595
80106,8785.274352119726
76947,13985.608397638196
83264,15973.171524781848
101532,6463.87341234326
91558,30272.60934370331
93311,15282.503386180993
101967,7040.736907829411
85725,5736.083931578903
104684,22410.272960920873
89747,14041.832702785006
105165,17469.99503442589
104814,15957.750498221387
101904,8136.149768689509
99238,11871.437539242965
80989,24317.48969684773
93575,16025.791528089003
101536,9906.588654589114
86847,8461.69030980338
99847,11389.933369658442
89212,7015.746827043073
93997,23424.413947225497
93647,28626.314662218385
87846,11410.347363721536
93737,22850.985964359035
77906,26348.92525930437
80648,29754.320768665788
102925,7486.435751552272
103709,14791.556484125664
86195,12798.990429730773
76865,12332.406618900113
83260,16871.96561215398
97233,27784.152569493046
104618,20860.547946110124
83879,7336.990908999317
104804,10486.272433808706
100551,9960.945179938188
90524,19646.708104654714
99669,20057.24881680241
102658,8154.061047139861
101398,13604.62273879657
103286,10948.750781838144
94823,30912.756347800525
83630,11261.181646078894
86079,7159.019747213502
102145,7807.294510410881
94270,45126.54124426853
105688,28859.136444613778
87335,18441.372697567007
89805,14158.190367496625
95093,27758.229775063362
76699,18289.713855558723
83187,18439.94617102336
84218,6519.6156815887325
94153,16649.06608242416
91849,17684.737570371697
96202,14180.546713183849
90172,13181.55955186896
98759,9145.156548172119
86718,7596.383534965268
103349,10140.82728286957
93293,47414.5123077977
94622,37937.683675133
93181,20879.50343511351
104870,11787.700816577686
83247,8575.080388601073
87566,10490.659377658876
77362,20896.72270518528
79537,19975.843776135633
85049,13205.966624208208
81402,16294.767865009047
108341,14648.0556637536
92193,23061.08842993514
100184,16117.479683105574
106252,8922.834516339191
98047,11924.236637207327
105416,10806.975860678927
90872,31785.88410294106
100235,9657.397562963559
91485,22069.797465386368
90534,22621.86805341838
77841,15943.291426805432
105730,11982.236739461072
84175,13359.89904650568
103964,8849.189463725432
105970,45457.58206707845
99843,7504.729552985
102012,10777.11768508891
76779,27550.372221449834
80778,20724.925375698367
106638,14674.536289250887
88233,17850.090931021823
102657,29967.275400075578
107180,29290.374204412605
108468,16308.717285962688
86399,10812.460043168145
85128,24362.302106725787
99868,4896.10387856003
100413,11791.982842617725
91125,21298.406135472032
80467,31213.32139194653
78605,12608.976076383276
90259,14137.190987389113
106759,10332.276880330988
101253,9012.850526563712
100980,7487.460377500082
83805,10487.80392895831
96745,7530.924349228541
90242,15299.164116307338
76118,25760.4005469642
98824,7692.831435367214
78006,21284.85325241021
100924,13851.156192326673
77138,63523.171240333715
87665,11380.323077900102
78023,15507.416056588223
96117,21356.51510532336
86789,8559.919340174745
88649,15890.34369611944
96792,8631.188084251531
79403,22378.244422031636
100547,9182.030078878724
106529,12499.074028954803
83042,11046.728609098334
80334,18745.324926381836
86589,8165.87535575096
101811,16881.032637619643
94128,17000.45853354893
95868,7727.0283301469935
76244,28936.173811640037
88957,18673.910592956352
108503,17626.81805161264
84409,8994.347882022896
104962,26876.713282911074
105121,8033.13600301705
94389,14157.32158258783
105602,16080.317814746797
88289,9419.102032901108
108168,17730.14446093383
84978,18885.932440175187
108011,11169.460154261544
79783,11353.787332666872
89892,21673.729569000563
91748,25143.328409232625
105942,12190.105149098976
106893,17313.907988294206
85969,11332.683416784797
105403,16416.54381722601
80319,29614.83011198247
103010,4673.137969893945
76518,27173.08130664385
95598,14698.404097861343
101287,15071.821569128086
84475,14573.93033595826
87686,14055.096359788191
91202,23368.226337173368
85296,17141.86218125568
89710,10208.3775409531
108409,13662.89372395859
104660,12320.32487988257
91493,15478.536376414377
103318,9557.607259651968
83537,10372.16447744413
93277,18979.79820223112
91290,16658.070879236024
107127,12305.443774975747
87752,11120.79801333669
82613,15136.290842645656
104508,9398.025360316518
100051,9367.973329459595
84203,17211.402233997196
88624,13574.548718445558
99483,7240.158232842597
96635,28520.837855597492
78956,15223.127718203785
105839,21864.286018884046
92487,20723.578655409758
89382,10515.138179257005
100337,7111.611897340554
78640,55689.08731884177
99495,7043.480622783317
95580,41088.520158374165
85347,16706.53451087891
100050,13441.521636648486
97749,12587.297731642722
76587,29653.60133317589
95918,32487.96863918558
93823,34548.55162351935
80470,23966.6535887532
95399,78410.38951247114
101483,7903.3682284326105
94776,26095.744255825168
97442,6275.532111330404
79267,26690.387938424992
82710,12000.26208536653
77473,19650.65501936113
105371,13337.825221545161
84991,14883.89565779806
93878,25649.5303275497
107126,17413.02181864089
90996,9755.095673855581
87095,9919.318897445564
80205,17367.46291911999
100043,9763.644019988402
84793,15876.883543024613
80403,13415.500874630992
88018,12919.939622584445
92747,26898.44110306827
104894,12775.01654775181
108319,27924.91955899536
99481,29171.156731974428
98270,11421.900495246393
88155,18753.998171603005
84565,18332.416272246806
80779,47079.295406238074
105684,30257.994344240724
106855,15018.977147249185
103908,7928.995595729637
100595,10785.896027112904
89822,19559.469065862104
100401,11471.063773022639
101037,9354.546655937453
96350,19021.47404673328
104191,18319.710437274225
87891,11848.61076261825
97744,16594.671047422664
105757,22475.29093394808
98966,13008.53156530285
91869,8114.866832459929
81292,16550.229409269996
108284,23703.231123039892
83092,10122.337005842806
78394,19739.4127610744
97961,12690.580699319427
77723,36514.25183071132
87317,8397.176083884191
95065,34287.12643566565
88227,9818.701746636734
108087,10880.218351440684
76311,10765.1605273816
100764,8229.437111631772
87828,12102.664084632861
77314,11740.824066626621
107860,11951.38907313844
100339,6086.460886143462
106165,6013.160343132312
104443,12132.636057432133
79613,31200.23509596753
92686,25041.3428170508
97493,17868.028088657746
78977,29533.44084423212
82933,14878.356551876304
80063,23739.824135285824
92287,19978.82635665485
103664,11600.506880587709
102185,16112.491749765673
94679,15938.266952145423
99024,8598.384222760618
99366,9031.838856192293
96554,10495.385041787513
95906,25115.943599990813
85623,11691.122737805523
84336,17227.202031603447
96560,15124.316088354337
107448,6750.212803356976
104118,18126.13721522846
88391,8944.556700407931
100327,13760.203186820772
89323,6641.246154000479
106925,22530.024276201413
98542,9001.182010186081
93996,22788.528896799475
85103,11356.864450081512
76033,24257.005101149665
77213,19920.1833300133
98117,22415.88706835551
81109,35108.334406428185
78316,22587.353351264508
91021,26887.358665614254
78093,12570.642189236522
77497,12574.665853602417
83590,13002.02594470963
76126,21305.153278197846
90509,5107.849125899427
76454,21323.430348636182
82095,31571.044667942213
88625,14387.243414086755
100031,8102.9672924961105
99458,7987.248829252568
88085,10659.799973132907
91823,18349.407233359714
77735,26062.63597045918
91799,6831.406971231632
91480,8420.000700555589
84915,14052.25700875351
83688,10951.407081754222
102334,8650.572457126485
97765,11729.258822626853
99836,12408.975151773879
98569,19072.11537275113
105050,24298.524097679667
80826,16331.403746838352
78684,12542.80418032182
99123,9035.43668512037
96507,12141.500125436689
104742,22512.16037473001
93690,17951.394492127973
107606,14824.681400561823
87019,18315.987551536506
100735,9458.669426948369
101685,7493.4746322529745
82792,10242.19148491824
100036,8336.354767630251
102607,7333.3314270385135
97772,17271.561141011716
96207,16978.408337366207
100697,8169.443944684986
96481,22005.29788825409
89054,16310.41934099777
97847,22072.038928880473
87528,11120.002013498575
97145,6712.4481395812045
95223,62108.1844310795
104325,13347.953284905805
93743,16681.952904165526
81914,7014.2693805233375
79040,22857.85175108506
107030,15715.434247316776
106244,26174.804664694093
79602,32771.06573222283
107684,7301.855504634742
105346,23561.910761345054
100000,15580.64886556259
79001,10789.11549097242
78942,25502.68677750714
87637,11964.997106851946
102257,9259.71656536312
103502,8209.381256600009
84619,4974.802348285924
91129,22371.72866509416
98493,13585.892196747962
107108,30387.96763412637
101158,8103.706298185658
80236,20104.50875841014
105375,13376.059887570822
93002,29236.798579388807
91619,20138.160910166207
83965,13643.869550122525
94431,44232.51015874325
104601,9118.449539904732
92698,30433.055313765504
84014,9107.625292159395
91961,27804.31432292735
77595,52908.62939845938
88848,21038.748773714266
106046,13842.813166477808
99498,9632.154962098422
98153,7072.486167825839
83157,9756.011330235871
107475,12448.213199227797
100589,13507.94528495358
81448,16147.92775269383
102638,6919.346353798679
104473,26807.03062433108
102724,5997.906820058534
99338,9137.61268105976
92431,9901.5042209245
84969,10404.881354351775
108426,1472.292251531829
103206,15796.746843638603
87345,8631.989044008094
102625,15223.15540332714
84606,13507.124613164082
99166,8019.56083036387
94408,25756.11193028872
94898,20750.991216785496
93658,32155.510024546293
98234,14909.066701957645
99725,11749.050090762792
103979,13675.681447831168
77277,20528.51650550206
84401,10018.918950825268
80006,29762.79912096586
78572,14758.855230427342
88781,11324.488434486055
78546,16650.746359778746
103829,19613.703388105703
79159,54212.38299857805
104502,11083.87087642195
95125,26121.806019603922
80804,16307.058748038236
96580,27203.673978508552
92059,18212.393852109242
100530,18507.428993390637
78079,27056.220990091417
95036,15325.979392143823
91490,19376.595892603546
103310,15841.410319155868
88853,14623.444270787797
105948,9203.422535942813
93744,19930.540639422547
108518,48919.3714677115
107733,19380.0822044853
106813,9781.728080835996
98343,13055.516216962762
83056,8733.103992066417
105721,21894.761549184448
89165,7384.076675580421
106402,12315.865017016353
77252,41642.44243628266
89194,7928.291799632359
76777,14223.545431910632
90569,14625.093314836531
93912,9055.761922464384
96848,6144.178145463546
87355,8387.443827268142
80539,32727.692315702836
105351,13143.859191327878
108019,7072.795301054332
91331,16430.31301566149
80814,12082.029156135224
95951,21819.609176255497
98392,9334.763688934501
99209,19527.9025805343
86085,9347.727145442062
84678,7813.808077058344
96534,13374.774171233637
93665,29417.488343421042
89832,11988.908654053286
85079,12448.986276445048
79425,12021.380641810041
96052,5008.008765612107
96599,10861.301546286591
103705,18871.89245459432
78171,30492.2507906374
92005,19709.157585096793
101323,13958.006847904928
80398,18130.994914168954
82123,17243.308448685486
90262,6625.749244283487
93300,15107.662425949213
76795,16699.524322754594
91043,24705.840157482577
97362,14737.199654608403
98969,7633.082593658149
104826,12632.26625461176
84329,6378.671337338921
97976,12024.652221706114
96904,5545.02894477687
88148,12851.349415009476
94895,14848.07025147724
91122,26947.710964311824
108145,11686.446753696122
85476,15440.143063394617
97564,16058.652786691773
107770,41307.18306073367
106947,22499.081941668945
89548,15064.631934099729
79027,17366.1924189806
96032,20194.09692725101
100133,9604.428147995017
83191,10926.908263017416
82695,13304.064300794615
79273,49673.51411540708
95667,16135.815829068137
99578,13494.567962956282
84492,12789.098657801314
92353,15196.617008020974
106435,16189.677657715967
86655,15318.505777513159
106651,12752.066481661712
90268,8299.719057186436
98311,13053.290931826821
86971,7774.913907382406
88573,14376.90638411217
93189,18866.285761565126
87244,14272.515347489067
108207,8474.071745563371
95819,47573.1113997955
105846,27385.244676445727
102372,7919.888107420152
83616,15591.748181011835
92411,24907.19597959127
90395,12628.456888722538
104613,15601.074735378086
95808,26203.747329653044
98662,13203.635737748325
86066,12168.954591301841
77454,15280.571732850889
80846,17871.527042207934
89060,7375.203854572489
91975,14481.80930741046
84011,10751.50288715769
88315,13480.043306630343
95692,27096.9643799
98373,10476.531148883318
97283,26767.996696164133
101495,10278.1971791296
81770,14189.49689864438
87458,15632.110934623195
102710,16876.442574010995
81205,31133.11239713593
97440,12812.215788059746
82618,8546.733949731366
104838,8075.935307110717
103606,12912.165091056839
91507,47692.06599558468
81463,13888.045948764438
76741,36949.1698845839
94422,21244.759814014964
99543,9074.584209953806
104044,18778.466064979566
83284,10201.05803897658
100834,15293.903898537805
108440,10446.958257473645
96881,7448.397116076647
103925,10031.783873351053
102881,13352.750020595868
78690,21344.76771995496
78052,25496.395046499423
103938,18081.047132102154
101271,9133.411452421451
76924,20718.971036765914
100415,11537.274053943283
78455,22281.39963461256
102811,8795.394561895895
85154,14139.953220538488
103761,7557.953971038318
77732,17558.001516167136
85957,15503.288576327142
96779,22322.99536592888
99061,16216.365449081668
106028,21475.812420421753
85889,21765.94188526839
97539,7959.654119146735
100890,14509.1443901775
96058,15724.588465055382
80216,17825.66582425044
93045,21326.24671822179
95789,15054.840181252453
89368,10633.425539559667
80917,20477.87073113297
93323,26312.648877081938
103669,14673.325899579857
81561,17495.91722767627
92214,29482.89604309984
86368,13743.32717689968
95070,19577.1298685067
80730,16829.813744722574
105647,17917.74282446251
104707,26946.01834301893
80353,20630.396855709434
98677,28122.166483049412
89445,9355.576201032085
98332,8568.99283196825
95929,13698.369793952777
88970,17515.100652717025
81272,14883.358723227326
77963,18171.831542408316
88285,18112.023769266343
88924,12007.676052391174
93562,35027.69384788248
89463,6715.788441826326
105407,14578.328375626605
80944,35534.41748224787
108099,25734.026188417087
89199,6475.094879349161
82756,14770.101777907272
79573,16288.992962648297
98847,10832.290547370838
100966,8107.507359336464
108500,25217.713377328706
103830,11684.793947211112
84043,9990.650068944717
84550,11413.604839628906
83946,8740.945254555309
86287,10678.878225522616
77598,15548.099104149935
92893,17086.28570246636
106936,17133.691072703925
101123,9943.754803028192
83943,11301.360181477823
89197,12061.316731808249
80185,61825.397721916546
82429,16497.520497047335
95864,26455.55715239231
100750,15717.540381284542
85497,6448.754838289061
99469,15618.380840040296
87667,7675.4888218141095
78681,48333.97439215426
106579,15959.810136993834
97388,7888.312051822583
82487,11188.551512064541
80635,21488.84672491615
96378,8944.463447585815
77827,27661.84199062468
79045,33076.428631077215
95229,19746.579061206314
95387,17672.924101287743
101754,7491.100518871288
90728,8535.148485712352
77618,28795.36123474131
79390,39690.58083989879
79449,17286.245771933358
107826,21807.317549797594
87026,12997.954277901008
77765,18858.189172928127
89691,14959.440525526283
91087,14950.297335221674
79770,28649.36081613521
79341,32819.63682808192
87532,14394.762736025568
104082,11389.32048507349
83169,7002.628978049879
107978,25669.353000037674
97466,10882.146353425103
98381,19260.10487614975
87614,12798.31498211238
84768,11687.28200426948
103605,7485.444660063426
107420,10077.337888068205
76099,43885.826761733806
81932,11427.67285311508
96233,11569.27604909689
103484,8947.827980928445
89608,13986.717492919657
91316,19712.993250704407
80424,12771.866147947709
83120,9816.836241652982
95888,21017.670348002528
103279,12316.626982184021
76800,12262.212030284427
102188,14402.561257922944
100147,5959.4310934021105
107959,25030.788770078645
93341,15336.923906815626
87446,12855.862016388857
103554,8207.238610455528
83756,6362.184343117572
86353,9422.462821291143
107874,21785.301834065755
78416,16533.763258311246
100911,11319.81593121283
86514,11820.710599016827
92702,27751.388288584785
76787,19520.47141086186
98523,25129.37115755295
88972,19404.96697650972
87370,15557.957528735129
107060,9683.313877006103
108186,12633.600106515642
90126,16264.00517100232
103874,6282.433562966897
88271,11301.253330395624
81752,13612.633081724542
78089,46226.96191214484
102383,12859.870096768866
76766,32071.62632359597
86120,10874.454915707594
82871,20134.324892173907
78647,29235.714684595565
92451,15999.117597091987
91743,22686.702571817208
96582,12095.652082952638
79729,19300.434700397243
78864,26156.9316080149
94728,20716.100545093977
90355,7645.780958967158
103777,13760.203186820772
96076,4969.27947393568
79201,28625.699274781713
106707,15795.586296953414
83836,11630.042735830166
82332,33215.591531228216
106545,30438.652015067415
107268,25004.24926138824
105459,7382.911973397696
99683,13545.92788152211
98385,15351.920083296467
103402,9316.073915622625
89402,12823.649571035628
87077,7091.454248006331
94222,20387.03244065361
89919,6759.212091925313
80585,27880.586354488005
102406,4761.1939743685625
95002,15081.640028153424
78216,18924.18733676071
81346,21166.235264779014
78309,19232.010383592853
93307,20083.478498010587
87233,4290.077367105932
77093,8678.320654880758
86762,6963.890903582296
94561,15128.31302368369
76392,69737.54952399292
76895,26236.99047070076
85419,15523.77671443077
101026,13910.781598081929
102584,7619.189073634795
81381,30730.336445206107
81761,52954.51563984112
98099,10094.840270626035
91347,14942.04335480202
100024,8807.464089384652
97924,11866.398097576297
100492,11709.115555730737
93559,24097.45553944373
103175,11432.457181051852
98122,14326.43490215376
84362,10213.962295723333
77943,19900.33878318732
87275,11539.298715254808
79991,14200.371839394416
102700,10880.932690400125
79660,52376.57396279886
105465,21397.04092284786
94354,30836.657172328632
96390,7921.946883179707
88763,36500.63953127064
87219,18849.142547088413
77221,26981.54538542768
78165,11012.347935217585
95069,25431.295826668487
85157,12695.250921873754
94547,13055.439189381186
80643,16041.2174720795
97499,8773.422039933941
81957,24940.97394278949
82538,11032.91385590557
83777,22324.214034623772
87927,14494.972508043353
82916,18083.70980197276
104146,12297.08980617688
105260,9174.125697642872
85483,14344.268413389012
102412,12569.708546022286
86508,8053.914939067612
102998,11582.181112828537
94493,35649.967174045254
93422,20092.706913554826
90033,10912.698691035857
92957,21257.376640883624
96584,13143.383589952819
103170,12815.742288368434
83550,17651.384161801478
76050,12077.69672247692
99903,10129.77122646496
95255,37157.61710128555
106697,23361.70607865954
91497,30075.980054305848
97177,8806.838739345612
101863,10578.636490272946
99298,7103.0786198365
106496,5280.005748138021
98770,25322.12755161766
101801,11552.690646776951
85037,13504.377995838217
104399,18864.97475808053
83980,4145.599243507445
97825,17602.519725942326
81924,22930.513988185685
104192,9627.639960968212
87130,8619.756404414326
79364,15148.615784200942
81388,11147.578060490456
94917,18954.574476847818
102119,10692.669569951328
84135,11951.588580563366
94992,25269.59517369117
81229,19681.50873413283
79503,20134.506404652322
84540,14790.460681861126
77881,8460.893956886719
104978,2057.491455578392
107373,16427.351441247833
76208,14650.566813002124
88192,18650.939449291815
107010,58518.815421279876
93961,48244.78330531391
83957,20356.918914513724
85283,7648.539915798775
104226,6697.492630367903
79463,15135.383645974867
102587,13922.890617665005
90204,3213.451015129598
103507,12431.116508494863
94351,30870.431829247536
95181,14233.687940588774
107410,22608.33257425866
86541,18342.37028683915
106281,19241.551594254823
77315,11021.185709517968
84485,8366.922836890413
77592,10969.008637416062
104262,26457.001025266538
81260,25101.419546792713
94417,48198.125831110134
83014,13620.133348436248
78192,20603.68756306813
85838,9953.148511674026
98395,21563.698096056985
92617,24196.00021219047
107538,8831.089427165829
102588,10740.172178417706
88950,11998.712232571183
101450,9057.086786412718
96101,13683.337984535576
90567,14227.422129076213
94383,34513.56255991777
82961,3996.349708634007
96591,8169.307628892909
77890,22052.969347218863
77801,16919.504941841788
85738,7064.874790069186
88580,20602.39609924848
88914,9520.411811839223
82206,20520.69194900194
107485,13503.445546769784
105203,24394.913830725796
82256,71157.81474776722
80181,33468.502957012315
88792,8371.484378203855
92581,19389.18561589691
101272,19359.664246819128
102359,8680.035901891164
85306,10061.002628109443
106078,17079.509207267707
82442,8130.769450835446
106313,20116.915816121465
107617,11027.353745005184
89719,18640.9899848878
91358,19446.12672721227
89676,32914.41094253879
86927,15765.50112600986
76819,26343.07959836145
96646,9313.963005357318
81533,40290.56240697937
89207,13181.306037288978
90282,6838.386579812497
94908,25866.225806929364
89890,9736.400373846496
103477,13586.792250137776
76090,20127.6645217853
84810,5854.443472406004
98323,11512.00009426891
100552,11917.268718126352
104719,10535.741445099648
90016,13885.082425819099
84632,6830.375273746505
99846,7823.936391654232
92362,29983.42203127188
81315,12786.932253982843
85084,18292.9466790155
86760,10588.529489680823
80297,18485.227922022466
93420,22359.047682680102
78563,19895.68506610024
100791,12469.19710600164
89019,7356.384015474249
101709,9196.391094561623
103419,7309.633208703211
96092,16986.492112283526
89891,6735.029765042447
86562,12291.498113793901
95874,29118.205603864415
99343,12127.96405785214
87586,7865.184875753717
103112,15206.914884925689
82740,10390.084365268049
81595,33684.594953481974
77578,6600.381235845173
94090,17339.343873426693
102873,8948.292336373928
103258,13070.441023728283
107497,7984.379274256268
101861,9024.42452990232
103997,24884.6919357502
79785,14934.85434646098
90250,6725.05644514615
93233,32068.3187869812
86527,12190.079616725176
86140,6437.922336858631
104063,8923.342095101954
77734,19835.75788345826
91652,22298.330841901356
97758,10108.041020120458
95096,15587.467199790903
106186,10181.069948102819
107960,22288.919931887278
78445,22040.51276673949
91886,20901.26593944755
82711,9255.789067123245
99248,9052.338058919446
91701,16213.421044155217
88172,9605.149020005414
83916,13624.027264212084
88883,11965.889827047144
90342,15085.9753688941
102042,10521.453744297285
96563,8183.825337829821
82344,21411.760324658113
102707,12860.810374546643
101718,12266.943509438906
102705,8560.139736712294
92589,28767.40523961827
84231,12307.04264126127
83534,7905.678678953615
85768,9226.065211396699
82141,10712.233198770635
87448,12408.781603578538
79569,6371.010112825617
82261,9685.5579884642
80605,13564.159179732398
91120,10448.308651586622
92482,20240.70881077501
99998,11550.002303509742
82202,18934.152373509005
105899,15005.347750720493
93653,17621.19205756021
94333,16212.76943595468
107717,12135.053247576023
107655,9518.956885802827
86240,15850.79726503489
88745,15330.082668725616
81723,33713.210008210626
84125,13672.73362997753
89476,15087.876642439716
79059,37388.5724278171
77879,12937.640841839648
82855,12810.168592109094
108513,32122.572920232044
83646,6881.514110432265
95702,34488.76442098999
84145,10383.309731022171
107629,26194.17164862873
81843,9367.008793054269
98863,9415.496700085367
95154,26493.70578335071
93275,24699.942070798184
94003,22035.946189082162
81095,17493.471974294516
81099,11840.04603338837
105527,12525.886751722375
89596,9483.29336123749
91007,24926.08008659232
80594,15251.411481362202
82782,10988.438057013718
92721,18741.001116029955
91718,29040.828352312197
87452,12942.950995557969
78098,12035.191659670061
84123,8875.50409667283
104672,13629.264761715094
105118,10244.742255575464
84690,17579.121499146368
88986,10460.655254880337
76028,23533.31365808252
92995,17177.995897216973
76275,33395.50106915858
103315,5577.860245826588
98168,18551.40406645088
93633,15197.647087222089
90151,11240.183053948336
105269,29457.21804419666
102604,4085.190194572857
89541,9339.959909396955
105694,31474.988242962598
80405,29223.710822472312
96001,16852.501522384126
96500,8307.713371552258
95235,17474.033923214465
88367,21437.31955501959
98850,13632.936996933871
105724,22409.635415229215
86451,11818.494393704685
86426,12260.912171163893
81213,44571.27340126694
98547,18290.75033125193
86461,6595.385295788272
99294,21479.494846879017
99597,11113.293564891637
92255,10010.37832531604
90097,22079.686033475835
102302,12612.546725342047
105746,10276.35061871888
86133,24516.485842567734
94950,54708.5766876826
103666,7810.499661726078
94750,19235.84945261292
92880,25154.431643903925
82349,18033.88349911611
107337,15153.092044151503
82954,7003.552345882607
89689,15026.854155062629
99034,12223.514725101744
79873,14400.316115275062
107966,20365.970194110098
88864,12981.485712405745
97942,25237.262530099284
97481,8757.856503614383
100313,9227.123680473236
99927,6909.596066939181
87287,9495.626983706643
99134,22272.037608207364
104705,17612.445267152147
86134,20477.463756793044
93028,24670.32641824565
80161,21904.73889876764
76639,22578.135526472128
79239,22253.836251055418
94244,20095.58090449808
103815,8563.184982158236
84445,15838.98613493058
85884,8771.238545642425
103496,10793.484027967042
88620,17492.07651670058
101448,6930.62433202157
100044,7667.439847729683
98388,15508.756010184166
87610,10039.38225972588
82063,25945.72422356662
82211,37562.165186842605
91156,16834.72066864946
83323,8247.03729079804
100187,9047.396490708945
93117,23307.971616296094
82227,31491.55364347759
94263,14687.10069312207
88207,8840.485583903846
87988,13955.049159216514
104687,20524.39151451902
79791,49938.39270507904
82242,21359.984804820033
80273,13347.852958164065
81542,27008.523690979044
90361,11734.711060990167
83914,18948.13168374493
103142,10724.496788152355
80137,36713.89200397576
103580,14667.89165923856
98328,9704.687160423573
95936,33461.021994632356
95189,28255.064679763876
97806,26310.516026381785
95829,10537.173555999654
98684,20701.561678720987
92494,20058.365556869434
83016,19437.864993041665
80865,18676.08338637657
94537,18581.963062476752
86293,11975.821199620723
100087,6218.55001695821
95534,17595.220856244505
80827,26640.43788760599
80610,11810.967947896548
97472,6367.023989034114
85523,7353.261249985038
100005,7605.312443025929
96618,30634.90155972118
104893,10046.403279124806
93688,37343.3711095709
86182,13324.357366449874
105091,21658.17923684084
103031,10216.950933834521
99359,6871.0377892081015
101907,16591.66075976281
82914,13246.817183446214
83990,15688.362282837139
98598,19956.565597955756
85494,9272.653211422345
82922,9965.966751433949
82854,11347.058898398234
89024,18792.085988383173
91754,27057.8876801914
102699,4849.044739650844
96887,15308.409818038708
102671,11740.177217162622
80646,22137.54206317912
88146,12340.070212771561
82969,17010.75617775695
77225,17368.631605909344
87443,7254.3913941368955
91227,13932.556363186091
95731,15797.23107140067
95171,20116.978974229336
97076,17697.497356525815
98901,10524.235358196396
86013,8684.10796287388
80831,21676.43800001321
100258,9317.626294539261
103586,15496.81274885344
84553,14694.588065640852
84400,15193.92535854976
93434,59733.09131388495
86149,7218.5789360085855
80336,22834.75528159101
104511,20312.594869331457
93127,19716.139897338275
86330,10850.777181345022
105082,11879.84135794658
101222,14336.237053999892
92606,23179.971986033775
90462,10768.698278536729
102123,12042.783541462957
83212,11080.823890879123
90403,14522.410482912488
79392,25994.888576698955
102630,16273.089582708903
85988,8910.257969193837
107908,20477.219557395638
80949,18252.25125364179
80517,12992.570051848375
97922,13056.003063628295
100296,8918.457510451006
93073,22670.802533911065
97137,7919.297949217708
88311,10000.847120910275
78021,15768.702389761445
81970,23296.828433893745
98957,7074.372450352089
99602,28561.34750324378
91417,14345.639052461976
89429,13659.055064610226
96535,17122.046984781995
80782,35795.97163252612
86889,18682.006097165988
79609,20935.53253013576
99497,11664.23046810591
99547,32179.61875919673
93817,3669.4844833222987
91079,33853.83183038583
81962,13677.780022582852
85833,8396.226579582875
103305,8215.069352672896
94357,17854.999031688694
88736,9478.891838594242
105162,16441.22901565329
91131,22939.65129018452
84148,7257.629055667721
76377,18709.076612517918
76357,25954.48834679815
84675,15825.4365127923
83239,30138.766707974628
86317,7940.4300144776425
93990,27610.59470186015
96357,8965.8887288447
89745,20968.431373922624
97141,19880.40853879879
82911,16581.144122345213
82943,7278.0269904017305
96282,5232.370624442607
105885,20823.202169624958
80131,41667.97947263472
99806,23671.739945259822
105497,25793.598879988465
106447,19970.521516061122
107746,19305.092237019406
89523,13828.087041711118
84388,13923.3426301239
78166,31023.129076390633
103685,8472.079613598835
105018,9433.8580483443
102373,4094.2709656214683
76988,20385.123409930024
81097,23438.358541315767
105521,22872.832550788014
99775,12371.770533184252
99766,9707.224043049251
101346,8025.3504677522305
95228,3188.654232016047
75982,23252.60893809654
107142,6119.238035079177
86109,14097.476721600431
94195,19668.916756802417
80777,34843.27680256714
92612,25689.337295033867
99383,9776.992276861187
81686,19865.53515657043
88650,10424.975696990667
95681,13906.69703472366
100071,9752.543331930869
77554,32800.93892031037
103505,4867.68681094988
93281,19677.573324346635
107444,17815.730287854847
78752,21848.00616536191
103057,13153.169036971205
100248,12803.514337893135
98489,11643.758355971037
89189,16238.731645125254
81293,15718.301043334253
83285,9684.392549357604
99459,13473.72382387174
90810,8048.942427150371
82015,16302.640846437762
96132,16591.36914088215
80808,65616.77205249153
104685,17226.04189925056
80937,19444.693146740243
103328,10360.967763306799
76512,17998.736749945747
83456,13139.620204446119
95102,36994.32566698115
79692,21670.629057782437
107807,3618.9246721576
99176,12254.499347617415
89632,10509.098102045738
85310,18038.2210178217
105676,16056.824955100274
96825,6174.528907797553
76640,9916.508146415268
99932,16360.114440112477
103568,13388.073168010395
100906,10772.460528343434
97420,14704.48061326862
86996,15980.057592514877
86948,11037.953859812676
77326,22946.697094615454
89296,13995.943260831096
83087,8131.19504325791
100477,10872.754438850516
84635,10589.127326735264
95060,29495.80614264233
79303,27190.836531689773
84026,8925.690184252864
87802,11279.686200197833
85561,10106.854164079454
95941,13681.660852671304
107662,19641.57693060767
105811,9913.27278019773
81618,15625.562402053201
95733,29006.923681646225
93613,12796.622577558599
82163,14232.188667145487
91734,27728.10765705746
87677,2648.2836339686983
89816,8977.258341184237
106327,9216.845122170309
101799,9845.47297853302
106344,14064.65687946202
97705,24601.700186328402
86976,18838.40035426886
104847,19586.787048249244
103833,6593.447744484356
103482,9466.201993695635
96532,14150.74140171332
105817,12005.792707740153
80883,15027.435632621115
77825,53090.54564356192
98673,9500.090498384838
107364,7260.988741054621
88945,7167.140184268083
108307,15486.540990290543
78078,29829.55889203592
92490,21199.769348565263
89401,11263.285067456209
81002,15667.736161110208
93285,24517.033958822558
76796,29975.141787247845
99933,4574.70876421046
103989,9033.191948676944
77504,14365.751684628045
77187,14702.659232648943
76477,10562.75593610824
104834,12019.73376090286
90656,19694.211686757233
86161,10704.809814368338
82503,17378.186751796708
95429,23680.583179170615
86123,21148.017117763062
85549,9567.596765911343
101443,9599.703006744483
89089,10861.414037960667
101004,9579.1300226256
98976,11532.70077157759
106328,41392.356702350065
101630,4804.34708173791
79682,13953.020140633595
107885,24128.2991237425
97206,6580.973332097282
80721,29645.812011098165
96625,25017.295005266795
87687,14940.078996424334
91458,22338.62008542012
104683,12025.73360888508
104151,10840.519761741445
108346,32768.374761849045
101262,9680.342294692426
96543,15855.246531213432
102763,8458.968363566342
81274,12917.24236277403
95280,10797.316563100987
82561,13537.16023383423
77783,15976.324112679911
95843,32198.300551048742
99776,6917.1536793669375
79114,28934.733967742566
102376,13460.09882951981
101704,12599.311873389322
77297,20364.994651878897
80285,40312.70305449339
83467,6712.188774551697
101059,8826.728518416307
102229,12589.992916695672
84664,13745.089843791988
107750,20172.915296924544
102405,10110.836744181532
85553,9533.821718259698
89780,33771.16466616917
104268,10682.804223230916
102935,7088.636902584562
97898,12170.922978434071
103785,5672.30968970775
98529,20956.866983139305
93897,10637.109337769398
101766,11221.844794778544
95038,15633.554425500817
108350,19238.12698322396
103542,10236.409878486576
106061,41564.68346320062
82286,19774.813593841696
93548,31716.33208552479
89937,11823.893502429304
97650,17416.05124447443
77515,31207.91902875692
87466,15168.800617988501
87489,13923.308149494354
83029,7165.513261563927
78512,46178.02350073867
93310,21014.085239947854
99598,10324.538609684472
91341,16619.20546654008
82704,8715.100487460059
80819,4904.490551774673
82774,10926.04701934418
100367,8995.990984717748
80303,13560.99287788324
84897,10903.593443922133
81307,35317.20679381464
99687,9289.90820123239
85321,14190.11218624183
80702,12970.42121725816
103843,9299.459797838284
98898,6578.824729114078
87147,11836.911374691814
97662,8788.336999124462
97518,13373.290207798087
100217,5265.025537387232
94513,28035.06222093462
77035,12143.896205002404
103165,8603.977878532156
77140,13798.260317089858
103771,13129.538112089791
95993,22027.38187033522
83624,16343.28570728529
97945,9432.738942726752
87103,6499.152083731996
107640,12663.603146124278
99549,10987.126369172522
80464,16941.681201494855
99623,13196.554296853301
103689,15752.991211128561
97337,10166.472696992329
84308,17758.33125917333
81459,21957.410075883963
104126,30025.64321638832
97303,30841.39393036122
95139,17998.524100735343
93074,36797.01438431505
102368,9823.318755433613
78475,9446.316070838451
80333,25862.84198747818
80144,11973.044493335723
100439,7725.587855927977
108154,20055.873549569485
107137,43362.260650612814
92752,27602.633997763565
89896,12682.139810848912
90485,36758.97229995755
83159,11948.531205172385
76671,16267.395650780636
96849,12878.96389543911
93722,38792.04767759049
107787,7655.976909900558
90164,14458.443384769134
84760,12879.688667653021
90370,8950.940999447897
88117,9388.936994096528
89557,10561.484146924391
98274,2969.5800413147554
97325,9447.416416499915
78887,26067.606221438014
90525,17941.48656548155
86491,25378.171397483144
81617,12669.063864178439
96123,8884.778367234665
79413,14190.030418692504
88016,13495.92073492291
104681,21799.95924279471
83330,8147.741427789543
99163,6727.938715391282
102236,8103.6957872639705
78116,15662.609593479245
81077,21360.074759512347
81046,32232.942703717563
93928,25214.04423598402
96436,9622.404934622526
93479,16517.85104341913
92021,35090.58876061703
95143,18519.315702148982
90500,12710.793511685602
78940,16339.674351257545
94861,16614.992092813914
81961,16542.766051704974
87630,9599.06839647793
101224,14122.919650269127
103357,7264.605468193601
99521,16997.413808666635
103897,16215.08413922096
76701,10088.150681469184
83560,10016.633043576636
83516,18295.136703363856
76385,14247.821452626953
87311,18051.61716477234
102065,10640.387749764328
81718,20769.293886574294
100025,15062.064193330692
93182,30377.12636478858
79240,20969.539790123414
96331,15123.841555093293
84781,13227.28815653235
100663,3718.991768242241
76390,21732.29997163877
87234,10013.081017319691
85790,18336.293804503443
91278,22142.377262490696
92254,23107.932288788994
99105,6474.246429883113
101324,12155.323631220817
104734,9796.406504160232
103445,17372.388296236688
103323,9079.318439925839
78055,22119.910650556743
101302,13319.223340435321
103095,10160.58911056095
88134,7032.234825915609
79346,13480.605648655122
81699,16831.591801379986
96464,25728.50468744668
86609,10664.7715678356
96737,26876.470895699124
100080,13175.230113426336
93423,23117.561769769167
79886,28535.433867451473
89452,11051.721120882046
81509,14595.632220903697
83975,18200.162407609267
81360,7890.085559828082
98089,9130.342237399462
104047,27459.739437081076
78711,18636.749012900724
81025,23758.13401762292
79973,17078.74953874591
102117,16048.562673130067
78400,51023.283725039
87911,12251.82354914802
82806,15886.118725120261
102480,10200.94869818135
94044,18357.605878800976
76824,10251.460168254842
104095,16711.93520386842
98660,10762.576449851504
101444,10775.894871413544
92320,54141.33106973134
105141,14942.443615470627
106950,10723.34012603028
81851,29440.731583867953
100884,11384.04919292817
95196,18525.479559753418
103636,5181.610626531287
80584,17753.66957365458
92337,17856.484399560286
85513,7944.605824230821
85180,14412.692167327717
103365,11696.676983187996
85796,16013.967496615483
78462,30403.530039477864
87895,9493.20655030941
99262,11235.338918419753
83363,9862.256674147555
103800,16238.295440234599
78822,10520.578292426091
107816,23990.043270706192
90042,11121.946762509779
99022,11429.918166433365
81854,26214.449015783357
102619,13308.923954370986
80425,18378.284553804973
102306,14577.274946628622
99778,15501.524352813289
105957,19841.609361449267
102184,11654.816579254266
105195,10032.920910012246
98841,10050.153331561876
78452,34692.64261910931
98974,11790.725082867331
86430,12672.368664692405
87124,8545.685270846086
105872,20705.779805889924
108077,16181.97632143657
103608,9940.507642373235
89218,12007.41285164313
106418,19405.029196234078
94498,9977.091174396788
89269,17291.48289156681
87283,10024.779704270068
97545,10088.170467313543
85408,15769.534945681822
104594,8833.027115333043
103905,9357.175672019946
95101,23787.747013138935
83226,11179.083535891894
89257,14853.500148316543
79479,11332.94955422554
77652,19382.92875158492
96606,9715.687250995925
95504,2884.5195216832653
84103,10337.958212849468
102843,8717.233807919212
99361,9012.229134200807
91098,18796.286002634948
92937,14203.64024469437
85635,11764.200904764775
105348,12293.332534864936
96427,21441.42579585996
89473,17779.15050175489
79316,21157.96544215876
89157,18336.293804503443
92217,15401.631878269054
99761,18045.340081984217
88748,12248.827526061526
96029,25163.010835607714
92916,30379.446309421888
81210,15875.534557327712
83778,24163.02713338185
89380,11572.541127145567
103398,2148.9364459404464
92869,28668.646633542237
105278,21142.303594685753
77054,17529.42071191637
94021,22110.34723175752
85177,11553.0284150757
77904,21325.711772447834
99917,16626.04323373068
77123,27061.56766113613
95195,22892.721725143474
81922,34411.80214078984
84281,19214.791405143143
101289,15246.867911021085
108200,30627.509519371986
90235,11317.921462975228
81150,31554.846931605127
104224,16572.504343778004
90071,13067.762160596907
93187,27179.179145096135
84284,12046.436742593762
97109,8188.150408555283
102231,10456.372046345681
108093,8981.537100281741
108443,39347.89991646493
92992,13902.341658857022
80438,65445.109686062904
104913,11382.305038780038
82772,9862.05789597406
83960,13114.963703247631
83052,16191.183312465313
82939,7134.75308675151
91175,25101.403298560777
80115,24863.936079590996
99384,8785.988016665044
101540,10789.644679135798
76849,35469.33027271773
97226,12973.575124171954
97672,20726.388586455374
97579,8355.987169398744
92361,27298.201778212297
91952,32352.152389745403
79024,17501.307508648082
98048,14685.67825887709
95481,23667.351639486205
90572,11932.133147811917
91301,20130.537361649163
103209,9987.213456617705
78464,13746.491908384058
91311,25691.097997626184
105722,19645.43318098094
96211,10811.052991537423
105482,8967.839485389126
80750,55137.13467716907
85880,16156.608863016038
106997,20128.750458794606
99866,22650.118516913157
107262,12609.211313584576
98814,3306.373374139066
98650,8081.221936068432
93505,14800.32842381751
103810,14615.516169833345
92931,52316.16922585787
96126,8927.197434705395
104285,6964.208143331309
96503,12975.792262575955
76826,19381.209444570806
102531,10350.208624206822
86939,13965.848279627915
98276,9592.145877730749
89094,9712.305750858031
89376,8168.392464867865
101715,9117.861773668656
98971,8177.760252010436
98359,13123.516238363833
101520,10393.119411637912
86866,10538.886757140437
80468,18058.022005417453
84146,7697.890136485203
82628,10646.343378973519
88012,17148.031588880734
78341,15786.45602894775
104664,9527.071375273841
80753,22986.803952390892
88296,13701.097658341621
100349,10608.142028337305
95307,22842.501252516056
97982,17544.258796268103
99328,20996.348833830074
84689,6715.954875162371
86620,8222.839603268685
105565,11956.233097278986
94198,43094.200272431386
81959,7403.558428812477
92894,40276.000066353234
95163,19561.5475437845
81774,17572.5014271267
97953,6837.891805980363
83179,13090.891260839277
83316,9232.956615463205
88506,15397.190043483488
83533,9988.517579720288
84069,10961.144074076292
103724,8797.31243210157
76757,18105.970725109648
88222,17488.884339857
77382,16066.858547223683
86702,16006.314384030153
92511,13794.529175639444
100163,14135.9383835338
78982,22497.6486682006
94043,14943.430940910655
87066,11016.929717730656
79987,29656.194712274315
83428,18143.274865000054
88886,19193.931436798925
79836,16784.93815098776
95090,21028.63886681412
77868,23558.26648458922
81415,25896.792343327572
76542,25014.829558737507
99066,9601.585345718997
98211,13036.724305613465
77789,11704.737171418847
102614,10191.830864715934
100676,10365.836928335419
95751,16124.680679998128
95684,22450.22838145089
108508,15639.983053814009
82075,16553.23165749583
78948,15229.129167648343
93337,20959.506804382298
86465,17344.687914481714
76163,28437.908282434095
101688,9683.862629038553
97445,19579.267775957735
76672,29879.081025357737
108153,27291.76222262363
92963,26786.254195654394
88441,12835.71708249142
76274,14902.627092692552
107189,8311.353703177325
79393,11094.544458437227
94684,34199.44652240014
77033,7279.570677088285
106413,20747.793633526435
90407,22303.01053142777
86730,10740.495877391648
79417,12802.96198944357
93426,31218.82231072059
86689,6277.226955087296
94562,21194.71337710248
101792,17496.136222605674
99696,13396.190600487951
84181,18984.718217582515
83652,22510.731074202467
87285,8711.31600478042
105860,5340.042364270472
80615,26875.249269127242
100040,7089.3579934766285
88919,12759.49180813672
84980,11657.192539423319
83969,14313.437978862925
103616,6250.168476228875
105097,14591.702745102775
81573,28001.49825375516
85124,16277.029357627864
82995,15475.21902626159
106976,10686.852167295518
97250,17248.088326031982
91609,16146.28157116736
92582,30563.20573665216
106719,14406.697156018308
95711,22637.347537790793
81868,27146.47507712564
86650,9904.345333031837
84727,8013.742474671849
79409,11155.487041924598
90538,17819.547921372185
90346,8290.466563698837
94050,38175.13919187617
82866,9083.872720027743
93402,13904.3153752283
95803,55463.09142574255
88730,18142.20447968075
84023,16377.104033571786
85119,15269.544614758848
80528,28783.49256270947
103284,8511.174832584555
87269,8834.394121071402
80708,15314.10003406818
96853,19017.74998098606
77191,19663.401883111557
89419,15143.543561255963
106060,10673.254106500868
98372,4537.121175309612
102076,9912.648298586539
79960,26762.63155626276
97268,13771.599394004224
101849,15381.858515693568
96850,25020.908961070738
99301,6922.657793500742
81672,21112.690560037616
100709,12789.643197482235
104616,9570.609925728788
89965,8650.672612904884
93313,12086.946692293655
104340,12979.43252907281
103783,10702.059199531235
78842,29407.344569873985
87942,10973.501459761894
96790,6913.993980772267
97330,10571.229877362994
90180,11636.676648275548
78934,30602.81730735584
90145,24472.28345989614
78173,19723.38184131976
92455,29760.074216287514
81565,22827.613161510435
78530,27264.251394028946
103732,14690.680467143236
91559,21066.767354708303
100802,10827.218258965308
104472,29003.280460093883
96556,9389.532205437516
85610,10295.046407118436
81512,36075.433730572746
94005,27266.26240978711
88847,9913.005043566707
105272,18367.0125950604
88156,7235.102961135249
102245,12081.43895900974
103740,9584.383218503419
98554,2439.7242924386337
82268,11963.0073982425
80472,13067.875999655093
77127,23667.142160881416
94612,12020.28908448489
91124,32018.622289021638
85847,15091.871816680847
95527,24545.40263814897
83373,16523.481655872954
86221,17009.920292263632
83131,16157.86742017646
104639,19464.894112958347
108323,44545.18180441288
95465,18235.04294939597
96905,16883.93008376059
104272,15574.239931857524
90562,18558.047426889778
81396,31991.65974102287
107589,15772.507651049991
78022,15813.362916250211
89141,24704.75736859811
87808,12003.785412378025
92344,15654.682008061161
85181,15737.269298346433
101172,6332.194893706754
107038,13797.062129043366
108214,49710.27281563435
90048,9721.688624986995
92619,20771.944199023874
106279,12333.322391597338
103918,12406.467117997308
96418,29183.003017250816
97891,12078.603212282596
90459,8299.44287779191
90230,16253.696891934605
82589,13077.157704692721
84093,6859.819073052137
84128,17202.01775788845
77775,19817.609076826084
80709,15599.21772021958
87084,16779.59010843851
78358,26904.59782873122
99051,7248.952623394757
81732,12292.643046212675
94316,30503.48894519696
95333,27614.740248743943
84653,8158.8809258504925
94200,23598.37096394763
77707,25808.81515558027
78884,7341.490048969894
87384,13905.779144643531
84311,11822.434008463895
106179,5897.067420853716
77959,49284.49887524133
101918,11857.807992063043
82519,14075.852155984208
90216,6848.556916623457
99455,9499.811203715748
78784,29604.86210389978
93016,22994.636012204417
102343,7121.377705284878
91681,26858.112468858508
94868,15372.218687013134
87562,7427.5462335302855
96639,18814.062860897557
85312,19411.623328011632
103821,6927.971335786919
101157,14779.442274244084
98644,9095.202804822397
91060,21039.740888837576
87747,10221.59033383147
77903,22533.039394419313
99482,22130.571074683863
76170,17390.787853008707
83750,18043.953568010224
95288,11560.079005880873
83977,18794.180629103477
78300,22675.118027072567
80362,7984.510342795371
101315,12276.60231261378
88661,6014.236134827974
96575,26983.29429336351
87420,16434.697932285475
76175,8412.362711998563
95867,25981.599757167303
80904,34316.53868112712
106939,14302.083422110112
97892,10096.363881737145
102282,16076.566842270391
81764,19253.221863101262
103326,11978.535220876429
94064,24726.059907227922
97529,22301.960766680168
97606,5294.567782400909
89922,20895.193072751947
104023,12124.391790019821
98885,8172.721602889076
83365,12096.674739056347
81828,39734.75499931736
100521,10857.929682418902
76827,10011.20777801782
89850,8954.714302810602
90528,13155.858861506274
80710,26196.10831769987
104646,13010.787812741035
102709,11099.1191389977
93055,17812.98480185475
103701,20832.134206843104
103548,8399.01922768001
96053,8350.642884526047
77609,31051.942499039502
99637,13110.084790816207
99911,15944.663824099964
87622,13256.347545867879
95938,16207.52358340684
93648,16944.630480605036
105208,19906.736080003302
82558,24795.732394398074
89781,20221.64265271867
94210,47176.0506183738
97589,26117.360193654982
96120,14675.053885650479
79277,30076.858822864357
93852,25974.617027292174
106276,13864.056472376249
104292,26748.75611890055
103994,15004.220814873088
83967,13773.617808362711
77971,21757.432505431912
76636,27416.160094328225
105328,12262.645357102152
89518,8444.13089474035
107941,12288.261888966614
79721,22363.775780980577
96770,9829.062186958363
105293,8554.667578602088
81503,43616.64700324313
97932,13263.7761009601
101258,9815.234621760517
83499,7631.949758575124
85447,11860.502192008853
98221,9744.890143573131
105617,26470.853208889843
103224,7273.8182445281545
82749,5362.447252156286
104578,17462.6020228192
77279,24548.222749307995
106045,25281.988104762546
106053,9668.190340059222
99749,15763.970478996634
102786,14960.706607496604
87467,10855.690566217587
97949,9123.08885523428
91680,25493.895930800092
86203,17164.41535643893
102078,6922.302252646541
94020,22503.61525250857
97807,12787.875187542471
86146,12007.676052391174
92130,24123.706817743994
108463,13703.761976124893
79600,28087.99586888872
89904,10096.026891491036
105696,12491.978386124068
105440,11922.7831639298
78666,24451.483784691314
87225,9124.556663025109
92285,30203.412134483096
85762,8093.969004921094
107249,11818.545576987179
86894,8241.956486888188
86790,21152.577942414482
98272,13528.724149304373
95514,15027.924561448786
103863,12944.637280364303
85887,10821.924639812807
92171,18155.82453249579
105828,19915.620698127
99025,6257.781785143609
77032,7307.42936207685
96993,17081.110875354207
95599,13846.343822606103
77651,37527.71860361544
99249,10172.280056063673
82347,30414.230528917884
83547,14991.5537232072
90793,7677.341681822994
94114,4065.864969533601
98376,15303.242115736082
88356,11831.095957112913
97473,9515.628847111198
84728,14798.242588991207
99765,9879.6566245907
95147,25813.83351395563
93220,24684.313036658936
91907,29268.59972593298
100215,10758.5171709859
93841,28794.97815974185
99392,10228.303195371656
100078,10511.728702796236
98334,47605.88221956626
97491,8945.460502310789
76179,14053.501196982941
96845,20057.201675765577
99295,13629.163209600942
101419,6055.600402907916
88658,15162.24080725979
82883,20540.677690696517
76475,10376.520691212028
99742,18641.75160979291
93385,29505.340872627385
96197,7893.614146969812
103239,13795.333930091323
89746,14911.13026814389
84083,17420.22057772997
90921,34933.44950399508
81029,36279.7210724201
85735,15635.072786830999
100511,7143.697993799844
86938,10306.802013882862
106540,14137.708057010024
95088,19980.389096768555
106791,24998.020341130534
101353,6203.210317554858
90012,8623.67423774764
87810,9962.125206623909
78427,24839.305232116873
105147,22133.45168932668
99572,22451.159666307805
95461,37148.03909153577
91238,25055.59382204847
89040,20020.69523754225
106508,14657.255919066643
84365,12852.395026059443
98635,13548.58983171117
95456,26298.202813871405
82157,22653.726750704995
107710,13791.098550204475
102827,9051.622048979823
79534,22567.133087723716
81865,27926.833041931826
88639,12089.358791239194
106981,29488.940224272857
105063,9142.73639994654
89959,11812.998447233771
76364,20146.26536224744
82709,11870.451751647042
97975,7625.165179496583
81231,29418.74151069685
91395,20090.661782201663
102044,10380.466714500817
78668,14521.593407096832
78000,18259.38774251276
105797,21181.31131338462
97820,18540.765152622193
78541,17349.18377348158
83979,25570.62351301987
92189,23065.561457514137
92421,30454.602750151746
104433,14996.581572727744
94419,23711.848827653062
81249,56364.111466471404
83181,14064.063641584733
101041,4692.267156313041
84544,7402.197807484367
82304,25454.308428066633
97216,23029.9006360846
106909,25074.644675526248
88158,6435.261812211289
97244,26722.53527792084
85241,18074.498395724124
93235,25809.744504601433
84502,18182.400044906797
100273,9915.918423550525
99220,9012.346791144833
100249,7762.255581719523
98796,12800.407870995457
100226,9641.443500539637
76989,59024.785396890205
101824,14147.651642210403
104347,16921.514148265294
83602,11894.235639363025
105100,30679.586268206327
87507,8675.30010706861
105460,21671.01233612324
106962,17910.830978145248
76968,18140.056222922038
102530,11240.96188906404
80270,29445.142998493724
76134,11624.87129137894
81648,21966.57333367004
82846,10771.968844435289
107094,28147.096693577176
88963,11638.469633567647
85665,15629.029674774796
83962,10476.541666126179
96200,13543.238626463217
89390,7493.646001932426
86778,7947.727524289731
87626,12865.411772251857
76994,14570.931817288902
95430,14467.46110872698
99912,9523.42863915032
79916,35850.02996929131
77558,35590.638565628935
102504,4390.132110421814
79125,17161.089211566454
90514,16346.837026305131
84199,12022.70928789612
88179,12503.809494875057
93132,28195.15708003454
103105,15615.467299721813
91760,27546.751650131926
102027,15660.634423449666
99456,10312.941991660355
97843,8774.87022822826
98592,23441.80184882458
101912,10846.170930587276
99398,8517.249186369325
78585,16354.580010754167
99870,11695.080949063744
86989,17138.080090201747
86206,9333.899804133194
84406,10012.277473333192
86226,4941.559457281003
86528,12834.093175898302
84765,13599.33655714436
86600,9663.788792491949
97750,30874.915930768588
90475,8942.880064734803
103437,7806.278414207464
106713,17216.173222326444
84811,16091.274543503405
79863,36761.77845674353
79529,17220.13196051897
87367,11709.537361166012
93885,25441.311256513436
107524,12278.245716882162
77240,25564.391127477986
100091,11414.774954386776
77872,18743.184545301672
97015,25695.732837729836
78978,19278.7590741746
95091,20298.211527630167
107650,17485.264964276237
76162,29887.849562353207
102355,13077.863270861293
101524,10356.141532713109
78720,30679.68093321237
108192,30519.434143973038
94404,15414.528882104034
100206,11663.225817347733
94915,29602.53518085231
101631,7200.435049117121
84639,12377.424032791436
108277,21020.543481169105
103453,12493.762781008238
105392,19839.167159959372
82369,10092.245950421207
104666,9756.474029094928
95742,28997.265202453604
96912,12350.199620612557
93541,25814.633820429168
82393,18746.016996479422
81024,13262.612347146694
81284,18993.122009875537
78406,20379.123557338873
99306,10639.508478706653
108130,7506.333678429066
106160,18537.07636811602
102940,15187.719009667893
76742,20549.519776255413
108025,13377.448554605966
77658,22474.62634846889
84295,11524.406002685677
91996,16774.52824408646
103468,11201.071226875343
87336,10451.614332379238
103993,24255.172876608613
90396,7633.29352426677
97935,9765.284869091123
80399,33541.06862026012
105883,10612.97707146088
92823,25196.197586545284
82238,16356.414296625397
98091,17848.304309383177
87257,11453.434393740203
87937,9700.164544977088
97548,15864.880278076318
105775,17077.660393990394
81363,35727.22778758347
76833,34121.18991471345
91768,19874.670675636993
99627,11072.07821563883
