carID,price
89856,13577.453793270774
106581,20711.61856807475
80886,15595.207409850027
100174,17923.00204810531
81376,23768.160304982342
85391,11901.902418010146
82175,16008.247237001642
95250,15160.369569086664
85071,6252.610211141817
96210,20913.83627564148
80317,31837.4894336581
92731,22345.47734595527
107704,12420.227945449744
98302,7790.567739442821
107055,18770.661212402192
94621,39921.09554949239
91709,15630.389419793546
98193,40665.3900660646
76189,23305.04398659814
86871,13956.269836486921
102917,7592.782144365099
90923,29434.347905133018
101603,11012.153821572829
94196,21947.304050374038
85174,16886.56231254286
103370,14376.32416485312
107877,16814.436174277962
79567,17610.012725409062
90091,9920.884335645631
76169,14570.164711776684
98708,12919.273908149014
107347,26815.346434833886
89583,10093.705767008874
101591,13398.836702478475
92160,15879.03500531173
99676,15195.547465496513
85354,17116.342632145035
81900,12559.400869973724
80345,23199.638528834974
78509,36484.15644125915
100872,8682.518340076134
95087,26886.73530802421
86027,18686.54448243638
89135,16209.130232647249
80557,29681.48697008704
108092,19880.663529580404
102672,16750.48825455942
83022,8610.514882608399
78398,23348.419157767523
95889,29579.87694224272
81117,44764.93827925093
93730,20727.89899062684
101380,11306.060140661186
81772,27487.69744005872
85304,12009.110331333864
86107,7003.279174602567
88696,17435.14161597683
104350,18695.27733447649
87331,13689.381925125417
85206,16700.222788128547
107445,28164.94459524632
106539,25216.52365411748
98712,22829.315203720842
96875,12768.117501850676
108464,22484.49909587855
99890,7866.090166096393
87771,20762.627066948964
79442,23720.33367978691
84170,12246.605598733197
103045,18576.091598451363
101544,4304.2859774999
77350,10729.93096941321
89225,15513.609044202256
79565,44054.43982971677
82849,11016.185225616897
94360,21099.906808594937
103040,7405.222936533796
105101,29730.708107168564
97077,13919.918304177247
98674,14754.74655202099
93447,26609.799705656635
84951,21209.9038518896
91953,11433.638503447264
102101,8759.847069924552
92604,33272.91443250367
89010,11289.860761851129
102729,10413.32679412681
88024,11713.226596299955
104367,12266.52949894243
101230,11364.288820313779
82524,21958.92051679265
95279,32437.342538202636
106098,13804.457356259829
89749,8802.027238976227
101277,7833.401335890352
108016,22556.999140369433
81259,25946.09633646717
97434,21336.43578496251
105289,23113.428910549446
103379,10760.597602998845
78317,37445.963934016436
104166,19495.402892541802
106660,22383.61641653715
107490,13517.149067424933
90684,15052.11616131589
90032,7169.147250426025
79481,21490.224161139475
102524,10646.588608747415
100778,17298.955863871786
77810,15020.34280233845
98979,15504.437018843882
76558,23771.99920360308
94550,23925.81249386453
107246,6000.849400893455
77429,30190.727406963593
106105,12857.915630065636
105213,9991.36246917972
102747,10604.653806438479
104958,16879.5102967238
96036,20164.22842461897
92310,25839.463760144856
100837,7444.911052486115
82858,12601.389453900865
90119,11327.5294640675
77304,24180.886743228064
89011,12347.02019249389
84623,17387.700578416214
99665,27293.7134909834
100592,10562.729117550416
82623,12028.837154395815
92035,18071.79644549961
84305,11916.567019462336
92903,6982.74239322798
93398,20286.622058072564
108067,15541.812884040128
85062,8746.00567700882
81727,42164.61163615747
95637,10258.373792727174
89690,8915.039126638203
83240,19445.047972717522
89711,9209.468588219544
96945,10935.075657995747
104924,20471.027345252984
79633,21032.10472255958
89582,4670.029739676387
98080,7169.322666690114
85992,7057.154469756692
86712,14056.207866509532
105767,13772.026473359847
100590,9556.475700157589
104574,16307.865702706124
97246,12140.457813648936
78141,17695.510289933434
91590,28923.294382645065
80767,15567.16206666237
100344,15961.71796491358
88987,21347.231898739894
96479,21466.751755185538
90598,9480.570454095916
83880,8451.04325498241
86802,14917.50334583801
103078,15315.01401151727
84736,9620.075750725582
84196,3265.414405361876
102062,12116.310641705611
90110,5525.915282829459
102907,11377.122832297984
81776,26075.302412011817
102431,7102.115450657873
80442,15092.942101846098
78656,33864.63820831709
78537,41593.025111787174
102511,7290.6956224789665
93612,22451.077584746992
99284,8061.278577216122
96315,14933.229736358602
94305,53238.67248268675
100636,11511.496194110918
81816,16805.906709006125
100352,17367.088780312806
101476,12493.630331402637
93392,34181.68756730742
93995,23660.727924682593
94261,32783.33224951824
89117,19318.095120870577
86506,2475.6494819185527
88456,6767.450633329269
84134,10896.1542507574
81088,12616.457094857013
103960,11727.748272873556
84925,15575.167354417883
97306,10839.691860758106
83752,8331.97129823575
100696,4365.638474002856
76472,12802.385228496072
101128,13653.89666616638
105932,14741.353832541641
86416,8489.451043784089
79616,29807.47731819297
83395,17491.3835021038
88734,12587.66853189673
106676,20373.068504631152
102442,12269.248549600536
88761,19157.495481154452
79708,28031.01319512087
96808,19238.361115062802
103755,10418.44843628095
86273,19755.975727234752
97635,25244.49507045904
80797,25773.71686681607
108000,17639.245684757516
95126,31714.115661129654
105187,20586.375592409164
81613,21912.508986532324
103906,6693.512384491266
105729,8677.838307051046
100637,18998.367653723042
82861,8634.71259189795
107823,16532.150635536436
85274,16405.025269347476
88926,14665.393767217574
87871,12233.622451399056
97970,6998.005899242635
98044,9551.30603185972
90277,9804.695015301315
85647,14282.519649759755
107447,20363.432558879023
79418,8404.369226150042
80383,32062.67912951379
79894,18146.96894442616
105875,6926.24582245408
86032,13599.455515438513
104423,16269.672525974222
78437,14375.770133081012
79480,20576.724030907128
89973,6672.283164013142
94007,21824.37722691281
93952,14905.019189879295
84548,3516.14933578682
97885,13985.424185659458
86571,11366.011069751388
77839,44939.61918169036
102201,6907.296535057924
98731,7879.793594853947
82395,18894.295129036647
76816,37489.71950829512
97956,8242.266657604756
86012,14712.332135475775
106393,21841.054499579383
81832,27397.941899053203
82787,22590.619243837973
103974,6927.609931523183
100725,10549.454995395321
86552,7446.55921928738
80174,14324.825090150962
99189,16991.760430681832
102543,13559.899283345689
98518,16749.99920916227
100334,10052.557868940252
92673,20120.160017534858
88008,12997.36113501843
105207,22785.084576029018
106462,23489.262686645878
106106,16845.459082787926
79705,22078.39998638998
108193,18521.613132226285
89668,8682.427910212074
86435,13125.881435031257
101281,12075.408380321149
104753,27408.67875106112
79004,17373.19955386442
89732,3013.315820886762
89201,14298.8906178437
87282,13587.378771447124
101589,10609.39033800344
87352,12555.68907645546
103388,10810.861097186942
93619,17997.13585181183
101941,7039.701627017598
106533,13875.484955259531
90018,21718.466258298726
101265,18720.393423281716
104255,23426.722721669532
80093,28080.552878965544
82433,7533.359535005649
77254,19873.040940691044
106400,33027.75038117261
79847,8989.554692332651
95735,29878.1013262866
106733,19545.08560333492
76318,22625.507518929582
95966,14181.336692480794
101690,10495.034041186107
82845,16836.129962790117
96266,22223.724797065533
104175,23102.3431007207
97347,14961.264980036522
92730,41604.80473046063
84738,9905.169468918495
102596,6247.186741573377
78356,34520.374876613474
94062,32855.00497272725
101662,7526.059521823707
81715,31832.394518157158
103046,12849.208016734063
108133,6665.850987281535
96302,13001.472400485558
83859,23275.106533681454
104815,19010.381942233205
95903,28202.005054665413
79683,11910.956889365767
88888,19808.963078884266
80529,27849.422227829644
81898,53389.09886318576
83435,12846.903670644173
80448,16297.385586453152
79241,38524.17655826429
76056,20547.744228145697
76342,21218.698993274396
98238,10040.431771774054
85878,8804.144908957383
102846,14700.782899391235
90215,3509.2159339753653
79635,51876.220426794804
77561,20932.643231688966
101151,13374.522532506542
93594,27446.660353444608
78703,45379.15371799112
87596,8256.303369930132
92572,19799.26142943807
90757,8761.634626496814
95881,19994.960557364786
98008,14905.198328070699
84805,8552.467035121806
100888,11112.238427424338
82504,16054.034212878436
82177,16027.860792680987
89472,27060.51807096038
82301,18154.584004276723
106483,9503.443068656952
79808,14044.424488617586
83412,18928.049936258543
89386,18075.053465942197
89889,21571.662550578552
108249,13751.894576796347
98252,8969.68203766219
83525,10381.083495219593
102595,12271.297789416034
94255,11638.212739996039
91259,25344.802918530648
99539,7575.568156681348
97379,24022.343011345758
104452,26016.18559611199
88479,12391.676011997124
95424,26368.730424412235
94732,33228.2389880879
89025,10512.6202229032
89497,34320.89657870768
92405,16352.286336393176
95346,16152.171466260801
91337,17643.95648362268
97739,14813.587823874743
81087,13888.384458452452
80661,11594.785771193021
105537,13278.518302288037
81073,29171.917354810914
102770,9949.085622949739
99299,10224.198601654089
77528,19242.38786787914
95278,31467.71301418821
106536,17969.22368852722
79421,16377.166998800843
105026,24755.718740470365
97887,12195.565730512782
106163,18359.131790010928
103242,12631.697028264376
103098,9791.78034471674
76195,16925.92801962709
103418,13243.81579537063
102091,12566.502830359337
102341,8299.656600005355
100315,22359.30724587441
100377,8541.648139997853
78857,26718.46769094984
93748,28896.71775106531
107891,10549.258909239867
77063,31092.176510316855
86916,9862.433342533614
108347,10536.590574547901
94475,18311.47627243076
100383,11425.216805016082
80618,33154.354029870265
98926,11558.836751644943
77228,17569.407703610224
106915,15342.760266149075
92594,11946.85119524769
80745,35617.122999363906
78361,13593.045314544737
95725,29378.735694682848
105171,7246.451714430508
87007,11500.675240403696
104121,17460.179200469327
92877,16390.644809223188
108335,32793.2908652415
101357,13658.951981122202
89325,9565.548898571185
103144,8652.83627808893
101413,6943.768305183489
85182,11602.752574475146
84097,19880.442378949836
101970,6151.412968041823
98315,5499.213391326778
89048,11201.509813692075
106141,9727.27851365883
87105,17743.636035696007
88472,15656.13073658271
93361,15733.666166015402
87040,8777.880297149519
99831,15348.4059279973
95677,14117.584062521932
89770,7171.095492528368
77371,31146.180191280386
107143,20087.734340934952
100271,12700.520821728911
83905,13423.21012037166
101531,13688.347727496868
90617,8841.85453956724
83895,19358.63998678175
89453,14863.25390943361
106012,20812.136132506195
76381,22541.19708568892
106986,17005.692807087227
84143,13430.222047598263
91665,36558.706513799036
81350,15556.513388903588
80422,16796.444020578183
84794,6457.209377159759
81156,29970.264408079598
77082,42665.39200281073
97356,9195.05579158805
82730,20564.638354814906
99244,10773.956004072177
85538,19360.746813437825
101585,11114.07878657976
90288,10448.799227464478
98799,3121.7360337999908
93547,20924.89576424177
85142,9620.075750725582
82012,30163.999618268757
89654,16718.235994828785
102304,13443.882127539575
79288,41327.132039035634
77400,11902.955918866797
98597,6308.7481416672435
103156,9889.440674145275
95446,22996.171792993675
97036,11162.537349415476
101401,9551.560721320326
80817,10753.009842011656
84078,7337.573516835454
95390,28113.229801652098
79883,25974.658559905765
104059,13793.097891044808
103041,13315.29964778684
81651,13606.149306025214
100432,10644.961455165181
84933,16815.612905735376
81600,20254.448498760863
78379,7917.960013109863
90816,8546.19674243315
107414,10112.429169512669
105633,20187.782293492437
99508,8423.878615713877
100874,9301.51265378016
104208,17147.84835238438
84774,13595.210660173263
96518,14470.33241999842
91543,26415.300084248083
107146,21338.766225864605
94426,17890.101073656006
99059,10014.79958616074
96640,8924.99574873432
81277,10968.536671145059
102409,13741.9885455675
104800,12878.706808279627
107498,19284.065340595505
90942,42152.13787414398
80202,24279.99995961997
76794,18246.415772914243
88973,13791.867362077362
91958,65488.661499909555
80562,21984.205620297
103486,10762.799362226857
95237,16647.35394374569
105569,17182.141169239123
106560,24738.444285037553
107977,14505.589207110052
90076,17711.380052764114
93050,16746.730110442677
80609,29918.251975429153
88557,18411.91987866591
90894,20338.962533943122
83669,9074.574305208138
78849,16356.192512748668
101275,8082.704856075452
91858,8449.509518642077
96243,17519.45883723653
106227,23285.132690520222
105300,17921.18463336569
93065,44434.56031880722
78002,13423.313602225344
82500,14842.287010982716
78204,8979.253035423764
107851,9407.245907599823
86217,7194.879325099405
82662,8554.973596046775
93324,32839.1919680186
79680,12478.8323203332
104920,21655.76130429088
96735,12194.651519284089
89992,8182.163017858753
106961,24668.865787496583
80078,16606.84403759386
101429,9995.975716637886
95551,21592.793873424533
79937,43969.23751079849
80680,18684.18307572187
99448,11451.090628605725
93909,34328.231173206936
96888,10742.411781318693
104584,12557.538375284716
107289,20776.718855191524
84126,17379.511251763626
101282,13704.086877384616
92474,22162.720612989335
88871,15892.93943208481
107177,16978.157440132632
106026,15007.864408112606
96937,11871.604063541818
83543,7231.689253902452
81094,18994.5467241948
77503,27398.982782472045
85351,6236.488778559354
96000,18469.325267623037
87374,17010.40040363208
86394,20623.093554116847
108364,13807.243944605036
91441,23481.199834434068
97039,19992.8157052594
106685,11641.740760228355
95631,16903.288022570516
101883,8745.998277050128
78238,11294.09531038835
97508,10153.02551706695
98441,14316.467133374425
80066,19585.24015556765
79095,31473.180319710857
80007,15271.244185775502
100219,9711.325435004415
82511,10461.097681999809
89270,16014.706329364468
88713,11415.722191702005
100353,11530.607717618732
102841,4711.703751961729
90117,16220.295904452065
81549,45242.35227630668
82350,25262.66159703471
76546,43520.656443265856
81013,20255.541511394105
91240,16658.32474923951
91542,22393.708572775853
104518,14713.28307559186
93537,39694.020186751804
94372,20445.30798702751
104419,15852.316566646268
97636,16515.60852201301
96288,24819.522638072438
78717,10228.857602057353
105610,24322.35487124042
97754,20584.921039857
81458,12871.976387520712
86931,20572.608366208486
90713,24314.472285198117
90909,33038.27199572213
77251,43257.58763824741
95081,11569.938254141143
95560,15459.90774253173
93288,20626.77253495806
105036,14594.238592171601
108490,10927.010883313056
96935,22175.235772581982
89373,14775.176607713398
98010,10104.62042781152
104699,20496.11743307077
86692,8683.192079981252
85024,8480.463625161567
79086,42509.40017741164
89939,12178.426726540294
79098,21117.694678377702
86141,19457.910020838583
105462,21101.89538239762
92870,37831.06951845708
92163,20880.158445638015
87481,19709.674644258084
83276,10510.159200530015
79356,26953.871932840113
103602,12757.496730681241
88460,12143.784110995724
100934,7853.094387209518
96659,6715.936413276214
83204,10906.313375720772
104621,20736.791303096965
84110,13755.363790341407
99265,13778.339735541553
79574,14203.894288511592
78186,11594.884199571054
87005,15034.852245117912
104043,16780.924662866855
81574,32312.806064929457
104091,11024.130729057693
77759,28212.767228620607
78181,10968.360137354857
96169,10439.61877004
98267,19247.024213838
97837,17086.884696496916
80133,19708.674541631466
98571,11276.20036571299
88628,21324.136992548672
78622,16997.628627272436
88678,12430.797962079583
87278,18927.217786145695
86963,11340.066554901496
100350,9206.53546308307
78771,17975.85104025743
95935,21382.7798264079
107590,15052.49392008941
84458,15964.450713863054
85656,9873.642541563266
81611,4087.8885663384644
92638,22525.80229124831
87478,8929.020198783535
98407,3509.670390526365
95581,10501.579565932172
100645,12665.762899724097
97184,6741.218218390344
84473,16377.155335002693
88951,7913.195230802779
100836,11625.148669421507
91338,64091.07962706208
94112,14516.05956690946
89882,18001.786762324213
97097,8607.7479196745
99151,12080.47905144639
99607,9553.257965428555
78931,20600.175376930438
97805,7480.479265014501
97477,13685.955472545727
87819,22439.486429858014
76361,21609.88771175255
99201,29984.335847956743
103410,12228.092228693022
108436,16712.77949448788
105558,19906.55635038704
88025,7423.099493145976
101944,8304.32629488686
80786,20516.47700462557
84001,18773.888209482488
78304,23573.41762807111
100501,16815.116007577253
99693,7975.932777033695
94557,20498.14347013046
82152,33309.548175220385
92039,31983.236262966573
83177,16920.162889782354
90726,8824.370244970321
82879,15751.491827462807
87378,18951.775455949126
91699,16809.357387406275
85500,22277.76550641754
97050,12538.660461367524
88754,5920.210441089426
79069,42559.1042971181
89329,17929.989848925154
102605,11427.222955291727
93090,18850.187199844127
108403,16675.25126215232
91391,19240.433523975193
80964,22483.59645427182
89444,25008.12112952496
84092,12441.475757098538
100617,11575.166451491155
107962,20857.951904863134
106640,8092.200076696255
95123,12755.722705705166
99114,6435.469298346411
94461,22325.28943292131
88654,17147.481905198336
80421,16896.81990839023
78113,24628.892126005012
100558,8637.743727597723
78873,29109.56148098032
85480,10938.75062827449
103902,11448.506771540247
104816,20803.90265495503
89039,16862.67455230534
95169,17026.858265407896
93971,21313.063507650917
84450,21057.04391116951
80824,33733.95266886151
92545,17187.27722633432
89226,6834.926969840826
93873,21434.47725021813
85871,16247.390430894324
86343,11091.999532600274
93634,30466.868420751867
106942,9334.08694035053
82535,12258.240930301596
92259,18587.543504677007
88794,13357.752996603898
77385,34774.914321695585
76996,7276.090352122657
102708,9648.861395881439
81359,16478.519141784695
90486,3365.604148629641
100200,9089.725784516984
87970,15914.881757547768
107512,11134.510110462867
79078,30987.21803448791
108477,16253.538469676496
80312,34856.49559599256
82208,8396.523829458012
100695,14604.914404501582
99506,10541.641511596214
85773,15670.431986004238
101887,16939.497726495596
90129,10658.577893695603
84730,8950.250084263156
107601,22119.35040481863
89592,7744.5077535262935
84844,14827.80756440128
96938,17150.935474609927
84981,17930.560184099217
100698,14183.098228290872
103306,17606.64673217244
107175,25362.02150481168
95411,32903.06033470735
101169,13916.54899254358
99407,19673.29114810309
78248,14290.35370364027
79031,17998.13428733285
91040,20283.604115032886
76464,12466.778114422606
102813,8926.355986555725
86811,25753.976352773185
81191,30689.077318359432
78202,32766.482481202016
82471,15769.624955632771
103920,7759.736168766811
79904,28775.12001121638
95670,31232.290488750165
89931,12485.21684194397
92605,42867.71328863285
85695,19804.555073811545
98750,9785.695979917355
101284,11530.888676427714
91932,19335.029343103353
98623,12113.274482091498
82499,12377.246314110458
93193,27829.450971503345
106110,16225.614975679024
78500,30158.661936297325
89447,18743.10392522317
103373,20221.705024345614
87872,9558.66635562097
99425,17946.45793670451
96552,6655.331344411049
105787,12658.623609243412
82567,13346.945617084091
102894,8075.5024162818845
77641,13141.978853977842
100827,12897.53616706917
97712,17657.219568658875
95197,36556.479870831616
102993,12448.678525464942
94855,33927.84586707848
81534,18023.585538182993
95133,14861.702072694507
107468,6339.005661910592
86402,13075.942864463515
102666,12342.48759269423
92984,21061.653357249575
93891,10758.22136479552
94312,15188.948925142056
91959,40272.89107770127
91802,28035.27038070489
108175,16804.858158317656
78293,34350.0525195624
104991,9363.15686034116
104302,10052.783979092941
79807,16590.46451217165
87167,13422.357795820777
78620,26236.920522604603
81174,27859.562664756202
83125,9781.240502179346
103123,12068.307649952547
94065,20755.65693628219
78480,20646.03629872742
98280,8510.221152604003
83415,8646.418381038828
92297,52038.85795144351
100221,11431.698013558447
78829,17194.640744867025
93418,21994.699381611255
83424,12122.319876344767
101749,6532.013682112316
103456,10231.207938457497
88503,11599.521438598138
84931,18272.23745383442
107552,18125.75412795317
108037,14004.574167121966
94539,21022.89312998356
83697,9305.934538775957
87455,18420.94636373272
103044,8602.748314344626
104852,23319.385803539994
93437,34859.457578482885
92885,16751.53859595982
80922,21129.175732049935
102886,8932.658794170306
104586,18012.8660459186
81164,14232.237562070608
106074,17939.760703015032
87617,18236.676662832975
84513,17512.267772774132
96743,15985.179685539699
81209,19254.361217781192
95463,12900.094118849014
95457,21452.774553514555
101606,12457.948982708
97485,29319.159738848666
91916,26332.485618529856
91629,40047.345409564456
84215,14504.247018450393
108190,9911.693414449446
88314,23279.834262696873
104526,18215.819860233034
82467,11979.373730894771
91827,30820.44248921686
77885,53818.04162770054
83459,9328.552315484794
98375,15106.751464855035
101233,13108.343694579393
97186,10628.031228453874
95520,20300.69127269084
95216,32271.84195008243
100878,6211.275293589837
80031,30728.884433818563
106134,27429.542164006783
103526,8090.915773787562
104018,34532.84402594267
83920,11150.083550106192
88245,10700.022239386235
86248,9190.648419535644
86315,18841.63822089929
108157,33456.74361205145
102814,10154.916868792441
84371,13351.590765341836
95270,14702.243530338817
107670,22632.251379951766
78745,16648.635057166197
88772,13560.83392641921
82335,17117.421540819836
100049,9870.338518673298
84953,7867.615767492114
98948,18373.13767303055
95952,31820.713726912705
93638,24213.959894663265
91164,37831.06951845708
87627,19920.446657618668
89209,14734.763578126736
94140,20418.61761581602
86567,9977.653498737694
81451,20744.684667041074
94658,25730.367510365457
103969,10692.738964603916
90158,13820.428198040983
107712,15295.561738699831
102518,12062.18691612367
91367,29455.205548696144
78764,16903.581170273537
87411,13877.4432514723
80790,26506.86514349188
97848,17669.372456597423
97985,6449.825214945005
99323,8107.01988809608
96854,14177.714741376907
103917,6987.72364667866
86223,8316.36639345335
101812,9863.354084606748
102098,11314.430196685651
93414,11782.612883158637
86794,10421.189095143402
81508,31517.9803641235
105781,16173.631250197677
103758,9499.55905560212
100877,13658.951981122202
83075,16941.704427027496
100303,15581.930720189252
85269,17201.352523684065
95693,18898.969577971082
85891,21244.868971525135
85991,10526.10906827775
89378,12757.033395931168
79718,11918.311601713625
96415,11978.378103499857
87510,11886.506666806481
95579,16389.629590944598
96453,15318.881752310082
80182,35390.34308493293
103363,10181.967945940054
76430,21163.887898328154
86302,7534.3735252032375
78876,13164.174919450315
106740,12191.3054011552
101855,12529.762508008102
78987,32534.823128186257
100155,17230.356695407456
76069,31812.982041883228
79889,20591.42541034312
104035,20889.62405813533
102533,7569.1968915983925
85374,14443.956762733347
82210,24484.420040535613
81145,14535.42806454163
99738,14656.83606472492
98201,34151.04038846199
88630,9554.056093615933
94084,20699.534012555014
79771,22897.35201982075
91057,39845.272384999684
92492,17895.496444474567
103600,19003.328498886895
105315,29162.412229124002
106151,19734.497479582256
87426,6478.027852945608
85249,11709.607990207298
77379,8055.4619651818775
76190,13262.847750870988
89820,26785.643577494277
92650,28122.713680258355
82906,18361.35330787591
104766,16328.113926697675
104673,18133.120597028712
103734,6731.451097080033
87652,14527.940866340445
107399,17526.83164948201
97222,19525.28429662588
100614,8769.065486168825
95807,30820.44248921686
88084,15263.747064575466
97997,16948.803870378568
83321,16604.655862032283
83002,16836.05511462396
103995,9735.64981687351
102305,7690.719609411179
97774,25496.963894747256
87737,12663.604531309036
102191,17230.356695407456
78470,26166.36499961745
81787,23426.13321154276
90975,28926.99410441557
76598,22346.969489458377
88308,11626.29708809566
105997,10252.986071494432
97095,21229.127875974336
100555,10122.819757814095
106628,22484.49909587855
84638,6357.40619547
106752,21538.628331206095
88072,16911.151273627147
86734,12399.240152326542
105842,21770.990141052585
102037,19173.763080307584
96623,14213.92404547791
80943,13485.689782978445
107882,11153.377857557649
96069,9855.072488254702
86796,21426.13732629249
83234,21082.49740361632
85044,12623.641654249926
76183,31951.13838658458
102124,10972.517221952407
105963,13894.038744566022
108127,12572.99616072736
76435,49012.657200995265
89809,26100.871286975656
98129,13700.397768605895
95632,26222.157613603234
77264,23164.647128377317
102849,5920.35989379798
106860,15435.80525412738
90177,10124.912126798423
104336,12375.935761715868
91068,23432.180094165804
85416,10080.557665791166
92720,20909.602769901718
105257,10906.78866777248
94524,16502.82010470566
87069,17038.707793944068
79026,17480.746390880966
100533,12215.756313056845
107396,8036.433789368021
77220,11359.449136427718
76863,12106.55006596323
89441,8798.449561856809
86301,18934.41380297189
82808,17993.215955245705
106681,15675.853115511474
100673,11814.205492266316
87115,10678.53939226605
84819,10815.725949530057
99889,13746.880748611908
100435,5968.356821962117
91329,17791.872161142182
105897,11963.495928835537
94788,20032.728852321045
96403,19056.959649185996
105780,22815.10102093109
81290,20265.64744303246
91689,17796.411349872018
93660,57433.85048028846
84018,16618.47632227999
79166,23457.061951135172
99850,14588.763695082314
89900,18651.335262621942
76628,29337.976291113697
99136,12396.362551424705
89388,16413.55227497748
86441,17898.089734009816
100362,8834.846867389133
99493,11607.148109407482
108082,15067.89755954916
94759,23192.12905092797
91954,20783.837953336624
90378,15295.519277341973
86126,22654.569604121432
92990,18909.332478662385
80507,20773.818963716727
105394,23087.97302119283
80679,11322.729734679504
94014,20959.38741591027
78092,29137.359997321215
92725,10376.771126877635
104609,5728.197259238375
89940,24083.474979370556
84337,17395.66392462919
80392,18597.157515878753
90992,34000.39018397146
88342,10350.240391578232
83193,8310.973260476809
83080,26614.136284874803
87197,16087.222641904798
106043,9742.408366474574
81316,14465.778845382783
105197,28405.604454591416
86103,12614.335071106416
107819,31504.362954753607
94911,18687.94349894183
76597,32599.033758746216
96614,9597.542828795931
102197,6388.335613885378
104617,7441.986137102073
101445,10221.731773267376
94521,48914.81761083407
107290,18051.959804544877
93099,18820.288660972197
82179,40037.33966440765
96268,24694.49418163062
83202,16922.66988877812
101568,7970.687202218029
89145,8333.9846230056
82718,7411.625384519752
84595,16851.76311251747
86633,13972.01669194197
91925,27549.261904579118
100357,7947.416833167866
93684,18528.448674610245
106465,33317.40859277588
84631,15029.26610657701
97796,11284.51002738776
82836,14445.487006010351
81314,45045.30831335015
96868,16191.722869974179
94329,21437.283125092974
85728,6591.397562576643
78259,16038.822813296554
107084,24563.4339670117
96134,9670.708059542816
81583,27378.972473922688
104264,18278.30172667097
86202,13850.082859402712
102867,8469.060605455548
83461,13648.76761170005
77589,17749.210623090752
94394,17674.869237852407
87588,9607.592903912617
98769,13869.92408277026
76735,27634.010666025028
105592,13201.605158680357
95260,19396.095981946473
82699,8621.4191680481
95827,28242.466804653654
89294,10750.374463430802
90853,16068.222583164597
86522,12727.7866606692
80958,30074.44850468357
94038,31158.643650618887
88512,8379.786660083735
80219,10063.662119574043
86063,3373.3261540489425
87724,8633.506315163599
88835,13128.770897174072
105687,18437.050112770383
83567,12704.843568780296
106584,25017.077051265744
98492,6701.3203808434455
94494,19424.214677208915
89061,6117.580533604113
103125,12469.654413815655
103883,12258.684871451343
80430,10702.665843613155
95544,30359.798075686867
105136,23135.48230930216
105560,9494.932794318993
108397,27560.874414469257
82236,40310.40791786648
89477,13771.341948569852
98106,7429.051696378348
85996,6726.172014657825
103439,13574.728929126808
90831,8644.872963322889
100746,13430.592615945814
81518,11738.781582653106
98610,10307.057251565637
100644,16128.89795784108
105486,19434.42541620676
79765,19988.26941406998
107609,10693.213082172055
85407,14313.820910679124
81527,29963.02741032999
80955,33490.21281263254
79400,22863.670447143933
101238,10657.772593497133
87024,18748.139084445105
88662,9425.028719413287
107983,26083.328163176153
93662,27209.476963408455
81557,28143.388164538497
94520,16227.930343570977
97010,16463.761655534567
77628,33294.08928708465
89561,16461.847145887645
104218,17116.41244436998
99839,11554.924874852899
87279,12122.308302948783
93760,18561.934676024306
89551,8515.60642806596
82714,17688.225405297624
98166,20049.152282094816
83812,11199.639374195578
102617,7765.819946820858
76869,19899.148922416207
103735,17298.955863871786
94201,20704.109219066428
107893,19179.420151845865
78651,12609.345848808836
85246,15584.175132608769
81194,29502.32526969663
81133,36157.93744097243
95611,33408.48344250021
93004,15920.751179008199
81826,37056.87204804373
100157,15203.17811075291
103768,13784.546894986821
93350,16689.95125645336
76901,21537.374905179004
88742,12313.26618692567
102866,11600.525814143808
76438,35441.98691265198
86105,10498.424585171379
107506,24724.326028583666
108520,8741.892939770578
106613,11376.198342186339
94164,43817.65178111864
100964,10608.023133959998
92769,12204.455748655955
82221,11659.652072780224
98686,29019.437287602195
79762,20572.908072373106
84645,22402.14605058962
107656,23450.817956407005
97538,18178.076752206714
99552,24778.030090476568
102157,10131.205320773086
80935,11033.714820484138
100578,11731.380356016229
94686,26964.763949897526
93268,51243.7455082555
91842,23540.48302043448
95609,32920.798042052294
91576,21127.59570336177
93139,51645.205684286426
101030,8548.73644609371
80172,43649.353396502665
106262,17927.48388234645
101562,11183.800454503027
102273,2500.1572924174225
87102,5429.653662188641
78491,19671.179546742347
90631,8515.60642806596
94672,23696.631426153042
77261,64744.99659607021
80434,17822.30429498244
86840,8955.039484900337
95011,28532.35294806666
90870,11216.603905793321
97999,11636.826281008793
77016,46049.17009563537
96931,17387.550088982975
85215,8547.957906103626
105268,17083.42256248232
99519,7394.280738724637
104056,17298.067172365965
91117,37833.58330784243
107099,23817.313640097716
80475,12255.553506034588
76216,43835.34434919792
93207,29273.365828588616
105166,10005.45007129666
107209,18523.405781946036
100109,9678.282184910344
87232,16420.92533177394
102624,12457.101910980444
81948,10618.24671398677
93625,36553.204408988364
90334,10093.705767008874
79878,15159.66196235202
105653,18302.39384335069
108014,13719.093233670681
105491,22546.419020444944
87064,16144.594955842374
106773,16652.896798233505
93489,13871.833936801939
89490,25167.758218896437
100771,13658.951981122202
100803,12267.163662491368
92144,14997.599254689514
88632,12273.781124839188
78778,19965.571941959028
99308,10814.412981533154
77161,15780.111759902225
97501,9772.893105676263
100933,11007.01711129274
77489,30457.68563434547
84309,11961.785682057007
108040,7318.590889228871
97159,23356.89456961319
95779,16343.126556175623
89650,15032.519432574478
80999,6522.27773499595
91887,19961.25444266019
79753,25539.472050945365
84669,15419.2995225208
76401,16175.112343986908
90299,22346.72369407699
80820,12827.646063652985
80744,37441.28888233906
96151,13652.922993230444
101368,9596.971196868359
106886,19801.804202739877
90590,12178.480471307854
102988,12819.749009193325
96155,12468.21656622491
98069,26369.912119896195
99349,26667.292847461533
105341,7518.550715197957
97054,14863.24900481043
80210,26510.07073900037
105334,16554.661123708494
88495,23421.251927419496
101578,17545.17425462839
103240,8274.587628573443
84979,12238.14838808482
88799,10783.272385922528
83073,10384.074155830862
107288,11994.304641148168
102097,12819.749009193325
99042,11056.076638541672
87242,12726.714873009407
77310,24514.61703754725
87982,19891.207378849576
95506,14459.40197267881
106574,17875.623628400735
80962,44988.906308333084
102168,6852.89716276464
102528,6760.560516781097
99307,14716.273312298828
89354,13040.507912524408
96717,9304.444162278081
99267,19973.770665898533
84588,10614.65363297958
88920,8726.568120393757
101122,13500.881871218617
100916,10601.91165360424
90206,12510.050134916288
100314,10553.774379338518
91528,32154.52108145027
82508,8977.130056042035
77095,36716.130872634596
105943,10563.67841035203
92610,26924.86210664068
76706,20713.719425059073
101753,8568.231311846743
97020,12885.79064317049
103582,11040.631474467875
89559,14811.535014467798
91293,10665.642276685065
76698,35121.511218264604
105365,24622.16901667346
102755,13212.972714488547
82363,17007.079526460548
94314,22491.12523897512
92463,21448.11809108199
107566,10450.50652829083
99251,15900.935685847917
108140,23150.136849710667
99394,10603.539873638594
107849,21635.51496159681
85021,12189.189681888627
98878,13533.700094892492
80258,8140.649690827396
85751,15697.89217603755
77932,16359.456657080145
92120,14423.65980458489
84462,16764.32049801337
104744,15374.775793184886
78174,12956.289262937677
76239,31616.844299677767
99098,25457.552787877226
78068,20001.42159260937
80129,17888.977818169707
92276,28506.156308965277
84297,23517.725528149436
99082,15746.404235121829
103218,11898.518305901453
100512,9082.456172714243
100481,8615.523704059067
77761,15958.349975965302
90764,8436.881932364164
103431,10407.280622798795
96133,21184.07485635019
80377,27617.19865154551
93811,11879.042806296779
99125,15895.72398575769
92377,23049.68723264833
84221,13385.889745951026
87280,13040.607021533979
91188,24255.777461107795
83645,16742.320279734955
105967,9439.50842270718
89389,10927.848984472193
78866,19544.500426849118
82761,18013.19525418245
95049,21518.53464195071
80729,8459.1612054312
76702,33863.159789376914
93554,15261.008044280665
98932,29167.741750727004
91264,23450.273248486348
86993,12984.205699477496
102784,11580.890792463002
79105,22645.850030809004
102943,13699.547559575818
77065,26558.132626709983
104740,16835.405064368704
95500,18236.16059678787
95345,14276.955438955925
103581,12124.439899300214
86417,19413.42744757765
87299,11699.176527052972
101375,13259.856816154412
97640,32929.11471045239
99560,7836.371480681874
105849,22545.360513177075
95701,26848.838671680223
89124,12233.454187680556
78589,19783.7313718586
86742,10983.89698413557
84620,12863.404009236965
91165,30831.77431534531
88463,9390.620771996526
87571,7971.745743512404
104773,20645.698040618016
83370,11086.347515878231
105599,11898.21089008738
104275,26813.195620847877
87908,19487.598949040028
92637,7421.475154055268
101747,18444.13973072475
99271,7841.609827533097
77493,31949.918295878993
100122,6578.135400452129
96424,16110.853383134212
103113,5192.33861733761
107985,26823.755339517033
103634,10678.87767768011
93302,27517.233092194605
93877,15835.169923751402
98121,9184.746780163285
91191,15877.619653198499
99106,21385.06269397569
83151,18394.866037009073
87913,5459.199489058132
105517,15264.163615626634
99452,24572.005736608247
95017,24601.332009113165
98803,12457.75903210913
95625,30118.194984200585
76846,20285.562096600836
101791,12171.76836390006
79911,19727.534483180578
98545,11764.483222373326
106811,12460.265831375287
78007,46504.4190390811
97259,19233.79203649092
96999,8715.341194836523
101969,6972.4776281740915
107018,23430.06027879202
76246,33323.669910029195
77303,10459.534356132606
103674,7584.1731971107265
100794,14833.881773724892
84367,21640.005698899327
101652,15315.01401151727
95111,20383.690207931817
96965,9594.537761134281
76396,14965.459397161347
80269,22543.065269846516
87328,6496.3243198919945
85984,16122.065584944647
80193,28917.497223810456
98525,6361.140385629652
77460,34374.82495939133
85424,21079.866868935194
77271,20001.42159260937
104786,26595.88812168886
103727,9844.384164145313
91819,27318.431446734347
107028,21645.287185056528
94966,22899.389661871992
78126,17446.247734741333
86200,18400.887968477557
100317,7568.980841914925
88403,19679.60874794744
102036,8596.5198633999
78858,28877.75533524562
85122,14677.911112594846
107516,21572.2719302533
103432,10000.835076017296
97354,8379.480043891686
100218,14211.56654058829
92759,15680.900335946311
107648,32283.005803667245
97107,24354.075895325972
90871,8378.251687759435
78611,36143.639676030776
107537,12507.442629367135
84840,12910.876824586852
79802,22510.293855001466
96763,3948.755234913203
93033,19052.51878937911
76969,29679.05742819832
106154,10136.423654954937
105965,11150.602855809784
83644,27924.687758252152
83889,15080.345616867337
88026,10518.346176846278
81652,28402.546374806192
77312,18524.861177686467
102749,12674.128826180011
84444,18607.871665949195
81496,17231.043210485983
107471,12308.719372943066
84265,3768.1791164894316
92346,43691.497370163095
87248,9563.904279647764
94931,15109.928749465333
93712,25154.48355997642
80162,27009.39094657351
79351,28717.987477161845
85734,2873.3931026022833
106372,13835.267442206703
96106,10804.544630594231
96702,23534.679379432728
76823,12734.710578887436
102214,7087.5422664459165
81128,19618.398632200868
88320,14071.573533664994
83531,5506.26683769568
104506,22831.74409617029
84074,6834.926969840826
104709,26421.924501691745
85626,11727.932909926518
98427,10077.445559536121
78699,37572.51361507457
94756,26188.50319687543
101283,9101.621805677034
82397,24344.917193334673
77954,24456.995909904734
81630,27821.39382052285
87025,18089.994545787093
81189,18126.012403679528
107048,31035.103327480014
99510,4965.895192498059
85462,22552.53335956472
99442,7383.42846718731
85541,2774.6564774016506
81635,34696.86345494489
83983,14461.723476695683
96161,10809.044218898036
90359,12511.937193974054
86597,10170.376519504982
77633,13425.199013584446
80552,32078.429699525153
87749,23332.179419394106
88246,12487.038332740933
100434,11134.876349086026
102049,11241.983699163975
84649,11338.599508816116
80783,17350.509906160074
102021,8810.719717570328
107760,16747.888948702086
98095,6776.112695336614
103474,10271.176049546835
101486,15635.752831388658
78334,44703.718366258676
97026,15003.986752665276
87049,14782.157511390871
94207,26186.95635845032
90080,6627.482716795662
82025,19007.539308871386
94478,24716.68879676508
90501,8259.951435678016
86699,10367.299752145504
91557,25435.222546479563
105343,11009.015496447879
80034,28518.27032037144
84220,15034.852245117912
79498,24717.632266082033
96294,29464.960269959374
107974,8806.25572391925
80316,14881.636264647948
99928,8331.044080859776
91851,10435.768185643374
87827,11138.925421946482
98130,17084.08890446801
96139,20741.350109085422
93176,32977.44648437654
90903,32816.07525569993
77200,23521.81311555019
95858,19190.533658618268
77764,11362.736402911045
93978,40467.37658514704
78852,15244.556093744486
82121,18934.55082609328
91653,23297.83270582183
88882,11533.64872087641
107327,6735.533057007031
86583,13402.673652728792
90101,12579.717686998767
90893,19756.392289864456
93813,28148.769283159974
79215,18151.085377668867
96480,9915.576903631438
78841,42611.86915908182
101519,18785.791320479922
77704,30194.61722111734
95308,21742.46633977946
106617,7583.867567810582
92279,22421.050433545784
77974,26650.438341742443
96897,9444.331306800375
84841,9583.291671431907
80966,13833.929297249242
81646,29603.89934308638
83773,11165.952654190261
80357,32762.6274498286
93576,13839.214211772367
76332,31808.949932135776
100522,12144.032437165843
95723,12511.395408749468
97599,11299.264579998739
83267,15780.799126567457
107086,14325.883399980201
80173,29905.90428425726
90902,30517.30521472143
85442,19912.385215566363
82924,4463.220535296302
106669,22933.275845848773
77358,28723.99899020192
86661,19755.106974019258
101073,13878.319004185492
83897,12406.546015202923
92465,22750.641739380644
105110,19014.682975007127
79370,13548.964022113629
106568,14469.931284273849
106121,5492.5034646761005
97194,12203.350026868762
89289,22887.47460328695
77301,27404.323010141303
89051,24894.537231166214
90207,15258.674044530791
95193,21170.41417268408
98653,8279.950155457547
98934,16755.11608678669
102897,9627.708452114945
90845,10156.589063958969
101868,8723.333406152975
95210,22787.911841893245
106341,13253.252960779804
101091,11500.46428472395
98060,13258.173774908357
90026,7313.074526978845
88157,12233.622451399056
97383,15192.2263843003
87451,11193.838906847463
103381,10203.26291014015
93512,15719.525969538767
77414,52667.858690454676
79553,16925.85016025614
96377,9659.011280213768
105001,7226.783448204168
106183,27424.547747119417
95745,27666.852061839436
107011,9525.633357824734
78953,23486.46466553765
85187,9204.235515971466
87941,12282.10992098542
77483,20201.276079494502
101372,9715.327992033324
83730,10770.780277913625
106166,21313.134835439214
83753,10509.831689818357
106514,22695.962061201113
101583,8003.421965398208
105137,2482.3858444317107
105295,22466.232890962554
77657,40825.90288289622
88515,8412.679295532123
93729,22613.669054234888
88280,14865.410689059237
102832,12674.128826180011
97873,15365.846979214972
101671,8908.059186831713
85210,14638.13128971244
80735,25832.089162617485
87811,18490.083337718246
97684,12496.348270118808
99915,13198.256969240714
97502,10387.720792287686
93678,39379.8258152874
78821,20687.746918928722
93898,16936.759901742444
100832,14806.272741614166
104921,13968.365166955517
83890,18352.553814018058
85696,6142.367881895408
89485,12815.55575560486
87460,14354.545859174068
81080,46549.04480564609
87235,10235.764361561298
87587,9939.468396857397
96329,27570.739703783052
108174,9776.062275507178
106700,12411.249437081095
98539,15413.832079398173
105234,21583.390714800338
104708,13923.228307536956
79081,34014.909071110254
90270,19330.801285143498
106057,7668.61671035803
80928,35684.860039714884
94218,36256.62782394704
107429,13182.004880451603
107776,19384.30784068876
105303,8383.808137125583
107166,23343.09484351211
94379,23406.097715412183
94832,4483.499996886974
83043,13846.20993491753
84114,13406.517850644059
84283,15452.289304665464
107679,6919.194679165889
89280,12504.124908930067
89840,11277.186295283022
89927,11179.720583375123
92218,21104.419950137242
97100,8035.425326590786
79443,10238.06772537604
96551,9975.419622794157
101305,13019.756868989245
102576,9674.908519318671
84060,18927.044134437023
92280,26866.894936962282
105210,13136.386281123414
104496,20369.960682589677
104267,12236.6973928977
91491,32968.45456276388
78595,20001.42159260937
100913,6119.181491494597
103028,11963.328553957754
77788,21551.897986891057
89629,7910.130786818578
93781,25178.203032324953
76551,55049.26232439055
84917,13890.781644849747
106009,14068.289774709718
96109,8868.215443345085
78933,20053.267141343036
80386,41954.38474271091
105590,16635.1465765425
87670,16030.827813124657
84443,25495.101561918433
95776,64364.81124368448
96400,15679.880110483846
90834,23252.31461294933
88360,13787.99917265044
106848,25793.885810762953
91981,28709.76929382977
89126,10892.188991198
104879,19413.9784963212
90449,14983.37232100336
90667,22679.83598731444
78986,11394.69445572357
84945,16483.101659336997
104356,12473.54316730117
105159,20329.470225568755
87755,3067.121088044267
80978,33161.10189378091
87272,19777.507402920786
77291,30033.90505827014
84904,12622.017614066639
99446,15001.151683170414
78688,33510.477250905766
86155,14417.762302475654
79551,27225.37200614532
78281,10268.296897512391
94551,50330.592895934315
103232,10142.13156211257
104767,11233.482890429173
88566,8354.3137664704
77896,29158.424763599447
96885,22178.404423428055
95778,22575.200866663396
86874,11061.085140247269
91080,25118.605635421492
107737,14932.060396362689
104851,23512.52599331049
85070,23729.564268178485
87362,12008.702565770413
92302,14147.119000254888
93294,20751.932767760693
83422,20194.09292135797
84862,12476.090218492274
84415,12663.10762472724
78737,24944.357816610787
84686,7171.449649234655
95112,21871.4725312055
86518,14283.021262550457
84839,13093.672527616449
81172,30418.86457178429
89932,20405.161961526548
87300,11030.900178106045
105568,14079.405824086818
76252,14858.788906554108
80951,33041.815414800556
83509,13761.583501974377
108493,22929.815935993778
89976,11288.94703370763
102525,9172.309496583042
88102,8163.758899604511
89605,13866.356736769674
92381,12789.976057276373
81987,31090.974091641085
91951,27584.39025137062
108167,19073.465906514914
89798,10415.798849474715
97312,14703.540063671811
106458,10945.956713582847
80611,46989.98369885111
83390,9173.827530184246
84346,20289.964144740065
88061,12734.800232216843
91266,17240.144313495628
99611,8695.93231026167
106366,20865.741576524626
91936,34260.29976711636
82520,12210.518063541733
84865,9167.137763431097
80141,25281.084253447116
91890,15414.108518749617
76251,20407.467913099594
84247,9092.241875797017
91298,32663.904029151767
88015,9488.19945548953
92776,26583.551683297654
76709,9791.28534366159
105728,14900.86500110729
103796,13923.710778826648
81171,19191.791001417834
88413,10679.18413297177
102155,6275.177667593541
81200,18992.127211821087
95674,14911.945487261924
96157,11679.523260636604
79020,26514.665024877686
103587,6741.084795262724
104190,25528.959413755732
80486,18477.065479232053
91177,14747.700819263604
76909,33588.216233990446
97278,9912.314941761326
77170,27302.412754346096
78840,13414.471106395933
107987,14909.929998685344
104444,15309.717441622677
98408,4173.688633680451
90629,15547.313114908995
85268,8738.190030896476
98419,10889.572086113436
90747,15719.6620306492
105907,16153.134392111582
88335,11798.89306967877
104161,27433.384161608632
101427,15100.498039195885
87176,19876.5960668283
94012,31765.9128620707
106937,19761.77324547133
106573,37746.811042542606
96877,10948.24181959772
102568,8932.658794170306
93510,23479.25489197936
78820,36507.93591995932
76763,22143.01214017913
106884,7540.377232000332
81041,14340.35653061707
93827,21333.585762786643
100321,9755.907410879816
81450,10143.685613875157
95107,16434.06199105544
93670,24017.271241386214
103551,12781.118765561721
106715,18746.681530048863
100863,11474.926446880492
79259,13616.394967395066
105336,28936.244269254876
88906,26168.03237679217
93039,29365.054536038904
85639,17129.208708582173
98378,8740.61969156793
93639,13303.244975982314
83518,13398.119464527917
79592,15132.771451402825
95678,18263.5959076337
87400,9421.377153118918
98813,14002.305682550705
79157,7141.433581729979
76223,15241.752569327877
95406,21416.254833539133
83724,6778.500226724318
89739,15348.830939838543
94933,26107.49007142614
82605,11945.160044386215
91566,19412.366734201638
76873,21185.373059460308
96884,17368.143830839646
85901,10151.356765773251
106449,23339.870295669483
90672,9964.322759455503
78513,27876.202315353163
86464,12089.53595847639
82921,10085.032356580918
93886,29470.35494822041
76303,14113.894404527113
98243,18443.22468434658
103497,11242.597710728354
87786,15512.352570686584
87780,13037.611250916578
99339,8084.225580175757
95351,28506.156308965277
106965,14260.845547509607
87540,14447.788613783705
99854,12639.189799739808
102357,2536.7848042542614
90737,8262.17882916257
85392,17257.570902130403
96882,7536.599913460689
88268,16086.422121673097
106075,18097.925026693556
88674,17707.445740256375
77623,16982.541024105372
80394,18551.652973047585
94942,31087.51370721541
101237,16161.804530659478
86351,16516.899666030196
87055,10231.84077370965
94851,27751.381662995365
79816,16106.336312167288
97214,18349.672516037284
88900,9739.705988959995
97464,10967.887232050049
76403,18153.722283359377
79786,19105.30190274922
83858,12828.153757858354
83658,9995.61977230754
96456,13956.20142815788
106217,15309.872415728549
88111,12487.038332740933
86581,11373.315385730131
98218,17700.43926754588
93801,24471.13960236959
87206,12471.952517510488
88569,18013.5585956395
104348,14650.793064422036
76478,22753.206543847547
101509,17234.052987466803
100915,9269.088006271102
79676,19243.611791629228
102673,11951.81489361211
98151,7393.255090957182
77583,15166.369748473631
106602,28381.97391458636
90134,12219.228977340439
84228,7059.618403416243
100131,11695.336130301901
92807,24721.97646215088
95025,31641.15347880322
79779,10825.039294329146
77216,30625.616543977903
83476,14264.041964257678
88942,17147.481905198336
87565,19683.580502025136
97055,20656.37344004521
97212,18976.521004382183
97321,15863.998951156897
102240,10660.35323579132
91253,15948.552305214636
90284,16595.209791830635
83582,17825.195013244993
81255,36703.63529761448
93903,31083.825509256185
96241,18048.753864586473
99117,4726.199213392911
79874,31626.256893077825
105193,21205.05049542055
98186,5087.088730859019
103313,12416.031718135557
107714,17007.64830210244
101081,10088.937096041564
79663,4871.8457804528725
81108,11970.18281923188
86643,7021.2205484537
90931,22202.41839421432
107518,23610.772096382334
84511,19081.734871094326
80689,12074.762036708342
86547,6507.797938403251
79670,17801.403919070923
82281,17630.919213938338
102274,7019.572411828145
107948,12402.237256507437
97149,10065.79236700829
95980,14924.245971301041
108047,21926.12357075155
94763,25794.41996436329
106148,18148.047121094874
84164,12597.28758286776
93448,29236.766560804732
103837,24729.409143905435
91861,22160.64623616982
87914,11434.06585381369
85944,10587.924796177766
83795,11835.14856218044
97374,16188.906201186595
80569,14713.472843897827
106331,30476.605094506816
93177,35672.75986970927
85257,17098.022666669673
80094,16860.072882690507
98473,11478.255411794373
98021,26795.897937888258
91714,22002.620264793848
82569,17898.089734009816
96451,10614.424137343558
86310,12686.580608641605
89702,7143.703954008967
87577,17223.022541557886
85221,24570.538477295355
100454,8070.248601227917
96748,5387.282185345422
91472,8248.101627875672
88350,7172.543738438929
84386,16640.761601002734
107993,17086.39880443743
101496,6259.263333031014
96805,15515.879276395319
82084,23426.721931453205
94643,32348.129840311914
83871,17249.888394996833
82327,22153.039708146192
90332,13728.141832578798
84949,24987.55945475549
83111,16330.69093658007
92067,18395.63211552117
106714,23255.428634902513
85531,13310.715115678793
97311,10796.343671392524
78102,27247.070231990027
98348,16126.747389708622
76715,20829.20683733787
77091,16973.380041839548
105854,14225.155725094197
85983,8929.56037671053
80823,13807.02546439884
102612,14391.333235137376
104209,18452.89790924271
97643,8786.952379947843
95340,23157.237423753442
81183,44030.9579635578
87928,5776.334901468741
89448,12323.32231492839
98522,11374.328680425344
94213,11045.565797647458
91583,8635.934319328253
90280,11481.194683394315
93287,26168.907386501367
84510,11154.788938176198
98179,21809.494029086112
88162,18558.656574398592
78449,45358.33738735353
94548,19014.972212310375
95056,30226.28574652988
106725,10270.78372516878
97968,6934.5126368426645
104923,10500.850942271676
97276,6832.4420156341375
97080,26577.014855606823
90691,29320.603173177653
88033,17948.800190281192
90160,19503.971622582307
81661,14323.779529756372
101260,13071.278677854401
79520,29375.692077606564
78213,16706.57633324247
76187,31421.36459869822
85752,17325.25776823543
90729,17276.823336172525
77637,20235.811497500545
101847,12035.078440578012
86787,18238.210683660454
105758,10583.856841440727
79389,25140.19706009093
98312,6791.761756046237
100222,8180.634478455134
87873,9433.061507344091
92965,23162.50057681612
89168,19464.47268575293
82368,20064.030723147363
76505,14379.067510214114
100946,6190.951567145371
85815,8321.38789031563
87705,27415.095419483532
106931,12218.218838169478
95571,20004.763465690346
80308,22627.820111378718
91824,21565.798301424344
106743,22557.09137132067
101866,18370.13231273595
95817,33927.84586707848
108505,14742.098791343016
88722,14400.730766337076
104371,19981.986368983045
93879,10514.728830615477
96038,17404.831694468503
104690,14370.664572336565
93199,23959.71937549323
85967,13958.815963650648
88714,8743.773705800662
99467,7145.381047071239
85701,10070.35342231743
103450,12419.169509342375
96943,11673.022117540597
88526,15842.28007920842
79326,10959.637773289154
92314,27194.1132390656
106373,24863.636053255446
76953,20963.80695716628
89741,8264.006648173598
100458,10257.627637880456
91895,59964.1525509208
92356,17128.24686277764
80632,21946.102728112943
106959,10046.617951842027
96251,17137.01472211002
97996,27943.237831018476
90021,15911.053437811244
94899,32507.093626526686
93093,16911.796014611074
100175,14455.994543266335
89968,7335.072577955858
102132,4043.232740244287
99121,13334.445639537882
92662,16847.039915907586
96612,18290.750344648266
77399,19199.276394851007
86443,12352.008946308219
93198,35789.82894639668
98001,18371.106829289667
97764,15875.7833054437
94983,65537.6318752632
82703,11529.02431018213
94794,31580.89179154555
79793,19639.61822991595
93376,14023.767749140578
76374,28577.431922484673
84045,8480.463625161567
106780,17851.51288047354
93213,15215.20018226564
97870,10515.75596400919
97748,13829.888787888485
97255,9250.688383198602
102668,12893.783312360889
105898,10603.851100826229
101786,16928.215501122813
87690,15678.796140499651
86329,12085.340732251594
77696,38352.562594515555
104321,24125.946570338136
86782,19529.64474290458
97134,29221.67022906637
86684,10114.332802280072
95509,36944.0008150292
82314,19972.027233433906
84124,12802.848531268706
87597,12190.64003080601
81357,18627.96050277588
95055,18557.332314912135
100244,9594.654415100338
79271,15085.740148922798
82043,24724.02621340686
96348,21241.183998421042
76594,18805.45533131841
79552,15742.740701391458
97181,14377.36576726693
99147,12026.31246691643
90786,8236.60053033461
96203,7622.39989857986
100288,13182.528240163389
81529,23543.174792035672
84229,17466.647111914095
94332,28972.00890738895
92714,20539.638183527695
107716,14568.197444556585
107685,25056.64831903866
97836,4912.214829332858
98284,23760.3829176138
83128,19788.95157407129
105500,12215.410654648464
97781,12967.049671204824
99341,10634.43319324736
91793,33163.47614081693
76224,17577.056957927525
80840,29526.96861488243
94587,17745.75640651799
98667,12154.75613486282
78973,16436.20801065889
85175,15810.969960331546
107489,29824.947351797746
95790,14765.98866498038
108044,8019.829566412538
80652,23939.5256484214
76007,15924.022183589954
96039,9657.816832379449
102618,14560.462022957183
80863,13414.706323961887
95695,21108.290074921213
78815,31590.82968882882
98063,13072.23525344897
83732,12825.079120615028
83190,16554.949751782213
99504,10773.956004072177
82372,14926.847196435283
77977,53490.38153532442
81688,16010.712669713774
80154,22878.155204566352
108106,22714.20855441742
80724,17912.124143016492
89190,10552.60669625116
102321,17606.64673217244
97375,11436.61606240475
99379,28877.630919079074
84767,11522.549845521684
89470,10443.02365587219
85592,12830.881906548291
80381,33239.34709659039
92149,31809.907025270753
96044,25747.28431632953
79041,13425.199013584446
103108,19464.336531679495
91118,20188.780373337464
96434,7773.748807989495
86875,13327.71884961438
100326,11523.201872975284
106416,18507.264637448152
88074,10196.505254838588
91579,13847.657139292462
96819,28554.05113194792
80373,31901.148056839887
82681,10700.605740349156
88450,11217.771674459884
95040,15770.596941724689
76720,13645.320556523582
94576,3476.906802416769
82502,7343.978971025782
101100,8605.591069669286
104522,18265.05498691254
108039,10905.571171895725
77894,48037.683918512645
80888,12127.771871999992
80366,45711.822541919784
87653,9223.67945298644
98083,25911.50660567278
89042,16756.142209162077
102520,16597.398245807766
101620,11679.547048203885
108340,11313.842542535853
98465,10621.802796489756
82307,31516.566597334862
107499,19103.485571936493
101440,13541.380246817413
82392,31516.547833125154
79371,25895.573707661315
103916,16985.1101947732
81192,8617.67340403125
108185,10369.064274258826
81811,16941.282422430577
97993,11950.350133819493
80214,24909.076694920757
79896,18251.11894099819
86793,18843.517810463454
100548,17940.67470303587
98986,9565.447163799552
82411,12233.454187680556
98467,7841.609827533097
98645,23562.09336679365
84530,7036.603300390239
86479,7006.098452379649
90655,17711.380052764114
97319,11463.088613105989
107749,25457.27901482143
77199,30596.88458785978
79255,18504.17723682909
85072,9246.286526567474
99421,11724.71111020418
95187,12047.955198253865
103262,13275.570125619772
94589,35158.11813381206
77608,54492.667278545225
89729,5578.492038507175
99171,15585.176772664532
90914,26987.552622274285
83250,15401.405924886667
83275,8108.877039993716
91269,25770.324383840754
83003,11577.231097908916
98988,18059.131536123114
105748,13860.885318949528
77688,20259.683930308835
91090,20029.839513957322
100544,13727.437467290149
96608,10235.866601588301
98784,10374.390872603768
85655,15723.963447839209
104236,8782.42321840356
97437,12428.351097005838
100150,5565.727931869422
96911,28575.146951380037
87126,20128.609792602372
88544,10614.65363297958
97889,12841.210985988344
76768,14895.081765077362
101722,8274.763369606248
96407,16271.639102213685
80640,17665.504272533886
88000,14903.941420155346
103451,15201.721561177574
80542,46753.93370954204
82212,13325.433218067734
102407,9426.243164179152
79895,12585.105837528794
95909,18504.685392764273
79646,36466.99954009323
77051,35128.61582466959
79375,40054.17069238555
92023,31293.083794942566
87608,10166.406803841175
77731,12085.608695007348
94671,24837.33881229522
107804,17981.364160031822
106359,22042.080072514644
102758,6150.127070231091
76944,34251.215687482014
92103,15471.543929793366
81188,15669.523112034667
84157,16232.341477911896
77509,29206.7984736379
87332,6489.89740561968
101597,11625.148669421507
84021,12678.137188503793
79820,25270.031507220887
102505,13276.990164495302
82887,20497.174549827363
98676,13681.832355859906
89288,23386.11116907899
89410,15454.743424335124
76489,14066.634918162747
85587,14296.194501333253
93752,14578.6935269315
104857,14483.816172821349
91582,32952.73726399782
100760,11705.21681802697
95388,30801.66982245498
105606,17404.42804208776
93352,31087.51370721541
102452,13955.026535503828
88997,21034.92863950485
107478,14408.995805101093
82604,15773.716048738723
87188,19465.558091969982
97769,9778.227839938452
77941,29915.508433639516
91489,12179.313919674489
84501,17135.546719788046
97428,20416.78958279583
107961,17645.362266573484
106520,7017.428606613977
82860,18192.550821608944
93232,20533.27997013561
106592,7262.532412120858
81719,9770.209562857564
81658,19422.504280471287
92676,24251.82547546575
102253,10115.605121160506
105237,13130.856506441332
78527,24726.514813103673
97452,9670.820684991384
106530,15875.688222959281
84118,15454.743424335124
84314,12792.034676855124
92313,25770.324383840754
91271,28535.578099448943
86067,8819.382458766016
100751,11643.9519544478
99647,30626.87907326938
79872,54585.85187721865
89703,22435.863166205098
82985,10524.872896785571
86719,7446.55921928738
78249,34553.204638170064
94826,35683.07263036929
80867,30644.757868178356
88405,13500.98596093367
92596,18454.76463875551
90699,9381.640991171485
97504,23472.77106816179
88236,19392.94470208661
90859,8148.801391224132
84327,17396.23999747072
86926,10128.320742925302
98478,10802.510303538758
82435,16483.101659336997
105477,17399.869569345337
91685,16324.775502310229
77406,15962.109827589977
79806,23665.042025436596
95728,15354.052716294405
79181,31767.168696547324
89777,14280.025454124423
104090,11939.078104245058
106849,16686.862977212135
80612,21898.80076561803
78114,18138.44351871764
93850,26611.746135797348
91913,11194.254636347097
104359,17521.165660607185
103818,1772.008692988274
78505,8719.96880416011
78147,6070.901213178441
98618,27605.333747005905
80947,18070.286526125088
104926,9545.344801883442
87266,25038.126371314604
100085,12092.640477877278
99550,10256.662417042526
100618,14069.732936298187
88609,9806.85147177043
95379,21530.744512568872
97130,23339.17232504724
98078,29984.335847956743
81543,16168.651130255115
94442,17219.357118324795
88513,9864.294829787543
104084,17079.894728783125
77862,19197.850818128143
83231,14060.122052207187
80020,31255.001020305994
88533,42719.10191678911
89260,17486.83027872569
82264,15846.518124772068
84569,11217.02453507068
94361,37436.77686580436
76511,23903.069339087022
79088,17339.811991192506
85645,19293.90091765066
80492,23105.933831139035
82092,13936.841134503145
80792,12704.947479351431
79022,18048.086998678744
92175,18454.13993668664
87149,16233.482015170543
94676,28213.45130495594
82453,17679.37115899188
88623,17227.310252127576
93157,24806.453276612996
91767,20766.201898097446
82525,14395.158090620946
83387,8242.96924848655
104711,14299.2279614271
82040,22533.729201669026
90973,25500.94199507292
85628,17387.700578416214
96701,14305.100427122588
95441,18319.536764342185
104513,13896.417136187201
91247,23241.180520678416
88940,3247.953136736996
77571,26284.001347688383
104299,16361.664461651433
92609,20781.972508856088
85134,11514.56644624788
81305,30110.108059472608
77683,29445.836620837956
89313,5661.341967956337
85999,12197.961887169633
100266,13658.951981122202
97102,15858.474209963064
101321,6845.743648289713
108299,9789.984060974539
85057,14784.884075846072
84995,16227.071157163564
84612,10496.256586012772
94300,21317.989195214268
93656,64816.53021040293
89647,13192.073721288145
84389,8394.900553405183
90197,8484.212059001378
80844,6777.525906535547
105331,21202.49483861046
98831,7225.204008693271
89697,17484.33949416356
103351,12269.248549600536
99969,7732.32740475273
99325,12364.457485258901
89198,19076.352953155547
78239,18453.70894970119
82481,9843.521180956706
83655,17933.266460051425
83006,12244.360734087379
81067,41240.0415327454
82451,15942.361876296012
107390,23560.133400297098
101406,16063.284905024355
91715,27994.47455383147
99989,11356.136187478782
93206,31243.22829606224
85902,16213.155212420008
85195,18159.03498481721
78130,29246.44032949332
76552,29035.574669158104
89420,15057.00333253384
89566,14663.788554669964
94682,44856.76247928998
87373,18158.992713909964
83481,12058.994030842967
84348,12678.137188503793
88809,11157.433258665693
107886,10924.517741495516
84976,18523.858626140478
106340,18392.82740010795
87849,16649.353411650573
78363,8381.829284516627
86657,17395.66392462919
89773,23515.547091695105
94449,35843.23968210549
90861,20029.71320950473
91749,30531.366175949326
87090,14301.538912907423
80200,20115.363392885614
79369,22878.155204566352
101679,9094.485092255623
88080,12658.164168703364
103400,7532.132435757491
100960,15776.721235947178
106116,11171.196999853082
76678,37572.51361507457
86832,4143.358172705333
80278,13556.450052412818
92718,15666.06651728538
80121,27356.107456090773
84360,8334.890068992689
98000,13258.173774908357
86852,9580.453176925355
84665,6787.4982657325545
104032,18873.18780335038
88348,7630.045494393485
85919,15189.643447147355
102408,6425.041563768875
91678,13756.194900728755
86965,15086.466904858486
99748,1453.0610927833793
79192,15695.662954124491
100469,12344.941218246706
102772,13451.509012777362
89526,10174.127843762273
96191,7909.459656474072
99222,14776.728850869487
77086,30044.33496930293
84447,7986.126015082225
99981,11674.859542945713
106052,23213.827870721143
79612,28389.746754237265
106792,18268.085233453625
99124,8419.417027544827
79678,22110.06991909754
101632,9000.619133946002
77692,20864.902031054185
84345,7556.444853321436
95000,25368.228248500927
83015,10361.134270040511
99423,21089.223291132883
107480,21518.12516811501
93765,19800.21151750149
105419,10497.257263467793
94052,15559.417210025456
97432,13941.43760254629
79133,24371.20326600058
93225,22476.9606881235
82956,12362.15722401919
101231,12011.87100630138
78727,23362.495889152306
92150,22823.38699572053
103869,9299.312444177436
98266,12089.810758547452
85017,9175.064557004975
76853,34553.204638170064
93027,14814.730526312556
88493,10589.083970115005
104829,24676.219249205522
87800,16545.652457292665
94723,19181.448359067734
77219,13550.754901064654
94891,13230.31504964317
81656,19381.79684273767
97239,26741.468552585968
83620,11124.847127564068
93312,19895.176723472036
83441,9728.935073699362
83959,8784.617351594763
83653,16477.14606001127
103364,12358.985473527991
81279,11090.996000288422
94483,21490.606356339078
78683,15456.709676673223
80423,27730.78207623343
104442,12108.44257974064
102026,9885.17157782686
105992,14449.791741875903
108007,11116.568589901084
81476,16269.911451310136
82770,8412.585331945922
97979,13787.075233687116
103866,7646.3534210885555
83147,15697.165185867678
102902,9244.913557727681
105918,26396.73879210908
100265,13916.72184380422
86165,13574.188294767448
107697,28887.236477419803
94497,30751.634947679067
83540,8755.911939038777
76617,26190.90479877477
88133,14912.676198651863
92181,23161.251753783654
90065,4308.130076858095
94177,16904.99961222684
86942,12701.146406261392
82629,5673.966847414617
92087,19700.58388411602
94508,15837.65738944201
81678,16572.86451057347
88106,14973.901115160277
82869,19264.87837728604
81744,26373.772682446153
89208,3248.4092945359635
93035,23853.54837355637
94656,31187.820437067643
105571,13398.224164785548
86332,12786.368046886719
76711,23377.60033140549
87423,11672.496021149718
97343,29132.80256807292
89591,23325.511209913846
83291,2365.5352982142135
76146,18557.946643247018
86683,13331.98171208981
100726,10914.531027332629
102328,11432.264886671177
100991,13711.21435637667
98049,15754.249242800362
104948,16917.699013930494
103129,8965.805498898613
87892,16911.151273627147
90770,26457.265447063506
97113,16939.93217005462
102422,13177.242927263005
82462,14852.943055473514
99700,20018.985265798317
103799,5783.599583908313
96959,13338.556078075193
97715,8709.53223367
90880,12469.541620152768
106632,14900.012059548328
102656,13006.418656936019
106686,10121.103377024363
97346,8489.152378154242
88283,7906.434463261907
102248,12289.339905368974
89091,13401.229941401885
100474,13268.79346458979
103428,8359.20108443257
82698,8053.40493962222
107510,8803.838184241342
99122,9366.974351457122
93152,13236.620633782435
78084,20530.477049829256
103130,10723.434352701695
95826,47344.439334368784
94977,24599.036380985974
90104,10502.376732937175
89105,2305.67020068209
95397,28879.85069751235
77476,14419.653646828268
80208,12373.091378168298
96744,13655.063993534804
81310,27465.13467553024
88688,9161.699906898553
100514,8277.155678060484
79490,24127.562057309682
89236,13105.317222633
106677,13203.886167235345
90882,12710.094567155773
105048,6911.818370550962
92458,21446.540604038102
91682,18263.480112858848
104659,15827.628905528454
99559,11637.885045682026
82608,8454.299126156013
98793,8977.71299363545
101083,10271.176049546835
86469,12009.110331333864
106304,11287.90454900852
100515,9978.766092237192
97006,11744.53155054967
87531,3329.525443895218
88873,26962.113415040836
91700,15791.021867169484
90471,19930.206433006348
88077,22472.97512976675
95546,40636.4263135458
77965,16289.958287728143
91548,21880.76051513486
101360,16022.44676699719
89845,15866.226112980183
95934,26507.540363035798
103745,10381.026484535774
85862,17969.82530297873
98424,9503.35127932133
81736,30449.59682286982
93391,29532.124136171777
76523,24948.284101843317
83573,20365.13125349312
103118,4016.4904649367395
84399,29560.18894180663
84864,12540.081073912377
104282,9845.54848975041
95389,21086.065410077415
108097,14674.248393415673
94999,12336.924387139305
99345,17025.73848015306
92946,40149.18073969737
104048,15407.081514461912
76817,28725.02884686653
90448,23345.48855565922
107837,10615.7894313984
91182,18472.18110663982
102654,9266.700132896953
95298,20224.325450036762
93659,20547.92932806277
87866,22277.76550641754
99990,17428.545216912797
102469,7737.026024307303
107351,20280.928254346345
82490,9256.149449277713
80756,18367.313806272505
82365,29571.71938921465
92332,16466.73760853664
77456,35311.7565129176
81007,28158.94544965534
82391,19977.447432953748
84647,21235.90422499415
76296,22603.314553152824
100192,8711.811704270034
84547,14757.15827700142
88877,19507.64512957774
84254,12461.90698485679
87836,9724.465776051356
85970,10376.462116885681
94834,15269.020431785693
107159,13305.362898353513
106800,10377.205904704455
101989,8211.566531304039
95604,28250.430698804586
103637,17606.64673217244
104301,12907.100784384525
83799,14011.812406015344
107855,13565.789966967142
101506,11209.457901552756
86644,15061.914574763638
81902,82867.79124392103
90490,7002.432992510403
76314,19923.258625230792
95360,30904.04858480863
96272,8454.80475750592
103911,9085.30236896588
106553,8945.259371057147
106063,17365.707823876517
84179,15537.59274830502
106912,14899.5195397238
103819,4969.772801647353
94009,28917.319781235732
98285,20521.751528738794
81101,17335.93376767109
76806,23061.01262331392
79127,15496.988890322693
107416,12151.202165945055
93786,30297.35598458254
101542,15559.924052035249
101640,11006.750546825495
98800,18886.038024352576
91451,33630.363759429165
104033,16414.228549443924
105550,19784.111435359584
88203,17794.07282258204
77481,19820.939954419853
83704,17459.761942660425
94474,21571.722285775002
101924,17351.608515331587
93203,30755.945465429122
104628,18018.013301831495
93308,26689.19182649665
81984,21002.698772953037
93228,25487.56761938953
94247,21446.540604038102
85162,12293.484165642616
104670,23413.623923164985
80875,43660.68056972535
80850,31601.53418957603
79475,28293.46999667565
87229,11868.536180852594
79162,17286.97932310107
107652,8366.837213582829
89835,19128.173555446945
77430,33904.479491395556
97568,16361.697636913184
78947,42656.773926557114
106692,10494.736273010218
97127,5463.28655848188
80876,22887.04314670737
100152,9306.654475517458
88949,19987.337862866425
95804,38230.36170883184
106833,9391.349400344516
89283,13018.801381444164
78115,46101.6071798332
86941,17760.37426351835
104794,18330.722184114213
103892,18146.62415542855
90746,12566.848643450041
92996,19848.881238340346
88679,16279.844576315425
101007,6996.387726266764
97824,11642.692216233565
85138,10506.679784638136
87869,13999.674736445586
84266,10841.064620197873
88682,8142.911389756266
84543,12128.787660586087
88967,20184.408071063193
78831,17568.434349802435
80227,21803.98771895322
88995,11938.874049958864
95761,21486.71617326244
82060,19645.28721497945
78253,19555.349792042463
81193,29654.852085883238
97309,8468.4790796436
93654,21818.58937630382
91399,29883.318525484145
107195,29134.866733088045
82137,14998.005610731394
108006,14315.046964568093
78534,64245.08804839175
75979,36683.03536055548
78847,8280.900838489652
94746,11686.813694933033
76591,16134.269306690881
97366,13685.955472545727
88756,11941.528315545638
105074,19893.35869325095
107641,25362.02150481168
103717,16906.915088435744
92559,29685.512667494204
85453,3492.1050136207227
91736,29015.212061659353
100632,12562.957813934563
93314,23115.845849979298
82593,12794.53546747528
105791,19547.34216621731
104431,22954.261935371756
77967,19179.476179110967
91373,25066.921155151387
86095,10088.277268531803
90950,24224.55937911784
105410,22683.341274939783
86516,7939.531142527341
79221,41815.12209384161
86603,16373.779930781811
84058,19064.80365939942
101017,11532.758618654138
103065,11550.060155015646
102817,13049.058914572279
106443,23336.100646105227
96455,18252.636822266773
103514,10272.19053391801
88407,19433.83196744911
104658,21315.0093015819
83823,16547.738701675145
106801,18805.784202616414
100859,11425.085321215052
97156,8412.570364596688
99816,9811.274422288085
87726,12611.130959211112
88783,13503.49659607697
107654,20098.448982554706
102420,6151.722296975829
104147,23862.369852490585
76019,12118.81302588677
86158,12307.370059541368
82852,7557.760893653474
100871,16146.256644880023
92537,15336.358690027624
92028,13966.96550730443
78319,11477.318015934663
77111,22016.892326095593
81426,15102.563452940256
108336,9054.058971277118
106048,24505.116989677113
108482,14607.434336088658
91336,21053.870992787677
101242,14127.952079389193
108309,22562.976318122273
106397,7146.220884449281
82413,10573.097608841916
79355,40668.04151330402
92826,32126.547550053256
102020,8771.68917604644
93857,37076.79885862106
88875,8265.386298763764
81926,19868.039750536514
79236,19426.093282519185
101106,18935.437080551277
99069,8035.807288922383
90017,7509.89777525695
101706,10792.319601329982
89701,8859.592500527116
96760,33373.09172745137
103901,13789.056790211489
96780,26843.92390612381
78905,11775.119742559751
101894,9830.326666143988
94657,15615.135455852587
93703,15296.27994292369
98690,9579.580437898398
90597,19309.053222866794
80138,22709.381972827865
97044,12237.266981086002
84258,13859.191015845852
98543,12326.746688422283
99833,15993.689159571275
99848,14139.947401589316
89178,9117.316505029861
105598,17104.956307599845
95971,27865.24577007655
94875,34260.29976711636
96048,10011.927835006676
82606,20165.928884698005
104545,9700.20623794043
85571,5214.686035593109
103757,15083.258808415741
80192,17327.862872326197
100422,6988.520928858959
88065,17798.70705811899
83544,13243.234819466577
76851,35255.38559444628
90464,6601.744853007536
106501,9833.490496991304
85011,21394.854312238345
102308,10112.781935574852
82241,51241.62311107968
100655,9859.091214413755
86477,11673.336174773394
90830,1706.1317474354178
83274,21687.37870257157
83251,10210.442950552786
82122,26301.15061544223
105600,18720.288188645136
87514,10849.542027452315
82184,32346.661064670454
84829,9177.537789769842
90704,26571.391186600966
86306,12747.242858841713
105655,26403.109833058654
98964,7527.877172995082
87189,20486.418113629497
80116,14726.96636425261
78366,30028.368075545655
103668,6055.566252591941
95799,25007.15626331584
97496,14915.514539577895
107112,13008.432495171584
79698,29433.755614031812
78946,32964.94479019289
82843,9373.766927125833
108537,18813.737903618556
93675,32426.18945477156
93629,20119.827468549145
103134,12819.749009193325
76458,15319.699106998389
79219,19656.84882672889
93401,23448.27265715597
87666,11233.792887576838
97697,17231.71146330782
77945,10578.25083888952
76173,35594.706557593636
94835,25501.84713412934
86700,7467.95780339616
105682,21548.58632539641
88546,21204.622615223034
100486,10059.828490547856
98187,13821.262188352626
81395,19009.0949058656
104408,14768.377052329985
79922,19018.4223675248
102955,13338.313681353833
85515,12192.022027469366
100490,15603.066699764908
91070,31233.569023158325
81321,27556.86437128466
90925,20812.571182999924
91291,30904.04858480863
83986,16359.387324454867
91729,14393.347736400208
95830,24407.4714616422
103720,10482.814811081593
97023,16525.314051666217
84892,7779.956361029505
86618,15431.798940724964
93094,25332.64778400295
102487,9522.931023589766
76952,28928.176557363513
90121,9602.1821511653
89687,30645.956542119267
82663,15246.94073926629
80253,20407.699392699677
96004,17269.42022349438
102267,8869.191141428144
77777,29646.358067046127
85135,17212.33792475821
103806,11683.453724227631
88031,14730.28625991696
84252,10942.927913801948
80246,28056.029796519753
83445,13272.25167821719
107528,9833.490496991304
95161,44759.63012510963
105132,27419.834306355137
107504,12624.505172955473
96720,20683.99879492486
86060,9733.210574334613
76370,15399.836502752507
102092,12494.668138456831
93523,19956.250348516704
87963,9479.036781771214
94183,24336.91076998841
77548,31748.811502908742
91116,30355.831257401544
100013,11995.012912497934
105525,22053.992944500293
104210,17134.21740014538
91137,14968.367729663529
101960,13658.951981122202
80662,31803.529492724876
84914,15281.226465206162
107857,20306.628417120595
94916,25056.659638525314
102858,11742.019789446165
88182,11357.417950866275
85339,11562.023851714255
98692,20396.253148346896
98460,10398.976752189485
101787,6300.45640199147
105924,14372.65513188495
81440,24208.803053188218
107043,16729.170505533228
98747,10243.260669488885
76065,18464.48432171333
103452,11435.536975083549
87162,12737.25672488972
85972,6417.507890639881
95159,30218.951533419342
81106,29527.817678445124
106324,22420.751918525806
86957,8124.422295167648
76900,13311.124617513557
99319,16904.243551746917
105884,22593.035843911846
82889,8340.352847572552
82253,71361.16131196656
80818,11234.009418043637
97074,17107.198810916692
103269,18849.677247720094
78298,18482.077916597063
87216,14435.874059100543
104853,7541.981344365575
96298,23096.860852907015
86803,6966.982054402927
91326,13284.513674951986
90948,19697.81051625683
102795,12819.749009193325
77163,21043.72397485518
93519,35608.17562389277
94980,12169.048387127046
106455,25983.61256551594
88860,8972.281780321659
76536,33509.441074186616
106556,22630.297215819173
103002,20221.705024345614
104193,9405.564505225138
98247,10401.61371276754
82529,9441.948210885352
90499,7330.718857502102
89400,15068.6927831872
94595,21687.499399129712
85870,20035.176324991306
88424,17064.92135785336
82715,15873.750913046395
76324,22482.01268565003
102259,4515.265399105209
99192,26259.21067945005
81437,15880.668503763913
97208,13851.780294008953
76420,17967.493522116296
107557,6095.683592459182
104202,20721.644859886736
83400,22235.552696361072
99664,21345.07595778778
87781,13659.705342242929
105706,24863.30224799242
86320,11782.795592283024
81907,38000.788426711486
84881,9162.253360946472
78575,15037.057116324162
101857,12819.749009193325
104378,18472.756821947733
80281,20854.527619122422
88208,23375.30872711664
85864,8493.270694707702
86973,14526.393994071339
101072,3881.6206596869947
102664,7487.150700319252
107949,11944.94445216492
88832,8598.314919335298
87046,2474.9538013757215
98930,9433.898602664618
98721,19558.097825603927
103249,11241.7541866004
88230,3061.684131941897
103604,7521.694476427496
90645,7632.412689628436
94246,14352.174743251218
93604,20663.729320731065
99287,13079.987448348613
106684,19558.045798473086
89506,19476.413648566042
98726,16799.901864376174
77060,19965.86666657723
107323,21423.737747820094
100559,8062.775408392913
94511,34494.26746366912
81367,23028.361122544906
107185,13256.077193250449
87243,6292.864982550766
93241,17471.713633630097
90899,22425.805893420238
92791,30611.835913828585
97429,9387.253910648455
81883,29068.357547004118
82428,10491.144565795235
85224,13330.773808244745
90818,28555.326383149004
107186,16351.250596723079
104489,11658.303325259283
77026,19758.191437511163
103119,8761.102335545229
79360,37638.72915809214
97763,7149.554640291786
81434,22793.058437751057
102270,9997.985886331184
86171,24297.668356887665
102255,7205.249247348409
91018,26120.22690820707
93219,15713.85738765767
107667,20022.154323551225
89301,17515.69742005345
106869,10049.018652173349
101867,12553.434294199233
92922,17863.64740823859
80057,31272.20814150337
93951,19549.535431142976
89450,10006.220207614166
99681,16028.797502562322
85661,17766.975483320155
76072,31145.504112973194
81693,27713.051544101705
77375,11948.589766185993
77649,31812.982041883228
105904,19545.08560333492
81679,23741.53046926827
105555,28408.633378040915
78762,18097.159067879285
78590,20032.866176582378
92784,17959.973837211634
88497,6489.89740561968
108413,18413.37046373958
88994,18270.27510218534
103426,5524.38840392319
104394,19766.292188400254
88703,12380.105195006
97376,7540.834889629259
97470,16699.880942536063
88681,16911.7843990406
76599,21702.030431768075
104274,9823.286697323092
89590,6419.791400806977
79749,41668.05792101122
107386,14713.132988891339
94829,23649.603749758462
105123,13187.349310065898
97602,23835.101069278127
93900,30960.808368631988
85986,11103.526988031997
78014,32241.721954960314
90073,19815.16879323612
91815,20752.81558808664
88067,14524.21852182711
79079,33360.70927010984
97590,12344.276152242264
84491,12454.573850392868
81997,15156.145238275109
90875,19739.018084043495
88805,17791.222377721922
84708,15097.440704250736
108010,4944.816281751503
96549,12159.456615064844
79023,11641.894903169747
80493,27713.76818834028
98860,13605.946603920256
99938,9848.757762486175
91154,27216.487713171096
102202,11240.243332706843
76479,18512.571945536074
102548,18688.523568908702
107979,10492.323226406366
80905,28780.379097319714
82630,12954.573175510244
81130,18425.89212640731
105382,14002.968308074895
101905,13650.255637720082
103353,6149.158236891264
88275,15497.553861807994
88052,17890.08226958563
85537,20955.893696654708
82742,5463.957571155685
105960,25246.822393240207
95151,37998.50961996929
102555,11406.961478701032
87742,9248.42405879119
107219,20275.425099807526
106170,10316.90293432352
103341,6533.38121559154
98947,15456.549245497632
90933,17766.2128270893
107651,6652.907321878704
107937,11492.11014520549
92742,37098.262820631346
91138,18948.471249786217
100134,8837.008262452726
83718,14071.573533664994
86977,14881.861566889353
102165,10391.788090356833
91372,20447.878979093868
95812,23803.540419221255
98911,45170.294126401626
86966,6753.697074389892
107280,11277.423016412844
89020,13055.857425397597
85167,16756.142209162077
100394,8422.551113807416
93450,16646.846566902565
86838,10223.60335714498
107563,19529.45385216177
99692,20487.59652535559
103946,9360.721274709695
89586,8408.95945711606
90733,10023.27666752801
91071,18777.40835880215
89142,10059.999492397947
79359,19379.762800193395
94435,22264.801720183554
86980,9630.230645103822
92661,27112.479963267244
84734,16911.151273627147
92829,20224.135141063965
78925,35118.80523340111
88863,10629.905470083771
100507,12546.685938932433
97469,16827.814055969026
106358,11182.492823549614
94446,19752.739606641335
100068,7699.523217817007
80005,22659.353178634006
106548,9375.210635393682
85323,15308.059288007507
92629,57023.85734638767
78057,15808.904661352457
99591,16656.99155784601
85307,18568.00429874662
92660,31595.970312581532
89525,7757.542958333284
90953,29015.212061659353
103312,6827.251146684445
107912,17490.60570933143
93292,20120.160017534858
81638,36510.298476869546
105433,15805.639769295896
94804,37831.06951845708
85666,16911.151273627147
87338,12064.22241791809
98818,28376.464064008054
91960,33402.049749352846
95612,24319.3629956067
93399,17672.574455728314
86492,12058.994030842967
106169,11640.374894331804
106699,13836.349415663604
102175,28676.02550306211
83555,10538.299211236888
80941,21770.579674927747
91366,18514.231529695764
98045,16544.076062450855
86988,22802.853697509472
89139,13943.500669584006
106277,14377.77167441039
76317,13724.08935551625
101300,11210.404058758884
93086,12625.19671325746
76936,20347.053035149813
80711,21149.11483108051
106659,13468.279569928145
78296,10412.013205169413
97527,4995.438553116229
104494,29750.694096684136
77982,38350.669938780484
86456,12063.370136070906
85161,19474.223155595464
100583,11453.309939764615
93063,16753.69381261291
85331,18805.00541353795
101731,13551.500079214009
97389,29324.248200594015
79902,19376.345017998196
89643,8796.999849618744
93175,19300.59762725119
98389,5986.831972834356
91334,15230.423679754478
98514,13191.80015545011
95382,19178.61017494445
77018,12595.09833393323
76437,19805.430701962483
98250,17517.726864283733
77104,27391.851719110204
103059,9478.021124318011
83308,16092.4716963127
95106,16862.075747945608
88684,21426.12427696341
100870,15806.933826744265
103498,14301.964929589332
105342,25469.454669314197
81398,18099.963172793687
91833,30101.973724710573
95311,19177.0166887691
77369,35166.75561849272
86011,9141.076785576388
84952,11998.39143882626
94056,19758.71600081663
104796,17353.131392162453
101571,14289.531215743405
77188,17096.550468330886
94304,18216.456593611943
106008,14536.101225419894
79849,20309.75496190403
106099,26692.57531737297
105086,12520.800517903886
85658,8124.422295167648
102040,12421.078422876359
84343,11456.984553286251
104882,5295.956451762783
88582,12927.480157324419
90328,20590.83002816826
90536,10244.156888033902
90805,13665.059808822987
106058,24292.88157774639
78871,30735.710585052828
95489,27567.098159948375
76637,16587.31412224918
87818,4721.409758235543
84478,22654.569604121432
108394,21366.873682153553
91676,36590.32894001147
104964,2341.711101162233
78506,40513.15306984487
92557,28849.453927328177
90715,18196.15686969706
101721,8124.489741702467
80715,24696.126663325715
81705,23840.833994689794
94219,34366.1066127585
85893,17981.061236199894
80550,14669.679648175495
86662,12356.019811900045
85271,20132.781903202966
107075,24455.9945817849
100992,13511.78695535331
97396,7261.148969713489
103943,9329.095578922099
78916,18116.52446444455
94516,18463.55738077886
105411,9718.470756414672
78377,20826.631144152623
103977,13588.174907503575
106716,15033.391144186955
88465,18758.368957016384
77421,16657.653500668017
88866,12955.352469992018
97787,19600.783655870575
85063,13261.11416890464
92555,17134.81476725928
83695,10220.36326076603
81797,14852.409847262825
104241,31326.863219470888
94730,17927.474882054466
105191,18226.41300329083
84112,10296.243794826552
90379,13414.844526767462
88992,10426.251823815765
77423,22658.880407443114
85126,8978.48952793477
78691,40878.964527922886
80320,29259.205380258776
96309,9373.712204819303
92577,15172.156671547777
78891,16504.251107273947
86056,17147.481905198336
82129,13663.880313194919
102436,11351.205481557814
101469,6778.654569192927
95885,31304.497290314248
92879,22791.99180425039
81484,4293.1493864872145
95550,40000.566289685186
102726,11039.220826432198
95252,22823.581652362773
90695,12531.153953938965
95863,23703.83839013278
108338,22446.67145624392
105327,24677.488918161915
91616,16788.62143344862
83077,8128.982608620705
105582,18718.267971084922
84382,10210.650911744347
99666,19090.792004381787
84818,20172.14275091467
78498,53474.04648833946
78378,54721.881820148774
82799,5918.867334832438
81429,2285.430469482367
107572,17766.76434395196
91279,28616.81040221628
100475,8064.085024590594
86325,12160.711825975106
76825,35328.19595875853
107657,9054.466087536968
82346,8980.314155876957
86687,8901.515433337889
103471,11448.506771540247
78209,22006.800127342216
95328,12579.89510847844
100363,12775.563392187747
87672,9713.040827287978
98994,11299.14250211973
83549,12878.542737100437
96370,17129.75062683848
87842,14736.531297334026
86297,15325.574667555371
96716,19287.31064595825
97492,22176.28780058901
92786,10552.207802189305
78254,17624.15574614614
79291,22330.115474606002
96050,21170.73344032589
82240,25870.198116080428
107938,11271.107524075138
85258,11740.889322247485
92512,19666.56593706486
79919,31285.9321780287
101410,6525.641515241629
88700,22942.585893902375
91847,64403.9115154132
101835,9053.308483454213
99878,14199.553308005068
96318,10708.278537335857
96245,16783.01725325947
96194,24707.0901399062
97973,9316.124651138736
76985,26953.16633191698
100002,13372.637446872068
91364,22389.861249923244
106980,7367.380349267922
76285,20692.53585169532
101396,17367.088780312806
83368,9397.331357409003
92820,16506.85274458961
92264,12852.265577754606
84052,8633.214857164088
83928,11366.011069751388
105324,20791.884845829372
98502,5684.150422313445
94457,14904.813671037577
79073,24317.49830846255
92738,18982.67723172079
91008,23932.18496939931
76447,27125.641210269037
81627,17951.301117339633
97016,14374.868885854794
83182,10045.873474728713
95791,33003.87825675845
87449,22214.71950535311
90013,24054.172752405146
107223,19641.42423597473
96785,18820.187575086144
81473,23167.209790329558
85403,18375.136354937014
106473,11724.378596726168
81568,21376.049709893683
76748,16589.72414638793
77020,20057.151949733543
93210,32331.893747007867
103955,8461.516393066599
86509,19021.04526054574
78291,24453.235526300134
88895,11067.720094751214
98026,11524.877374632404
108410,26083.328163176153
88039,8874.272324847598
91193,77221.075331196
88087,1815.6346256675938
88708,16836.129962790117
98485,10754.961591823501
89847,15975.82990059022
81318,50156.56937743742
103971,11311.408693905658
85649,9385.014998382847
96137,14491.551804592895
81112,25657.90946536689
87825,20203.14096196037
103890,15380.883952785645
92845,59253.26544431934
95649,27738.170397759317
79000,10680.079657836337
91668,10324.033896942381
94544,32927.661093169474
107024,20311.219270071113
79725,13473.719931062134
107343,22739.74585407062
107612,18209.903414547247
76647,10892.65317973946
100922,7977.441208619882
88583,10875.05365942186
90425,16521.3564781614
86258,9520.985085656792
81973,19516.559360646683
85370,18081.198005139493
107854,10811.953000561636
78195,14124.09671003862
82124,33610.52740402308
79050,17119.671764099287
78880,30287.10476566043
88596,17660.2149777273
89033,12181.826392009694
78792,9507.918045363409
98664,25454.28233391395
78544,11691.375073230049
89184,12256.209916056421
83109,8523.25079033694
101759,16328.991968564122
87164,18701.222204378886
104156,10559.80873722188
107607,21443.14775598678
99705,8089.142207951488
79398,16918.52370023401
98401,9036.084912057951
91911,28789.12915397378
88175,9455.806068677133
77275,23602.80167612687
88946,13955.527906506491
98293,8902.060415784159
95991,19986.666919776795
82196,16580.729708236267
78514,40315.55494859099
102853,13816.64225729693
93984,21891.819573772314
104689,24315.863604348477
98534,10388.766608791653
98744,15520.053795235646
100456,7907.369436614202
83468,10788.643204496879
104432,19561.135983837852
86752,20478.16969736328
89762,7420.754755605546
82788,22450.297800852706
105604,12721.43899991867
105490,12373.937810583326
79447,17851.96664908985
107405,17595.587889698243
102782,13488.40496255527
82786,10914.035513484985
100557,16057.299646801615
77711,23493.751174078145
104935,6719.89473415154
90750,13558.49766850845
94396,29834.430606521775
99628,17666.903813512283
87360,9893.222861470933
103238,10665.511657843637
84883,7406.81680499019
91450,27365.556007948748
96221,8645.042927766859
82400,25561.77327639489
91940,10372.04456477215
101320,12841.77771562841
88653,8106.755642885543
79446,6920.564632035711
92672,30807.109731286677
85552,18702.15203303086
89858,12066.198661577333
96610,12995.452879103292
90447,7395.042621142487
90357,13225.62684639419
83266,13577.66643584646
106259,25706.87024044284
84489,13890.48317952514
87875,13992.099066425884
78430,34466.8260458636
77249,16551.853482030252
84094,14804.640505112398
102218,14759.437422564726
97151,18763.868625651325
102064,9360.004232042123
97655,15437.065036631033
97387,10308.03347366885
97118,15734.904518837538
101804,13756.274499358444
81888,21792.027828526796
77455,27430.517602820262
99638,14822.968396390392
76845,15622.254443488651
85493,7948.9386214105025
99781,4316.327130902624
79322,31360.908782671188
96766,21809.570542616377
80513,49845.92029834663
83907,20925.517839799395
93217,17664.82519149835
77426,12265.503587721016
105044,9950.341492150794
86573,11301.005004667262
95251,22107.87867355869
86098,5075.831219653459
93674,23978.429256156312
104392,10978.220816792968
82340,34501.117046514664
85899,20668.055561811725
85579,5365.811715027096
86725,12832.255544969361
104810,27648.433103689476
94570,17353.463293447963
89607,10166.140416701575
108478,18377.423874069158
91464,27181.019900528685
77613,27634.010666025028
83067,7177.671137766387
104585,25773.19039330865
94473,20773.81339343099
98756,11258.360506357873
81199,24494.277975371555
83741,18336.372084887975
84972,12873.02551162881
87486,16193.313475031728
92290,23161.739493024394
97049,6890.052367157267
81960,31389.903101649033
85765,19144.810255801323
81319,24366.08440626095
84335,11708.632721009179
98897,8336.224548972568
83649,12968.11016329214
89567,2853.5406434059105
101958,12295.027126215678
108211,18448.141000215957
88326,14241.65631934963
106424,17196.36667427188
90848,10650.91569929717
104944,25039.669185831077
81300,36256.037077335204
76804,100557.31170679863
93569,19071.62978402795
76839,20641.41250141132
92611,31855.469274939063
76006,26467.949354369102
86953,12259.654985041228
107767,19877.826470390155
87949,13165.035801365188
95782,30464.661030799478
94414,32114.667344276517
98483,26663.008405681663
95988,16436.07840399206
98640,10114.090074525513
102899,5088.354515280681
79367,47107.850273489305
88430,17256.528218589156
79428,20121.957870485974
76247,33178.148146807885
90955,21609.330437108405
100711,6052.493675428319
83720,18879.289165788206
93618,22075.027358407915
94754,23793.502143444228
78740,35216.59604157698
106522,20786.884909148903
90165,8603.928466146639
99615,6399.979007402497
88112,11724.845463067419
90759,24031.82527815637
91835,15231.026120047207
91563,31364.160356318826
92736,31212.924615438234
96939,24125.42924391758
100301,9723.684729471724
80143,20826.8498829681
108141,10283.791727153613
99743,6972.454663966549
98627,19360.43240233819
86233,11312.646962789298
104568,20957.29520334527
96489,9123.670417012385
79018,16969.19400080133
92173,24969.779885201373
81198,14583.863559566222
102450,12529.83345136328
105038,18313.11423068923
93284,21979.608453965036
85848,15498.275202616716
89587,10711.297488866798
91457,12400.997692209658
88804,8851.876300351929
97228,13229.186987021934
105841,28833.223976904497
107331,17725.677205293792
81008,14856.24447573734
81853,24257.846678679205
103283,12819.749009193325
79036,22386.258178951313
90376,15429.731860006295
97271,7666.968903972946
82967,12106.432073190199
83663,6563.246361942233
81640,20734.612546495533
99076,25020.883020488516
107790,19243.763226608495
96460,9022.884048898424
88286,17804.999622388284
86545,12569.250601823911
97634,15283.673837187507
94452,16586.152885167056
94409,21601.73534123442
104877,10561.391172605743
102952,13226.254182187711
91502,15394.583077322639
105695,7519.39273855456
78608,13761.110207906731
77384,36445.88429610687
82188,23860.860306449144
81054,18670.072036895734
92709,22095.816830856213
98260,11935.392985256152
78996,20911.010693069882
103868,7545.047339367145
81809,32131.507224513836
84251,11358.5828640494
103762,8089.008686611438
101479,12265.596283282013
90533,10844.532348502196
84636,9145.947727479539
103208,6851.4321422409075
90274,9900.675556680193
87517,17528.601648648135
79671,27254.68271095479
81486,31276.61189186385
89338,23945.45559551729
76912,12970.149410648177
89675,10041.401943414636
101294,8965.805498898613
98316,9650.345136517848
82457,17033.881815223907
78558,17975.257559411966
107933,11389.634567731844
87555,20117.002001243225
80873,16597.35965407207
94717,21611.862318532996
78922,18761.90337284253
87376,11907.527676855047
79203,22683.476061093595
83801,15674.519057125579
80314,21176.533245178805
96011,9795.405623871113
106585,25024.664748701027
94122,23534.042493226134
101723,15492.441492636943
95561,20978.128067108366
82751,18714.221774738045
107424,26258.972367631395
108316,27477.051417143637
79229,8090.263129835358
104835,3590.3792339033557
106289,11998.863829925409
89876,13939.614668112092
96917,11472.069501349155
85982,23977.64682337379
105023,18436.835371519323
76749,32952.595720135956
76453,29845.74703107185
98954,9169.733102683504
101783,13554.772186567092
96734,7685.024145408743
76884,19128.6218268178
84277,14101.859546865006
104756,11097.843887912984
89268,22463.57638557567
78955,27844.47440249751
99279,5111.651342478192
77361,28941.16691622656
97823,22064.90942900647
84313,11911.111248926409
80520,22134.023752154113
105472,23866.610209094157
77671,10177.39402921423
93098,33103.80906658053
86559,17768.543621134744
86582,13446.455728405514
79414,12833.48343915139
97179,16312.568651483094
94617,22491.12523897512
85780,5566.880142347194
90904,33249.15083057348
103178,8745.998277050128
105752,14255.840672605484
82636,2375.699697777773
81069,18369.447778705962
76784,3427.45874042904
105061,31642.469584885424
100732,9481.52535974058
106562,10515.29801158348
102833,9354.371990616053
79029,18527.917228068825
91944,21813.97213945678
99849,6697.600416847296
85213,19756.342597449187
92653,19192.28549679097
90824,8817.286263001568
102752,13430.592615945814
106732,18914.664329887677
77076,14408.631014740671
101825,17545.406387563886
78920,35935.58451584709
107404,15952.408078913822
80053,9533.601855126333
108062,10905.571171895725
88256,17372.6717087578
93809,31623.575444479437
97342,14476.149276085502
101308,6421.414624790077
94366,22841.480033634503
88228,10508.502694047867
91471,20853.74073233423
92294,16460.73324658236
92018,25317.39458155403
77448,42537.241536433154
91091,14537.851753645578
90892,11080.368674902258
93754,30827.380423923332
103644,11226.917543397483
101170,4482.987460882729
87238,17480.25019178145
103651,19366.340395943716
108015,17476.941921477955
96704,10412.950764365718
87938,12801.558469035032
82456,12266.257527136997
94735,34796.69159023968
79831,21116.985134825605
99435,18899.21388913884
77407,24425.59250656729
105163,14078.510989704599
90450,23304.706926229563
101144,10661.00854754209
85101,12685.593595018781
102152,11705.21681802697
96445,25577.247272983164
93062,38276.068576785896
100172,9537.454773369092
91519,20781.972508856088
77563,83290.49455590059
106245,20391.666057085193
78606,40337.56726168598
94171,18359.763610835395
82263,10874.867584613325
104528,8075.1707637552445
90918,27840.108598899387
85512,11665.828430477066
88317,12303.320334602953
77807,10605.143780345641
96992,12848.747961754972
93802,23313.367426994308
108022,22406.981559705295
97029,16320.918727774462
92027,38538.649517336285
88331,11784.012395160198
81387,13117.997209175639
78465,10619.354072636801
104119,14564.904912670228
86438,8424.418936995819
78315,14117.870699524414
102212,15385.609795625265
83625,16976.35814892329
99983,7196.775002509514
93838,20594.419629115175
86485,15675.311973111611
99164,18013.095803275053
100640,16193.889459973645
91693,28072.802787885612
90195,6995.303347815466
85076,11181.183447568843
83090,9631.463174360339
84161,12017.510790533313
85985,17962.54659867512
84759,11511.692428087252
105838,6688.20806249801
94748,18851.71451259388
108188,19235.67256306673
94465,17141.008114368826
81856,13672.714690718214
102715,12011.938797096931
106448,18900.575243426374
103923,5106.264724597795
79482,32716.142647922763
86062,11135.80815289167
95217,22073.204267536537
95712,40071.585829752425
98498,7973.582722520502
79175,13038.096138387102
82244,16055.418015626212
91792,33987.26260656973
81626,12772.36481791463
83185,15813.774581519416
83134,14567.771387879797
97667,11150.134840507677
90780,18731.160749698174
79383,31615.700558838726
78440,32819.12993228684
93657,19222.781809512235
98771,22400.17287679717
103569,17128.97851113399
84696,25057.08908008133
104235,22742.621205977313
89916,12488.00060621549
108238,11377.141019741963
97737,22359.33932109451
95184,40542.72312911263
77985,28637.030439630307
100680,17250.180109934816
105919,23918.92281224616
102177,10373.83123250415
99133,8059.4244355752535
85097,9597.653146386507
102464,7702.747295821024
83036,7916.561356335075
82142,24530.70408294401
92118,10960.12026669043
79734,16264.024444108803
107861,19928.971786746002
98253,10365.844279416633
103183,9201.176584208411
98112,12101.836506798609
82339,22923.53315550042
84875,19923.223453638413
99774,24682.244264767854
101808,6040.333497204131
88731,12689.682370912147
84055,6611.477135183509
87777,9094.78271129612
93362,16469.696294746955
96195,7794.493403263436
87650,10255.96049657985
105329,8488.432209072853
84167,11693.196883968172
79667,18295.376901147683
85111,17698.63307352208
79561,17473.897437358628
81753,33871.12279897616
99584,15435.881920028352
107389,6038.491372051448
77634,61443.67424417629
97353,11964.662469083443
88362,8531.441844688483
78923,32552.425827631978
78687,27375.543145704625
79611,12779.232707067551
97264,7426.519240726948
104372,8201.73832714114
88340,8223.88767415618
81409,13901.797714313592
102716,11422.39455475603
100489,9122.655775214724
86616,10542.967761306578
96450,10103.660092571792
103898,12822.146029201256
78965,14683.370395330154
77910,14306.758005770444
85534,10276.956734060908
81814,21248.75835031063
88537,15618.685302143806
97930,7012.172218643371
98346,10956.975510112195
96397,19795.306579380373
106812,29424.1299050303
88599,16023.272806298915
102760,11906.488298228509
94884,27403.163611772612
77319,32603.50322204039
77255,11340.92277611625
79483,18624.44810361654
93869,18578.82166794699
78283,33249.07796902369
79491,16894.64666657453
79679,16060.141451877145
104817,8542.419829907456
81355,40002.225559258986
102513,17969.855215390005
102311,8594.660451292164
94639,24630.73007273124
92057,24729.958619765963
108057,10396.124492048219
78415,31313.449818747406
91755,18022.742655256665
94507,15791.7602604574
77368,27959.34635092104
88838,17192.80421905326
86482,12700.182466467639
103032,10292.508509676882
101482,9810.423386752562
95744,22051.168456930413
76424,4540.295728788658
98537,16207.011674273659
100039,10500.678461259024
76025,20232.505708641278
82426,7722.154882787273
88387,11246.65834942778
100785,11117.710005514862
84030,11505.790706591304
107046,12201.359901096024
80159,10243.88192792012
81743,27473.855711553253
85348,12233.622451399056
79901,28740.938207305906
108373,20598.820246405583
79436,14965.89031751679
83626,14409.293421871056
84211,12689.682370912147
107879,8880.029304415026
107245,18155.93145957978
102868,12819.749009193325
98034,16591.12738392299
101634,11627.487162116038
78902,23431.496994002937
104908,26362.897293970105
108265,10905.571171895725
89613,19701.96307518146
100852,7136.673188907889
101045,13126.767275781946
98194,12740.436456432812
87876,10616.070571806576
88436,8242.96924848655
103563,13569.895407111228
92679,13515.289751653343
97639,17629.563217629668
101310,10205.666568835584
107398,22374.340211940624
98740,7019.767414376434
103081,3729.141047292264
93701,26900.43081073738
88341,10242.100453571156
91276,20729.380886023304
78877,17199.887827120638
100579,1371.5366492079593
76474,24196.129233637042
100963,10674.254678570976
98672,5481.440607992523
94737,22679.65353321437
106382,9048.352186627
90771,25472.330772949834
82118,20576.00276831377
104839,23656.202676941448
88881,6459.06223887185
91400,27089.864332222984
89615,5405.607079931293
95916,35188.20147605289
99952,10142.777046263474
95605,19851.9719021352
108251,12641.626731582533
88507,12681.775354762132
97142,28883.108121924084
97129,15878.05691775215
106320,6804.612781344333
104569,4155.735664635369
86018,19707.59351714727
98054,9313.956403403845
85925,19474.223155595464
82859,10841.064620197873
107329,19019.110903499055
90943,30902.539482549008
83393,8243.285324813343
108091,11939.078104245058
81571,19053.14048988911
102704,9634.230753032021
89511,8450.85457373931
86361,18112.71538368668
86449,12279.531916714113
91048,31855.469274939063
88932,11281.083428649832
97096,13075.541892481282
92493,28035.27038070489
106005,26712.097144047133
92101,21631.595890971188
85618,12796.160411907902
92275,10395.292940011544
104354,7852.797172278954
100165,8111.89389744705
102137,11574.887103974977
92251,13367.880598294816
102299,12115.093830880496
93358,26223.45848197411
91807,28179.82459040643
108402,16686.061836300876
77155,26954.716988457236
79195,28219.007728991615
96974,10607.930054701254
105848,9311.421069611188
105425,10570.631346248432
103620,13768.772301900008
79238,32855.4125001981
82292,20611.00504942811
84451,3129.2520350052346
93942,32189.17548906759
104577,9832.55138322834
105690,23345.734079146245
93421,12133.069082255952
94411,21121.481963349273
103746,5978.44939791255
104927,13512.413266528694
105798,11174.850595268399
88601,9117.316505029861
87898,9494.366967655777
87580,13300.402459119618
106294,29240.332237403367
83194,12411.295693539581
76073,18894.870581253803
98161,8894.141768402542
99152,8986.893801472335
78180,12192.016477560323
102662,8703.753291290157
98915,16211.003813154912
103302,13463.132446580083
107764,11463.145727923535
79227,23315.909906012075
96799,15275.168726918631
106081,19560.9581055602
107508,25753.551794567564
97995,14982.825596196311
97586,22486.109437687195
87104,28570.602897636825
92790,39470.99941830217
101900,14737.001566149822
107104,15763.95027587148
93384,26896.735735540315
100649,5610.329950314447
94525,27607.471978181828
103004,12603.268203370342
81477,46151.55912096045
94774,14742.876468873563
86403,17660.2149777273
95958,9572.524812795253
85977,22452.458793992646
106000,23342.684370104158
80189,35011.105641174836
105330,21505.98309552675
98119,13670.194444432746
108242,15770.618428504362
86122,9897.953376645988
90847,19727.137968114675
78649,18654.228995601436
78043,33903.20887656673
83454,18126.373770289385
98842,10956.975510112195
80378,31586.338795287425
100525,9936.032779944755
101979,10115.12680482855
93192,26462.65904333714
96062,15404.36669289403
96319,11437.810706023372
81121,45619.67119740864
96527,14888.891029836523
76762,47646.32659369422
89658,13530.951642305841
97136,12176.946024171732
91941,23865.164244313575
107113,10933.337761734807
86846,10017.803421618952
102674,12518.943140816027
85905,20532.278328906224
78034,12302.888464765963
96919,7561.245038383
81474,29182.268330780233
92121,14231.867138347852
108308,22568.96891713683
105113,16632.94794105938
77939,32841.86606061392
76253,26324.593769304298
86272,11912.504802264635
103786,12819.749009193325
77663,29292.943518276385
90143,12696.105408866455
83487,16156.953590676312
99629,7893.713791025559
78016,46254.341701571364
97062,19379.004873804657
87499,18723.380620131393
104580,5089.5334331662325
92086,21408.929924999087
81704,29529.304146628172
85458,20116.5921680521
94697,26916.569464127777
95730,25954.74585104858
95533,25673.243122534608
76852,14945.687136011737
83813,17743.048459568734
91465,29053.179786089146
98380,12662.164101194625
86923,17672.38807689224
81159,33943.09149227517
99462,10241.142296331369
86553,9552.867093192644
96547,11802.741503690802
77542,11860.226477261707
91704,27945.738187828112
103567,17373.17333310493
98508,11683.255259963284
94989,11819.477425416168
96305,15067.341489017319
103772,15531.144551256093
89923,11063.105742145379
84616,16573.008287095883
99970,9778.336023266625
100286,7657.819748024281
95785,17751.82875363345
77239,9589.925622532804
103828,10287.009852358267
86204,21885.391470527076
96855,13000.99363557137
90132,9679.326848282333
83949,5831.5990529963665
97042,10582.462930568914
81439,3837.700785742378
78200,30869.738640032763
96583,20989.24087962069
77935,17845.134042164813
91759,17117.365193436348
104912,19239.60567511061
95613,14633.947468301913
105447,9742.697248914794
89828,12415.230766114371
97297,25467.875404334667
107599,16932.477366951964
103109,7231.175278673311
76094,14121.632910346068
104324,16088.981663667519
82877,16793.313038981483
88953,16753.655730579856
106644,18963.319812332924
100086,8373.259661649292
103949,11491.76140280915
87447,15238.055523278332
103384,11091.057740905802
108506,14866.126842592563
82045,17466.96782945061
86346,15260.47487087742
92643,29877.94643547444
106532,10032.265416294704
100209,15315.01401151727
78371,20560.90005341975
79815,19156.3532156572
99946,8121.144858506579
85965,10657.060048662004
79558,24924.401312189115
108318,17603.881964191693
100907,6562.970371965983
85301,9421.898136384085
86214,3981.0447834538513
76307,14325.732981195852
89487,10272.896714795132
90272,20343.813659437652
92470,21960.708374424354
89056,16876.64755242559
108376,13309.023851871038
90393,18430.88467262481
90202,7945.823710397126
95164,17503.228601378858
80501,22347.801232619295
80614,28201.74672698992
86354,11860.925204101814
103851,8378.902283392617
91517,2502.663562387991
80179,31488.321881888354
97710,14753.730393111366
94083,26266.054263816844
83733,8686.178689231076
105032,19074.965223231175
91064,26372.875945604224
94799,24439.360041418422
105548,20677.7301957819
94248,36987.82594896634
91984,30163.982769154703
105390,12572.226416818505
84137,6902.69358679202
84643,9515.14764796518
94173,29580.01987376688
89789,12559.06661613992
99329,8005.409439592932
107125,11446.84468234977
81011,11209.831856941584
92062,54068.79728231112
76630,30106.18913474688
89022,9416.086197414568
91463,31950.731213693998
101563,18288.775698874866
104307,24998.57128846667
95572,19246.249036905185
91019,16679.491659946572
76966,18019.846157559154
76916,34601.3475160249
82319,22962.951595495044
93863,21726.62487145049
96798,26351.727661482393
87072,18920.944025373985
92771,18142.621819017695
105915,9061.413208313339
106830,13265.567842023529
88798,24354.460612449508
81750,11464.876081171027
90415,11021.520368000873
91110,26213.234729062548
82187,27271.630219193932
102386,13554.5398962203
103517,7694.587763234796
86270,25406.53111358743
83526,14648.505711720969
83728,15688.72575373643
76878,12612.914929412716
99712,16539.545422422023
92556,10395.292940011544
89879,8007.295380312005
85276,6453.490979572017
85272,12969.697564171107
82645,12085.340732251594
81445,16047.14669168165
97841,17959.665105605764
97088,21878.38706160534
87735,11195.219258534007
100748,17869.883125478358
94315,30045.605404143203
105218,21225.27872397472
79295,21788.950492255794
85482,12466.821022873075
105112,12594.135904195044
98458,15833.963502490542
98177,8443.691007317064
92392,21755.8825655588
106885,9605.546419014694
94239,27750.11168691749
98355,6460.713977830792
81111,22404.449459430496
101464,14408.492953065816
92070,22509.8345569953
98707,29313.207991803974
91095,19744.59182100419
84486,14649.689137846006
82898,19594.892181592244
108233,9449.745995990674
80001,29372.141149059895
83538,16183.6060714467
88563,8715.43642845674
98871,10005.81488319877
80645,54835.15845761355
82054,22204.77363393171
86397,12488.18873865372
97865,15976.824595204855
81700,28562.580845632267
100417,10154.916868792441
91017,18594.53431990648
95218,23236.12525106472
105519,10836.042455100185
98097,10061.193712913793
89232,10226.318306049146
104997,14620.422858357613
94952,38669.60502330658
87017,14538.593785627163
94876,37831.06951845708
87741,17415.35582598618
82776,11943.03844532528
106221,19964.146963261304
100602,12394.291730290326
105337,13083.412899938505
94476,22239.497404863538
82899,13052.57871392993
79145,32974.67903519049
90481,17117.65610171917
92396,25689.452270596274
94605,25200.821789118552
101668,9320.275725627207
79742,11010.045389301466
84465,11989.962783257852
86828,12321.66892794568
84944,17362.927157857335
93680,33927.84586707848
85778,7413.48809867025
82841,12381.132384324988
96597,27997.457245873848
106852,11578.009110696015
88003,15606.380745424181
90461,10465.608787982726
91184,12635.302102919064
88055,16890.00481802431
99180,11970.631071488733
87766,16586.27375173367
86691,13755.254336896192
107751,28944.307167716557
94882,32391.259988671125
78637,29624.487129759258
100601,12819.749009193325
106271,6141.501590117309
94355,27658.93614363701
103261,10574.865618657643
84449,5606.762019634639
79799,25148.47539458979
78481,12192.016477560323
76569,29524.52907684275
90516,24438.72662004347
91054,31387.46056769406
97435,10233.128910760124
91203,17663.717204516408
86130,3739.134979089001
93768,29488.04942988263
95494,31716.976553675213
94319,36507.534532397054
83638,13268.418067158102
82289,40756.70378098402
107990,17650.60886782504
76261,14362.629537114171
103466,13673.326001995829
91403,22908.348571858452
106025,15055.36797275697
79465,29338.788469857212
102871,16831.066626100142
108446,13449.41711212272
107305,26815.346434833886
80190,28228.938139512222
81649,11073.919721216942
104611,13414.26335319083
79821,23333.353341122063
106756,10862.344226760455
94209,31855.469274939063
81524,21935.22772859384
102947,10960.349808896673
87868,12982.423753835994
95933,19600.165907039376
86850,9517.101113529901
108381,17008.69123153668
88771,6560.1595004504325
83105,13042.597398375581
93264,32720.68051389555
93240,26282.98937635784
94060,31120.805656112156
95003,11574.390873789898
105812,22541.809167064406
76675,33763.188626849755
91421,16818.970959403137
102047,11748.58191113848
76316,19699.528178145632
108385,36043.15019536274
80043,22254.432772906428
80122,11303.680731717363
76885,12340.546058043125
100765,13788.452199210384
90748,8044.833414462181
90799,16202.957496667725
98792,13546.739839847936
90085,7161.390452830029
96967,15372.674202540196
77008,29132.016961923186
100132,12916.15184518143
90720,18290.19435689108
105966,14360.644426250117
75981,16788.549249188825
83312,17776.510277648136
106478,20369.35243796534
107800,18328.54331891988
103769,11731.465313165647
91814,20117.62902015738
92683,26507.540363035798
93319,27382.748564838563
90670,19991.55737917877
105982,17580.600521190154
96565,11750.584947895277
89299,21319.287932250587
87406,11014.085640310357
93260,34837.883085740454
101201,17606.64673217244
85414,18673.016204788764
87273,10809.855097694988
77653,18531.037255074287
94848,25904.208512713376
81983,12640.81190500188
98927,11113.545768510248
105078,16270.84096862973
102825,9251.551294857576
91211,16565.972321551017
83862,9569.215787294239
76624,14841.87827516871
96502,8187.091194387273
93149,31909.913821976737
105761,20097.41527909388
81327,10300.183893638963
76688,16061.722382339205
99302,8027.674103896794
89052,26962.113415040836
106892,17217.127237583332
97157,16475.390412638142
87715,14741.732000520604
104669,22101.245338706285
108522,17550.140645006657
104725,29638.805867142295
86473,12716.806619746414
107402,22785.084576029018
99376,23508.48298250514
105473,9905.849469934863
101761,17606.64673217244
100229,6709.730866083927
104122,5066.081533857991
103433,12122.337790095678
95259,30110.296358959706
76691,12192.19182236175
81526,22520.597328612228
90817,18275.709423688666
106577,21615.096166215735
105900,16660.40256702491
86342,16618.47632227999
100902,13702.661431870189
84715,11289.489821972968
90605,15434.49139994801
80255,12722.215355019167
84484,6299.756653845219
82894,7791.2822266964085
86148,10454.208118530429
100981,6424.827465232645
104559,25320.334662829504
96603,9381.84100393891
79461,14039.889920730138
83864,7500.833043534638
99364,14538.848883886374
98182,2505.719432228528
85145,21704.017147861625
102591,12510.220820732204
91416,30759.303045578195
89032,17794.453751964837
98530,9143.855881865094
98214,12188.043985820872
87931,9390.352045899923
90835,21457.495338237004
82398,31929.861723074686
104749,8701.094028218458
90735,14148.130299076256
105444,16863.54114035114
90324,18083.086250209024
102500,14539.212120299004
106702,7211.728643043927
90727,8396.659844661835
97427,17598.609241742914
99844,9603.111577814267
94541,43037.325365295364
84483,17073.72424626331
100773,11801.883258589749
97910,8948.67092375446
97461,16878.713178754362
104846,7859.507432186892
83951,18549.093478726518
90276,12527.959526523884
85508,15308.059288007507
90153,12341.242256179567
89830,22162.99188548443
89708,21142.74133862154
98504,26042.249395311304
80397,29094.422338094373
76172,42809.7328241663
85446,12550.403558695716
96732,13846.978157970912
90781,8307.902449996418
86208,8657.451173704088
87814,11867.00087068717
90938,32692.948621808267
91231,25612.746119837037
80979,20194.045276854566
85098,19305.031184924403
82160,44868.96982699439
82809,23186.120554714576
86468,17580.269104752973
104758,6660.173092215923
79772,35543.05703917913
94343,24432.157740416835
91304,29112.94616880137
88751,12331.856805775706
108437,27359.11984950118
94059,31842.312222995522
101856,8443.377108027868
76319,21150.38697240175
77918,34878.51891866697
81976,43353.78779651885
108377,19801.436326817133
95984,32331.893747007867
102208,11676.60848622353
84420,19495.496582028485
103716,16427.705288403446
106428,12022.682726912251
94602,17040.682860307887
101119,7547.746435698838
77387,15423.377550013593
107227,14263.353034091637
86164,14571.640439132027
85096,14832.037399688277
108198,7218.4359616378215
86401,10074.146759050405
86386,10450.97892496264
82726,16494.894055445933
91977,37228.07114404192
87805,20551.199682570394
92810,65111.423377121995
92387,33633.87028657179
76117,16707.067703695415
103862,12834.081028529263
86962,16700.222788128547
77023,63243.864274147745
102863,11915.94151107465
85375,9503.346198527322
84363,16778.816225706236
77485,20751.49551098067
99266,10810.005225955718
100253,12819.749009193325
79037,19906.737707580236
92228,32062.59875405885
84144,16312.421066780407
96577,9966.54238662698
81837,13895.867935730537
77791,22471.248615638615
80717,15640.658149322557
88865,14517.22430460273
103611,13551.500079214009
96150,26207.37567709267
98071,21749.554249236106
90964,14877.053598986084
108523,26888.864011933998
89431,14108.150787213317
107595,21548.698585905284
94778,25794.41996436329
91385,20140.473338805008
99288,21244.843273488004
82885,17309.931398443165
100437,12497.103124433203
88938,18882.537868316424
98801,17658.162973012215
107023,7776.315810087838
88675,21912.62071639597
90159,15594.402663037867
85804,13936.394037870992
80088,26891.98703741703
94929,26816.441143505363
100421,11676.60848622353
90603,11356.215759722543
101899,10899.346517281996
83201,19309.83001973359
96023,11675.221790553947
102019,12819.749009193325
106863,20627.789749307056
108263,23294.267636043725
100605,9203.217083062968
100998,8872.320007642737
105544,21895.132993170482
104343,9522.167614011847
89692,6897.891233342578
106309,9993.77271982912
86065,6453.490979572017
86436,10608.64504499506
103991,9002.531078708775
92712,30687.133672868997
89709,15663.40245775135
95415,26144.73495523654
84959,20954.577903367972
89069,18474.029530113938
85580,17983.025671369596
100728,11496.618271260346
80638,42804.123468442136
105713,7468.397196750308
98494,9487.085644272835
94819,30930.834190000187
83800,8279.81479644145
91085,17787.512723705433
102276,12474.005563220044
96111,15879.120039676673
90891,25787.741789489166
80010,11098.350007365723
99501,9226.148645726487
105431,16370.815411697735
82161,11499.99298603986
97426,7587.697764116665
100242,17606.64673217244
102470,12892.620301295909
94769,36120.353967572424
83472,12949.266092949125
81138,33427.05224633097
82719,18238.210683660454
97305,14273.356203921983
77744,12260.902258067741
83536,13931.183730839604
85355,11408.776736112459
84273,14009.559103176298
100061,10807.375279045526
78109,29001.3841896215
86119,17897.374438057966
100274,10007.616006717239
90390,15726.370609813945
93338,36131.823106081036
97460,11263.6119433562
87833,14576.838252198015
107064,20454.495665029728
80942,10074.508200828515
87473,12332.564214889871
105869,14175.729663616969
91776,21230.04974755279
85853,17161.39727873879
94909,21286.117230788
82407,17223.297605716718
97633,16841.53544495962
80176,26763.31997207059
88572,6535.7897973489535
97971,45317.17516944039
88633,19107.632380129566
76234,24800.088254684895
98579,8487.229288280776
90034,18306.401216639668
80857,26791.65604917049
85633,12380.908878352839
97760,21499.274187762294
88831,11301.005004667262
101303,6937.709673962477
104373,12941.05403849914
83512,9127.018841588726
102692,12529.762508008102
87092,8603.976089395852
104305,21170.157736460715
95344,22841.480033634503
76629,29662.31570535587
83699,11133.35238110028
99290,11588.622443165164
93528,29307.342163489226
107251,8555.992177976961
103980,13768.772301900008
94469,25219.224087804283
96448,15127.640633552885
93511,21463.020300218788
101249,19694.076155482548
90543,18051.07437304188
94928,19734.338215443284
102623,14655.43767450534
79505,11211.757472703595
90175,18306.629726226663
77417,17312.650753280148
80974,28987.33122018961
78874,15258.997760523554
103376,6399.734086522156
106490,21105.874162268483
103267,6536.328797109952
92434,31048.86462078668
94016,31600.059652403288
107217,25801.79850046984
100783,7528.078861033445
104306,10270.78372516878
107691,29885.165543619583
79101,25182.499134665144
79607,15833.62282193037
96910,15209.469847995415
104648,18114.15245886166
97752,7374.049938147664
91917,20869.125758558297
78307,36562.687599387384
77462,11651.41393790964
92958,71180.15826359656
92148,44921.2407189471
93317,28277.54073724908
77824,23518.62676934532
81043,21290.958469572168
77339,15258.879781183035
95942,23268.26459349131
106865,20363.432558879023
100781,15593.867582980592
82907,8587.176456877709
98541,29947.480556756935
99032,6436.290147138933
94935,21620.240754776816
88567,14734.763578126736
103765,11623.254503030796
82436,12786.368046886719
87940,12161.95496647146
83542,22001.615392943942
80229,35210.84722619916
99988,10948.331252871969
83379,15321.463733537128
100404,16233.473861915476
76340,22372.577629070005
104105,9876.239023521912
107460,22630.375353401298
83058,10562.24634164958
87987,11626.29708809566
105926,6597.104583037786
92263,22599.714667977347
76100,17312.336542054712
98059,9464.53546773079
97622,21249.302824833787
100124,13371.432836141694
85132,16648.339176295827
90849,10400.464149566018
89461,11494.650615703631
104144,22639.88350718009
76429,37572.51361507457
95660,39264.830762940765
93649,24334.14003258681
86295,19474.223155595464
91313,52044.91973532773
77778,41276.606909772854
76003,16469.517436823106
96131,12284.772072200234
80441,16745.822896909885
107065,20621.613298376713
87237,9972.52520779274
79135,35061.4489507742
79471,13972.83015491736
88444,11118.829269865
80954,12037.337121868326
87030,18163.231133692923
82803,14946.360062160533
92307,17838.104101069664
103846,11076.913982202985
81505,42819.75745364372
96454,10846.835196227024
92723,24738.868943859925
85406,8573.618011842367
94692,24656.79779478905
96459,13127.51889704592
97045,4217.595410162518
88125,17236.524707324763
107173,23473.142504025665
86708,13283.425851856844
104799,9605.711491138389
99726,11074.268573350912
83300,9876.456032087486
87117,10671.085881951602
100398,9840.667265825643
82731,17580.01332957285
106322,28268.762045848183
83937,13108.711368468583
76509,26320.69955572506
85158,12452.645140396933
90411,18534.26265561257
79751,19092.56050022094
103864,11402.196379495173
85183,10336.626590821134
83429,10330.007404264958
104401,7646.67030279254
102908,10646.351049432275
82107,22982.40291263063
83546,18112.208098185514
101326,7439.241866415299
83489,16711.477572058124
95464,12457.565568505706
95312,19329.711973093006
76958,13431.792820126597
87284,7830.277919035694
93565,27996.12704072318
91521,29641.551319456925
103751,11717.513448358757
102806,8799.78031447515
83404,18657.43296768501
78539,24679.50506597313
106376,7312.266830342628
84742,20085.427017358546
80991,14711.913177506483
99185,8108.8656407126555
81160,30021.776795879607
101309,8698.52562992283
96620,28333.031955845272
85514,9954.610901022057
104504,11507.105939108242
90442,13239.388386152035
78824,20365.986307221097
93907,9931.936278941996
92574,41008.18452905559
87966,10326.25684008222
84013,8342.384572687173
76192,17825.894477353537
101039,11500.579152668215
93377,27080.131110778042
89911,13867.068816145806
82649,9335.167035986724
92244,37458.9804015461
79456,22813.710060213314
84577,10664.175197494815
101829,13172.455655175814
82454,11970.864965982322
90738,9947.119005858904
78614,42718.07667146036
105723,13475.06126270255
92281,5043.485004207536
83361,5589.903556176096
87484,12233.454187680556
94268,28167.23131410999
102791,7018.482404840777
80098,38288.20129723861
91058,16158.191850586332
94029,31470.066722063086
88543,11587.204326974586
81670,24489.769093831586
101579,11613.769088381583
78436,17963.465121012614
106875,12875.500284490228
87655,18372.71924494897
91929,26311.54492484772
91251,20781.972508856088
89471,13530.293001231255
97578,7438.1655746089555
82672,15225.13766475458
78444,25902.17189499853
100808,12974.973624956805
88869,12675.135778547365
85357,12338.03881175255
89167,14647.153822607033
106862,22242.16800656702
91281,57359.99240131867
87788,17660.2149777273
95287,17747.390106065683
85680,8705.22044685026
94781,21794.219953923508
84268,13368.049147201395
91867,33419.88489763338
77714,26080.3665295613
103499,12819.749009193325
83996,8772.135464335883
84187,13805.069749255552
94237,24143.250809965622
86917,14884.411157768087
99891,14270.273073667562
100901,9543.697230524407
78556,27077.055692030408
98139,23508.655122040804
83447,19556.044972285566
80732,22170.09198805631
81168,15407.582148447538
101789,5135.450215295811
96183,17905.834242813253
104888,24768.764678943593
79944,50780.40605814487
84752,10169.899957925953
99274,4321.613179180533
101601,10934.332257788546
100509,14520.204141983542
83579,22589.670833090746
78657,18400.227637700726
97894,7948.864402020856
98305,18349.41049808395
81298,15172.686525319556
98132,11785.565028697085
83681,14085.057194505014
103875,12819.749009193325
96447,25207.36923797734
105060,19915.294335875427
79150,46851.528088360974
105628,23158.410937444252
84027,12678.137188503793
98984,29404.56618823375
103343,10240.539299486407
87304,13037.006533856087
92483,33028.29275317372
78555,19105.946120029927
78697,51112.575149655546
102830,11788.972734946781
105192,19572.19516147499
88749,12678.137188503793
97670,24336.177372993443
89034,8496.671015585149
101691,12602.952337512326
79307,21962.172395699876
92856,15646.432284729623
85540,7130.476000905709
86841,13105.317222633
78144,27499.328057857358
106175,9094.51919103173
101199,12819.749009193325
106284,14399.330752710746
107920,3746.397191195641
85677,18594.32422298709
80672,28161.197507185338
87751,13130.720026943702
81660,25734.658749343314
104608,21064.234490983705
90356,12234.364320625305
96037,24531.733620919298
85376,8848.002133525775
94596,14087.640314200531
88457,13080.756608819562
92475,14278.757960022584
81195,17667.15735202504
92529,43531.49397802308
96471,16068.995531705523
107840,10991.86128616147
84210,11919.162782037667
103192,12968.240936866152
101468,16110.326245228338
105529,25591.13185620729
97367,10459.745249025455
86100,6684.981706310048
106778,16173.290373333348
81881,26617.199756214777
89597,13914.389858532446
95589,27967.17390303195
78552,47793.67170424944
105240,23521.589625343437
83448,13546.568795654746
83290,11347.79828509081
93867,42066.853333867104
104187,24509.088530454395
90760,19587.884443462757
89599,8150.57120867448
94415,13746.22513970046
105080,7276.4070583442735
100371,15657.62344871468
80360,44694.33824069013
101046,7478.112738629173
76264,19702.88598305275
93041,20954.136856153054
104160,13826.698667364788
78058,46669.652268294216
93770,13999.854138846853
101223,7950.258743586488
101983,8096.566299969586
98730,15946.282362191423
89800,10378.490193413034
88196,13940.706984680413
97641,6569.087454149851
103870,11393.327261193424
84704,6074.5253528233625
77526,19172.023320804095
77738,25091.799467713787
90078,2856.3870311148157
94292,27274.964796149146
78838,20680.295894176783
81836,29014.483745397214
80276,28813.78581553939
108312,15056.696162910868
107467,22484.49909587855
79713,19502.22588423937
93468,39305.89469995777
97220,15827.515862941982
98297,10077.445559536121
91141,45072.848999184775
105107,19845.103471228766
89334,15810.969960331546
80077,29040.887837469978
85326,16971.616044964438
88677,17036.45070126034
86517,13291.410150939168
78770,34530.348011827096
82840,17419.80423963835
84256,12252.827780046697
92318,26792.861427886815
92119,19825.254578847937
94970,22348.545249559087
76714,15182.065253522986
89170,12565.468510387085
90548,12343.03509761693
92194,31727.553877967857
78522,29132.424255923015
83527,17951.562764963983
104239,8661.187366408461
98128,27900.882717449032
80712,19691.568240450313
80259,15464.083122609522
78469,29377.122175494966
101923,5500.62935056534
103655,9897.755898176143
101481,10857.606375575224
86550,18677.078258686448
90289,13154.648962598918
86255,13750.538224315473
80411,14639.636491606074
97263,13073.756145509455
91086,6755.9678067986015
80675,14030.871502306309
77800,28134.245541866127
76613,38411.39507537747
87002,16596.095178216914
104952,12594.50123978654
94790,40542.72312911263
89888,11481.374503433997
106268,26982.364771969795
76926,14237.863339382606
90503,11648.457616752445
89083,20866.164010652537
92741,10896.330837808393
102911,18890.7342018835
84601,7924.597320804827
84846,11159.260655410886
87884,17459.988833770418
88305,15124.777733053128
85335,12569.250601823911
89396,20298.227607731922
101992,9791.41401679118
90693,17310.06293460632
83262,14373.960293913284
81620,17545.723961056498
88435,17745.552776083743
80013,36446.36131029514
79539,28879.492552199816
85226,16724.56080946756
93522,32747.749227540728
77175,65530.269977000775
104947,11057.78219303703
100869,11519.086142521857
91575,33492.197991611254
105880,29942.5874366523
106564,22017.99897598156
100585,5707.827041670499
107332,10702.376967663216
77295,34086.52704500844
90575,8998.264322928573
102261,8189.265101592166
108080,16145.598010580648
80364,20735.99776165505
92476,10790.535708637031
104078,18511.159495611155
79184,16166.677049424205
107575,10800.260170502836
79281,19589.059158671334
88560,17830.38905462775
84166,16781.545436743192
78054,12157.92768363075
97324,4276.684240282535
85558,14611.355840549786
95710,19173.296567125097
98600,4813.114470697537
89622,19142.037478306676
81838,20728.942467569497
90646,15100.513963677766
88110,6648.5944772999055
104085,13297.692415079693
98242,15613.258139606573
106226,11231.649417088229
87500,9408.837768716116
104807,19966.93020047083
100160,11534.759975950374
105379,4621.0444924171325
96754,24485.078013193313
84863,13663.36015758635
100130,13481.54590225707
93462,29270.822542325463
91640,11140.600498818307
95922,27249.292102783904
81137,34120.88010378343
78194,13340.056130711675
87308,13990.275336048437
106775,10534.215434623853
86629,12117.721383091292
87659,20241.627064961085
76404,20420.83621817785
87258,14804.075383742547
100560,14705.222542999054
78660,13946.844996367203
76485,20746.626930147744
99545,20672.616640813743
103074,11049.073140837098
77874,22498.051956936608
97514,12808.8889895789
103308,7587.89217295157
94753,28926.54056522247
80045,22445.178830604073
107089,27753.14737742419
101236,8167.032695425213
103264,17606.64673217244
94387,16367.707563968786
91926,16830.82158500381
99972,15407.199041992697
98651,7053.769997951718
94873,28598.75993849238
80722,7551.37701703253
95907,30297.83523076882
87746,16911.151273627147
90574,11448.094477323433
85387,12952.826711934971
84204,10820.833827799617
80453,18942.723009271045
95244,36290.126182551714
79952,16931.127841113575
105770,11507.105939108242
100419,18613.473946996673
84200,10526.10906827775
88059,11904.975977712911
85615,6301.258348728304
90795,7781.06352655477
97219,10601.139985269327
81380,15313.631242171294
78928,20546.406885942895
85613,20604.86175029358
90529,11890.480872890603
89825,10739.277919621582
107431,10905.571171895725
97707,7169.941554669365
76203,20238.39947361119
107808,18402.479203663344
106497,10703.797426640336
101925,7392.840954873223
95434,22571.787714376507
103718,14959.358852471873
103544,7742.057129967885
78735,22700.392601868076
101803,7892.764026815743
106491,25083.916049372434
85594,11611.06047780917
99930,16469.84656029575
100927,8813.532546950786
76097,21854.999149945226
89406,19474.223155595464
103773,8088.929791547144
107843,10440.760705955681
83507,19025.123291809934
89693,9373.417755292297
101441,13532.24836675407
91438,10460.592051955738
82189,22704.56314973669
94224,29999.80916537503
105046,14046.59975219559
105441,11409.992668722789
97014,5288.349486508358
89955,10225.596371413738
85532,18084.309850736943
99916,15484.332323781346
103336,13453.951379072132
102567,14217.490794680312
77309,12967.758379503379
95074,24571.417300763347
105279,18690.271241456285
77443,45316.0385149075
100797,17606.64673217244
97954,5966.42023252815
104854,10863.95773598636
77615,11238.109482414979
99982,12228.379377238552
91956,17784.05376154875
79467,29878.59305545951
80293,14634.844772451941
78335,14795.489365869895
96252,21322.366267328078
94301,28628.588292241137
97832,16508.191345703
103557,12732.274811572004
86997,11494.179516581831
78106,12010.598742275006
107176,12549.904769893315
102079,12100.470048389134
87624,19742.246896234694
108178,14003.550845025797
82226,10543.939331391874
85709,16790.016369312743
78061,48827.83959897808
98092,9172.710787606251
77846,18222.392008534047
91751,22071.13543901917
89344,19201.16046647875
78458,26649.874707024992
90444,14505.193500482847
100411,8107.692827807137
76272,21851.195371790724
83891,13890.413794159726
87391,27868.393608221875
83460,10558.28181411853
98018,8000.343294266669
99334,14776.728850869487
97352,16054.050624649912
85704,18541.039422968654
80151,14596.813164412564
83044,13428.39928206446
98476,8788.142395404851
82495,25594.957134414708
100766,7462.1232235743055
87429,12518.359961078886
80457,17066.584451926847
97923,16725.48739680762
84002,8531.441844688483
100461,17134.186953205182
101414,13882.065280134062
86834,15029.762188577655
79455,33839.12113566814
89913,8649.99846112992
88592,8416.374546289235
90339,15620.388929283263
94894,37098.262820631346
76725,28779.045806055638
95859,27518.124127375435
92694,13621.657764822517
85619,11791.747173420514
107634,12179.125547252732
101014,8424.921493040647
91174,28378.71179693165
79521,17277.88702793629
97334,9659.751999560804
80761,13534.019643859849
81867,13667.719412093687
96925,15927.93816696617
89478,10527.59479610152
104606,22344.769179501935
77120,50821.02043919103
94436,20014.6393179709
96562,11359.450529481164
100076,13835.110048968127
100900,9967.7112556921
87706,12233.84222069934
84868,8186.586069334985
77447,9280.855977675548
99633,15939.975656395813
107182,33432.55837052318
103805,7673.49020349043
79968,22889.237851510556
106861,28789.382032362348
81356,28532.062803535973
90962,29235.644507721197
102794,10275.65021064824
102702,11880.916960212406
101649,11467.584253795774
92766,11434.116351316314
95750,11524.990559522468
102296,17606.64673217244
106629,14237.470257510693
98746,13560.241625258954
95417,29470.038397883287
91178,20764.89864316547
103915,9206.86832312499
94148,26256.980994480582
92159,21627.377723965838
89562,13606.180904907413
84575,7285.43884678042
98654,8243.55250178892
96212,22494.914399518657
102653,8380.024943868235
88269,13296.234731869834
79684,27929.504088103407
83922,14489.479757544797
91288,33999.4213258387
97422,13685.955472545727
85223,6849.616094445166
101422,14688.133728878842
80295,18376.773993814983
88778,24354.460612449508
102400,4266.5795301866865
106858,17902.07646767761
91510,30783.59908865653
79257,29362.749666420827
106694,31194.299572514956
86646,23249.823896138845
100380,13430.592615945814
79631,39590.43457378676
83337,20513.19515011195
92866,14428.6321460197
93764,21360.94770023988
100701,14887.118732308583
85085,11419.210592763557
102731,4523.973441123519
107928,21500.745588316153
95668,19107.620036103533
86229,11569.539003950033
102872,11175.040617612052
95063,22829.913319510688
86474,28276.180610545358
80950,48800.73976864907
84432,8822.548781115873
78964,9354.383710036685
86914,15100.20164612753
97272,28127.266956901243
99757,10552.523230910972
92235,22583.80236053169
87764,11561.724820779587
81233,4230.096909463569
91506,33907.18370954006
77920,12111.945448653492
104487,25457.373123930975
102823,13916.54899254358
96590,11853.097760390743
101069,10512.239067690105
82549,11069.093264988545
77585,22043.874273223937
98854,45022.733543283095
82501,14533.638741994557
101386,10827.315135175231
86959,9098.187061343804
105135,19375.684685135784
100304,14313.974424861448
76999,27071.813201853187
93936,16233.919399579894
96755,6681.764933139654
102115,11921.50729770166
81953,10201.43588544209
80238,43028.79276411786
84324,10608.64504499506
105850,15952.739085744559
86327,9952.117408493814
87989,5364.827927160597
93530,44365.622493475035
99610,12898.526611868512
102129,12269.248549600536
100985,13149.082257941418
76008,62905.0336153927
77703,26610.163212753956
94691,16965.470519003276
103293,13717.622413617795
84439,15992.206356687086
77444,22340.895457818184
85455,12092.659533083692
93989,75909.38074367837
85336,12331.401306489486
100517,18651.20602217414
108179,22016.88676960448
77395,13222.19158474415
98462,12313.229905829387
84943,10687.494760106849
78028,31617.833821122953
81596,24050.18359875927
95852,30509.878322677218
88816,18325.84161361987
94448,27203.338563043653
86470,13723.932858459175
102503,10065.40009831981
105474,8202.763066775457
88119,10663.048241021044
96141,11808.68943893191
85763,9647.170308357863
105011,7951.916660234275
99747,8037.061634026832
108392,17488.92195790055
90949,14870.575967850677
105446,14367.547887315222
95792,33696.370523297104
94956,21617.085543324614
102277,5790.421460209394
77366,33554.86470631097
91112,21591.407937458476
76355,25189.7652618024
79142,24907.632743262362
103859,6331.428382828699
82352,17463.308490110652
86826,21187.117655198297
86754,10508.725597580249
104363,10312.481220227079
93154,24070.51845466453
90930,21142.14365461311
107269,19989.964924376272
104109,5209.05880278316
100487,20356.740025421375
106527,16704.444695343533
96225,23128.549306539575
89925,11540.946042245974
76775,34168.51150378597
83082,18633.152091921802
105115,30171.707142569845
103481,9805.449595782164
105642,19675.31759115539
92703,20237.23809046316
90864,9993.98674533147
96072,8040.268416077049
98628,12720.88465563709
102378,12015.20989658155
85185,10848.441287023166
93707,37836.28034954177
98795,19038.475401969965
97577,7079.290895532635
79804,23606.662335932706
95541,13969.394806854769
78568,40209.879252463514
79608,24716.02603582854
103860,11157.851005654695
98449,16153.890169054159
91377,26096.893408542655
103436,6248.42604555714
102582,15060.591812019424
78381,9475.634371813327
90999,16492.150577918237
89764,19849.549964503232
99515,11195.08364854751
89133,5904.151267298514
81859,37882.58828378117
108005,11435.807577459882
103733,11582.45846690767
105155,18484.14739837739
100185,6774.778489747171
102347,13362.541454472215
107943,13738.668709209183
104445,9912.404104822826
90149,21970.21820025892
106593,15867.004296739142
94733,19328.091593294343
91481,30647.931271566875
100201,9403.92741006584
94149,18637.646606956365
101639,3823.7647061630405
81577,34559.95459495826
80120,32759.97801505998
85995,10456.52819958901
85199,10804.02450589317
85909,20351.356434872854
78676,25172.564713727374
91948,25416.661001745266
88041,16809.823399049383
92848,28578.33860355682
87598,9808.604186161056
83613,13894.368733149984
85054,11673.336174773394
96903,14856.606660865473
78725,10803.724730836031
94869,29026.1805788912
89121,7830.698846165357
79858,67331.82649972777
89079,16586.27375173367
77639,42182.832483833925
84498,18168.827450657776
90431,18241.059566391497
80553,12252.950820973496
90257,7627.006774260009
91607,28259.88880427079
82794,15356.743471159116
79243,26348.981276645485
93687,19034.895523838728
91774,32424.826493404176
104622,6622.967311432157
94152,4477.432402722516
107441,18393.460292504653
96359,14900.062661897911
105873,17487.297726921537
82415,13042.597398375581
106807,5042.689765045533
82732,3914.08905183709
105350,18888.309476837698
107206,14502.774150297697
82693,12233.622451399056
101998,11689.243718391393
107032,23504.60044236842
88200,16791.300076032214
105801,12469.133515032894
86649,12303.320334602953
104334,17629.556274285827
101972,8500.311576279548
99530,7242.85612622564
96201,17363.77993630371
105972,9946.05330311232
100425,9794.971204284142
106763,26431.445507351476
90434,6509.95964952428
88690,7275.274979784021
88747,12279.577302272632
92158,15484.121525613415
104298,18974.25961337584
91527,20548.754205814712
91731,20604.328206273123
89575,6806.846186443947
107525,17497.63640131095
80805,20962.756427042677
87001,18098.88399799466
76256,31525.585141210402
106726,14263.353034091637
100912,17999.027267845173
78223,28213.821066691868
78232,44805.96574091804
79424,23404.400263899377
83551,16269.020618431086
98945,6158.3432348579245
101673,7774.686139676751
108525,14175.27192160507
92543,31910.023020958288
92373,18738.147327953906
96994,2018.4376813227354
80957,26012.382334495796
104185,13176.198407601938
107318,26052.643337580754
89348,8128.64559383513
108046,24196.977189357567
107385,20891.61204974465
104247,24950.298733582473
79675,22563.334840891956
95374,21072.20366680425
108422,11658.303325259283
76584,33846.7974332193
94645,17250.642123146074
87779,11739.27530321809
76043,19807.468128521043
101605,15515.2327612444
83501,19802.59472216748
95444,23756.93063485915
92724,36251.76730601259
101099,17128.97851113399
105469,8199.83254113424
78289,33637.84797310463
90064,13656.25263787644
93527,15263.959855263081
102951,12767.720435001225
95138,18865.835314471205
90436,20584.137566862537
86900,13823.051044083135
107779,19359.026526125104
98096,7858.717110940136
89305,16393.273600899833
81735,15322.715614833454
91537,18647.468143136044
79302,15326.713914792294
106769,16733.20347102563
105306,13730.256527367103
106670,16588.648407324286
80113,29187.933149539545
87168,19358.252388361976
90710,7685.071422023919
90995,15396.875903197131
96388,14581.177010859503
88029,13692.71833956913
92389,17149.46017724771
102649,12719.68868388195
97530,9039.672236568074
88501,17898.089734009816
80998,22186.57749393044
89624,8446.673914925965
83063,8464.799381893563
90128,14572.311696687304
104897,7664.1412296548715
85490,23952.584537799223
99453,21494.87556629659
107743,12226.590670095478
105662,15832.224824614399
89186,18675.85886215439
93355,25523.27907803457
100497,14395.047001460502
104389,14242.836125900694
104476,16597.36624462091
94822,16792.661071678293
102639,9802.907150770812
86493,10285.044296971435
95602,30647.494229420794
86924,9544.340435481618
81852,10583.262451769522
102319,14201.549229918082
107863,12479.20960625083
82938,15498.719424793464
89666,7586.060624176625
92812,30825.03744578946
97393,9480.500452437122
92386,31530.48136887671
77152,10169.176873233144
107259,19393.30872833387
90094,8421.906141042607
103704,16375.949044511408
107194,21445.863177167732
86326,8829.50376112421
84993,12776.575824252288
83853,6135.841897385609
98484,28858.33443343475
91880,24131.13276906207
89715,6692.707290988212
101393,10268.252208946391
87375,11206.082927483629
81722,16543.4482998832
91249,16236.541038773752
103603,14621.20834271234
96576,9977.949017732806
77094,15234.408783876865
97706,18550.461325552114
76932,13121.417825230106
86648,18277.60308765628
95671,21051.240041969755
87831,18096.79824778096
82577,11290.013592004869
87475,12139.999162817692
99557,9867.230369398738
82882,2958.8288804427025
97798,11824.308984739626
99009,30309.34534462985
98120,11853.54035940462
86637,9677.946296915603
91310,17057.434656540776
101677,14188.338133437004
105146,12229.601903222754
99727,14038.787784121389
84169,6868.275821844566
91121,18206.014662740243
87151,13757.701309400965
107732,19600.051501550468
77136,34622.259976149566
77148,4275.906526557099
104946,13662.916073030849
88249,10379.13592477957
105127,16184.758184857508
89504,21946.221163786493
81927,29151.791002784666
86452,17223.177875811525
78250,16442.70378216274
85921,27443.05048493796
81378,13427.033501336286
106286,13649.442484553898
82085,17013.184722068578
100957,12167.512772566244
98903,11046.88921674681
93994,27779.595054516234
95727,40411.96004276145
102483,19474.58451574436
85566,28290.54603284767
97406,6554.863214645267
76120,4898.018353169327
101642,10065.484626234433
86245,7518.163764026673
82830,17343.973288807196
85386,12224.02668632096
102072,13988.747557969
81015,18466.309111013838
76016,28765.6871341939
103157,19919.03630407231
85980,15266.751566321054
107548,21188.4528246495
83411,19321.179425329792
99745,8909.499255796929
103338,8899.36952654151
100366,11162.692100825332
107718,23219.954170887442
91888,21761.750052075757
106559,14321.195827795666
102293,18370.13231273595
88007,18675.85886215439
100545,15957.415920358728
81498,23048.877734720332
81632,50018.85898514166
102626,7558.022081450815
91621,20087.633847488432
88591,6572.575733985302
87743,1960.2406580150125
79289,35553.26905658089
79813,29308.868447690616
93561,44627.83359961992
99218,9485.145864562879
83575,21010.277866943678
86909,10607.592297822517
81952,7797.283275612929
82101,37634.47608014398
79912,12938.839413430187
106129,13753.86039106877
103614,11162.426776195067
108271,10329.046036092073
88813,10568.742203076317
105533,25513.15455002693
97693,18410.33641804735
106423,7849.551961238914
88858,13512.521969309126
79568,19895.566806287377
78667,51741.30059510886
106744,23124.1602170551
79183,23179.277185689803
92329,19682.275426276847
93551,64388.142656120945
84807,6945.33494487953
106251,19998.587354582374
86816,10967.881836794917
85547,10096.709336534142
101577,11311.225713633612
103281,8869.950861248168
101919,12866.719614114956
97281,10353.767958968963
85353,20053.370929192228
99143,7666.219960802824
89606,15360.334957914189
108144,18470.68899667805
94628,22212.55011315233
78418,32790.98625142612
90238,19749.139119312822
97412,14650.148439028195
95368,21924.05350403526
80945,29101.51723828833
101657,15820.123769780172
92454,32596.334765946693
79075,11814.426215568219
81257,17210.14889755548
99019,9582.503058764645
91946,9160.777466683165
100356,8610.423870316963
88464,7579.09150848387
82081,16646.98080879284
97199,11728.62855327358
99762,10107.659136627137
101497,7544.741243756416
83716,13292.769287023708
99067,19461.635248471153
107895,15743.282875571243
84198,3891.1674422178394
106770,21369.523358419527
87767,16896.85669194378
102945,12498.51050996128
95956,22767.004574246963
81644,21595.423222230816
86278,6872.762110962934
79399,11912.477127648754
80474,16541.20690127322
94588,23749.18178202042
108471,14135.706718167989
93417,17497.779222671415
104702,24751.58963290665
84151,5881.16432012886
76589,13813.345572419914
104490,7737.4864970667695
86365,10143.946097148615
90620,5606.5763665249715
81071,45873.16775685261
92311,23634.841600384178
103019,7590.242923817741
100231,12994.842165282924
83298,19474.223155595464
97958,20428.707759653775
95436,25551.34989096221
85413,17951.562764963983
104619,19885.397563788287
84835,7075.461197030603
86314,14135.464281737342
91780,35125.74468639193
88338,14222.65819869008
98012,11464.244883780564
91161,19924.01745147185
108156,5998.850756005605
80607,19998.481396251518
105607,16998.846541914496
106586,10748.032820639013
93442,10785.736477866305
101779,11867.066438840868
86324,12265.742344042003
101056,8449.409390845387
89524,9792.699516395538
96619,6341.730001835739
102914,2753.091084867574
105085,25366.12264743858
88414,18595.148367789807
94174,14312.321938810359
77296,14645.244242333558
93567,18760.102490551144
90823,12660.284636099102
83440,9861.873635456997
91053,20660.508161569604
87349,17814.50169047693
93853,15890.532615282644
88334,6377.217846101481
97251,15547.98605859501
108429,25263.117042349862
90331,11530.032326302106
86234,11695.08339623762
102632,8331.044080859776
82553,8123.590206954668
105227,20177.98660638259
76476,11779.084523502346
99277,10168.798771857711
107214,23051.4344282574
101622,10571.44560506564
91446,17737.748292214557
102009,9283.795289597398
87852,9583.291671431907
93868,19170.08094759841
106100,25124.05315665201
84477,17098.022666669673
90371,6995.483199518627
101643,6148.3589072299
92270,27834.01657363964
91036,31392.038092020095
93120,13619.82608937292
96986,13168.486514221046
88712,13471.155928446666
107673,12809.569511887166
94689,55246.17227773332
91664,32008.893638467085
101139,7662.869002333799
100211,12787.288980774474
84843,14364.032305205981
99077,12571.814320269163
86601,11886.5196096331
82207,31493.468408087618
83457,11238.731749569966
78306,33981.104951559755
102397,14370.062039214965
103423,17529.22993896633
105818,7011.298850678407
97146,17414.18214583396
95680,20012.31024569082
102459,8086.910470327805
107092,15283.76027373566
92734,45243.280744618496
95647,21840.09079364929
77576,14594.871493850645
101530,16199.675649289624
87264,7524.854682810295
88978,11446.969288100225
86197,9185.762072610281
107810,21544.1146809707
81681,19498.104041989296
105951,11939.078104245058
103476,13062.70060044748
100268,2919.880921407854
92647,24231.07542435064
80498,21179.388927681568
90634,27295.66640384555
86670,18285.825118698056
108110,5219.908070446761
83881,13260.754935456793
77006,15161.454393551046
83528,18081.797173332896
86178,7788.595185898838
105430,7942.0523393689555
84321,19779.438695664583
90491,13749.428418245827
86339,17324.759680838924
92286,26575.447328547925
101926,20321.37485662326
106776,19426.10711352248
82619,17678.855771713876
79817,17339.328615623137
79626,19188.20317019729
87043,17507.408052340626
106571,18110.829648564624
87059,17801.317734888144
97729,14163.754793024169
100298,12819.749009193325
98256,14063.503678345458
97907,7048.831666860176
95953,21431.941955619484
91657,66312.56165188052
101343,18762.352636776373
82111,55499.79574603262
108388,15926.664847973701
88818,18016.979490336213
77029,30683.016696063703
104074,21818.088344091128
86201,9165.466040275642
81545,16348.295276377961
87713,17906.223676304096
92371,24224.55937911784
77156,11399.930637349278
76880,25445.908853419125
88282,14101.859546865006
96654,26848.94423551107
97866,25469.355238656055
90293,4764.829456007671
91292,19229.65952793307
77320,18834.46834589632
90383,8800.018143554436
100241,13889.49507636312
107973,9842.339138774605
79074,30445.950361079074
92862,20334.420554464807
96379,16834.95285480096
100683,13543.961370502999
76236,31067.37832829295
99113,16024.566915723997
100305,10985.87670194746
86570,8525.453101537358
93251,14823.79999295153
95890,18864.79700685569
104632,24975.25714620586
84213,20668.055561811725
107818,24071.893187975777
101521,11962.887229171201
83053,16692.735253703544
92890,21550.090281511628
107449,13665.065960477401
84022,9632.024486012742
90915,20351.40632000321
80324,47209.574647897265
81352,22753.968231823852
94642,18954.238937632006
76123,30836.20502832026
79202,28341.38832233879
104174,24544.879408118166
91030,26174.913870324126
107033,15481.666501018875
102759,4864.229382580947
102192,11916.39997671341
101885,9401.35706885614
97716,18724.36009427543
81631,13371.325493491262
81759,29095.508753217382
98702,9732.910172854794
105784,22116.532501588146
81817,23866.853187822253
86529,13672.383575633557
97857,9187.902054108516
82820,19370.00336443093
79072,28630.20614210092
92301,29273.365828588616
80309,13338.631782354214
102835,7229.994422470673
93599,18218.339092578706
90253,9323.846767605439
92875,25173.861906383187
83698,13781.356253136755
104398,37722.31804070199
96860,23536.22878770409
105925,27372.122162796157
97861,7101.017035885505
80226,23264.855674273593
92699,24467.816454107757
85949,9240.523079628769
92215,28666.01224455395
84214,15023.540666881074
106157,13305.362898353513
87047,20061.525442094866
102413,12000.05051569391
97955,13755.046746769993
81441,31336.053652002072
101029,16323.3584598468
91634,23793.24246218722
84859,9368.520825481331
93328,24385.641002697917
97318,7959.315005729045
108048,15102.027453595403
97815,7860.863825454024
101921,8097.3989228852315
96260,6885.201918489014
93491,15638.172373973779
95257,15929.738739081924
83326,27871.739452511185
82475,18382.145621954453
107393,11595.696649712676
94132,24871.64987586241
103233,13876.920785038174
88140,13981.517763688558
88395,10539.331676792
95094,67041.16198525188
95939,23382.125658224744
108234,24366.958682524102
78788,28543.049824105605
93021,20818.95936472487
98301,31758.108480288636
104221,9941.559696306489
92384,29768.50302445776
76288,28316.98549681077
99805,14005.491759158438
90900,10682.701299264778
77888,33076.05803860896
100126,9298.048986289805
82197,39727.70932010948
90987,13591.718444062812
105383,21306.071400556604
100476,11763.223772731983
104238,9384.124693413707
89211,14379.41212178805
97794,5599.518164593233
105692,26137.673767645145
98699,15919.864063016843
104212,18203.48725441479
107544,10189.731448209817
107748,13658.68141864251
103427,8717.011937329356
84063,8048.15523683829
98384,8960.506429911671
91209,13418.624759591947
101379,9471.319264784455
78090,50664.21876942036
88321,18112.181719207365
78786,19895.42502502756
90751,8887.130700131698
85706,18675.867104319568
100853,10770.519985654051
106131,18716.4397350986
89397,13927.5961040557
76263,3651.566565344453
108441,28084.883872976257
88221,12878.367146444289
92526,21609.330437108405
81169,29470.278420068345
99853,12193.051958661881
105516,9778.215494858418
85227,12085.208884266116
101567,7129.188180587661
84331,16836.129962790117
78187,30784.455333168524
94441,16768.315884259595
100067,5915.966015658244
84660,16572.555965292624
98951,29092.886232494086
93815,7546.076981223261
76848,21184.240437883072
83378,18191.739401598596
79966,6046.670365215095
98219,15335.66431235537
89076,12888.29739098449
86619,18336.90557226728
106225,17997.966258647622
76793,41852.81846485979
88351,12050.791763391388
107927,24989.31282696527
93374,21965.67802708613
84067,15419.85441868101
100355,17081.640382606274
82099,38283.020876795774
96457,14780.477770002299
103061,20398.00810208587
89169,17716.338274920898
97340,7357.387929378516
82912,20953.807592824942
82266,16492.97985468216
78561,51459.02971360787
100839,5952.15478243318
85302,2806.664892841872
99375,13510.336288625424
99881,12276.819780373047
88083,8029.377254127411
86412,8453.857531476748
84852,10705.231220063697
89087,17898.887544251065
77702,50888.750596341255
94308,25842.309737519852
100896,8041.203318954482
88225,10867.687760588065
89796,4440.101258611311
101985,5664.383204374332
77360,23753.143629353566
92220,33317.27516096928
83866,18388.271505931687
103140,5802.476609896319
78348,16795.916001810612
95353,26120.22690820707
81413,15963.23587725667
77106,25117.37158646051
103700,17923.00204810531
88524,13160.758226963288
87461,14358.60349384647
78565,42573.82892777882
82507,13128.144758847793
95578,5172.438466063231
91998,20623.637122693242
98342,11243.96455934462
96413,16486.474019035926
78273,31424.386886545417
105735,16494.80427504914
83640,18337.111789094317
100599,10987.556267633343
108024,29679.95665682687
85550,24354.460612449508
82875,8129.855555253719
93272,11049.891121155777
87870,11859.047838842002
83279,12366.249648966754
105742,19706.114524895307
96152,27845.918224809207
97215,22866.79997696923
76322,52994.771415911404
104938,23541.22599490198
81197,13564.557187499024
94638,15614.318152166292
78474,33715.88354888422
78282,16910.49194660668
83765,15189.643447147355
81798,18486.006281042864
84877,16416.147394783635
107924,12812.35043803033
107870,10544.783047025883
86640,3006.398510291712
90317,12862.874130951637
90787,15052.060575963711
102045,8034.728934326388
95893,34884.45405078813
104067,13006.61084498325
83702,10795.970456143832
88581,22001.615392943942
76140,22999.02373214034
87782,17437.589057778892
96924,32029.57172621243
81993,27793.76814088654
92440,29781.247675475774
97803,8352.519251929027
90468,7312.165797376101
77617,32436.418173945258
108325,11617.578169459299
78387,24064.066849015286
93953,77342.22688777358
87120,9088.177650189413
103344,11001.587351288152
86899,14979.167863953235
79585,27990.54565100941
86908,11043.994098474033
101362,18000.275959872615
89150,18004.701866825053
92083,17643.54870865464
81913,20853.701397456178
86370,7821.114181919234
78733,24206.07924031687
92552,26248.490343934674
89154,18442.24146391496
97775,11542.579404721415
94930,55514.62636018936
79476,14326.565120237889
76220,12672.552929513095
98869,13906.468848463068
97474,17959.66801260282
99008,7207.243497689515
107702,27612.581386537375
102495,14983.731086120606
76423,20867.191995846166
76460,11805.126497631476
83918,12430.797962079583
90937,25741.524136100594
98893,9322.99373257601
95015,62442.83895289748
94231,20766.201898097446
107866,16518.24325131504
91935,18628.683856610733
94141,30542.058021195688
84712,12682.289292989832
85125,15463.760726366962
102606,17367.088780312806
82305,17290.588593270437
83086,9025.613639200767
87329,10783.73497056749
100213,10202.183639323577
93661,27116.164546943088
95973,28578.33860355682
103243,7849.07502398525
77036,14973.813734623893
82262,7438.047468154282
103648,9977.770491949022
91920,19517.17030909789
85960,14223.695019290175
92632,37176.6410776346
97381,12894.065070885095
100466,11423.134889441104
77087,14238.233674007466
89734,14720.886574877057
83766,12979.42850689044
91812,71785.9018706277
93927,30768.403820851192
93439,13551.642409922779
98318,13748.26830975042
86863,12317.84314611128
95233,19771.5964375141
78974,16351.975558705546
89793,7805.420341369436
92799,24045.994612429226
91635,23541.517517515917
78414,13017.777405391618
90596,13757.324257734765
80519,36212.60393039945
89515,9883.490249819546
86481,13998.585778025039
92047,15908.608267632362
77635,18785.090943956104
98546,8647.42143205588
93556,15076.590098077584
76764,32680.619312410883
104600,14785.713043403537
107170,21033.1996907821
104809,10401.689462075088
104957,29844.935541892977
100565,13856.136605257254
82733,11963.579818396987
90487,5884.755807441767
104778,3755.4002478270204
106916,23000.09875841609
85771,9990.20103828699
99896,10946.08662990902
94796,15935.29710801632
105856,18696.390769012578
85845,15715.495943352631
102590,10972.517221952407
95913,43948.5420213411
104395,15572.037816997252
96422,15443.500983458054
101279,12436.46247972585
98041,6449.825214945005
90702,12203.192629097819
104988,14613.152913717591
99996,16393.73212185829
103713,9611.209851319212
79170,40413.43267498996
80452,12672.11731154043
105657,31531.032848298015
94986,22257.60388466037
106339,11864.938198672811
98568,8982.128072605943
88304,8291.216392550334
87628,12975.692498366398
92003,21020.738359998795
97111,12595.152754871955
98892,15912.132272935303
97778,12561.535410267526
95960,29867.014157763748
80575,16826.774282263723
94709,23355.390285636156
103647,10721.89967692644
87784,10914.035513484985
77344,34287.56434752936
104068,14292.735513723883
94747,24017.26056745916
82797,17255.375319756717
77079,16035.49217253427
99217,12682.825164807366
84624,11554.333944119137
79999,32392.987864541956
107791,11584.47151777966
86274,7633.718939075475
92407,14240.69619520095
98109,28362.120802591424
104428,25625.49980882293
76693,20235.439524056892
96321,7663.487875580304
107222,11177.135114321949
80693,13944.435406119754
87795,11806.302495773672
83814,11369.234280106222
85548,12423.772095535458
103252,11115.718396024364
104453,19144.950450489505
80578,29843.054156620237
103826,7085.403533350257
103199,7531.360866062588
97338,9634.93674218226
107287,12668.38644709891
77059,41365.48111733853
93965,16930.20036374474
89513,9019.68239232438
83064,9087.241931622239
103490,15161.148734393737
99116,7012.172218643371
99690,15958.042580507008
96405,9876.55045369335
96969,8800.39629764407
84317,18808.32000895029
86480,17994.261038730278
78305,53256.15127428723
96458,19387.630384589072
96847,13130.151392438667
87888,12177.476279543653
92753,44656.240400506154
84191,7863.869256480403
84830,10215.519444046191
100910,8761.431825198646
94969,38497.56404858811
89103,8948.735413073473
93092,20132.190400098723
106511,15403.016476757908
100549,20352.82162210968
90741,16562.05462805362
78118,19607.836248324787
94087,13196.003080389668
87584,16772.874025583857
107254,14515.210125655538
105985,21635.51496159681
88323,15720.863750278926
105221,13957.327420968095
101901,14272.567591949493
90944,28284.738478543546
98634,8976.10821803284
94057,19322.698974927534
77391,11898.579938230994
77284,44732.91571607273
95838,36935.566572209784
105720,11705.19883172618
97257,25551.943171334147
96339,6905.043752025503
81848,34120.88010378343
79581,26666.74658250924
97762,11718.897075172514
101710,8570.128592502706
104892,9325.751652092882
98689,13456.247953860035
102340,9768.638540663516
103335,15382.242092838778
80348,19441.39889721864
101717,6005.730840611193
84797,19475.950305321825
80101,22031.7206585029
83224,16508.73534446736
93736,16129.418438988363
78612,16799.031397566447
80009,13953.13206536136
90246,15734.961499114688
83348,17395.733641447878
102263,12615.935977389516
84153,17998.833937599167
90556,17218.11841975904
83726,12000.344657155081
86153,5976.37168344797
99219,13548.74458376079
79008,21821.076163127516
76574,18255.123150460902
93345,9625.430647964695
89271,19569.431954149055
84424,19191.876647924004
104788,23361.051705612736
96178,14722.274493780837
90344,13105.089658949515
105532,25235.913404569637
83994,11673.336174773394
91151,26608.88636702205
77889,43351.257964441626
76382,21388.884815264395
97738,6817.032709166137
86371,17944.496522432506
79800,48071.127643104985
79323,27938.531597270292
88652,11679.685976113871
94397,22048.30988248891
80125,12006.5455675821
103621,10009.509738678717
103073,10829.083470215623
104977,25300.615959819555
101232,11604.19856231452
92921,13124.34227087704
96524,19028.033320086226
108206,6965.533876934809
98011,9443.657168420865
82282,45203.55461512259
92162,11791.562204443644
91162,23936.039189452367
98222,6657.565196362134
106388,22395.331803542478
76194,15482.670664362739
93165,15528.23171363947
77080,23654.2017493343
88188,12232.14521193151
95987,11151.772078435235
82919,20020.69757830025
106334,9447.181447265191
92868,32143.274840301383
83314,13624.209932812724
83498,17053.3637295456
99081,10901.195979016158
101875,10801.655453378107
76353,36834.29562887425
97969,27895.483133101236
86292,23455.815281362753
76622,29774.227494023635
103480,20634.079325421433
85818,13323.088731807517
83971,14481.565575179682
97382,17964.099410437975
101439,9222.346632224559
96661,14679.377884680494
77795,11734.793303787572
105731,21826.31047209244
91696,13129.518251193518
93939,19170.542824453318
97415,13347.565530634507
103354,11716.107287173085
98909,22335.628336346414
78125,22346.969489458377
106866,9380.074006976009
98910,7894.217194162778
106208,24189.36290578178
89885,9328.79321318985
76580,13766.044142437158
95892,16209.46693645412
91957,17931.230500231657
99645,12044.552487470606
79562,43593.01504114044
82838,6676.361539700571
101076,8953.296035676361
81361,23528.271661623985
108419,15871.017307822494
93085,15384.508405056264
104426,17027.946435337995
88313,12557.7822697888
104866,18411.89405754579
101788,10285.281569928897
103172,10899.346517281996
98374,23847.722716458735
107111,24206.406059039433
93480,20424.9552321905
94099,56322.52342600669
100358,11765.307865855053
82106,23473.548781007445
92783,29518.956387174614
95978,15533.665727440173
79394,14142.184790597987
81521,25608.34516449415
88260,8133.438961970428
98649,9867.230369398738
81422,18185.016510214162
86500,11691.315149451211
92997,12007.735493207627
107940,10182.648487283901
80225,44324.501528689245
94805,27329.76321074347
88709,13798.482138427067
106470,10995.238561584672
78835,21322.783870445754
90721,12541.726113647099
105429,34183.05040204394
107998,21762.531350929727
89287,11576.790100948228
77311,14319.058791521147
87200,18350.495803045953
95348,16282.806030247248
83148,13190.193839764495
100616,14814.36948443626
81487,51676.685916619615
85031,12190.521586689874
86761,12977.18414269669
108219,23208.194793321876
106290,15156.201284714381
81428,10036.791406491096
94572,30767.918126760804
99173,12180.247838810988
85760,9787.227652762489
89013,28297.560720986756
85726,15311.772823095667
98647,10393.3723319893
76300,48206.81307958661
76204,17666.8172197129
99199,23285.54537380632
81833,14850.773023821026
79245,23919.022992302278
83196,11170.075253253046
85013,11739.512480309177
99200,10956.975510112195
96238,21924.93018784754
96548,30868.932901707674
104251,19714.807304591755
91169,31008.250179415845
91530,19636.61302023522
103143,8120.43079271631
106804,11936.737514605138
108066,20606.875234660725
76048,38782.94426261853
75977,17380.498303012137
96347,10758.437747293496
90190,17711.380052764114
77081,34972.47654088806
83861,5866.9405458260335
100546,6616.072900764791
78182,34831.94847612839
89589,11648.457616752445
85606,8316.489313687416
78359,24519.06316407095
97559,12117.213062238221
76721,18373.138920913283
88097,21053.01066149648
87435,5425.292780838171
80798,17750.540026684936
90537,5986.33594449585
100528,8382.837186452382
106401,21947.814294938176
81910,16630.935061023363
92691,27132.139123254674
100615,11487.52391720783
77234,51335.1641602248
78332,29176.258983618714
77572,6269.150051344214
90150,8230.554638255577
105917,10153.684020161623
76449,24605.064882174298
93412,18680.94854348999
86269,17850.593146199535
87995,8658.379831267983
100075,7837.480900350365
80021,43484.42489170095
90343,14741.817003927687
106349,10316.57194312602
87255,11768.905732821546
85507,17849.69942689703
76232,12811.755310135612
106308,15393.418564849824
92289,21572.82141651148
104499,25865.19175509692
81788,8816.056797617674
100405,13087.649526624607
106380,13851.369399083704
81018,18430.388193385446
83259,14296.259426342072
94489,33317.27516096928
92430,29905.918428761346
82401,13897.012125854619
79510,50999.36158417978
84456,19268.759499955326
98445,13419.665946174253
88466,17396.23999747072
94340,18629.28910246318
104411,19878.355966786727
85378,12597.28758286776
93363,28474.994891322105
108217,24065.611545360338
84003,10157.261137313755
78674,16300.84777247819
83754,10420.00695895137
107659,32485.9125628151
104134,10187.110502679
80428,15435.204994496022
107034,11984.152079597088
105024,22508.05166868909
105501,15038.49406606772
100183,13500.881871218617
96262,16048.117776692663
102419,11465.57434226356
76520,19360.920731304606
87564,8726.568120393757
95034,17554.099220252083
102071,19767.42747333746
92236,29183.523453846516
108245,17742.322171367174
90472,6949.436632135443
91733,19942.030082610072
86418,13430.987217147042
91544,17437.82363647754
108294,7235.333453517876
103067,14961.323329179073
87683,14024.973705354176
99427,7864.933216072543
78592,16452.57131403509
79477,31128.105195630764
100575,7632.057308786892
103629,23119.76858053609
86341,18804.02739566734
87901,7498.108318366246
100467,11882.354610199794
77769,15169.248425054095
90466,10178.758548037282
105120,29562.699340808733
94434,28970.83132100518
90333,10093.705767008874
100483,6743.990819967583
91083,22740.02772649255
86536,12695.568691078164
108361,18284.43891267505
102652,16593.73957049289
84120,13570.954599435838
99541,10871.781888101625
80658,12779.85723483504
96028,18168.266117014005
82478,9537.684064475236
99296,17085.363276349417
92923,19962.33466622273
84564,15890.055146399649
83515,12430.797962079583
80070,33272.110343601504
104027,24282.938705969373
79391,21077.06148951156
108108,7585.345716146679
99156,9521.99318627956
94668,18185.599547800684
107534,12486.567780650932
88509,10794.732375343896
78713,30580.765938767032
95033,27072.365737540335
105878,13867.011518303741
84590,12598.752565392948
104297,18487.12776506911
93140,22998.96121009327
95943,37757.252931208175
87298,20364.221693401414
105774,11126.595042674042
98658,7201.422622674934
87070,20434.74001371072
99465,11357.459132214964
105845,8445.633600110872
85369,22249.761278746577
83600,7245.767644218822
93030,34104.308716472995
82159,27645.483404371007
88527,12684.402656341925
94866,13392.943977647246
81680,30690.927321011884
85293,14371.374607865933
83020,13181.29610376352
92112,12464.052292312921
97809,8797.069406560695
83970,7778.098509066082
86745,16586.48672242407
100652,11705.854517806105
78837,30950.61981949532
96354,10619.354462471825
90084,12655.432314995067
84838,17755.94619972165
90416,19200.531255561385
82908,8033.029313408347
81469,20044.492365445232
97939,12786.198051752723
84109,4845.070894958326
94042,39015.97634217973
78843,21908.541290560504
94386,35343.96378345038
79961,43314.97642204295
98556,14944.635923285152
78323,15436.70856247555
98349,12642.537431527546
104599,13326.332727320065
92804,16358.614323825452
81485,18220.94572836669
86984,12877.152575044323
84902,12004.966536201538
87230,17873.243837286398
101698,10476.142834556176
81187,31475.683578809756
91728,26192.378427142772
90136,22572.453589341316
96483,10353.902331703935
103424,16382.934767162536
85712,17766.975483320155
85509,8892.600256089641
79976,21322.418717219625
93406,19867.149883377042
84108,10613.888718313954
82598,11819.334626772255
88086,9581.453511166314
78975,53755.64808980992
78989,21580.964508427453
93597,16171.700391788978
76707,28615.071218854955
99370,29573.172909716388
90372,10803.259674009098
97227,17367.67949071347
93053,32030.780141846826
99724,10329.26060678554
101261,11366.068120874652
85273,7995.688596727135
105019,24495.228691007527
107234,13262.04981663792
80816,38418.48391171798
101175,8463.164519070922
105866,32088.027004861662
96858,8076.0235728897205
96226,8587.587311707503
97454,15933.515534200149
94540,26668.05258872555
99937,14008.051059264199
96637,12852.5286570534
82607,8578.658006831352
107708,25891.43192352902
104404,23996.69776744587
80758,16500.230439658208
99346,14905.198328070699
100310,16114.990830507277
91670,26348.288718855896
91353,30234.85262560649
96061,11691.719330196907
88206,17860.518668448196
101814,8985.005247132514
82298,10754.242118205877
94958,21206.353122879416
80444,33383.95295093401
93957,33017.32651954615
100830,8184.843920108128
82523,12131.48143076925
96073,9670.708059542816
87933,15342.790791753148
100553,12284.943692413908
86623,14943.343272548493
87445,9973.398555734377
87890,13044.698582960176
103149,17606.64673217244
102862,12443.433127433293
77553,22056.81799060067
104728,16523.14184915237
77884,31987.2789762596
85105,21600.363486906197
76064,40081.6757765983
86071,10210.650911744347
97148,24370.17681065839
76161,21816.723017687957
82950,8462.722792947558
87334,8771.82357153432
104120,8851.50503461302
104591,5625.832789595368
106665,17304.729006040063
103766,8900.818094799692
104087,10036.268367629804
95947,36613.75342113485
87165,5904.194369691432
76294,25147.601421119434
108455,18694.55245891864
85399,10769.63490362574
84698,12543.793583192037
80713,11638.81719619784
85799,8036.145741773079
100254,12399.417985984179
80264,10963.044821783638
94211,10155.689292019255
98839,23702.936268175727
99631,25457.552787877226
81506,43195.58571488248
76167,16580.183985385764
91308,42031.32554287069
78803,18406.913946412355
92010,15782.000368824374
99424,7012.172218643371
82042,16662.766137919018
89760,8895.261659285548
78489,34319.09635906586
102712,13382.747607432475
90935,30908.348498932923
102912,11409.278138802692
99041,8574.60687652148
79903,41637.368322796414
96670,9304.881162991043
76729,42573.82892777882
91107,28667.141953856193
87286,13200.459605901475
102303,9671.682873182968
106623,22864.43969572572
86955,16824.20596425645
90173,22669.256154963827
99829,6670.39257641249
106155,17325.72166601539
95426,41135.41179917378
82218,32653.606995117676
97534,7733.609540086872
104186,18826.71868735376
94450,19930.494136997415
77720,37632.41484828064
83278,12683.126644147636
90401,19063.03058032494
95842,20978.30031332507
77025,15323.492262807102
88288,12038.014997226575
83552,18027.591364769592
91467,32348.129840311914
78417,30492.351644906696
81312,25732.974439905192
106656,16040.275382726737
93396,21568.25052830619
89063,9977.139779747906
94830,19107.321633081487
98183,5912.9554192284695
101338,11892.154853452248
86784,11824.798469963227
99315,10699.753355722985
100058,6974.444596748215
89181,12881.342420142955
92271,24969.779885201373
97562,13721.561258503614
79601,14921.882259675658
95361,15724.767721471108
82021,17770.07037085388
80766,15119.627768891165
107591,19405.032080500707
97689,9040.462663059423
77322,18025.177260061373
83942,11298.578618914478
80703,41137.293904624894
84304,9418.560587097594
92976,23920.130713449897
104652,8050.27986952917
81684,27522.131780563945
90189,14100.40019204008
92960,29629.161268582226
91335,19717.371207680724
105310,17779.904425035606
97940,11700.181447185132
79726,20639.068862089673
97677,16300.590519236557
76868,32546.745648826873
82008,44016.07764849402
96078,20119.765555175367
87835,17820.079129734066
79247,17064.33714659575
77781,10833.756428207784
83214,14473.530961266253
108215,23992.81152577639
93824,31066.405863274285
80787,15702.548787140204
91615,33433.63623131246
80389,33882.09099035437
103596,13611.203675386789
105821,24060.156208706307
82476,9865.363808379
95265,18725.187875273103
98399,24689.527565846543
76238,19550.352018204412
99100,6454.591155407816
104714,9857.450654274124
90919,13340.439356309322
83623,27415.095419483532
104865,12885.529807836403
82002,17395.007395666104
78910,22512.77519872263
95502,40999.3594456044
103857,10150.297474761328
97624,16143.603807628018
85720,12649.220235363617
96531,11020.94673019606
83085,15403.702321810786
107580,22789.95002793133
100283,11233.194497156665
82635,11384.47102616302
83319,6117.580533604113
82752,20473.298371611934
89036,19918.42632278255
83309,12940.365188987244
91103,24387.4968385333
78064,60133.23844974539
93250,33167.342921040625
104512,19400.117826673966
79857,9017.052339797763
105526,20125.46116404333
95901,33927.84586707848
88558,10948.670955458207
106352,20116.78902795425
77802,18915.585066355332
87315,9348.109614181834
78742,32725.786069030488
102737,11083.235442549016
102515,9633.959964867294
89811,7317.564075516537
83376,18841.659968800363
81478,29028.964952575396
90640,16781.034258633186
77782,12603.32049897999
95954,18310.90183741612
102593,11515.189870606455
103795,12369.833287060186
90806,9551.007922433162
89657,18959.519240281348
86003,13422.026227254899
95380,20589.923446322697
105152,17908.552861303942
89783,11681.135049184064
94941,12070.007042047167
97059,12254.139777581428
94104,23905.04205747588
108398,12765.05075649868
84930,9796.833657775429
107156,18422.684623926114
95687,19321.3074658968
97033,9251.67377159684
103036,7795.687083044391
85849,12788.007353688532
103638,10606.89501859344
76938,30956.977609203863
86884,6454.477390359674
88711,12596.847372366636
105179,24773.668425576874
103858,12573.6814121791
105362,29423.638827813167
77038,21233.122038007627
98935,16357.102043751416
83763,12279.65401414834
106254,21046.455611239093
96326,26472.1770637056
91225,27159.476123000193
90336,21983.029409584735
99070,8515.173126612803
88213,14987.071400227514
80925,46031.38313021857
99202,13981.508196775067
98190,6595.266564631323
93632,14782.17451823976
103377,9997.428320357018
106788,20721.987339145548
104266,22189.42929221117
97957,9777.455363262792
79055,28846.310801539894
99963,13837.909615288785
104883,17873.07798915442
77565,18294.290714246854
104641,10284.661371524038
92456,19945.979535127855
90989,44945.362539329326
96336,9684.218475788026
75990,13402.937286209319
81685,28972.739890265642
93610,22742.157864787776
92156,24784.82023244484
98823,17192.518307118124
92141,31960.121496186115
87756,10519.907445859712
87211,13909.826068316763
93983,30609.158663060138
87098,7140.179107094197
88453,21650.595702262985
78408,16947.315972545137
82661,9945.426209914063
105658,10317.72556992348
82377,11942.230347868803
86738,14791.72629518043
90498,8635.069131435843
96128,18241.243762847505
81136,23016.231280396452
96840,11456.85264565896
104970,21748.294150265123
102228,11705.21681802697
77466,16744.387123594945
77981,11005.108521645234
94406,45623.40353034362
107110,13265.000494153726
106442,21635.51496159681
90593,14300.672536677632
85731,8749.758694800405
91243,20804.475466708405
88327,18916.512793096437
101596,12669.699146071245
91216,23276.43008747933
82093,37765.4008798535
106882,19946.801379826487
89713,13364.658131255686
93144,3647.5568542676515
88299,18379.2594165864
78242,24084.227805254945
93200,26083.113185722523
97874,14314.546390426372
93836,43017.92276791032
77774,29460.813968367864
94322,23295.73663948123
98230,14696.336365450281
96006,12211.445891586816
85959,15202.345570272599
88398,18039.574388803718
99305,6497.503439643569
86936,15431.798940724964
107147,19542.074183874527
89432,19021.043331492747
104475,18828.50905677765
93164,18893.650868481578
77276,19356.13418335113
107454,20241.29033350747
89979,22345.96610423391
105360,5747.480352285428
88586,12143.784110995724
84105,17519.109287876276
104625,13590.341780217615
78707,24207.17295960257
98962,5525.787184341102
105679,8228.491739449635
107418,16858.992738304685
93072,62221.6484163257
78519,19372.51968889665
98281,20708.261301607232
99872,7741.88715162816
99188,4731.942313495974
102719,17279.75281820835
107129,11580.312512153625
86785,18566.96994062307
80533,19542.04269012473
78168,23400.916249883303
96300,30971.42254961831
85605,11846.472314999713
77676,16801.239325533643
86360,10439.59610149677
95177,40467.75855681015
77263,8886.89739741326
83488,19565.677507967735
106949,23391.191521103476
86400,12742.136071286695
103763,13189.126068499589
98495,14416.998822611156
94363,8572.702381518515
101940,9598.449522328852
81366,19182.671716581382
99546,14552.301354651452
80651,17303.983098776538
101196,13117.084677063465
102050,11552.092430010234
99804,10438.842559790133
87153,9103.774154810737
81225,15276.711259079075
76181,29031.665267804394
98469,17529.464339873783
93979,12851.690191498245
87480,24669.896827951787
76369,15249.64332256405
88375,14417.762302475654
79983,13439.172857703104
87393,15783.495306888048
88732,10897.661161850585
85383,7710.143793709036
101126,6475.641798502391
95928,19500.541507332215
103011,3682.356748587003
80083,41566.480066491546
96118,12708.782318549303
85674,14191.08706778553
82917,19697.817903423558
91143,15021.230896169953
101645,11649.950174351436
92817,16501.956696185895
97402,10240.38944340779
83885,23213.62124548388
101758,12064.551374823877
98594,10608.154177967735
102018,1362.640135255304
77568,20060.67417376219
92202,22919.151428802626
83954,14703.557294609289
92567,11751.770871535497
99006,30557.80443457938
90732,14932.541663343036
81955,17116.213390352434
82585,12737.992900087036
106285,12163.538865150285
93620,20429.287159306987
90725,18731.805306617294
92088,13643.54527192503
107174,7098.746307470061
90304,15942.42334309823
104127,19200.286412901092
98880,10223.417751257384
83303,6333.104531424195
94770,31846.80465722826
89074,21575.616771860357
107549,20939.530315957334
99624,23852.8551717157
105181,10181.97299799738
88189,9462.91485371752
76455,27391.851719110204
101020,10203.024409678228
76745,16098.469583567916
89568,19485.75025739191
83478,11626.973339287411
85747,17039.272046546186
106272,29269.12729722841
82872,17943.656625633517
107532,9991.36246917972
90049,9789.27988220617
81364,15411.250418012563
98040,9089.732462026164
102958,16326.346968260043
79260,31285.9321780287
92243,30341.67584976517
88478,17119.158799480378
86621,20582.54304895132
104072,22864.43969572572
90813,16323.093896036688
107620,20981.83287364721
85958,9956.844203465635
91758,30556.977575201996
92388,30462.055049900235
95940,18302.933003479
95423,28855.37396234153
78205,15620.525739177388
92781,27939.39692268719
76964,22093.897774921803
91309,22472.92915720537
87312,15673.11768383194
99960,7954.794929697899
105615,19543.378751909437
81777,16280.881322937323
90088,8184.974483446242
101916,9966.25624576002
102032,12577.467909816443
78757,37772.824500471535
85089,12265.742344042003
107536,12721.43899991867
79554,11777.74076165881
100053,14378.612831956063
102087,17484.536606527152
79180,39961.79819604508
78292,10835.345886887675
87547,23249.823896138845
96714,12218.418380874036
101388,13597.207693814455
98889,8827.616490205955
90037,11107.382742362353
95831,21564.19952414208
101678,10288.405009006925
77780,28452.424342748243
104014,15030.55990190615
105304,7158.47428348657
77837,21183.356372638493
88541,7816.249856871451
89143,21494.440475429066
90294,17944.732482352436
94097,21995.816425572677
99108,15181.526658151048
107044,15357.58837454184
108467,19865.128581942932
88739,25261.31181151639
102441,14219.84238926286
86183,11739.022131361415
106346,14624.253680750375
84130,17309.931398443165
107757,11563.51584256789
84412,11938.29474886873
96522,28044.332701738233
79372,21618.607858248142
106945,17315.85661002131
88312,8409.51193496621
97814,14989.555993276423
94724,35908.52002818763
79892,19554.230095038263
94500,19432.46861869633
102161,18000.275959872615
85073,12501.96242419534
103316,11394.066150332877
81537,16561.089413819795
79187,22385.029175211086
93646,27815.052772482133
84942,13014.313673285951
105305,35002.38608738874
102440,8500.699007423249
99694,20756.9700674763
97189,11734.204953890327
89680,13203.110482053666
104471,11939.078104245058
98066,5739.879598793325
104541,10989.607142838526
90039,7802.8139521724515
99640,17015.531035746946
85034,17375.809256399174
105699,9540.814650598073
103097,11758.812529365108
79154,29026.027414216347
79730,22180.685009518085
93954,24929.101133586162
106821,17942.47191526432
108129,11296.204085940366
81433,24325.88255512338
106810,9321.627807691908
89340,8665.831410379387
92137,36048.38859398521
89457,6819.870762549595
91797,23208.967051937914
92334,20629.99361341941
99141,15384.756523443612
104901,17438.740519919313
98189,9264.460176468388
95071,17596.045699425693
85149,17649.879237647823
83164,13763.218504746683
79589,3615.1277315253446
96533,20897.246604674066
79514,21543.4338191512
97024,19392.936264085678
84010,7954.061070270165
77716,41492.09394502798
99999,8357.16820811155
91937,30880.45170829216
83222,18490.083337718246
83874,13446.873541538676
85379,9017.691875451388
80923,30178.2708356499
87263,19511.028657833893
77648,17258.263154590284
90784,27549.09675561824
76092,28573.516491080103
85877,11784.342615413969
108297,10927.523590815414
81020,35388.49307913392
80092,29823.224001306906
94008,19609.645282545513
101425,7974.875985533754
81218,27950.061058764764
102599,16391.63893626493
79959,26081.07321118749
88223,18563.995532845034
97792,18833.367149390302
98438,7330.80336297383
107986,30059.155944593254
83947,8413.368158570682
105867,19890.704016668617
107403,19950.626357347668
88885,15275.224812888177
98450,10495.391094770817
83554,9111.7476527348
92398,29172.162228768844
97238,5196.583214917162
79115,47881.45678322413
92394,15788.110876997454
86813,15077.1361742893
106364,9447.181447265191
93974,25111.92700662194
96921,7466.474468662972
76493,14448.545836199786
76358,16171.594634117004
89895,9064.177854905334
91354,23369.019585945978
105589,19545.925443909775
96412,24664.238829921625
98970,11917.344340714442
103020,10263.268403875934
87261,19608.77241893132
76112,29782.153516476308
96166,14099.576590720428
90696,15264.968716737043
94089,28363.68711994451
78422,20745.463796498138
106298,15695.456104154888
105489,18509.070207757435
108304,26820.039751316013
102353,8170.482914196603
76411,21118.141522812875
84847,13431.38640701399
91646,13464.588151427928
76141,19539.181679449182
90730,6591.728521323422
100429,11841.767352588568
85989,11216.881185767385
105539,12307.09464841411
79951,38567.47140767466
96676,7629.160308972503
100762,6141.940833083028
92509,28026.57568952351
79582,27123.25098391784
108529,22698.809657344664
86542,13251.624680772162
80669,20295.754871366178
99953,13790.57840739111
93023,14815.845595888553
102223,16765.354584911824
102167,8230.99236215387
84525,8393.715529376377
76654,33883.22079243291
96998,15144.767357436014
94337,19096.905633789567
105106,9956.395698875502
77494,40293.55906700002
91245,20717.60916802677
98303,25995.18437460045
96838,26754.86368368932
82064,16168.651130255115
101129,8976.647738790967
78108,14012.336519259497
95497,19625.84191227768
81175,14078.104833261334
89631,28317.537693761795
93976,22906.476628313187
86199,22646.778550267012
106842,4072.6407362070427
78263,14060.693144411673
89187,18485.41476279554
104396,20966.46780581178
87198,22705.914270719444
78994,15641.695641145932
82655,10502.255260381664
76432,19697.63753649707
95404,21719.251984635142
83767,11901.016431108477
87719,11306.69147630437
105980,11290.352927502612
99851,19979.878017595525
80432,8422.042585241083
80344,33438.259606877924
83694,22232.38513518288
96247,23438.36603907487
86395,21981.91452302126
103276,8897.226230632552
80262,14978.97501271776
88698,4328.484144599168
101575,9849.296357115334
101293,3648.833461438536
76732,20433.591332748467
108287,20966.46780581178
100140,10700.595446860449
85239,12697.577104287271
85252,13022.978527990932
77174,11443.584026218057
86250,19806.559757497635
101740,15858.238301199784
108134,8901.011812898754
82406,25493.423197577653
88667,13192.263781408597
96978,9299.387486857739
78635,16176.48079279122
96572,9663.392049259946
87841,11861.991174548013
77951,22079.56608728185
77253,10514.51614985306
99102,11959.832307999272
105959,7826.29071928166
91687,28039.84832548889
83483,7569.901600879705
80361,42874.59375288996
94647,12564.752139998569
100857,8709.787980318468
82465,13273.58510504118
100672,9581.240744478788
88369,15459.00621067775
89345,13042.597398375581
89610,7825.314565155871
108452,36610.06535694043
77913,49765.164946144585
94990,26288.670726623503
78501,13137.339170530246
78393,12393.130005498539
101975,8291.70659084785
93585,37814.2522008118
80079,24742.513756157747
92292,32768.564861972045
88595,12867.444189718452
107865,19796.77068940192
106687,16761.379657933085
101741,15855.642577418052
93999,18334.223786301525
107722,15435.80525412738
80167,30536.976682317305
81844,7670.554059500041
77048,23166.610809330017
107873,20064.676520022895
84939,10921.109897047936
106486,17263.579615576684
84683,10993.77144745195
83721,27033.291914656453
95371,16951.69312022535
77370,27819.506780091488
81285,20343.082378110757
92306,18123.20262486946
107739,22477.40287640469
89483,9348.123502293041
78832,24128.138820319567
95190,26941.600693854227
100747,6976.533774475521
106957,14583.595977761299
101143,8844.000841846571
92745,32977.44648437654
96890,4029.2810499499824
76809,12504.449775493686
101202,9723.334547824765
98845,18477.9090185929
106599,10080.038688943534
102195,8190.942507593244
92630,25591.034569948726
94558,20519.030128320297
93959,26928.527618915934
77993,37143.7474986652
105814,21539.924864758992
90144,15160.068100635342
102474,12087.88718906443
93582,41068.12777112809
95183,21568.836397725598
102451,8495.517249979303
90109,3191.9398723222057
78889,20568.05219807637
94338,21557.31549785205
88104,18058.199855478248
99955,11065.64569170133
91274,19342.563455766944
82254,31006.346258402027
94279,21507.527753240593
84677,12936.167345259102
86814,20148.261306211032
107316,20998.092098062534
108497,28789.382032362348
97403,15920.476752658318
104859,11379.083331274864
76106,33912.347284094445
77307,32714.87671936371
105083,15569.665710799989
101644,7395.176770053554
75980,33155.03380241991
80678,27628.732564398222
96987,7498.505317253178
84261,15189.643447147355
103391,10063.891024935347
84290,11195.898813712576
103179,8302.701831686129
92887,16576.297153259355
88486,12805.732842486903
95325,22472.583856539044
108122,5079.706937212713
85364,17188.105998591545
80688,38340.34431922441
84356,21368.62767358796
82717,18012.93249862816
95166,26624.63967584722
81154,13834.94492555833
105294,21800.826742173987
101409,22416.399914611222
90808,15040.840735264203
91000,32660.477133651417
107931,23721.350019506106
80058,19044.092107434415
90511,16470.596399370144
92525,32936.52712960556
90057,12867.053785238479
80266,13940.164584609633
84467,15614.63427818878
90576,20384.004129899287
82575,16911.151273627147
91601,40896.84091257034
80196,20727.697033130687
83418,14873.397574627747
97121,20277.199175936443
102024,15078.116210573102
85225,14499.591400278769
107001,25592.431660788272
82592,16829.802253630813
96681,13466.485262175322
87462,11621.773114768526
96787,16946.83724348515
98868,6165.121748050205
86472,21960.93810546711
91250,18715.36509047685
84328,12387.445409601249
101840,9228.681374439619
78225,20777.302055817898
81026,10245.173808452959
82325,10155.784950917361
106596,13818.349411624857
99810,19353.437165941174
88054,17139.632164637173
80041,32821.03960204624
102577,11545.362267874056
95870,22111.063069088716
76937,22629.415492032327
108359,18945.62433748721
102482,11723.464198596948
105228,22359.664484035362
94110,32857.66791600044
91022,40467.75855681015
84243,8586.07453311239
88868,20337.75148163292
86994,15303.432216933701
103924,11625.148669421507
102415,14404.418284977583
89954,13965.487867729988
98212,6967.371309781756
101117,11023.801176558569
103865,10883.729820015269
81944,16657.85514818554
87371,18148.698947616118
103778,7251.464243544387
84310,22526.408810188703
78146,29376.360250354424
83910,18157.534337213678
96498,31628.071835483275
103937,2588.6545571999645
97439,17933.74108083472
85156,11115.07666013987
93197,18561.414758215462
98573,10535.74820936923
96816,17059.530436065255
94610,21376.762799188567
102536,5708.646175482567
81021,11001.959340153056
105037,20255.777770920893
82891,18675.85886215439
83601,14950.047127033236
93413,16368.028476477952
84517,12184.261318784014
98296,9982.49183808277
83442,13446.873541538676
83641,14858.822152331799
106454,23167.457438559093
88540,6866.567884724344
101350,21100.14343417748
86741,20020.69757830025
79411,46338.78057370199
81400,17729.112357680744
92460,14268.900026152269
76076,34202.98488780879
85593,13277.517449091783
99476,10745.317614331945
99991,16418.12493215041
80184,18785.258201575536
91365,45759.01917160819
87967,10512.793485760645
97960,7725.781982320667
106216,9084.873438701572
94470,28666.69108397385
105054,19825.69849925387
76801,20332.464591558597
84376,13327.008369375431
95818,28242.466804653654
101354,9201.673855234578
81184,15101.31190219969
95386,29902.469180213968
94813,19352.815438136437
100188,12950.98133420289
97816,20114.41774670093
101948,7792.0335989690775
108229,26815.346434833886
77604,24683.39707100227
103052,17128.97851113399
83998,8608.229394829405
103163,11306.060140661186
78407,27629.414971357415
106267,15205.917624791507
84808,19946.617108603245
102176,5514.684157863084
103807,11154.967862784393
102936,11412.739781009854
77803,21484.161444908666
91153,20747.20706448075
96806,25563.624349660568
107797,20981.83287364721
92654,10123.005958957294
82110,38541.8374927862
92570,20777.764694071597
84350,13956.936256444827
82022,35641.705184741484
101036,12555.758132638986
93012,17251.32759588551
104053,11441.675988246936
79339,22198.96322305276
79767,6793.442638130845
97252,15318.195181626663
95098,31338.47949657651
99791,25548.567588079797
95121,23025.4583539675
100598,9401.35706885614
88806,18036.831915631195
93433,18329.70748979706
85064,20203.897562577524
103820,5784.712076517459
86190,23924.519412209702
96438,15649.024896111821
106282,9842.339138774605
93667,19776.688224871934
93191,16634.066393997113
103899,11550.060155015646
93568,31181.76082125275
104546,22903.437153279745
80852,27781.58330301863
91782,16968.699909040548
100867,14610.451927753775
96727,9636.904037595692
88787,16765.192857797272
80175,16646.739710087164
106215,21212.96024880501
82884,10749.840925707693
99701,9061.138555548949
96972,9579.881948347429
102844,15707.276140765056
85912,7936.158933313764
105580,15122.139690518885
92949,21113.92533573854
95794,33787.560042542354
81410,17447.43231473939
103413,9440.704005847389
94880,26496.878671518025
87634,8843.732412790521
94036,21502.634595211075
82130,15321.386387519076
97256,13863.29768976507
103817,11642.371985404021
104456,10321.435900649947
78003,16895.963032903663
104097,15648.28740195527
98797,7048.831666860176
107315,21553.186356073955
106755,29319.275929843447
81147,22011.704309475157
105271,5564.314315003633
89017,8165.426663289426
90194,21328.699630920866
106608,7494.595689302419
106146,23986.485344678866
105471,12325.236961110017
104538,9807.082376145741
78198,41681.80048096162
104720,14515.128337985336
94900,27719.648953753596
94045,35853.85393777853
100816,12406.739294279512
85400,9619.611331965707
96876,26119.853788580353
93515,26574.58917882362
94077,25427.131341288066
87247,26816.370995877514
105067,21357.71883998528
95538,33406.512502384205
79301,13526.003876902305
89679,15564.69781756403
90677,26122.98189370086
100348,17109.686131164195
82373,24257.846678679205
104030,16570.63388146268
91200,27040.52623303907
108132,10603.450097996321
96587,11593.127350861103
92498,19500.541507332215
103409,11600.525814143808
91232,22951.577339290172
80016,21658.27186956945
98705,10236.284145967704
94058,34920.504685321146
107248,17318.492760908437
85165,6296.556158570679
87202,15937.112914885363
84291,12389.03400553295
96682,27483.04465000254
76451,32926.76898214412
91004,21623.266939851426
87541,12569.126301640728
84735,9055.1482033517
86029,14332.97123207755
87675,11521.886267585378
79434,29631.67953895359
104691,23015.949534448337
95401,13979.032027250052
103975,10309.230765558843
106441,13484.349748998873
105335,25809.8821839331
86453,6428.860373127688
84490,21612.680921943873
96908,14197.93578088893
87472,11319.63748533817
99908,4777.667981785504
84898,12177.476279543653
87539,13017.73284740762
100666,13180.087529812832
82231,19612.089231323564
92648,22960.952764730657
84694,10500.986384935752
81594,8612.83270428761
82685,10615.186890697609
76620,42129.89866270312
76943,21736.320527068496
80231,22598.32659463328
94782,10596.830707290057
83815,16960.778635067778
101713,11275.568539245553
86358,12585.979292049951
98701,19659.493760481106
106421,12335.713733146771
97920,10537.318309903358
108072,17316.086748931364
91315,23741.392139487438
98550,13793.304811371177
99263,7584.139573956898
95373,17496.87354947369
80445,11364.340379136833
76982,19727.07720719839
85544,11968.527072818422
101977,12893.783312360889
80279,26845.271575871186
102808,7705.289384180705
107325,14177.748268989806
79988,19326.358110708403
83473,6778.500226724318
80074,27739.183029603362
87094,13164.881843795914
80523,16125.071505393662
84129,14945.129590381717
100159,11106.017027932594
94256,27340.657992143115
79199,25534.149891059904
106674,18340.11888962564
76299,16872.84771355406
82217,36916.29667255827
87294,19405.742799568736
87361,8354.3137664704
105782,11834.358666368049
99109,13540.109683002345
97733,23468.98649801581
80963,25849.053251350364
105129,17508.698089172423
103322,13278.577854987936
90068,14157.65653794885
93845,18920.702493884844
104956,22095.075697474247
103473,8090.890650873805
78167,27875.803118469743
80718,33412.174545071844
85621,17707.445740256375
88490,11405.234634799275
105456,15714.512952674973
98490,10414.072331459278
86488,10460.45837507794
107303,22595.098335164643
106463,11101.490042145617
100403,9870.338518673298
86991,18266.846162799455
95381,40660.533360088106
85219,11115.07666013987
104635,21635.51496159681
99004,13821.262188352626
80747,29285.111923721655
97854,34304.132303960556
102646,8624.991888666213
93364,28385.796604106254
101209,6528.994535005148
89140,18686.54448243638
96244,12093.551551177814
93727,18115.457648508116
82138,29573.413150303735
97759,18266.79135555716
86015,16957.891775300406
81090,27965.862647162343
106085,8829.970289692017
101600,13998.912451242526
94831,20238.825027601153
96566,12452.778048735701
82361,32924.37141209141
80479,22943.711192451417
82068,11679.57595464638
104750,10394.70854340593
93539,16499.262473085346
98127,10237.090602817434
96971,16478.35933207239
94105,23171.930382586226
95326,19697.763048692774
107438,16837.08101339186
100536,9587.0056391052
92659,18503.307275270738
94809,30671.604958605214
84186,7205.8598299507075
85631,9787.765712299586
86381,18542.804826584284
78721,25072.55315718536
91773,20224.135141063965
90453,20213.949884415193
107225,21359.08454969467
89949,12852.62161760041
104531,10797.774780779051
76979,17004.232663691535
104743,8192.174312474297
87731,10088.348254706363
79915,8619.223136799488
105072,23746.963522593163
99332,10701.354538166317
88800,6228.222919313129
89522,6759.58626396683
105361,11563.51584256789
96528,15434.596130627224
101546,7559.419924679037
78680,23631.802383655642
87029,14748.482127909845
80591,52239.78162620542
79887,22277.927862977594
76107,36781.35335742951
78272,14382.509019769323
88116,11891.131762748915
99644,12516.245236024579
87595,23030.300083366783
79324,19560.788552344315
76408,41727.35076900519
79173,16546.509049231794
95084,13760.25953675018
95455,24319.3629956067
83809,13807.546573344747
107320,16706.46229884708
78828,27867.77536265376
76284,16439.223679545863
105622,11998.863829925409
99344,7876.489529284016
79395,19614.668122495346
86906,13361.51620881976
107576,11376.198342186339
99418,12297.742783290596
89050,15636.206562795489
83758,9995.627524381462
76289,30530.39773264968
95798,29124.998978830936
76119,28185.420152917
87583,15339.764850900356
93110,20408.77251086002
92911,21605.040354381992
99758,7974.7352620614465
91697,31234.75773679382
85260,20645.912895683512
108475,22162.297751246588
84184,10497.36048172189
95737,22384.322550299414
105286,17326.02103446055
105354,13454.545309322008
101587,13280.305845957324
99526,15715.380242767445
82328,18475.48341770064
91052,19138.1643685668
81332,45424.88171234225
84562,18405.87747375139
86175,21139.768196156696
94828,25035.421181590296
76792,42947.68274395503
80436,17314.48188845485
88143,11856.99764710367
102644,17606.64673217244
79459,27915.881360839143
82225,15326.108606101585
83772,14554.939695872035
82109,23272.86459440082
102803,12478.252814009596
91947,40458.2945664225
88498,4895.165168305033
104204,18258.46746140187
103303,17376.43005220965
95989,24684.497609800455
90917,31727.80567255464
104994,16315.53383042297
91408,21701.081133672546
79084,24001.111383425072
94840,10436.882951847527
103127,17249.35645696562
93504,16950.5880664422
88642,14115.162035066482
95535,28022.67219237573
82775,11966.360110356263
96490,9586.11876550879
77545,51722.872038299276
104939,7566.159974253993
97679,12917.968658663607
95462,16228.87341663645
82601,7688.825268419323
91541,28849.453927328177
82997,19333.391323674634
86757,5809.993138513891
86498,17437.589057778892
78468,18914.581695031582
98262,23948.7939215378
108488,21444.56079513801
84813,11923.08990121118
84965,10496.580913982125
78478,32305.66171200288
98819,18994.996629165096
101543,13916.54899254358
82061,27951.25893586494
101359,12965.318086636948
107203,12636.20127750678
98811,29479.834819904878
102982,11745.220257964498
89603,22393.16316629299
95083,44658.11292921698
102426,12281.279962270373
88264,13360.794307405791
87119,12366.46027833523
86554,17135.546719788046
103454,17128.97851113399
99382,21526.770875860217
84255,10477.771737164141
101580,9412.537974971081
82690,26902.891659860416
103650,12582.469437721944
92587,84072.69413721986
92831,14376.004216189693
104410,18965.557387854773
89264,13711.033245126444
82865,16130.441719777353
76984,26155.111218295286
94265,26179.215819508117
76786,11189.999353359817
86379,12896.9753344147
89735,13393.922427188772
97066,12925.910299971945
77007,21125.490533138673
89137,15424.037647842279
78243,18072.26689679086
76669,28531.31311823659
89281,20982.477745379554
105621,22912.480938961402
84020,13476.368084826103
90142,26124.88166285514
79677,25238.398384988603
101025,14725.940831001495
101821,13290.317113052815
77424,15167.140261559027
80188,20668.317655764135
94655,23943.408476706627
85282,7795.599691508755
78763,13244.887931428546
85774,18282.919452295017
79278,10582.12963969955
84460,13750.700608382333
81489,25676.288107529985
90788,20655.3031637712
90191,11239.361014992126
106772,28986.858337243586
108112,21315.0093015819
84380,13304.240215380401
93636,59691.510688535425
103749,8814.847305451693
93435,14704.64887763523
81394,12605.887561608195
82146,37017.95075516336
98362,4546.018077893565
88250,12880.9139496072
107041,14026.231133385816
103478,16945.407695495498
89273,10732.888064852214
93583,37120.92907402481
92107,26120.22690820707
79557,8403.940382874338
77861,11972.001163974297
84591,23209.33301168837
102756,6523.945255318776
91798,16816.44991511939
100309,17128.97851113399
94987,26168.907386501367
89991,15970.744169922562
81523,25120.911938870428
82815,17787.116904787974
84366,9677.235061653568
105609,7502.205138460643
89695,7808.5824918173585
86242,20028.110465353166
82477,6507.797938403251
83774,9169.913435929308
103676,10378.968442241114
85371,18907.4498243023
77386,48871.790137831915
93572,12118.62766005742
77535,30982.6900303568
97174,11803.937488511872
78330,35061.4489507742
94032,14899.765634375497
97537,18415.64569893469
93975,18654.564186459556
80657,27652.76529985094
85971,14817.235836549797
77536,14883.000151923476
81757,16173.002658189549
81232,28228.938139512222
88606,11343.659612343969
107709,9482.024974397566
79596,22672.45744558303
85671,18905.636371821594
93617,28578.33860355682
104211,15995.18916309124
98843,12303.862213802613
76153,49118.96784442653
105258,7572.120950354192
94812,26949.73372650267
82892,20210.621125138532
87816,15655.009619078131
90058,8146.600576079461
95471,10440.486706876714
90419,12862.874130951637
88777,14845.787179667663
101559,8021.414320315235
86808,17327.485604389218
93637,21450.159095249273
81562,14032.30436178367
76442,41980.20112423683
79967,29771.355778784196
88683,20866.164010652537
78139,10437.471066086642
86530,12076.084766565404
77000,31797.699797381323
101915,12308.972599101622
90706,11928.527129463979
77396,18580.113598005202
83475,19706.676846886723
104217,17704.340006486746
101461,10804.269455869831
82676,7782.028135871988
104438,15918.497728389759
94757,25588.56255202577
84916,17338.21493647882
85934,20676.098964128465
93051,18788.801946775176
85136,9675.809078965704
86448,11981.53589693343
102828,11623.254503030796
101564,10163.684979952408
85740,21752.32590151891
107725,16611.238420997906
77165,26515.839892804117
107859,11926.774919499247
83065,8481.941925021758
83470,28671.937366629325
82147,26291.234795951856
103691,6885.250256507848
84024,14313.820910679124
99630,12001.40449480404
105243,20373.068504631152
103804,11059.063486510233
80130,10512.023078681865
97317,10030.69621283905
78532,42005.539349571634
98989,7528.4342337726
87716,10289.875031737145
103640,6029.652715251713
100541,17183.12343521466
101428,6432.5196832533375
100899,5247.815781237379
91739,28138.454755712923
94502,39076.65436471811
93919,27220.820281037835
79707,45853.98912111603
91516,36445.76523707764
93156,21800.927764063425
93340,27063.6642522348
86892,12984.810577282386
80420,19055.78422547386
91660,37708.489292786755
104006,14324.526294926023
79833,37251.48800826576
101663,8190.942507593244
102471,16594.37818513642
105380,9052.244983792458
107076,22446.67145624392
97009,24975.375352997868
78577,37361.2386801317
100281,9119.146914820703
81075,39821.07987448504
105712,29081.47081536644
90807,15437.41613440972
84240,18092.66150917959
96951,16355.546547472559
77270,21630.85971078533
81760,16370.916462475958
92040,37957.51201314373
89339,18400.691050926627
95256,21503.566074834136
84788,21582.92849725605
83686,13183.982273235335
98633,9410.862978052826
76608,23785.910378612694
98918,16809.583837684426
100264,11073.01290183212
93998,22226.017828549997
90051,8405.176828034817
100506,14635.489036126355
95747,13261.636826730979
91393,12741.063357788971
101051,13182.533183540892
107844,15083.819369984281
105479,18575.43612078999
102468,11879.114723402941
106785,16814.02441160028
91577,19048.457374416303
80832,9627.353946718862
88616,3012.047821504248
78897,29093.468660268587
83228,16281.757741731939
90389,8675.07191414167
90154,14570.585863596978
107664,22471.807916574468
84602,7924.597320804827
103155,8021.5708783899045
94290,21120.176137279126
84292,9966.37765715843
82455,27951.101464131905
84453,9106.27599838795
89161,17963.9986099606
104207,15383.150577631885
85660,11232.34695274096
80032,26765.75739436059
75996,23027.58005454832
83712,15433.947433095278
89784,11566.357997770225
101364,4440.713930222085
79099,23032.757299402638
101423,11942.331455729607
89977,6934.485109723639
87688,10518.265285213129
87401,19882.268045265126
90723,14539.912858491554
85875,10661.74598212695
106387,27053.742829529416
76002,13123.757494415193
99436,10945.519001003271
107239,13825.084200082527
80251,27556.86437128466
85127,25902.96879032495
90351,10702.184374578503
95526,26483.530293751453
79335,33427.05224633097
104754,11525.247792145588
91081,25260.69643885719
82005,18287.81517901887
89414,27345.244830778425
102366,9876.00717561538
107017,9806.913039584942
88810,12098.55794695169
86694,7821.2505362694465
79641,9159.020618311646
104863,19196.857032839576
100526,17545.17425462839
80318,25341.763715143417
100931,13658.951981122202
102375,12235.492831765325
78617,27153.2997478442
103552,11558.10800841843
108268,17282.230754695476
77842,18484.28496188404
88774,8830.880314555567
82323,14577.92201629268
94125,28442.92969724106
98661,10944.971451159969
100997,13661.745524164544
76933,5831.019689458988
76957,41970.99481829123
84347,11759.538141329516
102000,8114.073294451172
84626,17209.260104709538
82214,41128.230864444726
105909,23393.534437071652
107442,10114.02437067383
102342,8430.219955497849
104461,19486.395594280424
80095,44950.569651776495
83558,16312.421066780407
104376,24114.66907806697
105494,14191.933375515871
81702,43562.04238227805
108056,15508.497291361069
84131,21360.488582254908
94242,27332.481181474028
102987,8070.248601227917
99643,18750.754177576273
78954,39462.69617148393
85511,20247.426092235874
85380,11953.60691196155
77232,30564.929111165915
86585,10777.158926616345
99729,14291.361636499565
94946,21179.46012191514
97768,20955.640158195685
83855,24035.803175512538
92397,11998.870832873941
90311,11060.301701218168
99324,8345.197292774763
81167,16301.036218372767
80030,38050.98529971283
103679,9904.010921381148
80164,12042.839729819247
103198,7572.35546187147
87658,12383.366950569343
102090,8844.08017639744
92710,13816.995488260633
88551,11971.981749351504
91001,27021.108950131973
100653,11284.387638543296
106050,17980.883315314066
92084,14533.470838840312
77402,24865.754891773828
101296,11517.539683455338
107242,17400.11729847819
95646,19050.33054819948
99126,7919.105068194151
90982,21471.51569902186
94896,28026.681921586725
93011,15098.038441441686
84607,18675.85886215439
83352,6453.490979572017
86097,20505.142433997957
99312,7908.610288330608
77584,33384.86435798323
97372,15053.469030055096
107179,20182.807151212943
105835,15302.50318153131
92924,23399.35559682665
90798,8627.559419505676
77487,20001.42159260937
87523,9454.32651843746
104328,21608.43612858399
91404,16760.57812515065
105702,22168.451878144937
86051,11598.234323519788
98136,13897.433892140056
91149,18518.024456484898
84015,12452.645140396933
78227,26733.04261876438
91810,43737.6560165949
92345,17461.058201369604
102647,19857.093481626343
106549,11269.041078279912
97007,22769.0012567756
86887,18004.701866825053
103983,18323.642353204195
89554,14199.7053730069
88066,12819.284620423225
98778,19761.4784128326
91459,32444.037243578525
79659,30515.631553337054
83978,7137.3836883057775
88036,17784.16269525834
80483,17792.72070534086
101770,2432.6421960326943
98220,25115.460805124123
84427,12430.797962079583
94491,16472.299525156366
83782,14429.519712560996
101945,12284.34871571764
96613,12228.426120780732
80126,44764.93827925093
83381,17008.853974665933
100263,12070.331640617973
94953,22302.383981815037
84413,17583.509146586453
94816,33468.911986467756
78578,25959.176984161062
89766,15769.312313828426
78560,37326.43720905539
106444,17428.00440093501
100883,2991.041343287288
102769,10226.472847399229
106426,29022.75833135263
92404,28384.26774236531
84800,8602.496254849455
90714,12590.15758402035
96274,18963.0857950509
88259,9876.196220758575
90683,14512.135822100143
78878,13432.87114067562
78675,12040.38940499344
102189,18433.98489082123
97959,13596.184205004452
78324,26073.044770217224
100397,10630.231241871743
89808,13420.498238228445
102920,10263.355733458002
77724,12274.711646190954
97183,19204.01539351567
102360,7843.791500974355
81748,21052.797598126846
100225,7291.545054491152
101411,12542.92371814373
93887,28425.333056791304
94437,14168.283309415974
102317,8604.495170877766
100939,12215.756313056845
102016,7022.716391119163
88651,10899.662824968726
99340,8187.090764491749
107078,27429.542164006783
100937,12572.033255010492
86922,11958.42890888511
77864,33589.603969143835
105180,14815.990635971195
85599,9398.6691442974
94556,42904.4025761839
88368,24521.083971611017
81005,48220.208247476345
79083,41979.46918451163
95200,22685.71787767323
94374,30227.935410092086
94160,23338.790751574474
104549,15414.694356506061
85933,18242.48643113935
104848,21417.76833801826
104424,21980.125103052073
78183,17461.031033921412
99280,25922.08718382299
97928,8670.457407976784
93122,16160.767714711543
107991,5351.4076526851595
92468,28957.845821762065
97451,9855.54545069736
94463,16699.508590647576
77629,18264.805856218285
86008,13612.516821013027
106210,29295.462908143898
106181,16696.231884754998
87485,11936.535087544273
107645,11013.80557994516
100084,13660.550558626022
88201,11970.864965982322
86236,17768.379463230314
97090,16668.371996118356
83909,15397.791824444608
77686,34032.90307763658
85505,24051.272245528595
92046,27563.420111637533
76681,15662.066766856444
102648,9561.73086194508
104998,35497.66267251737
86349,12136.213136840459
77229,18309.924720507126
93379,20224.886697755683
84973,3504.5791026534816
80681,35276.58581463741
97876,12876.247533530772
89330,11954.774721090604
106836,23918.87951401703
96449,13113.060192944482
88765,17830.610799834907
85710,8218.295304804204
104002,27210.17988133887
99224,7756.341868902087
96767,24194.542937406062
91035,32143.274840301383
91531,9134.724885184038
95857,28679.43000393632
81338,24103.889739524115
97921,14905.198328070699
94040,29617.738626779672
88240,12709.208186896572
104643,12586.206268996933
84702,9397.958424886438
79809,14550.477041946164
82171,15282.986558418814
102481,12819.749009193325
99514,11207.341932784477
76656,46719.986405082906
86176,15291.062505788888
85784,12345.39765061611
91529,25794.41996436329
96184,8987.804056158702
94982,28578.33860355682
89887,21247.428179136463
91306,17632.92315740668
94801,19544.760434741136
84873,14393.141652334312
105262,19268.818938531156
78755,19960.640875674944
105378,21922.191575063825
107314,20407.487727383657
88401,17955.979337113164
104523,11191.781700098993
95968,17671.682045221274
106940,16846.077701738282
85854,13972.01669194197
100090,18000.275959872615
94299,25651.728727709127
95815,40111.48244553103
83336,14557.621554904827
93357,10813.033421900045
83671,13132.985868698726
95352,18991.84225731737
81447,12582.426665450024
82530,11764.359499874394
84072,7590.586850757407
79590,39851.19949442948
81072,20685.057301049903
100894,14834.237142428547
94501,28086.6946536936
98410,18084.122983205096
77356,31810.51613186103
89008,7468.736437808855
79270,69756.18296335987
102768,10309.682080838671
104671,17247.0596326895
91482,28705.80913606265
93496,28260.40515772208
89699,7845.218147673675
93711,19717.507285984266
92768,23853.002938604735
102118,11716.107287173085
99410,6864.14798552958
101552,8292.58693805585
105876,9601.864262508254
106386,25727.450519679416
94563,20965.970190958535
95860,15715.605657493792
83636,11264.829025508707
98837,6243.367552279412
78724,10265.42276747331
92579,26075.194679597054
82223,30515.631553337054
84289,10667.992648286796
77579,35808.4675498686
83896,6808.611776070325
87389,7352.629135978909
88139,9959.779307839448
106790,24474.146897835282
82260,28361.375436062805
101627,10612.318445713818
81876,22737.772672846448
91029,19857.688147959845
84583,3999.7904622746532
108158,12094.907704744692
108203,15049.40846924619
98582,8037.136528751597
107003,36337.241698399484
107777,24787.384669902436
90308,7869.541644942658
76799,16601.35957578473
101387,16474.992161217204
79964,20255.81798342501
91606,26949.09930179604
103952,13557.154749127161
88622,9158.02981107973
94559,29580.464802855746
76143,21279.089661785354
94903,25748.54585682232
104486,21498.523588761436
87551,7473.432978024711
78063,51829.20533435401
102556,6460.952393671542
100052,12819.749009193325
107074,30766.411712786434
92069,24881.385008364963
107850,23829.574677476492
104540,14474.46134154845
96846,23062.538598561263
92391,27433.584341175683
84659,20117.052766729543
84117,18628.64397301636
79120,13995.760641206658
91389,13424.908028524605
84349,9680.073283754798
90954,40506.0727967408
92695,16635.764047972607
107811,22525.889370476103
81971,23495.871856903723
83450,8293.073050462403
75976,27044.3006410376
102965,11517.64994298464
90287,24384.263247713316
77605,47544.74204087339
91214,23080.508460166697
108303,15632.69946400308
94860,35170.14533020423
79366,21559.12728671613
106091,13967.5609500863
76439,42333.69595195705
87417,29733.711762205803
93478,14195.239867244522
107216,21310.65729835905
103764,17058.22806268915
86879,13813.000466005653
103625,15358.773867952652
76402,10774.91444515642
80311,17194.23522133805
80391,38301.03738578841
100880,15086.486942776639
83171,6920.922691728558
88078,9339.891582140484
84318,18339.79075534281
93526,25062.019049990795
94190,16597.436087013502
97052,13399.887107632321
86101,9891.143405453073
87543,22855.784886303012
85029,12397.545385400002
83740,16955.116299343106
100089,6217.145835301695
98227,13694.694553950014
98248,10252.912080303726
107138,24026.69659670092
86854,11268.530824802045
102785,7313.804031062918
87839,15067.174892248422
93906,20459.518271875135
84661,21116.042869131943
87432,13144.634493052541
85654,20409.597039248605
90678,15460.574285788747
95299,20453.3643975011
95236,24764.928635962533
107608,24874.65473434663
87004,21165.814164641943
100566,11385.314617878039
80665,13027.413747648958
88010,7922.200438198248
102663,13246.232422007797
85485,12286.439544119545
101269,11310.012484467876
104674,22663.46967771173
89263,18396.658052295934
95420,19052.24260499146
102691,6573.475583589773
86663,9339.891582140484
106138,16524.52560909965
91571,27297.355135945392
93819,15106.895282816906
78571,19865.541959458187
94985,13404.812368892624
93301,20228.20476553293
106718,14175.462015748031
86771,18485.41476279554
87704,7475.212372360313
79666,17068.007636642047
107584,17465.29966449596
84895,11727.932909926518
108408,10631.810381956911
98171,16063.16168566284
83310,12430.703400507402
86673,16126.911267002024
82853,16599.81724958611
105650,14422.24407866554
98670,16409.98636196619
85066,5069.540255025656
83794,6678.031782604895
80583,11978.869414178565
88130,15955.027175078743
98999,9196.65624117297
101330,7615.862449453699
94984,20665.65305879261
97990,8839.949574021639
86985,21604.321013937628
105865,20634.312486481755
108519,20847.852460442005
85264,18812.761078500673
99920,14373.772575281879
79757,26689.823197306046
102991,13088.977412224838
82734,15252.180967722059
93798,26322.245551661756
78739,20997.112843409155
94102,26857.73802615639
107720,15810.94100103654
104818,23422.221820028662
105035,5197.280384473464
78882,14482.48216936815
106768,10190.946172116732
104488,19410.972152284285
83401,24909.67367066406
96513,13455.560340117947
103742,8103.918613509544
85746,17617.544437760214
89503,7759.722395115858
86162,11517.2249236715
90081,13187.889034417121
87809,19299.263555615347
105903,14384.98114896106
91476,22380.729984650578
77323,29477.531129971423
79344,34574.19834041123
86967,12688.060854302821
87631,14350.331068901825
91478,22589.781851683783
87477,17737.984642894637
97456,25247.21349231032
91210,28589.3795703033
88841,22816.79144737947
86262,16125.8033886246
98038,27118.12985940281
108461,15977.780629189105
95645,22756.493806324957
91233,18338.045960204116
81480,30969.248546833394
82671,19383.183592288864
105275,11253.78098105409
77852,17988.750185136687
90565,23531.528136164678
89172,12246.605598733197
102384,10933.97660582667
88944,9721.391157487176
80531,17218.773577708274
101795,9244.913557727681
90744,6291.915444132237
78179,33978.35747724946
94388,33329.704205054455
92546,20521.67870359069
84282,13791.867362077362
87078,17791.222377721922
93190,33779.80196810657
92014,15074.223845844357
104501,26893.115111381336
79523,24001.091364668875
81096,23399.06720756843
78193,35000.255884225466
94720,29463.93477229696
97242,10708.652978159005
103784,14532.9514137797
100186,9755.00971676064
91494,13307.517559262245
98765,5368.554529753382
97370,21819.315538115083
76295,32505.946094760107
105840,20282.26372365877
100641,8578.36547152164
97160,28819.32685555491
96440,24653.730360997783
84853,6328.125596086207
105223,11513.937028624048
105879,10594.043420931248
80347,30019.672294654807
84534,11677.05893765098
85045,12408.764214120603
99348,29313.207991803974
105487,19957.61476502403
101906,6673.194197988907
84905,12427.018385784842
105810,11096.700394173617
76346,12631.74506920831
104163,10293.139893878473
91997,21915.418155996373
94182,20432.071898511138
98583,16169.92003013959
78048,23972.45582135575
91650,14902.78170426641
99045,26364.72814860141
90167,13419.203012722366
81936,6728.978602503369
97322,8273.34299303328
79506,17742.857974470757
101689,11190.810504396919
99677,6053.684336041126
104364,7878.395401078397
104493,22182.79295458916
85811,12689.682370912147
76088,24864.04447473113
107014,10848.53977126414
85517,12691.140128276866
100065,11894.224565154285
100700,8693.649370712283
100178,9943.940912140637
86072,20393.82578441566
89071,7534.3735252032375
76027,12680.604185577044
84394,12470.60848955571
97989,19702.525614839516
77527,12760.00615817797
89342,12143.784110995724
94118,21277.69114010865
94468,30040.66737297245
76061,21240.634091231303
85744,10075.840796664741
105185,9668.34523939426
79043,21278.898695448508
103948,11402.113914020107
98325,7017.740064669567
77056,20545.59534489051
85262,12328.967513997715
94885,29584.229645193038
92436,65190.75741374625
105339,9950.31330964873
85288,8327.078565755091
92944,21110.318613228144
83145,17013.66274264552
87905,10996.033317862935
89188,13060.619624117897
90245,17018.69343052143
80370,18674.00543657305
92165,30301.702932080356
91638,17572.819705653503
103657,14930.425469785758
81016,20382.7554697004
103792,17174.148876432188
94815,15777.238893552616
78957,9806.7115788294
83141,10193.475715579669
107365,12904.935663781951
95563,27093.784791051465
76918,35671.54740692644
87215,13342.097416051864
108328,12228.725428825755
108027,19768.553163124212
79325,38538.44428970595
89545,14573.076271293485
103967,9556.628843018278
77530,43520.656443265856
95330,32208.45196781702
78671,3431.123950322386
102103,10539.798218644148
80024,12711.63820648138
89481,10400.070222512
89138,11913.941621970976
98762,6860.344503093766
86166,19099.56267116153
91396,15052.807105006774
94749,32368.415881389625
95788,18788.801946775176
99730,13625.031394704727
102801,13644.1664998146
87208,12391.3565939702
83098,10169.711914801826
96015,26242.688627649215
107970,23559.121517624342
77471,26619.096129885376
85822,6817.757218495197
100518,9880.312510756346
97282,23228.5322770239
107193,8244.87476516346
104825,8546.832609298177
82687,27068.383660603533
83026,13720.371657999696
77470,17507.1690766396
79254,15091.773411406451
108020,4991.991586511724
99103,7919.21530055704
78665,38131.48734675865
86932,14518.14160597377
79269,18262.196872744986
92024,38921.2268444471
95652,30648.006507726754
96170,9476.077088653676
83586,18158.964708160776
100804,10084.471185128894
100758,16517.10277663787
107628,20282.407282571272
108337,12165.160359612222
83175,17898.089734009816
90838,7623.775889861979
102741,17189.953197116334
81263,15610.002320600335
97071,8740.244078729871
95004,20837.757152037288
107019,19426.10711352248
95503,17507.90724737825
86249,13047.185802712982
106921,29269.12729722841
89972,22059.80346106954
77660,34344.00115653436
77328,35298.6032919165
98264,11668.4616986686
86800,17960.61037709174
76661,22830.609359970804
81734,43207.83018657383
84741,13225.027124411374
89926,29035.507792986675
79502,13829.08618362841
96963,16617.333254850015
97855,26150.448386677956
86877,20116.24837319554
96814,25954.82978462188
94648,36935.566572209784
103104,7914.852769922948
77999,26391.153718197907
77500,28447.088639731253
108189,12770.026942427703
107124,19932.145331681484
105320,17095.451271015703
84589,11349.650486308848
100502,3908.7446847194974
84272,22267.95636256159
90146,6446.144899436803
89016,12445.004600556349
92360,20786.748342170264
97341,16465.940316020256
99635,11119.536304691708
93758,19815.91132701506
104345,21065.744287796624
104346,12304.276069233383
103219,16956.132670334893
94240,15370.268344297861
100510,19754.15524769223
97788,9907.640734347067
87877,19582.270182696662
83993,8300.870580205927
95268,25062.791792195734
90857,13154.648962598918
89897,20388.85863583796
103642,9068.367907617789
79712,28080.85887865738
84733,6793.351279823807
103510,11347.31677999723
82151,15896.664376852143
89275,6937.603686014472
97022,23702.15051090906
89964,6841.105780733903
103169,12819.749009193325
98586,14611.118793603486
78199,8842.087754662127
78507,23380.785081292022
88856,15699.922852268313
79309,19486.636385808786
85685,14856.505517152127
76527,15138.26606432335
81636,13382.457194128061
86638,14026.956544250044
106517,19041.312400037445
102023,13463.147759054522
91620,41654.004265987365
101886,7842.5910568877025
84887,14327.178928824576
84751,9525.639434574203
92613,26104.710806862797
91825,26355.96546581271
101895,15450.537500217348
90560,18797.319164335917
105545,9007.152239393077
78700,22495.869045280346
82886,21993.02437471872
105649,11107.938934641283
77577,18548.060951663934
98003,26240.991549200113
80537,28709.35942012435
87387,16284.441143121408
97626,6780.598027315749
92948,21064.088495535692
104000,11297.722999152214
78385,26737.098742586462
103301,10583.290219112621
100102,8535.118294999333
91401,15094.953897776224
105726,10360.10309200882
108002,13712.439321214477
96055,9239.739648499282
86533,23884.380650101666
84966,16271.553234310995
82750,9971.53674616853
84780,18668.994509975255
99760,9789.59323294568
96353,26168.94444729356
90252,19762.958341113444
92114,22654.224430350976
85641,13273.948416697322
78846,33836.63885124998
97479,26927.17291184585
100657,5753.477711559458
92553,22624.455960711573
87684,8637.22616464727
76579,24588.208803028414
104441,8114.829554157884
102915,12866.258294545227
98255,11464.704377494818
84716,12678.764963382706
85426,12007.882824021628
76829,18417.71741074079
77899,42609.62261712969
93875,16295.115453449485
94170,32073.95741414349
96206,16567.844670908005
82777,15481.93087723725
99399,10423.789366013048
76017,24774.52024233804
78785,18284.060654287598
104195,8114.829554157884
100767,11463.317734518856
93500,16946.175243271267
103248,8008.412938205681
101828,9068.891121244144
93209,20561.39079597471
96665,6718.445366415647
94208,23055.04425640527
81789,44693.89879823039
92578,18375.234756274243
84750,14958.464028780478
107543,16650.9993485244
83294,18673.016204788764
82408,9746.728081255607
104836,27156.66100715791
87366,10081.544260041863
100488,8570.975440117249
87296,17960.684667827867
99820,7009.003365760204
103856,6912.919896440156
80536,24850.258850386574
95407,21424.164474184196
78024,25322.39785283582
88166,20168.58493895953
79046,14616.751389990523
100829,10154.50978981875
99250,10668.225668084391
107164,7978.117377538925
83857,9849.538832630677
90031,23533.303753658405
97531,26659.65815934232
78237,17530.678286333772
77205,21790.538056068566
84796,17842.46622615782
79769,19550.57890100835
79899,13379.26974282867
81570,28381.356726024926
96209,9157.431518323456
108012,12089.430709465583
83784,12372.833361035828
95293,31855.469274939063
107894,9625.004390734848
90118,8796.5578068369
81548,17952.838634380885
91246,13916.963650327643
106066,22732.291131216938
76349,53200.16595034606
84792,11956.217618620267
94792,20549.555781857995
98772,10991.31894884605
81023,34600.06925988129
92760,16176.758651289168
81049,29795.386284176486
103697,8388.4688843324
82248,32151.660084846208
85475,27443.05048493796
80927,28228.938139512222
93520,21277.69114010865
103034,9376.206772082931
88006,15637.450662101839
80697,17147.936691660707
89565,19855.515217173375
106983,16836.62613444068
76042,25988.894301359065
95214,21618.87974748541
77712,22041.55640017992
102226,8546.9271271533
106128,29673.04824458018
94347,37451.32972937543
84176,11971.521292703177
92633,37076.79885862106
89147,13298.10471633023
76200,17420.976083563502
91972,27175.86167887907
95624,17017.113600843244
88237,13146.573622835824
90626,19173.39537397442
79402,29162.116387086044
92751,16249.154831247326
93494,27696.321775437093
77785,31970.19769747386
108502,11037.261431261843
76356,11691.375073230049
90256,8913.246710920668
76286,23865.18466583412
98835,21427.726601539904
78799,28883.52981616337
99864,16009.197162689148
89317,22919.202529177226
81235,38340.34431922441
82980,10296.76727797005
79032,12736.659355655605
94549,18082.511237998668
86872,11821.266577933187
101730,14519.515364177474
82684,11928.324209758257
99516,14399.699236986182
80017,6695.134075198565
99863,14067.015521988807
92792,36483.976567523496
100593,11235.820157056849
86135,6663.8887674243
78870,10792.336628891673
107586,22499.878362615087
83757,14826.920062722676
92765,23321.682042601602
84890,10734.951609868529
108290,14197.920099600116
82893,30184.871714099587
89660,8600.078364115916
105543,11248.084798983313
106368,13350.445436817023
81799,30637.861770214382
102757,6164.961262744655
87520,8747.822173119079
85172,9416.643466724669
76593,19612.138222774825
99431,9516.554733048873
104403,18495.765273606165
102932,12339.78795217678
81998,15200.654402350625
81391,8976.354291973874
108151,14728.802008526405
100164,17606.64673217244
77950,43201.091255321844
100416,11042.665791398877
108237,14400.732602777183
93464,21208.55431247163
83899,14202.15311904944
107184,16002.723650924183
78001,33381.14258159232
98816,7739.989531989416
98737,25794.639611806397
105432,20065.30052759684
99160,3746.4346911011553
99195,2155.0626325704675
90337,9341.3326836667
85546,17660.2149777273
107128,23754.438938387964
93327,32963.963107624935
81501,28343.954474651047
78485,18225.312147700373
98491,23508.655122040804
91265,26913.784117616848
97185,15855.046930983408
95708,19454.679677313663
92269,22547.293457454194
90122,14871.730146822903
84219,11436.421543743936
95920,21787.96524209528
82679,14468.424689000663
105174,16771.020203025982
90879,16223.894842547686
77507,47303.20572514844
88757,12726.74331343908
101256,9098.564900374087
83426,19472.772474541405
76075,33188.56129694203
76871,20656.672356626186
77695,45990.26428696039
103555,11616.01139851593
94893,19908.848190417026
95836,17036.729665995143
92061,12461.848527050384
79710,12796.479162281388
93899,14158.36000373664
83299,9995.627524381462
95620,33128.753912291126
104279,19577.506132680606
83705,17797.244401462962
95472,31281.301713829962
106260,15928.244012099538
76886,16035.49217253427
97248,11686.812853834279
80660,16913.60660054627
101333,12037.217847868393
89360,7444.803051962642
85450,8087.426167203769
88836,17960.61037709174
77416,33711.16399081806
79577,24888.640662334714
98503,8438.431809844808
76778,14995.009279581598
93681,15412.83034925469
98418,6881.424242199575
98615,10300.699012640891
91857,27151.034983618127
85059,10258.333608749626
84064,16622.548031555612
83511,11132.328848081068
87961,12024.869157683264
89756,9632.618526806942
106904,12701.521812411649
78218,25957.739107981855
91503,16890.27259374163
77126,10932.472525371968
97801,9637.93048916927
87474,12573.658603173419
77057,24593.945902837055
79478,25124.945204664262
90041,16198.862582892349
83374,12295.082856981027
102094,11925.413885873737
103780,24729.409143905435
105079,8533.664092719058
80462,23663.96032665164
101705,15271.97637968821
105756,23383.424070637517
88993,11633.406239287817
89593,10493.230120136957
86338,22477.15330496821
77853,34348.11724077813
92077,32213.98523943758
102494,8705.803225035905
92534,30219.19679154413
78971,29676.07730937795
84687,20117.052766729543
88376,12009.695102263855
105707,14666.44617913895
80939,26058.090940078495
82258,21264.673254065743
104917,9263.191919560195
95086,20084.871227382828
79275,16719.496084836857
104721,10611.86526504398
107939,20793.547037026674
106703,9860.87255973022
107820,12238.125412327287
79947,20311.192510049823
89961,12385.391630694325
106451,11026.351703402992
98821,13167.909648203697
77748,36375.58784767228
104802,24331.35699848479
81481,43541.24920691659
93544,17358.80692157938
89611,15139.226754455978
79850,28474.885587828237
81466,27690.012477249365
90668,7524.353006373455
89743,17726.13493425969
106672,25327.289040211697
76030,20883.810732828235
97231,6512.193423736245
93484,31871.609816281652
81393,14911.649429980553
94369,15193.236174551526
93507,34524.027275419394
100752,8838.57103330688
95565,28438.011328542194
98749,15939.975656395813
99634,14527.111194801335
86127,9680.355439175923
101842,18337.314051109875
108481,10800.489546917315
82863,12596.350116786518
90043,10651.563690756866
76857,33774.34642001454
83241,12146.257490417967
103197,8946.794105824323
95458,15711.089849049267
76515,8075.10343420067
84987,14421.24975605636
80199,18723.563046699393
77835,22877.124783553805
80809,14747.961670671748
77245,27863.071766830613
104828,14635.649180147026
107338,7932.140961262726
78811,32523.227869801107
76708,37572.51361507457
88559,12244.713511768228
99380,5047.466575240697
89411,8649.850091351287
94532,26494.74525124526
88046,6297.11941556712
99155,14306.299936317053
80986,16245.292496464333
96122,26545.263847321374
78618,19881.785998871583
98205,2920.662454145236
98995,25779.626776804995
102432,10223.107207094676
78709,17006.15081598512
93586,22726.047209928216
98147,9110.84228011367
95468,27943.85358778818
95425,16970.65359133748
89106,12397.545385400002
85764,11594.468963135114
87674,12021.093791819952
106365,27321.881724407103
106263,8112.298342057131
97423,17499.188991970786
86855,20790.03061634312
101637,9608.574206945683
100129,7397.368005457386
89346,11448.920640872022
80037,7461.921715548809
87439,7827.063572983868
76329,50772.923698110906
101234,17151.12465057241
93715,27869.66192614273
96728,26074.417193851994
88023,18240.714957835316
100289,14521.360583847947
93685,11790.342079436763
97301,14822.807908426226
100588,13129.826797557575
78240,18864.96745188777
91194,27494.48564320405
78088,22949.084289957238
103811,11438.241642952487
79852,27126.232801075657
77718,20228.826245746215
99968,7732.990235739339
82937,16024.162062245407
106774,18499.786139744734
85107,10842.208564007413
77329,25650.776951948053
106498,18246.822970455716
80946,21554.185179065502
89630,23028.930464626537
105995,21576.248100261324
79926,44705.88428818046
93982,14518.319423777484
95152,30272.001856535982
102460,17639.839454352663
86797,20264.89340982241
98696,17599.54679058925
87491,23748.22183242178
93185,22233.25919605106
90910,18796.97134589032
102510,6742.619303867798
99707,14598.101213169632
106468,9929.393627956271
97505,17916.03513739644
85240,18676.129200095336
89795,25027.769505207747
78677,20172.920216387225
94311,22745.598814776087
79406,28727.967152601334
85528,25909.168502680055
95656,16605.72889072699
102783,13406.526270090324
76191,29929.29297825919
96193,12837.37647684071
108352,15641.56069110503
94226,25883.2778366527
94472,21242.867454224903
78628,8863.486695915957
96861,17942.847572324594
89698,16202.957496667725
89021,14765.648649078628
98919,13681.832355859906
107511,26737.004666462934
104317,13351.874799453752
105587,15284.724313858926
89244,13326.426082465558
108221,37166.788075100616
104558,21885.696620171424
99691,12247.295590692143
81153,21392.36884777761
83019,14070.563645755848
84699,9008.532430737507
92354,39905.64415896887
77258,41085.7354415139
81991,14001.243699146298
99191,17648.66470043518
80072,23224.323319241383
97195,23299.962241078367
83104,16870.403480298482
104712,16675.71498301822
100443,11766.1124224859
93443,32579.0895600559
85543,14775.16248600804
82977,17890.08226958563
92597,31809.907025270753
89182,18343.43046330103
89737,10350.078164644428
103093,14135.90041972951
103417,6361.00104651739
78550,15517.351469231
93081,23798.998656381504
80992,16221.185846786824
83725,11740.889322247485
90755,15160.068100635342
89727,23659.899787966315
82723,14789.31635257107
85046,8230.897298626764
105507,22279.92537839192
102497,8414.460966477996
86897,9569.215787294239
81522,16062.192223672919
106201,22192.257525629797
87615,11864.227223472652
84646,11977.674390158392
104296,26201.952946232323
84433,5425.600041267925
101470,13396.68897435121
76641,26304.04943937819
88265,9706.989455750241
101728,16085.807887459072
83541,10068.021041025246
93807,35153.53939113894
83873,12284.003858506316
76785,49209.43485410249
83629,10885.457181968643
87576,20491.533325854653
93395,18168.183571483467
95537,20004.30406724824
89598,7969.313538925034
78074,42485.76964686065
102980,11190.921987727708
104929,17387.421017616558
97395,13522.007101033107
106751,23662.807951235925
101628,17278.937647913554
103613,14754.672634382543
103641,12305.497458900394
95834,19579.3743661693
101797,1805.665053057351
80042,26785.362527004087
81608,21921.234812286886
86535,14450.44089114826
98235,26042.249395311304
94784,17301.56197926998
79342,11379.429170159607
97906,16435.908917231878
84622,15578.845211949425
85948,21165.814164641943
88274,12895.726874136803
92480,20172.259686732745
86378,17797.244401462962
107558,12380.517864809732
88531,14882.97623992363
103681,13719.116235677715
103559,8088.929791547144
102821,12394.291730290326
77372,31868.693666084648
108078,10995.238561584672
96014,9855.241364309191
91072,18919.556244240317
78981,17631.71939800009
85860,6542.208554770707
91538,21796.898044835343
100904,15285.232639226822
83903,10997.244958422836
89075,14499.96536600223
87210,4491.282212129404
95405,18756.75039828004
101957,13149.762709151866
91384,24266.734528568246
91816,23147.022898611594
93271,19762.23678445155
106951,17885.19254135246
77457,16394.109322218992
99216,11996.201155543993
106683,7368.977202884382
79593,15484.59309452469
92575,17577.797954122292
106332,26815.346434833886
99751,15702.564113220522
97844,22703.866750440517
90776,9522.840546270889
107788,24268.985149036624
97552,9894.495536072856
85396,9761.937414978012
90072,8435.794768049404
104380,10021.867707519445
108171,14482.878087807587
82534,17161.39727873879
77917,30025.90524686523
76212,20965.151697166195
77975,19111.81353282764
96718,26228.212907740068
101250,8683.40538940808
102875,22882.68539519661
97385,10515.673278204287
93943,22694.630719415356
76389,20433.29035083571
104653,18417.990193241494
85000,12372.833361035828
100844,6359.904973664564
94384,43085.65726241964
91625,21170.800851003645
92124,28400.466022609617
100983,11892.154853452248
97669,28416.569753762164
76674,24380.884039953682
104012,21977.016052110568
100742,12394.291730290326
97937,10495.112766537371
99509,29238.52994355616
99834,11032.536214487294
104037,16827.841097190874
96369,15076.678701743363
86125,11469.44617980218
102999,6056.005408203156
85473,11352.247380398878
90508,7857.108386209682
105281,29161.94662296968
90368,10928.17975120278
84029,11373.848051597928
88603,12679.527667643819
102423,7000.185352171184
105253,21500.745588316153
76230,21338.546477262083
100316,12708.169773490721
102553,11622.111207922871
76308,44896.59477923452
101348,11403.33913335695
105689,27342.86245084656
78347,24565.23227587344
88127,19614.401362500193
97320,12811.456357954436
98421,16895.932230053095
87422,12892.640935239231
90886,6101.144115092022
82580,7870.114591494302
106420,9077.9479850647
80218,14579.301306363612
77197,10891.773887641573
81116,15999.442009409404
103847,11623.254503030796
76611,27773.64719908703
80677,14038.739247294416
91546,16353.289205542409
83706,11135.270927413936
83288,10618.362768209883
83664,11212.46914633686
81103,26961.076287515458
104136,19017.854598120277
79754,27146.25345210852
80794,29231.632293991963
90027,6814.016303123003
99186,13054.273784480261
79957,13565.179497911255
83420,13560.464495754999
106971,11729.57528435698
88929,14462.413952688383
79354,19920.68224492494
104624,22594.061905267667
103631,2772.091376460068
106329,13262.04981663792
94466,21955.849436340737
79495,15659.003521888482
92262,16096.152888976781
103626,13322.304134234997
102620,9893.584988234952
103026,11583.43479577817
95440,29012.15700390569
90675,8355.471391779216
92169,21902.004940684987
85598,9704.15445690155
93980,15089.567007991802
89884,8816.80468826611
100361,11336.198526022363
95314,21173.91552157489
102984,13296.239129448471
97290,26254.922220438493
88702,9237.89599024981
79250,24044.950546080974
101218,12317.475170480997
85994,19685.686300317037
91181,17102.094975020445
105974,11666.175577049691
92222,26910.843164694175
91691,22662.959730735183
103472,9090.028064546425
90116,10009.62864552454
94185,22206.04182313066
95705,27829.450971503345
92442,8481.613371702586
83759,12371.06195590638
106311,28371.53243529023
108531,16735.144430593962
88487,7997.255767920717
88956,11463.897876524361
80477,24139.77618526647
95422,13013.490428009312
77410,13635.478876676907
91873,23117.598547335616
95274,23526.160955103383
90023,8083.487248298093
77204,19177.844712706872
76504,21781.485632195632
105902,5435.023730486777
81820,16153.415344558296
89405,10318.787305053684
92206,15884.62040318964
79328,20339.272947645597
94971,18953.80757938544
91185,42666.154460595135
103332,11620.406855466512
105983,18693.165465812406
81775,21196.168095154517
81946,30158.466470084823
97846,25618.628321484724
103884,12339.955328695247
105182,9177.643396460488
76148,29755.980264510566
99255,22883.15134483637
87785,12430.797962079583
78903,13335.705535462366
94578,25018.264401180448
107853,14456.36703464267
76717,34200.781718976286
99052,10969.683842412713
82390,29895.174122108234
83676,8930.08543329121
87748,21066.6687693854
95443,32690.92925247252
94430,15464.315341716634
83886,20257.528567099936
78492,13203.0969552027
97540,13110.55955708533
103167,18594.74229249901
82621,12430.797962079583
88729,22705.914270719444
97779,9374.820364699935
87179,9273.184028236337
83693,11956.217618620267
83068,17007.02845434046
87978,12233.220061431839
77547,12242.0747219496
104135,10434.733713643733
91838,23623.05528676419
81044,19635.757811797004
82100,32152.58137496344
79196,12696.557498701166
103420,9498.272737692452
84430,14379.486257403385
95116,28474.994891322105
88758,11006.683787388167
102600,16412.68816373775
97943,25655.958118372382
82923,18191.76628529537
84173,18663.942401678833
91455,22978.478186077813
104107,14078.311754234466
84031,8291.61039908645
103307,5781.5520931738765
103516,15127.545166952814
94534,15630.02219404191
89498,19318.50055947533
78100,10829.570776010209
86728,11799.349172428994
89787,21709.157530466317
99604,6917.615547209137
87920,14011.120458099764
95679,29849.7884281844
106342,11281.141776395245
105013,10523.181244435516
94526,23996.87958321109
79217,17277.521637428104
105206,21192.994618646644
80930,15910.147450409584
101748,11463.180730703085
108486,14070.116899111614
93949,32717.397383671345
99658,28338.08299361134
97561,17360.074419774937
101617,9049.462043756837
81330,52401.47472000029
101771,7837.065913279197
97270,6699.595934153981
101595,13902.071651312124
98215,12154.350648628191
84007,12986.013190350632
92680,23115.845849979298
78992,17594.585294541175
107596,20390.3201111344
77206,13864.851264640332
82743,13533.468542937604
83701,20587.446053775733
99165,13804.873127157274
94432,22719.71205148855
86548,15930.03621508558
76397,23913.168139121826
100070,7385.906043189997
103513,7983.283972009975
80091,20271.72702441884
76782,25377.995630029614
100886,11898.409816462454
103951,9094.485092255623
87351,17672.8303609856
85974,18637.847662485234
79314,21566.31898072616
102475,12347.493033066214
101614,7743.592631138878
99033,11261.299435423207
97666,12406.254676454162
99253,10040.431771774054
91658,21199.145652853083
82007,19743.960370672354
76687,49017.2036085265
83921,14054.315708619346
92186,20947.67215468779
85865,15908.738677304158
78521,9915.940764782965
77902,17203.264263558925
101697,14640.30775722376
98102,10822.779449564472
88037,12620.348213949042
87226,5364.05656010628
107492,9382.561161025684
100723,9785.948953753072
78581,17027.602444792246
104777,10145.71001128907
95606,15080.418674600707
101145,8583.376919497578
98544,14399.699236986182
96417,20500.237237421057
102714,12819.749009193325
85830,13969.019859163984
80541,30226.82287932174
88142,15575.62702603141
95553,31773.167140265024
107711,10111.49190744587
82572,11301.005004667262
77820,47065.2780405443
94456,18648.20805172244
90433,5749.309715155175
78161,32942.61869720618
98322,31221.974865650347
101884,10472.52084998818
98723,11244.048946438805
100828,11335.986267643424
100612,13280.305845957324
78754,16856.77978020147
95053,52576.271588092735
87293,11341.992370159744
83679,17161.39727873879
102810,8074.595865118888
103021,17683.112613076857
90497,14068.033853222967
106798,12416.912513157782
96234,13248.66413893669
97962,7327.047566083806
81585,12294.843415724356
101255,9713.225677495988
95824,17213.786372107614
97053,17113.832823201778
106657,24992.95267913032
107453,19308.175533703157
77979,15816.521625816269
93717,18785.988627140854
100424,12669.53523446571
105579,27453.368752781695
85608,20692.7698184888
107878,28273.647003294947
83229,17161.39727873879
95478,28585.41081975062
104405,20532.370390014228
86681,7170.922385717708
81901,17268.270253839757
77806,15696.386944471427
102650,10397.703037560359
80845,25325.701034008453
77445,21721.75725503174
79206,29458.649826015524
105219,19939.80738899193
82665,3072.082701715811
79532,26266.90039277897
98125,6532.829549353564
77147,23768.59014100061
84836,10498.424585171379
105376,18727.153493904756
77343,30089.279616493863
108114,17498.704518051203
94994,12944.028481186018
88610,6146.520595111957
99609,7837.672758394276
107243,24451.87432460964
98829,18881.021033469988
85362,15813.205510736978
87409,11524.93438433053
95322,25823.507320719647
86185,12131.48143076925
81792,26952.224272097876
84113,12150.26516528124
86139,17563.250296978127
84719,17485.508439041718
85120,15116.137308596715
101693,5869.295932738829
77413,20537.264108305713
77179,20580.769849892735
91580,47066.33987133151
84116,12714.918926783415
93025,50286.871533280864
105224,8752.746201517073
102854,13691.414290653649
76237,25865.031027144352
105595,21654.516830697874
80155,39649.49054948536
92056,28715.831866080553
103229,15682.43723943098
98783,12587.947192170908
106357,9876.21672390805
92305,25028.60208934582
96312,11158.966350602264
86890,8820.66238097121
93354,14426.847453094451
86898,15891.43766010394
76058,19977.24345409718
90555,8720.694903560421
107136,11834.598081423514
107052,21291.97142560837
76384,45127.81254765078
101670,13727.437467290149
102438,11558.10800841843
81063,19890.724806627717
88254,13353.92025278932
87041,10791.350680613825
84909,9165.466040275642
79053,23380.49150566938
88187,10802.6060419927
85814,13058.683622204791
106396,17957.184370188388
90460,15413.646935205737
79261,18754.76549307967
105167,12104.215305906406
84047,22928.297731602932
96771,11881.750812471993
91074,38065.88066316453
92357,29273.365828588616
99588,9114.811682122874
78138,38517.759495291284
94328,16199.601170931524
92019,14290.732644277647
77557,27775.557175068134
83024,18006.368131420724
94888,14100.883255527111
94193,30908.348498932923
97909,18649.790561147704
79111,50186.365076686416
97936,15700.675825399729
95276,31030.796692599328
107815,14650.289083528975
92806,22719.71205148855
91317,20059.44462203533
89507,20504.769606912105
97462,15333.681054986308
93693,17717.484680964353
81331,31100.581882566723
77260,47399.636860336
105287,14507.399933704057
86064,5394.726892022149
94906,28647.71459858282
94965,20115.53194268669
105863,7602.079318186567
96962,11779.812154942301
82573,16786.501989834753
83271,9620.921989183376
94624,10259.27680688638
105014,24870.943031191608
99965,12819.749009193325
98009,13349.892553842776
108442,10315.732081491682
78211,31848.383620646695
87609,4328.484144599168
95639,16584.81579497504
83389,13383.45488217677
84086,18719.673603853356
105956,11939.078104245058
108384,5327.967690687868
99053,8033.050761485171
85503,10626.988100363471
100879,6736.372744485719
102238,17034.329213943056
107311,22770.696334639397
90740,9208.354952969865
96463,25984.431351359093
96521,28634.90709632213
100020,8803.045433890084
86048,17785.2491829059
90310,17251.629205322377
95810,13444.312238569966
106809,6559.272646018171
90420,15782.314713810076
77189,27029.63791491351
103940,12104.819015679852
99054,22144.24064830313
86669,17057.84187186674
108226,9535.82115316024
107731,16836.62613444068
102410,7828.313321931911
107012,11752.888277730419
85117,6395.244400339768
89298,9130.979888506832
80880,18467.373320784114
86954,12354.306580863218
100029,17159.59367432674
98943,12653.516879955247
81089,37833.1404146088
89148,12697.577104287271
98024,10652.266078188937
84621,17099.387436094425
98748,25686.99643449221
106824,20175.40004519901
106049,22446.67145624392
108266,19867.210663301248
98763,5214.381865561121
100238,9304.777796905444
107279,10979.26364951394
78188,49153.86259574345
90443,15949.76244142783
95384,2058.6111286602795
98928,23501.935130984843
83992,9239.80109454085
94914,19076.203568452598
92340,13540.021016290279
77677,15309.432360285306
90840,17168.74168577338
106434,25486.60916890077
83736,17408.918515236528
90022,14300.672536677632
87633,3084.785526224334
101312,16255.714059040552
92614,27751.982582332956
79410,13357.276560452412
83220,10761.460801043537
96064,13056.898836718497
96470,10039.531541055654
77247,10790.104085737748
102732,18298.422542219683
92569,22476.741406992394
103467,11670.4551453576
102976,9019.716599915193
87220,19419.967877944713
82183,16067.200028322195
88173,13703.2021090568
94227,24158.346246012996
83048,16971.20112154316
85320,19469.07381631797
90217,15888.112664099368
97112,14978.215150817932
78246,10449.955526586578
82000,23595.078759324435
79672,13130.980594216857
93499,21434.47725021813
103355,8004.212765377681
93334,31263.96512094006
77302,13781.829022118794
87100,18848.885902483682
92568,40470.828714365765
102148,9090.244929279914
81098,23921.33573397428
77544,29381.76322047459
92644,31881.871617886507
95996,33787.560042542354
79138,16206.807730275088
97082,24368.45990711305
85843,9680.08926490758
103831,11266.356012742433
78047,32262.491142900155
99184,13218.938268607437
83023,7835.358522792215
100629,7639.765655627916
106087,15292.869187655539
87161,14805.961248531035
97572,11635.698124793715
86106,19819.803870711377
90163,16920.522191844462
95623,42318.307837064625
104349,14911.520175691596
84422,10296.243794826552
107061,11350.68692232817
78175,41332.73858047702
87468,12260.669647286695
87136,12825.079120615028
84238,10420.00695895137
85432,12318.90298505218
85363,20761.711811282836
105017,10216.449105841983
80633,30026.80984906255
82273,32250.203712708
76668,21677.456611478043
100970,11925.817088100071
104985,10844.864505522955
76457,21141.14388739011
102241,9447.647961225794
90884,9197.356840769558
79706,23314.37593578505
92608,22856.804177675538
86284,11619.32625840441
103990,11619.366046780575
106152,17818.07904388363
97553,16885.688696302394
106477,9477.860649125514
78423,27417.009534363915
82766,18596.63020588568
77477,51335.1641602248
97680,13452.506121526889
96346,15326.886875311682
104141,16390.06970399109
80807,27991.88328137203
100442,11435.367323570905
107029,13974.466448822204
90213,6984.265926987631
88434,18723.380620131393
96441,11602.632319605675
80102,16543.349155019732
105520,21101.89538239762
78279,32517.730772550094
95023,9035.40514528762
76739,24084.227805254945
76776,30566.375751866097
89754,26021.06102488221
92585,17455.111795151715
83197,9595.836599312368
99947,13423.577849209038
108399,11937.357325913707
99140,8405.13620029339
91454,11706.370583650236
104130,6336.361821372419
108320,13307.143803508414
93440,30958.117104275225
105567,13344.015447903512
89460,8644.283474856948
79662,28098.11116092703
88491,16368.63944079832
77034,19624.6789627887
90404,20343.813659437652
76014,12681.377357653653
104971,10009.192047454155
92516,15458.791187366198
86856,10095.859423610695
90648,18825.745833227164
97201,13227.46178518623
79186,22160.28158566226
98204,10416.922211025236
82568,23002.586623503586
97595,6252.190152436013
101703,10528.656218302089
84202,10544.90057021526
97310,7079.290895532635
105498,16805.73325525788
78896,41833.94004346701
106029,17120.34918134175
90047,15575.161222999934
83277,21128.80272757614
103503,13174.883163739261
104327,19556.413944329135
78026,36134.93292613187
80909,23569.903893489438
85733,9142.040374995975
103986,14819.174876458568
103236,17606.64673217244
94181,24681.261162585153
78518,23832.950102687486
88239,9400.411100464367
94503,30433.728004404868
76074,15307.145705921088
94424,21006.375789479305
97663,21379.457886200507
82357,22679.976415525107
92631,27201.043027334174
95482,40704.44750700946
90697,15282.906212962567
78798,23595.667975095097
103348,14271.103520661096
83659,11654.931537550652
91108,12395.260645631362
77916,14920.384486507268
106086,14699.070534390614
81928,24866.344361606505
108406,10100.178753655353
89731,18398.71867326988
106178,13354.378693855435
107719,22616.654606349824
90633,18932.019107128333
100003,2886.2872168368676
98978,12434.051811086158
88009,16261.12597468851
96631,16687.363034131246
93628,20571.89455344828
87288,12097.345017519077
82057,28700.657118257306
82925,18918.564797445906
100038,11277.691435094195
78420,16939.26075427425
96271,9594.957146199476
97966,14544.908750508732
96110,10782.121681145474
80393,16573.74065403863
78706,23577.574204533383
107484,17872.49266798832
103084,12375.894760830124
99792,7069.899752752419
93476,30840.21393575387
88975,11055.317745349023
83981,15461.393377763687
79492,19741.43512978465
76802,34075.455042125584
83781,6152.954787486364
95719,30547.33237802632
106177,23170.971171056834
80626,29811.44575793051
76158,15621.765811714733
91434,21174.775337111772
80463,29428.23998842692
86263,10795.970456143832
107666,22551.522196267615
94262,22476.436819082355
103501,13949.64416895913
89996,18615.582630338202
87306,9603.232946893071
82265,17254.596302631606
106825,16189.359774708175
98851,18115.45342009927
80547,30314.23451450335
100440,10562.74504209946
103194,12762.596755854402
90394,29320.603173177653
86111,6967.077483839954
88528,21394.854312238345
86857,11184.723104966084
78099,9696.625393651175
92331,20438.014466515866
96016,17315.048610544545
91750,29602.477779501616
92459,23435.272974656556
107321,24021.43952323685
87091,10409.344446622357
97925,3174.7074081602
81737,17034.419307620192
99093,10077.250316194608
99531,12373.454549717133
84423,11748.372849792011
76406,27275.70611329351
107350,22492.816528102536
76326,51829.20533435401
84338,23168.71785273848
76577,25960.633403380554
95385,13653.485274893752
90391,17357.727788775665
107624,27561.506323178153
99241,6436.224016516335
80248,21121.999995970942
85295,18842.04149269271
96343,10459.58731669462
80926,13077.560268221101
94027,21927.488162973546
79544,19068.75484886379
84425,10583.865379563502
105264,10408.47066152185
82643,8169.755326973539
93474,14363.280506876086
107072,10432.292582533531
83519,4657.231477733321
85962,18471.00673136648
96932,28926.22497771064
100759,11092.588563027706
107022,6893.593606809719
77012,47791.195621085295
100651,8450.492197538342
89430,20161.026937402312
88981,17698.63307352208
95740,23236.12525106472
101954,16946.90026553924
103408,7053.947396032312
81304,11794.18413563852
108421,22136.509032222184
93532,22178.57181610725
101576,13902.071651312124
79931,20631.57733700767
108176,11725.587341707307
84455,17888.110017045965
106797,29465.139561322092
76513,24351.634548820784
89674,15885.914444935406
77722,27022.53789002865
84754,19474.223155595464
106492,11069.678145298463
99242,10462.581080107822
107569,12308.719372943066
94320,19315.658896216955
82637,10604.846015970952
96550,20595.22096598862
105480,16551.485743687237
100624,7913.0847116106925
89114,13795.579147239428
100866,7664.416972257088
81896,20019.047250499305
102689,19688.37317839577
97911,13653.514829886852
97099,6894.50399503935
92071,19978.38593676917
95849,40637.737725909625
102903,11350.937480905002
103725,17705.020400474405
101176,11892.154853452248
103887,10865.147348692799
80921,26613.000152007648
92266,21798.823357974048
106467,8244.16214005069
92139,25317.39458155403
106826,28141.678808739925
88193,14832.037399688277
106211,17740.69870331473
88612,16836.129962790117
89179,17757.54170876737
80004,29544.423433249274
98225,10172.047683688812
99856,22779.588406405474
87150,23422.71174612955
94786,30091.46549478175
98471,19659.493760481106
103319,14959.269127360292
89393,7613.787029668242
85789,16854.146491078343
97761,21200.089062890183
101800,11285.388765270089
91588,30324.513643379527
76096,10823.032651711825
77378,20204.669312321985
105010,19563.12767395959
93587,30864.07029126332
90171,8091.010369394989
90438,8644.872963322889
91148,17949.448636010606
91323,27268.84991342152
98577,9974.291745399876
77741,16925.92801962709
87789,16345.178599697425
94742,31393.9897773004
78295,7395.664162363107
104797,7070.117739008417
77425,13233.859685436935
96208,17604.11707632746
100731,10294.909669043727
93163,31640.310881736747
85915,8893.488418759975
89993,13320.731067696392
99626,29167.741750727004
78228,24871.34825151938
78779,12790.438469226252
78654,18828.91475244109
82947,20405.332412050106
99479,6165.121748050205
90585,18147.949907731094
79933,24105.263550404736
79287,25214.19089834349
92899,27278.266215878746
93755,30267.483324847177
92117,26075.193834276757
102417,11529.951176930144
106587,27685.52740145658
108201,31914.426175891473
88442,6432.535953698969
82673,11265.732555133332
104223,11579.171882124747
86036,5184.269144230487
93425,26816.744904120926
96693,13645.617446894656
82050,36305.875717832474
99460,7053.769997951718
81829,35053.50063612608
83925,13564.708889752523
94041,29967.969020767057
82035,14887.948654622402
107368,9698.639609228398
105591,21582.676983280096
107782,9419.58080742555
96340,16487.194158892762
97566,9163.094240598068
91719,14002.89116578524
79210,15064.013689982143
89898,10445.361324562366
106642,13931.007741735773
93485,20283.604115032886
98774,13492.724405260034
90967,21390.294995640645
89550,16860.298036233617
99247,8929.957406480218
99897,7552.626330511973
91394,22589.207828137165
88135,5816.077224198802
84111,18063.554341817835
91479,27278.266215878746
82622,8457.112443875178
104106,23623.19105273528
77050,33810.87304165008
105631,12814.002670394431
86427,6433.1557035896385
93552,49101.561001356626
81830,38538.44428970595
82034,21416.27347248717
105857,17375.771350746265
91623,22761.958365140978
87886,18889.23157267585
78123,2493.0030959686046
101951,9978.766092237192
97543,10705.380804832752
79462,44576.89743113017
90234,4076.579167899847
81860,21438.29780260665
87045,5673.966847414617
107162,14767.082373933901
90414,20121.16806549258
78353,29762.968209697832
90940,18535.453356947095
104123,21539.103130482978
88330,10600.402350173657
84769,8755.47529373443
108396,17057.37146428969
89556,9516.551086017296
91348,13120.472518592822
107687,18544.008792563334
90777,14063.92600447274
104801,26859.60797316681
82951,14095.171538833782
106440,18328.24572932561
83562,9893.222861470933
95283,22685.96894475881
84042,9865.363808379
97883,16003.706386343953
101997,8994.619603592519
82566,11626.29708809566
87497,13407.673289035236
79697,13250.275323310088
85723,21362.234650646158
103511,12819.485891286931
101075,15151.837210033733
108424,11724.378596726168
102011,13557.154749127161
90054,12006.520077840112
105933,18453.959420936026
83807,16516.899666030196
77338,34633.65143113348
96060,7936.625538897848
103133,12775.563392187747
76548,16799.744286139932
79177,24616.700009892447
88937,15328.751913785078
105216,10490.377492752184
80415,14507.781459073782
89404,4367.619112880199
99503,13965.876996344876
102640,18370.13231273595
108003,22300.170804725796
78038,12531.860008294028
96267,18706.505915454873
106361,25041.57787443101
90046,5341.495425716187
81034,21894.337829124932
77832,25068.77356806807
76482,13318.694490149519
103687,10166.875344490922
104148,19860.93991785778
96008,10684.393638021742
77464,33857.72773162606
83612,18514.441730698712
88727,18029.834191581773
92881,22604.24145651817
78787,33235.212067570275
92593,16151.41257871191
93216,13390.559505906866
108447,9175.711695135547
91746,26089.601046920852
78670,19456.198919932627
93142,34608.33253133741
103515,11964.376830542531
101254,14351.595399189988
103532,11518.303288138184
95650,22993.578116156135
100251,16123.425979541988
82597,10265.336149248176
83045,8636.749804191364
95764,23600.195883454646
83685,11302.103683438627
108088,15576.73505056446
99800,9161.154231265216
104273,11007.42814978706
86860,7866.779437919049
103756,8192.240540005969
90038,9256.352208982535
81692,11763.258852953306
76875,12556.15484408899
82474,11424.848953736957
84165,12770.976361300045
92416,20665.195856775674
76486,16471.367327470798
83332,19923.223453638413
86362,7373.163001097777
99000,17024.6320321231
79474,10639.433968583342
81625,18857.320135028418
84416,11536.218600419179
107026,35990.482052414445
78888,34104.202763571615
91402,12874.11247960851
104996,15688.080422897376
108161,18902.24786253729
95547,20056.153485708197
81861,13943.439984958379
77574,32565.227280921205
88480,10478.270984924191
78311,37025.91699868095
79130,29652.788109391608
86087,21246.09583812682
96083,10371.992332981928
102730,6316.3662149105085
93459,32213.98523943758
103121,7578.461053465683
106519,13030.234811387598
90685,10873.889122338707
95357,16354.350355553659
104263,1963.390661229031
92978,25737.384616567746
85290,12792.034676855124
90632,8761.191413661856
105283,16588.648407324286
77070,20225.462056311822
97304,21610.842487629205
97350,23285.914282025864
88499,9619.611331965707
88773,17797.244401462962
97413,12284.772072200234
97795,18036.608906000212
102571,5139.470221144455
100395,11106.523247232155
83692,18563.154231873126
88058,9554.57862646011
88108,24354.460612449508
89818,6534.970259972267
84732,14634.174605434902
79794,16070.829175804136
103320,7117.380524058924
91794,14766.307730703833
83061,13604.714773997475
88593,15294.86011959814
100252,9711.5302204621
87177,7389.670910069939
108018,9573.318607505496
102667,16191.833552177732
77541,13837.33245281381
78985,32947.03375311625
96495,15596.166475072774
91698,20637.934005452975
80282,22300.925495402982
92825,26643.499050015427
92684,28256.5031161478
93840,39662.317866027166
85266,6512.843826227681
96656,11964.662469083443
87600,11678.28469889001
106994,8982.54260594993
101405,15988.548280732377
86756,3645.9476693141773
91439,13074.825426912246
85088,9575.072895121879
93892,18422.45005832076
108240,19215.991699780756
91934,28821.705553167685
79263,19850.549989452178
99012,16471.018661974507
99507,20283.277276060635
104775,13605.288535504347
76783,22359.160384242725
98630,6441.2609471901
105799,12725.473353353404
79687,18722.20216890805
102242,12674.128826180011
104987,15877.089076576673
76197,18127.342804335916
79819,39679.957311824655
105059,14611.946074881633
103748,8239.196107551414
104789,18202.351666450697
107740,21488.878396958666
94310,21469.61709476578
95974,23252.32977367261
78991,32727.14891056119
85346,14287.893176609274
104905,21313.174705456862
84858,7963.1086930382235
95021,23541.517517515917
79234,46659.88384813674
93929,28741.771738405154
93964,22192.19442427643
102327,18341.20717629523
93930,32271.84195008243
94220,30447.52852435427
97355,18617.794533494874
101356,14022.463838803045
80132,44267.59967357471
96537,10879.730626960529
95767,10359.419016282183
102780,12646.869725531318
98549,5416.024919544552
91031,34404.91936420381
91922,19268.759155161024
92327,20979.709082852893
101273,11602.18464407912
83564,10514.423662739331
93121,18362.338038120957
91848,23380.43239036645
99112,12358.157424558096
79484,22480.728906655262
83792,11731.173450257436
88337,20541.158019547292
98896,6153.712046997486
82576,22118.520826668126
85186,12096.863986450802
103570,8221.22612047208
94806,20958.800767705514
107394,7706.2380399568265
106891,10028.724789875883
77508,34227.011433333595
78851,46789.46548810393
81113,23745.423685743313
85437,13775.736707130734
82280,11129.381025695859
85886,19993.21661168143
79625,26046.87181532057
95239,34593.258806298276
82313,52239.78162620542
90789,21554.88687541865
92484,21170.800851003645
88349,6501.776701322459
87936,2512.0179106450646
96057,10839.691860758106
102286,9803.708006817033
97187,9722.559992793247
85499,9557.143789074422
104015,18168.80038820986
99732,12333.611732882768
87915,12735.971085596933
81687,12456.641400698434
86009,20132.781903202966
97444,9778.234271819507
102004,17650.664254711148
104458,7291.9954699064665
98519,7244.140846234352
82785,18599.684671311334
103479,22534.94383552992
100675,13026.035171421816
102764,8973.963100156956
84770,13177.939619255127
106124,7926.672359863172
103447,9040.393655308988
101681,14963.290413426812
97714,15520.481711113958
101446,14879.571750740959
108526,16252.165404051602
92403,18907.40499003702
76218,48957.96973768708
81456,10380.540073621134
81297,35390.34308493293
90637,18218.820512788745
90327,8994.281636428828
95775,15564.567408493971
89328,10860.826816460243
76281,12037.165384311711
105285,21889.12656155785
97967,17243.81313045115
103677,8406.01015702262
89371,20414.584312911345
93864,9859.531483059023
103191,7584.1731971107265
84138,18862.815270134583
88931,25903.469024444756
83174,12670.740180622113
96700,15117.709419769279
90557,8032.59354093388
106224,19685.63706949054
76032,18101.925562248613
93904,12281.479022233925
83233,11489.01436439383
97166,16061.9386997446
107008,12432.433471730978
98411,8917.797912455508
76898,16002.342896377722
77335,24538.53565609218
103661,13430.592615945814
89251,20653.49229820376
107278,11177.135114321949
76306,28720.927722437085
95821,31991.203890305413
93738,27626.008468456843
102085,14240.766040723962
87697,16251.518771139748
95925,18941.439421039224
86432,17078.936049590917
77843,10155.691504328595
91784,19333.723032196922
101658,18933.94187051021
77139,32843.798719276456
82509,11205.199022554925
92105,28576.71289433068
89714,13541.198413404145
104701,17725.677205293792
96529,12211.003954874323
86466,15992.867810271655
91745,15588.366803093335
89336,12858.0595379461
77392,7356.918391659909
107821,29830.19394757806
96431,8388.883644368867
96177,11656.029065861021
103091,7587.89217295157
91003,19973.542636711125
95781,17947.510839730658
96216,15108.817547569888
78178,51282.9470069997
108259,19491.399252340587
81909,8742.915468556565
87054,12346.291239966762
95949,19374.85226507526
84912,17147.481905198336
106750,10304.482754136836
105535,8657.454411247616
104790,10937.795746997957
82394,44724.10416733179
85536,12430.703400507402
88663,11799.349172428994
95114,16542.951554875784
87720,10888.757256615021
105355,8214.678322531043
82633,10615.186890697609
77178,21804.883468407825
82650,10860.93756478202
88354,21781.567951853027
91594,13166.840177523578
106838,22649.896197595288
92201,27108.888370818866
86903,19387.190221987767
91790,29044.050168111156
89435,22377.871229012617
106192,11542.585600243838
100291,8423.830766170613
80263,21048.356375598396
105259,6149.577568004504
90581,14579.955185832123
82168,16480.258767646177
78900,26718.15777782999
92927,21636.473798533345
86035,13941.81029679812
82812,6187.797807899879
90960,16638.805259690092
80564,23729.693387948864
88136,14059.890460056162
81598,11291.570135015263
84515,24745.763923582184
76559,24631.97130915489
85602,14358.60349384647
87221,20469.511674020083
103271,3482.5887841518957
94627,3184.910833150415
79016,14587.949714522962
89875,17685.207715537046
89037,18686.54448243638
100203,7075.966798071243
86521,8443.733362885374
100287,7544.741243756416
100028,9888.252456404996
99993,11740.199785715346
89572,17581.828853452582
89439,19457.304861014676
105686,9196.326027026927
92939,16803.713763800013
94055,22023.66331392773
80380,24338.464279695065
99967,5671.687798857001
95543,16417.921444104606
97455,13363.242120009858
77160,13556.009806672027
105212,21501.02849119157
100236,11378.35099988371
107291,11346.295081858281
104571,9816.654237854182
107474,18372.09047105314
93115,43928.12765199028
92068,18389.730435672664
101225,12637.641700328428
87087,13580.493771175406
98133,15583.200817562316
108494,22494.305647428584
93501,28431.128077298785
99785,10635.46802768909
99377,12338.647740723147
104791,20685.6060052926
95521,25152.539687804623
98752,21706.6827938405
100191,6426.599266142765
86298,12273.781124839188
85617,11191.20226442436
101651,16002.5161158527
93014,19110.357332042524
89934,9180.468137060634
85334,16115.029794274744
97879,17694.8377274724
79690,22881.25706273772
108126,23059.060687071193
77117,50622.49580879154
99027,17941.12513836943
102822,12486.071133286865
80603,15039.8321974073
98014,7034.410019324465
77131,48930.36525185925
93449,23050.26564353479
96996,20605.80626062591
86682,6514.943011822666
88766,3186.5398835755336
89860,5373.19168815918
103646,7796.966805946207
97690,18599.207697918366
101168,9852.950563361677
106415,8501.9164251133
83711,19439.178337219826
87996,15120.259436445745
79855,18923.074725594746
105266,14789.115826677866
92717,32904.34756053829
88833,14940.883351170229
100290,3351.962929145943
79845,13822.481062908555
102781,17370.464299375097
80780,29762.750616864752
95643,21102.09158957235
90478,6262.918377955598
78919,52101.266395290106
87599,20311.8134966619
83576,14694.46449987378
97582,24304.21435085723
98560,2563.585382005446
94839,19194.78157265934
79584,36481.1317344399
95009,32280.73214699754
86194,10508.725597580249
81291,19325.308846133863
108264,7711.533271633785
91618,27928.189533486915
103987,1534.9671649386971
98687,8432.653568704345
89683,9071.810238409671
80178,16634.950567101154
85041,10801.384868857593
85795,9335.8958977998
92667,29749.753122558966
88648,10605.611511342016
81003,23349.127570616613
89530,9964.322759455503
89343,21559.387695711557
84383,13397.936109611157
95447,23091.419303308485
103195,14638.458413449353
87916,10210.650911744347
79701,7502.550379293468
78939,40738.60873716886
90700,8262.651201615845
92770,21913.875853587408
108076,21110.890772896102
76716,26204.676783192313
94223,16459.51609698543
97551,22133.74850769543
92126,28485.64983567072
92616,29475.344245290962
101680,11563.49414569972
91237,27456.203659446255
105108,11987.71848945997
96867,8135.398539018856
89088,14675.719070153056
92402,21771.04544510976
94049,21874.420183786606
86720,11435.453310663332
100554,15617.187365659223
102551,12670.254923464958
88297,10906.866306024736
85365,10149.200695769134
82994,8469.992444609265
79914,12513.509709857586
108258,18749.003096543864
76068,18079.857307661263
82252,12253.257787734568
85769,20688.203397399713
90927,33010.46487629766
106917,14403.091992872352
97051,8598.178692676856
89757,7967.443890188367
90517,8948.717674701786
100679,7283.8747722543785
102698,13321.35314908094
76935,18049.789544778243
94802,32489.19411006631
106017,25378.788424733535
105400,11281.041927787843
107120,15123.756774117932
102046,11614.612478608555
90067,13279.131166189709
82781,14417.762302475654
95277,41300.09086110089
95689,23447.278175983112
105027,21977.740839437116
85236,19487.854611423027
97380,18588.077479845433
100285,21818.681500388684
98812,13747.138972721801
96265,23378.003861535766
101336,9913.36279725716
107335,14299.517481300376
96385,13851.780294008953
78322,35763.60718781536
91805,42975.900400509716
106808,14919.817311828918
91272,26610.37358215795
97409,9993.755892327315
84801,15724.747138550254
84783,17893.173825881266
78594,23604.625203628522
84618,11752.842817557357
95162,17460.485171640627
87803,15108.58984914552
92565,14898.221494203843
107155,19846.523569434437
93075,28013.950056443507
102973,9746.811612943116
89247,7720.336661305158
79555,30938.54161779079
90326,20405.161961526548
107169,18504.267821104306
79268,20425.8560054197
99954,10371.317890019855
80374,28649.6060161459
101695,5634.878519408131
91260,58586.81816529204
78376,22651.890830874265
105554,11935.060006248486
106897,13071.396082419902
88890,21032.44654515791
85043,8695.61463140631
90014,17137.42863360895
99924,11416.519149856078
102210,13087.649526624607
102041,11568.41989728834
78082,57294.74770159925
106653,9584.302080634505
85042,6940.537943473343
90502,16047.439455159523
87396,18432.295742205715
92489,22058.845402423056
76383,15019.27706717813
82522,12151.712415394242
89906,14851.823677522727
103260,8486.29145192942
78162,12868.78197453985
102594,8638.685067611565
103841,8208.230807804597
78789,23349.650930396874
106717,10690.596624082345
88775,7767.9986429441215
88109,15216.262623201123
87997,18214.08782101782
88027,20135.94396222746
93890,15735.811938799236
94101,20315.441693229295
102675,7165.077776540162
101475,10441.741111736399
80558,9858.904250101303
87171,8633.506315163599
88266,12669.019087102306
101850,16818.920325205054
99649,18560.223856187895
105512,13090.993654066137
102290,13786.871246919669
80390,19778.26867161231
90266,6717.981798181531
84938,10754.520786788053
93151,57608.8382874385
95267,32816.07525569993
92188,22139.738446045038
80014,23452.39744375795
103390,13559.303881394822
77627,23886.24506528788
104741,6836.377751669682
107297,10679.65422475546
93101,25124.869806014434
94142,19681.455226509937
93814,28542.35676847539
92300,29674.276239374412
89616,10395.610814008849
102876,10162.723711585186
106731,23368.935509031642
97653,14064.526328317865
86484,10037.26745402073
97041,12866.580522575008
88263,20292.13595312121
79035,20326.67230898797
85171,22015.25054435891
99949,10705.147201735783
97528,8747.393599703999
89333,6969.644674664314
108420,31292.27618462234
103545,15426.403659664458
87578,12681.775354762132
89794,10199.412659694568
78220,24930.763636569674
86074,11142.183642776485
82330,19758.06424752937
77108,12145.284258659703
90682,19291.430883533925
105643,37166.788075100616
104819,25501.68229552814
98722,5031.756535808024
82464,14641.06102012016
80687,29605.662447568917
101340,6398.997635071622
86763,18006.368131420724
103549,7654.512320874018
85520,12233.454187680556
95658,36017.90804202251
98745,19973.770665898533
102751,9153.338252878952
86044,19689.707185276195
87791,7427.65441829172
85907,9636.102825827193
82976,18567.65875987318
87738,18675.85886215439
96035,12636.578011807303
88577,16283.567002440017
87932,8659.126743754176
100197,17993.637677109742
87983,21414.680945859185
83455,19539.248350845595
100627,9805.449595782164
108491,8712.711467743871
103896,3232.5130073002224
100166,16435.72193570927
84224,20044.19667703324
82279,14195.640358554963
102695,10297.52095622472
91730,14375.04782140929
91520,16236.265298339304
93441,18762.52941234839
104061,14189.54001288551
85328,16021.362475000307
78431,13712.765292239168
89987,11654.450182322236
89785,9632.618526806942
87524,11633.229126277416
105313,25246.822393240207
97204,26887.981835130533
81190,24465.141843500816
106185,24009.2845781457
90483,12236.364627555124
85436,13760.730480638733
89422,18340.61311465775
94943,23726.874617274763
84834,10495.8080087477
104864,11920.020448490588
104593,20098.37402904465
97614,8304.765249817689
105794,10221.794322463242
87647,16847.68186802231
79445,23749.899201929966
86179,13413.7434977727
80653,31854.12467103854
86987,10683.515032846744
94399,14855.526630008855
85016,7939.531142527341
97822,10872.266936647557
78119,21969.76481544571
100744,7741.093938152765
105979,10621.184936351126
99994,9222.346632224559
100774,14426.810123790023
92935,20905.952083822853
98288,15758.599350850314
76583,15004.936059688882
83919,11120.156026157441
81696,35131.90484904619
82491,18108.867477784108
105912,8637.056082934785
81324,22011.55087952086
76616,34265.062489981014
77437,29075.68808773327
87372,12349.504626779648
92668,26627.196984797014
89936,7990.217063033125
103228,12853.954949660756
97587,12503.364435003548
101465,14192.835954425753
83831,10556.884720526703
106127,20070.103007158177
81306,35322.49371089788
90977,19290.150619935976
104439,18733.282550083673
93212,17095.376248227345
102209,9612.378961734505
100072,10450.951439785318
82518,14334.582739127933
103988,5223.245664025791
89788,8086.5672378183845
81061,19857.917034998856
102430,7190.084891080547
97938,6831.758415699952
82243,29022.38367023258
98210,18255.322960572925
108342,25383.329145998287
83764,11648.288484548464
106233,15245.243487531947
99659,8048.178401831367
99142,12087.978635003783
98655,12760.084514211814
108449,18878.777422720777
104515,11028.937198766636
97931,15416.387825341628
100995,9543.697230524407
96070,23724.700242837247
76333,14639.790081054696
106307,12210.81306736521
92092,18127.25012648992
78883,8848.45365248026
94921,23481.199834434068
78172,38040.114188093445
96430,27163.83280502639
82844,9421.898136384085
82378,4547.416849785046
105297,19263.10286602942
95050,27274.167762823938
93124,18916.412946364122
80112,22099.320215592645
86478,12461.50859154646
83917,9735.286229776504
100721,12406.739294279512
94123,32432.231397540098
100693,15848.914201949785
106688,12232.835335258647
102131,11735.33382349121
99935,8367.506056008482
102108,8267.45475036002
82729,2194.9820661040826
77495,18169.393480041464
98827,13730.741669243875
97526,17260.93727690238
104954,9827.391730282272
78155,22549.440348105047
79469,12508.785237765818
98055,12212.50607277364
102443,9246.343664317226
91468,26042.47424999496
96944,11645.333315174292
90974,21819.046395601235
97294,8706.724801372808
98347,7237.801968429511
96505,15052.3311749336
100542,16525.54638781007
79348,19933.678644699135
95285,23547.953127974226
103440,7575.605617270899
91432,26188.50319687543
84815,14117.412873630541
88959,19136.788927623405
96017,27291.579543967357
105760,11574.15657293993
102874,10342.983485719884
103528,5303.127382839101
87558,13236.561831849704
95691,22480.490151604736
106122,26992.29628622015
92479,9858.046821297758
106673,5701.949770121694
108143,21037.6788410349
88298,11471.424605339695
102149,16351.777020374218
87765,20915.517420837714
90258,13668.466212708725
96940,10432.3722641367
108032,7973.411982388149
77733,23560.77895539436
90186,7966.972511937399
94702,20097.109787379002
95120,30482.807422135884
91144,13372.015819056109
103053,8950.745653774236
99408,12830.610200608597
79533,26676.515648798653
99369,12311.233818873092
105062,18542.5830932377
102029,13368.407863043838
96368,25551.185412099985
101066,12786.566887222714
100088,6868.901015877345
84869,16444.97861560732
100736,17606.64673217244
85981,17350.555363546166
98872,14124.096829337574
84037,10265.65242019567
89217,12868.823992555615
89775,25271.47021493937
88379,21612.674008075955
80011,27895.592366582445
80836,21911.43434650139
105215,13152.734622539338
93719,33492.197991611254
107968,19437.983687150427
98967,10693.922700231948
85591,16961.715121427565
80478,11269.024616245611
92882,18416.310407946065
89721,10659.742501203633
101878,8761.102335545229
102301,11412.739781009854
101408,7940.211165577264
81446,14242.50447509709
100045,12844.387354155328
82986,14133.832438979773
78772,27178.826479294108
78208,23950.096589948884
81689,10588.504539495074
96791,17286.805760135172
79141,13052.979360830373
84271,16853.30213553656
94879,17802.305383401927
107759,17070.8193916863
83675,10970.02310790263
88258,14757.15827700142
96976,16282.055939382399
92824,18286.280566419893
98414,8037.996029256499
85028,11860.445465507466
97506,9381.84100393891
92767,25413.740483019228
100210,12268.08049165386
84470,12755.812287007211
90627,6530.8793073143615
98768,3621.296648178315
105263,11157.666969626469
81662,35553.26905658089
93787,16275.222810508996
82688,9448.288204087714
88923,9434.550279502839
97463,9657.816832379449
93008,16115.708915849893
86807,9520.494260986017
79997,24704.845341301196
106742,22945.984958446777
94777,11527.660928845908
86594,21360.488582254908
82991,17849.057096433353
102203,7788.613625894535
103539,17152.91992578197
96264,19195.82463984481
77721,15626.802819826122
107801,14164.534026619544
99511,10528.672661851395
92801,22339.288174122463
82658,6374.319403111725
91732,17817.095001469876
76557,28550.580692785887
91314,30722.85270887527
82198,16064.110486136926
100607,15051.911988144107
80984,16171.61752137254
77901,16258.272566819483
95736,18687.94349894183
86809,20020.058230032588
78288,24347.295889383513
101339,12196.545897203467
87249,9203.80230576047
82143,34274.59388140529
83850,16400.164097112094
106952,15227.095620597978
106504,26831.16179703111
87341,16347.088837367039
94165,73408.01757108615
79986,24099.91382298365
97235,12904.918359255716
84860,12594.331328815986
94913,22017.62802934669
82439,7939.531142527341
83066,12151.27909752506
76993,29796.26366662458
88803,20993.487050916887
77506,29187.789517047564
76456,20382.466516120643
84599,7524.854682810295
76680,28710.701519568778
78685,33356.4528941626
80310,20428.04511251701
107412,27291.31179868711
89792,4807.257468292227
87421,12325.939162173965
88821,13193.026600172721
101930,9043.309526954903
105822,12448.101782890291
97642,17124.120022125724
107339,11039.675059335415
76550,23184.99227626871
88272,6058.970117589455
85777,7440.651769368506
104995,15830.461904741047
82640,8051.030236442697
80887,14887.259004215408
105022,16457.199146126703
79920,20355.033996573427
96724,14825.31647427051
87654,13193.544174309978
80242,30600.781829907468
103464,11299.017882907145
99537,10937.31815743945
92524,29457.86423426229
83634,15282.673831781576
77597,17651.59027617839
87830,18050.366591366404
87700,21433.52577625679
86513,10494.006968530142
92891,12036.327844016543
79513,11744.84938772194
101087,16013.486300991255
85729,9803.09579052132
107672,27236.78856998765
77549,43559.1572799504
94307,16387.60290151923
84500,14274.367748314911
98867,8432.653568704345
103039,12611.738611122368
91192,29470.038397883287
82205,13633.700265065796
100369,11969.843768487903
107529,15642.7185478685
106073,15458.552000668784
87934,9130.979888506832
99978,14726.292201710747
97512,19909.98385759271
78085,22798.008227464117
83329,11041.987905134023
106679,19335.216173998408
102680,9687.744573988428
100260,20714.55398279693
98100,20481.354588914317
79452,44705.88428818046
94814,28036.73236984568
83431,11902.318711495946
102298,4058.448642306306
86411,10623.811164085651
105783,13680.723993878877
79588,19051.581042187776
77976,10998.412370938891
103387,16330.030594508025
93070,38526.10927224321
108393,20942.864874257786
105094,15770.618428504362
101152,8474.817837406661
87464,11446.969288100225
92410,30821.46534097788
102395,9057.085288397142
98531,16376.27536425964
89945,10676.342175393584
102454,14560.462022957183
104729,17895.78409068815
89493,10596.730736279344
92058,27965.97544467223
93884,19643.688234482168
87594,8272.316590443641
100891,12783.704367331113
81535,23314.833114637288
80847,28929.843253323645
90120,11123.534365789024
76004,23756.246108527073
76670,18664.65360666071
82018,9838.239284589159
90007,18275.046994010674
76604,14637.55164790595
88324,8323.453713786052
84260,17255.375319756717
104662,19939.80738899193
80740,20270.788659123555
94973,17597.537806424873
89099,25324.64991596807
89528,16525.851394467514
87947,24066.75562926894
76967,25060.10174951202
94126,24624.09875258145
92187,33773.62251686601
104140,7716.002555392563
80573,15373.667403943913
99372,15343.513588534477
79790,28476.16413240059
94392,24049.53685003466
103573,11816.24564493331
96538,11751.925102031842
96774,26856.707302199466
83631,14757.15827700142
89532,12750.800140187643
83991,19872.855970430526
95769,22603.074835442356
83263,17218.01683450915
87065,10607.93644057486
107642,16273.445294149102
85968,9767.671815590587
77321,21171.99997170295
79237,26842.739632268585
98975,24254.2912086378
95590,18565.741552402582
104906,17915.38064425455
103289,12678.952866185928
82134,17802.181898691884
108432,17706.331801182263
79361,14840.337666633157
79283,15581.364830365688
108270,10440.760705955681
100333,5783.599583908313
89059,8669.549108219211
96852,7882.127010167232
89651,18156.85161589171
82856,5038.92457862237
103072,20347.441019602247
108315,16445.30378317977
95664,18668.64919288047
87882,20671.731285747388
81682,24998.061165397135
102981,4672.932924838246
104776,8845.766722227107
97621,20769.78303779918
100451,11873.193661386038
94393,41300.09086110089
87416,14249.313911481708
105999,9125.440827518098
91075,2339.337519618153
104390,16635.948764690864
78471,67359.09005504404
91077,12888.16171642652
81733,17901.94800915415
81475,23294.414728689964
89546,17879.243606396434
81968,19386.29622321894
82201,20559.293042433706
100703,20441.41911554164
108173,9876.21672390805
99283,2506.6190622732265
88618,8451.04325498241
77172,22077.129035315666
105813,14091.037349224816
85410,9514.647646375333
77665,16201.640344823614
106427,14189.001590341517
100684,9792.127885798505
77682,82574.15436309946
106196,2664.4768678997666
88627,28487.92863543908
108029,14518.590422372437
80142,20950.90697176985
101534,16210.72250604364
106737,22236.817041429826
84776,8426.082884209041
100686,7797.297050652906
100393,16706.90887400978
95593,20990.58134372926
106482,25041.206405516892
82594,18477.614445085866
95052,20026.729727414957
77581,27325.79022570015
105894,17769.881252323128
98981,20236.757603813978
103791,10765.47225523535
89035,19577.8615742246
78988,53671.67808301953
102284,6954.372785464271
78961,22808.6738855044
100824,12418.160561342285
80563,19925.317534444202
106006,23091.149098368467
98874,6169.183816776127
92004,21862.99987733333
76541,4234.607927389918
76087,10591.0492334178
96383,9537.586698793013
89403,11937.57814656995
85502,11341.223879187666
78453,19331.488605084058
105672,10626.16226319335
94086,30050.15563305769
103223,15356.689979171242
106894,5061.9667619912625
104079,19330.54260231987
76659,59277.164884471415
78970,12096.48077880338
94467,5629.919026215698
106317,11939.078104245058
90990,19822.603732683023
85168,17579.89958771119
85329,19462.893598926425
90573,20799.507330328062
87552,6627.25434574471
106650,8944.445652234963
97658,14555.99882564918
103443,12083.881170062885
108293,10737.825720485758
106230,16265.931131301533
90762,4975.983505262514
90385,13420.498238228445
92892,25244.635978927156
87166,13013.636861668334
88217,19461.75071563118
107357,15141.746331919272
104588,15497.890644912062
106711,23788.98331429482
82117,30855.351056311127
76811,23475.091741388263
96629,15164.678091067071
82497,14665.928744258224
105204,10978.874427800365
92020,24435.468899501913
103534,12544.185722710781
87801,16231.196165394353
76388,26339.571129142685
101512,7392.840954873223
88523,14437.724828215441
82847,22207.05960350713
96295,26807.16031740131
104555,14678.584417438271
82459,8442.636725761016
88896,12728.782424404602
98912,19083.18620717712
87904,12927.238784616706
97899,8726.422426571313
84404,11813.205522497004
83628,31156.507679486036
98240,7271.723764365944
77405,46034.82133004661
95241,21843.681302682817
86588,16926.726217014893
100568,8076.725169602566
103330,10391.788090356833
88168,23783.65183552123
99695,7915.5314922986745
105415,28265.126763501703
108291,9408.948802148245
82483,20277.84759528044
76215,13722.837834624506
95883,10439.849579696402
93944,17063.835771931143
80545,13758.500479463795
87133,13373.056505968449
107929,14611.156416496182
103594,11431.952764478503
98090,2843.823883823663
85950,8354.3137664704
97817,23176.918212054712
80349,12062.298329155064
92065,31813.222653143708
81419,21614.775637887655
103547,17109.381866246356
82647,17809.560981901268
103287,7649.913887066312
92620,22993.03677156564
97818,13645.424167155852
94762,16239.668804067933
86986,16592.984517937213
80244,16079.84392752599
81808,31626.804252222377
101955,13628.284028343794
100277,9287.388041758719
97433,10887.130533728683
101701,11299.959101933508
88891,19544.547179448757
97998,10108.850657853882
84676,6146.520595111957
85102,12737.729438761195
95997,24697.63092831314
108269,21892.40567738804
101745,12550.842461547585
94167,22747.266726683472
100965,2692.512377428602
96695,6551.292762994439
84077,10225.03708008142
95666,33189.394086437474
93525,23297.232754492445
86442,10761.460801043537
98856,18853.066333147166
102762,12602.952337512326
91868,25804.754088071768
85895,9402.141688232015
83837,12163.908716888602
97933,27702.966988288143
77159,45637.603679502645
86267,16053.449667536028
102669,3115.453937137927
99058,28900.10931759819
83648,19507.64512957774
90586,17834.144089200498
96303,14345.684628140061
91599,28305.24433837373
104830,13465.114009244273
103867,12819.749009193325
103352,8743.149173408887
85911,13566.002430156159
86215,9433.607047084683
100026,9848.757762486175
87347,9861.191403518374
95363,17963.98229388922
105922,25711.50289004209
100582,11406.961478701032
90707,14300.672536677632
89442,12434.574058656512
107455,14112.80073183327
79441,28996.66551910316
99119,13038.152232572544
84855,14054.003597934758
95694,24746.99081721097
98802,21217.318392012145
93759,23158.926227158463
100855,2646.8080218588916
93601,36403.2088217545
103425,9690.210604767612
79810,34077.89680033144
106082,12881.429454388008
96555,11652.105225121495
76273,18383.18710390597
81265,13818.815898927323
76722,24479.464522680082
87080,9631.03836306253
85477,14950.047127033236
100688,7870.023676153376
101612,8805.734562366359
107135,9478.652998947471
82754,7605.410649304815
77167,18679.89932721294
95627,38677.097780087584
77685,23860.876506447625
81835,22018.636138072816
108459,14185.054609538021
99976,20630.35671126087
77873,17623.435312045847
91574,19027.11624263733
98487,15420.427037253268
101067,6158.794752928662
86888,19630.684788165094
79051,24043.357702529225
105704,15301.378556151662
93009,23176.780731782448
79182,29210.76149006837
77226,20644.387417617767
83439,12543.793583192037
106093,18667.169133700514
85243,18463.728783654446
77181,19714.435782824312
85451,17396.23999747072
76412,39000.964072424606
87990,18438.814026338514
82077,31521.077047117906
86289,17522.37416219567
81566,23014.913118010903
82864,12374.935094366152
99130,10285.590733704339
96176,15160.061332563184
102269,9328.411375479585
91841,21570.539025910817
76041,23917.824583445305
104840,16201.308832399644
106253,20087.734340934952
98245,27812.01988358325
77039,23477.16004848842
100730,8388.635431878814
87739,4885.163657513011
107559,12174.265637057066
103282,11970.168229897692
76646,32815.0135063708
80252,12771.755540584149
103895,10107.98034989716
92491,27012.20850522983
89765,14720.886574877057
106652,14789.353819155596
88005,9272.462555304752
99470,10642.87699061762
77069,18778.78377514256
77955,24146.875918702553
90809,7806.665459594655
91610,21823.299944179504
102774,12676.912458426912
78231,8978.241652006602
101171,8941.541569866502
94420,9951.714369874177
91378,29935.693271644646
82771,12363.314356004434
99918,2817.0213207384554
103574,15082.251653184463
86799,14724.569582281878
94318,18240.709662265992
76950,29620.0042218526
101720,10136.105253230402
106698,22565.24172828102
103488,11974.86762651778
99153,15778.542066928565
104945,22606.929593229437
82708,17743.636035696007
80674,19516.447347193305
84122,12333.82784546969
100375,1903.827889994778
89456,16051.126684117351
82974,14385.07451241903
104716,21828.93844981784
88124,16836.129962790117
101244,9678.282184910344
82069,16907.64130161806
98606,18612.240599270935
94412,32660.477133651417
106030,20757.156341382553
89877,7425.477464913994
83349,18938.82065796121
84253,10672.76350611204
79774,21595.98263318866
87259,10885.313120868741
81587,10175.831241629348
94407,21787.5867124289
105889,15190.725193918825
90829,15564.80102682275
90286,8429.11107851589
90162,13742.52897573204
86022,14619.251695019491
108101,23659.28592898709
76814,15341.791959471728
106162,21295.390924296535
106605,17267.749530927624
99590,14685.686780906146
102676,12004.937195850183
107658,11891.90690703866
82396,14225.3301664292
108051,25955.769863099078
92955,27441.628423096074
83520,10391.863501258838
80338,14922.477175020244
89312,6967.077483839954
80751,33176.34378436715
90622,7919.692138178248
79431,23116.142584782232
82870,12730.86018894306
106446,19926.72227761709
96223,8557.628914033607
100491,7233.0815485141775
90125,29180.684331809218
107869,19925.079936072674
78278,33474.41711253663
104244,12555.175226734767
93810,26507.065879152753
90911,27080.33392391323
81869,33348.87520643361
100472,16882.003029807598
101927,16492.878581384753
99713,16589.13069700285
108184,12499.243981581358
99764,7176.346138802635
101286,17356.95606028805
106534,8549.248498541887
77461,14167.541413899378
108272,11359.964907707059
106010,24491.526005690284
89193,13825.863177644642
87761,12031.971288830031
88154,14630.047795062508
97789,16364.00925355922
98271,7749.007509632662
84160,15802.755641970245
80752,11464.79204878514
106107,21531.12177639708
87260,11884.139304534521
76549,4953.649845864073
106619,9971.685877019245
93849,21032.933219282342
96045,20364.802554032955
98306,9199.178103635726
91896,40210.03365760647
94048,19206.81106878164
104918,9950.31330964873
97720,9202.887702409456
97482,7855.609867546158
94156,24222.605962977752
96469,11225.084159857273
96918,20890.981712882145
97241,8119.361051810863
78150,12074.649080424917
77808,32877.431146025876
103265,9932.7547729934
99485,9796.692729397479
77860,14509.542215804313
83834,19399.745575562214
82565,5723.076776565531
104344,21310.923605144122
88984,10537.939187741633
92161,19865.06410209961
102199,19755.5692408118
103723,11951.81489361211
94677,19881.533926203552
104806,12520.800517903886
87148,16913.095436724674
78411,20848.916795209792
97856,12591.698801040207
80535,24319.765332206865
90156,12304.01955053024
82176,24769.38337336047
76790,10574.558178299962
91762,27514.874920033963
78650,39029.717361419775
82763,18391.014636787124
82678,11985.05773199863
100137,27420.60679730325
78365,34007.9767914259
88768,10502.223156032553
80346,22392.012574163953
106682,19255.675665178976
97171,24223.988401305192
81701,18198.39810379811
84073,11886.408207696064
79549,7447.081232591581
100269,7737.928401692223
78466,29630.08582253581
80489,9378.02456130655
100009,12419.556631911764
78769,14176.666940241284
96821,19499.68302823342
107253,10174.235084389878
76045,13306.361095356506
85567,20024.33061245212
104651,10263.172522971205
94428,10395.292940011544
90549,16145.108067627738
100940,12563.06099664786
105608,20736.309861236543
105280,10537.98417596079
92200,18678.131270714184
91082,8358.179772813899
77298,27617.07872891771
99432,10254.03542760573
80426,7795.791302313214
100817,9099.916287433289
98552,16630.54932672817
102428,8981.380800810926
100978,10349.544681169342
96371,16603.872868309678
84334,7622.11284886081
90196,7782.480627397117
102540,11753.46895343682
96914,6805.025294751108
100895,10119.009407721473
105296,23814.893699694123
101888,6616.650362928436
104077,6854.436612093211
94267,32725.249806874876
96803,25909.92572358348
88905,10000.000839444543
106132,8637.809411621422
104388,12718.485837982067
92704,21465.008771280824
86345,26455.448191522133
98326,46334.0301848265
98572,27158.36137617458
98754,29538.203504986515
77794,12325.995483297896
101082,9087.287264939296
98455,15798.575520377753
95796,17184.744379444244
98861,19730.502387750767
87570,3849.172758918802
91904,19352.023542617408
84147,16926.726217014893
79470,29317.345573801867
100012,9145.387225158489
78698,23978.21744019123
84929,15820.118743662497
97808,16261.058078681097
85299,9769.478884617542
91297,52423.07830966439
100772,6589.555077423475
88500,8251.306574348193
86077,20190.93936145136
91891,20822.52942325616
81059,22754.686269410828
91023,30781.478465576132
94693,26449.295234688514
83779,14379.659162772312
102323,8267.903593790637
86078,10832.687236030004
85595,19494.080268843707
78582,35061.80565009884
82311,27915.306427782445
107228,28918.903130935338
90613,18592.635248283987
102643,12081.308308249208
87044,18360.204838064263
94680,23493.882045037357
86222,17085.987175697574
92844,23085.912729370888
107625,2716.182970448093
98155,7036.0797190519315
95145,13517.471814740307
79545,19237.551558003513
86312,10332.774912397545
106466,13085.36160391845
102721,8042.222259672367
82720,8560.366771040035
89908,14498.423805403276
86593,4851.520487677421
86930,8648.360163676705
80460,17388.320980220975
85235,20840.547156609788
103331,13034.040405673511
96526,22494.914399518657
93359,17527.63343456921
104761,11869.628020787262
76684,34995.23578920917
76697,21392.683590324556
92488,20901.701949638915
107148,24082.011472909486
100685,10122.115921759707
79407,22697.888325335003
90983,22072.034939069723
80435,14330.535226125878
106658,22763.602496004623
76894,40370.497512768845
77367,20252.393436678776
80301,39969.275172131085
81032,20182.121408111267
107900,37166.788075100616
83046,14429.41584539934
102331,14718.130466676457
94376,12527.153852591642
83559,12794.512877552355
103509,12291.577340393775
76553,19645.82253722293
85897,11334.782061767273
91644,16436.679679700766
101598,21387.46557906015
89707,14037.284974610975
106964,17677.311187476273
86117,9416.643466724669
100179,13490.35343163388
98605,31320.72718145495
99719,9037.26530440975
96764,21307.33808603506
97262,9562.863843288813
79645,28328.667588557528
85785,14464.717716740817
103444,7830.992827857297
105639,14895.44039127093
106379,25397.63872821434
94283,12799.657632788527
80195,17911.438467956832
84709,19474.223155595464
106270,19748.58493390541
106321,26113.612911068383
102975,10288.405009006925
77231,44924.900043721405
82488,7556.444853321436
100406,13551.500079214009
79606,10942.238702256456
81036,18797.436748124626
95806,31252.568872644002
97217,17189.792745332586
93696,20536.10517053272
84438,10201.47971793966
108083,14440.774811478741
94109,31060.059071059768
81873,24229.7496054525
83535,10799.941211033913
108253,9515.697537333195
103572,7265.101183730007
97782,26472.1770637056
85759,18130.57597348169
101313,8860.58146677983
98905,16044.033371592584
96344,23459.61728921052
79144,17079.485027568204
93593,5947.057952443547
99886,12214.422273173119
96085,8375.691599376483
91717,26568.050785065614
100170,13902.071651312124
101760,18000.275959872615
104762,21101.89538239762
94364,19774.697075709988
81819,18582.23255332028
88720,13825.74190528749
76810,20822.511794215072
91505,34085.86599114207
91740,31152.403066209994
107115,23093.794848299935
79860,21809.03457698417
103392,9979.885421406863
107926,8137.124472631322
98206,13787.075233687116
91551,38141.02772183821
100331,13969.397477760192
76115,23754.285107895088
82255,17348.176112218505
104007,17300.238602274927
77667,6998.764032463353
97247,15347.568212849337
104182,33481.99241063469
84802,12737.729438761195
82517,5639.524002048833
79978,35565.205247755235
104400,24246.60495440704
98809,16258.93515468407
96889,19525.28429662588
106291,24135.179327797916
99347,10300.94131235012
101462,7925.960239721563
92841,34209.69414249254
78210,56500.97904913252
90440,17520.728675459133
84119,12511.932700038438
96872,13541.402651644948
99411,7370.156125648863
88399,16292.125238158627
93645,19972.713189128248
106472,12469.133515032894
93223,17796.504405397704
100761,9691.384236020041
84396,9971.53674616853
81694,25206.646306435774
91499,40238.69093816313
86428,2887.0832927814927
95718,17041.413399344357
102532,8607.404220605074
101976,9245.016582712151
101696,10010.436053115991
98887,7539.224463959305
88660,19234.28352581009
88640,14483.681541329635
84379,15925.2284771006
84581,19577.654772024645
102278,10240.782743036229
87590,11902.207056318764
105244,21156.091532276983
85140,21365.916203716457
100212,7018.076192671985
82463,9611.270757959206
89649,13420.498238228445
105119,20751.7804720368
101138,10453.619233197882
97613,14062.856891389265
106323,14477.857892631457
102910,9363.67263830856
106664,20097.41527909388
78285,22313.019911710442
90102,12647.91451892962
96386,8913.33599650715
90800,8442.3237918476
98566,20641.964782644045
101815,13420.48330613176
101798,14127.952079389193
97728,15144.767357436014
99174,13044.035950124306
94250,19080.062849323156
88827,11642.07904337564
105493,9477.860649125514
77991,27902.57325826306
106003,13265.000494153726
102938,15060.241841582367
80815,21316.364710602604
102775,13551.500079214009
106108,9484.22353291861
86213,14332.97123207755
97119,18443.85062763284
90341,21459.232140782377
81713,26345.311286016447
99887,7518.919519476482
80067,41525.37016777717
104710,22940.720583302347
99374,13733.131474532089
102685,10682.35597036285
88454,10526.10906827775
88121,19358.503553539562
104607,18693.364304384533
108321,18152.18321874814
100788,17606.64673217244
79504,21312.745840100204
108273,20098.37402904465
94291,31795.61180979507
92974,20473.183583599985
98506,7501.994112682553
92238,26157.70744848123
101214,8121.144858506579
92872,23865.164244313575
92412,15779.382719402525
99487,29425.64617861187
95246,31842.885809151554
83843,10522.262925443596
77705,19358.27526111719
82903,16180.326757736717
99335,15387.996246616905
83112,14076.556512326173
82946,12884.018306373622
105777,14372.179178667304
87013,11530.910403168702
96752,9122.24214852524
106136,20234.302391689354
79867,28825.158732297463
84377,12175.967199766385
100807,17999.027267845173
77327,34698.13092948858
90531,18669.510638868524
80907,12032.371269927675
84019,17439.769059067472
90542,18478.422812763234
77431,12483.001989730687
100648,14041.845474522584
86836,10441.354094344857
85657,11387.630782804405
104881,20869.013343310216
87108,3296.8426604983324
103909,15353.707571109524
101363,11600.525814143808
83894,11471.424605339695
87239,16146.972215948781
99880,7176.346138802635
101105,9791.41401679118
103682,11676.60848622353
84580,21960.93810546711
103278,6050.892098288902
81972,10313.407804853397
96088,6808.09640904731
89815,8494.200459818914
83189,14760.02388933182
93790,31373.344821196217
86893,6948.822627897895
85632,8462.691431295803
84891,8182.323952931306
81765,26772.85465848414
104808,11654.640777910727
78274,23711.386791910867
104323,15281.244876750392
104215,23120.7758856838
83258,17783.087401277062
85415,10131.689868007152
76352,21158.001529812856
105843,27793.62736683716
79923,9600.239820739089
86788,23555.49482484383
106140,11641.288759568197
107298,15342.760266149075
80097,39705.24368898031
84584,8789.65128029429
97123,13752.220530399816
82024,71854.02256566384
80482,25855.267806202002
85092,15384.666682856701
107615,15506.584319550455
83158,20167.396215452878
98377,11746.747214846446
101038,10139.031358725444
86398,12265.742344042003
93257,21428.363099005277
76372,25430.478857359845
91976,32702.940696883034
89914,29030.044292981074
102249,11049.223804174775
92223,22485.630591909357
96162,10006.35984688896
78476,45849.934254583655
84032,21984.376026495524
87790,11222.083973802564
99047,6489.004785078599
85743,17147.481905198336
100359,8166.115946786888
105381,22338.71737634096
87011,12954.28463037761
106016,24196.977189357567
104246,18428.54758422819
98535,4926.677267916813
101636,7920.740930769383
86057,19617.057289762357
103082,8203.368423493996
98076,6586.125597879636
83514,9258.871282441549
103770,8257.158550854156
81344,19074.032368668108
95622,25348.126530943337
103797,2255.9128495177215
93056,29200.786953986113
78395,23158.006836215616
89628,9195.202836329643
103060,4626.748424817739
76440,25269.5831927466
91172,25223.482058032896
92399,28902.145456548948
93498,28667.76795233663
88211,5944.697601958827
101974,6969.476375328442
92110,15764.889081351277
108282,10906.78866777248
91046,18008.341860323948
87325,19385.200779239523
91442,18899.302302091808
105058,9274.176167188845
83755,11053.809800878724
84596,12549.92260141023
86642,8935.455686373803
104884,30185.672006370358
99464,13368.455433872912
76380,17764.869318440207
84398,9731.363678284599
86695,15293.094441981762
84967,19378.66270585104
91413,45035.037913582666
104536,18495.820373321912
103653,13492.835034864233
82660,8598.314919335298
96278,22609.441050956182
104281,9815.168234315897
96493,12764.096853298988
84816,19150.071297554758
96248,8472.274247534144
84910,14736.521505912044
76150,40475.67204490578
84168,8980.422329398987
91284,22456.13730894343
95359,16826.497741226565
99809,20066.878846809686
97478,11864.017739828267
90354,7780.781802643755
76268,18365.008691283063
99017,5668.739156421086
92966,17661.794704116615
98031,10729.302923563366
102949,12469.491518214125
96793,13578.395998785823
88706,8543.92090853045
100609,9974.712897099682
89116,8291.672818613632
85861,7663.526497977596
81217,24243.78761547816
93134,25441.075458097283
93383,22990.1574644312
108417,7864.373834011099
84549,14091.641168337726
97741,21951.184464830276
82038,25190.697385291794
104696,12465.215619040724
102985,12242.914020814278
76015,31704.341714340957
89233,5237.302121480685
107693,9174.103875153207
79543,17695.357490643226
88941,14111.548000945277
107133,17318.827127927514
84262,9773.798699594774
80022,16172.343654066734
92947,3677.0830866767387
106355,27265.99122886647
84561,7139.074117446916
98987,20203.13586198496
106383,24508.342970641035
81784,10301.739392409398
100364,13467.849848202708
107310,32416.64783996671
95690,34935.7040653133
76393,35935.58451584709
99698,11892.958392706403
92142,30960.808368631988
83931,21582.92849725605
89216,10134.415750529422
78447,12290.938998612573
88380,16773.976850963143
106609,11221.1654343847
87906,18388.271505931687
107946,10945.956713582847
98084,13666.76313399135
86920,15333.038906591091
96738,13139.469129230396
90639,13329.578707355988
85170,26785.202731054065
78613,27499.328057857358
105247,19628.14772193249
90641,13346.203285691328
103803,11981.68772269519
101871,8439.680209872859
84737,10210.663499489086
88357,17268.321980396962
76060,24645.55325760424
96081,7598.287292984747
95771,19270.65333895539
90465,12813.22573079951
105795,7370.4223678895305
99716,10530.955969918547
86627,10099.491879061754
76452,37555.46866202296
106972,21387.308227174846
85032,14050.769822631873
92339,22022.27976008909
92906,31791.309366717127
107476,23836.913588589934
98693,9337.31920155746
100745,14750.604792809138
93962,29585.54669988521
87071,25641.680334341392
78456,12449.825411530259
98616,8633.417863054594
89502,18039.40307610915
84812,18036.831915631195
99278,10738.387389412012
106760,24145.197829154095
93843,19014.972212310375
89686,10733.245292433949
89459,12628.950633653038
86882,21651.240878603385
89055,14707.576380613267
103280,9543.238161933526
82388,13395.31411623093
84322,24354.460612449508
99763,10292.138322197112
89240,8771.646870486218
89369,8891.346549985812
97845,10708.278537335857
98505,26897.456713875657
83594,11638.641323178357
76879,21607.434565403128
107542,9899.942015878842
80047,19145.83522368399
103396,12555.223628976135
91511,25607.457018363708
103680,8505.679201724157
90952,33747.779836792615
80329,32883.69984397379
95213,14538.835648279286
93454,18412.59204275269
98790,15587.422176362239
90991,70391.8223158519
103576,17367.088780312806
95054,15562.430786215486
91254,32271.84195008243
78354,33628.417942589826
82354,8652.942964890502
88849,12165.035706570872
89577,3686.8835270342865
92417,19930.46482949841
87390,21734.332580761093
90610,13581.54678573168
76083,33925.05153294198
81716,15505.480613740616
91781,31691.58337927878
90138,20405.161961526548
82651,9108.17031341456
97872,8783.713718427545
84809,18606.800813796224
107232,15310.302710730277
82070,14931.731621939378
98299,19147.989622407684
108152,7907.0444176061665
81894,17412.198164692498
92170,26445.921007739074
76815,16719.895694326893
85318,17906.223676304096
101609,13727.437467290149
85681,9522.381514779694
90628,4589.806145826715
81278,11429.762821798065
85022,11114.675234701766
106237,9459.127339646348
99060,14982.825596196311
97068,21101.287310817384
81590,28988.30036547624
87125,6889.008857356057
86034,6642.130697837858
92154,17284.117229041367
94085,18576.07209626137
84555,19750.55195524731
96138,20402.54182825977
87289,19433.83196744911
96099,22624.8103286503
92408,18665.792901044457
79885,27376.34836689562
77403,22604.508136291966
78502,41550.06150471095
101012,18121.590976616226
87470,12294.657202985558
85394,18650.327761713434
90467,16300.412249372199
101768,20398.00810208587
82421,15830.002759670506
85707,18947.94615708604
90630,17440.38153157906
83619,11212.766382971917
102793,10915.990349973685
78299,22370.34577985791
108074,9582.06015799193
80894,43770.71501219086
107622,10060.407592286469
89930,15053.854018392918
105194,17833.725884248484
87228,8224.227543195535
87821,20668.055561811725
79921,15106.217986262418
85109,19707.10396253861
104039,5768.171636123426
103523,14725.579269101225
84724,11463.317815181004
101351,11627.171915250494
76444,34466.8260458636
108202,3007.014819115867
92774,36566.365981325216
97279,14813.285395605795
94079,16026.670590884334
101938,6206.601760692049
105071,20583.146257113414
91761,42768.73600696621
79296,29478.57103939109
100769,10630.231241871743
88597,12735.436564839405
85935,11494.179516581831
100302,15201.721561177574
89081,20055.0325284023
86282,7685.777752837247
107202,9015.417046696148
101999,8864.922745141814
77135,24317.49830846255
99417,11058.64628404127
90406,19291.430883533925
94752,15626.086059964002
83342,13098.777643525931
98973,17109.207441580347
79768,35310.20673510183
77192,10592.348842625423
80500,12491.076582877085
76835,37234.03643757541
86983,13051.266516324002
97069,25698.842121070687
97193,10459.58731669462
105073,17508.566571378786
108405,6973.056615469938
90739,13705.719343276141
100079,22416.39329957952
97513,16916.49493094418
108004,23899.536603089695
100330,11918.471880246838
88508,19576.26273199851
81325,31512.7715191983
105920,18276.66397099378
81530,8906.878707476639
86776,12018.854186732837
80384,13145.329784897382
105020,18990.695306224246
104228,13407.257114554368
103926,6364.317550093983
92044,31773.167140265024
107049,9458.262045759584
107408,19296.92773389494
97280,17657.208430598337
84121,30835.377019372405
107517,19349.91072243367
81847,12634.84357216719
93671,17643.54870865464
81276,22643.80937547968
105034,22484.49909587855
82559,17766.975483320155
97468,24845.07087249445
101227,8594.221267180972
84614,16100.062559836793
76259,23425.955277053366
81329,34769.223058393094
91999,26790.065782582424
83557,13763.218504746683
82819,10547.64051357331
83735,10651.364908041807
103607,7577.019860949081
93256,22083.24846710637
89255,12213.676428279075
102147,9640.019540781148
86853,14262.163186474634
76266,15502.76639906497
85025,19591.521425874937
79566,21146.578193401412
95663,22534.255585459996
96600,9965.572448603292
99798,7651.729141431622
96922,19490.843204383415
76888,48622.29872229511
78701,32907.08864007008
108246,11554.681313283267
102309,10400.088479970726
89158,15881.85674075042
95309,20084.871227382828
90997,22415.368046274558
88930,17152.298086018134
86235,18079.66816338444
86159,10410.0693064863
101049,14770.672082862618
81773,32096.819580724674
81389,29074.948864284193
88802,11946.404179134786
85702,11947.754731653862
98780,25769.365579638972
84786,17029.376877913855
85683,11359.00503207145
77857,31385.112141995403
88429,18681.485867116986
102069,10562.74504209946
104862,12725.453755086033
108204,22458.53587991371
105476,10393.252685737007
91778,20126.334222203946
100851,13115.893786569146
82960,18614.221751721725
84799,19474.223155595464
86912,12753.947303416366
101533,5150.55485519391
90657,9076.863440187311
88912,11902.351936494691
86715,18013.015047962184
87508,18017.77686877671
87984,10210.650911744347
94852,10552.207802189305
94905,20496.61583169403
76632,24808.799031872986
84100,7788.595185898838
95802,11794.696560339802
93740,37401.08251472377
98565,10951.149583662358
104153,11243.877820768552
82480,7132.550577614754
100660,12701.771633210828
76089,31416.595247623216
104329,8904.185618603557
76434,23243.456021845817
84061,18235.98966242279
92097,17407.05558866756
96236,11675.221790553947
78908,12181.308231409666
104602,12714.82862950049
102750,14193.67809215936
103394,16017.49611853068
88113,9974.666804196804
95654,27960.97703723619
86372,12296.321130240878
103110,16416.542113435116
88378,17960.206066133906
97704,8529.633113823833
90821,19397.940165440796
84901,23303.342389361063
93956,17716.40835820212
96320,24243.86869191218
81148,24642.142246361476
96461,25819.965970699457
84615,12245.191796378127
108104,23676.90764538385
78039,17100.423551371532
91425,33012.18872740006
77044,12968.873132174966
83049,20302.31583769597
99803,19742.020207711004
77693,20685.287675341468
95508,40999.3594456044
101593,11277.339923456493
101499,6260.749521620825
88319,21704.017147861625
107344,28297.904230331413
88590,8296.047982213391
102740,7803.983605554558
85931,14356.040066619089
77210,24195.148369884257
104732,15194.613355615042
101802,9191.995081490526
106071,11076.612994877923
107867,10615.297780679535
103449,4943.8762605319025
79433,29063.243651088145
94897,35804.24957503998
79851,19902.460269754898
103779,8008.412938205681
84206,7462.14204690724
101707,8139.133644901441
90924,15940.485709485984
92910,32636.67148297045
95774,41412.346822051375
78551,43608.03194087892
97038,16806.33470546141
107852,13323.06651505929
87639,8934.284817656977
89958,17622.46027783134
77096,13956.312531985805
80491,21519.84928004932
97835,10782.309916698983
88697,9113.855008221566
78196,51829.20533435401
100662,10379.558388483363
93739,5629.12268978194
101433,13262.117225998512
79620,11639.828609167007
98914,7550.0583865070375
86750,12650.578487862484
99223,10244.636270112165
100046,6156.430310867585
77452,29119.59654100715
104703,14685.45717752636
98198,11295.571224711715
104049,18416.17972104045
102264,13150.072817791064
104967,18328.753318553176
82009,18769.520257711352
79345,15732.067421164033
76063,35044.06788167477
92506,20234.040531926803
105509,7676.182453103893
87958,13143.261643006044
104150,21278.881481306744
76395,24068.04995792311
92933,21609.330437108405
105564,12924.522934666384
101877,17228.706895195366
97863,9824.100898776323
98886,22756.74215840759
108166,23140.449611300763
84870,19802.59472216748
105095,18136.019651036357
91461,21730.51641529973
89581,7525.699457099032
79917,7618.229411684714
86396,12244.817840448477
77190,25932.130707640437
81287,11974.755612451545
103138,11899.988418917337
87123,11142.759996814162
103793,12337.59305358391
93077,21121.481963349273
107545,29872.065154508728
99055,10223.417751257384
101183,8500.699007423249
100713,9415.25335517625
94948,27584.39025137062
104333,5023.110253419878
99987,8185.594797023276
85251,12504.14030798941
78966,14958.892895691342
106038,15946.19360443402
80139,24312.284645602776
86167,14298.164097662293
99261,15518.17192491928
92352,14293.46255328183
106505,22303.64082214922
100845,11277.270913835886
99620,13163.69975514511
99159,18528.52268083772
106476,22110.137423400203
98980,21665.381137770273
93289,22150.952090079576
108209,14098.242673071938
83126,9975.086663095024
100563,6488.83547225003
105255,10180.068757839328
94179,20044.963446276288
90552,9451.580612207666
91267,11934.392200153196
96812,13256.13873526107
88257,21780.10859886767
88718,13399.556434413938
83854,16020.888952383697
94902,19333.99302199168
92523,14206.216505245553
89821,16392.914192383883
95400,44759.63012510963
84369,11367.087081291178
104199,11947.182868719283
82116,25983.827268128603
100708,14718.862591949432
82790,13637.101757000619
81821,18989.080565702618
88277,15528.34879035672
81500,34689.43846098828
86835,18047.932382436396
79378,33593.901429993006
91295,23298.119415834626
91973,23404.909914369553
104856,19279.561390718307
77543,19384.323104952236
108162,9421.918838558697
91217,43928.12765199028
87896,19495.496582028485
98107,9130.47134652878
100169,12819.749009193325
90709,10824.645817322109
80086,28723.424274393823
81299,28737.872229580436
96112,20365.740162818318
103775,8015.864779291362
95669,26106.295990723596
78443,16181.208870201322
83136,16537.61228807903
103945,7002.92694672487
93010,31299.927718962444
91906,29898.560055433987
85113,11645.06502880286
79454,19810.012499318476
95079,41152.00554476365
77330,50469.92263979562
83798,13961.804420801935
90237,7897.930987713093
90782,9319.894664232914
93557,25987.086224661136
80716,22323.34466848164
103222,9585.018848272477
88529,8175.573974234114
79327,19140.576903620364
103525,6424.217443722642
77294,15453.855451951393
86934,6210.390325067847
83687,10441.354094344857
101179,9615.174623424615
86285,20118.379278240653
108225,22734.575041570748
79458,21319.497895794902
79962,29608.021238808222
77878,35098.54756207507
79980,30835.39762935849
78111,27391.851719110204
96878,20593.60064659163
91368,28578.33860355682
85298,8181.395211706941
85082,20092.585171205457
91369,22804.661016167942
96485,25762.96442878212
77644,15758.072920928005
87187,18108.867477784108
108438,17014.8157898084
83884,13161.185976901037
79694,15081.626571012841
83581,20264.89340982241
89661,17771.95104004223
91756,15548.431723620362
94344,14657.694845727996
104700,27389.37126429182
82382,31054.429914930675
107594,29849.719002712827
78751,25839.685370578823
80127,12704.056297318835
99586,13730.741669243875
79871,17534.96248966788
107372,16246.879367817362
108028,24095.946072964045
85904,15646.5907289879
102788,15934.41740718187
99942,13450.993426365216
107103,15123.756774117932
84087,8874.03277493356
97292,11072.538789705597
104542,16441.61956704449
94429,25336.504417634562
86335,17135.546719788046
82367,15680.71763243709
86457,16020.498519865127
107346,15010.94851761871
77766,50788.8495120273
94768,42107.66344382496
84426,20348.80737253414
104173,17653.145223733412
80165,32525.455698141206
80521,25365.540863189348
95028,31613.218152726873
77278,35723.80174738487
104940,20711.1493298453
76864,26030.31045839066
87845,10114.786838277505
86391,15650.891365702155
85488,2680.022357899892
87274,19643.512858904414
102371,9543.074321606256
77811,16107.757231478381
80166,28775.12001121638
85693,8698.789775629115
86192,18927.044134437023
104128,21516.197749027728
76805,12208.302742168602
76360,15048.286215448621
100706,5848.0985263155835
101318,13455.622458930857
99579,20486.531001023362
77331,27737.255517335834
107340,12857.915630065636
90662,18763.22858921186
83565,7006.098452379649
89664,17939.442038637324
78421,23839.184402176623
85006,10560.003521606439
93876,31526.230699120024
97786,18200.758998751946
96174,25706.792224241162
87729,9618.193944153689
83280,12786.25904555066
102207,17429.21518539847
100949,8113.2963779731235
105703,13783.6274468893
100936,5064.080590784914
80419,28249.242578153422
85990,8632.12563089036
107505,22339.343161890083
81337,15452.413508987482
93683,28744.3430231209
94646,29488.04942988263
93987,19383.84085006397
80512,17349.45828467365
76113,20713.41803738914
106835,6866.56054262539
100428,13916.54899254358
105624,28514.48268324717
89652,10959.172679089823
95108,23915.01636613295
99206,13194.1240906762
76036,19633.26398849398
86230,10434.401745556466
84454,14127.662503125877
79349,16070.64930247993
85609,11934.350798745558
77345,15078.20827965283
78726,54857.066328845045
94445,31817.705795564594
107695,8103.717652262868
106991,17137.479915235188
79308,14720.205363266128
86486,10482.407756071692
80429,36168.53803175794
87107,20336.24002092674
80582,16285.055831107842
90386,11252.375149716814
98363,13793.053885864814
76705,22829.0211917858
104824,6836.377751669682
104154,2501.6464405456227
91270,20748.1331684474
83116,12217.60061356377
105710,6660.173092215923
95042,19438.407423215736
88001,16749.552521016776
85212,11953.86304444967
91875,22935.507570612288
108248,8479.993758060149
106378,17008.169851055278
89950,18619.129100772298
108165,8867.449957747258
83958,16567.016348418772
101582,6210.418930402504
106377,16045.397308050437
104057,10100.178753655353
92245,33128.753912291126
91187,30908.348498932923
88022,18365.179567141437
92561,19092.13201495234
96757,13067.703477119625
104597,23632.013417261514
101485,10199.414768552933
88381,8494.842383706606
103776,9204.747772397872
91215,29003.56817226215
103022,13658.951981122202
101933,14201.477951503022
93174,27366.68737788113
105945,7350.820428049409
78879,19569.652220006723
82065,12876.966677730501
99235,27471.414966284323
81250,28233.92431917655
98942,20415.681721020617
82966,17103.31183101181
81141,23768.68667961149
101325,16869.673211711444
82470,9808.142028148352
79063,36306.87390398664
95324,40542.72312911263
86407,6833.34771948386
94026,63108.92579993248
106390,12959.11076416651
105069,24417.402774674243
88045,17048.08774782904
85356,14845.05895648814
80298,22907.597197934356
78479,9739.410338546493
98197,20371.814910578523
76490,24462.318788396715
77678,35128.61582466959
87021,17447.576240904906
107215,19411.907774150226
81404,21185.12413093153
84641,13484.75128767978
96328,23648.64140580529
83845,19021.04526054574
102745,8044.147199484846
105081,10973.077191176802
92135,16067.306150412256
105888,20384.16987587313
103985,9117.983444815867
92091,17017.113600843244
88090,18420.94636373272
106712,12875.705188797978
83446,18485.41476279554
84263,12151.712415394242
87277,10677.1759113566
90625,8008.034858336177
79466,21949.411963212333
77287,8277.404894875986
91628,20226.341185325797
89171,21394.854312238345
78750,23372.259148694127
77085,33232.486735052036
80877,23398.670877150238
76526,27697.935814541856
81085,27697.866098465125
107918,13287.063162459077
89072,8972.109249028861
103832,11307.20424878351
90495,11034.616411337882
100430,7966.628980107892
94346,12086.514980388934
94350,20341.10129827616
85431,10747.514789095612
105851,19133.155730677674
106969,16517.210534997288
95370,15694.884897495396
94611,22459.361810056413
79129,5872.05950816612
76596,29986.64913592311
93211,20685.008250739418
102753,12602.952337512326
98370,16758.470434129733
90773,13420.498238228445
98298,13305.161355427588
98150,7988.97106050885
101220,13117.084677063465
80802,31456.32243430506
91398,19459.283064329487
86010,19064.80365939942
81267,42620.08736149991
79745,19698.034422905854
105864,22612.205909290038
99245,15951.090410029088
77308,16806.03090729112
85341,13716.153864426597
78845,12683.79762555756
78542,13948.654768691726
95408,20170.700633621083
99562,7988.97106050885
82748,18662.87326151707
79419,36519.02168338667
107846,12628.66646404604
90929,19625.84191227768
77964,20378.022014024704
95902,21944.336321108713
105576,10049.018652173349
94067,26662.14653385952
82322,12476.420313405863
94533,14340.038245401256
102326,12225.48691916101
97048,9257.879225666526
84908,12896.9753344147
81143,17981.183658582504
90090,11013.348323041906
93029,20650.280907261527
85943,16920.162889782354
95392,18618.915369025206
107057,14474.294899828117
89067,10578.237622011238
85202,22775.090739807074
81457,22893.911807001445
77074,14058.855057539025
94378,21829.325749383133
78921,15588.16942688646
80414,28372.535021186493
78653,17243.703390969986
87185,21476.548806162176
103928,9966.412119570628
77930,17788.885148580768
93057,29800.171108252962
81986,28813.78581553939
87505,4038.576484112774
104258,4688.940663127724
100795,10111.897021747112
82702,18966.727304211785
98156,16785.436519887608
81155,30161.993636288495
82204,10946.59070671863
79859,18098.235922478514
79501,36029.26512069239
78998,19076.85747605041
93846,9394.429940548163
83490,17270.400255544522
81890,28827.232483020885
78672,20450.91261386462
79310,23035.08651362713
81889,36953.21257096835
84975,14237.704920312228
104001,22722.147125499137
90374,25472.330772949834
76586,46401.968770082734
80099,28156.970903421592
78984,31837.792264368043
76198,16424.219531599443
106595,17448.84124540643
78327,18653.777957418144
88954,10561.195265524133
94710,42557.04359404399
82380,9000.448457262104
95780,22594.871803876882
80440,49608.52978405737
103715,12428.673884802924
94371,28139.913471565706
105793,18293.205523572557
104941,10459.804887561779
77499,13575.465264943585
79776,17115.188862848954
102456,5686.840253575408
87034,8323.453713786052
98570,18295.716851902915
86294,12397.692689791567
86579,13739.209002781625
78767,34245.91096128107
101407,9222.98822884662
90427,10026.748198620999
86604,13409.71253205481
104481,6537.878804295925
102055,9389.016233681157
76565,32970.28524754701
101769,6095.874010969786
86849,8230.29095766534
89128,12020.725286328963
77119,11562.379654724677
94623,25904.208512713376
94988,25565.798194713007
107071,15272.474924920552
106724,13268.836265498316
79938,20253.396730515637
98217,14945.337818724445
96660,21525.097103023458
82817,12408.439509037167
89810,9006.188369371508
108212,11367.9906091393
82851,20670.443225499617
106739,20099.69260371077
98224,20824.068731192365
79457,32855.4125001981
87381,11162.883913096424
89127,5810.035252039241
79388,25954.6380091428
100705,6128.755840740716
106385,12515.368962620307
76142,31013.64481309119
79007,18232.821942620827
95972,48914.81761083407
100737,8138.722264124058
81958,30763.821827530202
100805,9702.765191537275
81226,11992.42025956814
94857,20881.965236452637
103193,9957.643251525024
80622,29375.092580992303
92116,18298.94272322955
108228,10292.927153090508
84744,10865.23614385182
90654,15844.730097674073
90551,19594.06576043661
78428,32367.796427835012
80781,30963.713467580146
87118,24131.046753581446
90187,11188.901413855277
76110,11946.682075811763
81102,20210.11821663305
89957,11273.774298118227
103585,9052.494083331623
95786,24716.68879676508
90883,8129.569567742599
94705,40538.557743798636
98890,18337.54721516151
91766,31659.57442861378
95207,10967.53501656755
77002,14329.350631033247
98428,18830.55156145461
85456,15311.577365144745
102472,14560.909630006574
83021,11034.582179432164
94063,15067.47733013025
94665,32207.14684955736
81432,28807.899375393314
79825,34120.88010378343
95008,27459.33770661085
104634,28216.70605328556
89960,9213.043953260569
99162,13762.259291909357
99269,8990.40941244118
102221,7938.134869868219
88075,18566.96994062307
86981,11241.319306198251
97144,11678.433862689479
95073,25794.75313919017
107794,11217.8110661688
82837,9552.867093192644
76265,30808.13956545693
102416,14869.22074238403
106292,27295.25710131256
94162,26731.172610633294
85715,8623.88693273629
108484,30306.547744242675
103120,9497.843543995577
98178,8005.409439592932
92208,10573.695597206759
82800,13663.144570614197
86660,14449.864243617185
94811,19324.394930924864
95020,12277.921700016768
103339,6769.756259838092
76719,16843.880705075517
106391,9850.146592874014
95855,35651.07373832319
107989,17199.509255347137
82154,23620.007656477286
77767,22350.701861997495
102776,14686.686515037498
79642,28397.488333819336
77306,16061.48450507563
98007,17035.02306206379
105538,18620.731139398857
84076,18988.319261231496
77749,30633.549163169675
95734,20297.490989770762
80602,19632.694133456862
100988,15284.996855764612
83690,12951.609138423972
84882,15977.043208608433
101699,8444.368731783916
86025,16864.28458104287
104331,22748.947097090004
93789,16784.55510389075
100427,13057.749021487136
89980,6401.155197222429
92989,22047.645003838188
96820,10164.062628704472
76354,22335.01002243827
93143,46018.57361906004
95045,23225.128968457222
78135,13128.724078622716
85841,12572.914117520291
105453,15781.246260557493
86843,13201.055875527132
76450,63045.312312648115
94878,41615.699641013176
85792,17904.306757919017
92518,19374.528928562682
91382,21622.45041068283
91966,39923.4031780803
95486,22762.466366125413
108090,20238.536993310347
83588,2519.754636946418
101240,11340.795755401141
79797,23663.69068542057
101978,16291.683709292578
77559,11945.405179159856
84171,9348.109614181834
84012,12431.111374224702
78716,22922.708483049697
100485,9602.221920535118
98908,9228.078389843697
93238,33018.17960973204
95809,24768.323018289648
107070,25817.173163655145
102546,8484.709165329625
104507,25599.51732177143
92943,29783.43856452992
90241,8309.938917438896
79542,26830.73686380409
82510,10106.574812536366
93255,31580.029769709
96559,12904.918359255716
108483,21461.019394791434
82288,23448.9079050097
104480,10871.023022091169
92328,26856.9008153961
95793,32977.44648437654
105673,13409.730299009478
95841,16250.997083383098
98338,10264.185576883463
103579,6772.918337904622
76861,26764.127366004694
84414,5536.360326669345
102508,7229.994422470673
83622,9806.85147177043
98822,11929.484160246482
86291,10395.816650121922
84831,9522.448824098277
82626,11290.436807182801
105508,16608.256394603653
77130,34602.51023102283
94652,31270.570933233896
83243,9421.862610820092
80908,46418.87649357003
106139,14306.999630926624
91617,20774.853200006393
83524,15489.892758746619
94486,28261.952691421604
106044,9743.41120924416
87195,10652.71995468436
77450,24930.761768368433
99239,13913.91910758537
104813,25383.329145998287
108254,8803.363564533372
105150,15277.681217282397
88390,8433.25630341298
97902,20598.46545491644
101186,9068.367907617789
79116,27409.94642846066
77214,25718.81644621219
79298,6505.249675474256
91370,26841.947944514377
84827,13058.277969611961
107282,10052.25572877995
97678,8285.705053998538
93570,15858.874767113528
77654,14943.186529243108
77227,25255.60370163692
106789,17487.65769043752
78869,23026.433322237903
76531,16753.87870431063
83469,11367.49271037429
92278,24034.918648633437
105949,12713.788941232177
89026,17124.868722264975
102066,11341.225865343857
96352,15160.778777542855
77819,33629.57383887087
79655,28409.7729327897
84059,15143.967483736791
96541,12385.157622663826
89319,6837.7320438102515
107795,9857.450654274124
96961,20893.45314965702
78158,27033.897535121792
77428,25578.805744074645
101125,10712.745345172278
95105,18342.118328753724
80306,8638.079312261834
88903,10538.753675913591
80574,18667.00333273981
76321,28665.30731366041
88786,26159.11082433447
95682,18523.71593634672
103135,14373.772575281879
84241,16750.11036014544
77809,15656.992699670729
92926,31531.347660657615
105895,29488.50335020309
86247,3503.7333444975843
103470,11653.690152094361
98865,22742.132238347855
107363,25814.274738240274
76516,25015.616748139444
96506,12808.8889895789
106306,13543.175958800564
89093,14688.116016905245
108123,10836.042455100185
83510,6900.028719222955
86792,19889.412966232034
99984,17669.17720915315
76508,26976.06275802524
86580,10445.41213459456
88428,13361.36549682049
103922,15790.865584051557
96703,25491.486826794124
107626,20077.7143375384
90100,7922.560007218483
101987,9719.474218377349
88615,13130.720026943702
100138,12313.437754971872
83743,8246.47939606245
82321,14855.973691937526
88594,9319.332047221733
93842,43463.297893681214
89350,13886.456569402015
87643,18448.133575698826
105892,13300.586947570448
105711,11643.446458980749
95657,28404.513124834997
96330,17363.4679265848
96906,13018.368130030605
82247,18625.650352128487
97125,7109.983423249758
101306,14572.259947690882
96708,17473.13290403291
77250,18997.43298927684
95451,20331.38717611965
99405,14309.497356943923
94758,19080.289297966876
101101,10230.052857607297
77643,31475.357883522003
90209,16282.00798604541
90312,14163.105865817377
93955,20761.742952904875
76334,27664.432402699927
85190,14779.6254068793
97992,7153.970591936868
92748,43543.159263129935
79843,22000.79533349484
88769,12600.887421531004
97453,16011.33046887968
82550,9407.513771693926
90775,13103.047468065623
88190,13173.687274557764
100712,17285.63475550227
77237,32315.374042989188
78997,26443.71069471629
105656,20806.990435749954
93368,24738.868943859925
93469,13278.401742084015
98426,8439.665159179998
96832,11291.078724163324
85322,14477.411027274105
97139,14639.48077583425
78678,21283.30033750306
97821,15992.601547301498
95410,13629.60420625003
107358,17444.59238242783
96750,7387.321544903321
102529,5260.405456085997
76433,16938.97577772058
101626,11673.267425245434
77790,20059.998487178524
82932,12489.544015713685
89517,7499.651804618551
82905,13096.390118542226
88552,8507.016364449382
103006,14131.905128727565
88811,18112.208098185514
101734,10584.713066518447
99230,20813.43924905787
106537,20427.37863082094
107114,16233.95624658208
98513,18476.167405360065
92795,29799.79034746291
98563,16457.082714113894
78599,7770.31571948153
78911,23478.383243803815
84652,14801.275342331395
91014,22237.309157726584
90901,15471.760363001018
82041,38268.00702650048
79218,32158.673362167803
107371,35626.54729707755
94767,21425.71464882623
91910,71273.93592290433
103462,7578.461053465683
77125,20878.611242727286
95567,48360.162058028705
95039,24621.77727473814
85065,12671.768789127173
78252,22252.86091547136
89580,15327.858469477162
96742,7687.051531149047
79876,40885.7577445854
94674,24580.01501363652
107822,14391.51009483581
92586,18639.366392147513
78107,24440.79091684123
91241,26620.185626385446
79077,4608.480112929742
86212,13739.769601830227
107527,17728.388932800754
88056,9568.706103549946
108480,14782.285703475587
77620,10672.765178036385
97188,25190.150125803226
94979,21487.13976023518
105541,19133.526671529602
105852,23896.64555400892
99182,18164.187204121652
91355,44742.36108011543
88516,12009.110331333864
76101,26351.754524242184
87097,6808.611776070325
96299,9651.981210551663
100944,9209.122986449693
83995,5645.213514553748
100407,6031.227335051371
88255,10523.929334310615
93935,22242.638304095348
95442,26780.997064823623
93571,24953.815751896287
78642,50501.922303314306
94545,28042.462327418514
97746,7542.533936196823
96419,25355.697204373613
102851,14906.070980935456
102356,9570.34537576478
94962,26029.229647222714
89175,15540.519959628746
104139,10583.934518866105
103395,10988.944212080509
97017,6679.121295260843
101358,9499.55905560212
107417,10644.498554780637
97977,16207.382772425995
86765,17955.475243637204
95743,19145.999294166053
97804,21724.522780806477
87010,7790.920088474041
86791,9401.339880726931
97486,16903.86531927677
81124,20405.073419557655
105391,23572.651307353248
90275,8556.763445580045
104855,5110.267232439502
82804,16339.349987457443
94810,17026.044524260822
79517,39727.70932010948
101826,13826.867166362788
89848,19296.614804032237
90432,12401.227012635221
83070,12896.9753344147
78270,12950.540342208235
99275,17170.942392509245
92424,21182.323459126208
103334,11895.7602052141
79160,22014.97973209456
98830,29098.034953208524
87956,12645.78483461542
84523,21341.577145656494
78157,15510.12483417731
79460,21028.11006901674
81918,15299.048149956752
98433,22085.75397434842
104582,10283.791727153613
80046,37647.20521574775
82135,19718.452722690345
89685,15780.369201248652
100990,14504.402352666508
85624,17284.22756188749
88293,10948.670955458207
82215,11299.753974307616
91261,32731.39347598587
78018,12656.980096552312
78266,22498.711046845347
101074,8624.24225201793
97075,20247.193218087377
81806,16802.525465862196
80743,21283.75073194107
95234,24547.14618252153
100410,21387.46557906015
106840,22593.035843911846
89637,6375.176477452006
85382,8375.378918512406
83832,17213.41758272757
108331,7487.989077461627
82026,15487.058075105211
108448,10806.892058106001
90028,19849.549964503232
107663,24303.9041522414
107477,15008.481158027149
93709,13729.348834921762
91327,49223.94110595464
98548,3766.9931865113044
79064,15340.039846609388
100670,8100.132269407543
96494,13120.277527802038
89974,4660.207864408361
96107,11790.560374313325
78151,24341.102519738208
79304,20904.915256233162
92842,36577.22318299392
87813,12636.620460992863
88762,19495.496582028485
90399,17631.864257295583
78756,29835.76540760423
94019,59268.82085141114
82073,11397.946781137192
91846,23580.237714451603
97414,26039.952631845747
92758,20941.1999672679
101342,14479.691623655637
105987,22528.477672792487
81349,12913.36607844738
103712,13658.951981122202
83627,16183.6060714467
95247,14543.089653338282
92833,17234.561554708154
104587,17183.995608195797
93265,21382.124585043828
90518,19034.787615348305
104256,21894.065869527574
80882,21254.99723319712
108148,14406.398826499673
81385,13966.942446138253
87860,10899.662824968726
107638,13305.851840901973
103947,17367.088780312806
91049,35197.36558629573
97916,7173.53149748143
95433,23598.8179924099
95871,26925.983457036557
85779,9650.517752251582
103360,5336.5463432371735
80203,29090.68359271408
88511,12331.401306489486
101672,12177.555233595258
82992,3553.313538495742
103889,12493.630331402637
103630,8500.986742981928
103366,16833.116339176937
97200,8388.883644368867
104563,10459.68717497316
85824,9677.46624566151
91924,10116.597774839569
96499,16764.56951611724
99026,12930.51700798882
81965,28754.659429017793
91604,23777.72952453997
77552,34223.82391532193
93750,32909.03727690189
78941,37645.11948039623
102717,11521.732658960937
100534,12304.25712711405
99036,24746.495998976334
101961,7176.709352956751
76940,18975.33162396634
106310,18047.874580856624
81520,32318.744260208616
91800,6530.773741043141
95707,21314.697443896857
96395,11343.991859595928
90505,24352.75497296356
95284,18333.387535270424
98094,25794.257262102998
97884,12033.637578390268
98933,12024.436724085559
77664,44491.68683411702
93941,22165.362178800522
87812,19461.75071563118
81266,22003.349182372916
103825,8329.525371123924
99494,7975.222333495403
91256,12498.817298678066
91703,20801.897674746346
99971,6302.530515957676
76631,25865.031027144352
103612,1651.033909142222
98611,4765.7913582739675
94591,26931.59550107065
80518,28133.684165019855
94000,33062.53661182464
85010,17223.177875811525
87369,9130.979888506832
86714,10159.84106899826
79985,13509.987820287037
88051,3397.92281612609
97065,7484.554193894712
91307,20132.367273770218
98365,10929.7358932192
76522,48122.6334323077
96638,16866.981968694556
79703,13935.958960567876
83107,12289.59407834638
79104,22019.77769791621
93563,32426.18945477156
82599,8752.66181274283
83486,15498.719424793464
92895,17485.752393122177
108343,27442.320260936765
101774,8019.288901802651
82612,17950.940745444183
86861,7569.252525869163
101902,18543.240389397197
82973,11727.932909926518
89872,6163.190757548235
105616,14826.87706384668
84876,13761.583501974377
105133,11226.095032312147
98877,23405.777798908544
98515,26227.372552032648
98327,13805.775137886367
106633,12157.179992816096
82505,18129.052646655826
105007,12100.617590755668
97269,10445.77608360597
78140,13937.696528039807
82318,16993.864733475726
92993,24590.771585409755
97743,14949.177452618278
87763,10409.791827807232
104942,13052.019779366834
92045,18578.382719010497
97767,24776.224791030305
108348,20368.292582336588
89665,18286.789461681907
96862,9974.972913197333
78597,15709.177168758768
107574,25159.214555263832
94460,19418.303555007027
86944,8304.654847929498
104505,24714.96052785216
94837,28144.894323108336
84576,9215.444436476944
82427,7205.157556009175
80054,29755.747906507902
103504,18991.484698077882
101400,15071.12620602068
95904,25365.79358816224
99877,9276.348693918104
87554,8603.688177055301
81180,19382.12861006288
101239,15683.449272210617
94258,39399.59274459422
82942,14367.60831496362
101204,7488.906405493262
98516,18332.228522071022
86925,10872.168718007733
104724,6941.373507923425
84627,12870.306782032882
90133,13005.650403674954
100320,17115.21273920416
88358,18798.805427037703
94280,12154.434920040523
95334,20668.423454794258
95899,27225.749635967113
87270,18832.980517121858
80723,23615.299559062532
80469,12717.955801591554
80280,20823.375404149072
79493,12205.411779209187
92221,16415.158559367308
88547,11281.083428649832
97994,10596.05319289052
100047,11461.051978778361
96172,6215.3321470075525
88933,14056.455519329385
107059,14386.766848849007
104280,19378.2842393403
94714,21354.056450489
88671,23056.1914421562
102414,14266.218540520387
78051,43478.73360523619
89512,10266.314042833099
98524,10483.462450803465
88047,10384.036853682359
84441,9902.922893316489
78156,25581.957901364272
78648,16842.268516357894
78364,15370.817051908163
86764,15425.3014839986
78495,29182.998996162198
94609,14994.636109862156
83449,12786.368046886719
102392,11600.525814143808
102455,14958.187353329376
83713,15750.82476034012
97475,13736.920967725748
93371,17597.915359582228
94199,33206.40706129554
85023,11140.831289934313
95338,13968.180567790048
90965,34277.85734235749
77195,77652.94732749899
81875,14613.39612737077
104416,16124.710684308458
87203,16483.101659336997
91239,25111.92700662194
78127,15908.8688876861
98386,19219.69075442537
96497,11173.600158008412
83232,15083.518999798045
107692,23732.46263459465
100734,8236.116298111501
78271,35494.64860885503
100136,11408.932251518545
86004,21480.13413067293
77776,30478.704569908838
84950,9329.399825712087
84323,11084.983294492735
87033,18718.834399751013
94088,20835.93306915958
100594,16017.230510575939
103071,8478.11973002391
89791,10023.462496902646
97852,12084.986580884994
105601,14036.038486170724
82003,17469.400035026025
84872,17073.72424626331
82701,19657.741713315634
92469,31140.897553152838
92873,19972.99301281817
82114,29843.054156620237
101316,9485.614883489641
85697,12968.11016329214
100885,9034.555950642867
95305,21466.926293601256
93741,10714.075000322662
76178,20072.184269678433
84999,20128.251934870703
104143,18902.24786253729
105483,13530.159619910411
86136,12427.284952132397
99292,18471.67015496245
95024,21609.330437108405
107831,9572.761505403863
95035,29006.14804022317
86842,19819.803870711377
79511,45838.42852291238
99852,9061.775928361843
92478,20235.553656740438
93704,17605.384993995034
101664,12914.131696557237
76931,44723.92051585932
81674,20137.03231903152
102597,9353.263291331028
100630,6330.308474373408
76978,33941.94644472247
102490,10472.86922505182
100842,7821.310417155826
102990,3466.5101419605285
105412,11217.690202502807
78744,27275.91921579355
76082,14705.833410447965
82773,13772.085840320042
107285,17208.763967777344
85211,14779.70111820267
101093,7512.816697477923
96626,21590.428448394123
103089,6140.413101435054
98149,2964.9850637121344
89290,9156.218269239273
104295,10464.435490983058
106958,31586.874357891516
102661,12248.967383095043
84082,11765.026780242284
88521,23820.03731919289
78312,37131.08375018926
85481,9078.902463181163
88961,12190.977261359141
96432,28078.56880595953
77539,11997.336253064359
88374,17814.50169047693
102919,6102.6508047645
94335,15224.594459591346
85305,9172.345534577913
96360,13646.821669055196
85471,10029.137458217774
104566,10111.806566098048
102100,10672.448549750105
80170,13971.154728126901
103347,16276.026608832188
87487,39570.79041292275
84090,16254.493099203177
100034,19054.67006330653
86825,18112.208098185514
80018,45044.96599754537
102611,16026.245535762468
102665,11477.487788479899
92920,23658.174590197414
89381,7567.910659542247
105151,19706.6439782911
84039,17126.684725425897
102217,8807.90203792042
102388,12012.27709524663
98820,17211.990210369877
100665,13268.79346458979
90384,29341.315186143387
92859,10779.701689067067
106356,8576.1498539236
104723,15248.18826528704
93244,41255.9542955946
77449,23816.99952845753
107911,14240.358600354932
81721,29171.917354810914
85237,9149.623894158081
87601,19509.348524101366
98578,16102.645381035876
80704,32380.84900256887
89078,8037.836606327629
92042,9973.931725381259
100450,14620.713128603535
95304,9471.461796879705
76023,19159.390639522902
90609,13782.623581607604
95170,20868.984636108216
96870,10709.29174228282
107247,24390.28008184709
100484,10883.729820015269
77659,38221.62278132802
79832,22865.34637964476
91419,3747.76974000626
80371,23894.285166068974
83386,17161.39727873879
103919,11641.725508464402
95201,12942.901198386126
84155,19304.625933760024
90743,11055.153394553314
104381,18036.281197315024
89097,7617.444308741972
102033,5091.599804245189
91725,23673.50849415612
92999,18611.28114248592
95835,19396.363804813787
102206,10439.455594503632
101763,7291.545054491152
81377,18305.358688246622
105683,13596.61053798871
91033,34149.08732965825
103314,11428.201338042873
105070,9267.19644809165
86950,9893.958763858227
79171,22025.888920652462
81227,20551.827613690482
80197,15295.02257591986
92037,28736.186957507452
84688,14052.223390287643
101952,8402.442553386625
88604,20665.459291474835
104058,20948.99675750079
106274,6433.730974925174
84985,12452.645140396933
99085,7149.965207942768
80801,16937.50541712393
80233,24927.48962009151
81000,38476.704686778045
89057,19222.73003257424
98382,10991.31894884605
106493,23359.110410037043
95057,22171.509692031483
84556,9695.334143307487
103037,17367.088780312806
92174,22831.84309299556
90920,13967.67425729097
93409,34328.231173206936
87113,21048.529602021754
104981,28434.718737834355
104556,10613.644825637528
92782,20612.875912131993
90546,8074.6394599084215
105506,13370.540649684572
84787,11052.797561357096
100399,10833.919519714746
105911,9755.79836153212
101920,11517.548356616551
89224,16053.90715270297
106787,28544.56641511308
83083,3658.970303376916
102399,7925.960239721563
77196,2828.5362920227944
104889,6830.159866985691
79598,10967.886212405247
100540,8543.88519148674
107792,24117.600695380544
85758,13200.459605901475
79333,19108.989273120307
99351,13339.451249009917
86706,9017.284540002629
89547,15811.728761845772
88092,19957.52963344652
90348,10149.166068258095
96125,20437.903492348712
86921,18175.03429859453
76903,42573.82892777882
95539,11438.805531980104
89841,15669.604984459595
102771,14596.095024344766
87174,13016.944056416718
81975,46232.33205085272
95289,16878.678731519205
77318,33742.663621202555
76955,13828.702965363542
80996,51676.685916619615
87707,5707.933283728354
84519,6249.77907770475
96833,21609.311133700954
97584,7195.688725970879
104697,11828.356620578093
85510,8397.492517284174
79758,27798.60692522401
99502,6041.204824276416
80725,20345.451532490955
104108,11281.041927787843
107802,20340.038619986677
84871,13083.628261107297
85817,9279.12196450377
95473,8826.176224849125
85629,16851.76311251747
99641,7103.219245432519
82356,14335.525504199348
96335,24935.038476466787
103623,13009.11300019246
84233,10155.089630219296
93708,14139.942224623304
97947,15566.038157396073
84368,18377.541712596638
92108,11200.426521894258
86099,17720.81490845067
95173,22311.327598117652
78389,27213.385173261362
106219,14137.279885307256
88823,18137.52286349721
95608,25636.757834931188
95876,32953.17540219207
86433,15019.679554796967
95515,23350.253176340073
97503,18359.603414386955
89163,16400.437434609747
106479,16774.233107517444
83722,19714.329298454402
80644,24877.704136925993
86002,20093.42331834403
86783,12307.013523988715
91928,31613.351128240436
102142,16742.0567701777
106024,25142.064598548564
76022,19069.584845254518
95221,14803.66254352442
105051,19703.90417620934
99939,11500.375994930813
103202,8086.235006008157
104770,26855.365677378395
88396,9025.735341246002
93666,29408.54437001304
100763,9173.243431556599
96842,14234.208432970212
78807,30028.368075545655
85559,11956.217618620267
84384,22147.794537373764
95619,28855.37396234153
104008,23392.902111684776
98379,6752.911166513418
90476,12781.770606332026
88845,11225.079513855188
80296,9914.390528387528
88294,14716.35577018276
86733,12418.750240966974
101515,9049.439173964505
107440,10820.470187217214
81834,30522.434635382448
94764,25585.897512067197
94968,22758.08282085888
88218,18286.682066355817
87863,11983.166513232605
104019,11543.229139735766
103369,9863.354084606748
106979,5540.883299171565
89717,7353.1452591708985
94504,4748.869791302475
85722,12186.476889828566
85311,13109.193255846378
103162,9534.971389734106
79834,30986.78313586599
102283,8976.647738790967
102686,11360.193849349782
85834,12434.955476666713
83633,12367.644763062783
101178,7541.809816694767
102859,21392.76158331936
97691,18601.889942880138
99575,11041.417147994258
81921,13733.336559423426
88114,13179.780848975015
100101,9052.07046810843
101736,13759.661010075923
92763,17940.38270895702
93514,25885.51426093445
86322,16999.81292065881
84924,15784.425977278663
85898,9127.018841588726
93419,32015.12214150627
88784,12166.388321393028
95012,36577.22318299392
81858,21338.240768466523
101610,13536.830395624329
99190,10995.646015617709
87530,10305.223714642221
86979,16356.017380297997
77670,2920.532047381756
81123,15397.82505876269
81724,12096.853495642532
77870,11901.879481298505
84193,15442.743223785516
105928,17845.939082564088
97607,20296.620210709854
96063,29181.43147524007
77962,15854.979514471137
81560,32096.819580724674
100204,10541.07361746035
89185,19457.254499623858
91744,15092.908962619722
91470,30349.29741495262
78412,10874.076889784626
96222,18499.59235397409
95148,25896.450597024344
106039,13736.1559528669
79352,10708.96449717391
96602,6891.465165059346
102798,10455.588215427917
107301,24260.94879513069
96147,17833.358033332122
87382,17423.46411579971
79907,24225.61267695268
102924,9663.554117542173
78012,30481.81043424741
78333,20155.541887021573
105989,24236.156121938067
90607,15485.830788012465
86110,14115.162035066482
81540,23533.73025326256
77937,23085.356718231145
84630,18556.448682885173
80988,62321.091086140135
92519,23538.10033013175
95795,11815.781727563834
86837,5991.433950066276
82642,17018.891616090146
86017,11622.699453094667
84772,18443.063650378965
103962,11747.641788231442
106264,10373.406958965134
84934,24946.111088260204
91598,32426.18945477156
104102,10233.991620553865
81261,5109.9004952863825
78425,26690.97269601805
96508,11579.943165741994
98668,15079.558018065496
93948,28152.54010603181
82909,16663.81369373225
91514,21360.299338652047
100969,6354.619908466663
102102,5892.5599089427415
103465,11148.38732353324
95072,20165.235847061867
87535,26351.720036774328
107564,6852.993425270858
103297,6476.897301424494
106528,9887.704290627835
83748,11785.56381091788
98195,7110.288526879081
102113,15315.01401151727
94277,14767.798842268914
93160,19799.5568707879
92063,25513.968020292326
81037,12819.536392267597
92602,38528.82072274236
93096,18508.357323839347
97243,11380.939470682364
78019,18023.456704871736
107604,10329.914341923111
101438,17115.21273920416
86439,9513.226197185255
82300,21009.487176757102
105142,14842.389140737
84429,6560.1595004504325
98958,8276.88669030638
92197,23462.46085668584
82096,25959.371280850366
81536,31537.897994795712
101623,15176.96095583909
85596,13345.185743281805
90600,12029.23709420376
80089,45164.602450631035
87224,11867.137403968667
87685,22519.26081187467
90958,30421.70081592165
81004,21543.006744185794
91667,21071.141481771177
77877,22771.694049257283
90956,17664.02322060085
87744,15220.980723224196
96817,13069.130343607418
97163,15040.983434853297
102517,12634.277098940483
83356,6463.4667187102
89415,10423.789577042397
100153,8986.276087518612
96024,24074.955030476012
92043,23258.153940924996
100495,8192.240540005969
79653,21452.85323586462
88149,17420.40217401293
98022,22565.61950963387
84983,23717.4910285065
98394,20556.588970649875
78062,16188.318535786502
83656,18257.8140867782
93963,41385.516539308475
81988,32118.108944203268
95992,28593.783467503137
82620,12161.669580376623
82149,20289.002871473665
106199,10820.470187217214
107884,26744.74990333987
106607,20668.747068335968
84212,3069.640023435661
88234,17636.6821787898
96712,17131.34632883869
101058,16976.626319968185
81149,28194.663050982777
92670,21794.6347901528
101383,11445.528863069616
82563,14274.367748314911
100600,15315.01401151727
90826,11166.537518310282
102364,9343.509395116575
80759,33427.05224633097
79628,18098.70165465177
86113,20161.326819300248
96607,10103.660092571792
96462,18538.495923947583
88668,20877.640430071744
85575,19089.444977271487
97718,10126.297679081656
107322,25659.031222077057
79948,51848.904754786585
84361,22892.926385819508
77092,26764.127366004694
82359,21699.69035044125
87495,17124.830366590264
102966,16048.78002421858
104309,17545.31161973995
106312,24206.61752744295
85152,13101.314454914003
80835,11241.691867784639
99488,8633.578872975213
101023,11474.582873024576
82295,22606.86641719721
94330,26615.462833683083
96446,25213.657064705832
99608,16674.15117819488
108305,15731.549643464852
106512,15321.440985520814
104003,9806.913039584942
103550,12749.453770814096
86253,6404.140936990609
88355,9911.347030726103
101629,11600.953463506154
101460,6091.0218711475645
87820,12009.110331333864
83140,13294.3317510774
89804,12626.877261348925
101738,13280.305845957324
101121,16525.54638781007
81810,40777.475823567795
102106,7394.6074795916065
80437,10045.872768811825
101463,12819.749009193325
97919,7607.342551340786
107407,24278.92359975322
76258,27116.19983478895
100626,19377.96384698222
92755,22155.148372760385
102655,8170.745674170993
89223,17455.355466574143
95180,42443.8084383585
96372,7679.446158421353
84089,12258.336419537394
82203,30692.913521179245
98785,7211.552528017562
95930,19908.848190417026
92151,18499.59659529736
105149,16289.37156306714
104517,7880.0114826610325
85727,11558.18639754372
104769,12403.834174419075
106796,18451.60122744033
79021,17733.793210187392
86121,11117.221060217053
103139,8332.601691212392
87918,9763.264272020002
80634,44685.111615857226
103033,8012.796447256891
80019,17182.17972664123
108035,17789.952399709655
77891,8618.19776778376
95749,26652.463403122285
86617,8726.568120393757
77709,10626.917434152041
77952,15493.33919511463
97083,12732.135082530946
78040,18070.081001381273
96041,22974.459134148732
101843,8871.757676102501
103016,10282.166350795043
86049,12776.575824252288
98228,9290.63376669846
90554,7919.692138178248
103311,5493.781125857073
80418,19910.59492155949
81866,53975.67650516999
101259,10783.811214795047
92909,27642.57002616785
79034,35861.438531350905
77129,13542.392551914121
99018,12497.036959806881
107391,14206.216205833749
108170,16625.739400523373
80664,29091.133006342225
94438,29157.144791920284
100436,10498.175760779473
107031,11962.351629353221
103954,10792.319601329982
78892,14378.400548480433
88505,18448.133575698826
103329,12925.280271238864
88345,13959.606916242494
105950,11578.009110696015
98331,7891.325892171444
77666,22468.69570595456
95383,18272.995974206955
108535,17329.848144260122
78705,15419.225017314102
79597,14161.19552923121
97585,25537.974645782982
93832,18362.133933389145
97348,11137.163507403497
87291,17866.831827194135
96291,16187.024972380857
84851,13566.12552784119
105338,21541.75859640927
84514,9799.167986877708
105830,23720.731430041786
78819,11998.66752783535
79728,47955.79368918311
105993,22312.413959388403
104822,25209.609803406798
101141,12250.418475750466
82728,7628.958791651308
83273,5088.441597074621
107233,14369.539109815063
81943,39566.18179298508
105637,26850.84969992214
81203,12893.55464608816
95127,33168.484932290754
79994,35138.51088221584
96025,18745.70301841563
97390,27365.33789959963
107522,19243.85664872069
99674,3546.3111122362784
83001,24354.460612449508
94573,20751.946168634175
91983,31281.301713829962
89935,18392.26634880458
83115,9538.052741465774
108439,20345.210404038062
82297,16345.009353777401
96542,15459.102108917225
78269,52419.62229109282
104124,11344.598641033857
90435,14571.132785793785
97520,25313.54585335372
85468,6314.291430552268
83566,11844.791606623756
106890,21830.20360504723
98124,6968.088406977805
85866,14535.010800101947
104379,26760.180023592744
99616,9138.686914497875
77346,31298.480298873113
83668,8726.568120393757
94488,26289.36811913914
87494,9407.513771693926
84099,12361.95974822894
78345,13861.984092327517
95626,17842.175161682888
91044,24237.055111990798
91343,20558.446327157046
99823,8801.970980244423
97197,17250.843988650344
76399,24999.30705644637
95484,38886.49332484379
89728,22401.174464677566
93866,12880.88207187078
94053,27137.46674300374
103190,12270.736534726328
76312,22093.897774921803
79453,25107.650837462545
99956,14052.971870814481
96811,31421.23930356087
100537,13644.1664998146
98142,1863.9318672491731
106900,19364.47130057406
89474,7606.186831034095
76696,13692.945713951156
87479,14860.577856864747
84806,10848.300781387874
85385,28671.937366629325
93372,41191.89950787305
92860,26316.64633595908
105267,25572.396707174274
86951,10121.270007404477
79622,8842.316701261689
95103,20044.963446276288
87138,11957.86772674927
91912,17916.464354765176
78932,19053.55589936298
106494,13413.804845372497
91645,25514.98401356678
76102,21236.488274572097
79636,26850.505171499644
99416,16525.509238264513
95715,30538.457288189376
81323,23869.096849713093
96273,10347.86262370424
95585,23984.91246150584
91885,24231.359638958296
80762,27456.504975242795
79167,9633.568165029927
87173,12303.320334602953
92719,20882.312350893288
87482,8242.96924848655
95215,22816.328835094646
104054,24424.947160916596
103066,9981.67199650663
102449,11502.11985131138
93985,25623.214537654727
99869,17987.157015682125
88347,15830.399263121435
77208,12336.162700470799
79376,15500.715395448833
98451,9533.837927448007
88983,18127.703567585097
106464,11960.883568201582
89146,17820.079129734066
105833,10859.33720922093
79242,26634.597950560303
107738,11296.204085940366
77626,15286.295486828196
77415,17198.151653708006
82458,11311.047390725134
80995,26301.15061544223
98434,12160.311034860046
106938,22953.688197552936
102349,12421.40467066675
85791,17652.13166385531
103622,13077.081650841166
108149,9857.450654274124
86450,21028.020815883803
107252,15283.664260334172
76034,9639.765313219288
82259,34246.618400966734
76581,33478.79635245543
95499,21322.789076761168
76648,42380.48785891689
75992,27013.531941283276
81407,16243.375195251963
105954,18767.85273194008
97001,10605.633236537338
96179,10954.939084929443
77616,19545.43154425037
108142,20869.013343310216
89107,9054.624205192651
108236,27711.91178802307
92520,19252.456914586743
93186,15303.496429214048
96171,15818.835219695231
78460,12552.388442698304
85417,14769.331293599409
100064,12308.972599101622
92393,17339.189449435355
83360,18261.303793101033
103935,11416.291555370059
106977,13558.489462337335
107965,17492.5251998639
91921,22250.56270508514
105002,10644.270080453478
93968,23597.636951195305
83088,6420.913391513878
92707,24570.717437962037
89001,19029.935283075163
95856,20604.085820087177
88962,20531.624579060863
99828,12882.627057182008
87980,11953.86304444967
103861,17161.586621125105
90588,13359.596822518766
91508,30226.830418184265
86131,8454.37287457178
97249,8418.365489153592
88232,16700.72477873554
78451,34003.97492935373
79773,16323.145503058171
82873,7596.978843388096
104116,20948.99675750079
83673,24213.459089508477
77622,43740.324753139954
94936,18624.19985357402
93795,18252.77367041395
96084,7818.742769466041
105406,14292.735513723883
102280,13186.47002004954
83867,18009.76554322508
83621,19277.342161181245
98536,7567.043144527763
101889,8141.448881639999
84479,14401.389006166697
77956,19255.201303465834
99484,4968.410298952481
82140,10537.161562546542
79005,41323.661380668214
77513,24895.32729951656
92211,25034.442308454883
85245,12179.596927879385
92239,20759.381768485688
97205,5476.211117630904
84822,9803.24388610219
104413,11898.21089008738
98704,26050.112522897674
76724,20837.77623976829
101457,11754.692904966922
85487,19513.36093719277
107392,8687.898883762577
90712,14573.076271293485
105823,7703.058966717444
100345,14564.186378601145
104219,13818.349411624857
90297,7920.038331703096
77122,39232.998471628576
104805,22756.22141840153
94490,33927.84586707848
99948,8363.41255176986
103562,19754.15524769223
93378,15450.30156829286
92288,14848.228943071457
78059,9331.119399986372
96096,14536.979764092695
95732,12369.699568269521
87817,6833.34771948386
101084,11650.865891823214
90506,8201.067729588316
95676,17682.924278331393
90249,16474.048794869228
95932,36317.84807486388
103254,12586.37290237567
99286,7779.026847472326
84918,15513.395105751677
97397,10198.822454288305
88837,13757.410991827153
99212,27604.92935583505
86421,14766.462351320084
78337,35557.26368482028
76020,27375.543145704625
88038,11114.952963816542
91409,15381.679254308076
95205,9372.493200221023
108031,4234.892109256223
105386,10224.433724890077
100613,17226.707974925863
95685,24707.18277270221
78731,12593.581685256606
87310,17439.769059067472
101113,13115.794518496163
89077,11805.802810596184
96672,23222.5616712968
86775,4379.365892155291
79262,31717.799203658236
104469,13012.30118674911
98351,10828.217167223236
80728,21000.688303736017
97386,20345.56602242148
97417,22406.119850136496
93911,21967.343776633712
99842,6726.3574164373995
97191,16944.939741039314
103152,7313.142147101759
100093,8280.28214900907
104319,15049.40846924619
78419,26920.298592659237
106929,10133.736405089863
107427,11796.237516938581
93578,18680.678852683544
103404,8676.78694801176
77844,25586.234989532353
98068,11170.884154105304
95709,43419.686029847806
87946,17135.546719788046
76391,46462.46182812401
87096,13873.767028735541
77186,27636.48730270921
90698,11680.922293308353
93367,19777.975419691156
83133,12678.764963382706
97840,12699.791304063037
87605,15515.832778386928
78472,24979.793324240414
100925,5513.19876969134
99596,21237.287237467594
86081,8921.429993878177
105725,11595.696649712676
94362,18510.49277058606
88579,11880.849727045113
86705,13592.741278222018
80813,18899.858491114846
78885,10173.661237282216
95548,9634.11697992765
82342,21454.09261261424
77011,19510.343186739618
83904,12000.093633560327
105485,12017.678378166525
107922,15281.244876750392
90200,7813.447588282626
104534,11939.078104245058
88664,12493.52080859299
100499,7616.719294495596
101035,19235.88262286982
90482,14720.886574877057
108068,9113.589981559515
81709,34631.193372587724
97618,9684.175814401824
101931,11793.500792873489
100284,8188.368771336939
101027,15725.632620648457
96674,12836.155277700766
84856,16836.129962790117
105326,21836.141529997923
102491,11911.426284645708
97616,15899.866412672949
100667,17606.64673217244
108197,11272.74760777928
94844,31060.060596440926
104934,16840.341615043966
94116,33803.58782149898
76214,27058.784142693523
90916,22307.720953859658
106013,12630.241546593414
103429,19474.58451574436
93335,16582.379921799453
99260,17975.53666137351
97043,15328.998863145727
77925,68798.7146314235
86716,17300.777434244443
82230,12594.461415717156
77567,34859.1509419399
108496,25079.502705587092
104871,26815.346434833886
77957,12096.445310799769
96401,16103.190722156
88284,12266.257527136997
86845,7523.907112675096
101349,5185.419206727858
77015,15976.504472727158
94471,20671.981783771815
108380,21905.038440258064
92533,32426.18945477156
77756,15626.802819826122
76035,22817.557809771002
75973,11008.69233132647
94675,10376.771126877635
79435,20691.08509854885
106542,25232.448478667953
96546,14149.46933057036
95946,17952.88127752396
93188,24721.957629186163
78117,19856.79709102503
102180,7851.450209549765
81825,19174.473118963448
90050,8817.71389239965
79638,22466.724177902797
87579,15393.591085649006
108103,17746.10276299408
76578,21016.89987842961
79112,19800.737205995163
95959,23049.11120770614
78244,22439.21441109042
77851,41500.02322135936
87052,17477.972618286152
88538,21489.80515269179
79011,26607.612897007155
96381,22133.80634913682
105358,14255.733207742562
92876,20616.838041460673
87699,6244.3027237859
90203,17073.978063309285
77001,22663.071032004893
97974,8318.795968544187
89985,8852.069873353485
97810,12553.663341762505
107459,9877.126064898977
104861,17714.714588738072
82516,10900.62651903144
83497,11956.217618620267
80194,42246.30985365394
85730,10542.967761306578
77914,29609.257972194442
88779,18686.54448243638
88366,9433.503846843989
104300,13432.094923236753
84300,12918.923899616097
79422,9712.262785955749
94910,28589.682505492692
108386,24794.931922822238
92708,2515.464180606927
90802,21301.62046485454
104397,26815.346434833886
98039,17850.781250041204
107887,22184.268563605805
105290,10726.326654318205
102575,20515.182159644057
105040,8957.792279928193
98430,9242.985346274838
80499,27318.166653953765
101694,12356.142607367532
76386,34804.804669281286
98181,13801.114392569663
85340,17897.374438057966
90766,16376.480863949435
93472,19731.266742075866
79927,29677.781206608877
80854,21356.414981095215
100180,11401.783485326516
84437,4996.692439530552
83358,6877.146753412446
93108,22965.466997054693
104330,10240.55148810799
103518,8864.922745141814
89006,17135.546719788046
101611,5942.508982237632
92226,24080.72254408121
84798,10518.976520308706
92840,11160.823554615401
106054,15592.06195744552
78261,35180.03166060609
76071,16994.520250524478
92246,21141.63392714592
92296,16528.98777484114
89469,13187.889034417121
98079,14883.53512535284
81294,11217.345499912513
96301,5073.216013393065
83888,12724.796763036786
87403,8894.057641577714
92192,27871.093151693804
107592,17418.87675454682
77496,16463.710858086008
97447,29775.709295860197
103131,9978.545920679386
104590,26090.80436208253
97597,10528.578227235228
82167,23262.24256984909
91027,32757.92819604851
78607,41699.17067460701
99587,11166.739581346164
93937,16924.559113708514
100307,11208.353810237331
107613,15948.501672197126
99773,15595.660530991194
90044,11578.626639716584
85578,18868.566538816856
77103,14913.6912740047
91386,27964.038718078238
98955,13284.034457259711
95927,21034.993359877397
103188,7252.990966759577
77389,83874.79646712297
81822,12205.411779209187
90768,26960.592592829784
77594,13696.75716965513
107085,16623.28601335249
87692,10988.689529067311
77813,9559.726059249058
81414,16096.814085230408
102900,9639.757836118786
83150,18448.047663911548
92414,30648.29374626063
105321,10933.1796767966
92658,26715.264266864106
87160,10217.500273080208
107827,14735.389145996955
105790,20077.7143375384
87463,19889.154584824
91532,40768.34524143583
77459,22143.76049800787
81593,11231.811547355985
103719,11814.205492266316
102291,9293.219728323189
77211,21980.205496500268
92956,19406.700873497455
86578,18105.598473663853
85882,15011.337316464633
82082,20403.749301145683
91811,31017.43946761903
82036,34241.18244027651
76773,19158.112324092566
99406,11842.150621249239
102289,10877.856128698453
94402,21634.56869999175
98621,9160.965006190427
96476,14430.708245534808
93410,14899.765634375497
84989,17977.856005234597
85123,18238.210683660454
88492,19474.223155595464
95128,27399.874357639736
93047,13182.390706196205
84587,15086.466904858486
94856,27817.81673632672
92247,23162.50057681612
101052,13727.437467290149
82940,5445.592791913442
97756,13413.507859829806
98444,20556.54877416665
77869,11233.96510584168
96694,15160.441192065946
107101,12904.935663781951
88276,11956.217618620267
84648,14730.28625991696
88011,12777.258695159091
97951,17638.929947722325
77288,25483.354010410872
104937,8358.671884130596
81621,9557.05035461287
82049,38266.83014124167
98553,12316.904880456173
105056,21646.917626939507
80914,39315.63098595226
82440,17768.379463230314
94927,27117.171858362428
84303,13132.987269814052
85533,12015.85195449747
97576,11597.52363762605
82216,21639.49548295563
84279,19724.051849532083
80976,14936.789722673173
106097,23221.43515092441
83074,15225.13766475458
87581,13728.190868325843
97210,16285.223324215349
90785,12615.286736720516
99434,16522.622668923952
89600,20017.760447630193
103809,13420.208129208655
92260,6152.965577598064
89667,10197.206342256155
99310,6356.452652304724
90375,22709.204183011796
89468,16143.759559108461
94940,21609.330437108405
97747,6390.817096390242
97570,8602.941881648392
105994,24522.519505074677
93145,15792.70980446445
94100,16450.45852350918
103226,12585.242315575662
100167,15835.582283902588
98138,10745.002297711664
101043,9819.597026252974
82078,16873.086753511536
104748,11600.921660380021
103881,16815.116007577253
86774,22268.69757106197
89857,9496.745868868902
97150,14107.326557841014
107683,23585.10007425901
83708,21511.9897775197
78775,12265.51761000715
104200,22135.157045395754
107581,15144.193140529278
99756,6926.312172579738
90210,15432.787953541538
78027,32273.282011094103
97012,14776.369522516188
104010,10334.221949814268
100639,12021.748740963909
93792,13866.605033598855
85574,20248.155233012178
105066,9123.754891062228
97307,13593.197381701659
77243,43686.63968996837
100661,10509.941259560877
80825,19678.421165924123
85856,14826.920062722676
85793,9937.076456564691
107091,19051.09690594281
85836,22614.15687508411
83887,12028.837154395815
84721,20276.959726433903
77636,6414.083281251293
76905,35922.86557722003
104895,15435.146441046356
86377,15486.590217854138
83076,19464.307797723814
90124,4333.799658913054
105661,13233.223325681833
91631,7482.955832414519
79760,51676.685916619615
100714,8687.618039346
99231,15361.875934692802
82805,17364.404025270356
80714,30996.53756915051
93820,24152.585622550043
85373,10577.114986963796
95562,33926.000806010314
91723,28470.275912445053
91501,23453.514394228838
91222,14848.228943071457
97984,31839.870025819615
95047,59020.54451973451
101181,6451.101808709251
88389,10482.407756071692
86999,28509.113924403086
85255,22892.926385819508
79093,17196.22417505058
82409,18023.24556818086
103128,14132.87042512499
107027,17132.755424240753
108081,14096.32123033062
85698,23886.477579561662
84249,23936.229237315703
101719,7705.64362010309
88643,7501.141834191259
80972,18481.37666304712
106047,19115.316343070645
86779,2308.663161290929
78587,34151.74573875179
90179,14731.405918640135
90972,10104.024855828513
78609,22501.705669289713
98324,7197.289093553067
76446,50074.32557421288
86829,16423.923400122174
87796,12290.414419684801
83650,17343.42801604613
81411,16053.730008313336
81963,33547.67140368679
96782,21960.53581474817
89718,10510.87077799936
95518,21111.360761897176
107293,9143.595419808204
99739,10425.139105305954
103956,12735.221859152023
85946,18112.71538368668
88532,18670.163218817514
85713,9464.179039522272
78184,23281.43826932956
100234,7430.414233117221
107715,10905.571171895725
106150,18081.50063433609
77266,13588.008910460216
91067,19992.766414340174
80869,26495.692225814244
81462,12719.823383068768
83382,8392.391648258188
92915,19939.365949109677
81139,16453.496291046875
96523,14053.328630336271
107090,23265.401174022263
108117,19890.704016668617
91742,3626.023194938479
98340,15800.495400864429
88371,16570.883815370522
101031,5319.844283680289
108430,27679.30654457629
77740,30314.05698072884
87861,9691.312729883708
84746,10905.70838948269
81252,29612.87798347031
81933,18424.587230791276
92153,23266.43198178689
95485,17014.43519665878
97686,14936.161826054855
107452,14482.878087807587
95477,26928.527618915934
95752,33766.387787465435
99499,6596.135478480323
81223,16496.4928524493
83589,27245.779276498477
81497,30152.133515439655
95884,21047.14115380491
87806,12349.143056584386
92330,22392.459509445413
84558,13859.366165186764
82990,10678.53939226605
90851,6501.4961405129825
96997,25243.668350352327
90278,15284.740332524609
82417,12186.476889828566
100247,8300.763820121021
82239,31687.699020746062
76975,25033.065809219876
102948,11071.662163162488
96929,14859.807463368217
107088,14797.615345004493
94670,13290.837221504271
89862,4766.365755845805
94506,14171.452279432762
97696,9934.323671584554
82696,25411.086817295796
103767,13312.684002504086
105307,10911.749605457813
106510,27419.273493383975
88316,16911.151273627147
94321,19868.21785168496
96595,19625.311366159163
83223,8992.301139682582
85551,12856.771535526945
96007,12094.097526625901
90296,7872.695894614929
97407,13073.756145509455
93071,15040.898870811785
97275,7971.390325608795
86827,5530.6815209418555
99759,6954.956472081103
106689,21647.041807679918
103062,8078.799768609703
99657,16230.76682363001
93428,22835.11445091237
88504,19811.894431644872
87359,12217.057564572784
81906,18673.25011731861
107446,10309.031258677798
78926,49157.177800046964
97871,7363.16428888805
94202,16482.588891836498
101216,13449.110551067057
89614,16123.314760998528
82929,3497.4009860063297
78710,16848.339079412748
104966,20069.949669173493
88410,14130.069986960745
94382,21912.969925949692
106319,33967.31457336553
91212,19754.56817259096
103584,11575.83391161346
107593,9820.567023597741
100069,16748.67769796537
97293,13552.20778052187
97085,4787.287982866081
78830,16877.338159995026
80409,15093.258849854994
81079,42559.82051830867
90437,7575.825706030209
104169,24808.17136724183
83432,15356.158028479884
86630,16659.09136284012
100678,6342.900681447147
92564,23888.3716728463
86007,11615.983233376619
84102,9215.444436476944
85324,21431.30347407876
92796,12860.893741754411
78277,32183.124305940437
91813,14592.19466906775
107896,24567.099494931674
80598,24204.829549498747
93630,23639.71827015999
98016,14982.825596196311
79518,46052.527959068124
104016,10048.237027002438
90069,23275.65787777208
108485,8019.829566412538
105556,21071.053661791062
107276,17750.221518214443
86409,18601.86818010459
98131,13007.114148279554
95165,16857.23974670872
92954,19555.658456452966
108363,8192.004791298648
107775,16994.027244442816
98806,7071.375957394552
82105,17718.255184542846
95777,15265.074516778608
78794,25135.148943638414
77994,42655.25056592302
90061,10442.170735942267
98353,16591.12738392299
86777,14322.603351408803
107107,9761.413798821744
99207,11169.138541893324
92441,20857.022897763258
81253,21917.742329393626
82071,24280.56003294981
86304,9958.165922587208
78529,7365.061938325376
100606,10084.57659497284
108524,21289.525884883795
87772,20256.48202393287
83062,17830.15564428161
106197,20442.309991122715
105773,27291.31179868711
79317,21660.254064894347
103930,7226.848189976673
77486,43409.72065434768
76154,37572.51361507457
89324,5654.950590917402
98354,16097.496236872143
108349,6965.3989901073965
108146,10101.740095839352
77826,23639.763889396192
91078,21241.290830700695
78136,28993.922074889524
107463,23574.13702426118
100749,17606.64673217244
77223,51637.82548955609
92513,22167.019341178227
99409,9018.29630341668
94380,25672.433492947323
84791,11116.359992593138
86042,19823.707885242697
79939,27313.91985488921
83953,21255.744671418917
103754,13115.794518496163
86091,13083.628261107297
83114,10844.392268832953
80956,15088.049132869093
96276,9057.74252436663
89799,18590.843812202125
87919,9168.059181074477
84054,21978.887267879436
102856,8745.998277050128
105645,10052.17193296667
81207,23487.167058311104
79629,24059.60390532362
97211,18519.46779963739
86631,5991.433950066276
93438,33018.17960973204
96983,19280.82160168929
93914,26494.74525124526
98470,12460.621385282693
76650,12119.861185632482
96428,27498.034193390904
84958,21243.325316398976
81064,13447.267332569178
82469,14965.074299810669
102139,11695.336130301901
97800,11600.707456936896
98474,6922.544028567053
107944,13307.81831299344
97401,7785.771841118818
108476,9088.481089332014
103189,9130.107445759566
82987,12090.337523438628
80903,28304.458624702573
90854,11270.008977552518
95644,31846.068730694195
98728,9772.600328721024
94370,17781.55626984968
84537,13005.547547064436
89358,13115.868922795964
76221,13688.476994703704
84935,18326.014534630067
107676,13464.527091179367
103154,10915.489896761372
82600,17917.715230322396
104290,21918.713436404953
79972,21415.87483810894
89202,25753.976352773185
97253,10411.935188490303
97358,8871.531111996614
106932,11527.148676698502
101140,7064.84916738745
100650,8708.746257035613
99817,20341.70443744564
80953,19991.484367649184
93851,17580.316041064365
89574,4618.035842887809
91092,14848.228943071457
78214,27844.781919751615
80283,17585.656198111206
93158,16788.255277206787
78562,53512.68419503001
108498,13792.989331406543
100223,5565.286964461451
76976,10718.353042553374
81119,25199.7202726131
97369,25339.013591129566
95721,21262.735400139474
82271,18490.617823609093
102837,12493.630331402637
94761,20833.027087092185
89200,13030.265582764961
102690,9543.697230524407
101274,11872.107113870812
107682,26978.385262663414
108276,14210.550613718555
99011,16160.4035909636
94484,12956.856628629997
106033,21244.830778397907
89123,15553.358270472228
88740,10251.741013890374
90951,27950.274144290288
103812,6588.43832670552
100056,12553.434294199233
100691,15314.618787428646
88394,17763.897631580152
97620,7806.852184474029
107955,8393.377611899316
98144,18674.225583766747
106325,24007.586498562916
92867,45072.848999184775
85204,8892.600256089641
87062,21202.933688258283
81539,20688.223152433377
92009,29722.154071707606
108224,13818.349411624857
101686,13897.80851079742
98557,11166.25625527881
101594,14124.077413409455
100647,2194.401995831875
102401,10690.72389411643
86093,11902.207056318764
85837,16047.07443868251
86260,16345.178599697425
79830,34544.22691475419
100041,12274.001446937968
92230,21004.792805090114
94661,20930.93094968324
79450,21440.0225061937
101374,7661.84310291445
76983,41085.7354415139
99673,20688.61492449024
81336,17772.762886236666
100376,11159.88671150409
92756,25522.316906470922
87725,14371.374607865933
84541,19881.4671273565
82284,56416.08135168609
89479,7386.233136260985
93259,80262.6450024266
105648,7623.8272906222355
99099,10197.902771709205
104543,26238.44750624652
108474,26285.05921809396
76907,22368.477548774597
93652,23922.889858005703
100967,5222.793704635506
94331,15069.638503969076
106381,9092.710969875181
83170,11949.350937644938
102953,10551.416827063022
103590,12775.563392187747
77316,18244.479553990644
84682,20020.69757830025
84524,14730.28625991696
76747,22869.211500048696
99049,11261.299435423207
105881,17552.9974298733
90833,6744.49065291492
108079,13918.229781348311
107295,15927.98878628937
77121,17886.013985671932
78927,35686.916567774366
103048,10752.16503812327
86216,15924.5055537235
88448,17267.723468887605
86219,16305.656536411328
87181,9959.779307839448
98755,10558.817629721636
76443,14124.042630160511
101149,8669.812137018635
104315,26345.42831002052
108345,11068.476872599254
100156,8737.513194763818
107263,16154.977768979086
83935,4651.284502962917
90584,8405.176828034817
105733,15036.444568379828
88332,13269.61079336621
81979,28328.667588557528
91864,34000.39018397146
106847,10319.023887484438
95136,15563.218059267927
96991,9591.306850374815
105905,10977.92730567761
102080,8103.903044172487
98072,9044.085144264704
103711,9767.233959067687
92213,17031.94613970539
106898,10036.723683714037
85333,17426.13783428955
84559,11695.47339716393
95428,30581.926134616737
101003,14301.964929589332
87773,5160.214517457115
100739,9841.383327032716
99885,13746.880748611908
106647,11253.78098105409
98019,12010.477444380875
92212,21378.059694105967
100786,14690.683921506634
85518,17816.945858592906
89849,10740.52909105983
76149,17072.941774147628
97490,7682.8980386041785
87476,10210.650911744347
83248,20837.012927859607
99352,10096.718022738409
90736,9602.268320983505
77596,23300.348664866582
77209,3812.9522590074066
82308,13991.026583746598
78207,21085.24896252346
104041,12350.201187064364
81125,17434.659959639812
81691,34122.93524947316
94459,11068.29770041894
79977,11730.163502046436
96530,17887.81737682348
78367,25136.54771500661
108100,31711.242545638834
104510,10500.850942271676
81891,11980.327513404898
97087,14399.198733496416
88161,10025.276698520946
101097,11689.948100010795
81742,22833.516980476776
78409,8280.900838489652
107496,18473.039415709343
99326,7820.858186819345
78535,9787.663037940505
106164,20076.898556687516
79719,26838.417906104187
90418,9873.06060383226
85844,12139.999162817692
86639,11762.312384067358
83745,6653.153591244259
77300,50873.85525770384
87702,12139.312459637518
82586,12772.56791414396
83769,10482.947217812638
81708,35518.59717688002
90224,13216.834581560965
100063,8536.879040162949
79249,14720.205363266128
78719,25911.417017157044
97287,10281.880393301917
84267,22332.41736407286
84056,9449.017060647113
101164,12832.147540270193
85826,20195.12258882445
93793,31581.41173435507
90945,25663.74703911835
98991,10604.858711301718
79647,15480.158631168148
96794,12995.730600771532
83984,17923.818269511146
96688,9498.016086911906
79838,19793.704732554612
105671,10723.058110052745
87438,16133.275495731517
85859,17898.089734009816
91639,17527.63343456921
81134,37001.41096385967
99992,17050.668781147415
91262,27837.867231955286
81417,32900.22889726726
90783,22855.352909650435
88898,18366.702086031564
76241,12553.65337964181
76491,20189.88153891759
83132,17960.684667827867
97757,17018.295024278435
91753,33190.75593394498
82333,23688.15625633742
88295,10479.81911298122
98314,12214.650296016567
86172,9907.940316860877
78331,27467.97559797642
81996,29363.50640177539
83315,2859.8964401912303
92376,16152.75819011149
103058,12985.49272881839
102215,15036.12304194545
104225,23851.47465997622
76910,17034.19256199323
88657,13248.823660322092
104943,20192.894049494036
86434,16195.378716473875
79432,15207.305948235651
103103,13727.437467290149
91456,33258.41639677959
89465,16413.17096434558
107774,10979.761093505873
80938,28754.659429017793
94883,19749.108687024152
94135,28135.86405462323
78747,20806.309285586296
76240,22395.892248088167
95820,37094.01231770564
79092,27459.245601834024
84393,11109.766026220645
94391,30929.497492856288
77183,20591.082656372295
105612,8244.453609191534
89046,12476.348132572763
90878,24031.82527815637
77058,16318.941544100215
84468,9926.460239998496
76713,25814.293719731453
85568,12733.898262355335
82191,20196.372181830964
84825,20676.54577353528
79009,48880.45352969893
93908,20407.66182677373
91135,26441.45205330375
94603,22687.163084813805
105887,25144.523629808584
103196,11281.397989449184
87544,14199.357083237133
99605,13474.304999362632
101660,12819.749009193325
100671,9671.022791796317
97839,28087.983699399443
77742,34120.75314464971
106144,8613.384705934022
79681,34149.99455018007
98764,9802.090233870054
98200,11353.948055735338
82652,9630.001476743715
83599,9804.638705818745
97776,15966.979364729737
83403,15498.719424793464
77472,38931.899089528466
79535,29244.117659293257
82632,15426.45462357597
98612,14274.753510682282
76103,27446.047861327846
94824,26928.527618915934
87424,22893.060939147625
79193,19207.30192269554
80853,17233.157849530144
87885,11421.508726204047
80891,27519.653528309405
77149,24601.421229332216
91012,16322.642992748039
99259,7660.78294985767
81555,26971.988191610824
93917,30930.834190000187
88089,18261.890542916026
100704,12567.164559632352
77798,32654.017565822163
87342,14800.677703299092
96013,11562.829652477127
93380,21414.158992229044
84040,14627.351577647252
88600,19630.145222018695
76133,17081.215380377536
94842,22371.78497788381
98184,6356.452652304724
88767,18151.377054559543
98741,26227.372552032648
81739,12619.435043003527
91321,32765.037451387507
108030,23467.579767885964
77680,22406.410557470062
78189,32736.347663682274
82302,29538.2138516442
78968,21102.548325723055
101390,5718.964464895463
95491,17585.34125014767
101687,6064.096728654512
76371,19303.847334860922
100151,12633.858708438143
92147,22257.60388466037
103385,18079.085995128517
86960,18946.104629545567
89563,22301.55959423677
98013,6571.253916522692
103747,5322.631527346109
107681,14743.337343105197
82686,8406.802543709244
79913,11878.105109405165
96545,16588.16691240038
98278,12663.752444467926
88916,14035.460384357742
104733,11806.476614592182
103529,11716.107287173085
100642,17606.64673217244
97860,11380.110364570824
88870,18005.285329772763
97563,23366.493092426274
97081,14345.684628140061
89544,8471.197451789689
96332,13447.49403571491
97064,5346.751920460956
81916,39617.38850066166
82148,56270.78817188731
102447,4619.66648728369
103111,9989.20281322339
85058,13040.61801508331
76422,24525.900308540902
94546,17622.929614731253
96769,11800.237901394712
95364,14023.654669467283
101118,14152.283776933153
107644,16607.6758357291
104650,9303.73390461527
97300,10232.049022720634
104069,11900.109038574694
84700,15988.554303745706
97122,13080.047592171084
89878,23437.3888382163
82579,20984.693191085527
107967,8714.956944956784
82494,5610.4222732787575
104872,15055.36797275697
76339,26928.05392773733
90676,7964.535871113376
83780,17444.123027258418
94444,25106.866773181235
83532,3569.3804559434902
103380,7689.001604286083
90941,40303.748698808515
99845,16732.677329029153
98053,13821.262188352626
77863,49953.67983030557
81107,23942.091712557452
81176,32227.75960029987
93196,57336.75452334018
102895,5778.618115328931
107093,21508.187364111753
106566,30159.268204410775
88893,10744.4375774861
81939,44592.02029015929
98833,8668.948806403594
102812,7347.377068914253
95766,23644.035798692716
83556,19968.97899705733
96725,10369.054410411967
104649,6323.165167722703
98466,17574.326015181956
77661,29945.15263206944
99882,20830.875355044016
82646,13065.561439407156
94874,20558.446327157046
92800,15166.915832742028
80265,28717.43695747827
80587,35529.20901985933
92298,25258.353388502834
99023,27944.34428808604
88098,11943.03844532528
100928,13854.178312390113
106437,14020.876447831344
83122,12072.03282067562
86614,11843.40337137636
105454,18616.23421050363
89282,23619.604693845897
103136,10041.813646918083
104899,26244.36252299717
92041,30886.987878132382
80795,15212.776984671124
103043,11716.107287173085
90842,24922.529181462007
103070,11599.236554427007
91523,28247.017827031734
76427,28793.101385252518
86188,19375.1505755685
105618,31765.449739137854
82931,9096.553767423664
76137,11287.136746778286
88017,17512.267772774132
82713,12209.408134533138
76155,14307.362310324637
101057,9543.697230524407
94699,30929.75520027664
106794,20496.09840106495
97000,25775.3291877686
90986,24499.68945775575
92785,7052.012930417291
79156,17739.50712813262
107616,24029.201022635214
84264,9698.052291137436
93932,18898.969577971082
102956,10831.789773954762
79715,22837.721132261275
82329,21809.498820190645
86636,14044.173277502687
94479,27291.7409018242
84998,10532.763070363915
83835,9858.59372393108
106823,10042.536091847533
80760,21477.721250421044
83060,20407.815519197135
85872,10096.714432870793
76227,21385.46289842703
103460,8349.412818567345
96989,15544.285536446523
107858,13796.53569767297
80447,12568.110718148218
108267,8275.193060032521
86584,16711.2119173311
96426,17059.83633023868
86696,21135.714607814865
88252,11956.217618620267
91515,42074.37852547291
98357,10773.956004072177
92439,25684.970009014072
92341,30550.023548815854
84739,12440.82463903683
76906,28482.41816517393
100027,10052.511355251041
102225,13727.437467290149
88476,14851.62627816023
81778,28055.109847759108
103266,17298.955863871786
87660,16476.99586590205
89634,7016.521904257006
93577,25185.384965191133
92450,21102.09158957235
99404,14360.326742522342
107936,12723.375484239436
86174,3534.328602592387
98273,10063.663137754498
99007,27540.808226740646
81615,19686.152693895157
91236,18083.442903179235
96984,17041.91669816974
92538,33812.52617169866
87039,4031.1219235530393
84235,15525.352940752116
77010,18356.76293871149
106727,4245.374744623473
102933,8578.36547152164
80821,8015.186658476615
81969,17292.410040239207
93088,28038.272448227694
107004,13532.460041243121
79330,34109.373375041
80388,24809.196520469202
97494,18178.076752206714
107144,21230.72850070761
93860,20522.82614023172
94845,15810.551869554542
79152,24319.27640323314
95032,22368.507788331935
108333,11537.292514038105
76925,29471.048802209578
93278,44973.42787245986
98608,7787.485469780879
87236,10042.737724774093
79320,25438.8270923579
83893,13108.356735397208
80973,14627.68816456404
97659,7510.744806178145
102063,10474.51933552346
96324,10437.359822178321
101184,9118.414595283666
97392,25666.51722115237
94094,16327.846488021223
95219,16845.847611123078
85048,19627.522719760665
94887,22385.33925777349
88002,18877.583029539517
99157,12288.481036647376
102746,11248.435653739032
89164,14586.417039644055
101079,17189.35074141651
94124,12793.047267407139
100161,13011.246458159336
84658,16130.441719777353
105603,18203.518308005154
90963,19465.424956011713
85012,17111.693661633726
108298,15238.187099094606
104080,4599.743423827642
91850,30129.65561446091
102713,4263.1314590679
83295,12331.401306489486
107847,13605.202591763607
105847,14086.829335826591
87143,16960.421928290278
106090,19759.052945066254
88925,8828.972626851022
106297,20552.44936291227
96596,15373.322717107396
99233,7959.04997771256
103321,16707.5407143
82479,14696.28199943097
102734,17969.855215390005
107461,24563.852894372434
103237,13800.392869618698
85581,21091.33926071668
99196,7764.160094595217
79178,16133.0345544337
84339,18304.57961178302
92764,18764.209516824532
85498,19285.75003144641
100622,9046.991409260789
106518,32362.5448241137
82821,11673.205661287582
97628,19766.087978349376
90763,8532.321298191971
91567,28789.12915397378
107462,8610.270668440993
95833,21609.330437108405
102479,17606.64673217244
97555,14939.09824146745
80881,9796.231132408544
84016,18794.93137989402
94051,13515.155313668438
76277,23623.360886450817
88676,6715.991203792942
102566,10241.92343003978
88564,17343.52671995656
95048,28288.251125404553
82166,13715.077270522817
86227,27278.755774997135
83738,10774.618843468772
103684,11954.425861075586
79893,20163.93808182587
100634,10004.298291776384
96392,20057.770644808712
96311,17977.75752754304
85015,17796.083508943626
83050,20005.652500945358
81925,35296.712593593526
106187,10755.494285241442
83863,13455.481979815026
82048,29665.251937953966
100962,13364.812365302541
91587,15361.270385726353
104915,16354.685786852577
98779,15869.592425931753
96698,8127.266139983996
84701,10852.952457916854
92986,26470.84188162717
77112,27907.076352191925
90774,10149.554423989222
88520,10649.958891488426
88281,20024.296963464556
91388,29491.86996996357
76441,35085.36655700137
98643,18979.73282782217
97850,15231.058637496357
98344,3599.981036989382
99441,17594.824703538812
80230,30689.69568988231
106370,10989.607142838526
88901,12151.712415394242
76590,16334.189769416507
94998,16620.70768994456
77283,42122.942736913625
104065,25419.244339766166
107919,13938.080261867748
103743,6141.486817982827
100503,7177.012276833612
81273,13332.71235033464
81878,9475.469437876092
79224,29375.692077606564
90254,3770.3080430191285
82712,9173.827530184246
98113,8803.04881637321
104562,14369.539109815063
103014,11148.084695927386
107299,23667.197237745702
99799,5340.270435619371
87952,5984.967226836421
101836,9863.768564202033
104896,22077.46409033735
107665,15760.06403420355
96182,25448.4924146113
84731,23489.823293899954
85565,13841.942759449603
83237,12200.681999672777
80785,28169.27114785921
81935,35487.0345539498
90932,36613.2480865697
99204,15982.019405722862
78802,30394.153570423256
105421,18393.278281113016
81831,12915.318791358062
100016,9408.264830011283
76262,37584.455633245896
85286,13650.282118167523
78629,15585.366245005594
79451,16639.529893483632
91132,64332.598152333725
88726,13312.42829251874
89928,12940.375950864798
84672,16408.26460303999
102127,11327.556067133875
78630,20637.148565773383
105874,11700.879374474647
81491,15699.082867481346
108085,17490.604716741153
99711,8745.7256073399
95713,27499.910642910258
79499,12442.763851179314
88373,7771.784637555331
106412,14561.083439497677
86000,9793.06241520736
77849,19727.07720719839
102224,15124.534923586321
90591,8894.947586959795
78511,17708.71228440992
83611,18501.229502664486
95316,11312.68256267058
85207,7537.963977643182
86755,14813.894751803531
91361,22417.7991941398
88107,7046.242516166184
99468,5132.071251759325
101776,13951.140955272072
97132,5616.507395549062
106405,13490.596422433253
83804,13972.01669194197
104093,19480.365737892374
81897,29096.350673401532
97522,13986.003853526734
78569,35967.52005582877
96486,27023.911597752773
99636,8083.5248856423705
80770,32793.36688757108
91534,25987.086224661136
80461,31519.248267256295
102345,6797.643027928638
95431,31809.907025270753
76350,7616.939506817469
76330,16431.188369976484
101604,12309.959871360546
99303,14261.986903778195
106266,15955.00206268547
84697,20348.31248919368
86296,9563.960792969467
90658,17894.904983942088
102954,9528.311800461492
106174,21164.971884955212
81510,23742.714837575997
89222,15254.579795191352
104391,15550.041146417485
76573,15171.257412152201
78060,14801.796874510339
85030,20440.81795649733
105478,20993.155949612043
83477,13999.170850482156
101134,10249.016686438534
103096,8715.748491182394
99391,12299.78977064713
94614,17036.443993213245
100110,7633.108081405307
81782,28492.461700538963
90292,9225.583099811836
86357,8766.831621312647
76157,10539.970722741227
80325,25678.33194054438
88991,17794.453751964837
83117,23779.888855176025
90513,19922.02865716534
82037,14849.868731424438
90066,10582.840107437736
92814,28250.02486737294
93991,30516.077474259266
100121,14077.000751747491
104495,11363.624937502136
105953,13784.729782434946
108089,10559.024637850249
84778,22144.657866487338
100753,13827.146573524531
107832,28991.725404905916
92190,13252.028800376076
82029,19378.803501279748
97914,10712.77611416913
105776,20451.855354211515
95402,17637.553345818495
99097,13801.572995736693
105043,9900.20108409461
106998,11211.195376102212
99567,14849.175300668168
85421,7155.667944120076
99161,15156.193009712875
89951,6616.7631323446885
81358,30778.57152430349
100373,11872.68543883102
80291,38975.56949083724
88545,10938.75062827449
92994,20550.82430435491
90248,25472.330772949834
78625,18820.677468335096
81990,34201.0611443288
103075,8070.226284221221
98639,7880.249090111824
103368,15075.773505777179
95427,13482.349495419063
84503,5061.452454669803
82446,8446.507524016173
97175,14497.340322215183
101777,8461.729943741577
76086,13505.46291080205
106347,14364.08408470784
76445,45127.81254765078
97649,13007.129359353114
99273,23936.90562894232
98864,12907.275431572773
98037,21665.381137770273
107264,21215.9853810611
100104,11395.341377707638
81842,17905.19734904363
81839,12742.29166670016
100608,13227.119382017741
106588,9447.906362170104
107466,29708.60740975526
86092,15479.634069577349
92204,21586.488522599924
107905,32324.63462954026
76821,20614.923956865994
81022,12796.968659910935
105727,25494.321931463128
80544,45875.077259002144
93388,16186.222740706267
93775,19219.56771241935
93733,21380.518772730367
108177,22255.017955831365
79746,26990.68577567605
89285,16483.101659336997
100243,8817.360608216057
107171,20005.73318675997
93444,14037.794141813036
107421,15828.265979020533
94071,26404.546972642256
92195,40202.37181489209
76108,16492.295637994226
100603,9650.751117605512
95800,14248.926978799997
90708,14188.380218552027
102701,12211.984993770327
97732,12234.182478235829
102574,9755.00971676064
92237,32725.249806874876
94192,36575.28286577527
88219,8387.015847462815
88910,14757.49098896862
100811,13551.500079214009
103288,8726.441338244253
100370,11463.180730703085
102544,15110.403760657642
107473,9031.169866372904
106926,13130.814821143822
92514,21275.197738826897
78557,14802.76812413659
99091,19061.234200516043
96487,12215.688670220437
86252,13474.071833951362
84763,7376.984738947678
82531,18228.233216577646
79012,17457.5693788692
97078,20206.32631030233
96824,6507.1474598708155
79970,21395.405565925652
98057,18563.607799855192
105947,22317.064448172827
82539,17076.82288411619
105816,20193.24435151067
93800,21525.458581431496
87079,8426.14213473959
87453,12777.467312120345
92855,15804.626363801603
95805,20438.038187194357
76398,26854.96984673595
90724,15534.589795529435
102196,8952.488169943661
97661,12382.19918944846
105475,13366.159850376995
81241,11945.505652525615
91106,22056.81517332207
89543,24908.82394308076
94403,20103.198865342874
80666,21128.168262717605
99769,14922.492255116931
102351,9615.41517332183
102941,12866.551094177337
82783,20287.392714419933
78504,29435.723493207213
94715,19847.280871760508
92180,25842.309737519852
103904,11568.41989728834
102921,8924.351801618075
99685,14982.825596196311
93048,20742.633966959587
82988,21594.8586001192
93279,26646.918329551812
80084,32719.14689608254
101966,12819.749009193325
94667,30556.774128356963
76298,14734.101162262046
87379,16324.69846187935
94212,15090.509591751032
81333,18461.489111206763
85998,15680.952272134604
90198,10916.44762165065
87823,13781.735739930822
103530,14014.338406388268
106243,10640.959889695125
81208,17654.96538752924
105153,9147.090967907767
104103,21784.50179482082
89555,25043.39788728313
106042,18381.304029298048
78170,42678.476420934705
107675,18249.201059640018
106705,13935.606619657778
89953,8321.455339263684
101934,11848.866600503718
104727,23048.780583546708
87327,16502.028216360137
103247,14872.291531302768
84673,13555.096973050477
107520,28157.24205279223
76626,24504.06819952354
98638,10033.132618621075
102060,8745.027920534567
83635,20318.618835400703
94566,38024.1286671415
79207,41576.74947764656
98700,16279.683372389723
86563,18176.32236692787
86891,17189.747946908625
85278,7617.66664274765
91817,32108.61805360933
99473,13550.163964223031
102489,5662.271979001981
89191,15448.467447338217
101746,13907.852401457812
84538,13114.985571363159
78072,29337.475883553503
99832,13751.323153985328
103475,15344.841933705586
101016,17606.64673217244
100280,8974.720583443599
96067,9544.936179371585
104086,19737.40711806236
77248,19891.95131910176
104269,20047.033890720402
89495,8033.786137244231
81340,33117.74393944782
80277,20477.44797055161
76683,37037.65451345276
94847,13560.50436233237
99029,19003.529467935085
85874,15318.75074111107
78105,22041.43455600874
94978,20708.888484128987
101666,9264.377584978529
100757,9010.675071687589
86704,9195.566192880555
91205,24209.45108236304
95762,12661.501707850362
93641,21620.240754776816
87073,23275.106533681454
102433,13893.196818504288
104382,19655.804240904847
108060,9039.87704014859
107387,22940.720583302347
85027,13056.691338399389
86014,18509.191703315162
102602,13043.750293254136
107255,19212.85540462879
84269,13135.29978154597
85885,7023.220918541183
92843,15527.876265749519
107862,15123.15024987667
98781,28362.120802591424
106119,18332.59371759157
101872,11600.525814143808
87865,20331.79948596698
84803,10479.158021497698
88438,12227.404110533465
80105,23820.85997276137
80595,27620.587053435644
76539,11037.750277267616
107236,10465.76947419187
84946,12737.078925851172
93772,25619.845953189903
87793,17271.860821293227
104843,10101.973547899293
92234,18830.7523778957
89467,15570.178024669405
100145,17708.62383946206
93382,40163.33406771352
101891,16174.534167764394
81354,22340.0493687285
99309,15577.768226112987
81431,17213.13838520847
102073,11877.730434895995
88468,19413.42744757765
101873,13727.437467290149
88120,14667.780289543787
105714,5253.76917673487
106015,10269.562206400831
86707,17324.759680838924
93107,21550.156741231935
89230,16157.843499241972
100875,9400.107618053244
82920,9073.915032506653
98114,13038.094205978701
87262,11278.212009734776
104436,10788.602963312325
85404,7617.66664274765
96189,16506.08826478978
93408,48025.2075545304
92789,43982.00989745326
77768,31838.088355759806
99414,20250.430542836057
82807,17831.765758551857
88996,13387.288121469324
90305,7144.282258706941
77030,17653.896983770446
86129,8603.809798527282
83660,14338.23330049947
78602,24691.101621335154
83672,9436.102113927873
105105,30029.8256041463
78704,43218.21224859564
80789,45056.22470982552
96633,16707.099737844645
86132,13586.78906159268
81619,45022.533922120056
104645,25397.63872821434
103853,6203.791259927461
96259,13072.125345572142
104677,19484.41177784218
76418,27634.010666025028
103593,11966.844382602283
84886,11939.389523863185
80773,10550.799257225979
94688,20551.279587155714
103823,7887.144942396322
98757,21169.203273760737
78516,10606.673196392101
80596,10979.541274771182
102855,14166.499116923522
95957,19260.286445217364
86440,12145.3035223616
95030,20901.39075474037
101874,15471.249460883786
84585,11358.47108550144
76257,13494.852317854144
76971,22658.41722215638
94070,28940.06545509788
106041,25334.448427577743
87346,18162.5391496979
80993,29282.31133057809
105309,18228.822060090595
92622,22562.719608439565
94582,35641.08879923688
83334,13519.965435161444
98922,7611.853932000889
77691,20396.530599943377
95469,16660.335592905467
90587,7847.207828209039
107411,14012.063266704561
97489,11881.382666334535
105719,19722.41010692093
89534,13886.829292226164
80741,18671.517568614592
105737,14567.709499377575
99043,18173.961145331545
80254,14941.360876386863
83172,16123.540704371982
101830,9848.757762486175
80506,7586.180895727367
105763,14156.048907872206
92507,22491.403683005447
101742,9690.210604767612
106547,24000.227167047087
98619,18244.365982706655
83503,12739.393898061657
80565,11693.98499226605
83013,16313.751726254719
85721,12647.682147834666
87556,11554.333944119137
84442,7999.665860466291
79634,7424.360808130439
97497,6403.422793243783
84325,12672.07587415128
81399,9713.960290420022
96361,11547.094311238154
101973,2814.593309406176
78352,13977.51169410357
96564,13338.556078075193
94669,30821.568379075863
76655,51916.73950411916
76084,18227.067287544036
93215,18780.1292157341
105802,12750.441446347968
89981,6302.073076476764
84315,18310.915102123574
83297,16904.218494774275
93291,29678.477792825146
92128,29019.165489552794
101550,9700.515100412216
79384,14306.237125468404
103643,10722.212219530757
88482,8901.088715041291
79950,28043.573884973128
79519,30581.56482575032
80376,19793.704732554612
83366,12897.639213209346
92250,21749.175661224042
87368,15836.239918887964
77347,20337.157581562748
107935,7907.0444176061665
95765,28578.33860355682
91877,32816.07525569993
97574,8978.36101890875
95192,13893.204443488241
80288,25064.625362330684
96795,12975.051819884295
80851,29665.251937953966
93753,28911.708605237298
99782,5085.536816046417
83153,23963.797375947808
78634,10956.391929336685
99463,16292.028190350007
81675,22063.98553542559
83093,12480.26614018779
82993,11375.540113136702
86972,16911.151273627147
100455,12436.389799980621
92692,27218.293406908237
79761,34848.53991077301
90624,12476.429371731792
93517,24306.217165325896
99893,9224.177290986278
85441,11762.312384067358
91552,21760.37601166721
81031,17601.36425065237
82232,3598.2527418557274
80062,29491.83709389562
104764,18654.91350667179
83572,8721.30514124617
100100,20398.00810208587
96649,15604.736514997625
99860,1941.967601213062
81915,25909.989847687528
96284,9836.345953275666
89243,8990.599399272776
95051,17057.83357068987
101507,11902.281929803492
108257,25109.16673344512
90558,22842.4475950546
96913,18551.160400401495
76621,20118.165518766637
99801,13967.807356123363
95155,15307.027147839794
96739,15210.932338633967
90592,14153.615903870384
83307,12858.292456638266
101154,9087.058071205292
88229,10860.93756478202
106301,14172.035901931082
82193,20158.771458318133
101153,11392.649325868466
107721,15458.937989175804
104792,10622.994298765998
92322,23276.43008747933
99316,14362.85137267872
86404,12489.544015713685
79624,29353.35649878911
87122,17066.09926184081
96046,18709.42649839266
83384,11225.68484280425
79657,16548.213919528418
86605,11818.824063316928
91883,16182.941916874093
100473,12975.003448507374
96611,15814.788957523137
89102,4123.589345077192
103838,10470.111562919912
78454,22066.659295398655
89761,12663.079432183322
106275,11575.957315340516
77831,44874.08797719479
82876,15254.619927215159
96899,10462.489639436399
99945,12331.58242914647
83505,18396.658052295934
96841,7307.276457031367
94189,24985.629540767757
85020,13310.883877641107
101456,13932.600576187557
94155,31295.101567263282
77575,20902.590378907986
97904,23278.121977572282
102523,6103.426867213842
107541,22511.808933469198
87223,9517.619916744456
94975,11660.673196426858
104630,12643.774773042544
102538,7032.10405448026
90345,7802.8139521724515
90170,7644.026394533128
79448,22915.734134446175
100139,12674.794106872412
97457,22867.21347246792
76291,44579.21781378036
83987,15508.133209227492
106283,34169.29698173066
101864,7951.014426621768
95757,20441.34154992116
107668,19051.166320334847
96696,13046.445589583023
83094,17325.8869606867
89521,10530.042165641862
98998,7840.090028583913
97028,9765.343250972628
95291,24772.054673184128
94443,22331.131467240666
102182,12285.266742353908
81794,19459.43430009845
105003,24613.785575931397
83041,13320.672530258818
107213,9338.105078753515
104467,11613.338923544481
93950,26312.792707911005
103790,8516.758317472671
89125,11566.35978612209
80748,28939.95846265141
84795,21253.926554013742
91105,25003.80358779589
86086,15318.996693996933
88522,13982.621633729126
84472,12678.137188503793
99289,19283.21628230474
88050,17057.84187186674
98087,8585.328215034195
95839,26984.829155998566
76057,28902.274291936155
89619,8904.15231441174
86471,13575.971408440224
97685,8108.416702321842
79824,35465.62151356064
91710,29248.79389385576
104474,26877.187278890146
104157,32882.71008120621
95117,23274.734244423384
96337,8722.92197425469
107562,13720.883480183122
107286,19318.02475723077
101251,8453.583196497486
97688,6653.252170189238
86405,7475.212372360313
97631,15984.329133535593
92981,34785.7333193561
79580,29506.242192659643
91562,12654.048638159538
87048,17649.879237647823
96103,26418.85364439405
101854,10767.53986219666
82126,19296.62862109707
105443,20531.55371259532
77293,44200.49792873656
108262,14110.108810888814
107157,11621.136716174888
99717,16316.904269359155
93208,26157.70744848123
81353,18506.61155321266
81790,15454.92228311758
82153,13599.588901841207
97223,14241.06082399499
82088,38538.44428970595
102996,10473.032237156147
100023,8924.956887308317
84333,18524.428613113436
102506,7572.35546187147
95753,22719.42190826491
77116,8943.67851433703
84459,8902.676710562866
91453,12633.827653500663
76524,46669.652268294216
83249,14931.674179977615
102313,6642.2536001669305
90456,10070.621787628377
94635,21342.57663635857
101187,7384.392753221076
100776,15089.988917623807
84563,9326.142682794829
107706,17660.103363230475
78776,42535.658797146076
77019,33524.97856999172
76122,30563.45116086321
79042,20714.698658565067
101851,10247.141770167247
84657,12137.488660876326
76067,23201.489158051518
83598,5800.289287591218
96003,10998.164098904304
77817,24317.49830846255
76887,42106.96472836232
85766,8924.180899506826
105836,22411.52318371554
92443,32198.569248499094
98875,31187.380927509694
94808,21884.50437756515
99490,8267.462354475987
77469,12900.957636489473
105148,5275.143560376185
91649,19269.212572939137
107040,24959.962241675017
96074,26042.313279279057
100656,8373.509077046801
90366,15523.537988694476
93981,15469.963214405905
80858,9846.799810521316
90070,12102.441222957497
86606,11970.9997602387
104521,10208.968021275756
83071,15646.009524845755
101956,9342.881290471581
83846,8052.515622520791
100982,14258.34441303425
102610,8697.037298120369
97828,17059.67298585964
99450,6791.761756046237
87521,7542.347647815148
96065,26582.637450927356
88306,12607.12203166496
96325,12699.791304063037
95801,28274.951441431265
104248,20447.321170834613
98652,13915.13515972712
103877,14386.107873736992
107470,23731.53524220005
96801,15484.907289565597
99595,29376.85201793247
86094,19507.64512957774
80874,27266.66325211408
94606,19744.581716180543
96127,16686.88017831884
100687,9210.595092966842
81118,26250.98930691315
84405,12627.406012835434
83257,17821.64911494011
81541,18565.25551895491
77940,12355.974018901568
101270,11550.060155015646
85349,14589.151294920244
92315,14513.081380103842
108360,10974.91996225371
77607,33903.36732928564
95640,16315.864614696222
98143,11848.918054407255
102200,10257.843589241344
83375,13278.299523691134
102178,7442.101422826333
97500,24740.024942362325
85782,8616.1898091028
96049,6738.892464077204
102744,13881.532022789079
102560,17820.219099145925
79010,20357.657582432457
85644,9670.5817120722
76595,15863.340961833308
82219,22076.410221918253
76899,24834.378498219965
85663,24909.67367066406
92737,18949.63889786863
106758,2804.2147991105894
94625,23494.680563183254
96472,25997.573806307384
104250,15005.954544281532
86303,20541.158019547292
107881,37746.811042542606
101517,10788.383314545845
89988,15938.556825169408
92689,30226.28574652988
99002,12329.373101420824
90734,12474.964134978838
91013,42999.25766271114
102056,14047.534065289272
106641,17753.012815678227
100391,7884.373173185542
77305,12349.017282504337
85197,24894.689576679502
81122,19500.816463096493
91088,27711.871422273853
107377,19288.714220952053
86495,11346.43849198736
78661,12549.843003663977
77687,14190.843366600784
98480,8855.70798976809
101537,9102.065696019903
78032,15265.989539802107
92374,17172.79786726554
82010,18686.194052313742
84496,13379.150284079275
98337,9806.736208812925
99520,8667.263723980092
98452,22755.198154218473
79828,25165.90969109999
77151,23983.624288759678
84095,17806.213726496233
83491,13096.847441830683
102170,9505.77779442907
88063,14429.41584539934
90214,18562.39103592049
91980,25842.309737519852
96573,22774.398178981755
105573,23278.756082893018
86880,15204.90389056003
100420,9519.590897708636
86053,10525.87625533403
84481,22159.434846769866
86088,7706.618845038808
83553,15128.394304102478
101328,13747.699920791489
105352,11158.038503652995
100532,16005.612370352042
98052,6818.065963140108
83818,9806.85147177043
99576,6758.502927447039
91026,15207.564818974182
92445,29962.71984970784
106934,7996.811458790446
78791,23515.806218374346
93664,25734.259362628476
76923,28700.822930934097
81335,18449.800349995294
105969,22122.047507559873
92701,25830.985415775554
98070,9316.124651138736
100423,12435.948495209785
92335,29305.117330647092
92370,33766.387787465435
100177,8744.368806181312
100125,6834.229800330987
82358,23724.031371298726
85557,4981.893073597988
102609,8089.008686611438
77612,11970.225164783604
81173,50159.76457689632
93689,13240.765976148132
89219,6535.7897973489535
94659,12410.882718979696
82424,10103.414505226036
92367,24987.150248284746
95828,12158.909705235097
87894,7892.022179891173
88621,10657.854569122035
104992,22274.55158084309
98567,9089.080793619221
106250,9391.050229422774
102235,7364.640498971534
94841,27573.807646598736
105496,13103.005471199629
90019,9336.73689740157
95575,30495.23299660925
98437,9243.873669004435
90907,15021.93993251754
83289,10494.006968530142
77938,19260.891261605742
98791,13811.54813997369
104254,21562.314217999905
104311,23550.774387392088
96753,15353.302539362367
77998,27611.108985223353
101102,9992.403640661196
102836,6550.279902389123
85330,17847.87775857117
108511,15292.47755354361
89527,16810.37816892081
87734,20045.634520584994
87110,4996.692439530552
80936,16388.660394645514
80100,16917.40597033987
86546,10888.698148140336
104949,21427.465064599346
83654,20473.094270246183
96736,8793.142221144613
91898,25106.866773181235
90221,18218.820512788745
96356,14939.2246592155
78901,22800.01810944925
91469,18632.371471436152
106591,23392.545057616087
77763,31178.725826978087
89604,8019.187951477408
90001,9702.0294393812
89947,12815.55575560486
108218,14281.461699626807
82927,12137.488660876326
107140,14696.587846921246
95013,28281.177607041383
104979,10038.69315572229
90521,17069.093434322156
108465,20467.899379694656
106606,9761.05609391208
82999,13491.54496167359
93784,18270.929588245337
82680,13446.873541538676
100796,15051.911988144107
96230,19563.91501483727
89110,7724.223907437801
88152,12273.781124839188
101403,9294.973575445534
77566,22025.888920652462
86366,18492.008280899045
80356,30682.533473492946
83500,21317.304366473723
76673,19884.791896852854
100256,17197.545516358707
101335,15315.01401151727
83416,9849.219808169066
104983,13840.243490572595
107300,23034.393792459712
87350,5648.251667592159
107106,17508.824993986917
90550,11386.165590947328
80002,27796.220759563403
90827,14694.192673090518
97480,27158.047114484798
88160,11463.317815181004
88467,5903.350247906807
98500,8890.305378174438
86587,19304.025710325022
76737,17478.86409120031
79089,17602.045583173716
93153,21277.69114010865
80315,19783.633956919235
76731,31095.09745612117
94243,23865.376664349325
82571,14703.840891843736
86896,1657.336351398242
88404,10188.30768664412
108530,26982.000474074466
100573,9409.421693232083
102888,12457.948982708
76011,26343.251711549914
79586,54463.39615250654
85620,3681.795870544153
93470,21296.866285942346
98335,9093.148469964191
87826,13573.292343350464
94743,21906.28249948213
81247,16792.701555458294
91376,30020.72155913554
83451,21692.447358035402
83176,12333.82784546969
78867,31697.64156050445
96786,9539.83589542833
81019,30180.133443647937
97316,7953.4663562561855
80560,20595.038308347124
88535,10680.591982897637
94281,27965.57397885395
94309,18878.45778101358
93404,33927.84586707848
85218,17631.296051519497
82697,16206.357905029463
94919,30542.058021195688
80829,17346.717613086257
84671,18722.542634504585
108043,16399.204595447984
105111,20807.291338625088
76997,13406.853056853357
83545,15397.008624775672
82274,23628.876326550377
100513,10131.422470835732
93471,29361.980639672463
91627,66060.13696782988
78780,53474.04648833946
90005,20504.769606912105
104234,8689.517958376397
100798,9203.217083062968
101322,10898.004174639667
81807,22878.155204566352
84469,12084.823675003314
94701,22929.215017630955
96119,11769.121338334382
104478,8180.166479899359
100116,8882.612434708051
85151,17001.29142901177
106970,10388.954972569962
106570,34586.751456454214
101472,6019.144547342654
98101,19922.9119657757
76225,14478.32473625438
82833,8400.770287269645
81055,8212.16814672168
100048,14989.929584064743
90519,29198.300951584777
76484,18354.478783724393
101898,13320.785751391822
81741,32943.31540089748
90441,8667.87156186157
108314,15739.505228726084
97881,4018.5977717565543
79306,28234.087900441536
107116,16739.00994842747
98899,17537.044490392746
99975,7689.001604286083
84378,10876.044167090953
101661,11625.148669421507
100239,11160.801935895073
80035,26094.9450308579
85033,10792.931077977006
76723,10752.371723832344
107773,9755.79836153212
105937,12880.417590579329
78321,19738.09531738043
82047,39699.227290808354
95113,17603.125840120818
84907,11550.786640085478
107479,18102.740789888754
99770,17648.66470043518
86815,18795.942953084374
101558,12872.162873982907
102258,14922.795182272204
95963,18594.688836814923
91995,10850.261578490861
82913,27154.646514034648
101968,10721.89967692644
105332,18321.19786432815
108213,16458.126757694434
83825,12063.370136070906
77438,20200.61253546051
95768,44656.240400506154
83195,22229.082877257642
104287,12230.285415788212
103213,13812.55150427843
92744,16166.147804232724
81351,29970.264408079598
91555,16292.917789442326
84546,13016.649576426293
81270,14961.130861704325
98294,10112.756268903542
94278,18480.801550515538
103537,15187.527744887793
104284,21656.735551673333
76635,19812.451852171704
76676,33308.23173462925
98118,9117.968131848073
79440,39938.997348711164
78969,33509.175904731776
76500,12893.04136293087
106027,13693.386144641416
84604,10676.443610311377
97498,10070.324988849263
92641,37833.58330784243
98216,10676.019299253767
102453,7818.990757619378
96270,12670.44453336249
78777,24880.20036904595
93169,10853.786634127637
87621,19630.95174717965
76876,27923.58603373456
83561,19507.64512957774
84296,16463.772589650936
92355,32426.18945477156
90302,24438.72662004347
91387,14500.62869338434
89854,14907.58959140317
106305,15993.654640306295
98703,9497.654058885002
97929,20906.25204061617
105575,15146.572849858392
79052,22738.741708808742
82362,26609.438891413723
85625,20447.410910601433
90792,15728.00904383396
98488,11386.964125567774
106795,13528.509970089572
91666,25418.68175764975
101528,7153.43340161427
94739,12871.709751630324
80961,11023.928856356395
91988,9952.175245354536
80335,33668.182411782924
77505,20326.71795085362
93280,15439.802572368355
91630,14775.449764967809
85422,11433.271170066468
104986,14482.9999912806
92176,73056.96365398483
89861,8193.717464747058
84435,16552.265961282832
100381,17940.67470303587
85651,12161.669580376623
96525,15688.982653963505
91383,20951.712635044492
99177,8157.311663227267
85842,29156.657693939553
79658,26725.701854215193
84332,23146.8412691849
101621,7803.983605554558
94509,20428.72588879466
87175,17917.387878408994
89394,13526.525969621864
91163,29407.3370131345
107771,18991.68734711949
99551,5717.228117364762
87537,18195.049831470064
76726,18685.479643101236
106637,31446.030387546398
85583,13146.573622835824
84617,10256.46683747152
86419,8514.012412226684
80036,36191.11214632058
83956,20700.435848972535
106663,11053.089029430703
98368,6697.600416847296
80217,11633.544419630056
98528,9013.594684081972
92746,37098.262820631346
78042,19073.776209755495
87314,19007.68144419664
78148,20536.07912978614
101574,12544.74716921141
84789,14586.255578333365
81056,8929.366080338312
91483,14240.936710452841
97869,15118.290665494666
89084,17917.715230322396
90398,18196.15686969706
91038,25368.228248500927
80326,43970.340586209015
88665,8615.676845442318
99793,12224.502330043522
107218,13307.81831299344
97438,11448.812566472416
82375,6526.193396487426
103211,5490.738839738368
83430,18112.208098185514
83717,8440.256846315626
95607,20553.06450486284
99653,8852.626615498735
77072,19302.99609124077
95300,15522.357289270945
86090,20611.63940817384
90553,25562.411331696232
90690,12884.575302019215
93608,16276.013040506527
96059,10039.039060453979
105488,14160.6989515069
102403,11593.806488381122
105357,13107.7240360609
81201,20635.827588973232
100092,15824.256794228375
105800,10959.15251944368
103658,6821.57164664975
82416,7893.912704153578
93007,21121.981332838066
103850,15445.713600429679
97328,13657.560619729253
99167,7919.105068194151
92788,34016.02282345308
90228,14358.875667724482
105015,22348.02044643384
77838,12842.708509734408
88672,4206.223524179338
86881,10729.38349191696
90515,9557.653835331685
92777,34903.121927998276
103455,10097.021636738473
97286,31763.65261824773
104633,23631.9100002816
83548,12997.668040674149
80980,23480.789152407495
87954,18899.71876381672
89975,7372.051204825366
83762,17650.733681879654
90615,9315.666601558958
76755,10394.98255616602
103371,12098.032908434763
102703,10607.4657100286
83856,2596.4811087231387
105099,8946.87418273136
79080,22222.27426914796
83898,7962.769245668088
88241,11110.699083449186
89549,17044.407678080235
79740,9230.79619671432
81937,26888.73067874948
99084,13032.186567433231
106967,20330.163220003345
80358,45551.24300443777
97694,15411.155317973407
87454,11471.424605339695
101943,15315.01401151727
105586,8242.55667572693
105651,18716.4397350986
84667,7743.156477887787
99050,12114.518896402235
81245,26192.5769345377
78547,26928.05392773733
82473,23088.25409031793
85978,7984.518870449726
88385,10357.07483110931
95452,15450.30156829286
98159,7497.248979619807
107952,10637.653796249992
107265,8065.6982842371535
99744,10695.286644382291
107450,18663.372077672055
108280,12091.263953875894
85684,8145.108758281156
90660,7984.594762204599
107627,13735.343607113668
93896,24254.65949523996
105931,19557.89098775398
107160,10847.775450584664
94644,18985.98302548064
100057,12902.978683039508
85053,11836.683313622927
77037,31475.506775762606
81281,11706.46795032002
101247,10861.375199314609
92031,30374.31331496812
83306,12786.25904555066
82079,18654.118591084767
85936,13554.068204261877
90480,7660.296541035623
92696,22617.036784592616
105467,22141.47648518418
89682,7129.9493415191655
76305,34601.3475160249
79665,29934.44126189537
82839,13154.616257122218
93076,18974.18055043511
104369,21818.189009025285
107999,10284.661371524038
83787,15370.083840520194
92554,31864.267227905548
99110,20664.476590009286
82707,6620.88289264698
80261,14327.480571885379
102365,9568.351137954945
82760,18322.978386897692
81142,33545.83823763326
88411,16185.981965023793
97734,13031.669117836374
81604,40290.150958820006
84705,19755.106974019258
104661,16017.24071823853
87897,13016.944056416718
84651,8829.661162235117
82294,29573.73282385404
100689,7493.846809907718
105236,8176.395108777291
77656,13463.235430118291
94054,31022.266446739173
96367,25380.368355125946
99913,20028.898249213114
77083,23403.341382164297
104849,23779.293394515204
98172,8398.912645426964
98043,16959.676337706835
90979,21573.951679194335
93136,32263.421032999297
88750,8995.20233080254
88471,8669.38504351772
93720,22689.69922649711
76649,11864.984100043166
99291,6244.676792987908
89267,6221.868414789563
108244,10354.207263215781
95194,27914.14050878167
103998,21741.43598979197
103782,9429.56293694936
101502,13443.900803089931
85961,11604.003668452624
99073,14070.37283380754
106535,18504.267821104306
96594,8760.971228716711
76156,44737.787302861885
85484,9054.05031707488
79139,11723.519801437515
96730,16243.159149472824
101796,16438.943274131067
78809,37270.664573244394
101193,7568.980841914925
96275,12141.629736321445
98321,10709.417240027338
77928,10205.649354647565
78328,34022.821831653535
103527,10594.08974074859
89266,11798.773073385215
99074,8487.229288280776
97952,14336.29574186191
88220,13845.008759694147
90223,22816.47873541038
76506,28979.478537774805
104498,23690.8209397344
84634,18658.91843280352
106803,26362.897293970105
80608,14721.754537056959
78715,13165.308101410206
89962,20405.161961526548
88958,14230.42079159813
98941,18697.496511172587
80707,18293.400538419402
105934,10079.72968514493
106190,18561.87921870474
107803,23547.57828596691
87945,20982.800857200276
96859,8127.266139983996
84495,12807.683259874197
79965,39224.925630963786
89496,8721.27525566926
101195,13790.32904831558
97209,7118.63809402559
101751,19474.58451574436
101541,10158.936042298683
96051,15096.484291430055
85075,6742.658115245663
77118,30287.10476566043
80487,12619.124091750273
106184,11024.130729057693
96374,1212.4358395716033
91702,18292.22030818087
77517,27391.851719110204
98188,15643.831190569028
91641,19187.91405088372
94607,28736.186957507452
86769,10360.322919533197
80484,49414.285959613924
86964,13224.645003585047
103086,8022.437132855214
84257,13958.815963650648
91852,17998.93139906028
87431,17916.264860245952
80439,29902.559478347106
90405,14926.354802733389
97647,8895.779121218728
108071,18953.368886290664
101911,22525.601856398713
82293,7703.353828611907
93627,10188.82255130392
92080,30946.660772223666
88291,11407.556491713724
97591,20191.206875861626
94632,13513.68347601129
79572,25134.66843230914
100727,13660.646999871531
77760,17507.3379367554
80267,31030.708252260465
106167,27952.708139206352
93339,23694.255171633617
98727,12338.647740723147
106765,14412.383837580534
106746,34479.830370433985
80012,28986.958488899654
86651,10900.62651903144
106616,10799.617602657974
88617,8394.900553405183
78380,15809.609324780993
102380,11860.36286203727
102093,16439.439584289375
79049,53000.343225685705
104933,15776.101522260686
81578,26636.074405173375
82296,31797.179347020192
102256,11463.180730703085
83868,20602.953142517516
101459,9822.183291896554
85014,6350.0909123072715
90820,12697.793397510517
83173,8495.803129158763
91252,36898.62605504147
102307,8824.073371303715
95153,19147.981065656768
99149,8985.490444614794
76130,15505.0051096487
80049,29796.425773636376
84353,12154.256962405596
79550,9599.51692923925
106113,22068.506755142742
82182,19498.104041989296
99898,13681.832355859906
94685,27621.784697837138
108125,17175.554951411294
76144,15799.24714607827
82087,19008.415927846243
96666,9519.066341326608
105109,25756.87675240924
94341,30526.746591576622
80039,25890.151581447073
91350,22894.416870574994
99415,10350.696517171864
85832,19134.556839955258
94022,12334.100301674585
104332,24491.526005690284
89367,10487.370167316438
101420,9661.65122375156
99401,29764.595622414745
79179,28734.766165066645
81603,17929.830841942796
94068,22648.3941818749
98185,11917.344340714442
99646,4779.631283988971
83218,16587.64876722188
84593,13261.156794641676
93040,16565.724836108424
104544,18408.52584815645
98735,17590.73835658383
86524,7857.16417325243
102541,16663.269345777142
88339,14265.355381854604
92750,26132.05759247354
101882,9092.80374328923
78793,22188.239834151056
100625,11501.861729922424
91791,20358.94037748439
98604,8889.7084652447
107903,12572.99616072736
108450,9363.15686034116
101903,7230.083694058504
96190,21209.559848703186
77299,21035.930355729684
96588,25673.65055392677
80932,51883.44829851543
81221,36172.259356188275
107383,12651.138224711527
92815,28719.29371006983
98724,16179.381205887837
101984,12703.477956303694
85939,15490.535621012506
91597,29524.403616956588
82514,12280.522288993132
88788,11678.64575384788
101131,11946.261882848172
82614,23936.229237315703
101646,12731.70863991108
87641,15955.027175078743
103855,13359.312201988609
96901,26636.090229104746
101942,21138.390441006464
92415,31123.065663730125
96467,10734.229378267995
104656,24582.2702234348
84104,20258.94897144662
96685,30371.000981823043
93816,26947.1780086121
104925,8583.158152467144
82086,20046.922674036654
93855,21908.87532587226
85411,17813.04233315483
88743,19097.41625927869
107201,9286.600320800802
91771,15384.839960268506
81001,28483.832838794715
90074,9947.119005858904
82791,7310.420878882684
102636,1207.4544370860349
102722,13436.23759140956
94571,31880.532217352207
103852,8751.088519662593
81514,18211.222394357064
99997,7660.102483383096
85808,12372.92930431716
95355,11197.807962785255
101928,7946.500434196526
98862,7515.976802001639
87759,8808.264558900755
101810,9141.383056681874
104902,28008.536306554
101361,14426.810123790023
81707,18210.578177895757
84482,22111.04909462147
87358,8557.8192166305
103589,11313.249585440299
103675,14485.474356028251
76652,18916.333513385845
104101,18436.68719752312
94807,19061.077426941818
77325,12880.556332981798
79875,24800.982982887337
83034,14846.2013036091
94997,25106.866773181235
85209,10210.657753017982
88344,13083.45667048258
98849,9006.04485212103
80527,26669.585870177565
87245,17355.140017883255
83783,18432.546813275854
96515,11162.867014951518
95110,22101.506793990873
92177,32143.274840301383
94690,28542.35676847539
80340,15146.776263656016
80211,23730.701477156457
87440,11527.313084185394
97742,9284.262911516847
86586,20815.536114413637
98006,11080.792850595002
87613,11179.635411653802
76521,28109.556014684153
105734,17215.436662446307
87925,7862.414094470231
94634,15801.656396168944
102227,7239.991597598431
85292,9452.922633304794
76921,9484.439064135067
95158,21823.299944179504
95582,23389.367589931655
105636,23484.479406981656
92793,21329.011056236075
80981,40358.37532838408
76421,16424.411395040483
87182,9101.661260371182
93677,20284.99417024883
92969,23091.419303308485
95005,16760.014723803033
85337,10210.650911744347
90477,17656.602175515094
83508,6071.055060047783
96886,14578.915757777908
104112,16491.64084151317
93923,29557.5044621958
83338,7684.440655951006
77100,25286.583306822577
103801,12819.749009193325
77772,28630.123908520178
94352,22475.19201148095
78360,24560.724897740798
89986,12301.437443271694
97654,6653.726760508716
90295,18976.606270195694
89180,16483.101659336997
82039,24796.209269674553
79485,16743.73530387001
87606,7435.091818932371
99574,6064.667951939805
92198,32040.202499347157
83529,24354.460612449508
83789,18432.453236764093
106137,21807.128631920175
81731,17957.680801207927
82668,10516.13211527491
95865,25528.90633187573
103389,9996.860660668966
98482,10212.081171626578
83775,14283.00493661724
98846,23049.38554197151
79233,15860.587520663
93254,37098.262820631346
84246,10684.539652716343
101996,16150.597064531092
96237,16818.48713725381
104216,14482.878087807587
105667,24894.656629439178
78813,15518.72321541988
99270,9147.580926894796
78588,23475.962390397843
105552,12736.049376522315
97164,22085.13714292822
84342,16845.40412804644
103688,21284.60912892649
77484,9990.679630978953
94326,9639.329877583894
81254,34074.7885323657
90674,13518.655965305765
104261,10910.41623150391
106636,18691.65982983041
83188,22104.375898455906
93725,19183.425161318
91349,31548.44991842634
106973,10459.963045024022
89671,7328.48932961829
92830,25994.38792717115
105964,20222.6805146241
89696,25405.738732440474
99813,9654.517313021224
108159,38026.81936167835
84988,19539.248350845595
84921,10796.157336665106
93609,29585.54669988521
105751,13514.403176134096
92102,31329.432818919373
83130,19568.006970028517
91136,25106.866773181235
78276,7340.756497612701
108370,22348.937943955625
100384,12780.947789587804
84940,11341.992370159744
91942,45273.956611957314
94454,26029.933670853112
100909,6021.124350325435
87701,20858.231139651503
104798,16864.896882398905
95263,23936.039189452367
87121,11331.613167247111
93095,20893.224879956462
85642,13972.01669194197
92656,15003.11341355709
95617,34325.111786581445
78219,13900.220449824801
104179,13301.987644864179
106438,19870.206573831198
87196,10770.316076234472
90335,18222.167073606135
82059,19367.591429142263
92365,20683.357011479526
98309,10395.449312627725
77684,12388.470115469558
89823,11328.488901161076
76689,20091.214085563
98279,21553.44004880492
99892,9413.937229248102
77342,43671.865613353926
81074,46005.23429466631
101487,11758.828061911803
79070,12788.916320611654
95231,29800.171108252962
102572,3288.104753513749
99529,13469.201788212062
105996,10905.571171895725
100780,8121.144858506579
106814,12805.719291088553
85545,17161.39727873879
79630,20871.833404956153
91145,33403.56226187291
84823,6394.76551056157
84954,12730.65577362862
96658,13269.98644803136
91360,28035.27038070489
90452,15567.785295552387
101820,6187.905189318043
81605,20617.741442383394
95895,24288.932467784067
99378,7157.895710265259
89327,18603.295836462723
97326,8735.434888723925
100777,9791.41401679118
87405,14224.852138115511
97627,23468.558879534015
107458,12721.313654268257
79060,18185.9404943877
96136,12333.347421742184
98257,9001.848354582822
102335,9319.730452318816
77850,11748.395226319903
102160,11611.982479683002
102379,4791.582484240695
104579,9806.045855886483
105614,18693.5846923231
100113,11128.933129866937
91032,21747.855849774092
84428,6149.229405955083
95075,13507.81156653962
103736,8916.946041235722
86290,14513.688523751232
81511,27461.22638503891
90680,17421.685888292086
108256,18243.76763958471
104529,19612.920670737054
105190,8944.672652966066
83963,17518.223455392137
82386,46970.323848061766
96710,6738.892464077204
83474,7370.959268404998
85539,10361.076200291029
106439,19243.85664872069
102158,9768.638540663516
88822,13972.01669194197
100881,9992.841509603852
76677,51533.58167636957
90178,8644.872963322889
93735,13551.372801217585
84662,12587.66853189673
106182,16563.973991998453
83398,13439.459132095857
87992,13755.254336896192
87968,9514.12247869759
103912,16848.240577685792
93375,20023.77850128765
101226,7961.900249748861
77949,34149.92640217327
85607,7251.455597250105
79522,23555.681282853115
77739,9280.855977675548
83123,6891.776199581006
98241,16161.0459611816
85653,16004.651395917534
103346,12543.708124522636
93933,28504.98741229964
103652,9793.188707993453
101032,18000.275959872615
95245,40463.52138379746
87397,11220.254167501627
104051,9773.912936441984
88815,14175.633092822021
78834,43018.78239907887
86348,13666.908864227802
102205,11735.33382349121
85638,7785.48480992519
84036,14309.039910283524
103627,11395.487901040144
86641,11947.97750059027
76954,19637.09304397478
96042,17416.88588436617
79230,20104.91419563269
81240,24304.3576644269
98464,15610.664513425638
93761,18027.64780309005
86239,18752.028607070373
106231,21405.119787086183
94092,30056.438758955326
93651,32722.522410683785
102239,13997.741425435375
108216,22231.383516583344
87035,15158.632777758583
77754,29166.863712871276
102892,9907.814099835412
104205,9042.413867396257
89539,7047.779118937441
94276,21022.110313189158
78405,13930.776097634296
82829,13110.302798290526
96653,13852.882965867391
107768,11378.096563320023
82557,15059.260124252321
79190,15276.266598869757
83639,21283.579349748354
106302,23518.291716361742
83161,9853.136047509593
101839,15353.714433526233
76769,49778.65681828565
92536,32108.61805360933
105981,11939.078104245058
89644,13277.446853466094
95175,28506.156308965277
95837,23161.251753783654
81282,33822.34168101734
92231,37749.774832398834
85287,17500.808439891975
82582,13522.344781281541
82666,15602.612982665587
75999,19774.888033123298
81738,17786.47581011233
87020,12799.408090122091
93066,30812.503868663516
88496,6461.360100138557
93297,38775.5709968466
82044,18473.049988493258
81673,26204.800967021652
102694,8508.678140958375
89509,10281.16643194753
95965,33317.27516096928
106101,23208.370150073042
83569,9665.670614615541
104718,25163.20963866071
99492,23388.705072448698
81091,49377.3218232313
91028,22345.06744700895
87981,11969.784093143995
91801,18079.594488158386
102243,7606.310108619492
82445,11036.966865768602
104094,5305.4625781475615
94745,38888.315422941014
90106,15052.060575963711
89015,9426.271208946528
93183,18737.92200167086
84610,4617.5064964080975
77055,22197.559505607584
79194,17958.48064917074
91155,27696.321775437093
86569,13750.538224315473
82485,7786.885747661975
88760,9569.334831478676
105923,8180.166479899359
78686,41346.72440383051
88814,8543.92090853045
82320,20099.301158362017
102937,11959.40399857217
87116,10302.350038898716
90494,9122.352424931527
106037,11329.185142082664
81698,39496.68118976349
108120,22753.02553435857
107501,14544.18779837167
76407,22351.70408431001
98601,12293.76986131405
107872,14568.197444556585
78176,20018.5763663103
93534,44225.62033738287
91839,11436.702433755274
106436,18880.31520455895
82935,18009.76554322508
84674,17189.747946908625
83479,16455.18877162941
105047,26820.112719798042
103698,7980.250378170984
99614,14600.30448491249
84726,10547.337358594466
84695,8375.226306978886
91147,25133.343161052624
87076,18766.82902529755
106200,4749.1072181401105
94496,21122.7500717729
105826,12721.43899991867
94976,16942.43771349013
86380,12800.371173208227
79211,11048.13058533697
83213,12290.221657719763
84355,11946.404179134786
108034,22387.705388177394
106948,10980.735618993122
94995,33910.41502108512
101963,7780.123083709541
106550,14482.878087807587
85682,12776.575824252288
98174,15483.26922642155
105423,10966.6049988046
77341,16147.70746562458
83563,15793.420618329863
80177,27669.43481521032
88183,12693.68947965142
77520,21183.008399896462
96601,11338.276633365003
91964,27053.913822310868
86685,13383.850527474382
83039,16668.528460324414
97785,9782.211619817353
95814,15686.236950785522
83452,18061.842673964748
84518,17382.92922415481
102194,8952.399850708614
85247,12494.044836576388
85418,5950.601340637698
77908,10515.850231629498
92033,21995.816425572677
80872,12207.80207939082
86635,11981.53589693343
79420,29428.778424404052
98251,17907.7813110388
77158,27223.917905402737
89969,13446.59855020465
85928,9536.85936079932
91375,53068.136073536385
80568,21738.804043834916
91041,20621.22913997884
89322,1781.9005171060105
88057,12200.41481118595
89486,7420.754755605546
105977,16310.931717840103
88167,13106.016322120357
81115,41082.51002669181
91486,10411.128288432916
100782,17063.451695723073
89320,16195.378716473875
79784,17604.58294568514
89096,16886.56231254286
78264,8477.407727148995
97581,22461.389430605166
79576,31388.251333507942
89259,10304.825795827048
106745,9741.652491130617
92013,26240.94681385339
86678,16696.33151074725
102324,16129.649063599836
77632,34850.297011083596
106887,11021.212491042961
78950,24666.23778474189
88191,11751.15285773807
88247,10297.374396356137
94345,14365.899536944506
95349,18236.609754676138
93901,32720.68051389555
100074,8683.927662076194
85164,9543.541999965773
106172,21461.47454019034
108479,15273.09989428821
101908,16583.143711182256
87385,23355.284250178625
81494,9685.293526910125
81977,6158.502855844477
108330,13877.890897798208
80073,18294.57408837784
98716,14580.935608844104
104170,9228.741076127688
103992,13533.480496514194
105540,20105.42083398371
75987,15324.225582629819
99496,10670.250513934276
78765,34512.645287243766
98564,7736.704199964441
81895,20133.450254291867
100955,12809.726410817313
77153,47295.662745614085
103888,8604.67438214077
105921,15476.56331161694
99660,15716.38040083185
78579,31656.105968396343
87023,17830.15564428161
95879,16533.02546470588
100433,12549.477418775896
83011,15029.458448478506
103255,10302.975062048918
75978,26977.578936444377
102295,9025.303700796918
92099,13234.16326512953
80985,25927.822772695286
99556,9184.746780163285
97124,10505.124223585732
81386,24947.534934460597
92818,28263.754668871745
76413,8662.647172504694
99585,15120.304495468727
98093,17093.051392324964
87527,8428.906173351876
77911,33568.179944596304
85090,17139.632164637173
80843,17824.79911865064
107096,9222.09828122882
88042,15397.791824444608
83948,30021.788777688846
93242,23357.28231266347
83677,10223.378580373099
92864,10872.438734552596
100323,12819.749009193325
81042,17899.284805690615
89663,11086.695472120757
85381,11144.530876004621
96699,15207.40203181985
92422,31293.083794942566
96880,18407.683320146632
88530,9881.608385960726
81438,33101.40870136346
83484,5756.857234023912
83637,19117.276082568977
89092,13429.466114420447
93732,23598.8179924099
92925,22400.249423507797
105183,13272.949238651252
98369,10252.908002298429
100868,8749.828632638022
82430,13691.58596460764
97604,10684.678882587743
85474,20611.63940817384
90978,15042.268787814151
97258,18783.391370725774
106720,9876.21672390805
89418,12085.340732251594
83154,9843.00330658601
98671,15873.02826058499
105356,19544.33931217535
88880,17135.546719788046
84275,13354.008909840883
93184,10559.400465107048
99811,18022.386454103613
96995,12857.459945797193
89700,7828.29262061022
99390,28770.92412707151
100504,10781.523002998512
80427,11033.590659367661
105125,18607.100870064314
105652,14768.678265438843
82706,7398.3558814002545
97831,14528.197644875469
79865,37123.02854250134
78586,17869.75201991137
85926,8388.47203105439
83961,17916.3678620906
96313,17895.594733722963
77556,34672.09584356751
108155,23015.916495742185
77590,30921.51313821268
90192,16562.05462805362
88094,11542.247657213647
86737,19602.83912171691
107509,19918.60620103433
96960,27180.84274614434
85495,28868.7073477678
80902,19938.516902206247
87998,10615.186890697609
93672,20765.263568776034
101245,18763.512532595945
85802,21752.32590151891
76378,24711.30566940748
92576,24082.279532813798
80096,16915.76258134921
103064,5251.900796382455
101782,14518.386397600521
84729,15703.121919911926
78010,22063.451570036203
76995,12734.01807450352
83407,12723.377518620808
86858,8783.445069026013
92623,23624.67461661335
107680,24321.04233969105
77324,15393.8111298742
92312,19774.697075709988
95266,18677.076604390477
86907,13859.366165186764
98403,10569.280877248944
77236,28464.464072549403
98098,14427.085541217193
100392,7934.418129756813
80696,13180.666472254048
100083,13956.806104760917
107500,29470.63761253437
98415,13540.109683002345
89111,22509.26129618953
97813,14315.242297300994
86818,12050.272468723322
76368,20108.96649573548
92461,19900.163455902257
79280,17641.427062691768
94481,14713.638034021826
85233,12044.856040879364
87051,10914.258046015144
97596,22501.893263522878
84911,1863.8643207133844
84923,19675.40031117232
100105,11405.757936976788
100360,10909.64717718598
87548,19507.64512957774
106839,12771.151828680526
97625,11353.535933384741
87757,15912.283086017282
91686,19443.870626699714
98789,16356.74425802962
101190,7603.077989770936
88070,7444.159783999848
93252,20407.381631656146
99741,18808.13534827607
104820,7932.140961262726
88169,14528.256367602764
77198,11632.430846071113
93558,34180.097121439925
82381,18232.189275512785
99874,13172.566477646616
80727,20500.146103851333
93762,19735.51220498148
82928,8544.333680557442
82083,31501.479217956676
102681,9389.241209593198
84592,7510.930743812511
90373,36631.77558404194
100741,11898.518305901453
80833,11592.16623920915
91415,25082.27153826367
98086,13469.201788212062
88138,13936.631943470467
86387,20064.124237870416
95134,44932.80273976843
86392,20567.607705924504
91440,23358.60215188601
79877,14002.400626666269
85439,13194.958545808526
88629,12222.349219592848
90541,15583.136014257128
94365,21436.226103556382
105625,32899.70115499045
100340,15264.034451054607
78761,22681.29344551202
89066,11947.97750059027
92418,28035.27038070489
90530,11845.931017055993
91595,29026.560975251654
101516,7521.696239540962
93518,14944.752598295761
93676,14786.470787972174
77432,31376.743866168912
94585,16421.677253796297
96358,7322.994100852151
78159,33446.55795514363
93872,12591.698290534448
86968,11966.04250979036
76425,20895.156398551142
91431,24674.198110756442
79862,25356.176360205707
86839,13869.524951801022
100378,12491.866792141873
87028,9359.292635580938
81612,21649.621208039578
80822,23631.004400401536
79272,52317.3016651856
76037,40369.16069593513
94336,12457.196964824661
95900,22022.27976008909
89645,8965.469659927137
88068,1775.1728552713082
78067,34296.86004340482
107703,13653.696888937136
106822,13192.48070637687
82155,3378.9735095923697
91564,40275.142433335306
107241,16648.997209390356
79829,29191.821008944833
82574,6551.865787814604
93529,33985.34991983276
86196,14274.693961800369
88887,15419.011743006697
103822,13654.210124719291
97431,25206.83381354689
80655,21333.67850461313
104352,7850.158495664617
95983,38343.93413006052
90231,8717.605917261208
91426,29457.86423426229
96804,16627.18748955433
91789,21663.32456217672
91063,36492.098508493524
95672,23343.617906253512
89669,9383.332330746924
105177,25663.73102184316
83317,7153.473218347317
86083,16374.8872245075
98558,11261.299435423207
98497,17424.55700633166
107910,10737.825720485758
101650,13368.407863043838
98157,16708.86415401293
99234,21258.070532755995
91943,27565.042299145418
99237,6334.566471071815
86413,19330.36096755872
85589,9470.986035794493
83028,12788.007353688532
84633,19071.084365215553
76000,14869.942230680968
100519,9991.527656679606
86940,9166.715047899104
93162,26322.493880254035
98061,9180.316836246371
99205,20580.928865137437
86507,8462.691431295803
91613,32370.99336596057
85308,10619.317730436678
105270,23297.635911723693
90212,5486.1117828012
94127,6263.759046679327
99422,19795.737261854978
105583,10079.594468158724
81264,31276.238929774285
96205,7671.125731339359
105242,27479.296961876793
91770,23301.917231695355
101725,13557.603713639326
108296,26362.897293970105
82556,13741.09204041511
93282,11931.888492742126
90749,26021.06102488221
101708,11258.130263448638
98952,12375.189401240556
84008,7747.787723507768
104420,28127.706240976007
96406,7744.576729129552
83723,20527.379471823595
97143,25928.015539294487
97025,15435.018571729714
81322,50103.199435899565
102314,9865.508006675234
79427,8283.2519271474
107605,22872.905852811065
87036,7409.577276196023
91115,37534.49242840485
107095,22445.39236459011
86726,8291.216392550334
89311,15678.796140499651
85612,7648.212715608599
78297,14872.7772597037
87140,17258.92509652452
99815,13861.368597766425
99814,12955.621162862875
79285,30672.69619881522
100846,14773.145059536047
83155,14580.449287967123
94858,29247.299210701403
85781,16338.963502866849
92914,22565.998874378063
98443,20794.840361625855
92134,14500.099688776032
102425,11442.4570960936
100338,7952.903733145938
75995,12804.136320700514
96586,6891.465165059346
76467,11961.808811028124
79386,27186.187862291397
87549,9912.383649610214
79953,16091.727419687077
85516,6802.956979937125
102251,18207.869163380743
86747,15442.152891144513
96255,10902.565674815029
102580,4754.6739835874705
97573,14212.122357336031
92803,16086.411277905749
103185,11284.846497887107
93477,20038.38017764111
90488,19510.533936756136
103256,13772.454971218991
98259,9823.299781051706
79168,25808.873127793482
101416,11590.690125288618
84088,11758.590364383539
105807,24540.281232364396
107132,13366.590771055067
101505,15153.946653964887
96102,15761.217143749294
80342,23343.6222274368
83221,8333.9846230056
87186,18682.81492564509
89162,18378.158161736046
100282,10084.808340523521
95292,27616.029446148557
95878,37881.62081967707
81326,15116.618818806237
88518,8845.04133313661
108243,28627.326468315794
108026,6640.662413829624
96751,12950.955303660568
90571,13279.131166189709
76767,22627.281549679094
87910,12679.459624525976
108470,13193.94781589506
82634,6326.485279330691
92666,30482.807422135884
96690,18080.924074979317
102493,7588.535293470187
99491,19194.95177418125
94959,20112.832316361284
79015,44678.13588519916
93400,18025.846812703658
90577,22714.789599233856
83608,5991.433950066276
101527,9922.451826300892
99227,9239.549608984129
105333,15426.524166864021
98720,10574.702057156013
83359,4527.805773257274
95498,17260.5987853263
101019,13746.222075868825
86045,11457.321213131168
87546,12732.86291034961
87526,4970.463821937214
83304,15422.35786861758
81244,20711.675767547476
76248,27864.106741914373
90107,10928.17975120278
82584,8388.463743708555
97783,8388.08596290123
79048,13996.599213165084
94531,20022.248291127453
83872,7906.96863694331
95726,28045.974771364068
107362,9351.862575279585
88562,7005.344783041867
105680,7218.173562510937
77859,11618.811673150383
82802,11212.459979925698
100220,6395.014566280191
80149,24180.623381924393
78826,7551.976527224938
92081,20284.52410233497
90008,22816.47873541038
86319,15160.296913907589
93624,27579.789198322967
92325,27117.171858362428
87857,18602.28870182488
84996,8806.17446427491
105536,8150.628394361417
86209,12797.92481384236
96095,19789.420577036268
78426,21537.364957058526
80287,17620.46280987337
98154,7999.0057677285
84049,18767.48926728339
99005,16155.065546000975
101228,9714.296366125163
79488,37001.41096385967
95378,32145.840576220035
81740,18192.599212877736
101394,13097.538343053842
102736,10426.700736072562
75993,52114.5613288749
102322,7973.020232218391
106248,9329.80854702948
94377,27111.210905646814
102281,7940.211165577264
99028,11158.571188124877
88725,12009.695102263855
101290,8844.000841846571
101436,18788.272724112692
107395,14068.784714712605
83696,15326.566760372756
87319,10954.83906709329
77845,8776.10109768217
94163,11615.58950957379
89778,16956.4400249951
81251,10752.63994439785
88855,8096.232275445194
99680,9111.802418662188
94593,20632.455919575154
79028,43096.336485815234
100784,9385.59733908535
90856,18357.86723931827
76836,27051.519107943903
105944,14637.233855767474
76844,15600.943484931338
85377,10352.270106302876
102613,12720.115126297784
105832,21914.997804619456
105173,16677.994375940514
107270,7734.613168517118
104605,17127.302833346366
93776,27161.520751358785
98145,12956.146566982236
105384,7330.339694181834
83797,13526.525969621864
78439,11219.916321819295
84850,19715.21550050503
81348,17227.272863787002
81586,51375.8170544152
97554,4471.1794224077685
96691,6739.114968818759
100073,15873.928051486226
89195,11889.016069837797
95919,18785.488927555358
78872,9015.881480642827
91100,23912.2216856398
80008,18208.76603266581
89155,7744.417172739008
79002,5683.027855512625
80103,26275.50004485129
95722,20437.908819551532
92248,30507.978455589804
104759,13336.181264572711
101435,15108.166566507894
95367,28520.91600768545
93611,33163.47614081693
95610,29365.054536038904
87950,12939.735579436205
78095,21655.015960452194
78646,20399.714031523632
82091,22507.443365765255
103774,16884.320690033637
102660,8143.526767213718
92256,30192.94092811764
102733,13907.249390180457
95698,17534.353883823114
103008,12052.408383184531
76310,37572.51361507457
102230,11242.223927366807
108434,5535.547319722874
103325,7441.843293832462
89871,13445.717981015827
84888,12334.932983149582
94838,14337.160388174918
83744,6118.005198658603
89112,15327.21029470526
102043,9840.667265825643
105254,12997.150336125454
77814,25163.47430962533
92390,10972.957208434746
106879,18237.18823191981
77049,15492.293936687203
84476,13961.959304294494
81372,29943.86441385252
90236,6362.242795122936
92132,19849.851428186634
92240,21641.077693505806
95286,20104.619412797332
101750,12179.286531402548
88817,17890.08226958563
81131,23114.983705885163
84244,12768.518946502929
100801,10117.24933065704
95844,22794.952291037014
83870,11641.144674036856
88723,11930.53053830941
81243,24889.98518363116
100385,12521.831919347516
104717,18807.48373796473
91235,13883.876471271347
96520,10721.677163116214
93381,25284.80778205643
80691,33882.09099035437
92000,30908.348498932923
107035,29428.002443361187
102138,12548.174746738432
84605,8856.01294353165
79297,44549.46894932927
106336,20053.991935181875
94253,27935.50405958647
79716,22484.20259990076
83444,8334.890068992689
106618,12192.307015010041
96175,14667.783758907075
103007,12017.361101680695
83413,13212.1836420998
87204,15525.352940752116
102288,8037.305926058128
80637,25023.364693218668
102156,8702.866107859963
99444,5704.017517972421
88292,15242.377562379497
88382,25109.19691806685
83149,16560.842136185533
96173,17935.455677856164
104005,18902.56501428083
78097,18903.70938725808
79949,20757.72869111774
93089,27253.953723600138
86142,12146.462940110257
79736,12287.095293290484
76052,27833.583794027825
80534,13377.611746908438
86998,11231.757367293849
92690,21505.559795587906
88656,10296.243794826552
94395,22022.27976008909
98447,7327.976740315913
97701,18251.687396901125
92140,15911.832701769814
100562,8028.091213712119
90947,14076.659111554662
101174,9629.729465242677
82150,39326.47464487253
82220,14930.171591947894
99327,4439.208306473596
98695,19779.795179900117
81373,16802.80880749937
92571,12330.477065504234
99568,8238.447075204902
80774,32578.348913093425
88548,15955.027175078743
89214,19336.675000266372
104968,17868.510265896613
76079,21776.443336118355
106643,19509.760812579836
98760,14754.74655202099
79377,21047.89388311201
92075,37831.06951845708
83689,17025.203492531287
89321,10269.050233330829
101772,8583.274453626731
82498,15438.165295341973
100293,12079.538045513009
82360,26239.605157154205
98921,14276.355589576096
78949,27296.037680645226
77501,18016.33707769348
93322,29258.685117495035
85827,7849.374241343641
76428,20666.010096465277
105249,19698.166197673298
93940,34099.65538794504
85259,15912.283086017282
95570,28595.111743230624
87993,8666.0658784027
99558,6851.5514495900925
91277,20702.55636951577
93825,19999.590692149322
107121,29444.989386621593
104959,17664.26771592592
96364,13161.067508933924
106601,17896.12096993779
106375,19086.97160552342
79619,11605.594320286691
76473,16938.048122777138
88184,12753.947303416366
92530,24175.301716436436
100669,10995.841153798609
97656,19694.83364111576
78071,34356.79855486341
89316,8785.20669672165
95061,23462.46085668584
86189,10758.663097974382
89553,15864.850263890105
93106,20303.46482366962
92968,14997.02596812328
84025,26331.07706250231
107972,10715.244047949463
100646,7739.208445757729
94107,29151.87718028048
93865,16812.843197597762
96199,15093.046951877364
107397,20668.855799902885
100882,12287.295533964101
104739,17108.901043231366
85360,19717.928846649666
85630,19064.80365939942
91862,26054.203274903528
107207,26815.346434833886
97162,7583.915798172715
80025,35391.953786502185
102082,11586.724872356495
85267,8291.672818613632
101929,14372.221709788624
101500,10653.738713081411
79709,18377.30436183464
93972,11679.403355807712
103035,11963.382069551231
99214,13179.760122241001
90020,17535.394018588446
93078,19394.027985865658
91474,24887.7949949889
104931,16744.456800891625
78728,29939.503856498482
79185,15591.766685616
103871,7690.719609411179
91303,37605.99685743465
103205,16508.362187299845
102796,11259.238657253225
84381,5753.396103747279
80694,2041.3309548726659
88412,20610.06080245671
87437,7380.7852482925755
81938,24204.3382368913
87557,8854.964630441575
84227,17176.44834290327
94972,27484.521440096483
101329,14340.354638404166
80069,29282.53345496779
82432,6496.226241288912
103399,10168.667682480802
77538,34733.61890763725
83684,13417.72933195363
101430,7824.757519370545
104322,18927.894060987783
106856,13745.77017798312
83084,9232.904616609987
102179,10158.936042298683
91752,22998.96121009327
102244,9893.584988234952
100903,8104.769658259663
87128,14580.755409299074
104654,25069.10000060908
98265,5282.141438023678
101764,9356.292829012524
77753,13526.348815811789
93483,30628.873533815808
85586,7046.242516166184
83436,33439.11479931465
80395,16214.81271297395
78652,23822.466299307518
92985,12045.047293826585
87343,12487.038332740933
94390,31871.609816281652
94485,42867.71328863285
79564,23343.53301689623
106104,29491.353431955056
84557,13818.617977161537
105524,31131.168565519765
96622,23173.409537644795
85389,13744.147194613655
78029,55159.89059829437
107904,17325.275109519585
80526,40777.475823567795
102233,6035.054476477468
86058,14273.29194880674
76614,32619.55886083558
81334,68674.0851664549
95043,25196.65859836051
80400,16212.793475195442
100114,15507.949033180257
92049,26530.622577925165
104070,9473.45126911458
95487,11391.413595300017
80402,28322.299974199057
102682,12769.29751579255
79747,14644.417433696859
97331,17416.41398333759
92573,30215.22258546058
81827,17269.44518400548
99721,6261.250076918448
87560,25719.291985792097
101447,11967.262256070057
89027,10605.611511342016
100905,9556.475700157589
86467,12979.068876322
90523,8745.40294922009
77588,28858.535764821292
79946,27186.187862291397
94096,18333.387535270424
106481,10002.380777726456
100694,15306.720233824442
91176,46018.57361906004
106878,6882.953710567779
99871,12486.640838572981
77534,12051.141926044447
102006,12092.003577768286
93356,24211.133840127237
85788,11195.219258534007
97108,17794.241971412863
93129,21297.387003733547
95168,44381.54380020878
96578,10983.986755535301
79570,16031.794957921997
96604,15344.903214916643
76367,7891.870943905595
105065,13611.732878493991
90635,18734.684877197604
107221,13784.650658501641
80375,12293.607799529585
94421,22589.781851683783
104009,10131.908460569788
84804,15704.952769591713
92074,27278.266215878746
103678,5536.539826876377
102350,18853.42423017991
81690,12061.189267933702
101817,11615.704020207686
108275,22085.622059725873
78030,19594.474499019376
91570,23522.78895657226
96746,8852.576041496624
89748,21058.595093779528
107889,17504.846003641916
88402,20433.126311790762
107789,17137.479915235188
108061,21633.776795042166
105143,15569.73888116451
107488,25085.311274858435
100812,14512.390158521224
97830,12072.012651007892
100664,13280.305845957324
80071,28644.96147773763
104550,14371.352387099161
99466,10701.354538166317
93777,18495.268280185177
108105,10836.042455100185
90322,9345.895454681484
101860,13976.040444748769
104129,9812.336141238406
77381,15945.311718095718
76946,39650.82309705173
91556,17017.113600843244
87190,10107.481008663379
107647,25263.659643514977
84177,13042.597398375581
93266,22843.187394398734
107341,13286.48551315023
92693,27582.622865345355
101292,11189.843143451237
79651,19349.599605303494
81654,13440.541935876206
89688,6261.03868367147
107423,14853.462208813058
86626,14611.355840549786
101633,19759.88931190878
83827,11824.006390211522
106678,16458.95503610569
93756,32687.72003398506
84185,27443.05048493796
94867,19018.04316192925
101062,11947.912739068459
76567,27378.222234453602
80522,19431.286835300514
101932,9834.68688210491
86016,15075.35976465635
98609,17699.979073180028
84081,11575.65457009401
78446,13001.23662285369
82074,21946.477682069995
108374,22076.888147916943
77895,27188.61984947962
93416,19198.9115180411
89357,11786.733262449576
106786,10857.253699307958
102766,12602.81193988525
82233,12989.124452577946
84115,10547.264519716953
98073,13956.448502767558
106198,6659.8093334508
100335,16796.88725051253
82169,19050.09739444417
101191,10423.580336721758
94584,15285.977411157779
81980,18782.619133810025
93574,35852.95516510011
76934,32482.500584011577
104181,24322.35487124042
85205,14358.60349384647
101304,12342.48759269423
77927,48116.29509985102
82028,28419.907666974785
87191,23607.0289645206
77713,13489.921466477655
100414,4968.1498883852755
94287,20802.470156600793
97941,10304.131656757861
93702,29422.969490677602
91433,27223.837356189808
92420,22422.65667769887
88433,18821.612261330323
91656,36367.97136983667
94313,33485.09858555949
91218,14992.661128472098
104418,17800.97648855899
86375,12086.164342287002
97556,14916.029351779152
94514,39380.42390609061
79165,45925.02538318519
81780,17634.044103553
105424,19138.97758662468
77427,13633.133589339037
78626,24151.858330934116
85465,12984.129089041622
87616,12031.971288830031
101667,12471.431289804264
84226,13223.591113821689
104737,15685.123997199596
95041,30789.172834153094
84070,14018.835637512595
79071,16626.055878872627
98688,9145.423338677349
91104,32873.96967866523
95301,16125.557039693458
82795,5847.954619032467
76606,19187.563773116824
94708,24175.474411559513
82934,7365.5205721271695
101243,4742.589619895273
94629,31022.266446739173
88235,16170.639043932817
78913,49674.4917146358
94480,21044.849652079138
77005,16819.827759354874
95511,27167.427424032045
88879,14432.2117918575
78396,12387.251605446101
99977,12977.427548166486
87602,17419.94438055542
105439,19444.360380367973
91094,20726.47854266661
103575,5766.058177725116
102840,7719.052833437789
105367,10836.042455100185
91884,23585.936834309163
84572,11979.780141009725
96544,8819.073515149801
94082,34723.459585805926
95510,13393.026110822484
85718,8432.174999912784
92527,20421.13628280443
78855,14379.348296633467
107521,19187.455752942973
98876,5332.54220568046
98440,17084.08890446801
98714,12061.396440752773
100643,14784.89456767817
89570,7499.651804618551
94168,25965.58460841881
93299,22491.12523897512
96033,19445.071134220027
93742,19483.512497341075
89946,16056.407775077523
107741,3686.933349368665
77268,19231.59223820986
84848,13173.282069755118
92323,36801.90981999433
82181,23492.689916257706
102252,7636.900510542872
100240,10516.828262008323
90422,16858.056847949087
103145,13039.790833656223
83333,11921.844495162075
97103,33019.372343962954
107379,25157.97402925229
94694,25997.87287389222
97339,31847.72278727099
93104,27024.832053638358
88194,10754.504081008503
81954,21372.24757037856
96391,19051.888985551766
76563,11630.734848199227
97630,21732.083669001928
80201,28169.402884167113
87854,2273.445308771261
102312,10324.2532174688
93848,24351.16506638267
82542,6482.979693386519
102300,17969.855215390005
97229,12455.657089828517
98907,25791.83335288234
81238,16974.366218537078
101377,11339.566342441585
79109,13958.187574336374
88044,5069.540255025656
91950,32977.44648437654
103403,9503.975250649179
87611,9977.139779747906
98169,17055.312801657008
84352,13362.831491036763
91787,19512.913292685018
85668,8867.100654473084
91287,19949.129149767214
80289,17988.797473384857
80647,24257.846678679205
90612,23417.67117817949
84941,13618.929703437621
85955,11847.201531339962
95019,11246.270928399705
92685,19283.67215021318
87156,8913.345015396902
98300,15813.873760036533
80737,20331.869362073885
92849,28578.33860355682
87490,5535.656411567464
106168,22870.24807403335
87014,19354.475323924155
95822,20159.42601181464
76797,15365.30818712662
88416,20123.509147326447
99974,10774.951849257022
79248,10079.087878328779
93969,39470.99941830217
104746,22557.040296905874
101092,20869.158031759758
104076,19526.373133070916
99087,8001.326988660676
93808,31152.602156049616
80849,31854.12467103854
93870,31053.75167304534
97218,8904.333611923279
85690,14832.037399688277
82581,16611.181389041616
81062,13757.31733013556
98925,16150.654315322858
98116,9235.849114407332
78229,15046.002385949954
77717,4095.7227373557153
92227,25631.801042753723
97525,9056.619910381496
92015,13751.744990694666
93168,17963.82083534982
76841,24181.590744623805
94920,14055.626712128033
95188,12846.187252302803
91909,41944.70594908805
104631,12308.719372943066
91186,23760.48050815716
100465,12304.25712711405
79253,19624.918644031615
97133,10487.084182802782
84758,11243.374094422652
83113,9760.341372574552
92012,24970.229413908237
97730,11107.770214707181
89579,16648.957038288198
89670,10127.918266375777
98105,12518.461637633129
79497,23362.196743185
85954,14071.573533664994
90314,5730.186041448832
81052,7611.947715401443
78531,15312.927603322389
97791,15284.725193003169
77746,28261.715554802584
105318,19464.075585141163
96956,9836.618426830946
84493,12465.28953923653
102164,8756.969831649476
84640,18471.760499009695
83292,15995.540179782593
80446,34535.679368039724
106883,20958.95245213599
96822,12706.218406220098
99282,11339.999182483301
94359,12000.390535788534
105084,23372.50002281705
85908,14724.678064561353
106431,15055.36797275697
97313,23034.33175183579
101268,6808.698466513732
77989,21391.89531043994
87682,21757.212324909804
106611,28868.14888415999
107890,10912.593574955003
79578,23147.012223139016
92372,30551.137547112623
93915,22309.49329878739
85425,10037.927515931086
80577,8390.179497438852
87561,14103.866536088844
82120,17233.447145332848
91633,20834.645646113917
96970,9146.363942625108
103356,8805.605709287916
89416,17352.263355475516
101155,9895.385243918001
104222,20939.530315957334
76104,20466.55574854651
108362,14070.116899111614
80616,40538.24366436213
98659,7819.710017670709
76470,33377.135007470795
86501,4352.284112728351
103166,7318.659767469073
80799,10311.225649642047
103699,13095.755115866965
97005,20509.843282399168
89375,8957.101356457117
89434,11185.429998267882
103114,9846.234529718748
99021,29105.68044527735
85368,6418.233295105499
98207,10323.241547970283
88420,12982.423753835994
86225,14636.656770859181
107761,31794.994954738428
83146,19474.223155595464
97834,9908.224062873047
95729,30531.366175949326
95480,47789.73743469059
76736,26384.075210173352
103683,12310.395986126832
96410,26574.723757160962
101570,9669.103415774245
81039,12021.39705935673
82813,20092.227704279205
88704,18234.393921541952
77926,17793.093731493624
89560,17994.83761736433
98902,13336.405324281779
105164,24800.138255594837
108109,13468.279569928145
84480,13508.231744245522
98239,8837.451603938354
82385,35771.29686122229
91637,27138.521280157882
85732,9127.266306208245
90790,6434.25873639229
90251,7567.3636366867
101246,8536.765446235404
92962,22750.641739380644
75988,28508.33367347164
106880,19696.071940609825
89844,15596.838111427885
79925,16055.352634819197
76282,22376.64516011645
85648,6431.113052447499
95507,17177.50115679546
96605,23182.81341470408
90201,8847.366717983248
93506,28678.205192428795
78490,11350.57685136842
106831,19422.728629109548
78101,14995.009279581598
93059,32271.84195008243
106820,10327.062572131721
80839,26045.987170540713
76695,17691.25178776414
107678,11069.678145298463
77084,12280.385941993738
107856,15374.775793184886
104446,24600.41501066951
93306,20023.50468494823
76610,27439.573195317775
94451,19736.296613207713
96510,15824.253764535162
84861,19576.26273199851
85787,24076.006408943245
78201,14572.985029704438
83353,13192.128047066193
106485,13507.085747635309
98115,13398.592655753366
83852,14703.557294609289
91320,24706.781041243303
92427,5461.128509950441
83851,18068.091599140356
92011,15848.20711926296
96043,7944.865474889898
93535,21981.84541815073
80183,34361.92399115764
99075,18423.276711018763
107932,15114.770925156288
98968,16279.683372389723
83350,11292.132986297906
77983,21730.172602478542
104722,19074.01112446864
101213,7304.484818083206
99670,9373.648668959782
86163,17557.329483813508
107969,12959.11076416651
77875,17185.865769025106
86254,10459.855658977653
106709,15263.985754133742
79732,25593.013302694824
107841,8705.226173012708
82222,20120.693648199413
82020,17227.30608062931
78930,27740.822307301267
93446,14948.265830288188
82880,13094.967551480862
85724,8433.244671219338
97629,26582.637450927356
106635,22878.911691171197
94103,19454.679677313663
83051,13617.851431753303
85087,12146.462940110257
76917,17673.598652762783
95037,37831.06951845708
99867,15866.196679224307
107425,24257.870856295525
85753,18665.207557892678
95099,22469.444101530593
81950,19732.794453128576
87493,12696.724407989675
84035,12767.332488712835
98743,12148.768617326492
84532,10479.986099398671
106827,14486.683724730197
100006,11767.528479077719
108013,24005.763159407827
102898,12445.897591757599
93509,22829.505970358357
89759,9878.3939419529
78191,29030.248982044868
80286,7148.5250550973515
105908,19614.009600554567
85325,12461.90698485679
86177,2326.1123255723783
86780,17275.467388208428
82738,12454.573850392868
78918,27201.130552258066
79161,41498.16894665471
84004,8830.880314555567
92541,37098.262820631346
86047,13409.71253205481
106538,16733.20347102563
96648,6661.024346619805
101018,9535.989860134787
97019,24861.497468223686
105288,10252.936251462117
103441,12547.115657388458
84757,17189.747946908625
107069,10233.257711901262
108356,21768.554589407355
84436,11471.424605339695
79898,21214.985287021864
84703,18723.380620131393
101219,17298.955863871786
99858,12419.413477195174
77333,9528.917633094467
81923,13674.422647043952
85116,16014.706329364468
106149,14995.23307937291
91228,23641.805381019476
91512,20551.37573331546
80878,22835.202815000895
91229,28254.021684644606
99181,7200.9443600254945
97944,14400.783196165798
78314,15386.107948720773
103087,5828.773210499539
98170,7121.969081461006
86475,8271.233402301836
76501,24413.322561799505
87632,18282.722055516497
78342,23584.149967569203
99723,13247.437761961026
87620,17916.53476909334
108111,29004.467434594342
89385,11415.722191702005
78604,12210.62504608334
87199,16920.162889782354
106661,13518.702112556257
98162,8204.172551793003
95522,16242.751144657022
76276,10726.586604886375
80135,27157.51538177918
98199,7816.557385254822
97771,9883.639674431271
80509,45671.976573439446
80570,27889.58485135567
102070,15605.324309900592
87513,14770.846095426246
92822,15574.311446221143
85443,11657.774245958537
107258,17468.987127674827
90876,20324.090994988215
105021,19910.91374762949
106246,6266.371503689082
102213,12601.194442006052
102502,7971.366686786523
97859,15372.674202540196
90858,18841.688899516696
103900,8048.408419343985
101159,6578.095337012165
79882,11359.409508239269
107307,18222.880249660062
91892,13712.588771763661
77992,17103.415105787994
103300,8500.986742981928
76540,42547.54123895339
103225,10209.600848756734
93202,26213.429700795543
106035,9823.286697323092
80459,20612.143589228697
90377,8825.313768661923
94302,21609.330437108405
107598,16472.311985793298
97476,27466.293781173128
96871,18437.76152864623
78543,17380.78796508718
89215,11012.868414575987
87251,17395.66392462919
94113,19246.81587015125
89499,9477.509809619518
104785,12920.4260772596
87775,20944.269645106535
91882,26144.73495523654
79256,31293.61254602734
100717,10726.740385845216
104470,11084.068501326468
98732,12458.372498382992
82547,7005.241809567138
83776,9669.697466932988
106546,19605.16101774833
88539,10008.067810708826
83929,19382.586456292713
96026,6748.449999810575
104011,20002.424546841372
76131,19554.493729275528
91826,37831.06951845708
103999,23542.69736088303
82675,18719.758233834957
94439,22948.710299465885
96307,10386.491867270099
78033,18076.173194974497
76854,15358.976079233258
90036,7828.813669260642
103891,13552.376476697289
101263,12773.642422195697
91712,22439.85832839877
80856,20884.83448321982
95058,20287.217087654404
82735,8679.468021555273
82588,23132.032170088176
80775,44402.61495861715
104524,12277.33005867537
98431,9676.30838346416
82272,27509.702671215724
80152,18345.08392840929
99115,11223.962829813436
91591,23231.8142645121
84573,17141.26889548188
96777,10717.191600118189
95331,18090.48840788185
87492,18686.54448243638
78031,24842.448894119203
102367,11532.399540258313
105139,20659.327468772444
101793,10578.026732580289
82312,31569.336326000383
90663,9192.234606858712
97827,16441.819549750293
85812,12981.687431886305
93839,24325.623344603864
92711,19641.030109611063
90705,13571.42636967705
105089,14956.919551223598
97946,20978.530082064237
89744,17861.320702749865
91047,21951.181901024822
101166,9251.602590834895
101641,13768.93218224648
96865,13721.561258503614
76615,13243.322971627449
107736,17229.701521660274
101285,12916.9803354986
87016,14313.820910679124
99919,7964.618758406353
99314,22565.61950963387
80754,28867.996895417586
94215,37941.78302244601
82552,15793.983236317335
79696,46968.8992345754
87903,11637.562033899107
77373,20377.708460159454
76494,22115.416617577088
80003,23637.107855971284
89000,12946.34584881031
93128,27880.233258870776
107992,10662.085791497708
89029,16314.86794801886
105461,20581.438298974415
95945,16212.612512066538
103106,16386.672842176566
96246,25636.131576649757
90428,7937.70752993191
88909,8985.747358716935
85222,13312.929592490606
106888,10517.309518524626
103117,9537.978578315815
93022,24946.35124682597
103375,8373.240319889856
93229,24035.364848504905
85603,10114.770747384202
89869,11386.165590947328
102338,8338.546536165575
82631,14871.572527695438
102687,15956.613439386363
82001,27867.59800146355
80204,28096.217338043876
76279,29005.68097835835
104066,20000.15504006847
85918,5306.029664262462
101590,8470.797200204415
95375,21216.096337631254
77897,12542.174808995558
95209,23084.353920859307
95921,19491.839361901737
105769,8495.915174344644
97833,26176.78994125331
106557,21760.52837489737
80274,17957.556200101844
91786,26942.003491325846
85350,17437.589057778892
96217,17723.966874711525
86429,6813.998602781274
76233,22872.430461627562
98782,9922.78727879747
77064,10004.856279527254
82904,19140.68433020203
101384,12819.749009193325
103541,8121.144858506579
99625,12508.377617961803
89436,22214.535832021145
92889,18109.889204102237
78390,46462.46182812401
80649,18795.27056462328
78894,18106.632292106136
100312,18139.640987287665
78222,27864.28651551518
91392,26656.623871937492
81452,10707.66963135672
97819,4381.062112920952
105008,11069.678145298463
94993,25813.46585815453
85430,12545.950489233033
94075,47478.08546375728
81246,29318.138541478176
78432,27878.68219686713
89458,15181.295263057105
86520,19202.268366655044
84594,6873.625424619639
87131,8923.521250521946
103493,13441.897200041083
95302,16028.984738743535
105156,19588.819014761288
101489,7735.388422742335
105619,9334.08694035053
81460,30180.133443647937
79311,15898.079090019957
107401,28251.567929827615
106068,19270.41597910723
82033,26569.549557343642
93749,10801.8442813081
80321,28956.382750399294
103609,12464.506664475179
83443,9522.448824098277
79664,22518.855617348596
91263,23337.532222267393
80368,39614.761748007564
82178,18920.320159833842
77812,34393.8369600933
88159,11198.888024179712
107356,10625.824048330202
79312,27818.56762288517
81185,32058.18390862838
103927,11280.574173895739
92977,25034.15595231732
94013,18268.497357564138
78601,22628.48660120692
103250,9756.242756742866
90673,7913.6625753360395
92757,29518.956387174614
86876,13567.577718807885
99148,12067.434266991502
77972,12329.553019214032
79854,6210.889234658254
97128,7210.717906468326
108059,15080.800361077318
105613,17278.943979844487
94727,3135.6388587805436
104783,8018.691212954753
89446,23393.050529078042
107306,13818.349411624857
94890,22583.51512965893
94080,14697.170797373321
81720,22612.13257647165
105157,20736.791303096965
79438,45671.976573439446
95275,18869.18247808266
86870,13061.139838823265
86336,17135.546719788046
95031,34841.54832992366
76727,38551.901938408024
76416,34265.062489981014
95523,26591.558284707462
76945,12861.188473298293
92733,20916.507248534
87625,18556.448682885173
105282,17941.324072465653
76798,31404.110914275603
93061,17949.642748037568
99449,6601.5301484615775
88177,9374.798537546087
89115,17634.692758988367
97192,10101.676864024552
90003,12815.55575560486
99544,23123.866912330068
95661,28042.462327418514
86502,7488.846015747638
92299,16047.290408532324
92164,41978.140584109875
79415,12217.103038293073
82793,7554.775713035811
96761,10048.761108937591
95372,15983.30534341985
78310,24714.647190808962
84611,14566.332025911812
79039,12773.345934121111
83955,2619.493783201976
103422,8062.1402342459705
98290,13992.765405267766
89786,14863.322676878326
88966,14922.232993896476
91692,14942.52807838911
99720,11917.344340714442
92291,23478.859739488482
104283,18650.851945427363
77907,42143.8450705816
80667,25798.597289277088
83714,12605.032910090957
81499,36125.706703064156
102870,12531.58826436798
84245,18681.485867116986
96709,13670.555274859564
96985,13395.920304176196
79739,25893.06321000395
101167,10391.01317775309
101412,11092.128025261236
97207,17201.2320702832
77022,15747.477598143458
97267,27485.886114957582
89310,10220.496186710743
88525,9215.444436476944
100951,16580.022810436814
105401,8560.558604460213
89558,16280.499209335669
97593,26671.796732845913
91993,15896.836748971402
99362,13980.499831569796
86021,10570.484385267264
80590,28922.937704762087
76881,18736.148750617944
97173,15003.014298391392
100208,16798.165692610422
106111,17856.605599255872
94771,16153.570315725035
86006,10084.680571575385
83246,13614.788205840212
81624,21612.473421757833
97158,14477.220165811355
90839,6494.774165502079
76730,11797.457150514112
95912,30195.443919104022
98742,12438.672933774793
85366,12979.42850689044
88971,11006.555016687254
91073,18139.37259505548
84276,15235.164084901171
93643,31013.634073144272
77674,22117.751826212636
107054,17450.45534142958
76029,11867.686393449647
76703,25234.70263069489
76951,34303.67877392072
92952,27117.171858362428
101165,13938.640804367189
83703,18029.4401436213
102514,11693.86411389656
84274,17629.347380046853
80933,14583.863559566222
89802,15040.840735264203
95459,28506.156308965277
88242,11220.23201305233
80337,21325.00844600717
96758,15387.948158987503
81706,9404.260787036881
92861,29236.766560804732
97057,12749.686539025086
90369,8139.363621122266
77587,18685.908706914168
92265,19842.422614558753
91500,22434.6780066265
105511,23647.742561434865
90137,8719.900212577233
78339,22523.813151180297
90208,10200.241651106015
101548,15568.503994835224
79969,35131.49763317192
83047,8435.819176091052
106469,14722.545829626915
83513,20204.288007357725
79652,11193.003347631358
93970,7835.726631103083
95655,21627.377723965838
93966,13980.599912967813
103174,11178.952909221485
92732,31475.735662121424
104052,16002.723650924183
104427,19678.917361853917
81504,25122.976477933596
85835,8286.945136247909
85265,13075.509415039673
88872,10173.132958891689
81581,30948.974547093567
87525,18676.32176155411
95242,15580.852471586315
84066,10320.913223677408
91130,44921.2407189471
103798,13724.266974366534
79777,10934.372316661678
96975,14026.557214296487
98657,9555.513124843763
89241,12895.726874136803
94846,21787.5867124289
100346,6396.921314051412
102570,9593.972939685382
86462,11916.547693600087
97934,21352.1732099048
96947,8773.654753858913
83667,9454.32651843746
84928,13192.817106602657
107956,7602.503240710255
98949,15754.249242800362
90998,13065.09962947511
97708,12045.417144393226
95416,26882.105059530764
78313,24284.40343041021
78886,22512.77519872263
104031,19958.26184624901
105160,21836.073836475058
103659,11988.233173592023
82200,18232.50219821035
90814,6811.661586254987
85367,11608.981499493973
83180,13683.66473833869
106202,17432.955741477563
78450,19876.019367274075
99063,8964.191950141118
83877,5500.103363802127
103411,8642.767081437707
108533,20981.83287364721
98123,17511.41818459138
106850,13102.421932184281
100148,9040.393655308988
83012,3774.949309249795
82410,14080.760411221738
81994,12204.477513613621
77099,30950.525338873573
83281,20828.234952865347
94288,20932.684179994856
103702,8135.807698014917
105076,12195.171133701928
77642,18815.233339489492
107183,17657.62481130425
106615,13745.77017798312
84149,10747.514789095612
76911,20551.009399731396
104162,9087.356167241423
102563,7896.210273391455
98356,13653.034152971097
90601,17224.17604723157
86307,15028.444614316166
83892,16953.216886413356
86128,12686.370189936846
92836,16440.08790362116
77569,31588.485756809274
108327,19578.705525342375
101953,11776.70238253063
105792,31357.11556981247
97726,2181.9827948611487
86652,9207.988256437173
84446,7422.592120579249
96826,15378.994877980967
95460,21929.271548662728
86352,12940.365188987244
106793,12108.010275021536
87778,14678.421661236727
99950,8035.331991951181
104088,16073.063299886475
92232,14996.247456570645
94143,19717.54499512734
87874,8811.207757611628
83793,14871.572527695438
108182,21279.98095009339
102804,8741.678744384582
97509,21213.569588021437
96468,14348.885411820173
85388,17973.285813735387
76856,33396.40828110709
106114,22837.72680845223
92900,26132.05759247354
84771,8045.80923762891
87714,14379.572580671538
80892,21145.29901468785
91592,30960.808368631988
102842,12914.131696557237
107139,20165.713519824647
94334,14287.332185326148
86768,14285.591769737648
103414,15430.347778906484
92179,28566.313857821973
106474,18079.44537877221
86309,10491.465328155604
91109,10663.049896375594
78133,27406.04158039028
76963,17243.26248356659
101391,11235.820157056849
107342,7770.094386773736
105184,21760.718125144507
104693,29399.21037046055
89673,15360.334957914189
103903,11131.718921365426
88947,7053.771297421869
87569,18369.983794571708
76483,42769.68466669526
86102,11456.234041215997
106452,9779.963435757167
107976,18364.311140335747
85216,18330.059516144876
76812,28962.890766271274
90905,23741.182996141357
101716,10950.584172638657
106450,32621.173083724418
79930,7068.3281889568825
80812,31336.053652002072
80862,22810.09921141763
103996,18464.42393722026
93119,16630.310552249524
93986,27106.889685087746
90226,19849.549964503232
104841,7748.237353002301
77115,8503.368036343272
82162,45292.515058367324
88176,20810.267277600116
96807,19525.28429662588
87893,17997.58729658115
96864,11412.888673170268
81129,13412.073138411495
94158,14662.317634484783
87268,17652.45730192895
101545,11227.216138014295
80322,14997.703576285403
95591,20500.599735871176
97284,2079.82485672781
76503,22910.083361291323
102457,8089.008686611438
103358,13699.881501367061
85800,10302.350038898716
77892,13389.448270046802
86918,5700.6823669223
88797,8493.270694707702
101581,6618.843978942312
99941,9833.091796454395
86005,13980.22559381331
92601,23049.11120770614
77922,29152.16042702724
107005,11820.075424037554
92729,20047.674443784512
99740,22779.588406405474
104686,11596.312131297726
87339,11740.889322247485
86577,12382.043453280423
105913,32750.29548940544
87402,14837.334709918156
88287,7245.767644218822
86544,10419.67590460263
87671,18578.21102485174
91204,20560.088665717474
99618,17340.482237923203
93596,20800.4124201945
100194,2207.3934999685466
76820,29405.805153844256
78350,34300.31321279796
91114,19511.24471845416
106403,23668.708026973807
77876,18139.903029818022
92321,17673.314735255968
93803,12145.437054458851
95007,24125.741372149707
93540,22178.663607533173
88267,8803.099907290121
100770,10711.08528037508
79033,36923.58260951777
105481,11265.487765558191
92645,20214.526895340266
91504,15086.469000486919
103374,17115.21273920416
76555,35330.94795977889
106876,17689.160692405174
83008,7398.507974819677
103085,11290.462510679492
108288,30465.988041380697
78153,30456.200431510268
101104,11860.36286203727
86300,18367.408273475576
83596,10437.117677439384
92918,20023.77850128765
96263,15559.550022013054
95845,27863.369807939827
82174,10800.267990520382
95636,30847.5881331463
87859,19522.817670935
92038,13200.74653063609
97965,15451.828706545937
99236,9588.207557530703
102581,11865.598116215791
88484,3815.5359630740177
76734,20676.524539357797
107756,10620.239729942326
100368,15315.01401151727
92542,31566.243021417755
106507,10188.918609326234
94713,12133.13736052019
86830,8905.921422881285
105659,13846.61946868499
103299,11610.746262411263
77388,44231.93308662312
93171,32424.712437976814
95564,22788.78323127417
92209,20600.18619221197
103068,7451.208058582601
101008,11473.98809159349
101098,11431.952764478503
100297,7492.931636303863
100668,7030.082586363141
83587,13557.223659568946
103730,11963.625947864884
80300,10657.163824393027
90994,29707.71363277591
84749,12233.454187680556
96883,26224.308288392065
83643,26117.321128735086
101307,10070.273549105206
96979,23040.063517289276
96090,20183.57698214936
82603,10420.00695895137
79091,21222.792004324147
101959,13241.230810425872
101554,9988.764014434872
100961,10938.676666508729
82778,10772.664737928462
98924,6791.761756046237
85086,9514.258581861115
89149,7717.69367852512
89443,8427.17336704498
88608,12178.111407690329
108064,24271.957777835203
93913,21775.21536655829
104833,19879.133655828944
88819,9395.692160304094
105039,18870.990194677255
108163,15577.82841408333
78429,21392.683590324556
100022,9170.466750155807
99243,19312.07519391864
96715,12211.003954874323
88735,20432.05273098386
86496,10724.052434377432
90642,8169.538219600136
98358,6049.464836676486
91268,30717.328428781777
106457,12733.132588920063
87063,14264.041964257678
103942,13290.373981291094
101823,17606.64673217244
104919,2747.445699417155
89192,22321.76961950837
78525,21086.47073333041
82948,13340.030995525487
97364,16491.79376769374
77638,22853.731367936285
94939,16536.730123713987
102799,12298.446301202244
97063,19921.727632164428
84889,15112.175868131782
91197,11263.830010482385
83936,5533.846701786542
88850,7658.1601470746755
104781,27491.682876511823
96341,8544.870200251833
77784,20570.4335704521
79500,22031.537359292735
85956,11262.566335157744
80268,7072.289269552787
76575,34323.12088395996
88273,18524.428613113436
96863,10677.093481387456
104149,13290.816432973263
95323,23852.08321129081
108521,13192.48070637687
104891,22106.64511523009
86333,6996.347597222122
97441,29569.493985505207
103963,16438.28713600826
94117,22966.567619809404
106930,19898.346916596678
96478,14232.884334066512
93273,20547.54457969781
90140,5380.20550604784
101752,13645.352244274267
102564,8594.499525810183
89449,10666.753323654124
82080,17164.642243610677
103168,12424.581326953165
92400,19120.71254528964
89829,16521.3564781614
100294,16593.215520645444
101914,13919.173557021439
91223,21756.838003246387
107925,19814.25418765188
108124,7676.182453103893
99736,28051.456431301023
106222,7277.91345316355
96843,6507.1474598708155
86576,13713.67416029053
106802,21657.36978021547
101331,7990.500923570939
76847,11951.955543827671
82850,11981.587334203927
107284,20981.83287364721
77599,19925.79204105995
96827,22239.291108478097
76080,20013.660428754883
89213,16700.222788128547
91332,30947.002305281207
91930,26365.73581232178
96005,12810.615150814327
94637,28242.466804653654
76949,12375.390287691202
93336,24037.12934798682
79792,20537.232528774355
94859,21809.969476952734
87815,11945.454925555307
100994,14910.247735712315
103939,8420.677975018853
91674,26332.972609372493
81166,20244.655560781637
105292,20020.356361074075
76991,53389.3353669287
100176,16900.960119247302
100118,15713.637974344572
94700,21686.237174628182
101432,11256.608338116888
78373,22976.03839555655
82918,16313.293681723198
80619,18234.442223192294
98870,7391.090910137774
99728,44345.83603643796
100347,14749.207053558317
94871,21314.40639759221
76922,31470.144638171314
102057,6089.915366395631
106406,23160.166297759384
81647,38070.479813785474
86232,4458.638630298503
90976,28283.1828538339
101053,11190.921987727708
87392,11081.830902335316
97377,18952.937734706622
96652,19112.70306550744
88212,12524.39349945147
106859,13746.78589202895
92678,18563.65583213555
99554,8003.958014274253
92531,31052.60839764296
84190,11913.941621970976
98562,11129.841103791474
102014,9624.013271687161
105663,16868.36855571082
88795,7879.3749906554995
83227,4150.768953636376
97436,5829.483940448991
101846,10839.4959393456
80332,29539.640602450803
104483,20744.859942336552
97675,12691.090397148933
87703,10893.026482208377
105829,19437.983687150427
97495,14874.415780281986
97230,17974.68446480516
99232,14043.862478253073
108036,5987.123729927563
90470,17184.51761776674
91410,25491.04129148037
87856,12060.270729297368
97072,15712.365536139447
98581,9819.75498345679
96021,22190.86564918187
104873,23599.143305363268
82366,20311.550344253457
81093,13084.775020635016
94091,21162.83528555471
105502,23339.201843412397
81212,27014.115984082055
78477,20942.99532323689
86344,10175.003129679264
87337,11643.668364688012
83364,13105.317222633
105029,17442.37201893771
84927,18542.708456789394
92467,25269.187463356255
77390,26682.95072141609
91159,19080.289297966876
86919,12609.926864279028
87364,19192.971615516126
96009,17501.864438931476
80050,26719.14396458664
97335,20000.74589084274
82533,11636.596151059415
88494,13142.408114806301
101773,4341.189442429554
84410,17224.51226385612
90583,11245.840874936857
97361,7749.702585079978
101276,10233.54688676706
92452,22114.454322253885
107354,9790.120443565094
78584,40176.00503823619
80128,19332.440328857985
88645,13945.280710769928
86622,11968.100576587312
81676,22844.40065888344
107409,24121.980701804267
101162,12062.417016238996
107883,14055.163515195904
84824,12233.84222069934
96253,13777.313309048195
80764,18028.870226082116
105145,20345.350823624765
76292,23683.223584075804
85405,8674.693370641346
105373,26470.765405585287
86540,14443.956762733347
91362,30355.589956440235
90075,12541.026609937197
81886,11137.708199485112
99080,7048.831666860176
105235,14434.637106808133
96437,24636.756271211147
83205,14070.563645755848
94569,30582.702449922574
92687,30128.432967640518
85951,18566.96994062307
84977,9768.982930658472
86143,21726.158817979947
81763,12798.970495915275
92970,20789.386847258273
108286,11186.467116489765
99395,7874.833637783009
81779,24044.950546080974
82131,16243.148764505997
77833,12282.89965197448
91949,52691.985738377494
84571,14957.170856660628
81403,36022.56438619769
86275,12776.127765355644
98103,8513.162416563033
96519,19411.0300124986
102141,15585.63314653803
95016,31319.12408447722
102800,16250.798494318353
102275,11122.619925217034
79437,20516.884136368102
99129,3060.5344199257956
102738,13228.119425236704
88502,13774.717917906522
83847,6528.487506512626
82098,26132.23800217279
97608,12862.137238700183
93635,52818.45117706551
107415,17550.72973333956
100604,6981.588028359611
95825,16336.983243541357
89837,9243.360285414268
90563,15686.705305774181
87183,11543.016081196021
82030,17237.285939693167
100952,6476.897301424494
88907,7484.53242909718
108136,17392.209918803423
99824,8281.068620762459
108052,21222.88981344116
86157,24354.460612449508
95635,29185.272235387674
76024,23943.146884073027
92449,16036.817610929176
101870,17923.00204810531
85896,12056.826911477721
102465,7067.499866996282
80302,16328.866625128365
104316,7875.506474273123
95294,33699.04061025807
106995,33682.96520375918
86510,14041.670897980133
87250,12892.640935239231
86483,22653.60658747815
83417,14881.135813381352
99580,11180.199877502204
84527,8186.586069334985
86193,15377.412009168613
98832,18819.364742040594
89427,14851.661500199458
105172,11281.041927787843
100800,15067.628502672162
81313,15345.607455578933
98110,15041.623877837217
83944,14174.404228238649
91420,22686.977802724636
79842,28132.4292608136
98350,12386.314357895571
104288,25759.414729212243
96086,19816.600863211053
78566,23999.56194381323
84457,16851.76311251747
88685,15020.260891054202
87157,11856.99764710367
82023,28405.477614265357
95492,24080.764457639634
84139,6489.89740561968
89309,24354.460612449508
85676,9127.060112878711
94553,9160.185669462258
90271,6841.6648707350705
85678,12436.050153462524
86238,8562.17226371462
104335,15110.760138499772
83609,18415.930619311748
92930,21641.077693505806
101478,7693.1734397719265
86537,12577.161784508957
95350,19525.002560786535
89176,14538.593785627163
89383,12585.979292049951
81369,28213.019227862154
96749,7494.545533133611
95414,31329.432818919373
91568,25166.47868954547
92425,30531.366175949326
107079,27793.62736683716
93550,30407.298390826953
78972,24801.264115081252
80719,9714.916131101312
92919,23537.182314705104
84505,12275.831872431665
103401,15017.573418750831
97516,8017.308674756789
91738,15871.949670275277
81664,11208.851516702618
108017,11271.107524075138
94154,16830.523485584257
94015,25063.02514256489
78990,28543.671455724092
100198,9691.838086893704
91258,30517.047024072115
95886,22561.789917643007
80048,39765.304305698584
92615,28540.905282771677
92333,32213.98523943758
85637,5890.556776822563
100681,22000.925692567387
86280,9447.6764004503
88934,12776.575824252288
102926,14242.64353251079
88415,1836.1913515564404
108063,16698.159727673305
103273,11550.060155015646
79468,14053.359361928322
91285,19669.600047338194
99111,7417.285792703836
90686,9354.577098920867
77458,27499.328057857358
103540,7529.238444594747
98158,16286.800709419349
80240,30576.475981930267
93032,19762.767054706677
92380,17332.252050565356
91853,13564.52813599811
76049,22465.511135606077
98852,26489.602695147914
79019,13406.794140626902
78009,16815.68007873757
79038,20818.5382762284
106404,10906.78866777248
100619,4210.909524743956
82348,29738.01721796816
83844,9143.798337085429
101370,12531.58826436798
82900,10279.68547726915
77014,25753.457925807048
94704,31855.469274939063
105395,16313.886691916281
92471,29498.044135482258
82964,20596.280651768702
80223,57009.15299961087
83523,12273.739798846937
84395,20182.22474440448
77474,23767.503604409692
94649,11819.477425416168
79826,12590.764228085884
81786,15773.920076073488
106749,14940.160032504695
94115,23634.585061042555
103835,8150.284581208089
83617,18456.6165685452
106555,15124.325251089947
86868,11626.973339287411
105245,10621.002006790213
107495,19560.513686324757
79571,42011.47528917999
100328,16469.84656029575
77453,27886.430404512197
91473,23558.813434109517
100493,13760.711436525675
83383,8141.988218740582
96482,19182.541738040523
91509,22364.489546338766
92051,33511.032351802096
82251,16645.06973089942
76054,13318.694490149519
105927,4800.198300729583
89426,17024.013597121786
101006,13890.372307532192
96504,19573.700831616377
89053,18029.4401436213
102578,14621.549054868494
104576,15436.854692144216
94137,21570.747338814635
96387,13323.050894386855
106040,18701.623500049078
79795,12206.941905873382
102216,9044.760262107406
106933,25373.371684367845
87217,15780.782906276121
98953,6770.196277833895
106935,14271.241215932834
108160,12992.33886478863
86220,18501.229502664486
81017,15369.23284034235
90319,7209.0377176481325
100847,10024.750238636158
79811,21397.801306579953
82324,33601.98323247114
79204,22906.411354482043
76561,22691.597265374425
90313,10737.16920789341
94271,15084.966512952586
99090,7166.003705923121
106261,14300.24927315438
95699,29547.66532790593
101624,9641.356811743373
92096,12102.724612440685
104402,23521.249813332943
106877,4991.991586511724
95341,28719.29371006983
79252,25603.04177705447
85039,9645.790404207417
95172,20637.842845267114
91340,15800.295990037217
91584,18907.01782042735
104972,14515.128337985336
80896,24430.215061777784
93083,19140.00107561156
90855,9740.880517784239
78320,22597.00373161758
98584,26338.12574272467
97117,17076.32483531313
90267,9869.906007277541
104276,11897.171347742624
93771,18894.16854283396
100654,13305.88846491017
84833,16067.675052669461
79006,29805.022792922657
98734,7552.626330511973
96686,26900.002988684602
81262,10003.573837309697
104374,10212.413333058104
87939,11913.941621970976
85868,11305.508293133238
105505,8779.628809322823
87999,6778.078469627824
84535,11880.849727045113
105765,16410.319963648664
77591,27398.982782472045
83018,8094.990119441436
95281,17233.58529933236
104629,20168.181994620045
80247,19366.616598454064
98202,12143.531612335495
89361,14573.700060916372
86384,11958.42890888511
77923,18305.2966677768
86901,11174.700345166839
101827,15426.91342351229
101756,8292.58693805585
77041,28906.926578818988
97753,9343.985300715432
95848,22083.893980179004
94827,26273.68974341338
78247,41028.58738347385
87132,15860.354173880536
88911,19608.77241893132
88418,12854.30246357504
77238,13773.9945323235
88359,13192.771733972932
78818,11737.578806275304
95395,19839.48297659557
103416,12234.42681482749
84747,13596.602761532258
101608,7115.64014254438
105437,22705.912481925938
76320,17545.709227347812
98937,5529.088165934802
78233,13080.928768392687
82250,18262.089500984046
96164,22341.649570835023
105298,14805.428096617958
85892,18009.11745302391
93834,15505.587848118128
84717,5774.127783892867
104176,11898.21089008738
95319,38673.27148819305
85002,8432.174999912784
91460,30407.298390826953
86992,16560.842136185533
76228,24290.21382411253
105611,11947.182868719283
83256,27004.15216658656
88943,19790.456507416144
77394,38542.112177802104
100873,5648.64244882345
92464,19916.84593094475
89315,16842.62875352144
92773,57028.84162495079
82489,7234.55297946089
76219,18787.757588750264
102904,14647.325736430352
91039,29281.49437777969
104890,26861.817142754506
99922,12615.935977389516
107007,14074.275562001494
90649,6493.6860727317435
90166,13285.123537715994
90837,18549.011510262408
84748,12994.687232791346
101034,12772.370856680735
80579,13712.956702620733
103124,13341.025319210843
92022,10801.841599158883
103382,10273.723141197612
104089,22522.604691002743
92089,20789.867558704384
106395,24219.28329065947
76012,20205.056763544984
90152,12544.724175668931
85524,13208.749233888755
95337,30542.058021195688
101744,10155.582797531111
105820,17487.39778528025
100587,1715.4476801210956
95224,34370.83837482755
88607,8376.245936119823
105741,20120.410176823625
100550,12992.27685291821
80543,24225.61267695268
96731,10001.352405414535
94235,37660.28026947936
89536,10279.860464468908
104062,10278.129324509433
79870,11070.445499392874
90961,54932.03290415446
104757,13475.06126270255
78702,9326.819458640577
82823,9484.26660253917
76387,13726.967410414862
83860,9585.671426742078
97853,8485.937110443754
96491,27086.071867231953
93018,16741.265776627297
105464,20768.41345229394
91589,18159.178534534625
81040,13587.925146668555
101726,5294.254929779983
89843,11921.794263505915
82306,18357.356072122227
102706,12019.563108622615
81905,15751.360382675459
99194,17524.755112097115
84038,12577.306089176034
99179,10044.822910719986
107945,13380.447344497461
107187,18774.881233644246
106729,14615.459270394973
76009,18958.723948268413
80160,14487.831244190447
87798,2035.2684595676299
106779,11088.40372387693
87694,12042.615734241463
83225,12463.352916133861
82371,28653.65920244723
102154,12177.141318203361
91905,19481.11762517987
91831,20491.45279701364
96829,12855.193197843775
100724,13741.878724719827
98429,16507.275467414525
98046,18576.37117295267
104025,8756.533162123562
104930,19437.851090357904
97711,11795.799411568312
87985,1753.8158313372019
102005,8866.367894821951
93141,32078.55158390242
93564,18670.536887949584
77719,29223.606073689807
99873,12999.189432268777
87053,16347.088837367039
96789,12145.894034158036
107871,20773.149675131073
107192,11299.127227389445
79928,35533.481768269856
107669,19733.42284433812
79401,27984.742999996957
95320,25271.42679364181
94864,33314.01250327815
80654,26241.467967264365
99193,17466.55181039652
84375,11113.98809355831
90211,16266.831220000693
80720,13374.921648590387
91902,17672.42729418268
82275,10426.43826874349
81465,19968.60431421508
93508,23221.015103954753
88780,8379.786660083735
92268,28649.929932611292
87172,17444.502206285593
106818,9113.589981559515
103457,20681.905017906094
86080,15067.498236533977
107319,15281.978937229773
104533,12308.719372943066
105670,24331.827913126715
81801,26228.179121516318
86611,18375.136354937014
103251,14792.273611923812
95313,29185.0924909433
83324,10445.17272882932
106920,13563.988835003467
93607,21594.062256958376
82902,11510.317558166202
98295,13090.681836265467
99592,8128.137385805606
83209,22054.22956320255
100342,6403.153466206054
100059,7756.738182328071
84964,19779.836313670363
101150,11039.317803995638
80834,17573.35410056782
94660,23568.868356756353
86817,12587.66853189673
82881,16586.27375173367
92477,28542.35676847539
88843,13160.758226963288
88409,13223.591113821689
89464,16724.03337413165
84554,8976.282613723744
107456,22143.8148500174
105815,22740.148376577803
84223,19780.709863255648
77230,52497.22168682586
82653,9225.6925518806
84903,7172.543738438929
96636,14793.813900638923
92293,21929.35478756546
76243,11739.917420912756
78795,26755.16716897816
77946,50501.922303314306
108033,21431.632371482123
89601,12978.73120427613
90606,19036.88948009485
92249,29646.32854649642
92624,20143.653696685797
97695,11135.854552309624
78743,31586.027463491133
99859,19845.058876179137
78302,21971.957100256903
99986,17367.088780312806
81908,13304.984325596944
85440,8333.9846230056
91412,33317.27516096928
83964,8361.103997513877
77867,14310.984885589125
98287,11558.836751644943
92675,5136.45005400222
93893,12759.36561816735
93828,31293.083794942566
107502,20515.895816192664
93726,13894.556111027467
93097,14631.724717374607
107762,19693.818692451314
93545,24618.5960112154
89831,15460.693129061086
108065,25437.481810568548
90388,4980.115631211883
82017,25611.43510682912
91025,25278.114292498834
96293,14718.536301832544
99187,9152.885915364566
98283,6664.79604156419
93590,16551.55609717793
105510,10109.056524305077
81365,28706.2860099282
105805,20094.49573234357
95866,40498.63832241392
99079,16853.165376196306
95673,15303.496429214048
99311,22119.338842642068
86145,7897.6681775287325
103531,12704.129003577695
108261,22112.4934755824
85582,6729.392412602119
85281,6927.530437793096
92591,34646.34118856089
97180,33466.410544800274
105998,13852.428878229857
101355,12827.034146577753
104286,29545.90660487342
86703,11677.495842473478
76535,11402.555021848204
86181,11217.608112089381
77004,22470.113522685984
99367,17853.778738492503
106001,19663.785979889668
93179,26075.918404850847
83031,8886.855182562836
86572,21885.391470527076
80350,24885.03280000562
96375,8588.257139732652
102219,8078.698667782757
100942,13698.360218896705
82949,11578.049789114135
104083,25255.004548654295
97140,15209.687423633963
96421,12315.656470364558
87075,14320.759124265394
106419,22515.919481461326
93602,26482.060764369482
77222,10874.037126456235
101712,10151.83211236917
106666,7596.222786348474
87295,15271.738233571587
89044,14730.631247114537
106433,8163.316330098709
94575,31786.142361375227
107025,9011.324956989893
89318,10265.98136847473
86030,9965.564717944546
103483,11600.525814143808
94536,19527.289603587124
107058,18717.55421332621
87031,11495.469987265908
100119,12353.968752854304
105938,11499.236941269673
89724,21478.570190273804
99480,7676.621798441921
83017,10465.112066707956
108355,5793.644145074193
94711,18923.736669529157
95759,29399.07475028056
105168,13940.412635815077
93791,25017.53717027183
85850,11403.423216887191
102333,10146.485567015581
104407,23078.63840066439
98798,16274.461868047481
89284,9032.674623915162
100823,6800.690713932252
80514,15388.740281310089
105308,19692.93716363041
104612,23734.166341829237
89638,20590.83002816826
93794,14621.592600393045
83933,18809.69986398561
90413,9734.645596495895
98929,11904.2887133448
90959,17924.179456821406
83414,16483.101659336997
82228,20710.54888879496
88669,13573.44903667589
106815,18866.957212460395
84567,10720.845478142597
91328,30847.5881331463
105740,11158.038503652995
96452,7175.397794738939
76038,21554.068628062876
99940,9524.555932222938
102377,17736.86809809679
105229,21298.731550875353
82158,23088.85867657938
104844,20098.37402904465
101203,11718.376338349995
95222,21819.167772444493
89529,20035.651162310496
103230,7584.175082249637
100692,9178.673325850274
99821,15545.502148661135
81086,25870.198116080428
89399,11653.05564799681
102445,7325.9433141658565
96444,8490.171407435793
83485,10513.207008759622
93778,26487.65843723302
100464,6808.122794868638
99865,10650.047978008366
100107,17197.545516358707
83973,19505.463401674588
92032,21682.424849358224
94017,12355.195310200968
76046,16476.799222619964
77816,17783.372533152637
76743,31874.56405417487
87201,14161.012298366802
90652,14067.940588233478
103448,15765.462956481077
93642,23494.748472784053
85409,16486.300826548293
99777,6885.982401836815
92216,16205.0254571817
96269,9306.18973630354
94298,19667.13994459776
106667,12766.55181950599
93716,51111.68659273964
95754,30674.106388367323
89379,10157.490172158532
95970,22768.695247625474
81911,16269.212211516277
85652,28671.937366629325
107793,17681.274055470734
96389,24504.16625763959
80000,19630.38277942566
104440,14446.492884355928
92029,31865.386319571073
93473,14670.647944374385
90350,21841.350069456505
84947,15568.552220765667
81870,12733.03260111309
79936,12038.405302936213
79910,17924.06187249976
93467,27916.137091898665
80387,31243.5661555223
104360,16890.718685227992
93150,28131.890225008443
79119,28896.176643517712
104462,3940.7905236344454
99548,26291.653449177124
104024,22074.551366664742
83480,20592.997518948025
92501,14803.66254352442
86740,11639.523782490045
82165,25480.389330613085
85963,19522.171180967354
79487,14368.69620425355
83245,13763.218504746683
102193,7515.3488398905465
95449,27650.03485241248
99413,8364.45273711396
77176,18963.405273776814
107260,21407.037291230812
94187,27110.49621205589
85664,17765.096060174736
97886,12847.30536106964
85384,13143.261643006044
81228,23760.079917005034
81930,19965.092542832543
106627,37166.788075100616
88081,19934.241885851745
91651,16487.36181056914
98067,5826.325203509808
100814,11720.271607253188
77028,51074.6646828894
89853,5668.213345035899
92951,9996.880650717914
96866,25622.121437827165
77498,31832.02339018283
102959,9526.513904367914
103546,14679.355808746059
81127,17561.058588852346
88867,12900.925509354014
90099,8188.473489001925
81637,17444.5533977478
101995,8849.369185972459
92382,29925.13683032653
99078,24250.121685441114
93118,25317.39458155403
91524,13417.7081580208
105674,10678.380505174797
78943,8715.775191031898
99513,17883.391860791326
82972,12425.05880306323
92438,21985.202385601155
76466,22645.850030809004
93315,33803.58782149898
84637,20915.20345025455
91553,15095.760406868443
92093,20775.942742991505
89774,19366.68706541393
86455,10904.468835619655
81999,32136.10683683068
83211,19771.85158276131
102893,7477.192470106054
101347,12704.129003577695
102099,17705.020400474405
108532,18278.30172667097
94030,33640.43416899068
87114,7515.336281379916
78523,46973.60244908897
89274,18248.83796618335
103663,7394.555992342482
98104,12412.041794678478
86952,11699.176527052972
93621,14033.781532734758
90898,15123.843370809453
88902,19461.75071563118
99135,17468.340620326722
96645,15711.092914484634
89265,9226.200439257924
88536,17898.089734009816
76788,25187.043650582338
96496,12355.940318974546
83580,14644.45392920959
80060,26836.725915037117
99910,9945.933857300974
94254,29355.07328222528
98982,13681.41290192774
101182,8898.401158766454
104497,22952.556003965008
99215,12949.574235221173
102237,9203.217083062968
105340,19231.29379679246
98398,8960.16888937564
82895,9034.85520778766
84880,8051.030236442697
76633,26060.401873523802
98237,13647.054614591567
93475,15452.607576436423
93644,10392.777027617836
83331,14174.404228238649
94673,27919.645883536872
93774,26562.19076693801
94872,18757.19621985235
104642,20801.88983100221
105806,10693.904297572864
93351,20049.453940405987
99440,21023.94747385124
77434,17332.10384393132
78382,43852.1277204784
76269,22640.53411264535
94221,28529.735294451155
101103,8737.838692861782
92917,27110.320544922768
83521,13481.350867520512
83915,11449.367742153328
93502,19163.953699574122
101013,12666.265503865734
81762,15250.09166746443
106753,13960.93285253462
101173,7182.767822235475
98602,16956.033759162736
105397,12693.112584375103
97067,24880.75418914575
101378,12578.002330803734
101862,16794.738154683862
99039,11952.66259212304
88393,18248.417858224922
106130,19041.312400037445
85828,17660.2149777273
108231,21226.33421246212
104898,18502.07882090641
93112,14177.56075831391
89768,8464.892643986144
84354,18777.70422693985
100168,8036.091000212204
92834,14609.261523802696
99208,12314.430373652032
96108,14711.860944832304
80163,15347.767533136654
105455,12789.18768178761
80323,27891.379044995396
84714,17474.255367185047
92348,23821.32079231584
83603,18711.07476178699
103959,8257.842607425906
106728,15090.283475282102
78696,43098.43467708787
94150,30995.52473417126
105629,25289.950500881587
97037,16539.017003464167
92850,24526.261842090196
88432,9936.871668223448
77436,22059.37311060221
76469,5198.179641564194
102030,6471.641621265883
87669,11213.64920572438
79981,20677.031584955024
99662,15248.314963645022
78260,22318.253539984576
94555,33944.792938549
84628,12668.74302406629
87955,6463.4667187102
85130,10678.53939226605
76417,33690.210916760894
86241,12151.492530746244
84603,10081.544260041863
76645,20484.517297485923
100195,7614.397704349901
77467,31566.490274951
98126,20663.75085306025
98081,13648.091978141547
81234,30281.593496073823
87717,9421.377153118918
79724,31148.614456843814
78643,13723.842421608168
93113,33908.59616041434
100597,17427.47247739322
91190,29552.883897013508
89351,13713.196895958268
78056,34696.88366832467
76053,20302.198027326293
104592,14048.515600757872
105891,24292.37459443672
93731,23146.56492321135
90123,6576.96947573316
85669,8908.29483874028
90040,13782.623581607604
103624,9068.891121244144
82545,14834.993278360746
101212,12510.220820732204
76510,13396.16735843945
88673,10607.273150451585
107913,16386.093785034107
76619,20842.06785280586
98461,27976.99534913615
88455,4077.920166679967
94543,26186.95635845032
79082,28656.189919612054
107039,15661.824562548089
99565,13039.430925119137
85597,17993.190874602373
90908,19992.766414340174
103741,10563.266588235358
101177,11765.307865855053
100246,3444.176483788077
84497,19889.96306986408
79003,15214.24008164497
78075,34269.91732192603
85527,13191.083809635673
99400,8187.009589752316
83118,13024.024836274042
106176,20730.16259724693
79864,22745.755493560016
96609,12940.432217378337
77968,18513.55787404711
105349,10530.946364858415
95787,21782.48916934869
86759,2119.6488279363853
80898,14169.158567836428
80948,17313.252079161168
107151,13416.650012172537
85395,10407.691976846916
86612,15426.279628790351
78951,33612.835105486694
79546,16761.082828866907
83345,20541.158019547292
107224,19359.778489070577
104509,16875.159280057575
77088,33220.62074652597
88988,14244.330020930413
79061,26624.745551234635
89758,16416.357625296638
79439,45240.90429372027
96411,15333.779027251168
102234,11138.043776056717
89720,13129.88662325912
99600,11442.648167030025
101235,10529.721055362446
89235,18004.701866825053
96214,31240.59750820055
84205,16255.990633947975
106816,21746.414952381932
90934,25431.46800373709
83597,18913.296721732553
90454,17440.38153157906
82998,13962.230159883207
76772,24879.777129736165
100571,6240.767210813689
76400,33084.71009859919
107381,20865.741576524626
93102,18930.755108870602
97419,9796.2381356782
98844,8254.938740081483
99354,9217.033798447448
90811,13844.174724681767
98152,12878.321828805741
90157,13604.482596514488
102629,14330.81873373882
102111,11146.916653169563
100448,12819.749009193325
106531,12754.156401557215
107493,8435.103994459736
87471,9289.565628265611
83607,12942.047774185896
95488,30355.391642026603
76205,31300.050429229606
95394,20858.72911846899
101050,4376.437703217383
98680,49202.27351171628
97176,18219.927172416905
104530,15776.101522260686
83396,2923.6179439690313
104984,6910.123097206112
102081,8965.805498898613
91955,11790.631977868523
79996,45741.590729003336
107833,20011.33181190156
81342,14291.465914368031
104936,8165.021785051324
97105,16903.86531927677
96834,15525.647113652902
96402,16376.760546459838
106575,10418.355352495659
82857,8939.455533272961
105504,9850.633099851586
88261,13522.344781281541
99175,7876.182828029209
89160,13826.528435188922
83875,6895.355260281889
104695,14904.239536468569
84189,12188.068850364427
86024,18558.656574398592
98475,7053.769997951718
79856,34674.320171169915
80385,31780.929569741256
78287,26433.33230642296
88807,14832.037399688277
86288,12898.947530265315
107610,19860.79473478424
94375,19625.84191227768
83385,17357.328644497316
96627,12521.648056119275
101257,18467.95489958802
91915,15485.4465277556
97986,15237.077105791639
80806,21531.79569069668
96930,14985.06063066793
89391,14070.563645755848
85423,1630.6244561839635
79397,39641.5027893181
102565,12861.227549983934
85590,13558.384999218453
81920,13204.214640404285
108098,20419.076717852167
91230,63886.761740579896
108021,6483.563959172505
102554,11947.722217146678
84182,12997.36113501843
76770,21742.591642593845
77856,16845.521852137474
94249,18127.25012648992
94729,18085.247500197373
77171,21812.871638869612
107487,21726.135357523144
78766,25096.50256835606
100849,12305.329725528863
97721,16673.566983584988
92837,18460.179656646116
83099,15387.725409481536
102521,9158.133211948123
89738,8163.526071093081
84234,12938.38508842045
107428,14544.18779837167
93895,39087.41926981599
95662,44759.63012510963
80328,18756.875177015954
103054,12697.348673542047
104950,8615.728530644526
93125,29365.054536038904
77393,48587.348579967525
81178,32561.653722222763
77207,34213.28378224611
98648,9859.563618341173
106065,22937.399431143942
85228,14060.351564931261
92787,24015.664524153013
108462,18235.533222073187
102896,12123.668586735079
78301,15398.80293575573
92584,10626.847191551684
96414,12678.251965854733
101267,10224.325753278072
92934,26396.16019934829
80206,12795.444948336906
76657,16144.877231514505
99365,13631.34451587385
96142,27804.491320437017
96484,13008.537524630925
81767,27490.78488483257
84926,9188.378524143027
84961,11996.01700521946
97487,26275.230478406742
86753,9576.072667644272
76410,17749.409733185974
103512,5716.820201574768
91899,24030.581280656315
82404,30260.80915299824
84598,21993.97717013872
95115,19971.403079464162
92544,17663.717204516408
94011,20781.972508856088
77265,26668.67184857339
103378,8046.980594044293
83828,10240.846854937527
106142,23596.90003499466
76564,35382.024570335554
93718,16540.17470080807
81110,18630.133439417095
90753,17463.949193969973
86557,8780.724346404268
90778,10017.672524463604
77313,22098.05963195711
103914,11948.180877139881
86688,14334.886088983105
102878,13420.228817506422
99734,13540.83128916472
91581,31044.438915281058
105434,11101.490042145617
89221,9416.43482754144
84974,16886.56231254286
101055,13464.687752511063
80952,37339.764898777226
80861,15876.427483493644
77446,19422.629519027596
105345,16464.198188982897
95204,16748.676147465605
96228,15448.118980314413
100840,8748.661866163207
90096,5832.1662285769935
97213,25532.95612340397
84188,12537.075651560468
96571,24995.11641910006
77068,19844.62422544128
90711,11864.912291497614
89855,13442.028769339277
104858,10908.29137037767
95897,27473.427837492844
81849,24053.103184934647
106143,10592.375154371883
106333,22367.199623039276
107165,26052.643337580754
77133,14030.170888604434
91788,28265.65278539262
91418,19543.242402396936
100158,11417.296429881459
96982,19025.202590518613
81275,30638.188515454876
78741,19639.31680476931
104961,14371.367424502248
89332,7033.720347461144
77546,36534.60073496484
90860,17485.062175340187
79924,15840.022067649901
108433,18530.171464417755
101702,10596.18718012251
79340,31657.00061922714
107333,10374.284710040285
107963,22466.232890962554
89408,10936.589313592349
93686,18959.584258808685
96129,15409.712536307708
106156,25341.398472459037
87515,12922.038672168035
92980,32187.849164069055
83982,8924.796097707089
85504,11554.136060377645
108354,10905.571171895725
97260,13779.867994964827
95437,25238.873990501008
88483,16923.35858499862
87959,22144.657866487338
93858,17935.084410998366
80968,21482.34394748183
85754,13592.95260448233
87723,18589.010771361718
95880,34637.79694280384
106868,10505.804701047318
93138,15244.40384752672
104747,16452.87700678536
94889,21588.816465183616
84681,9579.95482177997
98538,8232.55644895662
77073,29231.157765318716
106730,20236.67010075336
79208,31009.243772839793
100127,13737.621824716061
99655,8090.894091433975
80695,12995.120462797104
96818,14208.078130415264
101382,8443.377108027868
81239,18041.287425551152
91299,26924.86210664068
83005,18971.63400511362
99363,12932.842285719802
76302,22925.077535396482
98317,21020.575037751627
93829,64923.02803111117
94188,22336.127380946662
102190,17109.381866246356
94901,18685.500132222216
80495,31993.87252358325
101373,12995.15175605884
76822,14656.512802231719
105052,17002.199676520453
98580,6174.513295460956
94567,17937.31613055503
95144,14911.341282411637
95559,18148.94998310928
81580,45123.65229965588
106874,22753.788369318427
79121,29766.13837132123
77257,24179.731184079497
87589,16046.764978822785
84579,10249.265951269148
95950,22409.488844951964
92510,17344.36957098685
108139,18119.202833651656
76182,38788.25619869408
88687,15288.59794008057
79244,22646.285172658034
80690,19613.657373284124
86259,16145.27584313627
76977,16296.202181928715
95716,16516.472208070987
97234,15318.881752310082
102608,10070.273549105206
105976,22596.90132799872
86505,9182.43092027161
91220,30665.501009823165
96558,12879.280941018942
87444,12832.714413993244
87498,15080.3588702147
102631,19327.75527837732
82185,20850.502086314445
99403,27952.795959781954
79515,41952.34414854552
99088,11014.669261546302
76226,24142.169370121086
108382,13265.000494153726
85313,18858.794712009145
94499,31060.059071059768
99934,7572.35546187147
82376,18132.939783064103
107765,24165.896122501697
83605,7537.963977643182
77701,17705.502075180295
94028,18036.83325737738
107523,13434.579253687147
90650,21089.31569916751
87414,10400.828061593355
100055,9642.178106497167
90566,14195.956991552897
77944,9518.311357344592
104365,28789.382032362348
100010,16207.363199088732
97116,8267.854154395054
92053,19966.372494113915
89028,16691.393238344597
97021,25801.718713079066
76667,42258.40340007205
88020,12143.784110995724
94877,18789.902385181907
93946,21807.392910658138
107829,20454.495665029728
78257,34347.4436057285
79067,24317.49830846255
77650,41440.12859403701
78087,81423.23843559831
106695,13144.547666237358
94630,9492.50055150665
106256,5917.144762007359
95601,19630.77556871873
105796,16817.348465704374
102585,11623.254503030796
87265,12143.784110995724
81014,35235.18907637269
79536,23807.828607103515
103430,13364.812365302541
95642,26448.17215168931
85927,12624.645826246966
98965,10205.663847693922
82285,24946.45336013823
88076,8104.263274920568
87977,8806.17446427491
93013,21989.10063978954
86356,21456.773526252742
82657,2852.2934291555484
104960,12211.961281605103
84159,15172.57915357895
102831,7843.791500974355
99907,11867.80896832455
95588,18513.828265211465
87604,13958.815963650648
104688,8775.601645743649
78457,31636.073983672424
89007,15372.96513996784
104449,18341.64280684166
97888,21874.054985220806
83178,10205.102544387499
81940,23513.794054853093
103932,8846.294388948267
93309,30847.5881331463
108001,12072.766098197973
104771,8639.468774811094
79382,19567.635114276247
85883,11827.156811270337
106425,11704.5154135866
83165,21874.56496682613
105632,21461.47454019034
77132,31594.000364151558
101743,8457.150886070309
103628,15361.648645390836
90647,29592.692209603592
84997,8505.968212558777
91158,31252.568872644002
102727,9337.03898384186
83926,21183.351681734264
105492,14369.539109815063
84091,7530.343342955158
90093,22026.019130562774
97013,8215.79236034692
97421,12132.370004314073
93503,22990.542196237308
89921,7182.641193653616
94294,25614.40352171409
88049,6328.125596086207
87152,12181.817201202039
100030,12619.041199765137
81887,23453.896696082873
92813,30124.926266598384
103849,9985.28116190401
81370,15143.848424470636
100077,7150.100405180567
96215,14591.822545342444
99477,11763.517797984689
92453,28595.5374035322
79103,28136.682987757344
83988,12090.337523438628
82753,11436.010334006613
88096,22369.99173163151
82591,25727.25016665943
78600,10383.91106523298
96130,17355.752032498698
86532,15334.594992714712
78212,21615.086719325467
103099,9566.208403660514
76517,16621.650594273306
85372,13578.92089717122
87192,12238.14838808482
89912,9937.576365213772
100674,16741.406023378633
78362,18749.398918447387
80234,9681.893527231152
103492,8672.356199180897
91876,19293.165632570905
99906,17707.684581006113
86556,16920.162889782354
95439,22476.783881017207
89552,14640.630038183972
97510,19170.070909654063
77027,25751.36587755797
96651,10027.183872344282
101124,5778.618115328931
81564,25219.88478968896
103834,12832.147540270193
106120,16391.291855594118
108302,11486.077566730732
95258,32065.289433542974
80241,10754.242118205877
103079,19993.799012261697
107671,23199.60692223613
105451,13441.556376386647
100581,7722.502510667512
103200,9775.642697952653
107958,23413.773104163763
80508,16714.271482997498
86519,12151.712415394242
106014,15374.775793184886
88647,10294.62517669145
78370,21990.98671160756
80157,42969.96856999207
78549,32880.81306381895
78346,17788.438310966412
102025,11455.48341610406
102642,12756.923066059933
101566,13026.035171421816
105090,10003.416893310885
102879,12452.594942071804
103116,5420.514772804354
108181,21179.00244605054
90077,9442.000756274296
87209,8615.676845442318
78488,27531.783543915462
80235,42069.59605513289
100754,10165.638074395298
105566,13111.937541796931
92772,21988.870259208066
91123,34227.22142953367
81751,42506.69972718906
97826,29318.937726712393
79668,22904.147234193442
93067,12302.18565568293
102583,12347.515726317608
107690,18304.48551623699
87693,13267.993306621755
80476,9533.252306413764
81846,42226.00852780464
104885,13610.547455064752
97224,16510.495509886394
101301,14273.63341908398
77468,20832.663410813606
102865,16437.89219057538
89933,19330.988598590022
80064,17591.177689779972
102316,7361.202923952427
78861,11935.334755520704
96856,13428.756988322875
80901,34384.17357390883
93880,4230.238986477987
93155,20123.76880431371
95490,28946.47550028846
81179,11765.830101333193
105515,29984.39917404237
93763,28476.83232544347
79292,20560.944055304517
79547,48342.85139450383
76889,18950.571651521375
92884,19816.15923824327
100959,10495.149123992507
103931,12628.36446197231
87109,4533.96645572665
85670,14485.487657667292
106941,19167.602613241965
82237,30623.357936239554
95369,14741.416528576596
104098,8654.77321080992
88392,9230.480823724984
79992,14483.274474888785
91429,22654.454636790135
93131,19568.00782784238
102287,11741.292884164968
93988,16623.578481313325
98533,15719.925097200863
82402,32212.35370701749
100838,4865.73329571543
100418,3434.7614910637694
78723,22770.370449033366
102054,19834.457661476485
103873,7949.936062039222
102429,6766.652746039492
92423,21259.335603264008
100306,13201.03603592419
95398,24377.08999861274
98509,6657.565196362134
76571,21029.212405725197
99096,14548.80208450366
79974,37634.47608014398
86070,10720.172428840195
106407,19634.192133197623
107921,5683.390755824229
99358,6324.973401500491
81645,33882.09099035437
82190,25895.469501171592
104692,26692.57531737297
93221,17910.332405472214
100438,15202.361855488803
91444,21171.412667832163
81053,39656.53653062345
91363,24082.86615953101
106954,22017.99897598156
106654,15942.021515396746
99522,12977.234207789259
87009,16938.079872159262
87909,13012.680115605102
77419,17441.418544630626
97652,23420.37415257308
99779,13992.765405267766
85584,15606.380745424181
91829,20245.73096622568
88101,19487.598949040028
100556,5095.267437292062
90352,7865.9740079134035
83282,15700.087159460823
83007,17136.193565852664
108313,12718.902741954123
78810,8286.342163608748
98828,23456.576636920014
96114,6711.726883551262
79191,21032.872136649683
87297,12655.85711959746
95877,16090.885056552394
94139,36566.365981325216
100850,10136.105253230402
94945,37778.94316917423
101089,8402.568126877459
105691,18072.550560590433
80668,15011.45176794948
81214,29455.935113143536
87518,15258.34423143957
105030,17578.57070915235
85923,8164.663131308674
83311,17209.260104709538
98855,10396.528709374308
104159,9867.496526867782
82779,11739.022131361415
107742,10949.684324205778
105468,23671.06769797185
80455,25154.520084583975
86388,21987.905969611104
94821,43037.325365295364
103268,11780.478969207448
102051,8047.70342926543
105353,27181.72476383632
80456,23038.889455456363
100987,11582.45846690767
91198,30412.83683332773
85153,14724.569582281878
103654,22969.66978878107
108172,10737.825720485758
86497,11642.235065720892
105311,8663.672409891742
83207,9948.804122102541
103088,14178.859320710993
80581,23502.297807862305
94590,23010.907457943526
92857,19289.731189131857
104990,18712.77805001658
106022,11046.157919301799
105717,17939.760703015032
93403,32143.274840301383
85166,15425.3014839986
106430,14659.97961424298
99092,18485.892577124785
91093,15205.830276794773
88851,19379.295816162874
98289,30121.443502936287
105096,24312.405694998903
77047,22346.49714162545
104430,21283.26865851504
89790,5916.8006905824905
95496,35405.57818299679
99397,12024.901126515297
98691,7870.528099006019
76750,26687.186740897796
96768,18658.82428831328
99671,11470.103199607169
100893,17606.64673217244
96376,2077.3886457429903
85359,18042.34883797639
85526,19724.051849532083
99471,7149.577682140795
100718,13551.500079214009
100408,6864.216286717552
99396,15681.020633796625
88571,21066.90407645088
82056,35734.235318174484
95339,35620.71949637244
106966,32719.29326439132
87419,17057.84187186674
107951,10998.457942796227
89086,1055.7981494900782
81863,44790.89708686212
85352,7564.638072072735
107573,13817.890609470145
85160,8927.934075436664
86447,16959.30926415572
85129,17366.306143946586
81978,23718.1454311343
76538,24906.889794861498
96475,15360.657565571359
81872,25953.475057093074
100975,7082.03545135113
89846,8546.017045647619
76813,29555.032075568084
79861,10619.127692534292
85807,11283.228911503586
100520,13919.504501514482
83614,11266.232614046836
101194,19536.823932834675
78639,34385.16183796362
97237,9603.215806524757
106299,12422.923544573268
88307,13166.11095542806
85314,10773.964099950985
105736,16872.020838061893
80065,10928.533634492736
92131,19174.400252296924
88644,19461.122977000894
76738,15243.78209174405
105697,16349.666946894955
87316,10431.940675360942
98209,13892.45346425932
96229,19051.888985551766
100262,5328.367196959238
100999,9537.454773369092
107614,10305.60522899642
80838,30332.47813640604
100986,13465.244714941977
78593,27416.155838752216
100441,5771.502421281932
82682,15458.650735359863
78999,43671.865613353926
93261,13660.894361873681
80075,37017.95075516336
93655,25787.675105461512
100596,18543.240389397197
104232,23258.43748226847
91804,43691.497370163095
77995,17545.709227347812
103787,7646.182739899648
94205,21312.576801391147
85358,9758.666917541328
78658,19220.606186196215
104647,18433.201330678774
76044,25575.367974409273
76998,12446.145197870599
90687,20474.765665839583
88724,22903.985154068807
89881,12679.003472997163
77162,19276.531527176678
105640,14524.861684275429
87663,20544.041424328338
79472,13467.995687472909
105402,10791.83000286979
93024,28004.81754494415
88764,14177.38701428702
102845,13660.646999871531
94779,18779.134650103853
78682,12274.711646190954
95089,40654.72567787724
92437,11595.416124063504
96574,7756.851958228873
80215,9446.668491531918
103217,9662.31530604858
96957,21746.28754457645
77332,17373.20105540639
88904,18716.357460622075
85813,19419.967877944713
90079,17622.46027783134
106345,10898.522796886107
93236,21995.816425572677
77551,34062.91925216974
98682,12102.348607706368
77482,29383.912854732404
106734,22003.621777321896
96167,18638.01847189787
97901,8115.029343858433
88753,16634.192489602327
80085,24612.553839336044
101127,10322.459784162866
89915,9910.63644180614
77818,41791.439086614046
88216,8368.5674488166
88372,14923.95484121489
83811,9411.773426720425
82936,11951.37814945595
89742,8680.877863568387
91673,28850.266294548128
96257,18100.407822862562
87975,15537.339108151305
80305,33310.10630989505
103204,7535.945639817217
87651,12788.007353688532
97692,21990.17266738202
79587,21169.369491133293
78081,22273.917824498214
90382,26085.071666281285
101784,16754.03870065009
86751,10526.10906827775
83746,7908.7591860841185
107367,21428.253614005855
102824,10692.888553504448
88861,11106.429154089421
81296,14594.587114263986
93069,25167.975011611026
87324,25755.815926352447
80156,29209.36747415814
101653,18288.819380086992
106220,10134.697326465985
106598,13633.495916870057
100402,12436.036906166726
76609,29652.322143412075
84956,16288.829970476552
95576,28382.524501552252
99581,9810.85919177865
80485,25184.755928660205
77166,33857.72773162606
76018,11691.375073230049
104735,14556.993437695042
93333,12410.999084744826
99795,9944.367380657217
89839,9988.20288566904
82759,12727.525226338947
78936,28788.076748844247
85749,15019.679554796967
103893,5613.909048494805
80488,19559.29084664744
85554,13238.306334317913
90240,12561.932843903107
106288,18541.552305050536
77948,11000.559909364341
102329,9799.888729107526
100162,15340.361076581346
88576,18220.176120987795
94039,17801.540416401265
94453,22022.27976008909
87879,14071.573533664994
82862,19603.993268202517
102535,15315.01401151727
105231,12292.847424303924
101295,11174.2789817924
103639,18195.19090262663
100996,9871.55001670212
90885,7523.961586022876
98058,6838.696380967175
76405,21884.91576016506
81140,10300.183893638963
106762,1460.2677149651095
77805,20217.60879568127
91903,27278.266215878746
103506,8551.316708581624
99841,12631.779941732939
86237,12023.641489252377
76010,29223.650529810315
90547,17711.380052764114
97073,10839.41404315115
96345,22146.568636661665
104803,21512.98096693506
97547,11168.780295537541
80566,26022.840222181687
76686,33975.86591146565
76532,19568.517726803268
95342,20247.612906357932
89227,9400.011604592772
100141,11555.667435094874
78308,26847.86080902237
89064,16595.638047785866
80510,18846.149316413786
88585,14218.138265787024
104610,21418.003296393526
82104,10456.864539674505
82975,13434.74562534239
89065,10984.765689396188
101733,6254.111431077785
96657,18787.029141809726
86410,17057.84187186674
97079,13316.10994229999
99980,9859.334015456667
83405,18200.4948309847
94937,15395.866825131683
88990,13749.326630710873
100897,10736.028382430612
89852,5952.147081912939
79720,19090.59366754096
87573,8720.59185914654
77570,52511.81042010682
101535,6016.629630530623
106853,24594.95782201371
90614,15147.763258459277
99883,26095.860568247783
90053,19591.698310177024
85345,5991.433950066276
107848,11539.080337521656
93445,30598.681751301054
80275,17727.932045161673
78979,21084.891284177033
102516,15504.360810038315
89258,12143.415227235559
107117,25875.62103176257
106721,7499.6697167951315
92982,42364.39909052893
83496,8661.635119440036
81803,50368.24067742914
106993,14312.508064639793
103294,17023.72069250282
94098,14996.540868410118
77532,14888.213097673992
89286,12090.337523438628
89501,9883.490249819546
95186,19080.062849323156
92283,32977.44648437654
95290,18355.77125591224
96893,8593.435159399167
100971,12157.607229351615
78080,28883.52981616337
99131,18373.13767303055
108281,6050.930575359934
100144,8000.250045539345
105273,14856.996579717239
87851,14838.112901623128
108128,12148.85611858631
86420,9439.851609184703
88534,7891.126522316144
91836,16996.234044065313
105068,10905.571171895725
89909,16521.3564781614
83912,20491.533325854653
92078,31195.19201458162
97169,8948.221482477396
89505,8581.698318561004
84000,13044.21509074437
95770,19490.15848910089
96966,6771.577316681016
99958,13004.659368594806
93263,31293.083794942566
85201,4973.465072093983
87858,12658.043149902353
76733,14990.621656845296
95475,19866.786066881905
76959,17665.887172488357
88587,6820.408082954723
106240,12288.06234371054
76297,33676.44916311064
96655,13774.720747860523
97329,6486.752260567948
104459,14482.878087807587
86218,11358.47108550144
92652,28957.845821762065
87708,10863.25208051576
89003,12724.796763036786
77758,10314.12513635448
80355,3600.6845376503356
102381,11566.654711064608
102034,20289.104462976065
85449,18153.399797191247
108344,11518.522808542199
103231,11439.602999650264
88619,12508.963173251643
91294,16632.807932844928
91671,42368.62139242424
89398,15413.740640868575
97449,15300.821677075222
90985,20344.578505699017
95931,28869.91470645932
91207,15227.102846737987
93227,33406.512502384205
83380,7517.091458543171
88517,4179.01498860374
94074,27548.959730738887
83286,19021.04526054574
78621,24912.985128898108
78559,31940.24820685615
95517,20367.13537398917
90301,8655.36596045594
86982,16938.079872159262
79155,13126.284676919277
87645,13025.449726223009
94734,21704.016693638216
80776,10460.83765661475
80191,23595.935144956482
81665,21782.411316694554
95409,23277.2897239469
107275,12884.657037795752
88752,8389.548098745701
85344,15490.89308467279
96113,13519.661445756097
89564,12145.20399268251
83351,16700.222788128547
77727,22680.24243708329
105427,12879.014395904696
86511,18589.13410991317
96465,13056.431847488426
81345,31978.422721398645
102204,8626.892756604018
91518,43423.23105046005
103030,7838.642187599078
77586,28163.388957232703
81802,19704.69214523126
97913,17602.069114329788
106159,20022.154323551225
101107,17684.81918629305
77988,30713.279769740428
103558,9000.833479347124
107080,10647.271122762268
103080,8662.670572690033
81729,36154.96536413647
76576,13993.036948795974
81302,30789.500027632108
102815,7505.988610743405
76838,96873.28152417629
100835,8014.0847135847935
92600,21068.612235092813
98836,10429.336193136292
107734,13549.207744124957
103146,9511.583510836754
92838,30374.31331496812
107210,15815.272541199707
87193,8507.416285564675
80803,25201.2262618324
99014,25638.324889162763
81317,16430.30893456513
105975,14085.322633084012
91289,14386.960340064561
102427,9770.098860730317
88770,10978.768066335584
93130,17109.348676522557
91428,31651.67084334193
101880,8933.00245282996
96317,16501.946375768726
79846,11012.992245194864
76152,33744.009795241655
98591,10053.791377280519
83409,13403.843736102965
98307,7524.993623821377
81931,41495.59571139924
90083,7951.8504763548
77773,18185.771131286383
103635,10988.206394062947
90621,7937.1282125711505
91055,19712.299828471285
82011,11487.37378449416
84194,10612.300786395823
107360,20736.791303096965
89868,15060.491577037044
78774,19794.301797051674
98229,15348.4059279973
78895,13206.87907477222
104821,10321.671751570228
88829,20896.279901746315
103561,13109.782812765743
95077,35507.195705217746
77218,15202.50635069753
96894,9434.371242641924
102467,9000.676537185263
80026,15431.381051626398
81904,37880.42246287426
79212,23351.74931881521
76081,28736.649804231653
102446,11874.836273122564
92123,31842.312222995522
99505,17841.89596177609
90701,28180.531931008914
94131,30902.539482549008
98499,10789.433636548634
87292,16995.09493521334
101982,7752.41181981816
79507,15885.79332942933
80367,18931.61132427492
87303,10150.963563870313
90939,20927.452323284913
105990,26415.6121125749
93538,31470.066722063086
96747,18335.748073071274
96705,13163.474623532697
79540,22525.046635551476
97104,9300.797990541823
83406,18354.297654719194
105299,12217.935971216135
106722,10259.403395971454
105452,14645.068237393078
87290,8643.8900891887
81467,14244.664014972024
105170,23699.43721446034
93330,20560.760424013406
80272,21756.350319735964
107730,14657.427287473094
96010,19997.854619884703
81845,23528.338786730154
80811,13214.194981839199
83571,13995.95493689226
105322,21848.818053742718
77762,20818.481969874032
102039,8759.241376491345
89712,8144.873974661819
89635,18745.273638601124
95445,31387.46056769406
83168,12827.953872105165
97583,9900.440659948576
90719,12561.932843903107
83437,21182.987265704694
95182,28508.639460919123
85203,20023.383169737812
103788,12126.21222600294
82303,18387.121075915653
75983,38838.36442642647
86812,9577.805253378767
81841,25255.931218785914
84828,8182.323952931306
93783,29366.966615881825
107916,23837.009744339342
87430,8712.392665506268
104874,11022.696269152091
93137,19566.356884018267
103047,6440.784099942298
102110,8491.424446111283
91435,18106.043772348377
86558,15263.058116797178
95141,27531.041597180447
101513,8035.533612556917
98883,8507.192681312594
84488,10752.498693948404
77317,28930.216721075583
76345,31074.590589396128
91779,28940.06545509788
76882,13404.254042184564
90888,10026.748198620999
98663,12281.749518501281
95756,19721.83273632883
92853,19376.52572986353
105681,25113.503488170092
100628,9628.161757621336
93663,16634.180059726405
92183,26668.05258872555
87635,19576.26273199851
104386,20726.63643174892
87388,14435.874059100543
77217,23597.33761577784
96722,18859.219666446472
96916,15779.855520968144
77168,54287.307547708224
78963,14811.126594576732
93780,22051.178857256502
91677,28756.01400677827
98082,8554.658766871607
76229,19788.916107857425
92338,25531.59630573909
84178,14326.716418353375
106784,11326.58384296027
90742,4235.90339597169
96034,18009.060303864913
98064,8481.949250491476
96973,21474.024822231033
102048,11260.273756167258
106484,15017.941849516563
105759,14909.096595035335
93589,31492.27915313362
99057,13869.92408277026
80757,16321.115429818054
89636,8603.928466146639
83495,8771.646870486218
85277,12179.23390162558
91843,41066.39304162907
107118,30414.614631324002
100387,13616.560308291228
81885,25844.74529172549
105369,16334.081988095579
103588,7393.978262306957
89859,18677.924659962864
99533,11579.34881063286
107533,15770.618428504362
103667,8202.411652986388
92303,25484.5287337769
98400,10773.956004072177
107283,11790.700285786475
77352,32231.402379733092
83662,18380.5170551943
79661,28549.036199340284
102007,14992.870596724742
97793,12333.347421742184
106968,22539.393205672648
91632,24224.55937911784
79763,36157.362023969465
84785,11338.19434355313
92155,14716.690930657174
76625,30836.20502832026
107370,11561.895742543442
87638,10529.69902470166
96040,10535.963986977304
97299,15624.237131500466
81301,18669.110038443865
83192,17769.726685328686
105291,33094.69236137874
87135,16348.777721515544
75985,34458.77639937948
82125,8243.554068751966
87636,11754.626124110006
78783,34310.28838608983
78662,4670.940952160998
87134,20215.459805898954
89451,7339.284926154645
100098,12819.749009193325
88589,8692.410756778245
85831,15964.420243917873
101724,10857.606375575224
107345,18042.719225698358
88336,13281.86487465605
105588,12513.500947013186
95273,20503.92580910882
101163,9577.970388135189
77479,9403.393286786615
80339,27660.74373761236
86561,12177.199413590875
90365,14750.49481348026
78103,16116.533231175785
98617,14363.986031193908
77621,41591.156288047634
91901,26188.50319687543
93087,19472.692335133674
82739,12964.445682552208
100953,9329.095578922099
80117,20156.208335294355
84174,10319.673384244496
106828,20804.17829109615
90803,18001.804566030896
85910,12658.043149902353
89576,10834.599628627597
106572,23347.933899441803
88570,20101.21478949678
95066,23358.32137660412
101114,7995.976470960624
90936,20170.639908205678
99197,8277.418735498186
106363,8722.38937595095
106495,14068.159750080442
77516,8663.262475801177
88093,3228.6693489288173
95483,15701.77191131764
93513,43037.325365295364
102348,6680.221180128087
104779,12211.489419409729
90381,18872.71228894823
90866,19037.20659892723
76005,34215.14445533128
83160,18723.380620131393
105547,13769.837662674765
102598,10807.853286556016
104485,20646.12070643325
88186,8927.564186426507
100958,7484.153331949985
93967,31587.491169807356
93296,18994.232715272767
102906,14376.363032868436
96380,17131.549336499567
93298,28578.33860355682
84722,16505.536339659866
76718,20239.58409128644
80056,30102.954450142566
78850,20654.96327664909
100715,9877.96531413942
97058,20897.246604674066
85906,13368.049147201395
102477,8552.050099414815
78624,47880.05081912613
104387,17444.9869829131
104252,10224.806987180891
94178,14000.96336998746
106337,21248.515762469156
105385,19169.505076269244
83119,8471.260603295432
76930,17970.16854112957
78083,31025.715816548785
97868,27100.831139536822
81081,8517.792786908378
102325,9022.651658999695
83604,15065.076525865177
107825,5368.791137915693
105577,24479.507327948817
107308,8863.92641272952
103876,15762.867427635072
97378,25738.416107396493
89508,10093.705767008874
86933,12623.783131267892
100033,14438.921143571855
84820,16827.298387186624
88884,13269.307047467773
105458,5457.540035461086
103164,10116.560698858295
101838,7167.587035500654
97811,27418.029824839075
93826,28291.471899044278
86364,7312.029873944065
95317,27168.211633249954
80613,19877.40859714214
78372,36976.41511328938
83283,16907.369110117746
93249,32110.76740101201
104303,26919.80282299633
87973,22614.15687508411
89997,8480.983568435975
103013,7970.580286227977
85570,12834.943989781548
102979,6451.96158203068
78598,10541.924997352864
101402,6005.730840611193
87313,7096.064000686742
95505,18009.59152425941
79319,22399.93203388318
95230,32725.249806874876
91808,22238.83352266196
98678,11102.995867004676
84270,11132.224077567833
84932,10050.165827046765
92433,18580.094087057012
95944,21787.5867124289
101180,13708.403027299562
82624,19473.12143928047
80920,25272.703118548725
99771,10063.81468545675
86425,17136.456021072965
92191,19031.127422116726
85940,14677.911112594846
97391,19186.639181148028
101341,7595.66853879022
76066,21936.77835443385
93226,22424.347538599483
108367,10174.877801521536
83144,8813.316806639812
82764,10615.186890697609
85112,19627.431996358326
97167,14238.437818565677
105808,9148.107902869107
108416,28110.33097626757
94695,32686.28665734359
100332,13226.260620080817
102829,8842.52828714721
83817,7007.021042189795
92304,27930.793581878937
104385,9260.03120382834
77858,30369.602609775586
104454,13542.34425947567
100292,13902.071651312124
88759,15621.087325402337
81746,18552.23139800429
98246,7696.192861087396
96680,9854.436277498122
84163,9795.03661052961
98135,14666.636202530222
75975,33208.4262448189
92064,16378.197459924322
78732,22599.446422931167
99528,17015.57397561109
97651,9236.183160475355
88195,11751.35856690812
85398,16624.80884219555
105940,9857.450654274124
83822,9242.309746681101
79148,23077.281802303878
101011,13443.30977695019
91642,28578.33860355682
92277,33985.34991983276
78438,16423.562051425524
103126,8078.698667782757
90247,15534.159319969913
105738,13771.610300644368
91585,23245.4766133397
99313,7762.515102211177
78484,11185.02881351527
91221,32273.453770257085
102068,17606.64673217244
103027,16087.684682703264
79594,30390.70240340113
78290,22081.695356190878
83059,14372.931576971767
94542,20297.490989770762
80450,17679.671698172315
86055,16123.405259504285
77128,21154.45399806901
78459,27406.829041273413
106614,7747.646427756923
100580,9617.679161639104
79200,19783.530808290754
90988,17018.315014151416
95354,56899.43137588538
95524,21601.523724022074
89514,25405.738732440474
100494,9153.22694991144
80365,29618.561628143703
100498,6557.754973929154
94820,21609.330437108405
95203,16939.35043614394
84845,15866.31090160525
103726,11307.4055503947
78164,11267.422032843024
85894,8838.43044701699
83974,12828.153757858354
100042,8977.392573864036
82641,19786.01130735796
89331,10396.63059996514
104138,21416.746423483943
84136,17898.089734009816
93037,21518.848658583927
88791,12605.53896248794
102077,11127.524852301649
81882,23363.91791618881
98035,13021.691484535673
108194,20477.23320131163
101297,9087.710200594383
98938,14009.13108896058
98486,10756.000416186129
83293,11058.989098245955
96404,12811.456357954436
90115,18872.71228894823
100205,7545.047339367145
81271,16114.12083572501
99430,11408.496524561706
106622,19617.007331655896
80213,27611.69229351347
106624,19544.33931217535
89907,10464.377653862764
92178,14962.343396475708
94849,28934.74078175052
83585,8679.35865421095
85742,10449.16671481786
98510,12699.430510259674
95629,29026.1805788912
86114,12450.107371056081
104028,21961.32876575504
78862,17973.54003241562
100720,17606.64673217244
97302,6751.756547445364
76761,19350.176111243505
97918,27739.911209126323
95704,11751.923891962035
108116,32335.900811417596
101381,10885.16100930075
95542,16310.39433202328
89609,20305.45703292574
79374,11627.909377107102
97399,14734.990851289098
79350,13731.46158519324
101700,12388.844231476474
76556,21682.696615317967
85945,10899.662824968726
92706,24211.651918739193
98698,13723.24304626322
98683,13787.075233687116
95706,33108.06600560369
91170,30943.796546514543
89870,7420.754755605546
105665,23849.980354541724
76774,18665.17968708768
106996,12872.38735556795
100111,18329.58885044199
85146,10730.464761081985
87623,12152.157375998
106125,17108.05022696601
81146,17441.64593152097
82472,15610.238612484449
106621,15865.139491554695
92229,18810.74378982646
100574,10030.385522047889
93325,24713.043953063876
88820,12604.332590993365
95448,29259.300469988568
94293,4488.6707558982425
83682,17660.2149777273
82826,7882.0822923544
78729,15966.108367603752
82431,11214.034205601081
105701,21582.717582091867
90828,15804.687124236792
88782,20390.390026761903
90765,23057.750027718495
89779,13671.132098371087
93973,29780.345259812417
82915,12430.797962079583
107131,20668.879041718785
78143,43100.08038400578
101557,15234.877978857561
81060,22651.159031564548
88032,16963.131607119794
102913,10531.316712318237
84050,9993.238593186989
97797,12710.03176103762
99183,5871.062658631716
81588,28115.651358052797
89819,22070.10113992771
86947,15086.171171843594
107568,28789.382032362348
92085,16751.31504403584
101729,11529.951176930144
89417,14409.108186172623
89797,8843.393421364835
89349,14492.870228613396
86040,11292.090648254907
85454,11923.12330940756
78374,29806.093501823416
84084,13695.285472634465
88370,13434.259387743688
99555,25955.78730187364
91675,63326.61627827807
87112,11939.935292819158
96235,18395.22196914095
98203,7749.745806841441
77675,8951.373434205794
98775,8162.378048752482
81614,29870.77866508861
102391,12177.555233595258
77097,27419.034796738815
80494,30863.188019908514
91050,22723.068392519825
90412,7934.729159561658
106318,14994.644391831034
88976,18723.380620131393
95898,26568.050785065614
107839,25675.907444980672
83737,9517.101113529901
99929,14771.588880561181
85736,15352.699641844803
100856,11614.069430445
85708,15924.5055537235
90131,12045.008877948454
94568,20066.882058020245
96466,25472.022721263456
100117,12432.36521147009
87585,7139.074117446916
79106,13321.022788187238
80237,20123.81353073946
91302,21359.897739586308
83945,16502.552591198888
80650,24495.17087615917
95104,17611.488126873875
96677,6145.354839351351
100682,13387.577857287299
94464,20859.183482058128
89293,14510.34573048721
102107,7673.735878659307
92219,31339.192870726623
87853,16783.614387606478
95391,20094.29786281148
102232,9927.62547610831
83035,9240.522692511036
80636,12127.744078232075
105398,22525.889370476103
103291,11583.409527828411
78340,17694.957651110377
107130,13192.48070637687
85694,13478.593620630108
89901,8044.98737174567
101501,20816.677717812414
92797,41671.457187058055
90279,10928.17975120278
92115,29799.79034746291
105910,12237.736961405866
105226,17437.31048185504
94797,30280.601533748995
88857,19475.950305321825
91374,19833.403150252136
106841,19292.054718699073
90283,13175.517881549458
95421,23476.641070429992
102374,5077.381703465011
93581,25208.301884954475
77463,34381.51559568359
94949,20083.042919250835
79220,20609.561622403267
82822,23254.662508592875
107897,6923.244911550687
77398,47399.636860336
99943,16133.709664300737
101334,7930.525273735404
78664,17304.412744297246
98917,28884.93171963162
98320,14464.30618101358
86414,12949.743370063905
106690,13729.027038495644
103656,11318.63101453868
82816,17755.94619972165
92595,21972.60328306453
89058,11206.541829576323
90981,36648.77989331663
84545,29761.3453526098
85121,11516.273161043682
86786,9063.998602687776
104318,9747.037241183765
101816,10805.991538526094
85525,9542.700843178476
79169,24619.054870926917
90473,9526.380075306615
76459,33240.31935594286
91881,19911.101217196287
76343,15828.517388413784
99475,3885.2118914896305
76756,20091.397281269135
105158,8752.746201517073
82355,35101.65927082101
102382,11291.901308478988
102739,10590.128929783099
95595,29424.596727902328
92655,22109.7888577556
93230,20381.158983925823
92502,27535.956849614075
78020,13400.769512773453
76077,20534.750361146627
107845,7310.343431364913
94272,72772.02927551093
89239,17980.651623875478
81657,26458.587665916777
79605,22012.56917580239
92466,29355.426561184333
89062,23644.885561061397
91866,21322.63547213326
87629,6753.961057355873
94495,20674.12059178435
108301,9857.450654274124
97893,13320.236708090828
88636,12940.365188987244
76642,12453.50197532945
97723,7641.676245390979
99689,12245.300713505338
98669,10085.354521594187
107547,22007.88393043228
107324,20806.990435749954
96837,6546.604166388357
87607,8391.011654152837
77412,31091.734683576986
87012,13289.336263173904
106509,25711.50289004209
96290,16857.09400096652
98997,19480.379486785736
80784,14270.972685996634
79231,17764.866468927088
99071,13828.946105560748
95343,68692.93721111194
106067,19697.056472268254
99385,30541.527297312186
108247,30439.1439243157
92030,42628.45207993661
106907,18245.99498899005
83305,11979.373730894771
77537,11018.433489753812
94191,29957.434988318666
106218,10064.083000143622
90895,17712.548335989744
87733,15470.55820308087
85938,12435.756310596897
92778,19394.9664603419
104351,24835.15239459223
98023,30871.340621202024
100496,11711.433729871416
99703,21337.29291983712
97963,5879.411172239339
107514,15380.320687904104
90147,17520.728675459133
78976,22345.08094064384
87951,19009.81212931149
87689,21660.562258822072
95720,25388.93672045769
81362,14368.351001915185
88028,9108.17031341456
101241,15769.503772383978
77282,22993.82734764655
87318,12856.771535526945
95832,14583.273601144649
93146,21341.39197807474
105053,29353.13158993639
106782,25397.63872821434
95641,28874.396454919697
101467,11994.329922280755
78487,20158.343268507375
97221,10515.75596400919
88550,12523.684569388046
102969,11898.716197043706
91727,31877.102685616053
102790,11392.442286604444
90218,11173.947154418485
95243,37708.489292786755
101112,9123.189272174279
85231,11555.342530162747
108368,15306.482166105756
84764,7036.603300390239
104560,24491.526005690284
88854,9816.961630047797
96342,28147.650488625288
97363,13830.184762527264
87222,10905.787322817201
85750,13292.769287023708
99457,11597.598563933981
105834,8975.734535055211
81230,16769.91427776156
89905,6824.387400909356
99107,13863.452578983402
97725,28860.000432523335
103383,8699.651775855074
101881,11475.537804234822
79274,37467.85616132689
106126,18682.434070331026
88014,8532.34203394571
81379,23558.824022248325
76685,11873.501536693826
81756,32077.34547105356
80382,22260.96382443142
87661,11889.096958310918
103160,15854.370754434969
81893,32415.156141492604
103538,12379.608856700417
101780,9737.998730436639
81384,17767.462185279775
106350,28750.82880981085
92907,18222.254530264665
99538,15866.945278989131
79214,19475.876287130377
101909,10205.369234814343
107864,16299.733696398143
100524,12720.115126297784
84466,13482.724388975666
105389,21258.16344796342
95621,17376.75191856608
85294,5979.360949932441
101831,13460.798688710693
104539,19590.942799145483
97418,26668.716901369724
84417,14487.007982025787
87082,9073.135438530284
90484,23585.284211575083
94455,18531.436507653332
88204,13588.38213376854
102964,11600.525814143808
83265,12842.847960266727
79644,26600.23598458003
103662,13363.977315982493
98160,17411.177425359998
86602,20147.796975482932
96773,18651.52117990339
106258,20907.661839278582
93161,25745.938573788437
84913,9291.541418079094
93566,24826.345598936074
99048,10036.359052098598
105009,19407.007815438814
78907,13718.955077424424
86767,16603.234390208097
91280,28774.02942381252
80284,10138.56835092746
90664,13466.165666711664
82570,13980.502280416684
97344,6487.732607859488
107585,20007.565339423447
88462,13131.500774971873
97190,9344.787422454681
105578,9003.79716161346
100275,10587.527904174322
101818,3987.7328199622034
96900,15738.041223532266
107149,20433.743526916238
92413,32963.963107624935
79385,34091.3662872174
86389,10704.752532124845
95212,23336.235742383513
76373,20324.709052608203
78959,28723.360576782274
88737,5987.953285134573
92016,31399.72255896762
86224,25630.89569957052
82578,10657.854569122035
97155,10550.374483838505
107701,16455.064406130485
100516,5986.8066186499545
100278,16818.920325205054
88637,18928.777405792476
82527,12303.320334602953
84753,8454.299126156013
103714,11242.597710728354
100322,13560.019104636825
86770,12947.488492248796
81754,31932.386686907546
88214,11649.106578093177
104113,14263.01915882846
104421,3155.6526847713285
97736,8747.393599703999
103535,8448.057924990126
83206,18420.43309963741
106330,10667.417316717123
102339,12580.613255773798
87709,12742.136071286695
76492,27348.19403992907
77728,20457.35325556358
80481,19269.54486042659
103158,10963.396894096832
88892,14050.769822631873
100388,12819.749009193325
92082,31320.907706585334
81236,29679.79127574631
77042,13487.746309568622
91157,30237.06644147455
84392,18112.208098185514
93436,25611.57314579601
106487,23625.84574054646
76638,13635.478876676907
100756,18413.161968965975
89769,8932.91448847311
107047,27309.19506519311
107482,15161.270300859247
77672,53132.506107763445
88137,9734.776970599678
94234,37630.44590512733
100690,8454.080804016912
104730,19869.539310815755
80889,42816.34181778097
83038,8337.021880525333
78952,12004.310906368066
108324,29244.83133889052
89723,14710.975310931848
84963,8359.603374824297
82834,17822.71622642533
84141,13862.638473961812
94870,22662.653246794292
97980,20659.16714445195
84101,12701.146406261392
103187,10827.447562025665
89617,12555.650082240587
107178,9385.32868881713
92448,29057.30149709783
105739,13832.68573640943
94934,19370.24090392968
106422,9959.55529901415
84357,8296.348814055493
81219,18273.260947342274
96165,10336.326919188037
89437,8520.871826817489
107434,24442.381060379274
104751,14523.910367314515
79869,42624.623875167024
108255,20055.378148238568
93706,17074.99283446263
77694,28460.605047222096
106112,28817.72497143273
79750,23167.729473091247
92715,28140.448102365084
91183,21404.155380638826
104425,15450.8774186217
91695,18845.340300293286
107783,22333.706761494213
80023,29317.345573801867
106551,11096.700394173617
88253,28024.36571131115
89867,16646.975394135447
83678,17060.164003154874
105660,18244.02534099668
88202,11963.579818396987
95119,27093.750342221498
108260,13425.985615006852
83078,8637.22616464727
82345,23833.035927827044
83217,10697.39716623337
87850,13385.550572707989
81035,43661.77310741101
79575,31886.157129221054
91737,18103.251252626513
87829,17372.6717087578
83729,12138.441506506148
85611,16820.432874648108
98402,7601.562649217177
92385,12899.890629871712
86408,13534.640568984927
86059,20263.391056394037
95741,32946.437653389155
86739,10597.704443405659
78929,30161.46794808137
83842,6529.9734993452
87907,12628.618031332415
88079,17260.363285767588
85643,13824.936556274924
81382,20887.682711585792
83493,10095.476101514047
93460,39970.763013903714
80412,32963.434289793804
88171,9445.90616925042
99783,12196.41474504794
102777,10707.800202394707
80663,35882.35124629459
77531,12686.608212646091
86865,18074.255732996953
78461,24317.49830846255
107352,23515.90101235163
94120,11300.85114999176
79496,22197.45374574737
80515,36439.511170110025
91344,39435.17397400303
79373,34716.08464814773
96220,10651.823291824347
93246,44633.02077727184
106908,10610.732566743247
78245,41179.867822307424
94731,17654.782762596267
90402,6194.4278138821255
76206,50662.80271613042
98559,10269.783872290118
88796,14313.820910679124
85816,17716.184938408274
92649,33478.91968334597
101935,9637.948534639996
105463,21894.065869527574
87365,8798.531631411823
95227,29183.523453846516
93234,14643.113635288995
85937,18296.481784410003
101266,14115.973544526118
99571,11293.106734112122
85700,5915.691078935267
107102,11338.212374513298
89204,8556.968075935052
107013,9723.602096334918
89174,15259.703282119912
105413,16860.087564948593
97676,7389.259065469944
97236,6916.908265921537
103159,17278.937647913554
86515,15431.798940724964
95748,18987.25488837453
103941,17388.73440540735
86393,13832.516440046213
100154,8432.799643204005
96775,19635.233617001653
85975,15307.942324550644
80620,17122.725992518637
91545,22270.0837801491
90512,9847.136683316761
98423,14299.360819587455
98191,14215.831725983915
92713,38352.70128625315
106242,19722.41010692093
96941,10133.530135502157
91711,17517.426107268697
93194,21823.299944179504
84431,18621.72838993005
106092,10339.678994106529
77699,9264.27318049539
107042,26815.346434833886
94581,81110.55256258394
94719,27784.45788215667
103203,10297.567834538253
90527,19309.053222866794
105553,10009.192047454155
86257,15132.623300636043
108539,9121.750618679062
80580,20831.382030478548
100564,9051.472102221123
107330,15573.052951542442
91726,22195.60311138783
102084,11523.735711538078
87088,12622.809317682812
106757,25608.478285160145
77040,14078.064685315354
83253,12807.963246448056
87231,5538.730277759838
86913,6923.924454734989
100372,6812.678219006882
104194,25617.39201378608
91979,11819.34995712351
82139,14986.129114298901
82434,11821.266577933187
95418,24845.34488899298
76862,32795.355909751255
76939,13636.25660861431
86454,17956.98950631909
98632,29884.475599697857
77936,37071.68604600425
85823,10773.964099950985
88035,15967.899028471234
90469,5727.877031584588
77882,29603.047812123976
91663,20604.524807685568
84326,20756.56937505423
107834,15842.010834356648
102220,13658.951981122202
105246,10223.976702993938
107828,21176.619451452036
78808,12326.98180710248
87428,14040.801946914102
83186,10502.223156032553
83578,12972.431099494317
76948,19514.64823281426
78241,15706.515993898533
79743,38843.6547246643
105523,7080.124482006246
90957,14278.16799818958
100382,11335.986267643424
76105,19397.265496917615
86104,7496.731485439147
101922,15334.021646744908
76554,20286.477906975066
106985,17020.85389162619
85689,14289.654878958769
85008,18795.508213080942
91965,17952.63401889158
76366,37551.22708193098
86191,14164.568577231554
99663,6938.204410974243
96285,10369.054410411967
104099,20483.350970959873
99056,10505.396682185941
84374,10650.60188162576
106354,22549.931012668494
93698,42266.51325036957
96634,9656.660787942188
84156,9408.442114052707
108084,25809.8821839331
87399,15086.466904858486
105466,24912.146315646405
80586,31090.572683270588
92580,10060.678816827503
101845,5154.090217943243
84566,12571.883640828082
90141,6568.31179338702
108378,13536.521179832327
98277,1988.1739312935078
95092,36693.8910063563
104064,26021.411175185458
107637,10042.536091847533
97365,16201.700955551161
96955,13235.998989610238
95760,14581.454219762476
95872,22824.293018101856
96240,20560.15869009735
88163,18138.09734476356
100611,18688.523568908702
78881,25718.81644621219
101061,14498.166417966891
107426,14097.9958947637
84044,14491.766804612922
104552,6359.281639943405
94780,11609.048601610493
91863,68692.93721111194
100864,9634.261288391242
81237,19174.134220284875
82136,19493.726330757247
95905,13513.68347601129
106384,4599.777933185195
104293,20802.271971933653
81454,19121.63354943649
107302,25209.33970193332
104291,21964.595235080338
82868,17007.02845434046
97858,15621.016109852113
105855,19383.551232791673
93166,18825.43232037565
94741,30211.206796310616
90290,19520.411956828862
89573,11020.97493366327
78623,10594.040010737439
98815,12164.59749114494
108391,8178.314435386572
84762,11117.221060217053
91318,21341.39197807474
79163,21280.864106167493
95977,18576.07209626137
85867,11784.012395160198
88322,10366.211525807706
79623,25016.987849236524
98269,9574.1153381559
99650,9642.306572634954
107902,10774.15938184069
105941,11349.811421375362
81949,13593.85645538817
79343,30082.086177629582
107578,19787.812990641713
99489,7226.368926990003
85577,21272.773774605
96815,10773.814998693735
101625,17606.64673217244
77737,16200.80008241471
104092,24502.923784426337
100181,11919.081205717255
104928,6767.922127539252
98913,6934.5126368426645
91602,36142.12808448716
83876,23041.324641956595
89307,10137.286362281446
94093,27489.54588176762
90665,7842.041457812667
89424,18095.18293591486
89966,15121.352223126547
87512,16760.50579523775
93925,21002.615596699685
92819,39390.218563618415
93100,31548.926713198827
84387,13093.672527616449
102337,12577.13031756359
96351,8241.889852616694
84790,11823.76364602459
82257,11386.272252745546
99957,18282.49862008741
88917,17512.34746669236
95068,29774.89236221846
84509,19823.749752164673
91624,31417.59039982922
97851,15117.046727044943
88699,16701.9464263553
100216,8676.22241773588
103752,17216.549740779417
86444,16490.08145045453
96692,15192.762380989354
99855,10187.361562466496
80299,35401.0223198353
106960,7440.444870375114
97471,21767.862383842632
84560,7017.367207969365
102670,9941.30859660013
89279,9979.278043595516
101965,16977.59773821569
97569,13589.059257459337
79614,28022.548415686026
91772,23962.305851468984
85007,14464.033820939252
106561,20373.068504631152
75994,25103.652207010713
79691,35955.64969364252
89364,19871.860883093974
78875,15160.869904778801
107066,21741.43598979197
81507,28003.642789578582
95249,20704.109219066428
87015,8808.38710321972
91324,17534.353883823114
76752,7960.109611603444
102171,15223.362763248126
101910,14258.34441303425
103619,16400.511802550787
100128,9974.712897099682
79404,28463.175974654154
93180,31509.111580545316
98208,18587.727113699686
79595,22756.597746925785
80232,29497.581063957434
80698,28375.54367389782
77442,11254.991128518355
89295,12040.121462236171
107982,8511.209259847252
104260,9746.277614323233
107081,6762.010713263242
84397,19162.88371510012
76341,11614.544473163152
105837,25383.329145998287
87758,17951.562764963983
89085,10216.805686692696
85464,6402.456862748888
108404,10799.695680961247
87357,9679.419032900423
96567,13836.89370681451
106723,6365.742437094123
102198,7723.337984997967
97673,13281.636107270846
94078,18239.341783798893
107507,11026.869313310046
97681,6456.213051779074
80033,7346.66325711013
86656,18485.41476279554
77797,21574.14758677374
107699,24467.996361069207
86945,12433.40752959439
105222,4332.3864641056325
104904,12583.812054856216
79731,13064.554605764572
79205,28952.288751560784
94275,41398.381545179065
83219,12240.145623678269
93926,23854.93897186741
77804,18403.969346411523
84512,15897.964616705507
77215,11101.898727729244
95226,27186.547106981972
102992,6749.636980713457
98108,14364.882263457082
80629,14597.404323651277
98788,15771.244082704035
84971,10776.263254849788
97484,11891.34512098643
87887,11036.966865768602
104294,29770.394095011074
84316,9517.101113529901
105685,18489.87809194188
84866,2895.981943202299
108412,26281.747886463338
83463,19127.146866163825
105005,15721.516907247642
94134,11898.704753212274
87832,10036.47862720665
106089,8806.39918775064
90745,7984.970120123511
93579,11391.413595300017
77750,27079.122576030273
101618,5963.86392377864
101148,11847.627066117326
91084,18005.843652775668
87106,16870.403480298482
89045,9915.346531539986
100365,13679.321499269261
107100,16684.054330505765
89836,15555.04646659158
90463,12205.421151083989
95908,30247.20800972555
105700,7808.745416965017
93105,22762.964385126972
83244,19020.384602475082
97603,15196.256234690245
93616,26916.569464127777
94245,24031.08922177303
90752,15618.648937275928
99594,16009.197162689148
93068,41520.980678637265
88443,12587.66853189673
92592,25365.725104839243
99796,12360.54613721237
101588,7529.238444594747
89633,11436.994574949102
99577,19662.13064181124
97165,4972.415832745607
95686,16375.508996721206
79266,26655.215951506838
76351,27507.023051961834
87457,9422.63520501184
90220,12555.650082240587
87855,8182.801709572305
79818,19095.765833479167
91024,23234.444383773778
97908,13723.24304626322
101556,11387.61495112895
89750,8922.916607721929
107781,22412.05430601092
94151,11791.117849434568
103214,11053.921198726412
89012,6334.461147104476
80997,22329.451686341836
90002,19442.46095896267
88243,14164.277675077876
77631,19946.313329880042
76185,52939.927433278346
102767,15388.610457757337
96776,23063.315235272934
107630,10439.408726531427
97550,12192.463785070813
91871,19300.59762725119
84499,13646.354771701805
94523,23558.21719285066
95467,23925.976710232804
91735,18651.003392380255
89874,14155.596219688074
90168,9381.588166931666
76765,13141.635236344044
92590,26152.54016346574
100529,6283.030185097582
99330,6431.44437255228
92566,23378.84137093975
85303,20866.164010652537
108401,9221.95533051749
107621,9380.074006976009
80471,17171.160694061033
85478,13741.843213962668
78386,27512.153899960613
105016,18502.07882090641
76807,19041.083553270648
85036,4687.82605160912
85428,11957.41118557318
85783,10011.7766247469
88510,12335.556102497052
89262,22649.2911916938
89136,11136.960355592886
77193,44219.526077277966
88928,7536.659325754451
85930,18935.07504460085
93387,29599.7176835248
87348,11956.217618620267
106766,12627.271982760807
94358,16668.991710807266
81582,13533.430433040297
87880,9124.138397122271
80554,25363.845528018057
103295,12819.749009193325
86265,7649.685870973082
85650,5902.205833288428
78496,10587.988319497188
90155,5126.140692203664
108366,17444.9869829131
95435,14371.61476116483
83433,17565.09591665211
97917,14213.951363901306
80755,16217.264398016026
106070,9832.965964638284
80354,18382.860344639234
98453,10505.303651640443
100106,12219.153535183363
90408,25619.439445758042
83615,18478.147869198077
82425,17917.715230322396
101993,11455.043486336011
94522,21096.141612894466
84782,10225.03708008142
108223,15091.835211734857
96160,9631.573184492894
98432,14038.787784121389
105363,11454.53804156109
100535,6303.142404266818
86591,6677.232827051703
104667,20687.676428577437
90913,19542.42804828499
88935,14031.499042707066
104570,12701.521812411649
83610,13292.769287023708
92006,5059.761584327006
86169,18411.263768368008
82827,7002.577957760828
86592,15064.574881206072
87212,12572.914117520291
97120,17451.983124375336
77359,16740.42980334026
104752,19722.41010692093
97296,3532.354187589415
76528,22108.091472387336
94678,16106.764163245218
92677,17797.32950305161
79068,21667.660887480655
79258,16399.50797552401
85903,21541.564685424506
85139,16896.04950276035
93427,21022.89312998356
83820,10047.071414242295
77286,30546.9358992452
99210,7286.234712279233
87068,12896.9753344147
83423,7442.259332188507
104277,14049.272647534204
90679,14876.015130664564
87218,17365.961854815607
85604,8846.554358633086
81045,34576.068871918746
99525,12032.704055627391
102332,11461.735511130706
81248,22543.333597087127
94626,26512.23777749327
102031,6089.0456845527115
99240,21286.766278155577
104198,8470.187686485375
103296,2922.709991884276
105530,21849.400016936474
77830,14839.607387216134
107707,33862.07842744717
99875,46334.0301848265
107727,10984.008996474455
86279,11014.360025390273
78738,21632.142044396292
77514,20113.664677323122
83235,10523.758242996486
96964,7361.171391248642
95157,27305.26900865565
84407,7881.963089447718
107930,16872.319877714883
100103,17367.088780312806
97895,17227.413602951976
96823,30794.504301075627
85448,9494.135586861375
99246,17638.992467182125
100586,18490.145686176573
84536,9408.837768716116
79744,13616.06239226543
89433,7636.526390469619
93466,20453.421438618992
80628,41566.62267447461
105144,31949.450321675326
87407,16101.11642652076
106295,21535.13688957933
84239,20556.70621972929
89362,12763.447205533681
85099,11233.615981457218
88071,4019.344814034462
87696,12381.132384324988
102512,11782.107037071137
95911,30288.264817933818
85069,3797.515562933225
77710,32230.031820062166
106234,17891.227484266066
96338,9850.719105068252
76534,32844.50029416284
91330,15531.717702510188
99229,13407.235554859079
79318,15468.677836454985
87465,17877.377839413635
85327,18979.95001651836
85601,18696.457756910582
84287,20754.911553236383
99523,12110.245530412582
85692,10427.003832198112
101573,6903.274196638692
97295,8404.957195024514
106567,8895.753022106554
76031,10072.864897152858
96219,23427.45599185716
103153,10201.786917598958
91126,31293.083794942566
106188,20592.379258401106
79174,14918.895082333336
102013,10972.517221952407
104603,13468.14118081334
94006,21832.712347122804
108326,13392.021158120591
78483,33006.39705532712
85801,15787.972078158477
93295,20296.01113718002
107744,16873.40311352388
100171,6031.227335051371
106558,7945.493171600245
100806,11390.651671085583
87732,15425.535203170442
96227,24403.845783316876
92111,21497.666591714114
86147,11223.073320061625
89519,15238.311561959868
95271,29381.832495389066
95264,22109.70775759806
102294,17606.64673217244
81966,14868.026479660488
103012,16539.953600958244
106989,12748.230888529222
96772,18023.894981615464
102972,10508.85842605079
96306,33289.53934496005
108418,28138.102067747725
78045,16301.679836115463
88095,24863.52973615722
107561,20802.271971933653
81795,8025.4092638392585
106736,22503.83365052508
89308,27757.46614835817
92852,22464.667083751858
79486,15375.206026763099
102942,9061.075193006163
104342,14789.232304679708
92242,33050.22538250927
107000,16872.020838061893
101869,15168.150373705352
103744,11606.849788326464
92316,21581.161954222018
100386,11058.888760390622
93123,45577.757600987345
79755,59254.295368418636
103598,16112.247906185938
85309,17106.85027776484
99062,6094.09470590827
106747,23598.43315333315
86675,13840.475096178767
78833,15381.027004316073
77194,19151.120470686503
100977,12450.08860124434
80837,24491.379372437914
89253,20983.80833099946
99368,12302.231234373485
82058,9935.17979181251
88519,18138.746347731692
91242,29294.427407073126
80897,30103.269829939523
80505,10430.723965504794
77645,34032.90307763658
100818,13021.009313887947
101021,9203.217083062968
80028,30677.311450120167
105669,17671.372175141456
105092,5042.399021052652
85973,11956.711949674876
101110,20513.42495922468
87926,21632.761172705475
102411,18111.669228911156
86210,13522.344781281541
106999,12625.008272939112
86228,11860.743261684867
89278,13553.162163982273
85460,16144.100937563968
100527,5294.254929779983
88852,14398.06513974803
105762,17626.41979148154
100149,19985.42230356215
80290,20097.46688561319
85953,9076.765057676239
81492,19080.388465975826
76831,18141.965426447976
106123,18004.33141598668
81945,34628.91868035166
96796,22170.01218511022
83848,17532.578321609246
76568,21941.531417878672
84777,5951.950027097086
85159,13664.022354170762
86943,12324.72315918124
85719,13269.361704978579
90325,3726.499655912511
102061,9894.086572118595
77924,23418.21836077914
85093,9095.814765535475
101892,17254.72473869765
100848,10856.052862049755
98725,23717.479837172883
83883,8273.80809898445
90754,8461.383458976536
83803,7172.543738438929
78486,12421.46181684618
82705,10906.866306024736
81532,43946.76389899026
108285,23402.043971742038
83833,12314.892292099426
98263,21732.453137449334
87000,16420.92533177394
80673,23264.040439922865
78206,29300.52991326063
105718,8632.8035168429
93533,21516.045838614944
92133,30960.808368631988
91065,23158.926227158463
87899,23680.926466912057
98017,22582.468176021186
99570,10579.819326044066
85188,18076.947470746945
101319,7959.524143635831
100142,12358.985473527991
100019,8803.793964409257
96598,13422.7062134453
81397,23287.28377792849
89238,24294.94645006939
95758,19008.408548539264
91540,14512.250388776785
88474,8726.447765291363
83465,11408.639426181562
103092,13427.007429796055
84968,17264.884729468664
77523,24116.783449522918
93366,25082.525510746276
90815,12130.703995078375
86902,9256.522141521542
98479,6349.0034331892475
81068,38072.90892929243
93005,13153.374732145157
79216,24441.10049275749
87027,13207.961986966217
97332,15096.798866208172
76700,31363.555235796997
92098,23073.213028880527
90564,18392.09755627944
85106,19957.76507282111
107907,22348.65840898721
84142,7186.193821757788
76304,30909.869806894494
83000,11739.022131361415
89782,18077.537005838334
76184,3399.7776056627554
107539,11789.27900596877
78236,32218.219950302915
82316,20899.804540898647
106526,10974.013908535839
94138,22332.44266877445
87340,16896.85669194378
79516,19853.569166499856
77411,27369.657563812238
86680,10779.162908077593
95225,18231.692220208733
92224,30583.76121599213
94791,19034.248909960897
102989,10260.899181342673
80765,19224.76121437197
85393,23923.494198290813
104860,17502.24949911076
102484,13145.244075421353
103672,12918.003405292327
82448,15780.782906276121
85479,3735.6118345969285
94775,22719.42190826491
98729,26264.15474419948
76893,21242.079683086486
88144,12136.491644135578
92369,13263.627617752494
80841,25341.024488856303
76791,21917.958290914456
91845,17374.862838635225
86949,11426.6434979992
103913,18853.42423017991
85869,11969.784093143995
76426,15528.930930360326
85214,22669.834880302365
95332,22553.203617449075
85821,15412.816492299997
79430,21219.1743210382
104573,10961.603595580873
105788,16965.817230342647
104867,14573.644734577241
106367,25681.659099036482
108241,16459.03129576073
76913,44924.900043721405
78712,41332.73858047702
87769,10559.42644776175
80169,21166.578347737737
102028,10628.206296491886
102001,12058.63761814151
107798,33613.2701320459
80044,48965.647355776826
93757,18850.965573963338
104233,22803.416720164245
84195,7771.477192897002
84096,9322.355225196357
82336,20255.534186091325
90423,23830.58792228979
81769,18701.1414224208
79650,16584.88090117598
84837,21558.10442605058
106303,9354.943341508197
98551,24392.79514762887
100452,12819.749009193325
81161,26933.255411086728
101116,9831.042804549628
93465,18890.217626440615
92749,32008.42103999061
86281,19399.186578697852
95586,12554.153117292675
78235,24284.189698669194
102754,9422.354151042657
100017,9858.290384019032
102637,16276.201319040614
98192,12942.155987460244
96683,21132.952166807856
103968,11235.790393728143
89159,20020.69757830025
77752,20557.0041009894
78526,25349.02354305742
108387,22698.809657344664
78659,26291.890049841575
77013,22966.190510110966
106480,16013.317215185118
93920,27493.510862809675
92912,20726.47854266661
79044,31953.920774201495
96831,5891.0280869289
83502,10504.259722118104
99420,3398.261392079459
93785,13256.883992496223
83739,20070.183720253317
87018,22119.39877614553
93773,31325.341368146594
101674,10501.108124084245
91655,21320.20818185134
104412,5171.932266211471
91636,30285.78828613204
91101,16847.04220905749
102437,13041.427132500563
96958,13348.043072095701
83934,11645.169879777515
83372,20020.84539879513
107296,14544.855570141197
104909,20744.336569642313
103886,10753.509263940308
98858,10291.836581209825
86276,12451.201423481007
98148,15533.660770164199
107294,24849.081050691846
81812,39961.19297793302
77997,21282.821518766184
104626,11350.15750996879
102424,11023.978607305195
84992,15002.810834568727
86867,4275.959671137719
93370,24124.55810481106
90804,20833.02882283665
76001,14801.808140047398
85691,12014.47313132949
76328,39134.006444751605
79143,14285.072937500565
91356,8301.073122074595
93553,18611.870934647362
93673,20805.29935964564
108239,10921.84495302433
99923,13216.680508149795
81616,38538.44428970595
94433,28400.466022609617
99985,14140.381937697017
79648,37017.95075516336
91423,41950.66432409811
96581,12701.280575887089
93321,54775.272217713435
89736,18410.133502321103
82722,7877.1964209450425
76093,38946.30259098394
82767,9853.629868002336
101615,17606.64673217244
96585,10682.03159361153
81552,17944.86553394221
89656,16581.999020233037
76301,15773.836653661767
80683,36084.94150721918
95638,14791.723110502355
78343,21521.100201805468
81495,28960.74838540011
78517,14303.031371866256
91764,17010.745792533748
87050,22788.971964846514
102877,17075.926477124078
86844,12746.30327331705
94535,17168.248105058967
80871,12093.564062481064
81126,10562.867490838527
77182,21401.557938411774
89335,17135.546719788046
99612,10408.97249814798
89041,10459.073427239156
104165,15723.618562214991
79096,24291.737210918403
76051,23279.300317856123
99599,17790.983811083595
107763,17942.47191526432
106646,13845.812728744195
88985,16687.53147471439
107109,24180.771980291018
85110,18509.99617255083
96907,15868.47572450455
106806,16153.601791972218
105409,11358.046941843997
105449,18037.690831609787
104042,21480.61973792377
101299,11270.56249689161
102434,19413.91513256185
96363,10723.051954020448
93918,16390.383138626272
80842,53441.37467341258
91578,19948.714818023254
90458,25586.29637526766
82186,22256.677414630823
99767,9118.466360355504
96898,26717.86930717209
77755,25722.018687743854
82958,15533.504699915893
89248,6267.754085905073
93452,10324.50009958112
81517,11938.583642216077
77919,31125.359702787282
97110,15409.61941953685
107317,9746.277614323233
106102,9380.074006976009
93034,26546.77420485066
103446,11403.33913335695
82762,26588.50668851173
77365,22348.327828622205
86634,16496.586738663143
93109,32031.229309956383
96094,5179.4625002074745
108191,16734.462374182254
82667,11346.787396141912
87953,13282.865728634692
79188,36171.5603203929
84962,11932.547201139285
88377,12431.111374224702
85942,12082.77063565945
88278,15530.74713363594
77743,22408.06829505927
98341,12024.902911723653
101197,5271.365926179888
102838,13242.426740030996
86885,8436.759402004873
87648,10882.67050540818
78995,19706.45483442809
81374,21483.637789097273
83829,12119.607067481724
86073,15677.421326921085
82848,10856.697905176134
101727,15315.01401151727
89929,11029.860978134964
108534,12965.331509951606
80592,28409.7729327897
96292,15405.071716933619
102569,12618.133918844575
84692,18238.210683660454
84531,8505.968212558777
100173,8190.942507593244
90263,14354.060145739455
88489,12506.755413791083
83941,20171.12260283583
96621,12819.742254072162
88427,13575.75452107516
86625,13399.361002391399
82798,14385.074853444337
86084,6079.302230313917
93058,28434.67807164169
98527,9826.59325048693
99786,15843.098751843916
84132,10935.19581632642
101160,11294.261601338483
80396,38338.53155639218
88132,18593.03269859436
82835,19969.124113624173
82959,13263.342032492252
97225,20267.09093703703
85463,17516.575858181626
96733,10515.75596400919
91820,11838.621367808217
105870,30786.043880949328
83255,18657.43296768501
78899,22392.775241315157
99812,12720.88465563709
85798,13110.063340474337
85452,12803.16313587544
84706,17973.559684676115
104289,23131.481602306507
94785,15147.559165055676
96707,10080.85696377697
92847,20888.509611548354
96054,15912.69710602485
77986,67668.1635850385
103435,9329.84050101884
97008,13956.20142815788
81650,34120.88010378343
76920,26976.06275802524
100479,15430.351024070354
78120,11723.514290013552
84761,6031.962065099796
95062,27473.261857382786
83102,7151.652218196482
103872,8756.825261049345
103816,7916.93724915599
85672,9108.17031341456
102125,15702.507059827321
86928,19398.500130921962
82814,15628.699200466332
93167,28578.33860355682
97674,9393.11018740582
107400,25249.209209879416
92669,12560.785744130302
78046,25972.98282659884
85703,18250.717812606104
104265,20015.276788470706
107786,13745.77017798312
83707,19177.084418999882
76858,24424.029779776796
94147,23560.471781037664
87307,18824.88008197153
90594,22685.548352590857
91305,33272.91443250367
83302,11368.732580846356
86173,19727.059442627997
95811,22597.127508713365
79868,18091.09307569649
105265,14802.920250457395
107009,8846.051212916947
107281,19693.818692451314
98848,13328.516003932667
84222,14845.957854913264
98808,27294.88091447019
94002,33317.27516096928
83985,17141.26521977611
107772,13378.732091884345
86564,12027.77828126111
105241,16561.877383812098
101060,9579.21604710552
104362,25610.448856720854
77441,13286.121649656796
92827,29524.403616956588
86523,18298.923222387697
78695,27021.027527603914
81392,28707.709788146563
104823,24752.82497857042
93521,25959.70321234008
107098,17959.965321548152
106011,27899.34328793141
97032,4355.690898677085
88646,10615.186890697609
82014,28108.488442116864
88034,12016.890577918519
90561,13443.759965285752
107888,14072.591845275183
106249,15328.03684244213
94608,21609.330437108405
78134,18628.265760532006
92898,34311.1234899368
97031,11292.34036431458
85220,14725.478508971302
104973,19735.847267901743
104081,10009.192047454155
89865,6302.073076476764
91706,9988.083726191695
86089,17695.332470473986
98736,17616.279979869687
83238,11368.732580846356
104237,26656.397291398578
106990,10523.181244435516
93432,26893.49858882901
85280,19387.190221987767
79909,18690.110182778128
87698,14161.012298366802
106059,22145.839770513863
91016,18815.14592901336
80180,22298.069826900763
90006,12864.481898655951
78122,26422.93375873715
99672,8021.744051482123
102297,11040.631474467875
76047,14778.159716224698
106296,18352.648107893525
79989,32838.00004647241
100843,7243.4454696912935
89014,19572.737665044133
90568,22393.16316629299
79905,20694.252180689164
90643,17853.34365972246
100729,13187.77848473661
97084,12230.096894210672
100984,12263.21241214579
91475,26188.50319687543
105531,14445.879180538452
78482,14021.353188701018
83254,18943.45936085045
85217,9494.971596300944
102974,12379.608856700417
80040,25270.853200748566
96077,18711.27909521833
89073,10089.647332114235
79118,26079.290698190773
107565,10845.788844951581
93486,19295.9874780236
84670,20200.292942154898
81104,18013.86569845818
97867,19362.483427144107
92897,15146.243145050646
96592,15587.734449090742
97864,12257.615874622537
83369,9017.492004211537
100471,13214.809144755422
87533,10946.507746793031
93111,18984.02198246979
99979,12481.568692940873
103340,15328.453955017587
104434,15432.644915081119
78515,21799.7569465614
82046,48081.557973256815
100572,11648.951651514713
96382,14881.408510716738
97575,9833.344080831703
76210,26856.375085904307
96628,17753.162300943863
98232,10430.672672897656
92457,32863.55665235744
103665,13637.172172367984
107838,16532.240121011982
81165,18510.964753940443
97719,23590.50589433108
80739,20653.13387323436
77593,14670.317983812452
84766,15159.51135773999
97274,11918.783211078233
77281,10279.903972513428
90347,6141.045723746049
77555,21492.043590032066
103246,11615.077061141234
78404,24858.88328418297
107745,23916.213132222165
77017,15278.644543187467
107995,19740.895610422842
80982,28258.450607632367
93844,46167.10925183848
83606,15045.971363210287
86904,15475.71851722998
102616,13820.859712369336
81768,31028.613238685648
81464,16891.799708825743
103309,8093.855456343746
92975,24167.560171134497
96156,16568.94212560957
87770,12678.137188503793
99632,19851.74203691029
89924,7817.691455384288
77573,24616.84766780057
102968,16941.595894766906
77822,23469.861318271523
77725,10037.335718698903
100787,10333.763207687134
78013,35921.75009238135
94440,22002.705421968512
83938,23683.877869744312
81204,21698.773701485115
76519,42625.698439373766
82172,35210.84722619916
103592,6263.050903918616
102003,8070.248601227917
104259,17993.16329180681
81120,19561.370438926366
106207,10818.813064473545
86710,9184.246804755825
94024,40346.605406393384
88164,14113.969608020048
86667,14171.271782605234
98371,16432.83598256356
102344,20398.00810208587
83142,18361.54197720441
92532,30031.82134558478
98345,7825.991769859274
94565,17031.94613970539
106223,14064.354200474649
104831,27226.52634750095
96144,8918.83600116708
106634,15362.680809014188
90623,9702.0294393812
91275,33908.59616041434
91547,16970.37541927489
86390,11626.29708809566
101986,8181.124214571476
102994,7444.732695680548
85291,12982.423753835994
97430,15539.70821677091
106209,20551.912846764433
94798,63962.959425326546
104565,7546.192274158427
93679,15821.084359068405
93960,31293.083794942566
90063,6494.774165502079
80038,27235.58006787074
106513,11158.373948028695
77267,29999.700409214227
91539,29364.968749578984
77973,43362.8377935249
95999,12179.583102969851
78036,24476.790886554667
106191,11338.757822698544
77480,14730.380170278515
82656,10155.089630219296
93916,20160.975228228635
95975,21327.254304209768
81550,15534.403731850902
103221,13637.310235165914
84062,13218.536152595041
81584,15097.38037119211
99564,13859.122123871233
100276,11172.767186231096
81308,19198.229848210285
85519,13760.730480638733
80114,17356.67654338449
83911,15291.062505788888
101879,11282.483168624489
106626,10621.476805752332
89009,13720.371657999696
81989,20259.483450529882
88197,13619.556992627693
93592,32437.382519024162
103290,12780.823607123457
96988,7048.6807732017005
106777,24944.9346133348
88922,27945.229076066767
78224,18784.528010125654
79643,47489.997808616354
100066,11614.612478608555
99132,8696.445922910129
100610,8634.184551292768
89409,13767.393966331972
105675,23841.587459156828
93304,29705.12867771637
87662,10776.631779266221
99433,7145.381047071239
100011,11231.965061758434
95327,28274.601598356392
90169,16461.847145887645
103978,11081.487985111355
95238,27829.450971503345
96242,14344.644629055021
107917,14186.679200453078
92639,21569.127001080582
88936,21651.240878603385
102923,14324.796506593242
87883,17968.224812953045
82670,18810.16237365176
104229,24284.625081032198
82031,25642.14932234478
94197,21761.293865543757
93921,21525.329444394
96030,23951.245297196318
106335,6326.159153307234
80671,17871.901408516704
86723,26491.772878998152
79293,28586.41104713242
97549,19924.289291996785
91837,18409.024663977165
86437,19693.567280682084
107577,24679.33989207319
88419,11911.111248926409
80746,43497.912260118115
82548,18943.45936085045
102711,11432.58341030988
80682,24286.64781941545
93204,32811.82840985895
99582,17292.623432332384
93195,31123.12387857364
89626,24927.279372189463
84713,3739.1257620713677
103182,15896.866513541283
96954,27431.555891111268
81758,24769.688845212902
91938,17178.09489574225
92961,15778.225967378494
89533,19434.447308000297
86243,16197.4925490263
104482,15241.217041940135
83198,12445.679643832827
78284,13685.4351068229
101133,14487.146771188816
94339,25737.384616567746
88631,9954.394383439585
84364,17310.03567692036
104341,16626.65868080007
84650,10535.117589442334
91140,26794.23608628446
88889,14331.713207387982
98085,11401.015487839153
78796,17774.362960747683
80524,27824.434275350726
81309,7732.390534501957
87410,14056.207866509532
96810,2108.0647343888472
89982,19685.07407578009
87326,11166.070866132754
79722,18739.39183680068
86367,12587.66853189673
105368,25324.733267593903
92505,25150.460061328784
103000,13374.522532506542
85052,13007.592706331116
76497,47139.78317797598
105312,18298.497313054617
89705,14885.736896076272
104999,26874.064993278862
107876,27605.33393897844
76095,24598.770000101154
96723,19059.391276607268
91593,31327.954195543887
85772,24410.800155810233
107199,10375.653189293025
78256,50074.32557421288
78275,34007.9767914259
87582,23589.52629153913
104231,14240.358600354932
90265,10331.53540878804
81793,20366.743040366553
90526,13437.805582906663
99086,8736.324011822566
92743,20236.772382138755
95412,12280.777011056563
91146,28235.174809926924
95923,21824.353985430575
76021,20729.194432398755
92858,15256.552151507218
90984,30457.922247987743
79158,19071.738568525827
90318,13636.452601861234
91747,20595.82476324301
96641,10719.622411374081
76202,15789.005594108306
101040,13490.35343163388
78797,33487.58534498861
84745,16587.677100775967
76942,13995.385974420264
78980,34929.18154033544
96662,14278.057113620525
107813,27734.214436975482
93431,24891.277033669707
86915,13859.366165186764
105102,22557.251311494245
104447,20930.99797950876
83183,13798.887565759685
78917,14028.462882223797
99336,7529.616232203483
86883,13108.711368468583
104155,15506.584319550455
89989,18308.225804074566
80406,26182.055902940425
103151,12736.505299580445
101077,15157.01649516593
80134,24427.989687194287
79090,33848.43203514439
93482,55639.85569947928
87205,18043.212843978792
81295,42969.96856999207
89726,11909.579501974567
107842,9165.395745979273
100351,11042.700849039686
78392,20950.24100154301
106503,14492.248666597281
103982,9116.643230279045
89276,8315.617334517301
83143,13621.519490083965
106521,23875.92675168132
100841,9448.499015784164
76990,8455.026658641258
108466,18881.37771872649
94285,21500.118240146658
76323,21270.735761983888
90868,21551.70756825588
100631,12980.356862785788
76196,8561.461921189655
98387,16183.862447424703
107494,9607.794806839513
107439,15886.671836916667
101458,19413.91513256185
78473,15870.908942894132
107016,18476.92028752862
102109,12251.986890468763
76537,12245.290126975597
106523,19387.11720646151
86340,12724.796763036786
102486,14711.870280975216
98993,21509.977266824626
79358,9606.817819976251
79906,10082.179297037457
83932,7738.172610741016
95064,7979.8105811243195
108339,18358.58321848248
90489,12015.244872265666
107984,21672.958396136903
108096,23770.331949484575
98313,7960.191672528093
79508,18579.86467741818
94289,30166.148813460786
104393,15591.85832419074
108220,10673.60101473885
104795,19019.663439918168
93178,20759.389654542978
106079,35068.33486263523
89584,8257.672895532354
102435,8607.414738498532
91967,37034.226250413136
107618,20452.579230224197
86862,7080.827840016873
87991,12445.679643832827
83618,19474.223155595464
90089,12460.82190364435
90681,14417.297689248095
85562,13713.196895958268
102934,12321.695041522738
78806,32935.92603460102
104615,27161.038944242715
101221,9203.217083062968
107067,25071.221631967506
101807,15315.01401151727
85952,18271.262537885774
99387,33825.78527887008
106135,11783.676999712487
90522,12561.180254061625
80068,29474.89047447012
95046,29580.435840498252
93546,29014.94475355721
97202,24748.095652625198
97567,8394.838890608233
79963,22392.012574163953
84033,18612.77736573991
86538,14263.307686889042
104104,28548.120791115765
98033,6449.825214945005
91989,32863.55665235744
102114,18688.523568908702
102507,8644.714024769504
104663,16998.2177678905
90772,7982.4608299358
102250,8887.510662764422
78758,17528.22801698377
101421,11389.50746457025
86744,12733.72524469874
98916,8822.955400451912
86659,20866.164010652537
79853,35480.35665830992
102463,9519.590897708636
103827,12342.48759269423
106662,25397.63872821434
97291,9768.409791793902
108516,10648.375429370613
101211,11462.025580267169
94947,20086.51185388226
87948,14683.739835195842
83719,21017.027105525554
105186,10322.35003663096
97592,25397.175419285388
79918,36713.73634320673
78137,11358.460557537677
78859,10037.240411217781
86082,10539.82242060062
96316,13526.005286011103
80327,9732.47539806545
81639,10990.75932142734
76145,32617.72504643946
76612,32336.779234195346
99606,19659.493760481106
101120,8443.377108027868
98540,6756.795053695245
99667,7406.26641446612
81038,34907.34496080609
77521,19730.457253340544
83408,8144.387482552117
86905,10254.839836268462
85997,8522.83369941874
77009,22209.944738954913
103958,11436.990894508785
90392,9183.908004437628
94800,12192.158954109978
84391,6328.125596086207
94843,23832.002030153802
85555,17707.445740256375
101453,8472.830877771588
86686,10858.7307204862
101665,9979.319247026446
101044,5431.304148287266
84230,9474.799565720516
88440,15621.087325402337
103253,7225.38867887585
102847,12127.942749111648
94381,41222.35600182563
94229,28529.42531201079
76327,35763.60718781536
97717,25689.48315301715
101291,13817.435333600059
81877,15381.595597871563
88927,6007.586848798717
77137,34383.245319071444
105325,9031.418158520786
79368,46501.36456055377
90769,16247.36719074902
101376,16031.414361786587
88733,12423.509352774163
104519,15684.683838346657
79100,13232.204361571357
85667,12583.578821062953
91111,30761.265447225054
84474,18542.804826584284
102166,8349.253024638432
96711,15196.397438189111
103102,9526.439936208284
102519,2594.442173498013
92508,18314.140957452742
79560,28505.455343477784
79530,19666.35463436433
103272,7945.250880503883
86935,12313.06423391314
88977,20596.280651768702
92681,14028.537945755426
91978,14815.303129189693
81144,26373.861578053657
98005,14347.016494493673
82716,11715.242816011134
83371,9281.73248972117
95566,19813.085507174088
87240,12130.526181692243
105593,18945.0646077854
85457,12371.06195590638
89803,8462.734121035577
107934,5226.802072666572
94736,31640.576634492907
92865,18594.688836814923
89863,14879.191638732242
101109,12043.342584124002
100755,9057.085288397142
99015,22419.76225039557
98439,10095.086335056405
84150,10454.11024873388
87593,15688.72575373643
83830,9674.425276482954
96778,13371.527026848864
93458,40941.76695052841
103141,12256.984545794086
78576,22764.592553512008
84582,9087.241931622239
84034,16137.50277801341
79223,31591.66117128628
88574,16317.013275653318
95914,18873.679356577315
91830,24311.18383135588
76682,24004.375447298386
76091,28386.006546590408
86187,4133.498609893411
80571,21431.239216364593
78015,22621.076795601068
83392,14807.095178767175
82103,17445.89966918419
93859,22823.581652362773
76290,7549.8119691112515
86539,5700.108582197823
81288,18216.03304671319
103599,9573.345083866348
90430,8715.204217035318
89392,15720.135419983142
98963,2456.2439510954837
88846,13164.881843795914
90966,47126.817189029505
97360,8756.657913670862
82496,10837.576295658855
96630,16760.08622661022
81712,19009.772343885536
105871,15342.760266149075
90926,19033.340921116902
81443,17875.873241961872
98173,17969.235622780823
90309,4850.153671486352
92444,21895.380482351207
80136,21140.713526342137
95739,14316.313617244707
89153,21311.942030589435
76376,15354.175963788764
80884,16713.247944108665
87395,18014.426353190036
85338,3367.7155488687054
103345,11633.63732305025
82351,12906.328902768491
94598,44439.859289121436
103500,11672.748202582536
90717,8230.554638255577
79512,18630.911163739405
82283,21085.18772184716
85192,5346.864001777646
81490,16606.061267386867
94793,23080.28490923153
97046,15625.407599952598
78567,41229.00795466218
106928,11699.42147183474
102478,9188.485335072883
99213,10322.471465977696
101949,6611.834116851676
102151,7015.623836832668
82627,12430.797962079583
90239,8163.526071093081
91840,25855.49743755636
93782,40908.73489168291
97384,12811.456357954436
108322,16701.727894154934
97638,7568.79311733097
101508,16508.362187299845
77475,33590.74241450323
106194,34756.12836661096
76651,20627.82524476383
104133,26421.56931158574
99030,9130.47134652878
81824,20827.5291578546
83167,20541.158019547292
92274,25365.79358816224
86068,10324.882603428621
78912,16038.307752812987
88363,16975.854654832747
97410,13032.51171583816
77823,24436.519872712357
98879,16027.425355523463
77043,12260.218760239522
93902,16353.132494432031
82757,11184.731239054849
90417,18724.456850126506
86645,20151.090026018115
105708,21419.62214850735
79365,21827.882223157325
93456,24758.41860744997
104676,16539.39565930886
92775,20938.034187892
103789,12493.630331402637
98176,6143.842702034153
101278,9167.567517057152
86112,17729.293131146733
90579,20054.77455710742
102615,7215.741125381441
97093,28895.131399165817
84373,9057.812880323274
97755,12713.702228842432
100097,11625.148669421507
80866,22276.19168841586
84693,14685.155945898037
103077,5771.177369246654
93079,71785.9018706277
97533,25295.04801425256
94217,12764.23831373868
106019,22221.358170518724
107836,16985.25072591041
84471,13972.01669194197
94600,23884.41458951681
94349,18330.357153844576
95132,30876.404737540743
104772,25654.524477759525
92560,17331.718650434323
101638,9079.693254579961
100523,7119.568414030887
82090,11213.584179288495
95816,20581.881729029905
88689,14604.042667779362
82540,8432.179768466565
81643,14911.815232375771
104880,16237.312242088647
84922,19981.734099405603
97849,8746.719905450414
107366,11584.47151777966
89303,18114.03745636738
76547,44568.95832660536
105055,22124.435850936756
104312,9552.374867851851
106500,28243.317510166795
91096,13692.732903124666
92671,19879.152387241716
95982,20729.211973588997
105012,10388.954972569962
108232,24095.40258275253
84668,11237.832584104493
104903,17748.67584855401
86487,10114.292382171181
102860,5723.8796511611745
93205,12712.29587155386
78221,19996.741277438014
91931,29300.08041027121
81589,14978.78498321878
106873,19435.0029407986
89482,14489.846159600324
98459,10163.506158682121
97660,9625.866586817634
96409,15539.70821677091
101480,5655.312200343034
105862,2137.697569896031
90363,13275.67310654753
96433,12667.202356472379
76970,19297.455648921994
96689,26668.618354748312
88899,13522.344781281541
87559,9445.835180817874
92908,28779.48582362317
105211,9541.787650423992
96729,9962.840147140505
95854,21106.50962728846
93767,16658.255586068142
90545,12483.767375633686
84005,9525.908005400983
77380,25503.625868265157
105877,10021.867707519445
104706,14949.199561731011
89994,8839.291396295579
90227,12502.512562231039
89814,19104.099987755148
102539,6910.6925465371
87753,16606.32178283785
102038,12758.148651945547
76666,19693.637194160012
86698,5459.515262878509
97368,9795.405623871113
79416,21338.512303844138
85147,19505.463401674588
80148,22362.575287065483
96579,12718.232261443134
89817,9761.787223966065
86431,10703.24373696419
103566,3017.7195762019314
89355,9421.377153118918
97349,7017.571515061558
92618,23335.56436474727
98595,17184.377850743153
87502,14526.803571090139
107954,13034.198233264873
81470,34944.296629147946
79848,32098.082394193567
96373,12634.390720359306
79599,27057.92795640798
101454,11604.19856231452
92802,21065.494625551877
82725,9398.679435325263
81084,32046.176467556437
90130,12878.419230459673
91985,13936.144156082464
79528,17956.4837230104
86359,13406.54342212203
95724,21903.13683337472
102527,9310.794131778834
87032,24102.16455958342
78499,14896.212332837524
107980,21508.57885041976
91005,62035.06257897138
100196,19479.06363273698
102797,7396.428189131782
77141,21729.561926339073
92109,42826.9396215402
96501,16600.47694242158
83865,12363.314356004434
79122,34072.38385019538
87979,17981.05692280142
93237,35203.79850016188
99104,16018.165598806085
95095,18587.31840277496
89412,11787.817200151168
77440,15908.963387684886
84127,7207.573284286687
103842,14676.5751147886
89806,5163.832626566488
98894,8494.908243719694
88126,11314.026766161644
92809,17019.441009856822
106076,13203.886167235345
80110,29904.734532665523
95396,16936.86767810972
103003,16899.39101264762
80123,28775.894958347268
82441,13155.250742200817
89990,23977.79099524123
92936,21800.909942594808
82544,10384.560686985913
91339,58983.10457690057
103929,11583.409527828411
102389,14705.348910032426
91128,28506.156308965277
89752,8195.52358398653
76840,6321.758272742622
96514,12116.075076856792
98706,15590.594774980202
107602,10905.571171895725
103844,11474.582873024576
76375,23095.8585786402
80401,17310.49606954067
79030,23349.24082218027
105766,10263.905703429304
83033,20917.346262942527
92521,14415.2405294163
90836,10331.53540878804
99168,10276.800459672506
86363,13133.217920930592
87320,14650.819303887913
88185,9190.39474992115
79290,19878.871763017356
88091,7594.416084758819
83838,6489.89740561968
88099,6461.029112916423
82824,11085.193808566131
94204,11879.683366868365
107723,12604.267983144015
93691,24633.42998385537
99317,22826.51920010624
107105,16800.64944988791
106351,21429.639762837345
82970,16700.222788128547
107261,6522.472478341572
76679,36871.534718034876
79464,18538.564494865717
91312,30494.71397840381
80546,32166.63294941812
89220,11263.616200580373
91796,25888.074360299077
106360,26777.016892990934
83027,18723.738828302616
81553,20255.015616346333
79124,20149.956942313285
82590,10639.089956572723
107515,18255.83662080497
87964,5810.035252039241
79995,17868.943251358927
101022,11745.220257964498
78580,32078.780390065265
97644,7398.92516802813
87603,19399.454739588626
85091,23066.369006890916
85155,17684.552497319502
78402,13061.751033914628
92603,31047.079736457817
79788,19296.35400246861
107769,22070.196808058558
105117,12871.868730349564
94619,49889.127079896076
76808,25369.432131087553
89229,17932.61397183319
102592,17174.148876432188
84597,8338.829774288493
77146,34902.29631840567
98794,8439.665159179998
100453,8501.44661846165
84075,14738.509533656534
92090,29315.726499081058
97646,18365.06296905024
84071,11956.217618620267
80924,32023.348816259317
91167,27423.407126983733
92607,19714.40838215844
99654,16456.768056420686
108195,8109.657342043412
95150,31881.871617886507
99921,4089.7960379881583
83768,22299.79810465693
106095,12486.567780650932
79380,31253.162170946245
106671,28540.456854550717
91757,29833.108875421713
84936,18935.135141873205
77970,26718.46769094984
103327,8387.583755964046
102169,12381.684620381338
103207,13008.95262041517
81602,8522.008871248057
79975,37555.66414407821
102385,18969.507633725734
80726,30856.09764323541
106953,16351.250596723079
92929,23346.573067298952
96553,17392.829078673996
79654,9846.169821023166
95376,21981.388977424114
96667,16346.750268970181
83421,11535.527804440282
107579,15529.998472166299
89108,19185.804232351024
79958,28253.482290951946
101980,10595.684391659377
85178,12098.877492277998
100898,11153.683558492101
94926,11564.376308777913
104484,13573.56326221177
80250,37018.22203899488
79639,51848.904754786585
84385,9616.116583378442
98249,19542.266779464724
94803,41937.36130969496
99178,13044.195492721448
99706,23469.425317440477
82493,11407.824032576164
105868,17255.880234904507
98807,10281.315416053134
95529,52495.44242315207
93580,28578.33860355682
91437,31949.638031906932
87804,6454.2599772716785
92901,21102.65881091325
77177,33943.455020694266
78856,19813.48509345715
84586,1724.1263613437904
85230,8911.697224047115
83215,13460.072869140653
78610,18448.61179435286
100081,8758.58164081539
105716,13404.81473585148
95022,15042.687636298499
94225,9877.323435249185
106371,11563.383140033133
76850,23849.467347609312
108514,20378.926326997876
80352,46155.86447105463
87930,19063.073342271044
103564,15126.511453632962
79881,45671.976573439446
86736,14662.924025132419
83661,19643.512858904414
98853,25232.575355536523
107158,22458.53587991371
96809,14344.644629055021
84048,17930.560184099217
90608,14031.797489742801
89134,18274.36127033502
99321,9890.541538467878
82452,24476.860154890517
80684,32026.019229208476
99699,12227.514656887557
88449,9126.146946575527
76962,21134.66904836131
105626,16491.72575693531
78655,34367.44590358493
97115,6563.9134420266855
94865,16467.92941446549
85675,17638.87958270966
96671,14018.68131260903
93365,24909.83335203385
105188,17520.155940869994
97713,15506.62427759648
98996,10699.753355722985
98329,6637.778439431777
96091,12207.763504963494
101010,11138.8254042342
87169,18314.459890525955
83760,12941.798140562609
98511,17371.350340661706
94233,52897.328962617015
92072,14699.469334863921
79796,19568.019971948484
97619,28105.837788704383
84419,12331.401306489486
101015,14260.048143440303
81132,17001.735435192477
105597,10612.986198528806
99139,15350.289247015897
93116,20546.491812938802
97838,17490.81209379458
76627,20558.057500855855
81785,15666.239113575923
97645,14596.774937521088
78865,20028.112612267883
92152,36702.85503145576
106432,21973.921472189028
81609,27454.079633138575
85585,20351.48205269207
79017,11419.353654077737
105666,9608.613262179933
97664,26155.465083825322
84418,14683.739835195842
102163,9525.056427891337
99675,7399.265217758645
82132,31900.64257047669
89488,11196.288354022863
95516,15330.543233752873
88542,9208.840400940797
81995,17137.73579885927
81065,19188.20317019729
89542,8857.958474289568
87184,27575.617279263257
87194,19034.08229809786
101981,8635.159850676759
105620,10283.317010198785
99094,25020.883020488516
101950,12462.900333927812
93488,33209.10688481346
79632,22923.53315550042
79299,18376.596853995357
85438,12628.618031332415
91006,55718.757510739764
78636,12375.390287691202
98590,14919.89756117994
97735,13947.051377203585
103694,17606.64673217244
97890,14056.929329838244
87646,6328.125596086207
107953,28848.01165300273
103882,9053.308483454213
77900,24449.318081418805
101991,13171.616867120038
90105,6569.853306980438
106516,19007.99975341014
108415,10502.859818513276
78853,8837.348539524755
98196,10894.597022237222
95738,27304.39530739726
89535,25776.52951777931
85467,13660.193590037312
100920,8383.879560206075
97314,10759.032089378894
103461,14099.015033779244
104907,11269.041078279912
92168,21823.299944179504
98077,11746.980157129492
80593,49414.285959613924
76915,18199.749559401283
106919,22172.84045896139
95592,36283.74470392533
105772,9007.152239393077
95614,15333.462625775219
92550,10461.482325378123
92495,28269.442010602823
84341,13127.623060908058
84600,21041.121279675048
92665,20023.50468494823
93922,16540.063603389215
88129,9305.271241838249
82700,13229.833637686423
94492,14847.364273939145
100974,15068.832663191299
106554,12533.498837543839
107785,22915.644541231744
107443,10424.878761749655
105470,8654.77321080992
99750,16279.683372389723
94633,23330.698438888252
99429,7770.789638575488
88790,18862.383501813983
104180,30049.627805553195
104589,29696.372734845358
106704,20788.853909460802
78596,19772.77921909917
102083,7596.002349881235
84507,16959.463115935843
94274,26103.5798747342
92588,14446.169016679794
84344,13249.021293698834
99818,30593.929052871896
76710,28089.401600926234
107923,13863.395785682034
100470,6111.764852767069
102211,20316.43378903732
90030,5351.765710661639
90852,14271.286919083937
90222,11559.603912862684
105952,13319.285880242867
100876,13628.284028343794
98062,14716.273312298828
100478,18370.13231273595
85486,10210.650911744347
98292,8696.30523047645
86160,12833.025742237782
82468,25847.320678770117
76728,16091.498524337874
97277,19144.119751077687
107553,17970.785912604388
100325,9130.188464895646
91775,27437.933072116986
104326,22815.10102093109
102909,11007.094696957622
82173,28665.219556669123
96281,11579.943165741994
92426,18293.491480493616
97724,12284.65055684087
84057,6761.0478977157845
91020,14985.189128138076
100095,17853.386245077
81655,18260.67702066524
107220,10656.34704559723
91626,31727.553877967857
108469,24544.487661152634
94037,29276.128543148418
83530,6029.039466865819
84542,12606.925795310286
85634,11784.012395160198
91707,57510.36851290946
81934,11258.50825080464
94960,9952.322786118364
105778,19166.502952424707
83841,8613.415799387498
77242,37652.36947825288
104694,9423.38181312341
89706,22032.817776918022
88670,14186.33544611945
102492,6799.406209070174
82971,14979.756071519882
87256,10576.242236240441
84642,18112.71538368668
107437,20658.30033845916
94640,16506.85274458961
96089,15127.640633552885
85018,27245.779276498477
106576,21846.925870981646
104158,10865.070958306906
98002,9819.961949955734
108045,29950.425310247236
105890,10303.900728226012
103298,8300.763820121021
98977,30774.50258930879
100431,17606.64673217244
81100,17958.48064917074
85300,22450.297800852706
77518,21880.946245924064
76712,18209.63176520868
87545,10589.882163941587
86848,16176.838885367122
77647,28659.35561916566
92094,27628.5443244417
78540,7654.616852825323
82957,20637.24927521765
82768,7656.665476526254
95875,14996.184218123772
80705,27895.02984602946
76746,49250.41787540616
93222,21022.89312998356
84494,12165.035706570872
97557,12000.423912865806
104969,23523.912434907026
92998,14394.543902290381
75991,20307.520951621365
78217,18818.268799260546
79176,40717.970876279294
83261,10606.074661573835
81177,23077.87217917771
89681,10573.053741862872
96968,15003.513828258963
82896,9522.448824098277
108357,18450.499659563222
103421,12832.147540270193
87971,12957.167312101657
87170,21982.148502224165
89941,24628.085605144624
104046,17892.647005539136
88894,14313.820910679124
82638,12000.054078348292
79213,16090.428090694433
92902,25109.287730143104
79282,16243.804272445845
86331,12727.414692517012
76336,37522.33966455795
96080,10516.067027467108
86990,20751.394975381223
87762,6404.675410795403
80699,22683.476061093595
84711,10606.074661573835
95297,22621.278896079206
92828,17073.772646697795
77614,25718.58846662114
106565,14359.530284611541
96874,6503.4550047235025
77145,17395.02773218656
80473,23873.63062244765
89438,19376.372120392814
98442,25871.244044643394
106213,20514.061193309808
101442,14738.31426783004
79337,27442.38191335115
106021,24968.697316845264
88638,8410.806113168346
77383,12597.744060138693
88452,22333.24096407867
104464,12867.154320730348
82639,13776.028105350055
87305,13990.275336048437
93172,27579.789198322967
98857,31091.882475940987
90873,21149.773259110494
99679,8165.958123276853
78104,20524.40791688708
77770,21962.018041384585
91351,11058.016921367562
83700,12856.771535526945
80548,27833.19211986892
81163,18977.737094199892
84140,20034.76804741733
95479,22570.315275822883
91705,22502.601657599633
97722,19101.69331878213
88383,10244.422761536502
96632,10872.199414216637
76496,14915.046091072847
79062,34364.058085725745
103519,9082.456172714243
87592,8407.607951676342
97668,19768.185597012754
77969,8161.868672353572
97610,31763.65261824773
93889,21824.17753446429
87792,7948.848281768531
95078,21823.299944179504
87575,16312.581639115395
78804,15386.297052170472
84242,12707.9114106226
83462,10969.303359342679
102260,12474.005563220044
102635,17729.853049203684
104460,17157.203676439432
100463,13265.162130861918
77272,23193.057888532963
82246,18919.720777173785
81472,12089.685937275033
82420,15762.393699139491
91586,28578.33860355682
91099,22475.25067312672
103536,12069.610811789653
105169,13474.391974622815
93837,25671.154014655756
93958,17827.620487044445
86124,8685.94168581836
97448,9755.676623959967
83040,8354.3137664704
104713,20598.820246405583
101549,11343.271567167361
96018,10038.339462777281
91089,29507.062461779562
105130,16118.758344304873
84720,12425.556524630907
97182,13979.685918939183
81653,2014.9819487648108
87522,11204.862338287958
92754,15408.644620482259
77510,8582.439899137871
94863,18585.260704658795
108414,12771.568733894694
102393,10874.045081108643
81528,19902.3147083334
78983,34947.47129155376
98051,17491.432856210584
93080,20370.08260124906
92657,16683.34268948474
108070,17809.966172380657
96990,23725.850056819858
83301,18720.151405163473
88459,17746.220343633646
80158,26929.702565900025
106913,25870.24419668726
91119,14751.684274197607
85522,9277.67281658701
87469,10254.914735204427
89620,19494.341801850518
106903,5400.898993115149
104183,16759.251368803747
107015,14027.64832648927
89120,12246.605598733197
80555,31602.075862775873
107037,35068.33486263523
83340,18964.619745859993
86654,13931.44065020506
76116,22777.705247098693
108208,11586.245874213762
99790,13992.765405267766
100950,8654.255837234614
105495,21522.977778437646
85317,13972.01669194197
90114,23008.104937023756
99322,21984.346319200384
77185,28734.773283014278
99412,12694.096089997063
100021,5402.651994085757
106020,12637.962517662349
85234,17029.376877913855
90059,28436.392433346504
106902,9859.174695463338
106871,14380.711042130859
97784,22782.850875193817
96140,26582.637450927356
103840,11649.290436261395
99573,11153.359328337307
81967,17206.872348174507
96124,8837.386163724066
80245,27909.781234852624
90896,27965.412733353438
100257,6698.312915481817
76759,30194.398529284477
87022,16534.196745177735
90758,19165.706456634303
94073,22590.071183957614
104837,15536.189145248238
103025,11467.584253795774
91765,27166.200352623062
88352,16647.6859203305
83826,16886.56231254286
106648,17540.071813319446
102967,16703.516105863946
88989,10526.10906827775
90846,18491.489239099803
90232,14128.449250439939
95262,21338.194792687398
80599,9305.898574928407
93353,21342.924392370285
100230,11716.107287173085
104516,13867.011518303741
76127,17322.809471344866
99603,10773.956004072177
87441,2933.8178610119116
98607,6891.867983652685
101385,12771.067404410891
84028,14900.232812058965
99900,11561.063280963504
97880,30980.894507278346
103005,10938.386427420935
99862,7537.817364011008
84899,8414.575709237599
76129,33260.55211218631
107674,34950.18036265687
79058,28877.685831314342
103161,13463.147759054522
77525,22347.484856200677
89366,15838.750205862842
76529,22658.897763207588
78121,57294.74770159925
87960,8876.723777485426
76468,10184.141315297637
104029,17123.22659127779
78294,42625.698439373766
93269,40941.78298125344
76124,20350.846676222063
107551,20981.83287364721
103953,15865.991623439202
103212,11474.582873024576
77337,28723.153375145102
94095,21004.75333007962
95358,24462.358030365544
94772,24559.33123391812
99318,12203.78756728314
96569,23725.808885964674
91669,18236.609754676138
95240,22531.636575700693
79693,25242.890121455777
83100,12124.076345459136
85506,20132.781903202966
93245,22107.175250453267
81444,16754.300796372037
95558,21623.283071427166
105709,17871.533037154997
80796,24584.259827219885
97061,2211.671449029976
91452,22909.56842498257
88626,17240.01787085277
92700,38502.32025057814
80109,16750.14578589735
103649,12512.39319499724
95545,17586.63747486352
96879,22116.538589954107
94580,11923.131490514786
88361,15231.035414296337
78094,32101.12887621835
82831,17810.50963369772
76965,41323.30897916896
89246,22009.91113234655
91844,19806.927762389543
92122,19978.98808970641
98944,11210.035906882462
101088,10233.746855704187
107119,10304.841157183857
91603,35685.43340253488
83339,16296.28450710967
105408,18416.72227161671
97091,11005.903165211319
93822,19102.16103133857
96950,11831.382377317064
106461,14110.786834084134
79538,31168.240061222896
81813,27462.483049662627
92640,27378.86456217731
107376,25173.850532228684
88834,12719.5569747616
98532,14030.989029799008
94957,19714.899464077855
84884,14215.769385869062
80124,28409.89796159057
92048,28709.801026797268
90244,7682.434784954416
90103,6454.757456407539
108009,5203.938512813488
96435,7471.998981937278
89475,18086.98361350545
86286,7584.331205322548
100193,9249.959036918908
99733,10301.167385472849
100561,15944.75916860414
98626,9063.511928388218
89177,11257.792202149696
80294,12411.614834247941
79134,35052.887754361414
78603,32793.782376207295
108528,18079.69459228416
79147,25593.79802660636
78538,5757.708143028869
105042,18873.330159354748
93560,19958.009720397542
107122,13132.548906811704
107336,12562.746173849038
105831,18492.8357459097
92973,23421.507763556256
79087,14099.984645542607
86806,18378.158161736046
98787,12658.501238157878
99838,12808.281361757741
105442,19888.948003242996
101659,10575.479119456393
95085,28821.705553167685
89893,8899.237761888584
100412,11092.020979513682
78433,18169.834007877293
90887,17879.243606396434
87783,11526.305085769372
105572,12592.267050225964
84065,18782.419175313207
93714,28988.60376925612
96148,10997.873577297105
83771,9893.222861470933
84970,7315.928579966004
88859,3621.7106151311486
104620,30446.85188795318
83749,7282.219040506887
90174,8854.577169174645
93947,33662.8882211303
91462,22656.843479509676
108075,9149.524518808632
79113,28257.568552670335
88445,13341.146512438723
81311,30677.311450120167
100633,11179.323121997248
92904,26709.56965878372
83091,7498.108318366246
104657,18406.710637807882
82910,23619.604693845897
92383,18865.835314471205
93424,8098.901486270608
79891,28745.04824521132
98961,9743.832346879222
81502,33873.51417381544
99035,13328.516003932667
81371,13925.813237611701
87333,12581.593301913801
90353,4676.564692483891
93258,21488.302355110667
102053,6752.976207965131
86713,8824.98734421369
97203,13554.864458380865
92794,22417.7991941398
84293,17395.66392462919
91672,16476.31363942015
87085,10606.074661573835
99300,38130.06755506636
81242,18780.004260956983
77834,44947.61247701845
86864,16911.151273627147
108332,16893.49411148746
93461,23355.390285636156
85198,48995.792731214584
75974,23467.75438428911
78679,26599.65946609949
97060,17876.11164717057
89300,23761.461096715924
97682,22266.49385494492
86664,6952.64690804417
85169,27110.9980594217
82930,24521.03578538166
104583,18917.88331209947
107212,21982.924896343477
78128,21560.23664741251
101395,14998.550261231178
79984,16670.18097291748
106844,15643.141759751325
76507,16980.384697199665
87935,15407.703653699751
81796,17962.063706738267
92942,19609.645282545513
87848,12586.757043135876
88325,17251.304428006646
91296,14738.996359363871
103415,7078.547000550826
99038,23360.28370417878
101080,7714.466679770977
102789,12863.803961102521
84656,11673.205661287582
85716,17456.603675041253
90233,8461.82811659109
91097,25106.866773181235
104466,15451.183932795606
85061,14345.371863622147
92535,24462.01734822391
82437,15384.666682856701
104845,11523.624620963274
99353,16303.20546739447
94273,41861.79921016325
84080,19638.076414191695
90877,15904.000743610184
77883,12847.374312973106
106394,20507.0546066948
103042,16326.346968260043
105388,16588.648407324286
93490,17934.425905720454
102852,13932.822982401036
101859,8011.915102855265
108113,18947.465684424962
77290,31919.117298688117
80341,28111.318146694142
84286,8486.838024832232
96187,24328.980683393507
100716,10096.286747380436
99682,7905.2635810533875
89827,11257.154978072022
82053,11365.763512675296
101135,12079.538045513009
78574,32898.355902410476
82541,17821.67340309761
94530,33927.84586707848
107277,18303.02413017987
88719,7909.59642530537
95962,22381.486308892236
89249,12009.695102263855
98786,1698.0861196733895
83968,4030.3059936345066
85115,10520.699812957848
79741,18003.05357854774
81050,24136.672791307497
106955,13267.123881122852
85572,14538.593785627163
80604,35339.49122935228
106115,15166.17195031743
76213,16822.042689149992
92026,43933.22939750016
91397,17117.096960671424
105916,12388.2638966566
100938,19237.44142864182
102187,9427.141495499744
87434,12733.72524469874
99959,10603.65741654281
83438,14456.891632649285
77840,18346.093242625477
100930,18000.275959872615
94925,19287.305866305578
78494,16512.632602820922
102418,8523.845732925394
77793,4551.695567398895
78383,30440.867130574527
84216,20059.404144473378
82610,8273.80809898445
97544,15145.747681170962
92549,24164.676398735108
80538,42787.24872477074
90890,15038.819241096728
100299,9844.704490240862
89902,7962.552507374202
105561,20827.799539473726
82364,8353.27283253502
78091,11976.561264775199
86023,18556.448682885173
79752,22908.288826337444
106315,10508.08036484886
80934,21688.78550453692
78782,30679.841495519096
76471,27873.28716029583
87418,10686.087725312149
76891,31137.679901271204
102628,5590.421716731373
89363,9965.964093224524
89237,16878.699044724905
80257,30341.468427975644
102857,6083.688612224632
76201,51041.428921404215
104887,9007.152239393077
102310,7571.430525988765
78714,50481.77365952262
89302,11738.729074361447
87676,18365.179567141437
90321,9632.618526806942
85244,16669.64708903041
101913,9671.022791796317
87086,14716.87081997177
81974,28428.367397949227
98075,22582.468176021186
80870,20228.81749269215
81556,37638.72915809214
94722,37831.06951845708
83840,9919.931852791105
100809,10848.62842201602
77101,18940.71979850925
102172,14708.90089115928
86373,21196.56743308318
77540,15896.252918987995
86271,15322.616216529317
77679,26503.976858868795
99807,16687.429300637377
79126,17939.6119820261
86337,14903.941420155346
87496,9815.763967283676
83272,15697.896470150154
103495,17606.64673217244
107915,26514.135364144644
82213,24112.020102007606
99461,12010.984129900136
85797,10232.185546613158
78898,13879.013366507215
86463,20560.534269023756
108138,22398.624822370286
88417,26324.05960550537
78694,47189.054062911455
99802,9641.855388388252
100250,17015.821123529084
83482,13350.399374865592
104457,10150.780912025322
101415,9686.778668961184
101767,15590.507542465455
108250,19567.550231172387
89772,9799.791058972485
91127,16431.8855679768
102887,11204.797357766032
90756,10943.345219752908
107554,22406.981559705295
103731,13658.951981122202
92317,16446.4019629939
86805,14033.673508885191
91722,27178.073316986945
85026,25205.50593543279
77478,19136.21261241761
82027,23473.534783966294
102742,13673.326001995829
80198,16645.60612981182
94907,26191.43557243835
106738,10049.018652173349
99797,6659.528782679914
106456,8235.443226934058
82741,6332.080158973979
79172,33088.51807997627
106696,13818.349411624857
82422,8451.04325498241
83924,12354.653724930327
90599,9559.831137468585
108095,22342.864123209893
91777,16704.798175121956
95001,16176.142276153472
80408,47424.51284581856
87330,17660.2149777273
103361,13333.68344439207
89641,10384.056582046724
90618,12710.281510598732
91679,31650.841313798497
96844,13021.150354499958
94418,22398.44176321963
97002,21709.664968546636
79748,31585.7714842228
96355,11962.470727484477
92347,18101.20076093305
81569,18242.350870539434
106924,21548.58632539641
85270,13862.638473961812
99622,6825.930845465258
106843,7940.931652526635
80147,15652.740767057661
102181,5802.944740793254
84710,8113.018894631103
85189,13751.402813717514
99281,18648.60574096776
101130,11056.076298383408
91554,21086.065410077415
86116,15330.225116436948
106899,15452.92074330265
84516,16943.230719452222
105422,24785.496461989962
76956,15412.302007010543
84006,7495.144467253798
81453,16646.889902531737
104850,17558.71552889517
90867,6165.5185410671775
97154,16014.892876281876
102088,12593.402472613798
96019,20736.663075160282
100300,7946.184832322899
86459,16995.94287390499
99304,10991.09699990637
80630,19714.768313595574
82387,26774.796303738873
91359,18967.04970720728
79123,13862.080694236918
103324,10653.738713081411
101086,13364.812365302541
97170,8859.216511886965
91834,11050.041901589464
85238,7787.450425529564
81942,13535.603307836354
90971,30711.33294932664
87864,20027.67678218835
95296,44103.380574946765
91427,15354.037585277907
93697,19373.248264836184
107694,24646.417782908575
77364,25080.548382675825
102144,6200.228691761252
83410,10083.549369842875
101560,7703.399281258067
84775,11713.857783178337
103879,9666.275271378861
103933,10150.753025113978
76344,17419.222483776422
82119,18287.2366408165
102130,11065.743290607545
85748,9416.643466724669
93769,20835.93306915958
101775,8303.047223312586
94613,19959.74068497715
104021,25433.947538070926
98175,17693.639062749557
98477,11119.06597819597
78185,19190.645632442127
81576,24717.7140521393
84854,4932.707485688869
98361,14124.096829337574
81390,10943.720274682935
80911,52662.095345598114
89407,26786.675546260274
95981,25517.536531627426
79131,11359.449136427718
96624,11893.332170811345
85131,19893.952783982655
76436,15116.243833839153
94111,15699.755866133233
101518,11590.822429064407
76588,46580.23469753751
82353,29745.002611193784
96186,9837.630701287748
92735,19205.15737474752
87271,18415.930619311748
88968,11023.20212937668
84154,11664.43940370463
93692,30746.965322741657
89484,10489.73738397611
92547,31087.51370721541
78689,16149.994205380557
102058,9214.090923031152
102579,16553.94034276253
105825,10422.086552179806
96154,19204.200975416818
102183,11505.34930726432
85976,9262.845341051117
98679,7749.007509632662
89612,8145.42173831686
107988,22147.55981038675
83362,16795.620996867274
94251,19808.487239124268
97018,15424.054546816127
90329,11489.549313863574
104604,23116.163915236924
83742,9705.054814456726
99447,9608.012827329074
82194,16734.20352285176
108351,19392.86235710428
105314,26357.75976656705
97351,11788.337250497614
105861,19155.399663472315
83010,9480.363425313662
91447,19232.86123055535
87619,8923.521250521946
91870,20490.896540993104
86543,14662.095726659576
91484,15285.80421367891
100659,13490.35343163388
104491,22640.61466531945
100779,12591.382157298724
100935,11397.866734117879
82331,15414.391565727256
105140,24768.439058008305
96349,16834.95285480096
82664,19167.354805090814
104532,10637.74015063404
91854,28232.746872868574
77003,21923.983516869695
85137,6644.852476126577
94577,29908.173171909646
85461,12724.796763036786
77550,15728.65087505879
99095,11683.255259963284
91832,14935.670985661543
85920,20020.69757830025
79766,17830.81538843164
103839,9984.985202133563
98167,18573.66037849287
96684,4819.766111246745
106982,8186.0956903612305
93524,34513.49859345366
108310,15476.56331161694
106569,12017.34533322662
98088,25017.7694609018
78890,19179.925807449927
81559,19073.248767744575
105178,19352.71359522232
90578,9809.832168148887
82299,22874.998058476063
103885,11974.078205155176
77488,11372.769675043306
96669,26529.16984472892
78344,32289.202039723205
79405,20105.335292619617
94620,30014.6133559728
96836,16889.586441931817
80212,11165.520654989214
95746,23263.233016696508
77363,35694.25377001247
76866,30992.607955956533
93847,27589.830101665466
105175,28033.52302439006
90010,9072.270902940023
104429,13247.228486073149
91160,31470.066722063086
78906,15631.178375004478
106414,23142.925329977417
86910,11951.183748647316
105882,10956.293757764044
107238,8272.06874401957
77102,25955.107816726515
76704,14098.840129644901
87083,18451.287352046907
79057,29631.767275129
83270,11765.026780242284
80561,33725.28939240985
88469,2701.670030776051
78768,20214.92617683862
83574,11936.535087544273
76771,32721.015456440116
98589,21301.235018075273
93091,22475.19201148095
108358,11351.034384448822
94601,26454.84970414516
76151,16510.966515978842
87442,12749.183988777264
93531,19140.40877476772
89771,16137.570338786893
85803,20473.094270246183
93147,26531.705306146818
105196,10440.584791068246
76171,34351.912321290445
90616,16134.227787761474
100032,19203.441573888726
92905,27088.826478614883
95696,31509.111580545316
88913,14280.179775030483
101504,10679.714430860706
92241,13210.081621722595
99822,7759.589243485611
87745,10460.586517056036
105827,17470.683895522012
106620,11279.944463262153
93497,25253.68936722777
89250,16195.378716473875
105581,7089.899152036155
91076,14704.64887763523
83506,5497.9269356368
100635,14438.744012488049
91828,33227.15892102769
76039,14312.63284669331
80685,11088.059253888527
97571,25601.80145761416
87425,11489.01436439383
91662,20372.397134636536
105161,22861.37370838145
81006,35345.274001621314
82888,17411.711605171204
78545,22716.770111196325
102922,9906.586098529944
96198,10585.67061955367
92979,28351.21763803202
105623,15406.314803838066
82195,13943.851720642575
76760,18450.646851573016
79305,21698.773701485115
107942,11920.758096835212
81981,40970.33754612325
100135,11716.107287173085
84307,8709.89169589745
92628,25254.659339788155
103304,7816.187721150305
89421,11465.241901271602
103645,11608.932866284638
77164,9768.960321089255
88451,19855.69290197739
76488,20385.898376606456
92835,22704.117194685925
80449,14099.325096961455
97408,20316.963420294396
99256,20471.964706161816
86205,8738.190030896476
101002,12100.622731146961
93390,18199.445565534843
101654,8166.115946786888
90595,8305.996675949193
94955,29258.685117495035
93871,25639.299119937346
82164,28117.90969645357
99373,6897.897748828657
90148,21016.58774151432
83210,14611.355840549786
81726,12350.087492124136
78041,25480.4457465458
106229,10296.883735297457
84209,22426.891977222233
92225,28641.729841957625
91878,15037.390079360943
97878,13781.398838581359
77435,15779.052721179229
91180,20533.27997013561
100272,9099.916287433289
94228,21359.8701809649
80549,14422.446689595647
99566,9916.204159027406
85829,10626.26427685998
102693,10206.723809545305
83322,19213.027325894174
96980,11215.419785066888
101844,11263.109036993872
80791,75671.64816884226
107384,14031.613668981543
76193,18917.279371594945
88605,14456.891632649285
95910,35555.731638599864
101217,9244.913557727681
94833,17243.638064785668
80221,19088.962417798935
104479,8310.341982490869
94405,30772.835653896702
93415,15327.047024028043
82460,20376.353038494726
83009,8645.59571855076
85429,9226.200439257924
106034,7619.451125271981
88406,12328.354781537064
81623,29886.94867469109
93605,32923.393048306425
103670,17294.30607118629
100409,7342.271626228513
107237,19586.45413482039
101669,9851.121363999217
78854,53002.36798226583
94034,28637.05829649828
101096,7191.9163403383145
98417,8432.653568704345
76874,16926.185603382037
94954,20483.524377206308
83137,22247.992055085542
94653,20781.972508856088
87567,18153.399797191247
78154,14353.096971012716
84461,19786.01130735796
85686,12165.035706570872
94342,17943.99260223092
101392,12402.65396682279
84192,19448.805621109343
106701,10340.381440704658
104013,21426.409798793127
82745,11791.344204510047
103973,7392.840954873223
90409,16252.327087052954
90651,8366.530572088051
87413,20389.85765593152
102121,9391.139226796611
92145,28858.49662449562
107141,8384.9443369855
83230,3624.773821974935
78553,6600.70502775799
83939,11502.610395130807
104875,19841.06787029063
78129,30602.187739111894
80313,29325.27454191685
85535,17324.759680838924
108311,18161.01583351151
102292,18057.834626974087
89716,18571.083179347006
77046,84531.65045226345
97611,18333.823676430486
93038,16314.336429382276
80503,10913.845430915884
79132,16913.317454320044
103759,8870.897499104669
78960,20399.927587883354
97265,21487.838265578597
77855,20001.42159260937
97371,15450.276111972358
94297,15288.34891439759
95653,4419.824771691428
95891,26674.455873706524
81947,11652.542188848854
79702,15397.475954042877
76463,33604.06559680499
98065,10643.101371252773
77154,29173.58045646755
77348,33474.41711253663
80987,17225.130389636062
92207,12081.394839486951
92983,33927.84586707848
80731,12778.973485698716
86277,24445.153900315025
103051,6082.116780483554
82013,22543.182070710867
78814,49677.520080646034
80153,42184.10301190191
94618,22457.187585867396
80059,29876.832714203523
105557,10535.174738747382
78860,14759.213279413005
84849,12190.64003080601
96896,12764.096853298988
88244,8717.7599011897
105984,17265.546598537407
82644,12991.759878793218
90970,29338.54735097553
98810,24354.68755134692
85184,23524.280493767063
93723,41875.34889263327
105049,9925.41248494355
88554,12032.689358756079
94996,15202.355669986802
107689,10905.571171895725
81575,42597.63479780981
106988,10905.571171895725
89894,23615.226693344324
81703,16030.142212408044
90718,17824.732566943465
99561,10585.627601197863
81269,37291.432083884414
103069,7485.827271015189
88952,14358.60349384647
95295,14301.631147809214
106589,19300.957635220588
102918,8582.569792920438
93669,32203.61268468843
86144,16546.591783660635
98336,10400.964567452791
96891,17617.928950331072
98576,10067.624814684757
86038,18448.133575698826
87511,15412.850956264772
83642,13023.738964383821
99964,7752.41181981816
82842,17746.220343633646
101714,10362.576323489855
99439,18535.76207569851
108487,19584.88502662684
88965,15507.923470351243
86445,6702.387774986668
85916,9195.566192880555
85616,9384.10725295354
90865,17166.954538267662
88634,14168.431693426784
108094,16447.454597167223
82654,15032.620486661095
81401,16145.920003289004
85163,18188.3108688058
97623,9732.065965141464
79759,23595.935144956482
108230,9991.36246917972
77757,36104.00648769313
83089,11798.773073385215
92851,31877.102685616053
80656,16492.97985468216
86019,12143.784110995724
100887,17298.955863871786
78011,36781.50691795123
96398,21850.171072530688
85254,9678.069952968623
95254,19297.905774729952
102320,10278.684901229095
88408,13601.87728312342
106594,5075.907495305727
83849,7487.045159736158
79313,17939.933729463064
95010,22278.088172481363
105546,16352.332043700293
81884,22085.98733443868
106088,24392.70860964473
100892,6363.343328943876
84487,19458.6235268102
78004,34389.1429670893
97446,24096.916893802216
93170,19237.981053042833
83208,21279.372558168263
88728,8709.89169589745
91300,21354.90532904937
98637,11592.049305729264
107267,15209.199539722495
89956,15061.376018052371
77052,20746.325331279582
94583,14874.744274011406
91424,20594.231804130268
104774,7534.208873025597
93699,22851.285051672814
102986,21563.515302689655
94176,15224.519854121372
95618,19214.80743266975
81622,28328.667588557528
91273,21968.405564159817
102725,9290.31011900178
90479,10016.11357856025
79835,18714.780168593497
78909,37572.51361507457
99437,13704.296293118376
79890,20216.780169271296
77662,12291.836175967272
90320,10364.078572654558
76278,22198.596999643323
80029,16626.002886166036
95797,21721.655849669456
95356,66138.76074023327
101962,10181.883022649674
85810,18415.930619311748
93588,12883.509801529593
85679,8503.148769083127
78286,15546.751941029363
105233,13896.417136187201
98613,6466.206835708207
101314,12809.726410817313
105749,15744.004507262813
106103,20806.990435749954
96678,10652.421570935021
85003,14965.074299810669
78035,35870.11657333602
82443,9814.555467213677
93373,37563.516504521205
99857,7840.090028583913
82450,8554.426583765355
96256,16595.07062973545
95924,29275.08549270563
81425,22693.814256002563
87252,21196.56743308318
100379,11960.831579261197
106316,7704.05044537914
85879,17714.27124850345
108334,11248.747134514759
80243,25061.413572463207
84504,12245.191796378127
106064,7969.936323740333
96443,11210.747192227287
99020,7012.172218643371
85068,10597.704443405659
105374,9746.277614323233
101946,10036.093354909744
92945,23310.638636904383
79338,30897.46938245408
95027,21468.623439032588
81488,42500.851535214206
87754,10720.845478142597
108454,22819.100412280895
91283,23032.042423334147
106232,14482.878087807587
78368,32505.241596960506
101417,16508.362187299845
81479,29907.143656496628
94527,24618.315255011083
76897,28109.003460197902
84107,11169.443898589076
103177,11012.072138969812
88043,11443.009472144317
93710,71617.95090281597
87679,13390.15690053209
84644,8947.0349402681
79097,17238.726281086027
98030,25984.95751952195
95131,18903.347701713312
83593,19504.86373615975
82532,17234.747033027048
101675,11878.144544461167
85118,20095.928437838753
100813,12407.058245315291
88693,19607.28523605397
85819,15395.367356905743
104337,13695.016896887368
102104,9494.39598276137
107526,11731.743868607495
85600,16693.08858603215
81771,19257.925352172508
98339,7893.713791025559
81855,11591.625813993394
85755,12585.979292049951
87321,7853.904798121342
101819,8938.304651349437
101569,14515.235008995107
94538,10027.42709396212
104142,26297.138823940255
93830,26109.150981436236
82076,27194.41147850876
82721,23703.421247082744
88982,10678.53939226605
85055,9802.539822263252
101426,9966.091735231394
101136,11307.4055503947
91939,9988.000225471209
104368,22297.984958907742
81513,12188.2796174506
76394,26556.00440604417
92054,18914.967882837107
94663,25525.908656868007
106117,3391.65758720276
92528,31581.41173435507
79929,33248.879045513684
81579,34957.53533745517
107328,2239.046665507103
105031,24942.163564755778
100819,7952.903733145938
87353,18002.361022007666
77698,26274.908029440736
77157,11946.984357230893
85947,17999.534815004645
92761,21013.95983700508
101344,8175.319386752699
76877,13322.796145511993
95851,14900.772521526356
84319,15852.627449366768
93218,15202.74035700778
83770,11428.878096441766
99753,7401.978964877013
82062,25121.05180998003
78053,43026.6071128206
83901,11165.952654190261
89826,9319.84076959667
104171,10630.798796825555
83906,14909.858057675616
86819,14504.734375719805
88150,17988.864592709502
85289,8324.79211155995
100567,3148.1941074758934
105930,14628.902606900152
107244,6713.34669414658
85900,11956.217618620267
83184,10591.097892332611
97034,15090.841334168244
82506,1545.4409185009213
81182,31762.99535166669
78619,4067.3266740657823
86046,17993.215955245705
92798,15595.323552972639
86595,18570.035506693283
103854,17072.968243957468
108504,16901.823757662652
77451,18879.78282789259
76665,28491.98617794509
103434,6545.793865250944
82338,22916.34108645877
105189,2454.0618115678035
94512,20708.381659613267
97542,14219.73318511954
83343,9127.133368939747
77274,42666.876443265115
83810,17707.445740256375
90850,13708.449741915741
79688,15812.63745216252
104038,11243.734795946579
100468,6649.775342057938
81010,18480.6065622834
80372,27296.676069133428
95979,25064.28682306724
89813,5746.756924755298
96873,13350.642171610185
87267,11387.660537062688
83327,14940.883351170229
92095,26513.044558839047
84723,7450.962796907357
101561,12217.573031398779
77409,8847.494154870614
76480,23800.921837638158
97632,14709.817811192952
91990,31373.633483514634
98020,20144.641031861927
81375,35089.94130560432
81903,17188.288113829087
107050,21430.801955268835
84920,12233.454187680556
108180,24463.56751013189
94696,29092.64984213425
88215,11359.018053109061
93276,20760.632057383125
80359,14392.569888391146
88717,4338.122847721313
99702,8056.228184555625
86283,10113.551338191102
100037,6632.641555010471
93640,32113.142115326154
104313,12076.891106252984
84666,18108.867477784108
93000,24880.203507932285
77512,19553.316106508875
85094,8300.245964141073
77184,22785.99504933556
91257,20446.21749309
103957,7724.0916872738935
78533,36216.35247992403
89080,12684.604658683314
98463,25338.808293861337
89002,9460.156010244249
87542,9406.187992066216
88641,18138.746347731692
97972,9610.800996878896
76363,21648.048018083235
93821,34105.17314242181
93549,17682.939299870293
86037,12984.205699477496
79563,33412.174545071844
100014,16064.209714763043
98717,17958.158364867653
87323,10946.507746793031
101054,17705.020400474405
84408,13202.073379944663
82692,13438.048232852843
91513,41398.381545179065
92863,19461.65484397856
90666,21439.851038509798
76919,46053.30756976686
91549,45398.56456941682
90300,14264.989834505066
106228,13398.123189754984
101551,10096.948318008714
105986,12691.212089486726
78520,24347.84963136358
94130,22697.2024732389
88980,12921.535096868614
76245,23929.576807134184
96800,13817.156038920222
79591,30523.63972992309
94738,25029.663386264972
103275,11845.145087624123
82981,12143.784110995724
102017,11569.234165146256
85242,9121.284253746087
106488,13724.016795585296
80606,17138.263970224143
100861,11948.532290480063
93103,17016.885314226365
83680,20128.705003771614
95926,22541.35160711366
84955,10721.409182298294
102279,11745.220257964498
90285,19484.43172076317
86735,17955.979337113164
89918,6692.707290988212
100914,9218.746921439919
90315,9402.580774992864
98805,10168.798771857711
81572,41456.513998835675
85263,5729.4095199997255
91962,12910.510506497898
86328,21045.87279792557
79610,27271.715984349183
96570,2228.6833656428016
100929,8028.091213712119
107784,21216.5723534337
94269,15352.047458863448
105574,23039.30624714488
76572,15990.1340016583
96249,17710.021765826754
97897,17635.98733983345
77625,18088.896684255786
102369,14523.18013004272
84079,15152.835600787525
77866,16978.818313136886
83806,13150.428445233447
107540,19693.13958983696
103244,19842.71778929017
98859,25353.29404653872
96719,18407.99273970618
76235,49795.301196995715
76348,7522.418852804904
94323,44225.62033738287
96314,14359.153933654901
77439,18756.00650543629
88588,12954.726488227005
89516,19236.94350753905
92199,14961.482324405284
81669,29891.743733778432
93600,27913.932412947368
105605,10874.326439639346
102501,11499.895508618007
105250,20694.815888933026
103132,14375.941685938109
76914,40640.34805942425
103063,8685.61803677066
85636,21368.62767358796
95703,27642.57002616785
95014,13335.856455769352
91855,22854.41822277799
89326,18420.43309963741
86878,14978.083485571113
94159,28467.399509402152
98939,20627.954878061722
106603,30617.128722584326
97683,15201.33916589165
105057,15499.755932431108
82551,9005.981237701913
95156,16839.81119528169
96663,12884.933464946698
103966,14684.517555429924
103721,10489.822833254932
104581,9767.913354282457
99601,21318.59131764045
76271,12256.698147276677
106578,14168.684397494093
105436,8507.755591723064
96180,15543.870273876839
93214,19346.91921748943
83950,10764.406811157762
87436,8550.821553570438
78008,42026.69881991341
96396,7860.574164312782
86423,20167.21629546109
97519,21879.736627925813
86137,17948.91056259291
94515,17926.268359585767
86264,11441.174454740009
93856,16068.57901102055
89370,27157.368049071527
95869,30482.807422135884
108411,15736.72583134599
90193,13420.498238228445
84817,6369.098248346186
100719,9830.480395344726
82801,20391.133495877704
83103,21480.13413067293
103950,8457.146537562447
83927,17058.81934640993
96442,22456.197373141524
92599,15517.365438287512
105284,10995.20244318049
89963,18135.88284810836
79117,9268.892732690312
94001,11684.844267673445
90520,6557.614670350274
83344,20392.437890391113
104811,26990.345024924758
81567,4076.476018082606
102778,9079.693254579961
90439,23351.041706069223
104220,6609.739018696547
102961,4115.066366682913
97588,9700.564500615073
78049,8656.78523741227
80076,17996.00928462974
83466,7938.934871467159
81941,25186.601059963614
105786,17605.683904997524
91443,19002.166105971828
99961,16659.537128164826
96323,11074.431999914548
107235,18723.936709569276
108199,5129.446410846215
93938,27389.050047833884
82727,20032.6080693618
78548,30617.841204749544
90362,16627.680847708627
92257,24017.446282654062
80015,16299.337400343537
93724,31139.861547165463
88826,14589.747052938346
80051,2913.5933377405263
90219,23284.906536571645
83727,19507.64512957774
90139,18368.93296879384
101189,9200.423355801804
85435,17904.163468802904
91933,30891.4853854232
95135,9590.175004157867
80576,32347.72728452766
97289,14952.782728023389
90225,17137.42863360895
77958,14912.241999496997
96218,28991.760865595646
83747,17807.861298376498
85699,14603.999259151533
92682,42980.38334338438
92129,45243.280744618496
91533,32004.21016423318
86503,10586.459303706059
107555,18969.68167248552
98751,28610.239151609465
88145,17960.61037709174
104214,20283.560017792443
80027,16873.61264091782
94594,19505.552770674592
105978,9573.59185237709
81202,21866.18087634951
88343,20020.040580443994
96928,19225.001829601864
89639,10054.241071275199
83427,8375.40520018181
77241,15072.252802889514
76837,26066.94294742283
105316,27606.569141079024
80915,9937.707613608043
78226,22436.61528798926
98367,18443.377308654173
99268,11665.579610053972
102336,13628.284028343794
99355,8317.580254710654
92728,26568.050785065614
105261,20857.90412025073
86321,11066.293759527969
83913,24292.04925704933
76582,11794.844304209073
80624,13004.764041762943
105804,21100.514692208402
101229,10209.479569751482
104782,10898.522796886107
91859,50286.871533280864
81892,22476.99024665159
104257,15383.150577631885
89995,28342.01956248637
94721,31825.809794573524
100123,12819.749009193325
83121,8420.70935676463
89621,9500.029969451882
86608,12964.445682552208
106922,8687.884971470892
96146,20267.09093703703
108383,19728.684878719592
81554,45164.602450631035
101538,10441.214847879823
105248,13567.783056006376
81033,23606.30213091209
107312,15049.40846924619
85588,18566.96994062307
108227,10561.241729120122
84017,17097.45646866491
101028,11161.546424318522
93019,28037.65456558979
84359,10189.945899373513
90602,8516.72602045338
102834,8426.125075327996
85284,11543.016081196021
78749,55984.00904932485
96892,28879.012826090835
89640,10328.80789249638
102773,17606.64673217244
105779,13691.488728654802
108453,19685.63706949054
83162,12368.216913086599
89704,14595.692650394276
96488,8818.464334389417
81546,20986.920596587603
82108,23822.41427192244
96784,9360.032643215298
86526,9686.544794430354
81220,33433.225512927325
97126,10322.403278964593
79954,25130.242942380533
100182,12560.842355419663
87058,18748.418316501073
95026,22534.255585459996
96334,15284.725193003169
92636,21877.42199067875
89131,10786.058436145231
78145,14312.63284669331
106255,13588.48375621905
84691,7393.595133073582
83425,13118.972761599649
91526,24385.641002697917
81170,10380.051531685265
93766,22483.59093136474
89183,14860.446184444367
87644,19600.01499326782
105559,30789.23361942709
91968,15931.680096134145
107198,9122.883035487554
97030,8696.831349908784
96512,21724.522780806477
106506,11018.60721315037
97240,12953.007820103508
98164,5996.163180012758
79782,8786.914726253051
102498,9191.980155714862
86052,9451.189334902998
101070,12419.794700894861
88461,6482.930221323148
94238,21419.75996681068
97040,9903.793679582668
102861,13916.54899254358
81516,46587.790669876806
98512,7905.2635810533875
91654,33950.678206169716
87837,7447.647047792857
97950,18477.9090185929
91492,26994.416671179955
86374,12752.553726904134
103671,7545.624877469667
99254,26663.008405681663
96920,19197.389186169246
100733,10969.194353810386
101602,6062.0328474367025
101809,10067.021492907546
93626,40960.82627479361
94707,26392.987077330403
84718,6402.456862748888
77357,22212.398489753046
101735,11485.657682292904
85009,11716.801892269303
98213,16190.269701942323
89068,7440.651769368506
76270,19356.126998307704
84608,19219.191371343353
106582,12397.260625831062
102112,16525.54638781007
79840,18418.35260579028
102362,11017.070588766375
102074,15959.900747646872
78050,23837.985326640326
91002,36851.92355414436
91648,20150.193626812033
90182,15077.238425025971
101732,12543.188392810092
108023,21543.237548869554
94586,20770.302643280946
91189,20704.67381702967
95199,22726.047209928216
78510,14550.1530780025
92551,13891.570986885237
92368,21846.992954648646
83335,9179.058595898638
82609,5858.495464622137
83471,16911.151273627147
89455,13127.646727975467
84982,9865.363808379
106978,20963.514748077596
96399,16950.894215161043
82526,16466.421714538224
86743,12689.682370912147
92104,20171.618469099227
97862,9859.38261194616
99211,9117.81495100991
99118,26369.912119896195
97657,29222.52354452807
80627,13773.661876403941
76293,19851.047029281348
83108,7633.189198434952
93728,22417.7991941398
108295,14782.915055849806
87957,11338.599508816116
78627,27387.620948822776
103227,3660.0811770835016
88115,11477.23131244699
89694,14891.190147342733
95755,42107.67591560858
100889,10316.0028897828
76859,13920.811011673806
80975,22463.394499777944
104878,11936.737514605138
105859,22837.071146560043
93283,21849.706869400175
76217,14299.797157754903
90731,19692.945684105427
99826,17707.549775526637
84180,13955.12732684043
92500,22040.54408731941
81956,11499.975246436876
100508,11604.19856231452
78336,14708.94276036884
98694,17130.87094286421
92486,23108.613021502373
77134,22559.794204450092
94264,18278.35177103042
108210,6986.59458911765
98310,18343.084301572162
76260,40991.57674872853
89623,7702.812063924404
101737,14508.893110825398
97665,8940.090735554257
86041,17796.229048171754
86653,12148.850045843088
88423,18790.52473639121
103407,17278.937647913554
84654,20184.313715110937
77143,35694.25377001247
106392,22689.603222352944
86347,14949.654133440168
107230,10631.810381956911
103693,10640.322699370628
82765,18942.07837701966
103894,11714.791067537588
105668,12571.040089901308
94216,9898.523033069325
76250,37572.51361507457
102466,6493.595684261278
91919,18236.474979981693
99138,21509.257004401996
102850,17417.269659054902
79094,26335.22821005016
84552,11567.366703351976
93668,24768.81930651806
93389,14890.865364335767
84312,11554.136060377645
79379,23596.795880576814
98739,7736.907674653144
91448,33349.755344291385
89834,8760.695524503868
105359,8975.136965629385
100267,13095.858890948773
89101,19245.512628770048
76904,22597.127872991437
76664,35422.58436738729
102621,2238.9085617375176
82337,26846.218943916807
94266,21889.804894661043
84994,17259.71994168152
86246,15908.11059533541
96923,10235.872631813902
107661,23301.805000416145
92401,19223.73919948231
96296,15678.213422006955
85114,12682.289292989832
83081,10172.48228331843
84948,8915.778365983586
80292,16698.552940221216
78938,13472.986496449623
79942,20056.580416480112
80899,28580.05916539411
102476,10999.860300255956
90589,15125.095582504624
89944,16376.892247226097
106241,19500.639178180052
99835,19353.437165941174
98665,15734.38965664537
96516,6493.708727667491
79065,21898.39547715024
97070,15513.555321059219
88721,17835.16368960251
100311,13991.775667121632
97912,6560.324180816863
101514,9669.986579441174
91763,20888.565302252
88488,18432.453236764093
79955,8905.946396181766
105677,8042.233874881692
99297,6041.204824276416
77377,11402.297170156353
95552,16061.217887752164
99704,17928.03832286534
82097,46367.30014701911
77067,10690.031087219522
93326,15974.944620842905
98258,6094.09470590827
98900,16507.250108714954
101474,10876.235639598253
91945,15376.340894638253
78816,32045.0949225313
95208,11448.27023272535
80788,20776.684420025093
92446,14381.769358012807
81929,29328.88452759663
101068,13551.500079214009
105116,9214.874782185516
96828,14229.028396492691
102272,10809.33868416156
89347,20947.764730082083
105201,14022.250117053987
94146,16177.570816348434
105641,10048.237027002438
94416,38569.32165140917
89152,16657.97954503424
99500,6962.778923017657
101711,8653.337421409251
88178,16920.162889782354
94259,22903.2475922178
90380,13474.089767069489
80659,46742.628959313435
94687,18629.698389786456
100447,9885.552192798245
80895,15458.503209222657
91806,18671.1145982193
82758,11457.626156486504
81850,16158.99318649426
85521,11974.605510306308
92432,20578.672595354063
78318,52493.300246220584
98804,16126.758756516094
84403,23581.233382382696
100979,14518.961974794625
80559,18839.750784182208
104553,20793.547037026674
90570,11804.321163992863
108278,22745.515891331364
107134,9973.7644549445
84351,17722.330738201
105418,9816.10548357618
93910,19328.091593294343
98231,29313.207991803974
100789,17352.833946905797
101332,16074.048250571364
105715,10279.84204587378
82170,11172.491275627935
101526,14425.20376499112
89070,6325.771285372208
90429,18275.709423688666
91152,20920.371170092916
82374,44488.91933031331
81668,31585.7714842228
78914,22204.358449338768
105239,14558.301035490951
107483,17737.71748820521
83354,14939.349039474428
105252,12537.85129208443
93977,19614.245455525197
89807,8685.176250741886
81551,27818.82033162893
86311,12926.776564000002
85966,13823.051044083135
83878,19358.252388361976
103342,9848.201872707594
102398,12832.147540270193
77021,46669.652268294216
82755,8455.7995009125
88635,8454.273954943521
105457,14580.818451459514
106552,16218.997565956588
102641,13232.312363683524
77582,24563.220629035877
95453,44152.756104077795
78388,10960.849517671442
99772,18968.467852669066
77990,13054.329890479932
78944,27256.052182169416
88290,13558.384999218453
90011,5462.637257539054
89540,16594.188996642937
78904,25470.893127701067
91379,16611.494007809502
105750,11110.224099680552
95603,16188.20079064619
92481,16158.832224508487
93463,19567.181761157954
88974,13827.696332333035
77787,22342.024395893797
101389,12651.821709534348
90559,30648.196294273846
90421,15001.124431582697
107190,23787.498636020504
87506,13191.083809635673
101147,15060.015957835032
78096,33135.44871803075
99840,6428.0210561519325
89677,10800.429656639471
97991,9163.467835051735
103556,10309.230765558843
101327,9803.708006817033
108008,23535.81544953269
107752,17256.3321033468
94554,18851.539158540483
96408,27483.04465000254
93573,33362.725866642904
83674,9963.761443817879
104503,24874.65473434663
93082,21548.614442687307
101841,6112.994461431468
85143,32664.150291305694
76781,13236.289450903223
102153,9251.674083705064
97411,6770.594087597581
101676,9570.670903940823
103176,12008.299655753484
80879,29644.39867761769
79695,18615.903095869628
106987,31254.687663040764
89095,22369.99173163151
88707,8783.82056280345
79935,12638.479720201205
104678,11104.293858377465
78644,11412.585339385207
101947,15404.994392135926
85390,16422.634273036783
94121,14717.568731778998
80525,28792.82526106572
92964,28630.75352281447
81982,28486.44020998135
93804,20814.222138837722
95574,32702.940696883034
81710,18650.929249509132
84452,18811.14632213868
94410,21683.373620044695
79137,33861.126764660956
103270,12603.221608082604
82736,5821.697960678368
106741,20305.9829034761
77630,23200.84454910776
100426,16279.181271495292
107231,11939.078104245058
101001,13312.698955725795
95067,18669.909771742823
107197,22255.534699628828
83522,14141.518971585858
80239,8389.17256726378
106389,17834.696989225376
99072,18343.526103140804
92779,25794.41996436329
107906,27158.5445228228
81289,5159.069800483869
101206,7920.740930769383
85646,9515.14764796518
95202,27132.139123254674
96423,7028.6593254957625
106597,7617.434934540254
97601,10892.649750472923
76974,63612.40460062327
80171,27615.940203195507
78391,25165.54122288002
101424,13725.229319654052
79548,34119.56222075809
99083,10669.158064518106
96204,25500.165976564822
93318,12495.023872293119
85745,22613.578888514854
79531,44764.93827925093
106411,18165.491179515968
88431,13782.094941059244
79827,16113.91948891291
80860,24270.680078255642
93114,32695.77144125868
89031,8242.96924848655
105755,18957.216088058507
81286,11952.566776739764
94641,21525.458581431496
92196,9187.341978128154
103591,8063.497441381814
80497,11227.886274406535
89672,6811.661586254987
80800,21042.850651075398
102146,10941.023208019771
106675,25397.63872821434
76780,23295.520069295777
79880,35019.073036507696
90306,15143.552141215972
102271,10208.75730000016
82996,10223.60335714498
77929,34929.18154033544
86610,13174.293808899445
85316,13211.872525472394
91134,12394.603534123198
87377,11489.01436439383
102946,16662.083585715653
105420,14560.061354652069
78375,28610.64638546066
81157,9916.67948914476
93430,20297.490989770762
90671,10928.17975120278
98881,8824.542723278697
107152,13864.788814434274
106056,6859.304454973413
86256,12766.806294430766
88692,8619.071633216425
98622,12236.735272798991
84068,4796.160226136774
85863,8941.396524687447
104131,11145.885364583455
94296,13946.370834180094
104177,8933.992544650237
105126,8679.657023068257
93360,26666.97488403514
91059,28844.57291009212
100015,10626.015536236664
97027,10596.333302035227
106300,25424.322527972043
83539,13791.867362077362
87099,15257.941662833078
90692,6898.74292682411
107313,14365.924597675468
81341,46501.36456055377
82901,12679.527667643819
85576,16132.489769887108
98646,14150.798932301213
102552,10250.632144590505
84874,15546.097706280872
104768,11403.764931521637
87768,7400.460963514096
93342,19599.643830146644
87241,16246.696597880336
103615,10138.861431912515
98526,17850.781250041204
107464,13380.240067016868
83357,21789.057455611295
103171,9143.750379733903
100341,10865.974085599935
104547,10345.665093568594
102882,12085.102466463515
107531,16782.08660391361
85433,12435.815346686053
78435,17020.28000918422
106094,22340.659638149704
92625,83562.67694951905
100319,11155.866185983992
95937,28741.771738405154
88915,12961.479629069976
87681,7327.371406725788
92428,5600.829665909356
85427,13192.817106602657
105372,10346.09311335579
82482,20171.12260283583
95178,20228.708687855047
106881,9865.086920961525
76562,34032.90307763658
103710,10579.991086012134
89109,6116.009961627956
92522,24714.45872189328
84821,20611.3336593209
80597,28098.11116092703
104040,10836.042455100185
96115,9958.116558649983
82818,9937.47635343325
90316,18357.86723931827
94385,20793.572574130176
86823,11013.53472347203
84842,12859.176499725792
102995,7917.706153599337
85397,22590.725826029797
81427,14044.485094478992
102461,15959.816848297418
77422,37037.65451345276
102354,14890.126380315087
91822,19658.19373801006
87427,11043.994098474033
105450,17833.725884248484
94789,21530.57592264002
106631,21779.236840998332
97004,13930.326860392239
100826,17736.663573039546
97915,19003.529467935085
93253,33223.06948581809
85776,9623.211021659408
105562,15947.75139134143
77560,20301.076369325114
82659,11116.019428834088
89531,19516.2738567675
94076,19014.416429873636
98457,12007.243346712214
96163,20120.608461329266
84779,10421.189095143402
104551,18499.786139744734
79934,18442.25750622385
84896,14937.459091485829
99393,12342.100056640753
82051,19326.25025223023
93247,17331.92966832934
86929,10788.297386942157
106943,12365.962866751393
79979,27657.970544946398
80912,27420.62290615461
105006,9822.741865291066
94368,28148.071552021676
81871,25341.024488856303
90338,10782.954014297682
104271,10135.238491744069
89984,6674.489142013991
105122,10016.674601808902
104308,20387.41656826101
92941,29957.434988318666
87433,26145.42952971841
96289,24666.962875281435
89130,12282.816804342065
77233,48423.75133369349
96895,16143.801496126242
90364,12798.526465760877
76283,21570.563227512983
77689,23997.02235511716
98366,11156.995295156363
78025,24087.4613257465
96644,13123.740741898446
80641,30068.18001521642
80271,24279.95340332737
99003,8518.608317288226
79756,8183.394712330914
76981,12814.879560792297
83320,14950.028386087251
96797,4931.694341859619
86350,12786.368046886719
107535,22305.283770340357
104370,9921.50364672218
100740,11341.225865343857
85851,11721.5185231875
89132,4976.4658949592895
78746,29163.420323249757
88999,16129.861254206124
96416,19025.202590518613
88921,8051.030236442697
101078,13230.182239758597
92447,23701.06594993759
77960,20433.905610822396
106799,15723.989355715596
99888,25456.709781696485
83252,19439.10220144221
78645,14508.51718376971
92233,21886.853820330718
104026,8591.579039941687
85148,16842.34386797231
107726,16289.37156306714
93331,24016.274036828876
106236,19387.11720646151
95282,15944.510332008049
76222,27333.16466828326
84158,5536.360326669345
81857,32789.23007064452
94698,17058.772066730526
104680,6067.5926458576505
104366,18206.243937745447
82562,19889.34053731408
89753,11928.527129463979
101937,13582.970571543352
76600,24196.225829463016
102683,5466.175042883159
89245,20434.74001371072
99902,13560.019104636825
106525,9833.490496991304
80738,34140.074598890635
107909,20459.46433134449
105939,20004.832555409215
92485,30583.76121599213
105128,20688.88961566992
103147,7673.735878659307
96539,8776.943925726133
99656,8000.0581309709
89755,20198.66292725462
88400,13324.748255036013
82968,21984.949518687637
103521,17038.741514857993
94755,29585.54669988521
82278,33302.73988581165
106205,8679.657023068257
102677,7572.35546187147
103577,14672.572372281476
88365,14437.724828215441
93543,16343.126556175623
103285,11575.359147319627
91445,37139.941301746636
86676,11805.802810596184
108086,12814.002670394431
97671,15524.879332973294
85193,14504.247018450393
80220,38892.81667683379
107824,13303.638235393266
87246,10139.730720919482
85080,9305.271241838249
85470,13621.519490083965
93453,30626.02082142132
87214,9993.081515551514
99010,10363.111907551562
77246,42529.925317664914
81671,16263.164755428461
83651,11530.809549818456
101085,6689.712927586158
86961,11751.35856690812
99154,6970.636270520016
85563,12452.473206190458
98972,21072.241172795762
79331,20656.74942540466
100112,12767.530448035468
92540,19014.09770869932
102135,6007.3336942556025
104980,20719.91102547958
103442,7930.525273735404
104320,12357.449122498525
91208,70767.1914619444
82486,21753.986367634785
92052,12516.36750869289
80540,18152.534475694567
89228,14274.367748314911
98960,12651.57383408739
86821,19925.82623012399
95220,16024.342385251728
104196,12831.34112542572
77934,49679.47392528671
80965,17307.13398623609
80864,20264.231337254
90303,19004.543501427874
100396,13978.88836367775
98226,13714.91218666746
107713,8935.754771737325
82199,27897.466975541767
104715,26105.199766880618
103412,14749.816661525609
77224,13486.567040584732
79149,23314.965031965352
79332,27035.160360302343
100094,17606.64673217244
76280,27380.572957030447
104668,21113.55892068313
106239,12031.521638942644
106918,21091.91880031245
103738,14221.755247203992
99768,17426.98729208549
99895,7252.1926713814955
88553,16127.4988619774
106781,11960.653862706446
104339,24356.342430849494
88198,9025.735341246002
77024,12109.61320142579
90492,15975.82990059022
87383,8459.688563660044
85194,6959.756642786177
100821,10316.0028897828
86207,11484.025676267935
80736,11681.456796763337
85035,7964.953102783891
77847,10892.65317973946
102444,8856.195075984762
101635,24429.301039069804
99639,8334.824208177146
101365,7477.192470106054
106612,21421.040639359857
89655,12812.427963635064
96679,14835.918241064304
107353,30051.047365824586
101805,11469.010879030988
81804,18211.265302467713
106783,13680.723993878877
101047,13673.326001995829
76164,54721.98068156862
106524,10814.220899497957
104745,10354.02715291293
88874,14350.486982415016
89206,4887.661282468861
88602,25014.314786637464
80458,29595.144284360733
85756,11555.815307403776
100972,7732.990235739339
79897,34179.30643670382
85913,13622.650134288277
107705,21846.489982224313
102659,8157.083437363945
101994,11379.491266809257
104004,10693.213082172055
91171,51323.92797244637
100207,15012.683522099598
101431,8327.431113111905
92034,20285.416920922547
95470,31293.083794942566
79276,31336.053652002072
101893,15124.266090279634
91522,29470.038397883287
94047,20503.919925380054
100620,13753.456065391438
97405,12071.69023246316
89277,12251.978072616013
102728,14919.288560652496
95665,54029.80496522099
93861,12968.388504799173
77779,11975.726862154252
79844,19793.73031667915
102549,11339.524762288373
79764,19683.510464401163
106543,17737.346822142412
90127,13665.059808822987
78759,18408.027857736277
85232,17840.83640123447
103173,13363.756758358986
77690,13484.722930794576
78669,39476.86604716564
77821,13345.662193195443
96869,10542.852626446815
99426,11492.843116484506
86596,12987.572335994815
102352,7971.235545816917
88825,8768.338795106101
82595,20299.834843805143
79408,24614.024783588968
105771,19403.012110165462
92499,21151.538276576997
82744,11256.596045088143
104310,6897.052307575646
82965,13451.970833082598
108492,19531.441293751872
102748,9508.390073592554
105549,20348.558808981874
103794,13709.18903100552
87574,13155.109769700934
77090,20189.070394122788
77729,28676.904780182496
92854,21564.714711339377
82724,13339.450615364394
76843,8523.724293488523
95714,10325.353545805523
85077,18084.497781684982
100035,5039.425265409068
76694,12956.289646861836
86970,14758.60966153648
93243,25210.278131708234
95700,26188.50319687543
103907,10839.05164469081
105698,14544.18779837167
84320,12828.153757858354
91561,23627.52089983276
100459,7940.211165577264
106398,25891.43192352902
86911,2785.863674856488
102905,13248.442048917954
103009,7160.892898540416
76287,16788.354469547234
106832,11947.182868719283
107240,22506.100573623044
104164,8572.01576914672
96561,13458.865332979049
81823,9572.767574850463
82102,23231.782599415412
81420,30835.47726219528
79102,27499.328057857358
92252,17275.508551039096
91605,21104.170519349016
94353,32081.691081370143
76883,15053.303846230421
79941,22238.30595167812
102977,9802.907150770812
104975,25295.46083229715
86138,21356.3877962728
76309,20533.610762755063
104976,19460.69825539788
105819,15193.228183734149
103115,7658.22123368806
78958,22869.91358326253
86851,7523.907112675096
91889,15318.834446957431
96977,23556.435007909007
98888,11504.430183903996
87642,12032.689358756079
96835,23677.0045050962
95915,23305.66912137051
89880,13814.404391810885
86974,12040.121462236171
80793,12834.713703524289
95773,28344.33185920024
92664,11015.334909253295
108423,14503.049552985942
88073,16962.460430143354
97731,21873.31513602196
92705,26654.330441712897
98275,11034.673426825175
106563,7867.307204566056
83216,11695.47339716393
108252,21340.493418674818
90052,24697.404228968975
96839,14764.309043916788
87847,8884.517436739941
101778,18218.222686304067
90493,9868.423020788312
84236,8310.973260476809
94651,30551.941110611544
82828,6508.959491826112
84570,13771.106806995851
103560,7186.026082453946
105414,11572.993153389027
82874,9973.398555734377
94023,16508.04917551809
99936,9633.270563827275
97927,6280.8642606656285
85922,18645.633571620438
92409,18136.567115391143
102547,8410.2391346767
98620,8221.16545753199
77418,33581.18529595019
106846,23748.518266128514
90794,16521.3564781614
102848,9343.509395116575
77668,21799.7569465614
87057,8955.039484900337
92125,43145.17030067973
89356,15029.247254274893
93931,18786.29064185989
98496,8754.514558676237
96762,13178.07747393965
77603,16879.8748288227
76242,13805.358335059653
77854,21503.755392654784
90496,8439.028708237984
89873,8215.638783211783
81047,34688.824619277555
81482,12346.842817962244
106630,24322.35487124042
102807,12337.722473674356
101397,10485.544052043084
103459,13317.521739389187
78508,43520.656443265856
87042,20816.937344552673
106348,23938.09362358599
90653,6217.413321652646
76159,23805.263198758297
87944,11565.377402406692
81531,24901.46949213943
107875,6371.706870568851
99542,16157.137565162266
107359,21389.283440771393
104564,13627.137644129094
82560,14729.998129209174
93591,25897.58495363433
103234,8088.929791547144
108458,11725.63155334147
79888,13962.205709939775
76419,28913.36031677248
106649,13380.353495973784
90004,8264.171180521289
93201,32881.21654167538
97558,19580.657114041886
83097,15518.099882313698
96492,5285.07185776445
78413,11733.036565212977
79076,16694.194056823784
87061,10249.60705684158
83665,14094.65211708799
97131,12718.232261443134
102075,7851.450209549765
99331,7950.373540012114
82067,45838.42852291238
85459,18863.792099742983
94510,45218.37604408308
97875,22088.767062517833
105176,14612.873256536253
89196,6834.926969840826
97424,22447.99823001097
92886,23670.627238847865
76660,12175.039729668724
81181,17824.640181112976
93133,14762.903224079995
84390,6096.024149793483
107413,21895.257570431724
98681,12392.990002033306
86318,2106.150677888097
80893,27271.715984349183
106409,22442.720184966518
101539,16375.216918812734
107735,18371.720062804456
103362,6748.523915757637
95493,29989.641205279448
95573,23647.01694023986
81435,31420.116618007785
89730,15135.648595159555
104812,10954.301390839384
95540,15186.053004259098
105693,9273.57021509756
99879,15313.393408809394
105045,10047.924435694491
95556,24910.30653144364
105209,13307.81831299344
77262,38471.669869244346
88746,14309.039910283524
106257,21753.96754314658
86665,14938.02242179412
99714,19112.613640115276
86308,3674.3471982201527
107814,16293.558849327139
104110,14866.88152610808
107020,10791.103422938255
99899,7607.342551340786
87878,11578.669112976631
107898,10035.339495691544
91803,25804.754088071768
91708,23098.270809301855
88131,13990.275336048437
94236,30158.253325217876
94787,38898.50485037799
88426,6031.129906651277
82052,18394.765356066837
81430,23020.6668209412
103458,9543.785963448181
87322,13289.21170682762
88030,11426.6434979992
94505,28104.92298031137
80104,11429.521296888528
92324,29444.161954395553
93393,18737.36699982221
101185,5615.532954011775
99944,10474.88403767375
91381,19301.905492685026
102720,8220.981066821018
80107,27796.220759563403
93006,32769.32121134816
85248,14058.902683898654
99068,15842.266264280812
76834,57179.09585505623
89377,13258.125004017129
101452,13726.394319764167
92548,44434.56031880722
100658,13658.951981122202
98383,43120.15379304986
77915,33603.52551533725
86268,6659.524297232025
80304,3943.110737890932
106680,14785.747538230913
101132,7494.324643356227
90092,25454.782258027895
100329,13902.071651312124
79943,13902.28454901481
104189,14690.539644891358
107250,23226.899817029665
105088,7967.906822137175
88824,20204.54742736671
89166,14437.724828215441
78748,18235.056527416345
80118,20644.612644000812
106238,21064.39943293253
105638,8811.416658886528
94974,16324.523113487547
78384,16982.69400941206
93451,20370.954929741893
98422,7378.834581837006
91430,38773.34327850672
77519,26057.23841900737
96946,16383.46866503267
98391,7364.780532268319
102809,6425.255125501202
82926,10019.984699786944
79108,20826.631144152623
96213,26501.76853018326
89205,5115.3859419118935
91600,38343.93413006052
107292,23352.836666180563
90688,13514.764331557646
98776,8001.517795647528
79778,18152.188089248833
106834,8558.900867625058
107835,20882.777485212486
99788,12606.805453815386
91133,26928.846495091795
82747,10697.646330285988
95651,21102.86185837049
90035,13142.521378412952
92821,15379.966567937861
93614,23862.64343196403
85993,10234.678679412513
94616,16951.69312022535
97987,13568.08377130871
79300,25128.38774880824
98588,8394.399657166827
83355,9449.017060647113
105664,22698.809657344664
106502,23980.931005251594
77235,24844.933275200707
101503,11346.871243708914
99569,27306.738257534056
93332,21827.600516943592
103565,2937.7352753876326
98223,3646.043597455426
89090,12605.277909437551
101490,6212.566306100619
89428,12137.488660876326
82555,10655.773887091584
94744,22393.625835490937
97092,7784.507245444082
80994,28977.932249948983
99486,9100.577904195467
88556,13007.592706331116
105789,21885.30295039943
90968,15012.429898965816
87386,12009.110331333864
96239,13243.157777715473
98412,9031.474437215096
107073,12914.277870081947
85775,14296.259426342072
103494,15744.575375042341
96232,9476.715098530462
95146,21207.568197324938
101493,17933.659793345403
108369,23389.60387367398
94214,24434.056847628828
95377,21510.325812521867
80081,14371.43793333177
81186,16338.385802720199
100638,14981.026199407954
79228,21266.569656414704
83296,17834.353046083714
78663,19234.939688017042
90474,11458.330322882679
99746,12563.603171113953
80600,50734.67960974321
104132,18990.241284039574
77292,10589.84455703814
104314,13932.190689650102
92563,43543.159263129935
81135,22562.433782052216
83199,15141.531044892854
103083,7796.966805946207
88165,6491.405309461238
93492,9518.737752536628
80502,19954.31854597997
87640,10635.945274408681
95862,23875.705330265962
97106,17311.024456921798
88353,6644.131012918368
99443,19871.822850069188
85914,8612.609189307823
102522,9097.749681091685
94035,23468.46205333366
82309,14360.417996158514
103845,15746.514395469649
82955,8264.898923752575
86039,23663.722697277924
76890,12343.794583453642
94862,20577.672369608776
89261,12319.648456192248
95261,33168.54763274594
76543,33978.45874017851
93805,18872.399252492934
79387,30672.69619881522
105256,16844.527546899353
103632,13916.54899254358
101647,8472.830877771588
90779,8840.542002367529
83004,10044.31909993989
82810,7517.282005367146
89851,6828.035004496683
95583,20103.198865342874
95318,13004.96650575268
96740,15876.693597216576
89999,6216.788412307336
101586,7604.642661767895
90205,22626.675256651783
100202,13818.38540254472
95896,16887.00171933287
78190,25751.96994400376
106867,13030.234811387598
103122,7595.66853879022
78800,18003.30202251353
98137,12174.079040451821
104071,21946.909109430762
80969,18486.535760199622
93695,12274.058670633414
79235,18896.705508262778
100233,9505.332046635174
103673,8624.6827236252
82811,12362.15722401919
106273,20529.539966096185
81714,12402.859925640101
76623,18828.44629084374
98396,7749.902235033922
87067,17959.102163077077
94615,31339.999161369902
91380,30531.366175949326
81368,14984.645439989694
100189,17174.020646794565
83055,11273.285921565266
104726,11658.871415008365
79494,20654.079493648667
86895,8246.47939606245
104253,31662.532055297263
80451,28899.222607826778
81633,28518.27032037144
85761,9408.61845218877
76040,16022.808584313429
86749,6482.6202767807235
97161,22365.820840589095
89492,8480.320980634397
101063,15348.419088376635
102557,9292.868523690455
99966,5874.271204825914
93615,22860.082424853827
79812,13787.213298034641
106083,29507.369448266225
91688,20533.27997013561
93348,15216.90646919238
95861,15325.53838871129
84278,11956.217618620267
76892,19088.795972139025
86674,10547.337358594466
76138,20178.25143858091
104974,17418.697896761812
102421,13352.783268056246
82617,18686.54448243638
90307,8527.992169505114
92258,21946.455157734847
90255,22401.174464677566
101498,14285.539966025768
80567,14588.337392845704
95321,23640.45357707116
86671,3698.599086132043
89272,11734.182655425146
78823,9952.13810016947
95185,20214.526895340266
98753,7319.479787526467
88611,2729.1420281749306
108390,15526.397657793887
105366,20625.82378394821
80433,20755.015608674697
104145,12928.33982160688
90881,17436.361931261
82596,9828.44032893528
85279,12324.44394183135
105968,12575.771135204806
84463,17002.89680796421
85840,8633.506315163599
78708,14252.154105034468
81642,24714.969013157657
88004,10913.624808223392
97345,26122.34366086323
106927,8098.611947060916
78351,13998.092508535097
91596,30599.946166576206
98390,16609.31088502591
80145,15361.270435885597
88364,7961.235919049294
88715,17405.204773460562
100449,12819.749009193325
92076,30284.619813849215
102573,14444.163175626938
89983,15012.770569210807
76338,29585.429883970526
78076,20050.087962977865
96116,15549.478602136096
76662,19528.766396875733
94194,41542.36330994335
105200,6562.018803840601
95232,15401.022274627112
85705,7901.797823668681
81683,6602.652741610085
92007,39704.65980888571
101156,9731.694164381555
96857,9570.385622655822
91201,18114.52403085253
77066,9157.825308868165
94938,26989.472285697782
82691,12573.658603173419
108279,21895.257570431724
101317,9569.807125599375
91872,18569.024519194783
92517,20795.316738555583
76176,18170.88203456543
98840,23508.655122040804
96297,14760.7395281962
105077,17855.200529076035
108306,17074.12254113874
106837,12683.780797870184
80906,11433.409924636399
85979,18477.614445085866
100004,11038.802634732501
108473,21844.8052409107
77203,20854.999152699762
101523,13853.705745229312
91769,23540.390792713515
95403,25741.008954127527
83930,10511.161731062039
95272,27754.980385732855
107063,12608.016073015278
105033,8300.999421367935
105705,13380.240067016868
80224,17974.18061639012
98468,10937.323649793812
90993,23491.48564177528
89413,6330.489653564293
98561,19419.593761347085
88199,18440.601378948948
95082,17377.98848064008
96647,8402.719699920766
80307,22344.692765028965
86717,8502.939731898887
107754,25380.647973432526
92740,21390.759483807837
89653,12007.724808204921
83458,17951.562764963983
88918,6047.993325872763
80859,13196.016991312
76830,38699.11557795607
92727,16165.767707231751
82512,9429.084263335058
94918,31877.102685616053
96158,12175.672384864816
97812,28105.837788704383
102820,12112.663607359875
88655,12419.182201733154
86512,14995.829866216378
84814,17896.444432184504
82832,18559.32689001169
86946,8830.926808326489
102885,8590.178020116771
86598,18582.59025672634
76927,50074.32557421288
83377,15955.83860421867
81917,28274.014994604815
92972,22326.77765639991
94932,19630.145790658382
76026,40481.42844333831
82383,34735.07963006241
95697,27751.335203657603
79489,27436.50258770944
102254,13361.81729505374
95248,31868.643152709312
99438,8062.038713191391
96002,26839.597535772642
107266,15764.115819843677
98233,11355.12910359801
87721,12106.01720211847
76462,49942.83844127449
101352,9110.359925693236
89118,11566.35978612209
91908,23512.794949757194
94169,21254.023116804776
105347,18171.04029066965
93347,20503.92580910882
107981,20400.991645178245
104698,15748.11699152416
87678,20985.37977961218
78945,11858.844105355489
106051,12490.59579780155
100768,18470.820236129446
78915,31394.73157346951
101837,4988.224283581846
79136,11467.47129791994
97035,9037.926620269402
78591,51522.31204276254
95969,32143.274840301383
84208,11712.856767808502
100228,8567.547570595918
97687,12809.259399392768
87591,13404.427609718323
96149,21950.23604813713
87736,12547.619423414748
87550,3310.893377204365
102052,9485.614883489641
78827,42816.89634774349
102402,17519.43804743829
79412,30324.290250474776
77865,66533.82252497456
107971,8946.20324548701
107469,16913.834645577128
97612,11001.796043880253
108451,16599.243859405593
91741,18647.979368907767
97524,7564.562700383664
88979,15496.951788096207
87740,16731.139545915106
98817,14906.921349628545
93862,20704.8987808667
99648,16279.683372389723
76643,17175.448530062036
107633,20248.758125202672
91213,26568.050785065614
90869,22775.927004855097
85444,18690.940749182566
104383,19550.858527716275
76870,19804.108479690436
79279,38216.25957765064
83999,5480.157896350035
98596,8382.143899584284
86831,12560.17376502108
78863,26903.017725722657
98360,7541.4059725879915
100096,11823.515614129257
104448,8454.37676939444
90367,10272.378872832473
103277,14871.316854762446
103728,10812.267625764058
84370,11020.233540127572
89978,9142.581726893255
92359,16623.580549306767
90135,7049.9255722909065
87969,16255.990633947975
102318,13216.325733792899
76607,35441.81467022028
88481,13042.597398375581
98436,23261.47627512656
92888,72495.49778841938
106269,9302.059518872396
100538,11184.826462316194
106326,13481.311120664288
82449,5921.491884445616
91142,19180.002740870746
80150,22246.08321645568
106004,16879.09072401635
108069,17424.71364702473
87037,17808.451020715045
101280,9116.173274881085
95763,16936.604402494122
86504,13042.597398375581
81964,23962.263584666336
98685,12463.84435643799
103215,14634.14976849114
94922,29809.061033751605
78554,29167.229564834506
105764,14399.10745295837
87972,13106.542349827056
84358,12774.635607025013
94964,21662.636909296947
103241,9399.228478149824
86647,13430.222047598263
99158,16257.508486682875
85420,11050.199688324732
78077,30501.442166089106
107422,11773.178845449138
104022,21909.84662192197
79737,34242.16871188696
80207,14612.601949368494
80967,22901.207390403382
104178,14051.260566052128
81030,18801.71259753367
93015,20688.01011206326
80407,24054.731166240912
87649,19035.31375572743
76690,17778.15287814268
79789,24414.267763193016
82746,8902.938593339428
87159,14495.329185045961
105962,13777.695414888914
86711,13028.89282279778
90644,6298.112331274491
85786,10730.464761081985
107631,20800.95815509028
99617,8156.400186415442
96261,24094.777322699738
103524,9388.975880788756
106761,5870.029034194135
85261,12441.475757098538
82784,12728.782424404602
79866,7333.516588084281
85332,18826.328385505687
91102,18740.554780769446
86628,19051.75004360345
79673,37788.75047668931
83347,17766.975483320155
94145,20578.147259392044
106036,18545.919422653278
82287,17527.101543634548
88789,13539.638577579502
79618,30506.287721580757
94133,22398.44176321963
76165,21441.297976714523
101369,6801.0643034671
89387,9033.83287702611
76789,42298.10162822301
107309,13829.93768689708
91783,25278.114292498834
101897,5546.516334360699
97745,20105.90245139538
82133,41441.628329930994
91614,18418.901629350752
97308,13991.219080500106
95044,33413.760008852005
80363,22360.09054171543
87137,17973.559684676115
80900,11281.58676331915
81525,30402.43937742874
86772,11838.142958997514
104784,25657.55968020702
76211,44000.594550031994
88180,12391.676011997124
107375,20404.75201244466
87142,10234.64550286602
102944,8395.557063250508
99258,12964.920583650239
80209,15389.8600189463
81591,18318.071389574452
101494,12025.802268725583
103703,13699.881501367061
84613,13680.70527651703
81070,25618.324320678777
98675,24638.871719409213
90638,6553.332267854805
78215,20965.87291183986
104188,10746.343450549097
79525,30555.671587292254
95362,22611.21051639044
95717,10155.689292019255
106872,26362.897293970105
84301,13808.595794362414
81601,34315.186613455575
86575,8468.872656073087
100108,12819.749009193325
98140,11223.962829813436
80480,19725.126639315447
105961,21684.29230210671
88147,9291.541418079094
90426,12862.874130951637
92503,22840.221953324974
91066,21411.01707483519
103976,11093.477219103646
78267,27581.62011451259
99535,8581.095956313995
87776,9904.27967548309
108501,23639.33600959726
102285,9972.8361666915
105946,18649.003671745475
107799,17063.22771915737
90291,12884.234589556534
103617,12819.749009193325
97086,11858.391291968359
108058,16897.445702548517
84663,14435.874059100543
83054,8570.883457727627
80706,11425.494123704875
84885,8439.654138037762
96741,10376.05941106663
89018,18503.80425623963
102962,13095.755115866965
107208,27409.554892722437
87254,10296.243794826552
90928,32963.963107624935
107211,15303.912873765967
104636,14568.197444556585
96902,18614.54666360253
92953,19766.69978050676
107082,27412.604600234383
87483,11195.807566091997
81493,22976.31809977302
97521,5939.225349326586
107168,39245.84891523165
94004,27817.707654174425
87794,16483.101659336997
99172,10773.956004072177
78673,31040.45494747877
77673,53513.360035886515
89569,20249.010465304524
95130,11521.08135956298
82941,15793.420618329863
106278,21571.17345579264
92295,25842.309737519852
100500,7336.363939823831
82192,43483.04285793683
103583,19703.32245624193
76059,15228.653729357788
105499,7534.208873025597
107083,13413.804845372497
99563,11129.841103791474
94951,17955.0773103431
103148,13616.560308291228
91319,14461.460386743489
93386,24066.77755890891
76109,10120.990337360772
82945,7432.891005957044
101785,11742.98502262601
99381,3718.816749109933
87060,19184.12863983797
95211,30359.798075686867
91694,22712.718449798507
77173,48078.94048289183
82094,16768.2185520698
102120,15775.745224562404
91721,14899.765634375497
88100,9059.015802323465
101115,18193.903342716974
104595,11595.696649712676
90098,19187.385566147284
89595,6357.62013473288
82269,33408.51815610741
79900,21551.31850614684
90360,11926.134862580182
102462,16537.326945647357
106639,20804.17829109615
100825,9333.571631127626
79579,27368.217501490555
97198,10760.508747739785
78303,12626.935913146233
87680,6951.45294199101
78160,43495.32630358997
76168,33612.835105486694
88329,21930.05006246952
97416,16965.284774807184
93159,64861.4754537722
91927,20416.145428195246
90611,13965.487867729988
78641,39969.65161195119
92598,21289.44365552343
94425,26174.913870324126
91168,22072.034939069723
78734,26046.36042309896
78005,27624.26531913455
93001,32143.274840301383
101473,13551.500079214009
81076,42305.76695652252
89625,8644.872963322889
77610,11954.10862701747
99909,17332.15707866737
84285,5321.794027896376
87146,13635.083306786502
106204,23044.90064376603
79047,12337.469994717381
101371,20221.705024345614
83269,13324.069456827652
79251,13071.726735121145
83976,26411.56892169848
102684,7954.028380278712
97327,13010.483238231094
103469,10297.425445703127
84299,15400.30972177986
99272,17416.247116958235
89489,7759.722395115858
83325,10662.488475767035
89423,14048.086463337484
86724,8300.870580205927
83802,10336.888960262286
92419,38679.68593576474
104989,13009.650073969378
83670,19564.26794382511
90400,8612.226178510511
107433,20309.176358842287
81641,29799.564475784355
103722,13368.407863043838
86632,12233.454187680556
93036,21208.99993797441
94398,16085.330171980271
84906,8529.670140691882
81280,33641.13419959346
104075,15294.293314010902
95998,23837.5628056959
100993,11178.952909221485
105404,20539.755209613333
95615,25055.48650019738
88828,8559.350808910976
94230,32552.018129008287
97101,27991.355149005587
102266,7033.143226569138
95269,10685.758082067647
87008,18626.256008005803
96384,22461.389430605166
81461,29939.535940308167
92651,31687.486358968006
83997,12146.462940110257
100143,17606.64673217244
86721,19121.247106946874
107348,14200.4569389778
99221,10114.090074525513
92846,19908.848190417026
101042,14798.02067161298
76663,45680.71559884316
87986,5848.343008010254
92959,18381.143208411624
86076,10195.793929571453
76987,13183.96575159073
76842,25614.457100184216
77966,12725.346050167966
86599,18093.922001523468
87922,12009.172999042032
90812,6446.144899436803
90897,18245.28016751966
86531,10274.21027158872
83583,12067.116526718632
81256,28249.301868540377
80343,16077.48069585577
102122,12446.810693230233
77334,34349.0491439263
102222,11475.537804234822
93883,18034.701267168013
101876,13468.109391331558
77602,16569.024675777502
88598,15559.084105981163
77524,34601.98406431427
96783,26722.928932858435
108041,11711.239044374506
93694,23950.281409873103
96258,21225.744371975405
97398,13947.614201944765
84225,22267.95636256159
86415,11856.509098858036
90604,11552.8343527175
103848,10893.82432746903
81012,12183.584957587102
94703,27329.76321074347
107406,11217.690202502807
97842,6217.5263707576805
106706,9584.302080634505
81667,32070.886161080092
81092,20535.04832102437
97523,16991.55442841266
77107,31510.39302944486
100699,6413.476318151188
86969,1637.76420988511
100917,11026.886136219313
86251,10260.671043911421
86424,22376.664289758675
79990,12707.936098601562
86382,14153.847737957954
101613,8389.351206836029
78397,17196.561625936625
80111,11399.98912617612
88021,12989.223414208116
76832,21875.123169303497
78935,16171.594634117004
100446,12340.379150233246
100621,10972.517221952407
78399,12318.646181706015
108515,19413.9784963212
106023,11584.47151777966
93721,55285.10561815597
83647,10785.21970348507
94136,28018.18374234746
95847,25813.46585815453
107172,11574.518483411197
94458,29260.970630919986
94175,18989.083046553616
92726,24029.49431503014
80910,57526.52634313632
86869,12557.7822697888
81258,23958.091291788536
84340,16840.943884342578
100324,6223.961671125107
99428,6158.3432348579245
88878,14686.023796488726
78066,51335.1641602248
105935,19165.731875447134
87309,10506.716500521068
87656,10973.487761824223
83790,11990.731214141771
77893,7509.916834971126
76055,22274.149639830546
99688,13751.323153985328
99661,11129.841103791474
93173,36412.26765436211
89291,8432.174999912784
107766,7427.532882356217
80369,15905.627760748497
84448,21258.987201854125
98481,6454.591155407816
96477,26927.17112786136
94818,13933.831325646875
106708,14371.730206132055
77786,26700.551317529855
77244,49856.39914644715
91199,18636.972270313498
101108,8212.716698535804
78967,19403.07302832753
106914,14268.239422999795
91647,22654.224430350976
91411,29392.1116357651
98766,21225.906238641808
105906,8960.02910467859
104682,20711.354254419264
78615,43487.60319590885
85253,12070.660854106156
103137,9316.215433996782
94662,25864.885098912648
104640,7457.003563875064
97535,27679.548055731128
80168,36916.29667255827
89005,11576.809718778435
99876,18982.94631125122
88741,9421.377153118918
88333,15129.605968068794
79822,14676.32608211391
108292,17346.387876603887
106845,15142.224909518185
92167,17909.79426828045
91226,14988.941304109521
95206,14827.593856883017
92166,37934.640025448156
102963,11819.34542421259
79527,43541.03774943341
94552,27286.72736017341
89210,9361.7988261453
78573,26316.90169543199
104073,11181.708012915618
98520,15483.26922642155
77491,48658.6577345704
103333,13557.603713639326
80090,27081.935082005795
98666,9079.492318858502
86798,14779.70111820267
81728,16944.44198192251
81606,11739.556633980259
84372,11784.012395160198
105528,8608.20081379315
107436,10937.795746997957
89038,11798.773073385215
102983,17209.792949423143
83135,12742.136071286695
98165,11281.462914824187
96159,8813.337041165765
90229,9475.185607930296
87710,17766.975483320155
91414,19220.10912609453
77961,20780.491721535003
101890,13463.147759054522
83710,9256.149449277713
92874,20560.760424013406
86534,8154.034958579357
98517,26240.991549200113
76174,43520.656443265856
107068,23467.323283987822
98050,11625.28039468956
98718,13728.723937491144
101964,13726.394319764167
96813,16726.22266323216
95118,16286.892052558089
91139,28202.005054665413
98838,2099.3720751306237
98268,9714.103464136973
99553,12495.003480265956
98904,14182.459062028422
80828,28787.72096750389
100001,7639.765655627916
106691,25792.414652710067
108038,20313.076611157576
98715,7309.431478846124
85714,9145.947727479539
88475,18286.853181556173
91923,26707.678605011675
94795,19174.415277223172
79738,12707.534081785987
104213,11992.871067494452
89425,2888.2133330049214
82405,14819.570686956356
101000,8956.548024560369
83819,18333.41200189379
103491,11550.060155015646
88226,9325.810043773974
102022,12309.275896870162
106889,6780.255354599537
98697,12384.105686117979
97178,10107.707731592385
92375,21625.33085147828
95917,30934.869717686324
96308,11877.018946931608
92406,17226.360415265404
108375,8836.431142759338
76860,14315.75235872668
82234,21712.56414213889
99593,9853.527336737752
82962,15375.555009487474
82016,12819.178887006185
86781,17653.74453876101
101065,16545.501349892544
95525,20108.301415610294
95306,30688.34027622401
77397,43061.40427380757
92496,18288.07244081909
102473,13557.154749127161
102927,16294.13339784214
91897,29172.162228768844
95554,13920.422962660405
97488,18168.266117014005
76085,20329.09084779607
84133,12487.651176221312
106369,24846.98264152656
92172,14628.006173144797
80532,13383.925830660977
96952,6712.147789278598
104627,21653.34796344399
87415,11934.350798745558
97047,12797.141574128264
87227,12452.473206190458
100308,7584.1731971107265
105075,18845.127320334217
84539,16649.128969644255
92284,19562.054855042847
95634,33944.792938549
86731,10584.212303424993
96425,12657.486083525402
96765,14731.420545399766
93239,16279.856663158122
95450,16508.487782472792
102086,18370.13231273595
103024,12482.798457318006
92808,26818.981915359
99619,7616.1503714538085
79704,20685.318158392394
99613,22555.553316091235
106854,8163.09592217405
80959,45054.918913218025
96020,19033.967947974383
78736,13491.276945219754
101207,15578.231302319611
89767,6714.6056737061035
105747,19215.552018887567
77828,16870.03597902646
91572,29524.403616956588
88785,15377.412009168613
76972,24518.9514211054
76362,28499.59605200415
87572,27411.117180885423
82399,33324.82491257698
93833,21307.003421410212
94597,18491.09011761926
86551,10514.423662739331
107163,16187.51159856781
84085,13972.01669194197
93349,29267.640654788665
99389,22438.584916189342
80970,22731.271674730397
96279,11239.088260302173
95329,27502.289781092917
99228,13402.82203785948
90184,15395.494398985658
107226,17233.299521085104
80769,30342.310414482043
80742,17975.60328682299
93650,22039.564865222488
107530,23440.452514438457
87038,12573.699435128321
80146,31156.90170639455
94892,31978.372176642966
107150,17063.79844691688
77880,37727.845259299604
100591,7587.89217295157
80919,14969.46356717926
84533,7048.814646374106
82006,13862.120386138738
83592,17059.900629552125
77124,25914.358036149024
93924,19336.28313263432
95528,20767.8778989415
105644,17277.33494611853
85662,18542.804826584284
83079,13526.525969621864
106655,11334.38266422191
96517,12246.495143590982
80260,34669.02647374033
78203,16480.844496844613
104045,15922.269418898832
76147,31423.90118623736
94260,25908.1266077173
101648,14240.734156241644
84725,12016.936986921308
100099,11573.003802650537
79381,8338.90016276302
77511,11672.14386840037
78265,17618.678649279933
85496,10651.364908041807
77336,15182.509102633856
80330,23133.957760136116
97617,14894.544441299458
94477,33310.601333408995
94881,11995.682836502117
76653,87019.1570466551
89023,20022.576609791682
104965,22034.802443958022
79637,19255.314778977194
94018,20400.331900445464
76481,15095.43843139801
76139,19436.89248278912
89662,17876.757136727414
105654,18658.063312711136
101555,4270.282581142529
107636,17118.88527094924
99722,11890.338363006897
77887,42333.69595195705
83236,17898.089734009816
107964,22325.28613767712
108137,15180.27973277915
99718,21463.049498916153
86701,14973.496180826776
77077,19390.613621535238
88040,33439.11479931465
78583,19082.57540387395
85917,13092.794028525073
81283,24067.593927215024
104304,11785.932995093171
87081,15664.382393661872
87129,9653.044927963358
98111,7802.196711528371
76125,22580.202480318792
89395,6977.626032238046
105028,17275.21982123077
98036,13371.040436743047
78805,10543.86691705649
103101,15409.651553799773
108365,9902.360894761858
103367,17670.42753480327
79524,29517.396635657675
96079,28245.383625567894
104361,33758.107436756014
106133,26406.366522318993
88514,16957.891775300406
80511,51774.39173060302
90340,10894.488327926634
105563,19719.332432165487
85987,15152.670844496026
88251,20308.865850456095
104270,13985.116824629014
100820,7723.337984997967
91061,23698.065953308895
94348,23973.310789203126
106956,22502.265372502086
100858,11106.017027932594
81114,24661.491875286883
103100,10914.820505298268
87787,10759.677498079516
96168,22951.28381426685
107880,8347.411326459614
79423,8681.52485921479
96948,8875.026692588153
99709,11026.579705746824
92562,22906.158876587728
101684,11153.072904387816
99037,19921.555802595878
89129,13446.021932999653
78722,16886.89939501113
100854,13359.20742217351
94206,22589.781851683783
107045,7287.172240298274
102537,14658.105752744823
95597,40319.07624799981
88680,14651.091311945065
96439,16916.49493094418
95466,27314.611999093864
89104,6740.524512642895
88224,11460.357837837271
86152,11805.46015581854
98291,15195.547465496513
106901,17648.08954506699
81783,42226.44292064304
100932,7561.6882123061705
81607,11297.118426852805
96664,17148.569809677283
87553,19513.36093719277
95513,30636.441691009943
89899,17604.10108827311
98891,21550.832123476688
107167,10361.890609048241
77353,11648.640930171761
106280,21718.46092881944
90874,7773.998220310533
101248,8857.182959650361
79805,28256.625269948458
106429,8973.032290463303
80749,27802.807394403462
100354,10570.807916308815
80249,14699.908357517696
108135,38026.81936167835
80931,19808.1445770104
107899,8775.629918089331
106399,13601.202013095872
92635,25928.885407032267
99128,8824.542723278697
83388,11658.325863419317
79225,27128.805359999882
103533,8275.276820994439
103029,13505.693551424796
107588,24310.93372107035
92646,24965.45125471583
95432,27059.645542928793
105377,10715.244047949463
104914,20654.275826470188
103692,6834.7651492274945
90273,20395.992983421507
91496,15328.844022641597
90243,27027.347856898195
88300,12781.118473612274
87519,14298.994958059277
91612,20193.64133095176
101939,9313.524124965315
91015,36261.649657206195
90181,21916.172626658576
78441,16968.39451814793
108389,14565.406153731697
92627,19890.172722662366
96927,10194.581971641685
87730,12143.784110995724
89842,21711.957925138155
92971,18906.90959871613
85556,10274.237359435507
82669,15029.81704726525
96673,11009.985415350486
79153,45737.37360482458
104675,13417.6114742531
91062,25467.987190749984
93779,25934.869168725272
84248,20020.69757830025
85038,17849.04987878495
87003,16740.017451628
104951,13935.606619657778
80530,6946.094533103212
83785,17570.426235774194
88812,10568.742203076317
82270,34631.193372587724
108300,13807.96653084564
103880,9867.199210583898
90507,16798.236902954483
108049,10697.322505447204
77105,25785.71379741006
86615,11716.028084667267
86494,9069.373677448122
103184,10254.886894938305
98599,26293.616168693
104375,20825.641073437797
107205,23214.711157052694
78844,9997.69538846969
99780,21159.77428465981
88969,9610.884469767212
95137,47478.08546375728
102509,13706.356998571122
77745,34679.74291251445
86566,7421.765392681904
97877,17555.6091547828
101765,8081.537879607731
77886,11571.820650018739
90185,10203.861904772564
104203,15796.016481434317
85229,16179.721480565258
96143,18266.79135555716
88575,18668.994509975255
104096,18532.409164941808
90161,14498.027751135192
100702,10646.050826076858
91390,21982.74057239226
94518,19176.412894657034
95365,14062.852637119315
77078,10630.19772173029
103981,11412.739781009854
93049,20294.03873528124
104932,8689.28159826534
80929,22920.623358759694
84280,19620.314745862317
107619,8869.427152590099
96726,7541.160496390704
95122,14958.142193130874
96286,26473.532921539805
104463,13218.30285138411
79669,13329.863669919192
83751,12039.6859787385
103686,9097.749681091685
76601,31437.68555144988
78424,35428.66885530168
103522,18121.906185465337
96181,20146.808089846443
106896,22342.864123209893
103201,14107.43378377076
108472,22565.00185968205
96100,10994.708078292237
78149,46409.0512600368
99046,9059.779425388537
101215,9161.087335455491
95675,27801.68015939218
103753,7390.243702839347
102010,15619.308621983271
99789,9009.930282257208
78760,32105.674393970963
88270,15537.339108151305
77169,34465.71815082744
94033,39122.1219758398
96304,13069.922358090325
83591,11044.345709259014
80417,23279.9662906547
87101,24000.891691840483
91487,23115.845849979298
107256,28772.67424092988
81695,35192.36867900931
104760,6342.984861328004
86668,12075.427630294747
106007,24375.92024259113
94726,20294.03873528124
80940,31864.50080953575
94574,18001.650113027754
100505,11575.359147319627
86383,9256.522141521542
95683,16446.255982185085
79982,11893.28751214977
91488,29744.82511735852
79556,38409.27492404051
108183,13414.494512858666
93993,35597.4559882484
95976,31095.467802905132
98574,24668.291719145524
94825,32263.0853613044
88397,9165.425588379363
84250,14080.22574367232
98593,11374.328680425344
98330,6764.029045761673
103350,7525.6691637005615
79640,12553.565016214823
88447,15660.20454644218
97515,17801.075599904594
99951,14081.260099163008
99333,14190.83333358135
88755,6463.7998092946755
86184,17898.089734009816
79396,15068.633553476746
86690,13368.049147201395
84172,16122.36317030459
94766,28504.98741229964
95569,31026.528673711626
106158,16674.914663899697
81339,13901.797714313592
93286,20910.667794472545
98950,7383.406476607352
78868,17359.383939487365
100793,6948.343149605967
90095,19027.26814185615
77269,27290.18363011791
79615,25200.048716184836
104050,10141.878506117258
103961,12448.678525464942
105844,18964.757475312806
101832,6548.091910018729
102550,16330.030594508025
101434,17606.64673217244
101418,7732.32740475273
108042,14242.836125900694
107747,12604.267983144015
84521,9631.463174360339
97615,17321.578132923136
81424,10954.580882447086
99517,9130.47134652878
86658,21320.33181116404
91422,19219.56771241935
83839,17663.35945732757
95100,17470.417455088587
108425,18736.49915283657
102439,7485.827271015189
88840,13874.180830794765
90580,11900.192496489657
85770,10423.076563479359
87728,21228.26586301431
89952,24720.85237331925
97315,20734.279637379692
85711,11996.855485935957
90358,19945.592473327262
102929,8063.766443650742
82447,8892.988934928866
100245,15684.146123626113
84784,10544.053492129115
76465,18246.486688290468
87664,12883.638601417757
105387,13818.349411624857
77089,21861.04757210961
81610,15506.896960111015
81058,19108.537461882617
77730,59942.15107633029
87459,29598.69895815926
104036,13468.279569928145
107145,15815.711593380618
82326,33266.61907080609
98946,13473.335498275519
107053,3407.541976746679
108371,18570.091192875592
99914,8173.327257282434
103049,17754.653322144262
108509,13343.434172731111
97598,18659.757399257072
79617,26315.947932272036
95140,20084.871227382828
90323,5301.135301574509
87974,19965.83704688748
103944,9353.702217253713
103018,17606.64673217244
87158,13159.093249047435
77669,21812.14547685625
98042,16279.683372389723
78268,55286.19384300169
90767,7090.678807602505
90669,12557.155536790235
81912,4733.272714344772
100120,11744.460999442806
102601,9932.692391124803
106911,12694.765095903738
85941,13492.023212945352
87006,21188.826886997536
79286,28015.452325706778
97138,12284.772072200234
90797,5356.5798042527
100707,12674.128826180011
107334,11376.563472003787
85757,10514.368067980995
85888,21945.25402884288
99962,26968.708969213458
76188,35917.11274251637
99064,25858.97499212436
77045,39237.96971438985
84655,10379.13592477957
107154,21715.544671012623
95840,14572.458175235963
82979,15103.568256345014
97459,8835.124339859272
89352,6086.443596464161
98956,20794.44074049153
96121,24528.319875717443
84625,14350.331068901825
98767,8439.665159179998
104355,23016.40737041872
89678,19422.306075935932
91357,35796.468535759035
75998,17019.074474671997
107603,13565.789966967142
86574,12470.60848955571
83632,13834.47639667489
89374,17161.39727873879
81663,18637.58097917843
85717,7210.501190036449
107272,14868.194060785758
106265,2812.7011544173056
99040,19753.733365785836
88694,16132.489769887108
85144,18048.360912809494
86820,14207.784130190703
102396,9973.5219938784
87881,12266.063208477459
76603,15992.196977145417
100941,9264.377584978529
97580,27324.236915470854
106362,16694.13520777008
84680,6474.089460582191
105064,10531.748877105889
105522,18871.160272959838
82587,16692.735253703544
81216,35838.08374368749
77075,20783.712820794786
95633,17359.1164195741
97702,10265.83164483317
106735,11630.128042250095
78177,17754.22202880211
108495,10408.821760251869
100743,13033.326718772836
88876,1942.1330375437808
101192,13865.868860831763
87450,12681.612388966723
87281,11977.674390158392
89740,20694.491917516138
91037,15229.67622611418
88485,19398.500130921962
103760,11315.654937886053
108527,14533.068541739352
94564,30780.689702521147
96909,14989.983800049427
96759,15074.386619159934
99752,10743.848666956921
96075,18395.064891850794
93329,16829.553202806856
96936,25092.38885340896
98873,8748.02842748307
90863,11144.434515998653
76692,44494.70273378948
89812,15195.925028908101
82128,14293.618370129843
96066,9902.465506736364
95160,31866.888352762526
94923,22875.817066993302
79998,20539.00245114193
98555,22431.23505311033
84197,11255.779183820856
93881,44931.665062325534
96420,12770.747342539458
91466,12598.987988599194
102246,10060.222114214339
95149,21937.793370423813
92066,37831.06951845708
94579,28899.28499456063
81791,34776.00875781448
87929,10537.939187741633
79839,18605.544285611784
103708,10449.00265296312
78718,25956.10828453928
87840,16286.346248493424
86316,15259.568798945009
106118,23725.102090122455
87923,11270.140899884198
105417,20736.791303096965
95584,22656.843479509676
80187,8240.09834532811
96280,18721.54738150266
88069,7569.252525869163
102826,12826.593365211565
91166,20533.27997013561
95616,31566.243021417755
77374,27620.060552650404
101288,7873.65590590193
88801,17395.66392462919
100060,8587.346957962409
97336,10102.338413024783
79226,16824.796336224943
106287,12191.245674898832
95018,22427.681414334736
78131,17410.433535669414
84551,19544.682141979705
100445,6029.779443115445
93031,19861.056429059005
104415,16931.334954197544
82984,19630.145222018695
104242,6781.92142248434
86170,20527.53628669997
79814,22056.83456759721
94172,28123.18453124321
95530,41001.63014205615
96105,14986.297133293194
87822,9466.479630265227
78073,18070.840304189212
106610,19634.192133197623
99065,10183.791128170104
77646,50087.636974536654
86266,17795.045854688873
80186,19789.581583270236
102645,10572.379259973965
83453,18006.368131420724
93905,21153.13625887504
90535,4710.240396888707
103695,12893.245078058888
87488,17699.086889423666
84520,11463.284931378977
97541,10481.548021891378
93818,28227.12241417317
90796,23838.756470724184
92896,33018.17960973204
95577,17440.332168090652
101488,13916.54899254358
92336,22060.94603443671
98826,10872.243138665455
99527,16356.74425802962
90582,11296.463592799999
99787,22882.75448231764
107806,15007.864408112606
94108,20240.535087857414
96333,11735.390130724922
100710,14747.217796257355
94129,20239.01227282436
85361,9909.446222151708
86043,34450.012695597325
86833,13746.791044659538
94373,19308.204770072498
77978,31863.606431384494
96250,19319.38461360734
95594,26832.408874072127
96781,30296.431506502744
91860,24114.975897978373
91206,20579.79903476265
102627,7894.857529256546
89384,17917.715230322396
100945,11296.103248406602
103337,9892.784528642609
78230,25674.752822190778
103814,12186.103688884186
96429,13962.45636998785
81547,29529.304146628172
85056,23466.916940550345
107758,9812.336141238406
81328,22416.38081836197
100775,7373.162205750215
82066,21144.527503790476
83908,18456.262274293404
105323,11579.171882124747
77492,19260.90210885738
107451,8780.216239713176
77351,13884.90379680763
98029,8754.098178130196
101572,7149.440229824136
94944,28771.97935234594
91179,25756.198342885087
97780,28186.43140166009
97978,12244.091992521327
104953,15155.744305933087
89173,21015.808189833133
103406,11221.50176771608
105570,7210.35572473144
81815,20473.25238118758
83095,14332.97123207755
92184,24132.40408499122
88793,13509.410957043341
81805,11475.91836671861
85794,17743.636035696007
97245,31528.315540158655
88691,11689.155138665375
98261,26019.704880734145
76495,22722.75235728638
100400,10983.475509404596
95964,34306.53463895826
101477,11038.34812128627
91345,17949.930234409738
76207,41332.73858047702
88153,15011.430914455683
96153,18400.5254561714
82291,15486.23330347799
99451,8541.28708820303
87965,24410.800155810233
102559,10285.281569928897
106147,10481.385563228325
77921,18520.484268700333
82334,24352.471250840594
108164,11623.921559505268
106096,10416.29046734149
87657,19107.632380129566
98448,20977.62629400685
91900,20684.761293644286
103220,12211.984993770327
107077,9227.856666634874
78197,11434.314661078053
101655,16308.927766054234
107006,12668.38644709891
101367,10539.312864359465
91219,28410.6376976069
92182,16086.753022164577
81544,16003.836958669723
80496,22597.192675081464
81766,25279.100212961646
96589,9766.05387024509
81711,21643.27370860198
94981,21372.553690833574
80701,18253.69306409199
83791,15083.74513227679
84832,15599.757373235405
108407,9416.391431148479
98308,16972.384210273583
101437,7535.583049700608
91248,37839.40647831887
104100,19915.294335875427
78410,34063.155878926045
98413,13756.592414255721
90060,12539.449885793776
101366,7328.053033870763
98709,9529.027108665501
102890,9872.329489588274
87962,14872.482741512065
79140,16991.474784461585
94166,35789.82894639668
105551,11662.200450436958
99518,14404.041075713925
101813,13727.437467290149
97443,25629.63444471454
89725,8934.466445889764
100115,17606.64673217244
91893,18091.508550385683
90000,5606.5763665249715
82989,10941.880238755746
89359,17898.089734009816
91971,40355.10760957262
88614,8440.256846315626
104765,11313.910748729968
80918,26420.45179381145
91622,16423.641932640363
88210,12733.898262355335
82019,52239.78162620542
85200,15061.704649810796
81558,23127.53831402027
99276,11928.972205870808
81563,32651.170274048945
99583,9643.249037750162
77201,11158.539354456667
94664,20608.493895750915
99203,10306.95481079574
89314,14236.537342078642
89306,16210.50564363689
90716,17037.625425503596
84217,17842.950275308038
104655,21680.724301546823
92210,18195.889993231147
82528,8342.384572687173
91346,49389.596999511865
88118,22142.777122746716
76132,20763.745581808784
101208,14846.787821033258
102136,9640.570609865503
77562,28671.061788573832
108283,29373.4283235618
100008,17606.64673217244
91342,32602.415652327694
107698,12853.284750384408
81538,12574.830735589052
99044,17437.356730372074
83163,5676.934320644287
105124,8431.635772752188
86549,10000.342247678695
91034,10972.957208434746
101853,9376.739934555291
99837,20606.023328857576
89337,10562.24634164958
107369,8652.171635494598
77529,18003.443450782357
78801,16744.564141102102
76409,21058.246033438936
98146,11010.326222723137
91565,40370.05036371801
107994,22460.90503665104
93945,29800.171108252962
99755,14399.699236986182
78753,34141.37182576208
79674,26038.911871426633
101599,12819.749009193325
81659,28028.611099572958
96322,7397.432100023745
80700,33281.33597568269
101522,17606.64673217244
93595,27948.372686523297
78924,20368.133053123554
102891,12819.749009193325
107611,17581.607586962054
78528,47338.885429306094
86323,17898.089734009816
103910,12240.391183162803
93854,22059.033693005746
88710,8361.103997513877
82438,23729.564268178485
83328,11794.735411900618
91690,26240.94681385339
83796,6074.5253528233625
99904,11228.666988585517
100270,10697.214266581997
88422,10146.035683487728
102971,8602.748314344626
106161,10334.703417275767
91244,18115.457648508116
81158,18524.625122234855
98004,21589.52780298791
84522,12199.947506006154
81215,24429.265168658858
94487,24552.79932099978
78065,25088.38299258374
97766,16600.47694242158
86180,13798.482138427067
87921,11573.981172315222
76160,33257.03496343093
104197,9437.90189617186
100295,9069.11984125821
96012,17191.25814012525
95783,13416.572097993056
104527,22105.172561451054
77354,31433.912997919146
106062,9731.298731576324
84578,9248.775949577175
99784,13614.244696187843
91716,23014.791989911464
97394,15144.767357436014
97254,27893.650764454986
87501,18675.85886215439
95532,14468.37526612158
91011,24760.419925144597
106069,23635.8073684077
105103,18429.80344746879
84421,11283.728318022597
87363,5041.576178605127
108379,14237.470257510693
83268,11949.350937644938
94592,28996.11873416401
84041,17028.757678355378
88908,27542.491682762935
85932,17724.44636149692
96593,10734.86869085398
106195,10860.893884006546
107153,22473.28405151737
104500,15963.462151052201
85737,13908.123958829936
75997,10887.250029953522
79336,34390.74293629713
77061,45626.522401954855
88839,19472.772474541405
86859,9788.250876200611
101090,13894.776483196221
87563,12473.09144101423
107188,9750.986643304772
95198,17858.95853909663
86476,18752.028607070373
99894,26092.753718968634
88279,13212.086640436644
108121,17014.95051046637
99827,17795.375416487197
107457,22557.251311494245
96509,24742.617535048827
101858,10018.251530010726
93052,21785.76895645189
91879,28035.497634978037
107229,5862.889750137197
87917,11113.225484676275
82310,10508.160304626916
93584,16787.50372921267
94356,3821.60072692062
76249,56884.42181655736
88386,22928.05426245295
104406,16458.126757694434
98286,6222.393993329985
95310,22502.601657599633
95994,24590.80174343771
79879,29929.727243318976
97135,14430.708245534808
81818,33733.95266886151
108055,21727.65877671131
96474,28832.551188622372
104358,22025.567674469607
77110,13222.19158474415
95124,12550.734121897509
100539,15619.308621983271
102883,9333.571631127626
94081,4630.076849308276
100018,8745.483530645874
101491,13011.246458159336
89297,19778.78442151811
99337,29099.62042240098
78463,13796.567120167385
97799,15895.077349005353
92138,20868.02550811753
83715,14240.542389640364
90455,12622.815209420949
89100,12828.153757858354
79908,22706.11694451066
91045,17702.19540189302
78357,14941.066842424712
83989,15457.457559917188
83057,8406.802543709244
92472,15096.883397928186
77836,7949.070701632027
91661,26792.861427886815
103107,11803.53191884686
95476,29449.52866442632
96615,14881.408510716738
76337,49924.12758487174
85067,17151.16748513991
95176,16105.31778506183
104450,25619.435666635876
104227,25226.025456238927
94327,17045.83125292584
97056,23505.05344780815
79775,12351.691279276005
91282,28974.62690900942
98425,15915.574915699108
79509,17455.697997831317
79798,14107.303207896806
82615,4283.94725295184
106314,21629.99129152758
88964,12689.682370912147
94303,14531.604842840175
96851,8521.465329333218
104465,12757.58769760253
89500,15967.022294439357
100482,10061.842096294382
102159,9049.121580003768
83242,11225.079513855188
104780,20137.61789775152
83902,8543.471937560535
88955,13042.597398375581
83139,4655.960416440152
88842,25744.210389345488
99320,8410.934200910124
81840,28813.78581553939
103216,8439.680209872859
80734,21627.579672129774
102743,20167.72870048151
76855,30533.593493233424
89866,15154.204994301104
106171,23326.220825455075
76530,12391.182944860833
77933,13903.712720543133
89304,11997.575025953833
77180,35330.94795977889
101525,14173.580473201959
83657,16845.16067533055
92832,21215.87019600944
102059,12730.743447563951
98895,3017.564268163049
87994,20344.78456416915
86458,12502.978237393796
95568,33018.17960973204
79603,24186.763465958742
77681,18196.541325837043
105596,18752.95322313493
100815,8464.313423936934
77113,48616.92965310513
95519,13516.231530158548
82180,14503.437814947572
105893,20644.39216011475
96087,6298.815684824478
102458,11116.285919601749
104637,17889.688504637044
78633,26845.28885153872
101205,12819.749009193325
90825,6989.762379476674
77280,34374.82495939133
94924,14624.029790641724
92185,33215.62249980554
101547,17606.64673217244
88425,15860.354173880536
95191,20708.888484128987
82878,13908.011079104284
87900,16133.348043125043
90045,7292.955687394833
85402,19299.286847821073
78124,20910.556784241267
100374,10043.780077078198
96192,9724.54529498875
108050,30697.258981084626
98773,5734.541933264132
105534,8457.894550314426
89256,18501.787726633895
102735,18862.541588987508
101683,11390.651671085583
80977,23270.053354470478
98983,10256.662417042526
91969,53559.53734682046
101852,15901.056642725336
77600,14133.590735032392
95813,16488.16974373569
85687,17149.42708402377
97288,9501.295744443247
76331,15629.124274479347
76111,23089.741482813963
84464,14417.762302475654
102105,11529.924709277495
92739,40462.25569678837
87154,19827.644940062935
76313,10584.610358926713
80830,17112.90126004601
107419,38026.81936167835
103729,17670.42753480327
93796,24350.225442463052
85542,8856.197636359937
89838,22096.200912149085
93303,18365.134826278034
86555,14451.451769682506
81471,25239.245134733075
97273,25541.164300939185
84529,13944.695941834121
86886,2414.5202419654656
77905,51829.20533435401
78325,14889.067378996682
91821,26624.63967584722
79209,19645.621052000137
107729,11376.198342186339
88328,10966.001237121527
85466,9301.80205487044
105634,9179.129377199808
79780,10087.256736652753
107271,12124.865508880059
77909,28460.605047222096
81592,20680.683383326734
90946,19765.110783724755
96511,11341.244149934895
101345,11817.685211271857
94773,27122.481150671294
106754,32088.027004861662
82112,24790.435561975035
76758,36010.134325875486
99146,19956.947968568136
103707,9632.658307161277
84009,19053.80831638826
84288,15189.643447147355
107688,12661.766934790769
98025,18798.17736669535
94529,27797.972001419406
78142,18672.0755058162
98985,18562.54924083821
96366,16545.234086389166
96697,9884.853911734446
93267,18493.322831744747
98625,7314.952110011714
90111,19603.745415333124
94666,26517.330623580794
102390,7607.098797786743
87799,9131.340023763876
101806,9830.480395344726
92319,16852.19938204649
82564,11340.066554901496
80431,34398.376798837206
90298,13057.119945389784
83570,3104.318932769377
85343,19473.498745639772
104567,25246.822393240207
107481,16818.39645537056
80625,18305.806430257293
98575,12211.857589661942
76415,17459.90616732261
95772,27476.9193841718
85564,17555.71131981566
106489,10008.223958228493
104520,10861.046509563343
85622,11608.981499493973
104842,26939.423905446427
81717,34242.16871188696
91720,13130.61479305942
93411,30895.515746783723
91818,28446.21556233347
103824,12466.486257102599
106453,19557.098166274867
96056,24657.135333048453
87924,13733.68478859898
76902,31385.112141995403
107200,24663.89707136996
98825,6460.366730781186
84740,14973.243587003395
94186,35133.44920423696
87093,10815.543045159611
90703,10470.060698198424
87711,12504.21636102747
89763,14998.569759534885
107087,11595.696649712676
97903,15479.154581248744
105393,13229.601391674727
77984,19730.656934457056
93270,28349.734832785984
83584,13573.429780482806
95630,23744.70051718336
92001,13121.603751730458
104596,15351.458438536112
108196,13164.937278624602
94963,18739.680947656067
103813,6344.315213418258
97285,13381.566355026307
102140,9243.962502613418
82537,2663.6626002882754
105396,20908.92611217954
92363,24738.338494633976
87145,12233.454187680556
83808,8344.642938832974
98940,9981.505187496297
79334,21951.384885985804
88939,10888.698148140336
86108,12274.70309612539
107513,20544.709292935684
93992,15617.740431039418
77114,18959.796578741996
106247,10344.756180143699
106460,26418.639816771694
90980,24500.27467101486
91407,40169.2836581159
92716,15712.056295193577
94427,22671.934086759964
79107,57576.842219806356
97517,25467.14711569064
82963,11211.298912292234
95600,19645.352310205093
105627,24320.4584038843
94599,22397.165511283714
93831,29180.31870566794
77796,26453.38869319565
86054,10291.793908148042
103984,7016.761117293759
79232,26373.861578053657
86186,11299.557095660604
79993,21367.643908094877
106645,19615.267525306113
100923,11617.793743850989
79473,7708.128268644147
78631,15313.27252038791
98920,12748.598650986109
93487,17825.003950724426
89722,9402.842427791687
86489,11912.504802264635
77792,42284.319578824296
83434,21102.156220214893
81597,23481.49420705663
93788,30415.360202255073
105929,13052.019779366834
83037,17746.220343633646
96675,19413.48833264121
85315,29061.729343006133
88309,18372.44104416212
80642,21017.167511793745
85401,16270.456463246117
81449,14390.299762442328
108274,26953.98965577534
106544,7218.4359616378215
91643,39806.72774070269
77829,35035.62917639008
78255,18569.054253186532
106408,14399.5107997713
96365,17131.549336499567
89365,14429.41584539934
98758,15881.567794684526
82412,16966.223302490143
103970,5766.997746175215
82004,29900.439936478524
76359,28503.672395763373
77601,21557.343793514712
87750,14136.616142949177
103263,9967.990802077771
103050,19772.6149998192
106203,21174.354678227148
107465,23992.530851865737
89824,10969.281231521147
83691,12907.5845267291
83517,14322.603351408803
87354,12724.796763036786
80631,44593.49899357525
88470,17794.453751964837
85074,10587.98060485858
106338,11913.22475509837
86031,6708.810810606073
77815,45310.51872287896
94854,29931.90572786819
92558,12623.260893704726
105202,9461.458205513658
79841,16662.61805127696
81027,26839.099087675215
81862,22366.715041936597
90349,18127.791279421526
95059,28463.951887718576
100279,8847.076564514558
106984,21967.790415295814
92688,27554.6570431466
79781,14205.088283735793
105426,20961.680723109002
76908,22215.69543484715
86624,8277.979084273904
77747,25166.57340612571
104911,25829.932037296625
100968,10992.461483644722
103235,3968.3505078872745
79717,8028.097105886253
93346,17868.356491597875
81416,45838.42852291238
105745,16781.3425542419
89942,14582.413920957239
99350,17262.436707312645
77848,19179.926871039857
98163,10360.095934124578
79733,12424.602893077084
106417,11939.078104245058
98931,6863.601614484984
79025,23459.130438875345
96098,22432.957673496345
89627,12852.62161760041
100722,9377.23977501089
89119,8385.78098793941
106445,20054.7477730453
80588,19876.790591852045
91785,37831.06951845708
79294,19075.800835216047
105542,14520.829422753026
98603,16591.12738392299
103921,8771.872606017345
98405,16655.83719805286
79284,25871.431871748202
104738,13667.095475179882
104623,19184.1708573852
105041,12532.113794091723
107556,11596.556526289125
103553,20904.330365195652
88716,23766.393318800798
88844,9803.09579052132
87568,4494.2628148315425
84183,19122.089248902223
104240,22535.43474993811
87404,14725.7616612109
95985,16658.255586068142
95986,17048.844164595997
102723,9185.930160051781
93713,30331.803221383976
97359,9424.748249752454
91991,20064.90935612082
77490,23521.535324800087
106975,11008.25917036926
98180,14383.95651899146
80465,5235.946067624644
98027,1532.6550380980018
79085,16562.584632729082
92539,33825.03069788522
92267,26174.913870324126
87807,5230.297502619301
78839,15146.12745549697
102361,11597.161012910332
76828,20205.056763544984
105914,24667.329369381896
80885,35120.73897703621
89833,21622.388242981106
81436,11662.08005856121
94157,26651.694642469796
98733,17084.08890446801
102978,5690.491646555544
81455,20278.515254269692
88578,4472.181413185595
105743,14262.823337428534
94325,56472.498038608755
79801,25035.81675892279
105405,17932.20205159784
80670,26508.168461551246
91173,13227.590975078014
80960,14039.252959632075
80623,35876.53499754451
93516,18211.51435254235
101762,12382.151396905565
104665,17465.26876954159
93682,26863.819896125267
86261,6965.6424491611
97450,7314.303818500988
97153,11226.96220001891
82769,9793.955869376285
81781,13216.835626283639
108329,11898.21089008738
93812,36447.84671159906
81383,16883.288283046713
84306,9248.241013041434
78773,8636.23495929442
85809,13482.648831749664
86305,13043.494928009204
88701,15631.946436280028
99973,7516.810865456191
106851,12998.328109865331
89751,11762.929245515417
83788,8633.506315163599
80351,14096.809547329987
84894,12765.29216568421
97232,9798.714631733415
82689,17915.499633092466
102485,16030.221766694716
96093,14152.342928331249
78234,46171.49248899007
83402,14077.404562640568
96362,27512.890702326386
85275,11698.962123305111
106895,27874.947837059874
87163,18432.453236764093
94751,14991.634891194855
93542,20912.013409042775
77980,26363.63760709775
76166,13851.767061732777
89776,14507.167603877468
106767,19556.40222781158
84743,20042.610935887686
92273,22319.85308122579
97882,12649.14745974659
76744,22843.810596150823
86560,13326.588754298695
93835,19814.660016088455
94203,12688.296561334055
88439,11227.307397694616
96097,28643.67760090377
105131,21874.072795266537
100343,9906.376829441308
90841,13400.865196442644
90540,8343.646217862815
92762,24121.13211222831
107805,19657.079741835085
102622,10204.541126055949
108073,24861.786736863603
86061,18566.95385671483
92883,21110.07153972119
82290,5121.515466915951
87824,9532.207845526314
82554,19524.945999029816
102928,12737.83570059654
77420,18224.59494576738
76315,26531.251354442815
99825,7981.79227129291
89292,11587.204326974586
87301,4839.845743004528
103076,13305.27915241533
93084,25662.6280481562
96934,9022.91497591466
85141,5898.631598023496
101607,10210.891391780488
106992,27874.534481437466
95873,26951.26726109768
83341,5874.124441527565
78017,28009.075487515038
83129,23604.34862893342
92261,13071.18159337695
83824,20128.705003771614
86151,13273.92186978888
88105,12366.46027833523
101848,9436.82887555897
89588,7243.900703640217
93705,27596.437484727194
93017,18712.563949861767
77465,22634.134144695126
105484,12568.22362530082
76751,14729.667128115078
97511,12090.751141074023
102864,10294.819456036736
85858,18516.16978634764
94836,20074.19070045098
85250,9912.583346211946
78497,22351.70408431001
99540,15416.981621086567
97147,25285.5095514606
81347,28193.190855609093
95555,25069.136435532335
98074,17608.04825398655
104435,10174.44856602871
107097,12319.478076258883
92205,14900.305229626852
90822,11580.520698655528
93344,13092.140333153959
84232,12605.648830034424
105217,27315.38915902246
76013,25642.980879786435
102818,10951.732710026059
106541,12701.359995061517
87213,9275.61069273497
94119,22697.646097625584
105753,20658.321287391245
90397,16122.390888176751
87612,6206.887749923454
82789,19755.234213197044
102916,10891.131356604139
104561,8818.367851177543
105428,12867.154320730348
86677,8128.148357885187
95080,27261.010497211973
90113,10528.098300408654
77433,25960.48269391662
106180,25246.822393240207
101692,8739.7005863436
80466,3844.3929731424846
99512,16279.683372389723
104554,12721.035655665724
89047,14477.411027274105
93888,32246.80206435726
89659,10789.948047468537
89920,9338.898028378238
86975,16912.340260383662
91405,28364.428435366517
83203,28726.184547032495
104338,17839.449657905145
91659,33129.60977634166
86385,18224.424136779868
81048,15898.659054302456
102880,8146.973770113918
100237,11249.746727291877
97751,6710.8966561817815
85614,7037.081281351457
106145,9657.264767686089
105955,10818.124675688377
100146,10589.726512397918
107491,18653.165134777264
80061,18802.09925015072
94324,28248.206136171284
97114,23935.940638754728
106600,7433.89622417969
90922,25975.782458921567
80222,13286.285863861376
99356,9003.131683741824
92780,22534.255585459996
107380,9408.904699914625
86069,12293.484165642616
107753,17696.483250709538
97983,13205.316851461554
88082,9971.53674616853
82115,12600.645104843608
81634,18734.757970222727
89943,12886.730370743102
104167,15883.142048105552
91010,22773.288228466365
85004,12851.7543026799
96953,20208.0171627731
78632,13797.831588251858
76114,15336.368597263181
78570,12750.462330550663
82674,14421.931120389872
91196,15973.208196277415
93734,12443.372729578716
96031,25018.521430074976
102015,9829.048712144724
108372,25042.216700728673
98719,11065.887443708092
83391,9866.823587943045
97098,20338.611858265725
104357,15851.00043400776
93495,19050.33054819948
86422,17511.33244310938
99731,15993.689159571275
94144,19177.0166887691
88103,8545.301229028262
105199,26040.6126251829
97003,7591.314319610983
99925,9236.939046278017
92816,16180.942403154311
98472,11774.168066478072
91986,14741.307247125687
84152,8387.015847462815
87538,14101.859546865006
93305,20519.030128320297
104249,20035.466545402363
85501,11990.731214141771
82343,28161.28252600342
80601,29266.52856897828
99715,17605.101177023174
90451,29198.300951584777
98282,11504.430183903996
98397,21278.52632326728
76414,17887.67978643967
99016,16909.931004919512
85767,12166.388321393028
102787,10318.900842819168
101188,15471.249460883786
85019,16051.785626800543
79803,12197.58850941982
107582,10905.571171895725
98501,10822.969458880814
107021,9696.611649236755
82317,21889.708472153157
105678,2315.1634393593686
77931,21416.1765752579
101619,9678.282184910344
76128,17476.363640887565
86460,18773.12209098932
106084,8174.574893257381
80551,25702.770745960235
77062,32206.60263108251
98406,18841.408001270367
103489,7478.340380509243
107191,8984.99402925581
88549,13292.769287023708
85095,20100.338358416877
83923,16393.273600899833
87074,17753.714842453235
94031,28542.35676847539
99120,6581.828722457074
105824,13888.143504408901
82389,36632.18018352233
91994,18576.821906339042
85060,10640.74390646279
87412,22295.41506549733
94683,19998.93786329602
83069,20020.69757830025
77071,33783.202228905575
81406,32152.58137496344
89203,12246.605598733197
82423,11210.068692130104
88301,13399.65749273181
86758,11829.94485614083
94072,17923.272634075365
102247,10987.074363217991
101529,8698.955044692886
100738,13233.641351161474
101790,10122.569737351618
96188,9848.829170232271
98656,16272.136252217591
79321,13814.514837333661
80052,19569.327723528335
85150,18675.959341656875
102370,9298.048986289805
107503,22867.92520724475
76560,22903.946206149056
85319,12877.099613948694
89242,19064.80365939942
89510,8193.15123116444
104922,21830.766767154975
86937,16020.498519865127
107780,37944.100893876166
102448,9749.985007136924
89648,10363.315059816856
95347,20050.306227308378
97926,10459.389133705727
104963,15055.36797275697
92272,17330.62683787859
76618,24005.59839645871
87722,14177.61469122785
85560,16410.308105353084
92621,25044.519860294753
87712,12854.139593360636
91009,26332.464722705783
76199,21961.19466039803
99145,29841.8627296405
103618,13673.326001995829
106072,15426.01339911719
102488,8043.597065629297
79837,24003.47965173427
102792,18069.136836034453
86565,6024.445410037955
98631,17642.836486528406
106374,30206.420395904795
108222,9632.071291750352
92127,20255.02485989021
96068,13523.466476606032
84411,12849.06095516761
102143,10019.745432805465
77502,23700.8963055954
105514,17226.9684781267
76896,33024.469334313406
104868,17994.2317831474
99686,15048.630606758501
96721,21559.772781818152
93026,20568.30914174614
95961,19765.205509665546
97465,14734.990851289098
86075,15005.02081127716
106946,12432.433471730978
97605,18405.773965329943
83156,21989.36763472136
88123,19026.88082963438
106817,10334.53619378253
103245,9129.297665789034
78564,37920.23113562804
81879,25690.541641254
102330,8507.839453425688
98866,13787.075233687116
87178,21960.93810546711
83106,10878.995791508496
78280,17259.380476928673
101161,11774.478178904312
96047,14166.901036911155
93044,12617.63220572581
90176,28427.80235497468
76585,25434.965209589678
99524,23886.25918997666
97467,27478.17693764952
95557,15567.32992487681
102816,9536.53371840556
87141,16313.099888419596
82602,14190.503630098827
80108,25301.518019839015
77871,19888.29939776132
89910,7982.4608299358
76255,14654.866620748142
76231,48616.92965310513
87089,17267.945417275754
107635,16855.69844720215
80916,28740.938207305906
95179,36290.126182551714
90694,7363.190951847722
87504,20858.92187188653
95882,23024.3225646861
82944,9606.199354733746
90862,4159.208029264895
89494,11411.384451976535
81196,32728.08676197306
78258,28131.406971713895
98420,10977.552032739992
84051,12812.51077142847
97011,12685.71931784814
97357,6718.805837733117
82683,11506.479659148406
107472,10237.276400472461
101033,9077.888617168523
86376,22130.346967519323
97773,28899.171214904116
76448,28102.350653838705
94912,24400.591223424897
100444,12959.507582017251
92364,22874.538539273635
104206,22679.92871377346
82384,30782.559520575134
78524,28676.904780182496
82825,17342.662561466164
81519,23975.679139555737
89462,5385.902360595584
94783,30550.13150007434
99101,9264.460176468388
102363,8202.047888718706
107901,15428.320638718102
107950,22096.036286497343
94631,22795.68199237223
85176,10657.060048662004
93934,16621.432655124045
99621,3649.2973508422824
101616,6024.94300391529
86156,16772.874025583857
96327,7749.154737656931
89538,16001.798266610367
98236,21520.075619635307
92253,21038.38031436612
105896,19982.21069686872
97333,17135.84715269041
83166,23090.025197123745
96224,17547.246583205128
94462,23049.290170010976
82796,10946.294369962243
103597,10297.425445703127
99905,11383.321537923553
107349,17323.195994124202
76754,20099.51328374937
90912,25618.07424304162
108289,22423.740509036827
94106,31307.078732899005
86956,19891.207378849576
82492,8314.974290675105
81747,11317.560306366388
89144,11084.08617188161
85256,13109.264240586852
85342,10313.62809425859
108054,13616.68181849811
94681,29869.644236680095
86244,9934.127430275177
81028,32052.59160499675
86773,8996.942058763287
108431,19915.294335875427
102839,10704.765019628616
77700,14936.324575345929
92967,22398.44176321963
91982,21413.577144978142
80639,12587.559152856205
97770,14734.547168406094
100460,14373.772575281879
100531,9548.823629124056
84508,11529.029827742426
103706,3753.2943734466653
79723,44604.80746393138
88897,12005.567947780011
88695,11860.445465507466
87380,7664.6506459481725
76070,27221.042022156525
99342,24950.16780706857
79110,19977.50761314193
89341,15185.639526105366
90330,18400.53060716269
93894,25605.15332795232
104137,6042.91254978145
89113,13136.94490432323
91150,18487.59423857489
79621,29573.533411222124
86822,8890.918078601084
104869,14796.72589626663
93874,16280.907542856301
77606,30987.049450088092
96981,10467.005895090451
88437,7963.904230996066
87834,10327.53898096592
98923,10033.132618621075
108118,25003.69184545682
94447,18693.708703355485
99454,25571.14199526585
82144,15425.82593010791
83494,15288.401760668597
76545,22361.992520819014
85852,15170.479298631715
107056,25679.065627082742
95419,11080.674494519675
76570,17683.555394790652
91325,22326.382728047956
98990,10676.948578280606
107639,14396.105953785012
100232,11403.33913335695
83318,14897.965206765504
82277,35696.50985440743
105198,18826.533200003956
107660,20376.997207285505
92349,27981.0254704441
105445,17154.91160256135
98333,13731.650608688897
100919,15334.021646744908
94295,33314.01250327815
105853,6873.7592083750305
100457,12857.596311764873
77726,17194.35689759273
96027,10935.075657995747
104201,12718.902741954123
105205,23769.278606168093
94718,38879.27527613402
96617,13326.186090915844
81405,10748.819813541353
98642,18332.228522071022
89156,14599.432516121346
104916,11706.987951270778
107696,23393.534437071652
87902,12259.709755666689
106870,10422.086552179806
106153,15370.720895405926
85108,15606.380745424181
106590,16296.84003804117
97948,10838.825450376395
77144,30202.885551231157
91535,13960.238419369682
83900,4764.837139383118
107374,6634.241684629143
106805,14139.429594478741
101971,7578.192433774968
103690,9473.677009768342
107830,15248.155004414575
105302,22832.560492947825
90504,10858.448508979029
91865,18474.872834706188
107204,19335.212216802844
93231,31272.758537611677
94654,18815.428928245354
107435,10382.844143337014
78616,30373.04211871185
102268,14069.732936298187
81320,26151.5388127051
85005,13842.58342613276
98032,7919.105068194151
92938,31843.23336909712
76177,10927.61375365787
83869,22455.82625720841
85806,5825.579588536657
77987,10917.120525033777
103802,13106.185225553923
104020,22908.187163874532
93262,22721.925067570704
92988,20751.946168634175
84434,19750.55195524731
95648,30290.9361153203
77947,36911.46347590217
76135,21659.073884560134
80971,32715.993385756155
105584,11392.040914726627
85530,14040.21032116406
106515,15506.584319550455
80686,27223.85410135256
85040,21484.705112511572
77404,10427.029378403093
91234,29843.806605325135
99225,11646.10308768198
88808,12678.137188503793
89948,16052.446823228596
107161,3857.389069923942
83683,13528.375757231155
83709,17029.376877913855
80256,20032.42677165769
83504,13292.769287023708
90112,9047.494967943287
93042,36231.5918193348
89466,7813.054664730521
103405,17495.767557853233
86026,36935.068081278085
86824,16853.175750182072
79357,21553.974159386096
78812,12290.819584316752
105364,17379.71826646655
105744,8048.34431350749
99819,22600.495181987575
91051,24057.389018678532
95688,21314.725720851147
102174,17918.243828970444
91914,51958.602673727466
86568,8725.695857968612
98761,1761.348779805447
101252,10164.768591748589
91406,19374.190688865852
78069,16562.584632729082
86168,21816.212068462075
105858,12718.902741954123
83972,17136.456021072965
107196,22480.53463282881
80990,12937.481433634772
101095,13658.951981122202
93806,23572.087617183734
104535,8582.81584825308
99257,9405.682852296637
94967,15692.888834781861
94257,17850.528142560135
100543,9630.84892048098
96277,22785.83698827932
78730,14738.871713194925
82370,20041.230386384388
86050,11784.012395160198
104245,22596.31693487246
89903,12531.153953938965
106353,14850.381089116587
90055,10052.872011822832
78070,23434.9312438944
84302,14168.431693426784
101048,9738.528563114354
97981,10530.955969918547
85001,18014.240853197836
79444,23583.99070820731
88862,13108.711368468583
90445,11180.11233522608
92203,38475.36318330763
100623,10166.181701216388
94528,18658.34008072694
94482,20837.865877529945
77706,30798.263925760733
100947,9828.333194914387
94367,28789.12915397378
108205,20466.50239520562
77256,30861.162565885297
88458,18952.96854681895
102997,10274.398111965882
88421,9267.926043441994
86001,10371.571003133893
97594,14353.913311229606
76992,34530.348011827096
92157,16098.14000427578
106018,8359.541480107502
85491,14807.358287564923
103359,10107.083752890268
101024,8299.913089479214
95167,33999.38416685399
93493,20986.19913364576
77624,18336.16175752369
76803,29081.48448818641
77142,22534.836213821647
86693,19449.88323657094
101755,10808.349773227332
82229,35450.92068043111
105220,10158.913315735013
81442,38069.68997303763
92017,10875.883214802832
106471,12019.549004878236
86231,12145.229114521622
92036,22273.194571215383
93224,20125.49404438753
87139,9736.66094802653
107623,10277.86987102797
81066,27140.583760722282
97790,15053.469030055096
76514,23762.015595333065
85297,11745.302496962751
93020,11636.889468835274
88666,18920.07135176674
98711,16802.47270411663
107486,21313.134835439214
79363,31443.42633139753
88053,8939.375689723014
87127,14688.116016905245
104704,28678.97836370395
103808,10250.59640354855
90199,24287.72039884336
92950,66455.88067085824
92002,22112.65492665668
108435,15282.236449853943
86748,10651.008762626134
86978,8210.642330518942
79932,33760.20412228736
107382,8016.570523899255
82616,16199.455056929914
99198,25956.438988375914
96788,8427.108178186527
92073,20267.548024623087
92060,17613.404018747853
79559,8802.542205997277
105276,22698.809657344664
78536,19183.507867412864
86795,16911.151273627147
103739,17469.610930996154
105087,23519.4047457261
106499,17272.538098354336
81009,43334.98122351137
77053,33848.43203514439
104832,8148.709952667198
81864,14798.230217437913
102634,10543.425393846812
90510,7983.7985838643835
103001,7952.5952803994505
97323,24601.88415277297
77996,33163.341212357256
89082,18238.210683660454
106910,18471.099193851758
83882,9097.281968127329
106459,22245.317532501333
99678,7237.801968429511
92583,37704.15282859785
76986,26691.061501878336
90844,9482.321313574344
94286,10927.374586027006
85208,13831.452875088915
81224,21950.52364277533
85569,6715.001383589622
78152,26323.50454081587
93054,17893.464431979035
93481,23648.932782451542
99735,15401.557337528302
88060,17158.45632747547
97546,12897.805615701802
81083,28214.007108669946
100259,12308.972599101622
77751,14251.571663419947
105093,8378.666713094579
94991,20502.04202162596
91352,25851.1231789013
99901,13241.404965409316
83577,15488.043697891839
95846,29354.74872862668
89917,17900.41718924896
93394,16630.265747643196
102805,6210.418930402504
105448,20238.56203015547
108444,13215.50509699913
100862,6132.862848486566
95006,40972.98771631186
86446,8469.673207215152
90906,21449.201676535853
95336,28240.672254982586
94904,12592.383866280616
81105,15889.872095299877
78132,11920.781338469511
87302,11686.543390426803
101471,10765.539958908827
90015,10621.052825369681
90539,12564.037224666203
82418,11648.338624451133
79940,21305.385716684297
77401,31370.942468783716
79054,15783.401199599073
78493,56698.141088106335
87727,8912.94278357775
100390,8390.723139417492
86020,12400.867449651814
106293,24618.438115110133
105435,12329.39771468885
81992,29582.97974326216
92805,19982.358078637164
92871,21336.016772345847
101833,15208.304286527818
98352,11961.860431512629
98629,12370.093996558595
79700,17929.830841942796
99710,18349.41049808395
84526,19822.562229230993
98636,12706.541920795038
106829,11901.467113723558
99652,19536.855150658303
85469,8236.020878333411
82224,22878.155204566352
81899,17828.219458110565
94817,24311.750183266824
92379,26223.998454181845
94423,21325.35593512477
94010,28741.771738405154
84867,12797.479614052849
84679,19592.08441300314
103292,10690.081828261982
77349,21683.784819990473
77697,15265.989539802107
103017,4803.167670429527
79727,26202.34942155698
86490,11232.34695274096
101009,8973.299479240211
96540,16082.102446589517
106974,18104.24107669973
80055,23722.1006403252
102035,9570.34537576478
87843,8586.0391913105
107868,22556.208642881036
100831,9846.44801199987
98936,12104.424118316669
96915,27487.91811522519
88473,18922.44836102955
89030,12523.307337621316
95894,21624.36781656169
92113,22655.54520010436
105809,8573.21539959139
99360,18533.718442216297
86746,9865.363808379
101917,10794.211640992256
96687,15049.608702840707
101210,8442.556973518089
101146,11402.139730632052
104900,10039.77107216908
85924,22439.537029647712
90544,7168.086685765728
93003,22488.403990648883
98738,15344.447682848897
99884,8509.244699250574
108053,27273.492745323554
90188,7762.010715321679
91970,20507.27057729154
103257,8037.434413581531
83138,9254.257555888007
104017,20756.06638723755
105104,7331.620216926599
100054,12391.728209335393
87155,18887.177504709653
107600,12663.761235384563
80848,30332.47813640604
86709,16279.844576315425
106214,26644.16605739409
91963,25651.728727709127
97698,8363.015387714297
106109,11938.358673121022
88231,11289.262561066753
104537,10959.15251944368
99388,12500.223214289332
94517,20767.78216412623
76658,41674.772742744855
107430,21359.156608360667
87408,8235.536779615613
105971,15681.707220018541
90264,18578.895604147925
78434,17399.761678761603
88248,20200.292942154898
103386,7993.949603033332
87862,29945.462383720587
83101,16700.222788128547
92350,31158.643650618887
98624,6142.573396981754
97298,12891.965120519482
81919,19626.892040408435
80556,20485.26576278807
98141,17110.858996007635
88205,16678.4827103779
102779,17606.64673217244
99926,10856.503469120038
101484,7033.696751560949
102869,18056.603185313925
89043,14473.530961266253
92878,27847.019466187096
101071,17310.399154071576
106583,27429.542164006783
106819,10173.464415398654
79956,16638.938129241917
90659,20170.69596674137
82276,12362.003960739548
85881,18341.748569366788
76753,32880.25145483929
102970,14660.44247082119
93126,38208.274343175945
97964,13226.552358366975
81951,11750.796517737168
101200,13627.874535076973
96104,24539.195597743197
78169,22182.626419767486
90062,11185.256968801285
100918,12217.573031398779
108353,11808.28388586604
96642,15920.297197258054
104763,11380.613668918566
100926,14433.985202053562
107597,11595.696649712676
102765,7380.920738140997
85805,13042.597398375581
102162,15436.4119248983
82952,16165.563333650874
94184,40110.54312185446
87797,15597.299284706402
101511,8256.527397206268
107686,8600.517090410765
95366,14984.638798846994
78349,8975.95740540437
100908,4422.123947678998
96196,6826.591610795541
107677,22095.937303938546
93603,22621.212153127366
99861,16535.190360882414
87456,18220.6458262683
82484,12905.832523170362
89252,15398.939440785452
104243,19575.928787825265
107181,23164.41034958897
90446,4384.06866605493
81412,20250.339771688672
86732,12964.445682552208
103972,9860.462962654497
102586,10572.379259973965
82466,14718.117842161928
84937,18064.968568438253
103038,17606.64673217244
104111,20736.791303096965
101111,14283.39550623221
107812,14628.458259184514
81483,17713.727565601515
81303,20072.705751888232
105370,18000.269362668838
80504,27584.75950372013
85839,14131.362582480506
91560,17846.974193778384
92722,40196.1718855309
86115,18757.72694081305
88062,25425.600195100837
104876,18039.440628575485
98777,18529.380851739566
92504,21549.833076185463
94025,13049.197643259216
87253,16175.22962616166
106668,29478.45063230154
100007,10697.275565514066
100956,15051.911988144107
104055,16958.49714673466
83761,9962.233217760057
79429,19722.304053116368
104731,22299.242011592363
104125,12008.621040696918
95628,22621.127127758467
80913,32183.63360318844
85196,15513.395105751677
102697,14052.971870814481
98587,6455.745308609415
106771,21281.84219860535
90889,15555.196321728527
99697,9112.979746882149
101404,9481.52535974058
96283,10892.649750472923
83072,10197.261360215072
84053,8822.560189939037
92435,19962.366758807908
99445,13630.851555988293
94604,24906.24009834782
105585,23924.033580543044
106189,14890.185504598605
108456,26685.044389906758
107914,11233.012386882805
105646,10233.902175357114
99808,20943.056622526754
101337,13490.35343163388
94636,11046.738315497832
100480,9233.660217036979
104644,21309.17022165672
96254,22987.2552919026
105238,25258.697115099974
99534,6191.650468878527
85285,14173.88383857085
82145,20717.269907357222
79604,18143.933022983467
92928,26363.918342594192
82245,31237.252168316132
100973,13072.349402058235
76365,18024.193744960063
79164,19756.643657218203
75989,18464.48432171333
96557,20910.01455047292
95029,6211.939116721145
107817,7748.237353002301
98521,10805.178113241118
103150,13186.395234784113
95850,14797.086022029313
102008,11093.632654512709
106002,17627.19645416666
106077,20190.309273845407
83367,12101.787546548236
97196,17477.541443786376
76566,8855.86066406094
104384,23736.95831800849
80692,15851.193115554557
101094,13562.286848309303
81800,20041.230386384388
86722,14643.676558726724
100318,16376.553716811697
104827,22446.67145624392
98244,6954.956472081103
94712,27473.427837492844
98393,7862.66395186232
80771,7408.793351020387
86607,19522.0388564455
80768,12525.801483472462
96949,19458.054491561816
87207,11387.630782804405
84629,12540.081073912377
76136,21550.633528024762
76644,9763.711227526861
107649,18163.183655699257
90281,15616.106140260461
108187,17273.376317920996
92025,45653.98932324718
99737,24725.465799803707
90801,15849.934195435124
100790,13645.352244274267
102558,14637.411626005829
98713,10749.460214863286
103633,9101.621805677034
101449,16462.179138137988
81515,19893.007092733274
98364,12002.683916929853
83966,14638.720386823188
99995,11550.060155015646
99150,41993.89379372956
86873,14326.716418353375
83731,19791.603527402363
80810,30089.089615506495
94650,18206.263979521216
82521,17150.02391372059
100255,8503.842765783891
80454,10050.26227702313
105154,16448.202710915222
79689,21924.731937042427
86810,7334.659730679036
82113,21730.223194811133
85929,9668.875751575762
77522,30830.16149087809
103578,5150.55485519391
102688,17940.67470303587
90791,19384.55835034126
94401,28709.76929382977
76740,22718.669400841925
81666,16611.642594815145
100227,1620.3907071831177
85673,12151.712415394242
108395,24097.958383476434
100214,5223.805812651449
95659,26577.805470984644
80490,28730.88096891821
88384,12593.615573547799
107062,9178.083843123215
105277,10502.859818513276
79265,30480.917568456443
84984,10650.418485228834
77376,12300.009678943687
77355,28930.63888644649
86313,19672.800096293697
99285,26384.441968669606
98028,10959.090266909621
77611,17190.54035982596
90056,19856.69272755658
84773,9545.77257031328
99264,19491.734077283418
100948,21020.612933156957
82379,29152.959252036522
85047,19683.775976110992
104114,20262.82297104581
107632,19505.87803157289
93536,16362.305128412308
81421,29400.72013246686
104793,37166.788075100616
88141,16430.117706202374
102679,11867.066438840868
81051,33839.12113566814
101005,14560.909630006574
97532,10109.22867789587
102499,16429.512086402414
89537,14205.541182780149
93046,18927.659896205285
79823,17432.216066689627
98882,22109.499345149758
97094,15461.445127008928
82461,13763.368874759972
86118,11350.796834692508
89801,7972.686564649895
83127,16660.439253778357
107519,10497.166597298916
82583,9516.654116915246
103259,8816.790122417022
81152,19044.84104435813
106206,24630.544215213922
96706,11543.69026528344
88303,17514.10460931395
94241,26032.73670391698
95076,25805.781241804052
107546,9048.352186627
78467,20322.74459038792
98304,19733.012020516344
95393,19750.13939445793
98134,11552.452392279349
104152,14956.01326323177
76818,23458.47036956174
84707,7139.074117446916
87889,18535.37578036898
104736,14661.63149500327
87844,19304.625933760024
88388,9295.486207029442
83940,12595.818716120633
99536,20066.878846809686
83313,18933.40833266233
89864,15879.050643475957
106944,20215.09240742097
105635,8930.468606908915
83110,12177.740981037508
78937,43430.5562374593
91724,21969.49845680204
94886,19989.108255978324
91449,20171.037227460598
81745,24368.333679790365
93405,14040.530938246164
99402,3098.6857807284537
94317,13936.52589085588
78503,22800.668139809204
87111,16911.151273627147
108538,16430.73987036065
90689,8259.001216633827
84402,19370.160093445083
80890,20850.294159045876
101682,8125.859489078017
81874,10985.373724259096
84259,4799.281477267856
96616,16866.87677789412
106173,7158.47428348657
102534,8891.584978579744
81629,45447.13180917195
104910,15769.295056531057
92100,29262.869199442586
98454,11523.638081975538
81880,26531.592918677412
83346,13657.493066327424
95335,19406.363178276926
106693,24890.540431634607
107432,10905.571171895725
82694,12098.877492277998
100199,12468.66008620457
107361,19896.33557742457
88659,11547.285547344329
84237,5612.333211748294
83666,10328.342511904833
104468,21771.12116819169
95495,16221.758658845529
84298,19107.632380129566
108427,12843.79066724933
88238,17762.300243354235
103836,14258.34441303425
87394,11981.53589693343
77799,17607.027937358525
97905,9603.512507026091
101142,17569.822049161303
103274,7357.65895059702
88302,13066.221025528856
76533,11022.601041585156
80080,29488.425550402535
105134,12304.276069233383
100792,9488.216655040096
81408,18420.029801382363
80410,18992.534463834047
86355,12958.203490392627
100954,7572.759311326684
93799,19502.206424426597
100810,9576.87821114493
80379,16808.34635970575
107796,19683.842284069473
94046,16329.118214851731
99931,18866.898959229737
85890,3357.152532833211
106923,15762.669155805925
98319,15931.837394465721
94853,22637.965401732647
91069,45073.841262627364
78790,7420.500161759315
92697,28441.6271713439
94765,33317.27516096928
102150,9394.632445197589
105768,9136.180666588532
81755,22616.962431083855
96933,10719.622411374081
92136,66211.65366873493
96082,8017.308674756789
108457,15127.960431264544
95142,21738.814074725837
85688,22783.30912353325
86672,13690.910727660415
107583,10979.26364951394
93369,28578.33860355682
97637,12205.823082865365
80868,16862.180111482605
102315,8799.500890110083
108428,18517.370493275106
99478,12794.500188512162
98906,6898.210901724148
96394,11354.831079445552
106032,19194.180165902577
76121,21031.528531892363
92642,19037.746287042515
94725,19471.513307306843
84528,17760.79944415884
104492,14201.156315997601
98456,28343.168776959425
102089,10700.595446860449
105274,5813.572641109528
91436,22327.11033375112
99127,4908.344666088584
80416,19168.966989020155
83419,9215.444436476944
76209,23483.05193624911
91874,17029.564664885413
107892,11937.357325913707
86727,13330.019360729939
83096,7521.093863797407
107036,17888.663505596734
86096,9784.886924349164
89684,10467.162607072138
105301,11898.21089008738
79056,16921.070758229016
103508,17230.356695407456
102651,12083.349010889668
76605,17935.972859322537
99170,6040.8538138873655
94850,15695.06837293154
78638,12813.594216789914
106031,16866.822473650616
104955,13181.13591971256
101565,10886.562906113339
105886,21959.327470709857
86499,13678.107578693947
91809,29701.09537042792
86033,12424.338857541836
90761,17525.924087809668
104168,32501.29689476918
88048,16910.594924876146
106343,26137.673767645145
96568,9674.207249310168
90082,28977.561068459625
85659,9245.138670661829
102950,10713.546473423095
96231,10719.622411374081
101781,16900.960119247302
103210,8710.235536561406
95174,4464.702966389896
105594,17524.795764105405
107809,22738.828615830313
81222,35053.50063612608
84506,22543.65328133787
83399,13743.58334370611
88318,23989.80801121346
106235,23221.885337060634
83952,12576.231647540973
103610,12708.40419060899
107273,18805.727294958207
102134,17606.64673217244
77708,29796.26366662458
99754,14300.82939191332
103372,12486.071133286865
90457,8586.76806575309
80228,11398.648415792299
105630,17836.405754617976
78448,25845.494153189637
86729,12417.218210590001
108510,15177.484638098837
79686,31647.83964616499
82677,17768.379463230314
94161,21919.68005036423
93064,14152.22327930678
103595,4671.259156585869
107257,7018.961463772498
81162,28745.47429483514
106410,10316.90293432352
97829,25995.79432126488
92429,21637.962333896838
90183,15995.578064333802
83816,20126.039416805466
88613,10042.008595109608
90025,6824.806642745249
89004,7332.353372197505
107997,19722.41010692093
97458,20835.501419945173
82737,10666.892648985737
101739,11439.602999650264
86766,16216.389456859668
77098,15815.024586180165
93598,21041.04913902534
108115,13085.011484768751
107653,22728.336748061378
94706,22731.362619296622
105344,10831.510185989131
87516,7824.861139114595
98959,7591.042257905448
104557,9447.953487912568
99137,6431.476794639865
102126,6895.521040940884
104455,13236.782625749815
104278,12739.898091611787
80331,25862.09511363882
90087,19200.531255561385
93700,27009.41367185469
108517,13825.084200082527
97373,21789.259825866506
83394,22550.553177723268
100989,11232.229528189508
82625,17769.97619834134
93457,12183.856046476505
103186,11336.198526022363
85133,12505.15770355176
101198,7918.6243810890655
102095,8710.235536561406
99684,10292.026327186255
83595,15019.679554796967
76960,42655.76507102023
103015,7453.565776319518
91987,41943.705643041714
78825,28434.259631910703
87668,18135.709998965773
84826,20748.019860526325
92309,11541.36494913842
90969,20763.945131066397
92987,17732.235267908014
105317,13392.956959440084
93606,24352.88335726782
95536,32847.79956807042
92839,17040.682860307887
102133,10296.389954102826
105225,16627.249007040566
85627,11415.722191702005
79013,38757.60734538558
92008,32323.077842164643
80983,19124.368175290063
106475,25490.15041769908
99357,16693.358639536717
79246,26274.31850344302
83200,8631.894462598348
79656,23520.443365046678
99031,29008.790194894045
82780,19334.727055095234
88310,12730.65577362862
98056,25243.86852027276
77289,21853.353793038623
105503,17557.452495733964
79198,35131.49763317192
93429,26430.592877326264
97172,15349.498542055531
105958,20806.64390322756
103180,2575.2952060377042
85825,10627.458704378709
81725,33687.679676206535
86590,16425.166593459173
92366,32470.73856126292
80589,52445.257395533285
95454,18974.86448589753
104525,7644.092591330693
107646,7538.95987801979
99226,10088.471498747564
77273,24746.775278571225
99642,13295.434590980509
91195,28542.35676847539
98641,26607.071979351105
107724,24400.668184873008
89646,23812.732810226793
85873,15390.401585308313
81468,35868.83276508361
97648,7338.073712622084
85573,12679.527667643819
102394,4114.155790993121
77771,25609.14329987878
88122,15086.466904858486
85640,16518.840946268134
97560,6518.780190692858
100584,6481.548627299236
97404,12157.458214652026
82414,11981.53589693343
84609,12435.756310596897
100462,10749.279447466626
91573,15526.858887189826
94716,18511.395284961127
107560,28918.903130935338
79627,20747.671578809102
83025,13070.319951881484
91918,11868.094310017432
87344,14721.489087483838
91683,23102.107202247746
77259,13932.185556085451
95887,21657.58285836921
96802,16433.109973842013
103965,6402.869798640225
78110,11507.06096077966
99144,10764.40399637621
86801,11658.16018609943
88181,7655.7366414716735
88262,21228.89416678654
85846,19728.56956703586
97896,16548.919804381552
92462,57881.28547323648
99668,20473.530212406808
89440,8807.327341871634
82867,26946.753300029173
85857,12753.947303416366
79583,34774.329292304574
103090,10726.017802626902
104184,22068.506755142742
100921,12553.750915936502
83124,14891.39599926689
93320,27881.849319712986
81985,28401.683215490793
89618,16859.092645647233
90086,8691.007797870972
80855,31790.313688098635
105114,11505.481396755262
92497,22239.245985737907
89049,10307.206670836447
88584,22210.38959906973
88019,17224.51226385612
80119,24175.781930612622
84879,20869.37528936239
99293,12833.797683714096
82515,16878.62619174294
97600,20399.485770067586
103737,13653.89666616638
102387,16989.42627387232
80404,31199.595978792306
105785,32324.63462954026
76379,22373.15328723898
100569,15704.865076885568
101553,12557.782337344837
105803,10266.20835200573
89151,10546.677337524796
102960,7894.857529256546
103094,8490.477445219387
92146,10585.722920090542
97802,13014.512933425796
102939,12819.749009193325
101492,11249.746727291877
84207,10144.659354551422
86995,13028.494797046875
90024,22667.144818269586
87536,10514.368067980995
103571,8500.37764504945
87529,12724.796763036786
96756,24810.32827408696
92326,17723.238150174853
97609,7321.005860070548
75984,18922.727187754524
80733,29980.084270913725
77150,10333.086577490767
102496,8544.152638152202
86666,16829.65445356824
78836,12668.770504076834
82444,10673.391614118706
104414,20751.456954739035
98585,7369.147191507177
85191,8766.047038174269
88013,12306.662330368748
78962,23108.459115231097
101510,16656.197942707462
103438,13149.082257941418
99474,13253.560606330002
87180,17886.588879324372
82983,22534.42695513168
87503,11292.107453939772
90410,20504.769606912105
98416,10942.294364965379
104117,11061.98484311143
84900,8356.55056924648
88565,20866.164010652537
93797,18124.338544784532
108131,33690.714303691464
78848,21191.583931456193
88151,13672.383575633557
85081,11727.932909926518
78163,10012.975960799378
106580,13792.904990811647
104638,11296.204085940366
103696,12995.28756800756
99589,8283.003282576763
79699,17673.449163460427
95129,28050.208059771765
102173,15177.055895257026
92811,23590.270156463055
84986,8375.880219844214
84162,16439.914653151794
77340,22422.75136272176
79685,27380.307785879486
81423,28996.523374502383
93745,18690.560740629153
101399,10571.454509887199
91611,23875.705330265962
76973,13018.65477453649
83734,25037.89042672236
79526,23225.34711569433
80087,6659.654269999165
102186,14375.615383150613
77640,34163.78058220681
105138,20447.688244921792
79146,31094.761231361634
91713,13569.311906795187
104230,24772.575947437854
101896,6409.050660805535
107587,32910.96901856504
76461,38226.95691116585
95587,31060.059071059768
96185,14825.678971750494
103181,11835.388261360535
107643,25865.414589549695
88948,11298.578618914478
97565,27483.04465000254
83821,12993.261315434916
103781,8203.276579736308
81677,52239.78162620542
107975,18433.25189325856
84106,11759.538141329516
93060,48113.75641966716
81078,32907.904613407176
106748,20118.813725299366
79264,31387.567163488442
84098,11354.536000152637
87838,21988.343104190782
102957,13719.116235677715
89353,12261.690077018968
85492,12596.524268545156
107957,24354.05462127603
89938,14621.287916362977
90260,9384.116071962515
89571,12946.6177232775
106963,11064.82992017002
97266,12717.946230964615
80413,13543.07255384897
86028,10596.212082880971
93343,26995.30065215152
105232,9003.79716161346
107755,10714.162474784607
107326,14521.516009258097
107571,9700.20623794043
100062,10381.373821799416
91477,28201.2698866688
104598,9041.9793039616
98614,9233.949612636132
104034,23874.516493623363
98446,10188.698536107924
103023,6254.111431077785
91550,23515.779245788133
81211,20790.967583405425
90619,11025.36397324442
91525,36294.36352319109
104422,26815.346434833886
93555,24435.468899501913
88346,10936.170613161112
102067,7528.490414510182
107051,19246.103964895952
89642,17387.992300364975
83492,17888.73198895211
99169,17974.257768898402
85964,9585.443166878182
85179,13366.574598151949
100677,3423.2679401530363
85529,13660.599928619738
86198,13292.564158215022
99532,7262.20640599292
80443,40483.21738636404
93248,20063.71554539697
86958,15023.540666881074
77942,29132.016961923186
88568,19045.93444281761
81730,45900.724200136196
98884,9112.979746882149
82267,16164.293834396258
88088,13161.799249939395
89578,16760.125627176465
83568,26708.774750078388
85083,8122.723674105541
79222,17087.45514549339
82543,12331.401306489486
82611,3103.0769110634014
99708,18562.54924083821
97699,6826.591610795541
91371,27447.797690808937
101757,6381.459125720695
104417,12718.810965563416
99830,10971.712224548712
88477,18424.813365613027
104614,16851.436967658916
76098,30510.17576482285
92143,18163.795410792034
81343,30166.677613484047
77212,33480.64459751645
78262,46602.998271818986
95097,28487.335325180826
84440,10912.618371518332
96942,20150.12218089081
101584,10960.493138211757
77202,9038.916189452373
85173,18715.104466445548
82953,18048.51167120696
81151,25705.576993621435
104377,20984.215590203174
86697,1443.9760959913153
96650,13784.083732295054
77031,24352.137026360295
82235,37759.42591212229
91333,15385.771336068414
103393,13174.883163739261
76254,19197.880491834774
101592,12843.756377319552
101865,11161.546424318522
90819,13449.411258404738
76941,11081.088313154034
91974,17101.967950186183
102930,14172.797927104684
96310,24020.029198374
77912,25541.99637921165
108119,13796.53569767297
93631,16664.034495588476
76592,20225.315671205663
94282,29569.195630187194
77715,28174.202956989884
93747,19819.314275983525
94560,32290.225910016765
90108,14824.626741199369
102128,8054.207625724299
85820,19295.38856622121
79541,12880.399312190051
102901,13658.951981122202
102761,10244.383381704016
91536,21177.194373935283
82089,14890.962891799521
108489,9384.124693413707
98409,7527.17418699891
79151,15436.72727038121
95549,19396.363804813787
85472,7772.707853710692
82072,22276.41887130447
99386,14473.823789271146
92932,31343.44463905074
86525,18619.21877424661
99013,8923.109932433948
99472,8356.174132641478
89967,8844.356644578838
106604,25605.273686214747
91608,14624.029790641724
82249,29121.129001049034
85445,18420.94636373272
106905,22565.00185968205
89122,18209.44271198626
87056,19318.095120870577
98254,7410.1302751374415
81697,26589.31015548111
102542,11600.17310975378
86804,12990.78887429468
92626,30164.13690728922
76602,43861.07539956031
87943,12856.771535526945
95438,21663.399476084443
95823,18627.349460453046
82403,68594.48948873588
79347,24584.259827219885
99419,16672.18969854125
88561,9980.365899623823
104572,6423.065432789478
108507,26745.60237308586
97900,7213.921971104941
89733,16280.341695911404
86211,7641.442300306005
96713,18678.25994122695
107123,15450.8774186217
78086,18851.31226167665
100576,13894.602427694934
102589,19942.704764388596
104477,24498.511125020486
103487,14011.817905329064
79189,13520.902577218685
89098,15909.29576036261
79787,31480.657009854247
84294,19440.201262527076
79128,18309.983380019305
90269,9878.3939419529
78251,24680.733581486784
80572,11819.34232094742
75986,38084.38851652442
77619,38757.63546564666
105025,17732.491380330328
93882,21828.151734449824
78338,26152.33677617623
80621,26562.74512664285
103601,5260.911291913006
88170,18686.54448243638
102889,12866.551094177337
76347,24318.29462284896
106080,6020.92788295178
98834,24963.275811321037
76498,39106.629716271076
85104,9336.740762561118
87534,11791.659537076259
89883,5356.310093991875
88738,3629.2446122423885
99252,21838.760814644174
102696,13088.53036819638
95948,23309.341096847522
105438,25469.454669314197
103463,12819.749009193325
100261,10959.361115322288
95315,24255.777461107795
104172,28789.382032362348
76502,31761.760790748023
91569,22884.67018393417
96071,16005.063111644542
105936,20953.179780642302
97089,20633.466747421884
85434,18108.058969282734
88446,12166.881175029952
93751,30090.876489512128
105399,15842.010834356648
88174,24441.658889204853
88555,8529.239182392044
102346,13004.659368594806
87144,11695.47339716393
101990,10500.678461259024
102931,9762.86303229668
108317,13071.344633272345
87976,7057.793896583911
97988,12126.292833997944
101822,11055.216351300147
82536,17129.33590778507
80676,33505.81776910542
91255,10724.548333126926
94069,17147.301799326426
91894,31022.266446739173
108147,14237.470257510693
76928,25580.9904891749
82648,14939.349039474428
79426,12929.576367699905
101936,12715.125968142225
107567,19531.86277497882
88776,13554.497401184439
91113,22555.85863668509
84568,20168.902610971007
78044,31442.705941121127
76929,41022.16262095094
102526,6386.325523348258
92515,11825.952698723446
90009,8324.805911310186
82978,9091.276032667374
104437,19351.780143086566
101451,12716.610796443007
76325,27787.74705901107
89491,8724.961852884187
98435,14513.171109025903
92282,18083.46321078841
82209,16521.653906969237
88705,14940.883351170229
104679,11104.229846891374
84919,6751.984885287986
89998,19183.467800535007
103520,6943.963536909457
106857,11869.628020787262
108499,14253.185126270453
78893,43077.57114277612
100860,11600.525814143808
91684,11179.944194517891
80617,13694.817315536651
76634,41332.73858047702
92055,29128.868882833613
83030,2570.786494487288
86154,7962.769245668088
96022,23125.71881435349
100336,20556.79826971659
92663,15024.695052362635
102884,9714.585039985272
80763,21459.386340929887
78329,12179.932284606715
87867,13535.434906486676
104353,25744.45245288187
94284,15518.503045140305
107996,19912.410753333115
95784,22601.49704965919
101298,16695.96825166343
95995,16267.032739354514
102718,6832.385084641969
93623,29305.117330647092
89585,19516.2738567675
77533,22151.557834723553
107550,17434.853257236093
87760,16820.432874648108
86299,3682.090206422955
83152,12460.90021235442
91322,22101.563146776687
91286,8834.410250945508
89231,17590.260235227295
80082,9118.338198906513
105518,9584.384126487937
100224,12757.982273108177
97261,12398.128086580859
99651,31351.326423476756
76487,10960.393255550074
76867,24450.429248306333
84574,12660.197749197258
92378,33457.91444261476
103934,11748.58191113848
108445,9427.053168447224
76872,25399.812913869602
76180,51548.89922938497
106906,9762.001672441413
76431,16274.18682965194
102603,10572.818098302874
78403,16332.828520969386
100799,8028.679677546727
104755,16806.33589540078
89602,25555.158844822286
101656,8079.098595979282
79362,17378.57762148686
102262,16373.98322224226
79884,16572.44940480724
97740,24200.815034998654
101264,8564.98351205971
76525,12464.402288854317
101988,18324.401220207146
102819,21873.09183306922
95501,18352.73948779618
82890,14076.556512326173
94413,19804.720047844377
77898,28978.548290368322
92991,20029.615586442073
82055,10661.171255792196
100865,12709.433762285944
107388,13958.432971971451
94252,23881.53177857715
105973,7322.935484942974
100976,17606.64673217244
106212,27389.37126429182
76078,8230.293019522389
79014,19665.45586105914
104787,9741.019317473785
92342,19620.19231334552
86334,9668.876962825365
94066,12899.392979715813
76062,10982.233198487469
99371,14000.789728819735
91498,20269.23992656072
86406,19442.577846360553
95531,32103.62101510017
93274,10474.837650234227
100190,17128.97851113399
90424,23138.894650581824
99089,13998.028733561305
94306,16051.072265240466
88209,8420.70935676463
90029,8794.048006624555
103397,8760.193474359792
82341,33683.443104682425
92358,28242.466804653654
100389,11437.437417936466
104886,24278.842507018897
98404,11276.20036571299
85100,16960.382651535143
84878,22010.18285141018
78693,34035.73229451879
91992,47012.513460643066
105754,9360.909450383775
89594,17433.190043574516
84756,6160.767072375911
91795,72772.02927551093
108235,11966.326616000719
95474,23336.235742383513
103485,9699.502981188554
107700,9742.697248914794
86613,14332.97123207755
85741,8709.89169589745
89372,12427.791121679742
79735,29846.901138249934
76186,16177.429669363313
93135,30437.491435580105
108107,7461.136505293637
95853,31138.857026615446
106625,26897.60431642585
94400,17787.512723705433
84893,14762.513279084153
97777,25434.293121450024
82127,29099.870673331974
102116,16795.756224862962
84330,24283.8720261693
105251,21547.36612213651
104115,9950.31330964873
93746,16751.279396781367
104982,19458.328369725383
105988,9605.449195388186
102562,3751.772327979409
100822,12835.835448907465
104409,19468.279629909794
80140,16519.749089275203
103317,10521.798029317777
96145,11718.897075172514
105732,25359.849426672252
100943,13201.03603592419
92940,13928.819119588397
108400,2943.2822351534764
108512,13367.18526782232
92473,42556.20920254671
99001,10237.090602817434
81082,25750.85076760836
108460,13700.984288680367
108169,13401.095628722822
106864,19783.84947005371
84685,20799.173814252714
77736,32231.402379733092
94232,23454.171533775636
89520,2703.512626204154
104514,19180.532692868637
87509,12020.725286328963
102802,10065.484626234433
91042,27465.9232157417
79197,30632.428906574518
76499,17570.949610504773
100082,11981.399017314105
91224,25411.94886004402
95303,14667.306387577053
96830,17632.522651039177
88064,13904.619043566016
81628,9529.273630197727
84857,8440.256846315626
82032,23443.754346720412
93316,24116.240553740776
104993,20803.90265495503
82315,22155.709855511886
95990,53991.86078363036
89970,14218.191664819396
93407,20758.90643961882
84755,15034.852245117912
84684,18366.87282279015
79353,43385.225431971936
79649,44969.42841371521
81749,29599.19581423648
107002,7090.490459656648
82546,19570.67634568415
97536,16676.53517654906
77580,34635.427620998445
95967,20933.63150228433
108150,6539.641607841149
98992,8288.142683458662
108536,11207.866325885305
102358,7275.2409729429155
91856,27164.276012756447
93148,27080.131110778042
84957,16443.729914098094
95413,13440.000505958891
102404,11571.734819565438
91495,21340.82811571913
77953,24660.032622779127
87398,8774.071041647978
95955,18648.20805172244
93290,16439.748344870357
88128,10820.833827799617
88830,21073.87742093609
83397,15461.261094956264
81599,35095.484764401874
106055,6419.6660632646235
77655,17934.58197592971
92106,26390.566775798266
96536,14925.015333788942
104575,15055.36797275697
105513,8328.96854641762
92308,18687.94349894183
82419,17658.38301936911
96473,15284.725193003169
76961,37410.61468207951
104060,32265.86757329587
91056,20086.51185388226
87618,19943.6515346544
95253,31613.595198993004
96135,10477.23554442526
98015,8115.029343858433
87695,12098.877492277998
79066,16567.02993978197
95512,30168.819704364247
89234,18519.943805030263
89971,11712.545368942034
103750,12819.749009193325
94180,32426.18945477156
107947,20069.86172083991
93455,73408.01757108615
86369,17564.98989346471
78817,19929.846184145852
85051,8282.457065108061
79315,49305.257260848644
92395,28113.229801652098
82513,15277.578781933962
107728,7650.694785175138
90261,13665.059808822987
101064,13796.101159339725
79329,21636.046147902045
88998,12774.234346797863
102002,9937.711436657435
87718,11267.746550913442
87774,19526.16701644598
105214,12857.615789127814
103055,12170.104879840552
103543,16312.26574726864
104548,5693.4919148612025
90387,10123.911363204967
83786,18542.804826584284
108102,13769.837662674765
101455,11463.180730703085
100577,20134.250987048144
97483,7457.46217337077
103056,12270.39611542147
78401,11034.266735440768
97400,11167.33544182362
97703,15707.065408759348
101311,10145.71135139025
87912,11857.923694146031
97168,9763.695169045375
100833,16235.779342807917
93043,26113.2715021658
80772,22175.62005837643
99794,5675.089063515285
78326,11927.315954824546
98710,9537.984502926924
92351,19947.495012946812
87356,6863.734256775907
96926,31380.70627719094
100570,8661.647646444337
95109,23169.13324269107
85050,8358.199256083939
84046,21409.77872488011
101466,16948.567192803595
90832,19124.286547335232
93397,30676.737919897383
107778,15972.41540276481
106710,22593.035843911846
83464,7950.69935158527
93622,17283.831336268686
88744,18158.992713909964
107378,22342.93109140749
83032,11626.68162747895
89480,28243.298822740522
92634,26266.571574248766
81057,10045.872768811825
102633,19716.00382471501
101794,10690.72389411643
78355,14767.436287406668
76544,50535.00797143404
77408,13442.484615263831
104451,23506.38964249306
89254,17980.651623875478
85412,18932.0282073703
97709,9267.536426425335
105230,25590.198040717096
87691,11768.118877330557
90722,10026.748198620999
86679,16232.341477911896
81418,27736.107795414082
76980,17016.2592826759
105319,15990.075693230774
80516,17062.9470884446
88960,10747.324160101109
82982,11444.069028423412
105004,23311.40594163719
78037,38485.25455412337
105901,23352.393023317112
77109,15758.107096551545
85855,12737.729438761195
107355,22112.93091649453
106193,11991.61470481979
97700,19633.59334927089
86150,9794.71332059483
76267,33251.985934095836
102096,14776.326208069522
102561,15982.080859098849
101137,14410.505763961992
92050,79613.64905881716
103878,10458.042657252989
94760,22119.282498246946
102678,13590.56903960006
79971,26283.422136732082
85739,16911.151273627147
79714,19531.38925319651
87673,17873.19820567125
107304,20454.495665029728
78692,32312.683285897958
107274,9816.10548357618
88686,5566.8468731358735
90843,13391.72101833143
97507,8475.029462657052
92343,28709.405194635743
78781,14153.748417078968
84990,21394.854312238345
92913,34996.41625088606
92079,53876.7572955039
98507,8615.24939879059
97152,24318.27234158884
78442,40436.48906631849
79711,13527.246442493828
96643,12118.19432294863
105000,8713.59414655804
89454,5461.135994925247
102265,17606.64673217244
94961,29470.038397883287
76335,20807.196711529134
82897,12504.14030798941
94061,28863.897808108228
90661,8098.415555031861
78112,30335.691680168668
95596,18118.252616654136
94740,36597.271563183465
83287,4846.570613807737
96668,16739.73272796521
101834,18320.660618825168
77285,38733.558878663476
102545,16204.02639327044
96287,22719.92073383903
82156,66472.71658382761
87276,12555.68907645546
77564,19028.78175171197
105991,8287.038882745568
107570,18970.938130667502
94519,32357.24752667214
78369,31854.89942540248
92674,10427.599172257353
90532,22911.681620460386
85489,7787.450425529564
103660,12069.670329235347
81206,16632.659871644126
106764,25272.500266004172
97425,15524.879332973294
96393,21077.226567548936
84960,11727.56982409825
78993,41197.03671541109
85876,16547.010746382057
103936,13928.490771808689
84201,6677.939758077812
105098,24375.54644754631
85078,15875.762778833998
89886,17293.391205568714
81268,44871.02787373799
79945,18752.07823490328
97727,9432.22509215804
90636,7763.739226198059
80106,8913.537868813413
76947,16127.866666879136
83264,16886.56231254286
101532,7572.35546187147
91558,31169.53803002269
93311,16673.197614389785
101967,7601.787452332953
85725,5232.777586563084
104684,22359.5869106337
89747,14871.097389897084
105165,19179.420151845865
104814,20830.46936861033
101904,8960.743926454325
99238,13797.959975192596
80989,26461.914421227397
93575,14907.1295985265
101536,10326.950064056111
86847,9416.643466724669
99847,11012.34388777989
89212,6491.405309461238
93997,20974.746334380456
93647,29365.054536038904
87846,13083.122528482256
93737,20238.825027601153
77906,30855.644026027036
80648,28417.89482053446
102925,8415.608312967304
103709,14376.101611202546
86195,14071.573533664994
76865,12119.813614025237
83260,18676.129200095336
97233,24178.311199154457
104618,20823.257393317304
83879,8135.710746611692
104804,10183.065569446137
100551,11374.14850696669
90524,20790.134168550423
99669,18541.954803002343
102658,8415.538242520348
101398,8689.521823310986
103286,12463.642508807869
94823,33696.370523297104
83630,11073.851234613036
86079,7738.245997353533
102145,9233.660217036979
94270,32096.260243450353
105688,29293.325198191993
87335,18367.408273475576
89805,12503.163060666024
95093,25184.91502290366
76699,19794.169400281007
83187,19474.223155595464
84218,6834.929386728332
94153,17042.990078352246
91849,17179.341633656873
96202,16859.49994573985
90172,15182.461683647649
98759,9559.405242064384
86718,8344.462880285853
103349,10778.362754129503
93293,49993.179593168694
94622,30447.112233647018
93181,21003.897428025302
104870,13417.460094972792
83247,9425.37872489895
87566,10022.693593821923
77362,23817.12510540519
79537,21468.68808427536
85049,14686.023796488726
81402,18956.83533766211
108341,14904.239536468569
92193,22685.68148740466
100184,17606.64673217244
106252,9007.152239393077
98047,13349.892553842776
105416,12017.695418377145
90872,29793.633111201463
100235,9942.654174085857
91485,22266.05508990877
90534,24582.16222128054
77841,17549.350471286874
105730,11865.49823443372
84175,12727.750276446079
103964,9349.881170360328
105970,24168.855485103173
99843,7378.834581837006
102012,9918.256294350243
76779,28606.930145182672
80778,21091.402214548587
106638,14867.922583463072
88233,15646.409682698539
102657,31684.119503068472
107180,29349.644590532123
108468,17586.355972900044
86399,11719.864780472222
85128,22000.75664672192
99868,5157.0153368056335
100413,13916.551817773245
91125,21823.299944179504
80467,31446.320537936634
78605,12486.055337479827
90259,15766.818270260597
106759,12643.733453235145
101253,9591.226080558863
100980,8163.671469593927
83805,12246.386506588586
96745,7599.509592230855
90242,15798.089268603528
76118,27913.14835579901
98824,8803.632174583003
78006,24150.444298512208
100924,13872.39526737205
77138,82553.79406106283
87665,12689.996364568371
78023,17338.49057851536
96117,22543.82864254198
86789,8706.782947862497
88649,17002.89680796421
96792,10142.878341604253
79403,25659.54464379267
100547,8095.108976466061
106529,14402.977756384358
83042,11740.889322247485
80334,19110.352056557178
86589,8343.758106310373
101811,10780.904949931959
94128,15902.159348979363
95868,8648.008397161537
76244,39551.273637717466
88957,20035.176324991306
108503,19719.332432165487
84409,9693.616786142651
104962,24695.61818657377
105121,8455.3760866997
94389,15469.131238354892
105602,16209.963470979133
88289,10242.44368946822
108168,16741.083260302126
84978,19820.344490008458
108011,14508.516905084329
79783,11353.746470185597
89892,21108.112494179422
91748,26240.94681385339
105942,14092.524078139797
106893,18051.959804544877
85969,12595.939749113528
105403,18392.644626109595
80319,30969.248546833394
103010,5162.2410511076605
76518,29270.549394384565
95598,14670.647944374385
101287,16340.983647282555
84475,12729.282641100463
87686,19267.72513666548
91202,23631.694119203567
85296,18098.88399799466
89710,11113.030675365613
108409,15146.815856477808
104660,12637.962517662349
91493,16158.191850586332
103318,10455.588215427917
83537,11874.088949210702
93277,18548.08104666418
91290,16866.910364408588
107127,12635.729308448028
87752,12324.44394183135
82613,17132.93302128824
104508,9451.836382175217
100051,10166.71695848392
84203,18746.160921099374
88624,14577.057612891056
99483,7215.658174764368
96635,26431.20930062193
78956,19316.640599469636
105839,20657.404968862265
92487,20629.99361341941
89382,12143.784110995724
100337,8114.073294451172
78640,46190.06724713438
99495,7069.899752752419
95580,37563.516504521205
85347,17387.700578416214
100050,13136.074971231348
97749,13438.975513359821
76587,35742.89804046393
95918,33927.84586707848
93823,35162.42687651101
80470,27784.698100096404
95399,87113.06472974124
101483,9022.692233374262
94776,26929.725215354545
97442,6445.793198464527
79267,28772.04897553218
82710,13603.096320416309
77473,22305.29848959721
105371,15420.275891483225
84991,14598.719277596561
93878,27462.14632337562
107126,18523.53745327946
90996,9121.396831207687
87095,10450.97892496264
80205,18443.14452399097
100043,9978.5589095923
84793,16984.262995398127
80403,13997.03456251426
88018,13946.942277259168
92747,27361.23028042772
104894,13592.64432918139
108319,32845.767692885
99481,24843.87742959167
98270,14121.48762807189
88155,20117.052766729543
84565,21255.040799235383
80779,44235.020568396765
105684,18803.55918795079
106855,14567.709499377575
103908,9663.27226021701
100595,11882.127845783956
89822,22758.909702380373
100401,12666.608163441248
101037,10972.517221952407
96350,18737.62959850139
104191,22069.55510545135
87891,12710.737562308217
97744,19021.87620373467
105757,23024.9885645236
98966,14168.721073548548
91869,9072.476694691017
81292,19386.791935345165
108284,21812.888772571245
83092,12152.119591501956
78394,19515.76323252852
97961,15653.685861049884
77723,42373.54404869309
87317,9126.211932863076
95065,36508.46773843912
88227,10096.201065273579
108087,12059.058927946948
76311,12483.001989730687
100764,9467.685582557147
87828,15897.453845042168
77314,16905.098680135136
107860,13906.169164715246
100339,6980.799026496649
106165,5856.96736040589
104443,13760.59546482849
79613,34242.16871188696
92686,27581.17664868188
97493,19354.818385096165
78977,33530.25487079734
82933,14734.763578126736
80063,28158.734504310938
92287,22398.44176321963
103664,13026.45804015028
102185,15587.700235520424
94679,16582.13981704876
99024,8980.340410926663
99366,9651.190195007825
96554,11657.055753648014
95906,26240.94681385339
85623,13159.828641917666
84336,19496.102816722534
96560,15353.302539362367
107448,6965.3989901073965
104118,18281.05202769054
88391,8885.152951980255
100327,13673.326001995829
89323,6715.001383589622
106925,23831.38827623548
98542,9440.363065353198
93996,22722.622233717153
85103,13489.98229666658
76033,24367.45440161902
77213,24075.797194667768
98117,25765.023151966918
81109,41443.51808554358
78316,27210.078020105968
91021,21122.711037345052
78093,15420.806994971783
77497,14614.826260101898
83590,15915.740687269117
76126,27499.328057857358
90509,2046.7203099116145
76454,21636.197595916517
82095,31488.321881888354
88625,16483.101659336997
100031,8782.640118019204
99458,8788.142395404851
88085,11231.386845889341
91823,16733.45356875319
77735,29982.909591025666
91799,8162.806636798547
91480,7870.654935086113
84915,15486.42803327104
83688,11774.596517418553
102334,10564.768054313281
97765,13818.582062637615
99836,13339.451249009917
98569,18681.542057824314
105050,24293.331199149972
80826,16270.400206998476
78684,15401.469027843386
99123,10692.129564093771
96507,13058.28134681777
104742,22525.889370476103
93690,19256.903186119205
107606,14888.548587812742
87019,20391.899726346484
100735,10476.142834556176
101685,7671.107855027337
82792,12776.640364138419
100036,8510.572317841785
102607,8202.411652986388
97772,16215.040805701503
96207,20215.738036482806
100697,8574.321304218249
96481,22276.80186742798
89054,20018.911643612104
97847,24343.834587881247
87528,11947.97750059027
97145,6812.487249599978
95223,40451.17632604757
104325,15293.076776212352
93743,17692.61710049454
81914,7581.1946470026505
79040,28056.553538445594
107030,19910.604000503783
106244,26660.175039726837
79602,28926.682239598398
107684,7353.106266113053
105346,19904.32927104313
100000,17230.356695407456
79001,11170.418643370944
78942,26043.96659172787
87637,11813.205522497004
102257,11412.739781009854
103502,9381.816566298949
84619,5108.749822957573
91129,23929.77430426476
98493,17707.549775526637
107108,23168.593052665816
101158,7760.34508227326
80236,18476.146096897803
105375,12426.30558750913
93002,30960.808368631988
91619,20170.700633621083
83965,17048.322529717014
94431,33983.981629421796
104601,9366.839734718276
92698,32676.165511902647
84014,8760.572793239742
91961,30551.941110611544
77595,64195.85073842257
88848,19655.931110186822
106046,15065.590336322426
99498,10156.82465729315
98153,7201.422622674934
83157,11299.813726830858
107475,13422.74083604486
100589,13658.951981122202
81448,13868.717735078388
102638,7961.900249748861
104473,23599.064404916495
102724,6059.816159787222
99338,8914.464947835171
92431,10585.722920090542
84969,12260.995145079318
108426,1253.8995238780349
103206,17128.97851113399
87345,8924.796097707089
102625,18360.02279858639
84606,13597.629307876545
99166,7935.771246557762
94408,22908.082818543386
94898,20965.970190958535
93658,29347.279794925944
98234,17158.62664116697
99725,15135.30947281346
103979,13658.951981122202
77277,25793.61535574045
84401,11472.435872251419
80006,31684.670332584574
78572,15282.503359987095
88781,12574.746052518118
78546,18813.92919944901
103829,18088.235239128746
79159,51925.32193520633
104502,12229.811272663932
95125,26266.571574248766
80804,17484.327374093842
96580,22930.847009008583
92059,19096.905633789567
100530,19834.457661476485
78079,30238.65955003219
95036,16090.880406610304
91490,20086.401234377416
103310,16795.756224862962
88853,16107.866929900802
105948,9563.159665536987
93744,20094.29786281148
108518,38660.41216934983
107733,16771.47780055538
106813,10005.232111239791
98343,14659.400506332555
83056,9931.76792417707
105721,24882.228784540097
89165,7706.618845038808
106402,12722.975724597922
77252,44542.62827722291
89194,8617.057416546631
76777,15120.683424054734
90569,14901.48845940023
93912,10177.469061820011
96848,5539.213048683687
87355,7723.317837110255
80539,31337.07285210221
105351,15609.12331833748
108019,5092.381227736484
91331,17383.500569042655
80814,12810.554219688478
95951,22072.18691944304
98392,9632.665102278583
99209,20140.322574609738
86085,10022.724341614508
84678,7516.761409782729
96534,15063.333383886204
93665,26227.25849494172
89832,11964.136847330772
85079,11645.836452433274
79425,12313.66706896621
96052,5073.216013393065
96599,9938.305528201037
103705,21435.52003607488
78171,33178.148146807885
92005,18231.692220208733
101323,13827.146573524531
80398,14827.298996942798
82123,18559.201912472472
90262,6522.735923944782
93300,16675.81565834688
76795,17816.172962451637
91043,25603.023363156673
97362,17427.496362578026
98969,8865.208750905178
104826,13853.38381591879
84329,6821.267814873268
97976,13626.102634409608
96904,5785.644862485353
88148,14487.007982025787
94895,15211.203256188684
91122,29620.353315420554
108145,12549.269778057847
85476,17732.705539606388
97564,15676.560834111086
107770,37166.788075100616
106947,22026.277683848526
89548,15628.203387082978
79027,19080.606089124965
96032,23374.141074710653
100133,11477.487788479899
83191,9447.534737629878
82695,13279.751983861248
79273,44904.575886782855
95667,18101.098724583422
99578,13151.731738768083
84492,12424.467561619898
92353,16194.32108198991
106435,15317.336890660301
86655,16678.41079417091
106651,12443.970573645225
90268,9360.101732324523
98311,12618.6431232274
86971,7960.741025631133
88573,16031.491714903133
93189,17735.307258635996
87244,14342.524384613058
108207,8291.810787873892
95819,31923.26866210898
105846,25182.740693541225
102372,8691.326219637629
83616,14119.262619239285
92411,25737.384616567746
90395,13850.57401630711
104613,17720.73396421062
95808,30707.786930169197
98662,15039.03233332591
86066,13442.620432646725
77454,13920.02647637088
80846,19050.09739444417
89060,8471.04226052549
91975,14403.13600291956
84011,11885.940143910035
88315,13730.328877906091
95692,21073.076871328274
98373,10076.609778852884
97283,22480.455532891934
101495,8889.010918618906
81770,14605.189716041681
87458,19500.012601825252
102710,16352.772195831934
81205,21918.71750906736
97440,14295.279973938785
82618,7719.94121531431
104838,8456.888287285801
103606,11423.54882028933
91507,61635.726999819984
81463,14929.851179554742
76741,37572.51361507457
94422,22929.215017630955
99543,10826.913327082942
104044,21123.985258049386
83284,11758.590364383539
100834,16196.055805943424
108440,11095.673510278672
96881,7659.967822379798
103925,11365.814234118756
102881,14313.5187119265
78690,21302.000985160994
78052,27150.653464910327
103938,12334.806334017567
101271,9991.00430485547
76924,24130.653652855824
100415,12189.46341247405
78455,23551.55530274241
102811,6108.493082317809
85154,15597.299284706402
103761,7759.736168766811
77732,19260.891261605742
85957,16418.616842189447
96779,20855.120076962132
99061,17515.35876633676
106028,20733.898301725338
85889,22552.53335956472
97539,8924.99574873432
100890,16375.949044511408
96058,15868.426712043476
80216,19984.455627208376
93045,22051.565595900123
95789,16112.513079030925
89368,10845.604351866228
80917,21881.001991347042
93323,22285.87046253935
103669,15915.981993992247
81561,19355.938469933015
92214,31153.123611319814
86368,14429.41584539934
95070,21437.489630635588
80730,14507.764242508712
105647,17730.442832183657
104707,22302.17094177808
80353,20671.094125512467
98677,26610.902787816816
89445,11172.432281464084
98332,10605.899107793219
95929,13708.905596278684
88970,19487.598949040028
81272,17264.495591657986
77963,18010.46026957765
88285,19877.725434850356
88924,13842.58342613276
93562,36556.11741842997
89463,5108.586269711833
105407,15449.860846129202
80944,36709.23668780786
108099,27676.22594766146
89199,7376.485833675675
82756,16739.148273811043
79573,14839.316519374093
98847,12075.92358711041
100966,8949.863992758519
108500,26864.624726511673
103830,11882.354610199794
84043,11405.234634799275
84550,15553.358270472228
83946,9605.047525403881
86287,12519.223604481327
77598,18562.177506709006
92893,21308.965635850414
106936,14927.978427759426
101123,10913.5206678368
83943,12130.568557853372
89197,13131.90723684942
80185,46924.32877566866
82429,18238.210683660454
95864,25801.131102405783
100750,14446.736693177323
85497,6854.664158471489
99469,18475.853694383364
87667,8394.900553405183
78681,51692.06045024388
106579,16830.620765880052
97388,8170.274549019548
82487,12724.796763036786
80635,21290.839266381463
96378,9758.319295325586
77827,34139.06598236698
79045,39769.27356317742
95229,22263.556887541374
95387,17487.262810774955
101754,7853.1923957954195
90728,8594.790573521444
77618,35230.8650430056
79390,35521.599836031004
79449,18946.14979076716
107826,20685.6060052926
87026,16332.431594180269
77765,21558.815939186003
89691,14603.97442905065
91087,14866.213398187982
79770,28498.955671242456
79341,32030.972709768157
87532,16770.7273643293
104082,11859.630975866456
83169,6610.046361761845
107978,24387.919692480315
97466,11769.456634097045
98381,20533.360125681593
87614,12745.11282202049
84768,13114.985571363159
103605,6514.553508916437
107420,10111.463934506757
76099,46925.91823214383
81932,12158.631642538277
96233,10846.335180451197
103484,9989.20281322339
89608,14089.614375944995
91316,21081.49749139635
80424,10213.385438485104
83120,10415.874006698667
95888,20629.99361341941
103279,12575.076863795195
76800,13259.572729072544
102188,16909.244262515298
100147,5970.626138728661
107959,24608.73555301284
93341,16904.526388234244
87446,14342.835960712562
103554,9623.523838008807
83756,6868.276377794657
86353,10210.650911744347
107874,23006.73002432242
78416,17584.036672696162
100911,12746.295111461019
86514,13650.096114605803
92702,27308.754493542303
76787,20981.27465003708
98523,22946.20914401163
88972,19337.716120222318
87370,17921.5739791987
107060,10263.068085327279
108186,14263.86765737026
90126,18196.15686969706
103874,6470.439605743657
88271,12850.362635033878
81752,15308.610855658537
78089,48279.02665575535
102383,12879.707584631995
76766,37727.845259299604
86120,12258.240930301596
82871,21432.6631621994
78647,35078.379102193176
92451,19124.809666511952
91743,21944.336321108713
96582,13617.669019337338
79729,21621.92954981783
78864,27444.59229765285
94728,19752.08571979789
90355,8568.593987850949
103777,13673.326001995829
96076,5430.857942921418
79201,29122.15951727018
106707,16840.341615043966
83836,10876.044167090953
82332,34357.54349258524
106545,29602.25709709269
107268,24601.113297384494
105459,7633.935887676301
99683,12832.355474877982
98385,17467.25060360974
103402,10243.289112309192
89402,14277.808989602021
87077,7738.245997353533
94222,20670.68426385061
89919,6898.74292682411
80585,29375.092580992303
102406,5209.213511117787
95002,14942.52807838911
78216,20152.009031129797
81346,22183.14131993476
78309,24228.330516571983
93307,22417.7991941398
87233,4058.8757954778257
77093,9261.705744636512
86762,7445.305909487194
94561,15699.717614865951
76392,83293.78103874347
76895,31137.679901271204
85419,17911.931203495667
101026,13902.071651312124
102584,8310.375600051935
81381,31396.89672884932
81761,52239.78162620542
98099,11056.076638541672
91347,15649.722325532053
100024,8181.250660273853
97924,13797.959975192596
100492,12763.318329098454
93559,23243.590216411736
103175,11174.634984183333
98122,18604.889909896596
84362,10790.985555568795
77943,21778.251233946976
87275,12591.379172957428
79991,13725.8917681278
102700,11939.854399847312
79660,45671.976573439446
105465,19336.922275665587
94354,32242.61203232493
96390,8378.457090226388
88763,26872.005692051618
87219,20450.168020237405
77221,31221.41158495716
78165,11691.375073230049
95069,24954.903211982604
85157,13526.525969621864
94547,13569.311906795187
80643,17240.50412990407
97499,10472.084672970548
81957,28184.64702696131
82538,12377.246314110458
83777,18288.432903172252
87927,16483.101659336997
82916,18490.083337718246
104146,13718.517748435137
105260,8976.794108413345
85483,14940.883351170229
102412,14676.342844984843
86508,9193.012651057361
102998,12854.404405285728
94493,28920.288105487
93422,19911.970611273526
90033,12248.394334778188
92957,21587.221883912327
96584,14378.0349727143
103170,14826.489310059407
83550,17916.264860245952
76050,12234.080688450953
99903,10638.810776381019
95255,38502.32025057814
106697,24151.83187612384
91497,31855.469274939063
97177,10714.266626804587
101863,11515.849449108307
99298,7929.81712753693
106496,3287.0154041957294
98770,29045.99746366779
101801,13634.602541341634
85037,15000.01315529969
104399,20106.10558853591
83980,3609.4316730948117
97825,20666.172548369042
81924,20391.204667468974
104192,9730.944139545305
87130,8736.901536458461
79364,17930.030845038746
81388,12730.424330902817
94917,18938.001915789984
102119,10374.536479646138
84135,12955.352469992018
94992,26120.22690820707
81229,20281.739810772193
79503,18265.594668821865
84540,14206.932821233295
77881,7803.280380715486
104978,2170.1471917690465
107373,17578.57070915235
76208,15698.31994374133
88192,19358.252388361976
107010,37166.788075100616
93961,34710.1769404245
83957,21704.017147861625
85283,8432.111418151988
104226,7319.548610771088
79463,17948.930093580027
102587,15689.648003546328
90204,2971.1384971891894
103507,15553.326031896127
94351,31235.27082976964
95181,14104.20641215109
107410,26840.90480491074
86541,19003.750371101243
106281,20630.9867475604
77315,13986.420322536445
84485,9591.456045777062
77592,11651.41393790964
104262,25283.476976434467
81260,26315.64042487354
94417,61852.46761992051
83014,14845.787179667663
78192,25699.7341655553
85838,9094.95582957628
98395,22080.21159042937
92617,21740.193450977113
107538,8787.7397345292
102588,11090.657720566625
88950,13566.12552784119
101450,9217.481017113485
96101,14264.4759048769
90567,14688.895969230318
94383,32062.59875405885
82961,3740.5117436452924
96591,9595.080592618639
77890,28479.82812824452
77801,19495.861174499634
85738,7013.267546004469
88580,23224.762351901056
88914,9610.201972317946
82206,21767.162257299384
107485,13763.816606669589
105203,21922.708755306587
82256,51442.055733687295
80181,32561.653722222763
88792,9117.316505029861
92581,20023.03091176587
101272,20763.77784060951
102359,9387.222340976194
85306,10848.48309635696
106078,18479.947086994103
82442,8459.176286347683
106313,21591.831937360523
107617,11214.284081602209
89719,20313.69028854258
91358,21849.751125784725
89676,28901.505946558107
86927,16286.221013555507
76819,29137.359997321215
96646,11345.446792197847
81533,46682.72532460013
89207,14350.331068901825
90282,6841.105780733903
94908,26929.725215354545
89890,10350.078164644428
103477,13658.951981122202
76090,21804.656808898933
84810,6212.1690431150155
98323,14298.567172708961
100552,12950.039623920753
104719,11084.17869120781
90016,12926.301459816465
84632,7301.271667857766
99846,7862.751515662181
92362,31751.59662318643
81315,12066.579741895195
85084,18334.091915599227
86760,13123.494731482477
80297,20883.054031915945
93420,24809.33508771565
78563,20363.85405581827
100791,11897.467061678311
89019,7783.629678279738
101709,10493.232224038213
103419,7644.266773441054
96092,22104.505506472888
89891,6805.969679134871
86562,13643.70339719998
95874,24119.488643202872
99343,14043.862478253073
87586,8692.001218098734
103112,9721.570811678395
82740,11308.119502972695
81595,32492.133310011108
77578,8413.374664429764
94090,16655.41956145289
102873,9989.20281322339
103258,13280.305845957324
107497,8720.786983898903
101861,9494.39598276137
103997,21104.47666349182
79785,17295.384871340964
90250,7711.216807976183
93233,31877.102685616053
86527,15534.735550161282
86140,6655.262250949037
104063,9007.152239393077
77734,22430.22381793627
91652,20792.6801215794
97758,10227.241247712464
95096,15348.07455811924
106186,12162.142664004372
107960,23164.60705338923
78445,25020.32081175161
91886,19288.794461743637
82711,10772.664737928462
99248,9749.716077830706
91701,15320.499351273183
88172,10594.768520164735
83916,13081.257369639796
88883,12404.129112254512
90342,15615.020448266097
102042,11170.638873923825
96563,8549.728190734118
82344,19248.046224925823
102707,12879.707584631995
101718,12628.313838384545
102705,8580.42401659165
92589,31052.29974647893
84231,14097.394809673277
83534,8956.329675221215
85768,9707.395128631897
82141,15333.736791578374
87448,14168.755717545684
79569,7119.267699512244
82261,9372.891806818096
80605,14890.962891799521
91120,10551.45130712445
92482,22180.060829932267
99998,12819.749009193325
82202,21017.0019977317
105899,16882.010249526997
93653,16925.995166108503
94333,16658.255586068142
107717,13232.080922302759
107655,10190.807890726323
86240,17316.822498741374
88745,18096.79824778096
81723,35981.759347265375
84125,15032.620486661095
89476,17394.542421525337
79059,42002.765304604865
77879,14704.146857023943
82855,14971.544438055489
108513,26250.282767101682
83646,7515.336281379916
95702,31421.502475961574
84145,10961.022979839143
107629,22758.930062519477
81843,12124.818848160283
98863,10971.178709742193
95154,27489.54588176762
93275,26673.53275797757
94003,21334.666606612183
81095,17880.12572432751
81099,11984.955111524578
105527,13543.175958800564
89596,10026.748198620999
91007,24211.133840127237
80594,16859.498768071207
82782,11300.793804503608
92721,19180.33749037748
91718,22479.06070207995
87452,13517.879226451501
78098,13586.823887151448
84123,9975.414467069462
104672,14836.27357956424
105118,10079.594468158724
84690,14500.97579763468
88986,11041.335107903982
76028,25530.911938659585
92995,17774.966935775534
76275,31588.988823842472
103315,6071.888648251486
98168,19529.542279059948
93633,17060.483677734053
90151,10983.05995794542
105269,24179.937237772516
102604,3018.221124330119
89541,8955.303572733617
105694,22639.88350718009
80405,31968.819129810938
96001,15079.592469591138
96500,8992.966838802227
95235,20038.788765869314
88367,22974.910842533587
98850,17238.01609132341
105724,21215.9853810611
86451,12710.737562308217
86426,16845.63198409934
81213,46298.14744314487
98547,18209.011460170954
86461,6778.078469627824
99294,21737.971005205152
99597,13948.86403411113
92255,10709.862931904912
90097,23693.9294546485
102302,12094.659258010108
105746,10531.748877105889
86133,24817.50007554892
94950,41063.30246335929
103666,9329.095578922099
94750,20322.004374210628
92880,29355.07328222528
82349,18963.208398256564
107337,16390.024986447934
82954,6965.37361120387
89689,15632.244452865942
99034,12484.54775353287
79873,14777.994043847428
107966,22107.234651460847
88864,11971.031713162485
97942,30521.779920015037
97481,9014.680646128387
100313,9682.005930585547
99927,6728.483452654591
87287,9306.86314533839
99134,26419.267095722706
104705,18326.419448040368
86134,21600.363486906197
93028,26661.082874242813
80161,23595.211115191996
76639,25857.577113757172
79239,24142.68942551974
94244,19196.873409804644
103815,9262.38336782972
84445,16430.117706202374
85884,9948.804122102541
103496,11128.77550708073
88620,18019.87204241299
101448,7638.222747181955
100044,8678.936277097915
98388,17340.482237923203
87610,11387.630782804405
82063,26147.725341573056
82211,42734.39252644153
91156,14685.863252579915
83323,8837.484435238104
100187,8803.046296573877
93117,24544.111633282453
82227,30880.682634310157
94263,16324.775502310229
88207,11739.512480309177
87988,16587.64876722188
104687,24119.600495019396
79791,45722.043184738766
82242,23564.654615059066
80273,12789.196299962367
81542,27071.088246876203
90361,15469.570839942284
83914,21797.424004430486
103142,12819.749009193325
80137,39814.222036920866
103580,16010.770347015023
98328,9459.831885040554
95936,31470.60221717974
95189,28677.080506351464
97806,18042.87016289307
95829,12263.934298590135
98684,22874.569602453994
92494,21282.64507437131
83016,20738.423944323757
80865,18534.015931527298
94537,19202.16675354736
86293,12965.484168094692
100087,7028.510321845832
95534,18163.795410792034
80827,34015.46560915897
80610,13902.243110777763
97472,6109.344773678591
85523,6467.405526532106
100005,9275.656845729723
96618,27860.085908278168
104893,10978.220816792968
93688,30443.3838545821
86182,15697.029940982007
105091,17192.903082609562
103031,12350.822105262769
99359,6986.635748882261
101907,19309.90917834277
82914,14350.331068901825
83990,16911.151273627147
98598,20517.143757614886
85494,10588.818668977214
82922,10512.793485760645
82854,12735.436564839405
89024,20167.396215452878
91754,29457.87737335739
102699,5292.671689606669
96887,15382.441055078027
102671,12096.260851637582
80646,22878.155204566352
88146,12471.260985411773
82969,18006.368131420724
77225,23933.41968332554
87443,7347.380503407319
91227,13936.52589085588
95731,19538.44969403732
95171,21392.817921501977
97076,14721.400115665845
98901,12437.33530209507
86013,9486.912478071028
80831,23350.159801742044
100258,9130.188464895646
103586,16707.5407143
84553,16483.101659336997
84400,14771.34849751133
93434,46959.17472782213
86149,6440.948485128301
80336,24764.31287770525
104511,19854.874824909057
93127,20927.452323284913
86330,12553.467677293911
105082,12597.118957603387
101222,18167.136745567117
92606,23719.65463128925
90462,11081.762705536983
102123,12134.44347529061
83212,12349.57724023411
90403,12564.037224666203
79392,26420.45179381145
102630,15315.01401151727
85988,9470.8757615412
107908,21338.884677209873
80949,18630.133439417095
80517,13795.66017592326
97922,16096.395243490562
100296,10335.561719571684
93073,19449.04439654859
97137,8145.890594628078
88311,10187.410651508746
78021,17733.113791985088
81970,23228.622398787207
98957,6984.794307449265
99602,21199.819670732864
91417,13138.45627065652
89429,13005.547547064436
96535,19204.200975416818
80782,48063.90856521483
86889,20413.781394102854
79609,23134.989220550713
99497,12908.548958333617
99547,25666.76437910074
93817,4292.76985925112
91079,32839.1919680186
81962,17305.879729839584
85833,9479.036781771214
103305,9316.215433996782
94357,17194.74965071399
88736,11154.692471396944
105162,13761.94065134721
91131,21929.601305267654
84148,7758.446184682162
76377,23280.57152996222
76357,29695.963436748818
84675,16154.527892118444
83239,30742.846115291348
86317,9144.404647029023
93990,27926.84008756835
96357,9400.9930636861
89745,24249.17653634705
97141,23073.381450901466
82911,17682.31290648149
82943,7568.945143641665
96282,4848.471215533573
105885,20657.90299934154
80131,43318.47073091721
99806,24118.755524265423
105497,23692.343035403526
106447,22831.328574153642
107746,19287.21404039379
89523,14715.683526124367
84388,15384.666682856701
78166,32791.70685756598
103685,9791.362642633252
105018,10079.057445507588
102373,4496.3524895618175
76988,22765.98986050433
81097,23459.931779315986
105521,19096.583813666955
99775,12775.419788773097
99766,10771.272783875054
101346,8887.318214429128
95228,4237.417389239678
75982,30958.636784612634
107142,6522.472478341572
86109,15501.287924288135
94195,21902.255851753645
80777,37017.95075516336
92612,21538.45365636434
99383,10773.956004072177
81686,19799.197247245622
88650,12326.22522640432
95681,15028.923096006543
100071,10523.676540458238
77554,41034.35586683559
103505,4706.65394052555
93281,23221.537543356535
107444,19350.015755082608
78752,23921.879459267348
103057,13375.15512580787
100248,12873.094489293302
98489,14423.47274015303
89189,17571.128859007196
81293,18214.604624377913
83285,9344.360598135117
99459,17427.110882474637
90810,9519.02435451594
82015,16897.79691576702
96132,15176.046566323319
80808,49143.994644524406
104685,19456.57183855168
80937,20138.51517367266
103328,10079.09323182055
76512,21204.189242041608
83456,14417.762302475654
95102,31075.72133045551
79692,25777.446208177556
107807,4285.954686579177
99176,13837.614923982723
89632,11739.29743152055
85310,18382.145621954453
105676,14987.88767544743
96825,6328.5697845914865
76640,9033.330673499244
99932,15492.441492636943
103568,13699.881501367061
100906,12593.97291280017
97420,16657.542775864622
86996,17649.879237647823
86948,11958.42890888511
77326,31057.139961315475
89296,15302.43133654322
83087,8250.447515363323
100477,12262.883678715743
84635,11983.166513232605
95060,29384.27175548194
79303,29617.54253277917
84026,10075.156565340307
87802,12788.007353688532
85561,12347.917144372774
95941,16154.1437543996
107662,24514.704570555474
105811,9433.974692239952
81618,16425.965541294627
95733,33167.07179359727
93613,15139.431785838726
82163,9603.045239282019
91734,28281.177607041383
87677,2576.3939740598626
89816,9204.782766191398
106327,9718.470756414672
101799,11624.160155157597
106344,10858.879631463928
97705,26977.358917053167
86976,20440.474100755622
104847,20751.7804720368
103833,6615.967939052009
103482,9848.757762486175
96532,16792.460140114807
105817,13268.836265498316
80883,16953.633875553893
77825,54077.58744150829
98673,11059.259718512985
107364,7287.172240298274
88945,7941.061155915616
108307,14036.529306691033
78078,35451.73575750034
92490,25910.72593190903
89401,12594.875168464996
81002,19766.703467452888
93285,23194.229880547016
76796,29875.236131151923
99933,2895.794694451622
103989,11621.96793105898
77504,15740.126484972747
77187,16562.584632729082
76477,10063.262998388414
104834,14548.003698170238
90656,20536.708124508477
86161,11011.072623192398
82503,18633.784882841283
95429,22721.5747207776
86123,21848.621045205466
85549,10606.074661573835
101443,12416.219527422296
89089,11085.583875949746
101004,9499.544855893053
98976,11770.32817186978
106328,32973.28448690851
101630,4928.616295015633
79682,14328.300803797898
107885,26094.390384835864
97206,6698.415619370964
80721,31974.792881998204
96625,28778.00174848723
87687,16659.301188611997
91458,24475.22417540246
104683,12758.952479488577
104151,10608.322599912659
108346,29069.17156996124
101262,10950.09593933429
96543,18288.691007691865
102763,9527.20786826683
81274,13055.5594365912
95280,12112.00928177495
82561,16644.159364883097
77783,18077.155686804443
95843,32911.08019124741
99776,7528.70474380862
79114,36137.93694666813
102376,16178.548150691551
101704,13010.950369906905
77297,20404.00038596771
80285,36734.994390494794
83467,5268.447981864351
101059,9591.060238183714
102229,14178.392567456129
84664,14998.458037778246
107750,18466.337973769758
102405,10300.994810213237
85553,9445.90616925042
89780,29180.684331809218
104268,9553.493025417689
102935,7849.07502398525
97898,12108.744476286785
103785,5713.779459000231
98529,22184.833648283886
93897,11837.077446080364
101766,11266.356012742433
95038,15704.676864978055
108350,22890.03268106511
103542,11511.841828865041
106061,35160.36736055477
82286,23419.26563564458
93548,31293.083794942566
89937,10329.871571455786
97650,21724.088697887513
77515,42694.51855230426
87466,15496.367242520097
87489,15179.579036486537
83029,6467.575164634008
78512,66472.26146702736
93310,20629.99361341941
99598,11853.759811738148
91341,18735.372192122057
82704,9642.258406179
80819,5210.270326248356
82774,11498.03127037397
100367,7409.541906020834
80303,15155.598495932369
84897,11934.350798745558
81307,32985.32993997912
99687,11435.363461218065
85321,15456.246914306148
80702,14871.578975293478
103843,9834.996301486535
98898,7096.346768448715
87147,12728.287222927265
97662,9671.335053012748
97518,15144.767357436014
100217,5151.482568775868
94513,27094.99982581736
77035,15715.983664670084
103165,7994.453260041606
77140,16696.542703324365
103771,15837.393557133813
95993,21260.825217271275
83624,18657.648845148044
97945,10167.835671074998
87103,6937.223144811176
107640,14085.246986960234
99549,12142.14097117556
80464,18469.057353369986
99623,14473.823789271146
103689,16032.36649794614
97337,14180.787702732268
84308,21555.02967214925
81459,23077.388647612283
104126,22868.18712365478
97303,30072.793696090685
95139,17896.329168591925
93074,30840.519335294925
102368,11572.003636463403
78475,11162.694800321393
80333,27725.90058238824
80144,12307.938603748893
100439,9058.264176007315
108154,20014.736754041056
107137,28471.991661035823
92752,26292.118860329945
89896,13279.159086190248
90485,31566.586026489407
83159,12654.989497144397
76671,18402.53652034776
96849,13140.563599348317
93722,35201.32178411781
107787,8159.000418038303
90164,19222.97647596221
84760,15345.7210586162
90370,10170.211676056799
88117,9796.10878194307
89557,11481.101805199936
98274,2413.6985034297863
97325,9990.765401394014
78887,34062.91925216974
90525,20455.479719405284
86491,24296.418858269924
81617,12521.04833347883
96123,9763.695169045375
79413,13766.543713745448
88016,14477.964096202426
104681,26783.675701214604
83330,8430.068803021872
99163,6854.236642504788
102236,7798.9367320536185
78116,15902.170085164462
81077,22839.084911480408
81046,31919.095955965615
93928,25834.186749754415
96436,9749.593653144773
93479,17558.476294480617
92021,35237.685209275274
95143,18764.209516824532
90500,14256.049881052722
78940,21605.802929386406
94861,17686.961656193525
81961,15599.601286176883
87630,10109.503040915586
101224,15899.88647983388
103357,7993.949603033332
99521,21533.9751934308
103897,15778.888054432182
76701,11358.30081556719
83560,11134.574807640895
83516,19481.38461816986
76385,16166.52647512818
87311,20312.273887823743
102065,9659.01103082531
81718,20765.214577250586
100025,15272.78358323505
93182,27354.914237026755
79240,22865.409249568434
96331,18119.45411228723
84781,12866.32525648779
100663,3401.362713915134
76390,26885.267490316404
87234,11214.034205601081
85790,19507.64512957774
91278,21488.583086676143
92254,21139.815548514987
99105,6495.764205677453
101324,11896.669835201148
104734,10452.243569563503
103445,18127.561736140717
103323,10664.967353852353
78055,26127.867854093853
101302,15596.635045783909
103095,10274.021986489897
88134,7215.929352462365
79346,14318.184468836827
81699,17864.60225610058
96464,18423.97454866313
86609,11220.254167501627
96737,19044.43628933052
100080,14466.091445222823
93423,27221.156585223773
79886,28006.487026769177
89452,11591.175569249286
81509,18496.209590335893
83975,16918.680815422493
81360,7346.825679052854
98089,9996.76415547445
104047,22764.28039415848
78711,22081.236129073084
81025,29869.451446463765
79973,19773.82656701662
102117,17367.088780312806
78400,51829.20533435401
87911,12182.767167711558
82806,16836.129962790117
102480,11790.2385559298
94044,17057.82236797107
76824,8925.90523864318
104095,18214.398816293247
98660,12463.84435643799
101444,11208.159048377936
92320,41598.242585524735
105141,15987.287816076323
106950,11296.090268803122
81851,29474.89047447012
100884,12776.067989504345
95196,19147.56366609136
103636,3203.8936604575692
80584,17725.60103228864
92337,18504.559427556258
85513,8406.707384401368
85180,15294.05984037145
103365,12414.259596428088
85796,16306.020303350184
78462,36440.6758003275
87895,11953.1827943893
99262,12708.360105062884
83363,10624.847436163938
103800,15516.581705857869
78822,11161.444614591108
107816,25536.23773418886
90042,12366.240322945258
99022,11486.725021709533
81854,28603.992008889185
102619,15059.699494963885
80425,18360.01910041919
102306,14939.218782621117
99778,12991.937817498758
105957,24870.538227495876
102184,12602.952337512326
105195,11083.982037849197
98841,11036.473139305883
78452,36159.45847087654
98974,16031.156038102381
86430,13988.281104532081
87124,9936.88044433514
105872,21315.0093015819
108077,15907.622973476047
103608,11716.107287173085
89218,14759.245528125524
106418,19508.43443146749
94498,10373.18785329593
89269,16020.404529148169
87283,10357.07483110931
97545,12709.698435593427
85408,17960.61037709174
104594,8969.194761222087
103905,9864.28691041964
95101,25900.72331780665
83226,15943.804558206104
89257,18102.861415488598
79479,13137.684688466574
77652,20838.534600912837
96606,11247.228064273519
95504,3327.53570802679
84103,12092.054083514857
102843,9166.999905160788
99361,8992.886158855876
91098,19716.933769965897
92937,14402.492370994498
85635,12633.421658792233
105348,12701.521812411649
96427,22386.047204762363
89473,18932.019107128333
79316,20490.628515873945
89157,19507.64512957774
92217,15848.306081515044
99761,21590.215076474524
88748,13940.706984680413
96029,27157.456228348266
92916,31227.382829060134
81210,17112.750931105176
83778,24036.02424402394
89380,13685.676064714053
103398,1935.7994825628055
92869,30136.5333698495
105278,25383.329145998287
77054,20615.089598780818
94021,21036.040061083815
85177,12614.335071106416
77904,21253.40710368268
99917,17174.020646794565
77123,29357.242076923896
95195,25526.165601233548
81922,32311.796063863163
84281,23962.544098940416
101289,16992.49324430261
108200,21389.675532524703
90235,11967.66851127322
81150,29164.370655098737
104224,18760.658985776518
90071,15300.346677043939
93187,27598.74119949247
84284,12619.281143220875
97109,8826.47671744162
102231,11383.892842123942
108093,9510.100183509392
108443,37746.811042542606
92992,14468.37526612158
80438,51902.491380674735
104913,13799.739474412601
82772,11594.924263127097
83960,14577.409058421948
83052,17836.342554068975
82939,7703.876751247092
91175,24088.96089725246
80115,27973.77214511622
99384,8872.491968804703
101540,11600.525814143808
76849,40913.88482157894
97226,11874.671031474243
97672,23222.437531941356
97579,9028.53774989936
92361,28863.622818783206
91952,39024.500572155644
79024,19317.440568383452
98048,17126.74406598451
95481,25935.566606119428
90572,9877.530852816602
91301,20700.202259652775
103209,10857.606375575224
78464,14223.58677216909
91311,23261.025348049643
105722,17612.298837567214
96211,10734.524545813661
105482,10457.046730885924
80750,45619.67119740864
85880,18595.873845455044
106997,19693.26318780559
99866,26255.28824888226
107262,13440.930962365934
98814,3215.071577576327
98650,7230.502078073589
93505,14949.328868899556
103810,15632.202272584935
92931,43091.09601628851
96126,9581.800009423716
104285,6716.588703142537
96503,15294.494516455454
76826,22987.358374953168
102531,11394.4688378157
86939,13912.685044540221
98276,10156.82465729315
89094,8503.347800053838
89376,9178.684101179577
101715,8878.221922894518
98971,8754.098178130196
98359,12727.974409997196
101520,10437.900892932446
86866,11595.868147761405
80468,17945.96544768482
84146,9298.408261175124
82628,12050.272468723322
88012,17408.918515236528
78341,18013.47925083916
104664,10628.794002902405
80753,25005.09505741131
88296,13434.27285149686
100349,11175.040617612052
95307,20368.40341577571
97982,16922.122880588402
99328,21797.893998790856
84689,6574.157560022488
86620,8413.267766332268
105565,12061.095005055766
94198,34164.24274280697
81959,8205.95741474128
92894,29228.240468978933
95163,19441.94688340711
81774,17692.502197173962
97953,6859.5864521028825
83179,15169.614614838323
83316,11583.51703762674
88506,16671.5756932327
83533,10326.481851346034
84069,12333.82784546969
103724,10076.303990768298
76757,18447.433011773417
88222,12450.732834542829
77382,22766.68036941525
86702,16700.222788128547
92511,15193.69343536924
100163,15019.498274072244
78982,27855.855338249992
94043,16473.256282961014
87066,12861.429756787287
79987,32490.65206468626
83428,20557.124536267504
88886,21783.825419505647
79836,19702.379992230253
95090,22823.581652362773
77868,26982.04834962606
81415,20291.52893655821
76542,28667.267041041006
99066,11276.68605293607
98211,14231.298312903815
77789,10550.901902161144
102614,11119.874063918694
100676,9327.268883439194
95751,17038.913344073088
95684,22899.771697661672
108508,16178.751264332539
82075,16680.229855769543
78948,19217.84962559611
93337,20629.99361341941
86465,17873.19820567125
76163,32592.43130554782
101688,10689.608109239032
97445,21753.791199973035
76672,35407.308354666784
108153,26065.741212659734
92963,28855.692298086644
88441,14993.859850902556
76274,16512.554006431797
107189,8207.041021876577
79393,11728.652911555419
94684,32999.565973720055
77033,8154.915549528011
106413,19698.166197673298
90407,23531.528136164678
86730,12372.858735879887
79417,11541.37657525537
93426,30780.689702521147
86689,5890.556776822563
94562,22336.404784787217
101792,19343.992282293333
99696,14932.94194767703
84181,20132.781903202966
83652,20852.999256257266
87285,8887.152814684585
105860,4850.913055930385
80615,32389.16674299027
100040,7792.0335989690775
88919,13133.750184559816
84980,12234.762625756568
83969,15691.969189115893
103616,6140.844413442496
105097,18155.93145957978
81573,31500.800393378828
85124,16385.29031601916
82995,16930.925528643205
106976,11790.775006973507
97250,18882.327869531106
91609,16010.024051093013
92582,30768.51386399677
106719,18506.419229666728
95711,26125.53812955807
81868,28107.704572488172
86650,10616.070571806576
84727,8394.253302837915
79409,11188.067187442573
90538,17938.504977382625
90346,9192.758167003543
94050,33827.97266583291
82866,9980.099963174305
93402,15149.866911909126
95803,65488.661499909555
88730,19900.75851216343
84023,18459.049727219262
85119,16496.586738663143
80528,29348.038249221856
103284,9106.593253562849
87269,9080.394072344692
80708,17738.433744519367
96853,18081.23205029138
77191,25058.334714061526
89419,18151.303148606432
106060,10596.078998622677
98372,3707.0877723106646
102076,10933.325030540012
79960,25654.540486385413
97268,16068.995531705523
101849,17606.64673217244
96850,18565.52798690312
99301,7389.482204667553
81672,21466.69508716589
100709,13648.814097577815
104616,10179.972470215404
89965,8396.714558037589
93313,12241.294216502258
104340,13474.67478498904
103783,11718.376338349995
78842,35211.68062343516
87942,11681.00553738899
96790,7363.16428888805
97330,12535.529171932663
90180,12931.363750626135
78934,34946.09307486401
90145,25405.738732440474
78173,23193.057888532963
92455,29449.52866442632
81565,23806.08208080589
78530,34202.98488780879
103732,14367.089528758317
91559,21644.3259516063
100802,11511.496194110918
104472,27067.02110492775
96556,9599.479408639958
85610,11061.62066515369
81512,33545.83823763326
94005,28268.356701238703
88847,10607.592297822517
105272,20306.628417120595
88156,8051.030236442697
102245,12760.021751262395
103740,10493.295827254302
98554,1950.4331102529047
82268,12068.404763124696
80472,13848.65613550708
77127,24760.475028750025
94612,11461.444027468475
91124,31492.73652161002
85847,16076.032499613215
95527,26889.896743821417
83373,16967.96081194351
86221,18006.368131420724
83131,19343.321669420067
104639,16883.081663459285
108323,32663.29756189027
95465,17703.334735302713
96905,17020.04266805063
104272,16965.588654306124
90562,19262.37127289965
81396,31803.529492724876
107589,16883.310266288347
78022,16746.16688751921
89141,25024.50810326762
87808,15227.524168461367
92344,17226.360415265404
85181,14133.652793155345
101172,6402.186136665414
107038,17968.121352030474
108214,36973.11499885069
90048,9900.649589959403
92619,17997.341411902347
106279,13531.957533774294
103918,12666.265503865734
96418,26731.222712953633
97891,14157.144696103229
90459,9207.101216144996
90230,17833.97616507348
82589,14473.615780991611
84093,7818.243465074258
84128,20490.38917004366
77775,24284.963293262175
80709,15573.952561045833
87084,17896.444432184504
78358,30158.661936297325
99051,7026.908318752571
81732,12787.606523989292
94316,30214.736808775087
95333,32320.981224101954
84653,8557.91957049875
94200,25103.833487538774
77707,30456.200431510268
78884,7694.221812641846
87384,15419.140301189853
84311,13932.885570057919
106179,5770.1856862032655
77959,55503.34819175888
101918,11874.858183833816
82519,15000.01315529969
90216,5564.827734838211
99455,9956.979094202783
78784,35343.60264872754
93016,22290.48720337833
102343,8086.925930289615
91681,30421.29039098957
94868,14694.55399459321
87562,7832.116735602315
96639,22113.578340092303
85312,20351.48205269207
103821,7700.724181308589
101157,15200.47628596586
98644,8702.073904968698
91060,21782.28280023041
87747,12928.200345808897
77903,26294.700164106474
99482,20490.708866969664
76170,19505.47951362512
83750,18634.30686934117
95288,12820.025804989216
83977,19634.84583141214
78300,29353.687376782254
80362,8314.7286658158
101315,11680.544228210918
88661,6404.126028334928
96575,29723.406918348723
87420,16692.735253703544
76175,10003.277254588254
95867,22339.703353235254
80904,31274.476438264115
106939,15544.187934957772
97892,11056.076638541672
102282,18370.13231273595
81764,18742.796084744128
103326,12469.654413815655
94064,28756.01400677827
97529,20400.35636666694
97606,6202.967605358362
89922,22292.417984914973
104023,14262.712718959043
98885,7898.6007544095
83365,12863.515562884391
81828,35093.53747436583
100521,12510.220820732204
76827,8719.618388402376
89850,8652.178151390875
90528,14173.668215941903
80710,30332.103343747283
104646,13702.853196022936
102709,11893.867752522143
93055,18747.440451510323
103701,18368.45674742018
103548,9693.492092665425
96053,8937.452267875879
77609,30361.734523193936
99637,12449.528833358967
99911,15357.968699784893
87622,15218.130585062501
95938,17242.678521678048
93648,14981.511654106402
105208,19535.496363378024
82558,25701.162882235018
89781,19464.958423498145
94210,34837.883085740454
97589,27105.9840355203
96120,16508.191345703
79277,31921.73542208385
93852,28940.06545509788
106276,15635.313808575578
104292,21605.841168301453
103994,13634.712406492903
83967,16127.4988619774
77971,24903.86117076804
76636,26707.52828417136
105328,13969.597371077274
89518,8780.95363877442
107941,13319.285880242867
79721,25006.27978230927
96770,9859.239039352473
105293,9632.071291750352
81503,44151.05239844382
97932,14532.228848383313
101258,11335.129256588021
83499,8337.533523442726
85447,12733.72524469874
98221,10017.768011642693
105617,23961.37654663689
103224,7870.369207516286
82749,6319.33118500311
104578,18450.357307482467
77279,28746.244842530872
106045,23240.731772685012
106053,9562.026541109552
99749,16605.93842414344
102786,14486.734115157564
87467,12217.5740051457
97949,10107.799300274895
91680,27881.69249888929
86203,18333.41200189379
102078,7913.96142713442
94020,22563.24877455873
97807,13271.680046698164
86146,13842.58342613276
92130,22017.794948456383
108463,14474.46134154845
79600,29319.902040625377
89904,9870.06954781342
105696,12421.761317933147
105440,11613.581618408421
78666,29027.340131183228
87225,8012.522649190168
92285,28710.606299004252
85762,8687.913570038143
107249,10051.603529735265
86894,8430.537111999172
86790,23936.229237315703
98272,16085.025605083862
95514,15902.245195643283
103863,13246.513125142234
85887,11106.006604810407
92171,18274.337997031267
105828,19407.007815438814
99025,6497.503439643569
77032,7894.066711160538
96993,20819.650572542225
95599,14570.67652675456
77651,35524.93789036593
99249,8676.31905971869
82347,32318.744260208616
83547,20528.998813162434
90793,8080.733866281821
94114,2539.3941763567386
98376,19853.483915512366
88356,12683.654620451272
97473,10242.640893362282
84728,18707.152991119845
99765,10135.504710420842
95147,22659.575448259304
93220,24135.67648548875
91907,30582.702449922574
100215,10297.757345031825
93841,29211.613731630983
99392,11746.747214846446
100078,11284.387638543296
98334,37949.66817395375
97491,9694.680113607397
76179,14551.102346031481
96845,17958.77710531222
99295,14822.968396390392
101419,6381.459125720695
88658,17363.875384286817
82883,23249.823896138845
76475,11965.694749285594
99742,17272.07434210553
93385,31394.803096526914
96197,8080.837057428524
103239,13557.154749127161
89746,15175.86958453841
84083,17929.989848925154
90921,35765.31969729149
81029,37562.22522524334
85735,14103.866536088844
100511,8070.248601227917
86938,11425.486485179243
106540,14604.933244960988
95088,19320.07966776888
106791,23902.836803006077
101353,6470.417127698821
90012,8911.234177048023
87810,11375.540113136702
78427,29926.140784546096
105147,22097.434390285387
99572,17948.504666481684
95461,36342.25500364392
91238,27548.49105357433
89040,21216.94118761372
106508,14482.008627186606
84365,9978.57612703364
98635,16049.830789530839
95456,28766.406359834324
82157,25939.642236099364
107710,12482.150625386803
102827,9845.537276416526
79534,27071.367098384995
81865,28897.66386745633
88639,16533.394311019918
106981,27790.154808315885
105063,9841.488332801771
89959,10588.303799927613
76364,22195.047413645174
82709,12587.66853189673
97975,7894.024185825642
81231,28405.432719193414
91395,18857.433827044686
102044,11937.94580329818
78668,14975.927006564256
78000,16392.063256374393
105797,15973.92088076457
97820,19523.4058223736
78541,22910.083361291323
83979,28731.182062546235
92189,23654.64735366472
92421,31169.53803002269
104433,15497.890644912062
94419,22824.293018101856
81249,53485.33436059896
83181,16315.274887653182
101041,4934.745514053287
84544,7663.218174628769
82304,28271.696182200347
97216,23879.477856401496
106909,26990.345024924758
88158,6582.341080908991
97244,27349.98342312825
85241,19166.74835091262
93235,28236.644258498218
84502,19727.23170749266
100273,11584.589851196404
99220,8950.970127503333
100249,8493.031360645557
98796,13525.606992299814
100226,10109.749638881549
76989,49924.12758487174
101824,13953.411259846833
104347,20943.265119992473
83602,13776.824693170973
105100,26193.786675511863
87507,8487.562921456849
105460,21825.525049285123
106962,19499.754414496172
76968,22604.07427180806
102530,10916.082447579338
80270,30245.355708534364
76134,14534.570169012077
81648,21805.22134744623
82846,12278.548838023378
107094,26637.302753989334
88963,13314.58179652843
85665,17801.9844540446
83962,12558.032218935057
96200,15604.730320918352
89390,8322.374777437484
86778,8210.642330518942
87626,13391.452648682789
76994,15246.026265208517
95430,13705.609525746519
99912,9660.7983708223
79916,36962.24046592886
77558,40869.61847910642
102504,3770.820093678383
79125,20618.22475980267
90514,15814.404093443341
84199,13460.773750565073
88179,14269.452231109755
93132,28242.466804653654
103105,17708.62383946206
91760,29407.3370131345
102027,16959.35939520043
99456,12389.666565169033
97843,9543.73120244569
98592,20038.695308597617
101912,8957.544836337614
99398,8436.577629340758
78585,18770.054621274317
99870,14295.959000421746
86989,19282.594166855408
86206,10580.153234965353
84406,11057.802184207796
86226,5512.090991346552
86528,14650.257183453914
84765,15383.493106247273
86600,10678.53939226605
97750,26848.94423551107
90475,9224.953278350244
103437,8147.01605429582
106713,17815.95222743714
84811,17903.035549593893
79863,32051.592072496627
79529,18377.017500228878
87367,11824.994153219433
93885,26322.245551661756
107524,13110.883871122389
77240,31837.792264368043
100091,11974.078205155176
77872,22818.1705236696
97015,25236.427284112113
78978,20386.316116377973
95091,22022.27976008909
107650,17458.175584075576
76162,36314.80277927721
102355,14273.798426522953
101524,11166.781705913016
78720,42062.26168753674
108192,25806.94527867428
94404,15168.900134119498
100206,11852.845060769823
94915,31621.48595386734
101631,8089.008686611438
84639,12535.074220620469
108277,21055.612930735217
103453,12848.037086871473
105392,23061.015718480394
82369,10545.05909760885
104666,10019.488003896802
95742,32004.632096953563
96912,12767.821697858553
93541,25106.866773181235
82393,15399.267464094002
81024,13970.295265816609
81284,22323.34466848164
78406,23526.36116163932
99306,8516.004230315099
108130,8435.27389467366
106160,17707.68013348862
102940,16539.405882231375
76742,23315.80486134988
108025,14612.873256536253
77658,27445.335577850714
84295,12936.34380800197
91996,15654.578177705998
103468,11575.359147319627
87336,12280.124440769994
103993,26421.924501691745
90396,8410.949621693517
97935,10773.956004072177
80399,33725.97603152434
105883,11344.003727152274
92823,26179.215819508117
82238,17799.60296935553
98091,18316.406239662392
87257,14356.85214867845
87937,11309.361806687466
97548,18395.064891850794
105775,16925.6094665288
81363,30468.088296638372
76833,42573.82892777882
91768,19405.008520961826
99627,14417.95027910902
