carID,price
89856,10425.143357925976
106581,21952.178387695887
80886,13770.581134687447
100174,17162.931776803838
81376,23519.37243352397
85391,9392.277760628582
82175,11959.923354210732
95250,16294.008519813859
85071,7914.721619292746
96210,15573.784848148496
80317,26113.11087771814
92731,20208.394042564374
107704,14719.298719478495
98302,8493.726011599412
107055,20110.254118966423
94621,57967.51368562195
91709,11649.811152342647
98193,46773.45203826267
76189,16003.502864002412
86871,14654.024654412102
102917,6656.190095534193
90923,26289.154775401563
101603,9704.338934295412
94196,25579.6931440882
85174,14214.160848536883
103370,11784.669195168704
107877,16393.320825720057
79567,14323.338652024051
90091,8485.739721393838
76169,14751.965492439516
98708,13948.023134838733
107347,25534.016806683867
89583,10465.106948781933
101591,16055.461804572913
92160,18744.984001168337
99676,11218.253914339388
85354,15158.851548445666
81900,13300.22537616408
80345,23788.219147069904
78509,27321.84797602285
100872,6080.485149010699
95087,25866.685217589795
86027,16748.48322144076
89135,17707.83070263158
80557,26338.13321313871
108092,13250.11859236878
102672,17095.1722270275
83022,8783.231127488147
78398,21983.666182676425
95889,26653.40714831433
81117,51687.422568205555
93730,17923.46085299265
101380,9892.516745183337
81772,27776.41653485141
85304,11717.23835589288
86107,8243.732294060437
88696,14197.621587095284
104350,18425.07369198059
87331,10931.220806302197
85206,11270.564972331144
107445,22470.74686460263
106539,28138.109534085692
98712,24191.875677931184
96875,12315.258150937032
108464,19320.850873071853
99890,8184.70697940889
87771,18318.965282473022
79442,19356.592820760405
84170,10798.004592720059
103045,15990.36176996111
101544,5734.757962634947
77350,11630.442292672984
89225,12054.80055392836
79565,52648.40837406893
82849,12655.063330128121
94360,20798.21391473116
103040,6492.126180179186
105101,46293.482485675595
97077,13051.506481191229
98674,12577.790012948823
93447,29406.406450371745
84951,20517.311562914292
91953,12894.41280837135
102101,8507.169630183264
92604,29001.826066271704
89010,10438.960614747233
102729,10047.517457854558
88024,7541.512056928107
104367,13481.509184795583
101230,11322.50340756637
82524,14390.028112145772
95279,43843.89711400199
106098,12946.956912830636
89749,9235.50994759054
101277,7322.581502178278
108016,27387.01186276981
81259,24735.387486897005
97434,23009.066803049558
105289,24516.386097150866
103379,10512.280559199855
78317,32348.15718986323
104166,19223.503814658765
106660,28092.24804998659
107490,14088.224657484463
90684,14362.055717095456
90032,6593.45937761947
79481,19660.087726265745
102524,9410.44101587359
100778,16981.19352917687
77810,12717.336021933765
98979,12736.736970956474
76558,18897.075215076136
94550,24920.49977452662
107246,5100.408082055125
77429,25790.287757076603
106105,12019.34222514522
105213,10987.60667503639
102747,9562.438611596202
104958,13547.141647246692
96036,18367.191045055675
92310,21352.993156595807
100837,6093.887817385399
82858,11761.965911545218
90119,11107.86539064794
77304,22794.961652595597
89011,11336.395255589503
84623,16876.918927537008
99665,22159.839369276608
100592,10063.437235782028
82623,10154.662561373347
92035,19897.9668782015
84305,12971.022328008112
92903,12653.508301806078
93398,18715.05971438943
108067,20698.677311090694
85062,10865.96413815647
81727,36406.70826692212
95637,12582.872503262699
89690,8665.643720902513
83240,19006.871376961117
89711,8716.848799671032
96945,11096.389276026353
104924,21987.618831700078
79633,19777.955022714206
89582,6047.605043913302
98080,6700.757601968235
85992,9032.421098870203
86712,13607.726904001762
105767,15274.222112873664
100590,8301.51399225699
104574,14551.080058703572
97246,13370.010443436046
78141,12417.48992088163
91590,25227.243277174657
80767,12607.356173891485
100344,15376.370353191622
88987,22118.767177202415
96479,19495.798203907434
90598,10457.3423808007
83880,10380.077480170494
86802,17276.405555406673
103078,15274.357827887516
84736,10019.87281948169
84196,8166.817108507114
102062,11539.975457293178
90110,6703.09290349941
102907,9878.683236935729
81776,23758.466490968247
102431,5772.305772413417
80442,15516.46734462869
78656,30543.8171047388
78537,35741.39155804667
102511,7145.3213989328415
93612,24289.017991525645
99284,8404.343972935416
96315,12959.270043419083
94305,39072.58795820605
100636,11476.575317581455
81816,14155.781223469281
100352,14401.452997871915
101476,11817.494468343066
93392,31358.86195235753
93995,24797.514977070285
94261,28726.09252005188
89117,14280.069428943154
86506,7036.258971071587
88456,6475.071866311593
84134,9441.512148258818
81088,13026.61428078891
103960,10581.919915725868
84925,12357.07698248187
97306,10193.55455155543
83752,8173.101288832676
100696,8281.228330414033
76472,12139.840854046344
101128,14068.235754528376
105932,14902.474369310357
86416,6790.924249940438
79616,29977.776541428608
83395,13440.84926779726
88734,13136.296223234955
106676,18998.864811179294
102442,11164.444933223409
88761,15271.116724494514
79708,26466.978246772433
96808,19706.45991538922
103755,7891.856875083085
86273,18644.227106925733
97635,27090.18809998264
80797,23984.50499383257
108000,20587.098516003727
95126,46345.68149817014
105187,27738.682622660286
81613,17828.600822729088
103906,7716.785954386615
105729,9055.485136710346
100637,15268.553810638059
82861,8794.342076489735
107823,16032.814509279258
85274,15069.763825202
88926,12084.328937227168
87871,10641.954870254907
97970,7072.746024078953
98044,7921.915908024525
90277,7219.800691063195
85647,11328.080732367716
107447,19113.38923254526
79418,10016.124025393427
80383,28105.4225279113
79894,15697.724418945023
105875,6285.579436033005
86032,7035.594529065671
104423,14080.705647585251
78437,11904.5706742296
79480,21659.499473983644
89973,7463.593713148286
94007,19694.7674083212
93952,13337.931228805179
84548,7519.5351551669055
97885,13094.790845423577
86571,11341.300689448834
77839,35141.54095479961
102201,6996.107420814516
98731,8258.632164898007
82395,22512.427003685974
76816,31736.184054612288
97956,8561.72835487786
86012,12974.990023785513
106393,22054.47766046114
81832,30327.2248205051
82787,22264.37209445492
103974,10313.25621907268
100725,10650.42948429391
86552,7659.726571789304
80174,13706.834043196233
99189,12321.266765436587
102543,14704.626575641763
98518,12888.414246947961
100334,9164.100559166976
92673,19603.48175172594
88008,11295.168383370778
105207,23236.398688983518
106462,23724.899259650105
106106,16364.101186460412
79705,19384.84044660979
108193,20342.01985367586
89668,8343.090458694756
86435,14588.28383318167
101281,12136.862834803716
104753,25915.23761498414
79004,16165.504061839558
89732,3726.5127626385793
89201,11048.198352744064
87282,14480.45025297547
101589,11887.914545391053
87352,12653.9700063554
103388,11068.370880121778
93619,15765.629035673768
101941,7454.095229228045
106533,12325.744139057368
90018,18540.74235525518
101265,13069.335187334746
104255,23402.76665884443
80093,27674.09664490429
82433,8682.187711351376
77254,23717.01278550819
106400,33195.49592998705
79847,12072.219260859058
95735,27598.379394667136
106733,20266.9764072938
76318,17787.90969822806
95966,34872.74632128098
101690,11873.000059925927
82845,14500.271023840112
96266,21710.41761270037
104175,28467.961996687853
97347,13639.29508897611
92730,46860.2078858535
84738,8983.424502567075
102596,10180.39315702205
78356,26243.275242000218
94062,28966.369538380775
101662,6975.979968983416
81715,30971.83083484707
103046,11739.19915338652
108133,10703.192445440513
96302,13759.459699217474
83859,22889.159667805106
104815,15772.966431751916
95903,25129.249442072916
79683,13830.862253817226
88888,22099.146451872122
80529,23872.71190058865
81898,71025.64093375171
83435,9036.32502058451
80448,14234.239549853291
79241,35317.819461547464
76056,19849.54935476203
76342,16115.436578195166
98238,10877.705407168007
85878,6055.527486224214
102846,5248.549776321088
90215,5803.027021944645
79635,61893.58515082633
77561,14407.275403399393
101151,12328.485537261684
93594,25673.207070063927
78703,41563.365014933916
87596,9552.1504977755
92572,21411.931945901622
90757,9748.031784101815
95881,19532.519759704937
98008,13182.279658793896
84805,7923.931377351229
100888,11550.24659461644
82504,15050.562194876775
82177,16007.7012647859
89472,33409.77745300414
82301,16024.635916674579
106483,9525.917573825905
79808,13023.222935275951
83412,17886.367484494567
89386,17318.034767313984
89889,22060.97694871714
108249,13520.764217918031
98252,9284.94379545462
83525,14348.803369335097
102595,10810.529187143355
94255,11466.993161576707
91259,28406.558414641448
99539,7852.547744654789
97379,23804.877037781498
104452,25143.488231721887
88479,11027.15889477468
95424,58480.6207254016
94732,40932.205025703784
89025,9143.958291359675
89497,34691.58402047254
92405,18982.34421658354
95346,15043.295477156407
91337,22223.95349471677
97739,11689.291751433224
81087,15603.669726497674
80661,16875.973330356195
105537,13493.32565549492
81073,25196.759275029155
102770,9605.04593235684
99299,11742.943811502875
77528,16376.609321249296
95278,41748.96857744963
106536,19654.831544443485
79421,15416.956473066413
105026,25926.063682850716
97887,15763.756830576089
106163,15428.646472929273
103242,9283.21254236293
103098,8494.18919720952
76195,13217.796566185527
103418,10731.858797298111
102091,10693.879257044773
102341,9132.7348994442
100315,18999.45144391936
100377,8251.741877342463
78857,21592.76582100778
93748,19736.629131947706
107891,10078.36864669427
77063,22351.331342803016
86916,8536.722014328147
108347,9209.011766940519
94475,17899.630743958376
100383,11846.555107652039
80618,29133.650512642016
98926,9559.995714839097
77228,13716.897854114397
106915,15340.06684192134
92594,14226.750520171376
80745,31859.679754046367
78361,11419.83628727205
95725,26938.571857180512
105171,8821.756376666977
87007,12050.069281928245
104121,15207.48749111569
92877,14883.661776731326
108335,42873.46975710473
101357,13063.11269371101
89325,9552.957734717533
103144,9016.293277552744
101413,5867.1969413428205
85182,10212.771548564786
84097,16492.32767354826
101970,7175.625575548944
98315,4023.4466234620654
89048,10954.1694886954
106141,9484.994853209955
87105,16729.893400037035
88472,13344.416657816962
93361,12837.056617248516
87040,9818.268423362606
99831,11460.297103617415
95677,13697.767584932608
89770,5537.2175885958595
77371,29569.1131338055
107143,19016.57636701308
100271,10635.780974892532
83905,12472.72797364658
101531,12023.596004216522
90617,9551.437634330608
83895,18896.35753842059
89453,14020.318746030513
106012,20494.88172836267
76381,21019.906766609205
106986,15288.020313848743
84143,11454.005485503285
91665,41707.15433922957
81350,13351.514216017029
80422,12849.186652650316
84794,7152.343286481114
81156,33334.10679434129
77082,35906.39447888216
97356,7697.249701093659
82730,15537.04836586528
99244,10900.958684861813
85538,18563.815989844814
101585,9950.816248766087
90288,10453.813918268012
98799,5253.909864021822
93547,18316.634933459314
85142,10052.085723726446
82012,29155.621170168775
89654,13548.195172927704
102304,12692.791487438479
79288,40969.65870734008
77400,12857.595494918669
98597,7657.108871375803
103156,9945.019180482568
95446,24060.981561676388
97036,10020.023362428745
101401,10236.12500778134
80817,13102.930774766703
84078,8591.095623112296
95390,31130.01577677813
79883,26816.619372297137
104059,12769.748210214855
103041,11658.296545109682
81651,17253.678821881214
100432,11073.223395260953
84933,12193.246506785776
81600,17182.445341706312
78379,10206.18512971037
90816,8385.688061671892
107414,11086.948736739201
105633,18720.27131129613
99508,6270.310591959723
100874,8709.956109697345
104208,14287.154861346293
84774,12467.189319190953
96518,13357.301531363119
91543,25920.72522213306
107146,21972.080434228126
94426,16496.186901455218
99059,13660.525564883126
96640,7047.080713827022
81277,10119.8942450089
102409,10971.944416731174
104800,14260.30551212557
107498,16989.214981716857
90942,41932.20636835931
80202,21988.95723833122
76794,16201.683163000485
88973,12670.62710522476
91958,45486.97154858905
80562,20154.337601449686
103486,8546.916737675576
95237,15016.046206835386
105569,15864.610188224402
106560,27457.347118051042
107977,12241.791582509699
90076,16991.74276612748
93050,16380.95325079373
80609,27513.79408720751
88557,16162.685697677738
90894,21262.423569180977
83669,9647.77870651572
78849,14883.207018146066
101275,7333.642861738455
91858,12331.849552208467
96243,15530.133916036915
106227,23017.92394558175
105300,15290.862410300659
93065,28867.937715832166
78002,12069.183288109372
82500,11697.082161416
78204,11124.5371286769
107851,10908.639745512102
86217,9341.678552140369
82662,7497.755829787702
93324,30279.53374057201
79680,12725.098763553231
104920,18257.019535965996
96735,12797.142303514758
89992,7958.3209242394405
106961,27843.697811617396
80078,14175.862904547706
101429,9358.862345275444
95551,21874.516055527518
79937,48818.48280783446
80680,23408.46965662442
99448,11380.894431859628
93909,34041.30448262879
96888,9356.729281551154
104584,12601.562791759277
107289,19710.355367784192
84126,14275.719617036415
101282,14374.156260804839
92474,22717.417271215956
88871,14062.567900292806
107177,14210.080817839083
106026,15985.68378064132
96937,11569.868969177938
83543,7877.810580626875
81094,15666.97708681409
77503,21125.92059686805
85351,6809.008945916576
96000,17802.794421100276
87374,10863.645181605545
86394,18828.36062643722
108364,11846.022523219752
91441,26039.813304507177
97039,21015.205229699415
106685,13004.736601407707
95631,19227.198024690795
101883,8596.549050899193
78238,11406.544282903531
97508,8237.175681849982
98441,12752.555671343327
80066,17464.74947767339
79095,33086.80890341676
80007,18003.579912579433
100219,10205.839414646405
82511,10164.60746597703
89270,12283.562247191494
88713,10338.870354092218
100353,11869.093488927825
102841,6058.391616971395
90117,14960.998666429692
81549,50059.323162223634
82350,30250.340834067803
76546,35013.31129821996
81013,18435.13541974628
91240,20280.33463249524
91542,23774.80802555769
104518,13187.03900136631
93537,47019.553831068304
94372,25465.642192265434
104419,17243.97679745989
97636,14022.914008702206
96288,26031.04016434309
78717,11746.385222399475
105610,21541.47200358678
97754,23771.33084183485
81458,13878.494949869877
86931,15690.720504836134
90713,18511.923057835815
90909,30673.26658387193
77251,45179.6368415957
95081,12278.863320521428
95560,14134.606765544164
93288,21178.775014905324
105036,15033.089711028564
108490,10883.727480776819
96935,22887.332735815344
89373,16137.766343928692
98010,12107.29347583382
104699,22323.670334743652
86692,7959.203069221608
85024,9288.061592439351
79086,35136.487435879986
89939,13880.798292650872
79098,19270.446572964953
86141,16798.064028294324
105462,26402.683749750217
92870,34082.74068665961
92163,25858.448738426403
87481,17643.18767193413
83276,8053.718140652909
79356,24231.165867614425
103602,10121.092634603403
88460,10134.406268503324
100934,7666.881429110721
96659,6194.009945565335
83204,10491.880254488426
104621,18237.100054641738
84110,13845.010577490406
99265,13125.331179083132
79574,13406.316759492698
78186,13534.398691588407
87005,16039.58722045433
104043,15739.101864085904
81574,28857.21567608355
104091,11020.360807517041
77759,23624.485694478728
78181,10960.714015449874
96169,11494.551461057787
98267,20035.129304477654
97837,13350.694356065875
80133,29366.5350335814
98571,10637.427993373205
88628,20025.63690791194
78622,13604.89132989149
88678,12296.784086769818
87278,14305.055395659178
86963,10232.167894221026
100350,9420.300425259225
78771,15346.855833070687
95935,20406.80281054
107590,12505.631315388846
84458,12670.963413945148
85656,8150.755276522072
81611,10333.71873307223
92638,19691.899463520935
87478,8454.559450094564
98407,8309.994173268666
95581,13123.835329943726
100645,12110.20508171099
97184,7918.856593849654
84473,12946.776862312185
88951,8288.521211083893
100836,11195.882384160179
91338,46718.51264954146
94112,17149.409806236188
89882,15826.607640293036
97097,7134.7490447486625
99151,9643.107586897853
99607,12896.778217952025
78931,19087.01210538519
97805,6643.296041848582
97477,13480.78451633331
87819,18581.98984957445
76361,21930.019099411667
99201,26771.72606407168
103410,13334.492845542216
108436,14795.116336709567
105558,17680.22440858343
88025,8892.797749625672
101944,9491.907332771721
80786,20025.490853871375
84001,14983.410968972032
78304,20682.40638731171
100501,13126.460100079836
99693,7919.118257733825
94557,19965.402739280762
82152,28082.813902241473
92039,32172.636591967694
83177,13983.011455119151
90726,8974.735327750961
82879,14268.428847039255
87378,14389.151983521235
91699,16718.327323715752
85500,18153.147246566365
97050,10843.888816710996
88754,7255.723015383662
79069,35614.91782501384
89329,17100.579169948804
102605,9077.33993526622
93090,24369.194449172453
108403,17344.371211458994
91391,17272.95467354616
80964,21273.2254481601
89444,15926.159086189877
84092,10501.981429811052
100617,10729.992264338822
107962,18781.65769289571
106640,7003.890167525462
95123,13635.530384160727
99114,6380.193352667868
94461,24271.976774351606
88654,15023.322893792541
80421,12945.137707764781
78113,17718.90290165744
100558,8174.380979763102
78873,25749.36681212576
85480,10716.631940803896
103902,10270.439883931023
104816,20490.415684138636
89039,13185.375284393223
95169,16775.747029807295
93971,22872.63104837011
84450,20905.71258124428
80824,32151.01090371281
92545,20418.785898516788
89226,8844.322206777433
93873,18835.090656772052
85871,15813.057122615834
86343,10194.077638743056
93634,45280.236157439394
106942,9138.22179277371
82535,10733.18206301782
92259,18859.856332712046
88794,12458.682652185877
77385,33770.181801439896
76996,12531.420529158697
102708,9145.667322206815
81359,13462.540074942208
90486,6420.6507405138
100200,8267.214180624802
87970,7467.72900681918
107512,11840.36196001198
79078,28765.331430971895
108477,14853.456866601258
80312,33282.8275767614
82208,10314.784457735523
100695,13450.758491230039
99506,10748.573651465564
85773,16756.934751448225
101887,14992.92696358693
90129,9953.30700423915
84730,11484.940123963033
107601,26997.082712359534
89592,5527.914742558254
84844,13827.146323712623
96938,14352.847575610744
84981,15831.017263365082
100698,12893.198913895114
103306,13811.227597099662
107175,25691.59891592557
95411,34221.336330916914
101169,13611.25317416325
99407,15089.605825172224
78248,13076.043311404426
79031,17809.486335513506
91040,20687.327695785087
76464,12589.98642532594
102813,9713.509491360768
86811,20328.441164658187
81191,28769.48087639712
78202,35645.278809115276
82471,14657.627359380489
103920,7204.919421997715
79904,25372.14358291723
95670,28413.209544296853
89931,9707.669802419583
92605,29115.7294900358
85695,19695.502928693077
98750,6935.527954617428
101284,13059.729505074241
91932,19646.247889163293
98623,10591.370567883565
82499,11693.881973473179
93193,28454.76608850277
106110,18053.463227275395
78500,26584.20403631218
89447,14877.083959594567
103373,14899.210558526594
87872,11126.1281797946
99425,21855.512563480966
96552,4697.265079583154
105787,12319.409189292523
82567,16831.085506590563
102894,8018.679669860549
77641,20282.169514938352
100827,11041.754161445348
97712,14558.539729632486
95197,29031.018248459877
102993,11481.153265125264
94855,33724.97031338972
81534,17252.139352296424
95133,16703.692331413444
107468,4762.021741097322
86402,11461.520455738479
102666,11768.308206367827
92984,20807.30023814222
93891,17566.53181531074
94312,17240.261703612385
91959,37584.3154677222
91802,36969.58362859952
108175,15747.638523737049
78293,34813.72980303874
104991,8848.215664882731
104302,10434.847619420501
79807,19590.598483440168
87167,13380.254647924061
78620,22258.19840425322
81174,23649.11342674905
83125,8861.798948124933
103123,11055.066950445103
94065,19504.292521977753
78480,15863.03758619154
98280,7855.413294681254
83415,8390.754027733628
92297,66523.4097521257
100221,12023.288760146095
78829,20083.035575110396
93418,21127.433817074296
83424,11080.14480631495
101749,7681.568788398758
103456,9546.507172342865
88503,9048.789386195327
84931,14682.90998785511
107552,17191.123187844772
108037,10971.942235329861
94539,21923.07296795784
83697,9541.652858530178
87455,18297.557678209083
103044,8790.163655978075
104852,22754.545358191677
93437,36128.06244302955
92885,12790.694607378562
80922,21593.806530633712
102886,8344.078226694231
104586,18335.14518150596
81164,12876.248395288672
106074,17725.935844912732
87617,18496.497076705466
84513,13338.51647234229
96743,12855.222010387404
81209,23242.855682681584
95463,13915.17397974831
95457,17419.59747221218
101606,11784.848841189545
97485,29581.201546420612
91916,23273.31668043569
91629,53759.13573488978
84215,11334.356521766142
108190,12561.243782411962
88314,21739.89023377507
104526,20474.5820094851
82467,11727.666750466109
91827,30579.09510434667
77885,56882.6099813305
83459,9183.587990231412
98375,18271.201037793726
101233,11162.01573553863
97186,10556.134600475914
95520,24482.4291852181
95216,41250.17413328922
100878,5859.746236737644
80031,29088.084207985255
106134,24911.99961082912
103526,7053.61217525524
104018,44115.49196109863
83920,9437.81483528854
88245,10194.262294307735
86248,9440.786342634501
86315,15801.392268113843
108157,28131.36550802865
102814,9677.070264307096
84371,12309.108017682356
95270,13119.386527168186
107670,20967.398012843154
78745,13115.51508360648
88772,12789.387583243075
82335,19823.701000573048
100049,10320.154207237343
84953,10731.110046210428
98948,19387.568715773206
95952,44059.31629936515
93638,21648.491447285964
91164,34082.74068665961
87627,17776.526384419503
89209,11509.096953242359
94140,18267.902279474343
86567,11174.340085814702
81451,29697.252719093336
94658,40316.73090350769
103969,10925.007015150306
90158,14949.506366543032
107712,11241.237088364798
102518,12230.18221151253
91367,26134.488800824925
78764,12675.838257837147
87411,13991.248906272449
80790,36485.5368533399
97848,17800.583297760404
97985,5735.845987864618
99323,5968.138223856637
96854,13280.82114980305
103917,8079.892865668499
86223,8554.248302662721
101812,11624.373158056065
102098,11302.859029075182
93414,12721.25110804751
86794,10416.792646379421
81508,29271.79903899555
105781,19217.006912307766
103758,8821.89123083698
100877,13039.304391370943
83075,14022.832181475433
100303,12336.209591102997
85269,13494.304916074747
95693,17946.23517509489
85891,17959.217046715916
85991,9696.952656440204
89378,11322.655618131888
79718,11993.499944481018
96415,15129.97464371924
87510,10010.992561809178
95579,13262.118744134817
96453,14003.430603652416
80182,33034.8957492276
103363,10624.81468008672
76430,19207.813502495213
86302,9420.806397520671
78876,11238.643320957362
106740,11928.161620804509
101855,14446.967563505643
78987,27750.79341639039
100155,13791.350718017737
76069,31987.316123615634
79889,20958.792866632975
104035,14689.124952590999
102533,7429.379326532925
85374,9697.806604598904
82210,24400.871834290978
81145,14285.05971714663
99738,13215.38123140029
98201,31997.158258117524
88630,10375.845306026575
94084,19175.70986838615
79771,22413.913728018342
91057,30493.571048998558
92492,19128.481611526317
103600,16733.79501065288
105315,26751.769993381306
106151,24894.13601969683
87426,7642.455322606394
85249,9499.173828950014
77379,10276.905741328712
76190,13789.222725582758
89820,20552.100984925102
92650,27064.37598066839
82906,17435.483461126823
104766,14354.334848025945
104673,18575.061382924876
103734,8290.164102692683
87652,9291.190628522932
107399,15074.879848260209
97222,17819.472134263597
100614,11099.050548697605
95807,30579.09510434667
88084,16500.875906965066
97997,13612.374800751943
83321,12858.384258217326
83002,17112.68407987867
103995,10015.337379195875
102305,7245.572899122295
97774,20174.22617475679
87737,12277.494334820976
102191,13790.017381580987
78470,21317.866857760226
81787,21482.54527479219
90975,34215.975470433914
76598,22384.25124872888
88308,10125.360961330543
105997,6719.928163945207
97095,22523.517525061536
100555,9329.30966931753
106628,18567.441630735517
84638,8810.967762687525
106752,22563.511442336625
88072,14033.759494043405
86734,12594.97680396383
105842,21174.16112081297
102037,14795.74099269246
96623,12135.809100077468
80943,14569.75736932517
107882,12137.528989924736
96069,9240.621160870662
86796,18753.884314236482
83234,14432.367814936311
85044,12312.172665928714
76183,28449.631086383426
102124,8583.48020317365
105963,11364.493691195243
108127,11593.546629610073
76435,57125.56239054742
89809,21331.657768569432
98129,11495.609054339258
95632,23921.973266483463
77264,26626.83152037653
102849,6993.304971032088
106860,15162.052531065006
90177,8244.423975243992
104336,11546.15225352747
91068,24185.473634168382
85416,10063.148930118665
92720,18202.3920782302
105257,10402.732261785524
94524,15997.891822328398
87069,14413.89121322332
79026,16988.062807280112
100533,11585.302402320965
107396,6568.516497516489
77220,11335.578125143651
76863,12194.109973572302
89441,10798.342812513432
86301,15946.35985806361
82808,16826.05118435178
106681,15147.698762635215
100673,12062.96960924361
87115,9643.53246312801
84819,8437.187209920214
99889,13250.928751043932
100435,5324.479530701257
91329,16668.617425534463
105897,11653.082172076774
94788,24836.90343765239
96403,19410.484457234965
105780,27506.85133644401
81290,19619.472070131418
91689,16245.787164663147
93660,58805.95319788493
84018,14816.021189076773
79166,20970.30887030409
99850,11710.017904900104
89900,15561.459061600228
76628,26822.233365422162
99136,12315.912087016122
89388,12174.733866389579
86441,16177.602886157743
100362,8918.387358721275
99493,9899.347830739074
108082,17080.090534762385
94759,22465.223060774108
91954,24444.761837382004
90378,17610.41035845403
86126,19476.272643140393
92990,18136.89798720384
80507,21493.714295403544
105394,19307.642400913574
80679,11012.989985251626
94014,22921.29770283865
78092,27727.85068664668
92725,11828.091903429256
104609,9227.836445530396
89940,18794.064531641317
84337,15423.209572208547
80392,17304.171862873696
90992,45541.95816861676
88342,15035.591123306041
83193,8952.997192643945
83080,25715.26198521417
87197,14807.52851565498
106043,10204.605004416177
81316,15628.86947319263
105197,42913.59396285508
86103,11139.818290748759
107819,59164.74202396983
94911,17471.024291647398
76597,32114.329986609344
96614,8603.31389972575
102197,4039.331273419004
104617,8095.590959558644
101445,9604.171577679866
94521,55947.37555955311
107290,18856.848359980668
93099,21192.496976463226
82179,37002.85501452094
96268,27645.816723984313
83202,13386.201571224454
101568,9245.602585779467
89145,8086.5107814383955
82718,6859.859519123432
84595,15654.953045762142
86633,13195.57488382728
91925,37715.303044261076
100357,9335.38116168604
93684,20793.465424745336
106465,43481.28786292817
84631,17362.840739272673
97796,12345.494583489306
82836,12629.91380746929
81314,49242.89637230074
96868,20296.91066509199
94329,18320.09185981414
85728,7571.358915006496
78259,17415.180447869483
107084,19398.28326522908
96134,8535.997433800123
81583,19600.589623546508
104264,16124.762038302142
86202,12601.554098786837
102867,7621.306212168395
83461,12822.740606551937
77589,20700.34133611358
94394,15672.613269795553
87588,13244.043046656272
98769,13242.998716872591
76735,21100.804494489592
105592,16086.557201992186
95260,19407.329290097634
82699,8293.20927427517
95827,30502.309520031333
89294,8774.079304493987
90853,15433.20850096777
86522,9045.836526691704
80958,31635.639892860512
94038,28061.38459990806
88512,8984.179413313892
80219,14172.776057011883
86063,6713.3734148943595
87724,8182.66776639119
88835,12325.999355224296
105687,18881.06741393896
83567,11752.405342255091
106584,22187.41271425827
98492,5646.437840498814
94494,23416.173064324274
89061,7632.400234921853
103125,12463.33399795352
103883,12363.033858099623
80430,10408.990529146498
95544,31172.031536306316
105136,29312.925475494732
105560,10068.914966850303
108397,24789.365491757857
82236,38789.92208338404
89477,14165.594997017133
98106,7338.134976448362
85996,8985.133104442291
103439,14446.664742353852
90831,8189.551722609303
100746,12636.64831238402
81518,17869.86328959329
98610,10007.452734408847
100644,14770.860137706695
105486,14706.32691357148
79765,22257.428901048963
107609,10172.906716791575
85407,14325.644534019504
81527,24186.193145706253
80955,32843.376388804456
79400,26132.180733400557
101238,9291.327810591594
87024,17355.6526143395
88662,10139.104636183441
107983,25191.719609700525
93662,29968.14166545591
81557,17645.848038513348
94520,14840.108727548155
97010,14465.895279078983
77628,27086.385469538534
89561,17444.548306607307
104218,15883.11181853595
99839,9530.106424914537
87279,9651.187441676084
93760,24217.163021133594
89551,8472.700216813846
82714,15817.47061619081
98166,18830.47992385603
83812,15121.659183457472
102617,6903.8296978133085
76869,15806.485857741936
103735,16988.393159884676
94201,24237.436421360366
107893,19255.676936708212
78651,13094.690710049541
85246,13935.54613040223
81194,26041.769445651327
81133,30798.294811860585
95611,36065.61358239902
93004,20431.583448948033
81826,43832.20730354917
100157,14525.9790700112
103768,14553.22140982791
93350,15103.41684513451
76901,21181.68908972724
88742,12322.177811473823
102866,10326.133875925281
76438,32266.512695886635
86105,9985.616644616497
107506,27220.749394799397
108520,11517.478263885609
106613,11417.228246088254
94164,41682.12700853165
100964,10833.385442623783
92769,14332.516047165896
82221,10728.313870025673
98686,24523.361637362086
79762,17234.831711956915
84645,20665.217648700425
107656,16711.885554744877
97538,16162.517452348096
99552,23158.808760978347
102157,11058.77005103082
80935,10960.80350877765
100578,10634.364593695778
94686,21312.979039951002
93268,33634.1084057234
91842,29573.45567738784
95609,30255.03065052609
91576,20909.403621251393
93139,40752.89963212403
101030,8548.6580050246
80172,44018.395581417004
106262,16362.495095427234
101562,8193.950760129008
102273,4695.6005015391165
87102,7493.8037903303175
78491,18698.918289224042
90631,8478.095012227903
94672,21296.723679778683
77261,47708.44567124092
80434,20705.814983484604
86840,11089.291412848273
95011,22649.641506995882
90870,10317.057802609213
97999,11720.63196343447
77016,42525.502232968705
96931,14085.496968814216
85215,10235.164998620607
105268,16686.09139323714
99519,6622.644264155216
104056,19634.141988273346
91117,51982.67678801018
107099,22645.8631211569
80475,11886.117586716442
76216,38785.03534822824
93207,25432.346318240878
105166,12007.729196222283
107209,16629.203745549283
100109,10079.262287580046
87232,12845.129470147805
102624,11635.579403275457
81948,10235.309982072544
93625,52075.75118572955
90334,10463.923460405895
79878,12340.18603600798
105653,14891.50482761271
108014,16365.905601106071
105491,22883.994064850594
87064,12890.999127775327
106773,14114.822917303449
93489,13516.066836172533
89490,20654.181946825945
100771,13086.763734648
100803,14250.183227285128
92144,13709.117590860245
88632,10524.577349720845
78778,19117.52093814539
99308,13952.15227852424
77161,14349.982913512356
97501,10667.600934946393
100933,10498.310537124473
77489,28555.330501343735
84309,12630.261701104655
108040,11773.473479853195
97159,18915.524067265957
95779,14362.030621322852
89650,15004.492672666373
80999,9822.606997051635
91887,23734.846663804026
79753,39942.93818059541
84669,16639.92347092649
76401,16607.288739779615
90299,19718.05466264013
80820,11992.245574923265
80744,34477.36426460571
96151,17224.685300739813
101368,10012.171106778314
106886,23633.394094228937
90590,14819.565569589902
102988,12073.623070411479
96155,8391.049536198807
98069,21173.051382222056
99349,24813.94677611226
105341,6220.328738660115
97054,12078.431107143275
80210,24576.284913402866
105334,14854.836938689405
88495,18167.32789441196
101578,17205.500973513044
103240,7545.51719345255
84979,11877.7208906228
88799,7081.4305221334635
83073,9518.749948249408
107288,13152.606740215271
102097,11345.336342382934
99042,11116.688802380022
87242,11704.301656585221
77310,24751.26901599112
87982,16140.075863025828
95506,13098.490883672486
106574,15431.054156008631
80962,48779.4880638041
102168,7790.033735594481
102528,7765.84592229352
99307,13196.847700688753
89354,10868.197127725669
96717,9026.813451639922
99267,18107.16976331053
84588,9238.55302911308
88920,7998.838564523653
101122,11711.343179837933
100916,9763.870855724226
90206,15873.233655637803
100314,10640.934686935198
91528,39164.423505173814
82508,9525.022553127492
77095,47047.796335266714
105943,11889.77908708579
92610,27568.709180499383
76706,16333.260830627856
101753,11427.047342321133
97020,13376.73117917201
103582,9777.293139959656
89559,16654.625040408588
91293,14695.40563998084
76698,30443.738705584175
105365,21393.614170721725
102755,11547.13042517163
82363,14983.06126206258
94314,21923.668899788812
92463,22738.213841893998
107566,11042.389463176698
99251,12283.47775710056
108140,34962.46028432659
99394,10760.262843097258
107849,20542.68793721507
85021,10035.421857808835
98878,11214.052293329694
80258,10459.45975101003
85751,12310.63441935008
77932,15669.192353878034
92120,18133.26547203629
84462,11382.78086234015
104744,12741.583245102458
78174,13749.76836380386
76239,30941.140889198516
99098,20731.92869380893
78068,18525.93080302039
80129,16634.992925419567
92276,22739.178824495022
84297,22096.50299845875
99082,13340.502784330149
103218,8797.715104642964
100512,8007.223842618349
100481,7124.480126179049
77761,15151.042655342331
90764,6826.532565845147
103431,10164.045393681998
96133,17935.258095861063
80377,23997.93791138587
93811,15292.788790730887
99125,11645.474784889733
92377,23779.416584485458
84221,11580.172579598253
87280,10623.332879672771
91188,25652.83001383293
83645,9948.968567232956
105967,11445.348330690485
89389,11383.330301849614
78866,19888.68187118837
82761,16064.624558083931
95049,19939.567239855496
80729,10944.37364853014
76702,32160.291277352557
93554,16338.575383452287
98932,23730.75302918794
91264,32987.22021871991
86993,15742.507080246074
102784,11207.257178661832
79105,22024.06285580653
102943,9979.945475929013
77065,26545.190234210866
104740,17013.05825557327
95500,16546.288080157497
95345,17324.47048043448
103581,10434.038894649308
86417,17256.53633845441
87299,11885.119989205718
101375,13810.267195087801
97640,29578.029641008994
99560,6018.885335711241
105849,24146.244578011367
95701,30064.679212411564
89124,10987.48637248582
78589,20438.425961502893
86742,9636.015030555634
84620,13634.208119421093
91165,36182.08764321874
88463,9855.296622846881
87571,9794.871149380573
104773,22598.572150808755
83370,15278.608040032974
105599,12308.867854453481
104275,24318.123163793687
87908,17381.726218839383
92637,11366.319537966077
101747,12441.558428503362
99271,7491.398996848785
77493,29779.35513542367
100122,7312.571498841129
96424,14808.29767668976
103113,6391.167505477021
107985,32520.19225874622
103634,8709.425182073868
93302,26562.35033288542
93877,16243.625313461924
98121,8059.79256136221
91191,14635.990515511163
99106,19664.14233178767
83151,16659.820626056775
87913,7062.898946390117
105517,14355.144787154499
99452,24282.09861638328
95017,23133.902076676437
98803,11481.858917489519
95625,28002.091723216607
76846,19147.107645858392
101791,11645.473807414242
79911,15866.48112556016
98545,10133.06755721588
106811,9335.953691245344
78007,39959.177295790236
97259,16317.249011397163
96999,7906.716588051046
101969,7614.054689360157
107018,31439.031577224854
76246,25927.10778328315
77303,10456.575885918668
103674,7044.896481792011
100794,12176.034837138624
84367,17655.49105807208
101652,15421.226516043713
95111,21484.228589651382
96965,8312.667780907543
76396,18661.08992573582
80269,20624.15065378751
87328,7915.8975081968565
85984,13431.64056971004
80193,24426.544464454048
98525,8854.316346419564
77460,29436.68967606353
85424,20538.628983670926
77271,18525.93080302039
104786,28194.286198667014
103727,10846.217248030754
91819,28060.611250534763
107028,21809.113959272363
94966,20011.065198519875
78126,14190.70210949247
86200,15894.18153607801
100317,8242.008325661454
88403,16598.227824109592
102036,5860.177484818933
78858,24998.665764923742
85122,13321.90768335288
107516,19517.148382969342
103432,8291.322091371401
97354,8149.869779435702
100218,12543.135199807924
92759,19080.199284592443
107648,39344.055157204115
97107,23082.209679704298
90871,7451.3281277648975
78611,37178.37563297163
107537,14476.261644103783
84840,12864.102649495257
79802,21905.6006771002
96763,10347.708657800002
93033,19193.930161887718
76969,34196.92128739477
106154,9289.835010810571
105965,11038.205651966915
83644,21075.504819506554
83889,17018.945656462398
88026,10999.881435691757
81652,30071.06832498468
77312,12723.065795919787
102749,11150.99920296706
84444,12721.416503723112
81496,17053.012596195622
107471,11640.975857587893
84265,8026.834286138586
92346,29964.45246237877
87248,7378.34856927671
94931,15237.876303919556
93712,24389.101786517454
80162,26856.36440686388
79351,25000.021160975753
85734,6205.491554118631
106372,12893.410978004653
96106,9062.90374845177
96702,25603.925999835574
76823,10453.619589625756
102214,5371.105876821853
81128,17058.611749893542
88320,14498.521399359222
83531,3078.099534896096
104506,22264.727698066097
84074,8881.000402998645
104709,25080.86504339303
85626,9744.156415812966
98427,11026.849729549775
78699,29272.10748760856
94756,23631.75435212382
101283,8915.674243816806
82397,24234.936056316907
77954,26616.935550084676
81630,24470.132848401878
87025,14628.630738134863
81189,15917.823801032542
107048,26938.654121162304
99510,22336.10916840435
85462,20312.13984965157
99442,8126.6095520260915
85541,6362.359215912505
81635,31097.664134691546
83983,15658.503641380821
96161,13768.688528503231
90359,14431.489547852021
86597,14042.027033130023
77633,12775.578780631018
80552,29558.167622015073
87749,18375.334054812545
88246,12404.671716754588
100434,10389.647740448076
102049,9593.828095160301
84649,12308.142203191426
80783,15347.387817202914
102021,7251.933268973152
107760,13396.913132653575
98095,5617.807721661984
103474,9033.225892752445
101486,14651.901574114037
78334,43161.478201466336
97026,13201.659778322444
87049,16765.989934892623
94207,31137.501803092015
90080,5480.274859023727
82025,16289.935742090274
94478,24930.714820562123
90501,7230.636246214634
86699,11500.389810594657
91557,32000.500126035255
105343,9405.568185265942
80034,29892.744531086923
84220,16034.360057237116
79498,24629.424689556403
96294,22147.831948756513
107974,8309.21843747956
80316,13296.862517725976
99928,7710.72278255217
91851,11807.903792036817
87827,8525.5133137286
98130,13361.102417519905
96139,21392.031072552792
93176,33656.303301551474
90903,31183.923312743344
77200,21597.207267533726
95858,19274.524600929133
77764,15546.016437792216
93978,45022.05962942383
78852,12001.190248445155
82121,14942.738723381835
91653,22348.421669117088
88882,11113.51572677994
107327,6113.125348077173
86583,12285.461897658519
90101,15148.004942202473
90893,19554.60883869132
93813,31134.090469453724
79215,23392.572574237205
96480,12157.828447315533
78841,35628.92112181546
101519,17523.018883468452
77704,31337.36604628917
95308,22218.13572991783
106617,7846.029819036682
92279,22780.17919279398
77974,26050.183556120784
96897,9982.783870510964
84841,8661.14270163023
80966,12346.61951003963
81646,29927.60585973792
83773,9796.266951686954
80357,29638.598516380473
93576,14888.789074957705
76332,31961.327434137544
100522,14230.826184959114
95723,11247.086742200983
97599,11970.476811405195
83267,17027.23561882659
107086,13592.522028719599
80173,32744.915134954088
90902,39121.48710101466
85442,20791.254422023758
82924,7618.828713673094
106669,22267.02878069504
77358,22948.419429634097
86661,18975.50935825415
101073,10086.974986704647
83897,9763.947083480978
92465,25295.116033950904
105110,19945.695442180597
79370,11264.769756479074
106568,13836.814115662011
106121,9050.790251296765
97194,11222.747312429237
89289,18580.56981847018
77301,23600.706562076582
89051,20235.40630940709
90207,10964.89410863261
95193,23332.71456529654
98653,6207.493027159301
98934,12745.434822722873
102897,10363.203203077215
90845,11457.264182170271
101868,9748.204181775163
95210,20683.180207577847
106341,11971.77202698655
101091,10110.677670760297
98060,11581.602719997722
90026,8169.757390636458
88157,10626.77101161998
97383,13831.165368308333
87451,11428.466080743141
103381,8759.377961049167
93512,12473.913683403298
77414,51779.41862146695
79553,12160.982708832136
96377,12570.879542356744
105001,6400.2891347978075
106183,23197.37477225581
95745,23063.05934047371
107011,10582.139584950834
78953,21850.60947693578
85187,10093.065662923065
87941,11666.735861318486
77483,16633.843135000054
101372,7526.56067817623
83730,8539.203314573078
106166,21036.280459020705
83753,9080.639475341186
106514,19111.388023636347
101583,7225.000715148089
105137,6780.190561369146
105295,27385.35633163591
77657,54391.0898428888
88515,7768.616045175247
93729,20484.228076510113
88280,13862.284036399873
102832,11158.194563361225
97873,12286.29096069979
101671,7545.532849288163
85210,14073.4172908108
80735,24410.097961120577
87811,15849.816209601575
97684,13510.980504777159
99915,11426.005331539856
97502,8785.414336225034
93678,32056.160989358465
78821,18279.096054138256
93898,18747.593403736937
100832,12911.507880515372
104921,11386.061684222213
83890,15408.317267164326
85696,7184.308770535665
89485,13402.157704330264
87460,15007.760010192134
81080,55502.44193110435
87235,8515.30510247556
87587,9081.319281844739
96329,23221.176544034646
108174,9907.70065099878
106700,14497.264501135012
98539,18384.280410749176
105234,22557.221012555292
104708,11161.37099123288
79081,20623.26596922831
90270,20300.345896868443
106057,7829.317689840638
80928,34952.38341876408
94218,28909.161597146915
107429,11152.760870215146
107776,18197.569206036136
105303,10357.591939112643
107166,31374.970141974485
94379,23993.522989517493
94832,12134.746588041982
83043,12160.713214357074
84114,15121.678917571386
84283,13985.499527033084
107679,9809.41200104729
89280,9004.697786953655
89840,9548.813482244868
89927,9220.21630990196
92218,20207.012886338787
97100,9758.907132344992
79443,13232.511469931616
96551,9219.417499009516
101305,12135.020375709108
102576,9506.50088152481
84060,19853.68185649349
92280,18604.264033751428
105210,13309.357395846928
104496,19132.240160916295
104267,10500.028636186727
91491,30123.10086360098
78595,18525.93080302039
100913,8379.842061297268
103028,11478.179432553407
77788,20332.402311431466
89629,7293.83211619621
93781,20957.410277527633
76551,43109.34927332328
84917,14428.573198300823
106009,16427.8468815937
96109,12503.994400503292
78933,23708.809291419657
80386,47904.6852709375
105590,19648.021439926062
87670,11942.555878226218
84443,19160.20792427304
95776,36761.80515677627
96400,17264.906391617707
90834,26547.718545806507
88360,12351.441115998921
106848,26905.69094093047
91981,37151.46365571754
89126,10104.118608478286
104879,20415.221994152846
90449,15202.645305059876
90667,21036.844963622512
78986,10934.217919184177
84945,14922.46861704821
104356,13375.034732924936
105159,18649.24046910097
87755,7216.794544825223
80978,23985.283379123142
87272,20016.447313170687
77291,31056.19842713312
84904,8982.52286671943
99446,19934.63822830087
78688,29781.18655538026
86155,13980.893481301335
79551,29616.519498119742
78281,11946.534917747485
94551,41731.17524080596
103232,9276.764147910662
104767,14983.881354023204
88566,8195.76863361951
77896,29949.176062972547
96885,22102.826585912557
95778,20245.627090493785
86874,11166.39375835273
91080,22824.460006132056
107737,14831.746518442487
104851,21998.459546180653
85070,22654.042852458144
87362,11474.30954892474
92302,11968.496274358286
93294,18012.941578272876
83422,19318.05953664334
84862,12857.702940764706
84415,11393.168020546018
78737,20458.068226431362
84686,9231.212930811475
95112,26030.01621131115
86518,12188.875883557475
84839,14135.358186942714
81172,27670.918157702858
89932,19984.28496301662
87300,11887.761662496328
105568,13941.756971813613
76252,22542.863073625027
80951,19056.886407540398
83509,15039.052854075697
108493,28762.152230472224
89976,8152.25230993269
102525,7798.014913574425
88102,7450.314539195255
89605,14957.353358933158
92381,11429.86740035129
81987,30431.820174755943
91951,24170.728101769626
108167,18829.473245117406
89798,8648.507194893791
97312,13171.269833153801
106458,11353.281024907854
80611,42366.23806504709
83390,8348.207269008077
84346,17273.90254333122
88061,14904.968359710125
91266,16969.83154097152
99611,9278.051482121986
106366,18948.40387910004
91936,29691.521775190045
82520,11605.782873816963
84865,9989.861808162032
80141,28764.10025914074
91890,16561.40847865749
76251,20633.96340786603
84247,8376.883253311442
91298,41105.58753736233
88015,7187.98189018437
92776,25098.719980267906
76709,11673.211015616558
105728,13958.031608568033
103796,9851.710543257479
81171,20564.372171786774
88413,13758.98188911417
102155,6858.771195459975
81200,18871.17275678666
95674,14572.130743798314
96157,11661.96321905511
79020,20657.00325230546
103587,7262.122937801216
104190,31628.30418441084
80486,16596.617199639633
91177,12192.91728723985
76909,28912.61415111217
97278,7283.199373280854
77170,26355.389228273598
78840,14012.394972861495
107987,14878.442688829296
104444,13491.166769646348
98408,3369.4996621393493
90629,13587.512220721097
85268,10610.447508680601
98419,10702.232008658964
90747,13039.60424989635
105907,13968.631470180386
88335,15211.291425121211
104161,23626.68660205852
101427,13785.471143477396
87176,20551.25763715513
94012,35459.73912161562
106937,15840.597372926417
106573,47545.621748641795
96877,10011.478274775476
102568,8344.078226694231
93510,25232.599579719226
78820,31341.98051513028
76763,19108.64795639244
106884,7919.358067732163
81041,11721.5978944155
93827,17629.961595868866
100321,9808.794518871307
81450,11922.487041766275
95107,16431.83105610238
93670,30788.579682860145
103551,13689.614387783991
106715,14671.141380803943
100863,10006.968926690886
79259,11978.885611961343
105336,27869.49065495243
88906,18800.497255105587
93039,26105.71425944036
85639,16533.664310380358
98378,7840.330188519089
93639,15219.074480107014
83518,10448.660608759792
79592,12779.442892483781
95678,17429.63525363087
87400,9120.133036435318
98813,13496.51822879289
79157,9147.40449862622
76223,26880.773676959532
95406,20108.81203228648
83724,7665.273763977616
89739,20488.036299085645
94933,24623.728038104655
82605,10472.605620091454
91566,18030.039177598825
76873,14642.829340117221
96884,16280.708324039399
85901,10634.541176763298
106449,21541.642935500462
90672,10382.930404649771
78513,24178.21405169794
86464,10346.179250912646
82921,9986.773802257307
93886,27548.508017412514
76303,11988.475526583286
98243,13383.064630816389
103497,9740.244528628258
87786,14329.25440218499
87780,15882.774296084332
99339,11189.42079982031
95351,22720.489313178387
106965,12534.533969122414
87540,12647.155725333678
99854,14483.152121504658
102357,4841.3609149987005
90737,7738.6324175301625
85392,15970.212893042088
96882,10324.013182716222
88268,16525.4681633403
106075,21481.767208470374
88674,13142.400051147126
77623,15576.194038689535
80394,14490.209930227584
94942,24708.468745216967
101237,14832.956604779589
86351,13124.657828778116
87055,7739.32123012031
94851,24812.882453256538
79816,15132.717871182771
97214,16011.054069180162
88900,9845.437048582382
97464,12563.840961370564
76403,13994.589891349346
79786,16669.9900980094
83858,11469.767724715459
83658,14169.147864616434
96456,14094.76193830061
106217,12967.635834274466
88111,12466.785368106359
86581,9630.898295577008
98218,14724.072203511336
93801,21396.693781505062
87206,12015.81725521755
88569,13171.353377999136
104348,12832.797952451789
76478,20942.75103756519
101509,16971.146752126766
100915,8584.60046706858
79676,20111.136257764872
102673,10333.36650662581
98151,7322.140331955153
77583,14837.185285813664
106602,31177.811862777755
90134,13749.06451234033
84228,11391.597822870071
100131,11847.527177520651
92807,22737.125741386473
95025,28208.368835220946
79779,9320.036039087428
77216,23264.02182110423
83476,10495.598336715177
88942,15086.186128372823
87565,17614.348449338657
97055,23430.639736126705
97212,19788.719860815097
97321,13669.441783499562
102240,8685.555994931356
91253,21808.262550680698
90284,15132.89917639582
83582,15808.530485650033
81255,33772.93726920434
93903,35617.47379702439
96241,17164.706345350696
99117,6553.920259867747
79874,27356.063417241672
105193,18600.46117753093
98186,5564.522613207295
103313,11740.355770548515
107714,15585.31869348729
101081,9579.528437667486
79663,8938.95514367659
81108,11384.85750117272
86643,7796.939770543608
90931,21891.46421560491
107518,25724.719685550135
84511,17965.576188772804
80689,12701.442050486026
86547,6712.950996333037
79670,12745.653635493103
82281,17529.731524852505
102274,4315.251031995859
107948,13690.80436705274
97149,10729.475923777927
95980,15933.896074139511
108047,29089.902268922047
94763,24551.965391924197
106148,16017.488353444825
84164,12701.925098840982
93448,31143.23789776808
103837,24495.841685216747
91861,21411.741922862835
87914,17627.53692446274
85944,8877.768565901515
83795,10461.270279579448
97374,13912.362206361864
80569,13407.900059607096
106331,43482.601938240434
93177,31496.4781561886
85257,14564.871019212807
80094,17818.767953721963
98473,14139.383410094746
98021,23185.906891774805
91714,19670.118452865576
82569,16174.968997576554
96451,9540.044286454544
86310,9147.825083557425
89702,7135.812790928412
87577,14359.256938975108
85221,26695.22128569726
100454,7613.124307682899
96748,6562.33844484493
91472,12134.412640302173
88350,8038.189794536065
84386,13986.893151086566
107993,12589.130431856749
101496,7076.308355764722
96805,12820.089754175835
82084,20017.193116315742
94643,28598.945588585975
83871,17411.30816348273
82327,18888.344304328857
90332,12611.632207745291
84949,33318.248804856856
83111,19229.41628276856
92067,18334.028879366622
106714,20172.010901752907
85531,16252.821345834136
97311,9876.749042715594
78102,30248.024809045666
98348,13936.727174834903
76715,20390.275070366024
77091,13488.350505632261
105854,16189.407741597883
85983,10002.112775005666
80823,15369.942381993778
102612,13846.129151557954
104209,15942.868537114657
97643,8527.865190186418
95340,22635.579128826274
81183,45369.428657841774
87928,6065.684583524943
89448,11976.770764321076
98522,9904.367320985171
94213,13529.190873370773
91583,10551.90062122497
90280,11191.966311666234
93287,30710.12937019855
84510,9682.74572932276
98179,21855.567064926952
88162,18307.20199467358
78449,43033.416847773646
94548,17590.446740298998
95056,29797.923167787267
106725,11048.914503601714
97968,6778.248125888902
104923,10268.846288950857
97276,8207.307799111433
97080,23703.236980593978
90691,28591.478260607328
88033,14102.330133725118
90160,14220.967598273555
81661,13457.055597459706
101260,11508.059243065773
79520,26573.125482281503
78213,14107.033696256092
76187,24834.019244610747
85752,14744.252685206207
90729,14742.35095955473
77637,18983.46812292836
101847,9848.599040927647
86787,16007.123228738245
105758,8680.256305635517
79389,26866.817669765907
98312,5595.007861617319
100222,8126.34718377347
87873,8562.48724653541
92965,21447.99415927618
89168,15091.746267609215
82368,18064.083409118768
76505,18779.077505687466
100946,7373.674631501594
85815,6786.673159956267
87705,22190.049386443756
106931,11846.603841376187
95571,20242.560940728315
80308,17202.66056652611
91824,23434.2394806438
106743,24758.174059324865
101866,12386.839530853713
95817,33724.97031338972
108505,14935.959869368357
88722,14923.75735988091
104371,19310.784371888167
93879,14148.131971248373
96038,16604.90259611764
104690,12930.979118425272
93199,20793.065445713004
85967,12854.284310473473
88714,9104.624538235257
99467,7936.618952691205
85701,9122.241590626756
103450,9859.81426147191
96943,10265.817766807164
88526,12820.690915443314
79326,14087.869503056334
92314,32724.931289463475
106373,21114.920480291952
76953,20429.300116879756
89741,8094.887051039352
100458,9283.47113078504
91895,52860.53192045346
92356,15406.610168581126
80632,21199.2100379518
106959,11325.086992906148
96251,12988.450494385808
97996,24435.607877073417
90021,16208.074945669123
94899,29826.101617760054
93093,17558.861803192394
100175,13707.77812811261
89968,5908.361854609318
102132,5899.115494422938
99121,13353.18951286343
92662,18983.976060795518
96612,15632.700022514844
77399,17055.3472407778
86443,14103.285993536827
93198,32658.43973577926
98001,18882.566941131194
97764,12938.837183781006
94983,64221.382179604705
82703,11606.71062396087
94794,28083.820561536777
79793,18561.89047591375
93376,18549.262988414503
76374,21807.15366813983
84045,9256.97219641785
106780,16841.248249075492
93213,15703.222190601187
97870,9121.873332206616
97748,13187.95860512189
97255,12500.31861111894
102668,10187.425701570786
105898,10576.24196510341
101786,16127.907863396247
87690,12751.176933134495
86329,11552.79073775618
77696,30100.87160855427
104321,30188.38727614868
86782,17277.372289401013
97134,28479.334358120675
86684,11010.82683594576
95509,28510.18753104466
82314,16627.59174426265
84124,13407.067467004523
87597,12034.203641471167
81357,22535.90551788626
95055,17437.934577803277
100244,8434.827902265235
79271,13163.283170707919
82043,20234.229350972015
96348,20855.375426806662
76594,16289.583657865878
79552,14256.601310522885
97181,12286.450490624082
99147,12530.5752601611
90786,8081.1179166475
96203,10442.731931664935
100288,12748.60987909124
81529,20462.376731578483
84229,15944.932884927244
94332,25937.322258648153
92714,23533.694523374586
107716,13678.066818232188
107685,28077.744272026575
97836,4170.365397907283
98284,20269.130262882936
83128,19725.982033559154
105500,11323.482716778844
97781,9996.414783081673
99341,12349.156580029694
91793,33733.43005374361
76224,14663.341930140365
80840,23212.780925392024
94587,19935.7183935309
98667,10469.454082459775
78973,13309.903016425998
85175,13404.770409981127
107489,42941.242964036974
95790,14079.5800406962
108044,10000.58530548637
80652,22849.762735020286
76007,14209.672720511731
96039,8201.434835845637
102618,15241.962312514604
80863,14446.827596193196
95695,25724.49566085626
78815,27264.100221947134
98063,13587.962573238452
83732,13685.012929419829
83190,15480.246604722995
99504,10880.314883501402
82372,13268.275502838784
77977,49674.1963448147
81688,13380.243539541718
80154,21384.716895212543
108106,22232.935479805983
80724,15404.381575115374
89190,10458.442088166406
102321,14371.562495672883
97375,11108.72633493534
99379,23709.39654871491
84767,11624.4751446863
89470,10018.190529969905
85592,11323.53708346734
80381,27094.78166511338
92149,30910.10429876538
96044,34947.75509184253
79041,12759.119048841714
103108,18288.94193549465
91118,18904.221051701606
96434,11219.577923241024
86875,12756.647176551074
100326,10764.326464548727
106416,19466.222682176725
88074,10137.156826681041
91579,18128.212634827152
96819,28665.702917062627
80373,29934.46500510001
82681,10613.002060079989
88450,12004.316634196615
95040,15635.052457835158
76720,12289.586467867643
94576,10326.135836145806
82502,8868.193480639622
101100,8554.096152035418
104522,16435.40913116117
108039,11792.198169272846
77894,51630.91953902377
80888,14816.90305700513
80366,63812.45152093542
87653,7528.448340029375
98083,24215.74784333238
89042,13681.002216115505
102520,7838.033730845823
101620,11798.30624375192
108340,13421.18565283562
98465,10973.958753461086
82307,27221.0456956397
107499,22714.29540492706
101440,11282.089571469518
82392,31410.238875049185
79371,19225.019823878825
103916,14631.53495310948
81192,10113.963938203311
108185,9565.661000593282
81811,16788.724865764318
97993,20565.076916840484
80214,24111.00785362695
79896,20918.67154758582
86793,15323.574596783104
100548,16214.79654896925
98986,10942.765572601771
82411,10987.48637248582
98467,7497.942469527246
98645,29923.35987331327
84530,8133.1515815371695
86479,8209.530221681485
90655,16835.062888649023
97319,12904.919334007127
107749,27871.83470437564
77199,27598.49946157769
79255,16210.942157248885
85072,8893.539570220846
99421,15399.235866150875
95187,14949.98462850229
103262,11632.85288415471
94589,29584.19153965496
77608,58369.742904299914
89729,7824.858576195754
99171,10341.383221147553
90914,24190.031992548924
83250,12177.601148808877
83275,10232.457462716582
91269,23827.91777484454
83003,9982.824179684452
98988,15833.488622269684
105748,16876.24835777088
77688,15381.191907595237
91090,16972.880572447735
100544,13722.114498309584
96608,8813.35532875468
98784,10512.978277489148
85655,13487.69108587009
104236,8819.84962708876
97437,12877.070856399183
100150,6825.764003111882
96911,30105.79695942964
87126,17535.39779944811
88544,9242.613926669585
97889,11728.042865491256
76768,18774.136930611225
101722,7510.473373189177
96407,13368.280743165933
80640,16784.70522338542
88000,15381.904577377436
103451,13612.428003074787
80542,44386.8174957878
82212,11616.685656985062
102407,10558.953065312176
79895,11869.07973655708
95909,16979.798617752782
79646,33123.26517822628
77051,31052.639177162837
79375,36203.05380632597
92023,32724.360314897458
87608,9965.494747329823
77731,13827.72820062121
94671,24337.23472535294
107804,14984.218091325527
106359,20169.762101239674
102758,7955.932024389496
76944,32635.6675659859
92103,15934.905023407215
81188,12769.739591113845
84157,13173.738122082541
77509,26478.140407525647
87332,8051.88554399266
101597,11195.3415105409
84021,12629.340634221551
79820,24119.2242489588
102505,11981.71750430753
82887,17266.134100859515
98676,12060.227446465506
89288,22370.89768694845
89410,17268.307403659983
76489,12303.27107693481
85587,15629.530788641621
93752,12381.83179729288
104857,13916.393743829343
91582,26346.91047240868
100760,11187.368577201501
95388,26022.902590362
105606,22109.51204257916
93352,24635.334994221415
102452,12007.49712146702
88997,20737.204383122837
107478,13646.488035555041
82604,13303.867402603722
87188,16555.138214750088
97769,9370.64477288923
77941,22982.93012344601
91489,13397.991315839752
84501,14733.71909560214
97428,18195.258186351588
107961,15381.009201784216
106520,11303.549538713012
82860,15275.329636397782
93232,22639.744314702286
106592,6648.574346257483
81719,10308.633896588355
81658,19250.928681600308
92676,25773.473167945176
102253,9291.299759352816
105237,13830.135471800468
78527,19877.827081974283
97452,8199.286631891813
106530,26821.64742311795
84118,17284.07405189728
84314,12041.13752974935
92313,23822.981046191268
91271,38488.14427316208
86067,8228.682709766676
100751,11192.55691851682
99647,28225.570294402118
79872,75823.5734496243
89703,17055.205190627028
82985,10060.516869526913
86719,7678.858737969274
78249,29997.653696563837
94826,19589.549416716327
80867,30543.287051160416
88405,13088.591024786012
92596,16731.04169920085
90699,8617.087917860263
97504,18912.730639849782
88236,17161.24085883106
90859,7428.665548304887
84327,15547.131052212513
86926,9841.308459678796
98478,9822.656322136367
82435,15615.989254082899
105477,13147.906702571643
91685,15993.073271221445
77406,14639.098837095984
79806,27370.88143974856
95728,19679.966947734323
79181,28393.219021004123
89777,13436.374982213121
104090,11699.70820358294
106849,16817.654194709932
80612,21980.7590446222
78114,16153.498612205794
93850,34011.91449599706
91913,15873.78512709358
104359,21918.054815265637
103818,4870.071650381938
78505,10033.952285032896
78147,11571.857657527724
98618,23403.213669836758
80947,16870.090090771948
104926,8504.419200040827
87266,22076.222153273633
100085,10429.713900640343
99550,9265.683013022566
100618,13971.443099953207
88609,11517.792746217528
95379,19983.635349417607
97130,13267.466488150953
98078,26738.56618060193
81543,14054.268747604508
94442,14690.152588526025
88513,10524.312049036953
104084,18147.873735444377
77862,17821.52962423658
83231,11971.232123657834
80020,29165.328892519392
88533,41525.133181919235
89260,12438.064919639663
82264,13896.43892076199
84569,11035.893198093692
94361,36000.689844592336
76511,20507.74311938205
79088,18275.937253696204
85645,17445.657226820837
80492,24573.524025683164
82092,17060.872082947888
80792,11525.90295898464
79022,16262.923961211312
92175,15792.241180808762
87149,18492.502110919635
94676,25955.78550786517
82453,19502.097519524978
88623,12509.876917178035
93157,28515.97548480907
91767,20238.151485450402
82525,11394.894881666129
83387,8020.536186716664
104711,13828.392357436676
82040,23997.896923992063
90973,26364.275434955747
85628,16876.918927537008
96701,11520.303202338057
95441,16613.366774986112
104513,13099.805256423182
91247,23441.3800466221
88940,7407.513865568844
77571,22604.497892619132
104299,15295.229690585164
92609,20242.27626499223
85134,10494.286677753558
81305,29298.906426060094
77683,28519.690494434755
89313,6656.801203591457
85999,12426.969223712249
100266,13044.884202645999
97102,17865.671986084726
101321,7651.130016774395
108299,9906.412754665993
85057,10960.155054448138
84995,12670.091979542987
84612,9673.98160232965
94300,26388.2322692178
93656,67317.56533943476
89647,12365.144466909196
84389,9471.124980162822
90197,7975.727185104295
80844,9193.022002097616
105331,20642.392571477783
98831,6498.762924299132
89697,18668.174539430373
103351,11168.848569840718
99969,6996.104162254046
99325,13150.573565030763
89198,16662.52263622579
78239,15440.928291289927
82481,7725.163693683051
83655,13764.351266974038
83006,10057.42191822703
81067,47873.94134427593
82451,12549.799207886439
107390,27628.076102013038
101406,14885.658762182666
91715,27491.914907773807
99989,9576.438991663048
93206,27728.590241415604
85902,13977.903103687744
85195,14464.21325586139
78130,13093.210311099525
76552,29532.72366095126
89420,13867.731792970284
89566,14773.019219953912
94682,34164.71146416817
87373,15727.604949415925
83481,11825.462011433847
84348,12629.340634221551
88809,8274.038062187936
107886,10378.701335958898
84976,18620.999805574236
106340,19580.317356830103
87849,14711.676560246218
78363,10500.199057539234
86657,15394.036644293541
89773,18878.563158333713
94449,28144.17754734048
90861,14968.252131483707
91749,26593.71943780271
87090,10401.420201523491
80200,20123.08877782083
79369,21971.66901870774
101679,8231.88965809234
88080,14881.49477049777
103400,6026.504232402756
100960,17211.80677299009
106116,11677.666066867481
76678,34721.68601825745
86832,3516.4561618475054
80278,14712.132833058937
92718,16806.31546072658
80121,25087.91537358838
84360,9778.718482069786
98000,11587.672214844755
86852,9623.112410994638
84665,10766.348294933687
104032,22409.10983109583
88348,9386.305600983296
85919,16133.197616914244
102408,5465.663122841221
91678,13346.153485012366
86965,11769.798306042037
99748,8922.142901365589
79192,16197.695817744783
100469,12361.585644366343
102772,9056.645482629809
89526,10715.701952390107
96191,9144.278355294546
99222,13198.626686492098
77086,30999.659288963812
84447,7159.943098933358
99981,10711.039496488918
106052,21333.170330200555
79612,30661.765466824767
106792,17612.529115095498
99124,7712.14402980324
79678,25071.201173414443
101632,7663.833480862535
77692,16163.279567088284
84345,8095.377484714412
95000,38801.03194498792
83015,8898.581298500885
99423,19502.964599817755
107480,20948.524047909927
93765,17873.496003154018
105419,10593.05469141302
94052,22125.45036313692
97432,13044.619354983693
79133,21273.329088161106
93225,21384.200408947116
82956,10972.201700129632
101231,10585.527859581522
78727,21255.907033650794
92150,24721.5601517677
103869,9553.05611854883
98266,11409.712844390973
85017,8280.252875933165
76853,29997.180224192613
93027,13940.587141295977
88493,9463.681150072583
104829,30122.481002955552
87800,14407.50717243221
94723,19176.54653946945
77219,13849.666312887904
94891,17988.222918824544
81656,20419.706634175196
97239,25176.51501051493
83620,8689.610202644768
93312,21483.93823833701
83441,11835.052773284204
83959,7680.370941884549
83653,11279.766883729077
103364,10647.43936317388
81279,10419.388099798447
94483,22887.72100456743
78683,12142.044167586957
80423,23492.544176523625
104442,10725.045800216158
102026,10613.152012988407
105992,11407.509180636027
108007,10405.718830371805
81476,12798.420462572158
82770,7106.1204903254875
97979,11651.071637184634
103866,6458.320263452192
83147,20326.035210798465
102902,8046.730874017737
105918,25398.49559679471
100265,12122.61233142918
86165,13396.07967865428
107697,20628.27366356368
94497,30799.085300040715
83540,8043.847251539771
76617,26325.114952110438
88133,13647.26728895696
92181,20834.538332499033
90065,6836.807705377718
94177,17730.333573160246
86942,11754.924716318943
82629,7639.29795803208
92087,26649.620939001717
94508,15634.053778673631
81678,11334.450257236407
88106,14043.712995640459
82869,17879.930400147383
81744,21203.03248323761
89208,8447.610027231782
93035,25036.195389547247
94656,26810.55108726842
105571,11543.885095924621
86332,11551.861936085957
76711,19994.787934284792
87423,14028.829903482598
97343,22176.52970976652
89591,19302.525247877496
83291,6975.855242617188
76146,24256.610862573867
86683,12800.865335977092
100726,7489.467181712883
102328,11330.140094833605
100991,9934.134949999489
98049,12274.853113368925
104948,16399.8819975667
103129,8191.614704635368
87892,14060.08350558286
90770,20589.037321530748
97113,15342.52034873833
102422,11994.688861881888
82462,12994.831234179344
99700,13199.482667258122
103799,6748.427508418168
96959,13109.748321040817
97715,7589.062216788228
90880,13583.673806674968
106632,12429.478431978216
102656,9121.958104603284
106686,10257.155976664219
97346,11295.057390191283
88283,10150.739454300687
102248,13037.855192807954
89091,13134.071027611688
100474,12399.72548757258
103428,8925.889693873694
82698,8179.860242914687
107510,9993.218777377866
99122,10995.336737655132
93152,12797.034402720506
78084,19396.026788392166
103130,9373.317185531105
95826,30002.35963525281
94977,30917.206785374197
90104,8513.531462874387
89105,6616.959158326784
95397,24491.03563795086
77476,12202.238716129876
80208,10408.430563961747
96744,12788.034456974414
81310,26209.976047119642
88688,9632.485778491453
100514,7322.504749739273
79490,22843.11010882134
89236,11643.975805596723
106677,10918.9452404795
90882,20294.248246400934
105048,6616.282119226934
92458,19377.19165550451
91682,15467.288079376227
104659,19158.60333008984
99559,8863.903830340034
82608,9374.923261633992
98793,10228.995994697565
101083,9070.94175856829
86469,11625.367084357593
106304,10183.918902034293
100515,9887.28534702033
97006,11706.343916999287
87531,6444.5822388233855
88873,33134.00108687036
91700,15929.204149632118
90471,18337.159026851336
88077,18318.298350066227
95546,56879.50045647752
77965,13476.523011360483
91548,21657.5425560452
101360,12492.8358101917
89845,15405.167888994765
95934,24021.445825577222
103745,13169.55330608891
85862,16863.93733807493
98424,8925.327867425747
81736,25307.095452999005
93391,29926.32407371896
76523,23249.73567224546
83573,18111.545739710255
103118,4790.343350786671
84399,24792.852234826812
84864,9054.714233625522
104282,9870.302890831688
95389,22073.39816886377
108097,13588.391627437622
94999,10779.14877231331
99345,17141.685901972214
92946,51610.90888774851
104048,14787.539984586285
76817,23396.728555490758
90448,19188.42016753302
107837,11143.296272645408
91182,21536.749479889735
102654,6289.476847690194
95298,20019.44634674545
93659,24337.79630100886
87866,18158.43826261949
99990,11559.922615441994
102469,7867.409588887074
107351,16324.271555063504
82490,8955.431888383431
80756,14777.016452396063
82365,26803.306167632647
92332,16186.838937275674
77456,37307.546233316505
81007,32029.510268056667
82391,21162.788293216214
84647,18551.396292497644
76296,16887.96501099382
100192,8476.275832764912
84547,15689.818002164302
88877,18294.122210912934
84254,10956.825540093158
87836,8329.11100092062
85970,9654.273539138421
94834,13816.31974512745
107159,11569.73205085302
106800,9569.724882551911
101989,8561.963171408548
95604,22228.775618263062
103637,13811.227597099662
104301,12281.592753760475
83799,14505.970140481335
107855,11972.85387134383
101506,10727.834372318486
86644,12418.131369025794
81902,71163.47892792469
90490,8688.025693927617
76314,17633.970591056823
95360,29856.753262569106
96272,7595.903533613627
103911,8535.943006409814
106553,8567.388460296152
106063,15144.933192518409
84179,12141.905061692603
106912,12073.450302303881
103819,8463.131142675957
94009,32144.80589260308
98285,19789.133858364443
81101,14967.620173962752
76806,24706.388532737976
79127,15080.394282458796
107416,11167.139002895163
93786,28811.917278350236
101542,14653.277169490642
101640,9415.399795473419
98800,14352.796577867306
91451,36180.25483423252
104033,14827.244148249742
105550,18528.842943821994
88203,14787.894743169783
77481,19509.224127088946
83704,14253.584302844654
94474,21983.009097146492
101924,15926.722791887278
93203,29711.86528409162
104628,14055.054969781435
93308,36265.897492054864
81984,27936.791466494935
93228,25243.21800939059
94247,19373.53130092707
85162,12404.38285326544
104670,24251.474178538712
80875,45231.5439452934
80850,27704.268829010565
79475,28199.412143020596
87229,9709.064889638841
79162,18586.2183227623
107652,7882.512041889826
89835,20385.79906229478
77430,28819.355118281263
97568,16946.55432979127
78947,41995.32948763678
106692,10020.15300509207
97127,6983.869119097906
80876,20852.010707541194
100152,11934.207185984204
88949,20333.230423403224
95804,45819.82742385884
106833,11351.923626364065
89283,12392.674977840601
78115,34953.09781800075
86941,15735.551282579137
104794,14519.132540651426
103892,17155.26085656286
90746,15010.890992780449
92996,19583.16800200268
88679,16462.983867225204
101007,5314.869179279907
97824,10708.717779449873
85138,9485.042035536402
87869,10977.766010802537
84266,13572.203417813827
88682,10054.731162056929
84543,14660.309029484917
88967,15655.911284763859
78831,17825.75598438809
80227,21605.085932581755
88995,9301.82155221873
95761,21561.25503751035
82060,15631.244119334753
78253,20436.110348315702
81193,26096.084153210697
97309,7537.172330922143
93654,18145.865310863755
91399,21969.32998293066
107195,38421.65031896712
82137,13964.484408225662
108006,12451.13807861194
78534,51544.6554197132
75979,39004.20603672269
78847,9489.728013954806
94746,11800.85494844593
76591,16647.169873111503
97366,13473.894412026239
88756,11111.169117912563
105074,18601.008541350762
107641,25691.59891592557
103717,15843.582483042792
92559,33643.90947830447
85453,6852.755621194619
91736,29890.012842553784
100632,11963.562122627955
93314,21670.372194718162
82593,11948.978935824382
105791,20276.69524239025
104431,22299.014232381393
77967,17143.305657121182
91373,26939.496734373366
86095,8786.43198190382
90950,24258.130372320345
105410,23672.941926661857
86516,9723.310527862555
79221,45471.18099130285
86603,14172.159578781106
84058,14356.1553426034
101017,9409.464746070722
103065,10827.556282871057
102817,12954.104973239137
106443,23099.280134097415
96455,18725.730660920948
103514,9528.14129572399
88407,15149.59507061151
104658,23509.45090706146
83823,12905.027075108925
106801,33794.25885979005
100859,10161.095786019945
97156,11352.132455353565
99816,12223.975676441054
87726,13925.292071231286
88783,13240.833829326632
107654,22835.44497835393
102420,7512.515779063469
104147,31480.5063867358
76019,9963.03370118801
86158,12291.434852561046
82852,9430.247321070907
100871,16173.609852261623
92537,16801.27928002648
92028,11912.761780705625
78319,11152.974985231018
77111,21230.993355984047
81426,17052.27562569986
108336,12027.035988643214
106048,28405.48311689291
108482,11736.725011758057
91336,19926.056835636315
101242,13568.26176071747
108309,20155.46020506589
106397,12120.690302694002
82413,9779.702524567607
79355,30352.387000877086
92826,28344.55423192741
102020,9519.877798132642
93857,33509.845911652345
88875,8899.673209269555
81926,20705.3004638183
79236,24557.660658494013
101106,17938.555852144087
99069,8684.566083541045
90017,7217.0914471623455
101706,8367.682193948947
89701,8502.673429202792
96760,28782.5036771386
103901,13371.72367905947
96780,23756.052325954173
78905,12851.825914792846
101894,9220.208906223032
94657,15893.200375498198
93703,13999.467600538614
98690,8475.498221925536
90597,15582.856858724243
80138,25766.61537890081
97044,11344.356894908338
84258,9483.862796167834
98543,15850.455402669582
99833,11964.450869051985
99848,16822.01164385977
89178,8373.177640411346
105598,18911.592230091344
95971,28128.48572939198
94875,29691.521775190045
96048,10534.444500021129
82606,18218.19753268279
104545,9943.798069567763
85571,9312.507167479012
103757,15261.451869574013
80192,14059.75426037508
100422,8205.394994508864
88065,15717.752325384732
83544,13017.899049202922
76851,31485.43090638183
90464,7144.02934327836
106501,9572.26528120307
85011,17094.339023584595
102308,9911.271400146734
82241,72279.30780791241
100655,10478.283463018968
86477,9820.481139399542
90830,2676.7969830070924
83274,18823.98256475831
83251,9032.655814520907
82122,24924.613087999303
105600,16853.330804141577
87514,9665.90901018727
82184,33591.3944687502
84829,14186.791494891524
90704,26426.47308330724
86306,12026.94116808102
105655,25742.437147086697
98964,8954.8311625223
87189,17373.70986439536
80116,14070.351823878198
78366,28291.393601632255
103668,7362.078882264252
95799,25964.85608856727
97496,13827.109456908462
107112,25239.840994690585
79698,29014.45258505885
78946,32852.93236273367
82843,9960.829327098521
108537,16473.13188635573
93675,33781.24324855025
93629,20951.91234059429
103134,11703.854635637252
76458,12937.29443916017
79219,16723.246727125894
93401,34631.42631799701
87666,11572.353804939674
97697,13790.67752918287
77945,12248.279996982255
76173,30031.75973752557
94835,23484.519848808366
86700,7733.893324692782
105682,28035.86404180467
88546,20586.76062330463
100486,7326.848709266775
98187,11825.249586309132
81395,14991.24738844594
104408,16066.76354956714
79922,18288.873895007928
102955,11723.791323195794
85515,9906.894428817368
100490,15330.681611674587
91070,38297.95903482814
81321,25836.98374196213
90925,20340.115479431526
91291,29767.55597998241
83986,14148.361716583011
91729,19028.4696446831
95830,25907.241469574165
103720,9982.50475302075
97023,12291.818436380538
84892,10941.699595020116
86618,11889.603656094789
93094,22556.752435583796
102487,6881.283229520268
76952,31627.677935878593
90121,9163.466843184404
89687,34277.758423521285
82663,12099.072327902106
80253,22271.078288368113
96004,15035.84375481303
102267,8457.482568843052
77777,24951.905179095498
85135,16098.288578446705
103806,10510.093284132916
88031,14247.292966120887
84252,9605.2950984345
80246,17312.936874740637
83445,14016.654790880593
107528,9592.171766756072
95161,44537.72075664097
105132,22768.98511409974
107504,15630.620386167233
96720,18988.396078894955
86060,11742.38824170046
76370,12103.872567163657
102092,11873.767550863351
93523,19214.399267807898
87963,10148.628501783987
94183,24252.195198241498
77548,26716.412544980176
91116,33417.375717227485
100013,11354.173800216442
105525,19019.195472132193
104210,15162.997946033516
91137,13932.883891533063
101960,13091.849081845632
80662,30264.509990104758
84914,11267.4923815177
107857,21586.732385778345
94916,30366.17970392326
102858,12590.375749520399
88182,12050.215354862325
85339,10670.0280457021
98692,21127.2281774193
98460,8505.716941036044
101787,7676.193104257656
105924,16904.22848224406
81440,24417.34220356414
107043,15160.857930800428
98747,10974.556658383464
76065,16347.749310387255
103452,11475.446380593048
87162,12663.325347826929
85972,7589.422999841039
95159,27088.347129044745
81106,28523.645733730184
106324,18466.181044809022
86957,11025.704950570695
76900,12616.302408030275
99319,14514.256297252648
105884,21330.317996917136
82889,9551.87185417091
82253,68096.04432071617
80818,13271.085943530525
97074,19838.336644224953
103269,16365.830686675148
78298,17050.071673202518
87216,15010.167259804399
104853,8032.712612364243
96298,21483.920230979766
86803,11312.799871343837
91326,15271.082736760998
90948,17849.252759960105
102795,11345.336342382934
77163,19911.231831364465
93519,29262.942055605152
94980,13938.541871432764
106455,26606.45156642858
88860,10292.63780246544
76536,30847.097624928956
106556,24589.032476621454
103002,14899.210558526594
104193,10262.186635945845
98247,10010.055510655748
82529,11030.579708891724
90499,7328.61711954015
89400,14615.834185377573
94595,20340.67139616084
85870,18022.78299890724
88424,23759.347127566525
82715,17561.78940693307
76324,19323.893103447757
102259,5560.005729279639
99192,22305.673308774043
81437,14003.117358711903
97208,14448.793701732362
76420,15229.592350491304
107557,11387.864213704976
104202,20139.18932329436
83400,14564.716452835462
99664,19337.021829097943
87781,11857.156588475409
105706,31698.972153102248
86320,13311.415279651315
81907,32356.247643393013
84881,11620.867999844922
78575,11869.377000340102
101857,11345.336342382934
104378,13340.526171990798
80281,22800.3857408251
88208,20500.695275567097
85864,7140.833129677719
86973,13747.423157646173
101072,4827.269176318535
102664,7169.19235977131
107949,12924.650588228149
88832,8282.018262518535
87046,7280.679675740687
98930,7988.172846292474
98721,19359.70648966797
103249,8660.87057607387
88230,7175.639395003498
103604,6467.5649903646745
90645,7636.597172519774
94246,12663.130494363633
93604,18612.24151258203
99287,10722.243003696556
106684,19288.048947347837
89506,17290.97089270894
98726,12704.615971979698
77060,17417.974580284143
107323,19107.60377179928
100559,7911.707792038185
94511,31513.32991238845
81367,25193.570730719806
107185,17937.08472243845
87243,8345.57448178
93241,16331.407888723064
90899,20611.682644418477
92791,28572.446511309183
97429,8764.546292003792
81883,29212.12942553637
82428,9100.294783305853
85224,11745.288372779345
90818,31993.737689877387
107186,12647.835769188669
104489,11964.118115396566
77026,19405.316759381923
103119,9101.720293488986
79360,34566.554980428285
97763,8834.376441589422
81434,20878.673003166845
102270,8983.274989082633
86171,26480.491040396817
102255,7306.836961150383
91018,23117.188752425434
93219,17593.699701777456
107667,20190.406072072336
89301,15004.595269368945
106869,11365.89850128276
101867,10962.452676934616
92922,23017.14008249509
80057,26763.81714112731
93951,18599.323159570202
89450,10393.598444976307
99681,14535.98797008357
85661,16151.647397243967
76072,31606.345952371874
81693,29604.2812810819
77375,15128.049554123987
77649,31988.52501527046
105904,20263.569197255943
81679,26370.33790542624
105555,26522.68729644963
78762,22130.578540634815
78590,16511.154470135578
92784,19427.776502242334
88497,8051.88554399266
108413,14244.84343906824
88994,15077.903871280818
103426,5919.634658377843
104394,19369.333080169225
88703,10543.994143466702
97376,8422.871223604569
97470,15678.342441496161
88681,16382.385985936537
76599,22986.928001902255
104274,9664.600188445573
89590,6349.608463516796
79749,47472.15766034995
107386,9756.242138552412
94829,31178.7991733582
105123,11175.818711966562
97602,20180.464211818133
93900,27883.40255790622
85986,10062.519151789831
78014,27897.177561125085
90073,17889.02990851547
91815,19562.93339975224
88067,11407.28184535497
79079,36797.53348532621
97590,13435.056860099843
84491,8978.541303377831
81997,15068.864325815346
90875,16402.572322418084
88805,15804.358902438153
84708,15121.193090571867
108010,8515.251301452321
96549,12407.014686037857
79023,14197.51068660525
80493,21783.2713759454
98860,12322.96200569409
99938,11006.59054858553
91154,33765.76824028408
102202,12153.5630136852
76479,14731.500425530949
102548,16576.20781887423
107979,11329.210297312922
80905,25088.942764484353
82630,10920.588717121665
81130,14887.347446221534
105382,13020.356260784574
101905,13371.01453765236
103353,6155.085614150884
88275,17886.642707046492
88052,15712.487317494346
85537,23315.347241283693
82742,7659.109908269294
105960,27293.035637351117
95151,29500.841847046086
102555,11221.209260227923
87742,8633.402256583377
107219,22609.87163241344
106170,11118.322334512692
103341,7238.607107955132
98947,17798.6574969663
90933,22312.38600775744
107651,7338.4956316808675
107937,11830.599090479765
92742,32119.515865155416
91138,23301.40556836097
100134,8443.548956425182
83718,14491.412353003749
86977,14075.973724229581
102165,10041.431265851494
91372,19926.195128241674
95812,23641.099844246466
98911,53052.72777761211
86966,8500.969832437664
107280,9861.275118873382
89020,11950.836422169139
85167,13681.820776499502
100394,10451.742754841584
93450,13890.179565110147
86838,11856.801303227094
107563,20246.16107368094
99692,18676.629026232426
103946,8282.319476529032
89586,7042.463316976789
90733,10235.76073086829
91071,22690.98329977342
89142,11455.267507177461
79359,16851.517796147753
94435,22172.15503065109
86980,8846.166907225546
92661,36671.53634898158
84734,14130.545316792834
92829,21523.362574791576
78925,27269.033061900893
88863,9368.393444725762
100507,14374.026656355107
97469,17672.102030043523
106358,11446.856319415163
94446,17434.491421265117
100068,6447.681916899081
80005,24515.886028425663
106548,10074.57180677189
85323,12207.006763441053
92629,33501.09287127087
78057,12809.980930503678
99591,14175.306346620035
85307,18256.249930231563
92660,29585.68981371659
89525,6975.125454963051
90953,29889.97223565409
103312,14752.600804385476
107912,16332.375830375693
93292,19603.48175172594
81638,41273.66228533055
105433,15656.094839852141
94804,33937.98905914604
85666,14162.81776479014
87338,9124.623822679574
98818,24596.340910947554
91960,33040.63372517631
95612,21831.203334005175
93399,18444.080604662882
86492,11797.220772937952
106169,10709.011053351713
106699,12713.6502459302
102175,24047.93688462674
83555,9936.14691054387
80941,22841.92931666787
91366,20333.076571019832
98045,20284.3265754741
86988,20275.58728493649
89139,16448.748895960314
106277,12667.010760879308
76317,16805.028690395662
101300,11616.266083272742
93086,13619.970903953475
76936,17387.965125948183
80711,21409.47621195946
106659,11300.859312203567
78296,10576.241617782716
97527,6299.892351317261
104494,26439.81799132752
77982,32221.737870714285
86456,9596.54994680816
85161,16603.96444778962
100583,11176.876143382322
93063,15682.116049540788
85331,17153.764839463798
101731,12811.889271327389
97389,35893.88768210612
79902,15361.910346035464
89643,7490.420963209841
93175,18437.341286808
98389,6186.034905468236
91334,18836.53714245313
98514,12096.707152339062
95382,17212.90189744631
77018,11267.501032151202
76437,17720.78618501282
98250,15294.161154260308
77104,23587.707255408874
103059,8940.459813636699
83308,12495.389254487101
95106,15722.13588182496
88684,23058.24360399282
100870,10565.893773865304
103498,15204.132474592421
105342,28207.866721734266
81398,13676.557022982259
91833,26172.346973351538
95311,18853.842683869283
77369,31970.873067879755
86011,8668.124242163061
84952,10610.420787580208
94056,17677.401920458084
104796,11268.711623501262
101571,12504.316354530736
77188,13988.42862358335
94304,17584.00677293327
106008,13579.223014276586
79849,16998.5508422235
106099,25769.573508960246
105086,13583.720025700417
85658,11001.6026436828
102040,10693.064325065809
84343,12496.78147910545
104882,5714.664029591168
88582,11037.168173389575
90328,20884.39676512247
90536,11196.603102579047
90805,11366.105045521741
106058,31431.837558102732
78871,31512.900989070862
95489,26865.206458954603
76637,15584.466001420386
87818,5922.432738968468
84478,19476.272643140393
108394,19022.305697567364
91676,28708.35275086452
104964,8049.906931474851
78506,37848.11654393723
92557,27046.962802583672
90715,16386.365815512498
101721,8421.210774503576
80715,25548.266922025374
81705,23878.79151539161
94219,23841.091131512745
85893,16801.61692916248
80550,14881.145780742838
86662,12054.759111232303
85271,21857.112093107608
107075,27047.86863602213
100992,12938.995899704967
97396,6163.553567329577
103943,8374.133855289308
78916,22335.10168407627
94516,18894.72951664701
105411,10687.843793043345
78377,20132.4506699838
103977,11898.68818458366
106716,13854.143098520633
88465,16795.478499568002
77421,16078.048762238475
88866,10988.698899157578
97787,18264.63003161665
85063,11214.904630942192
92555,15642.565880134045
83695,12276.363502792292
81797,13541.495171625282
104241,25829.721204541755
94730,17326.70590519945
105191,15482.593820811167
84112,9185.809437855976
90379,11989.722762730118
88992,9017.821716785544
77423,21726.032810562538
85126,7735.940778765983
78691,29928.316147551504
80320,28823.482310156945
96309,8205.80462927325
92577,12545.875708002386
78891,14874.633549440876
86056,15090.838265019689
82129,12364.676092842075
102436,10420.358215816368
101469,6090.846047229915
95885,28143.325723572652
92879,17245.432485597696
81484,13153.488534770342
95550,27672.01483927709
102726,11152.740726310909
95252,21048.465674018764
90695,13082.35245300448
95863,23783.803138334002
108338,18245.126384220017
105327,23315.520684923573
91616,16851.703082332813
83077,9477.63543979496
105582,16458.757242339583
84382,8612.856635080732
99666,17547.11357290229
84818,17092.953654122426
78498,61857.22272144307
78378,51109.65930733504
82799,7465.673311808553
81429,10371.564456932738
107572,17984.4438449932
91279,23134.090565763112
100475,6466.633625176286
86325,9996.801372840966
76825,30108.591918683585
107657,8960.738324593722
82346,10128.475537212818
86687,6224.257515041469
103471,10272.239211777363
78209,18589.899638014973
95328,15764.32469919564
100363,11123.049422453243
87672,9297.5912099427
98994,10356.21774948704
83549,8863.664829340354
96370,13507.07647805288
87842,17199.2343884991
86297,14058.878911694921
96716,20319.352757339235
97492,19982.52789450595
92786,9964.833041715718
78254,16813.768464415243
79291,23311.697252058577
96050,20042.83273402201
82240,23492.08186006504
107938,12002.245395233751
85258,11169.826212487673
92512,22700.67624926042
79919,30922.763204997245
101410,5533.758863041842
88700,20038.47062224041
91847,61199.97533167694
101835,7666.1247001216425
99878,12427.656888237194
96318,11966.520515787768
96245,12792.33979049652
96194,24402.432633980497
97973,7461.190440178715
76985,27272.85778205026
100002,12191.102835765754
91364,19283.423846443096
106980,10529.455823984752
76285,16519.81539719744
101396,14492.242446467479
83368,7373.672563869226
92820,17265.178272632576
92264,14494.44210614899
84052,8535.805639915974
83928,11349.716147785603
105324,16502.90723173043
98502,5936.018683133952
94457,12643.480160472232
79073,20219.736824648644
92738,26934.921578929978
91008,35426.834054089915
76447,29660.040434682327
81627,17132.403045019953
97016,12720.610452191037
83182,9341.943955735022
95791,31730.4035281446
87449,23146.34387872749
90013,24949.79703689328
107223,19669.109428902295
96785,19740.97247722715
81473,23845.555570758468
85403,16102.738407584113
106473,13118.924957455883
81568,19855.89621146687
76748,14358.183678698637
77020,14824.005635145611
93210,33636.241133112046
103955,8094.410763730923
86509,15824.282077853462
78291,23656.40133909105
88895,11194.00663917664
98026,9689.771058579925
108410,25195.160322192918
88039,9770.973811616384
91193,63468.29209519691
88087,5676.3631963678845
88708,14499.023441458325
98485,9948.440630222647
89847,17858.763452778876
81318,43528.61740498617
103971,12782.292228224194
85649,9833.595304872904
96137,12829.303837107995
81112,25259.41356130485
87825,17675.70668034539
103890,15042.858859220261
92845,50102.385996441364
95649,25753.247749463317
79000,11223.406068003898
91668,12909.222160731151
94544,30360.86772719821
107024,18452.143306452115
79725,13028.57236313655
107343,21927.448592191886
107612,17122.71014337534
76647,10504.845452568428
100922,7844.516373561776
88583,15525.169565266171
90425,16657.678575734273
86258,9264.727691710146
81973,17524.550138482195
85370,12351.89995490442
107854,10919.627572469277
78195,12964.363650806397
82124,29498.175492620903
79050,16403.247942218743
78880,27537.756641693595
88596,10391.814857538642
89033,12738.521609381743
78792,16911.390793276547
98664,24018.677250796198
78544,11781.419851238288
89184,10747.493084748758
83109,8097.209419131063
101759,14210.402875095473
87164,17276.036823584316
104156,9449.620990483174
107607,26606.329145603282
99705,8527.66414394408
79398,17218.531061012105
98401,10196.175899714739
91911,22961.32969624946
88175,6265.673940713881
77275,26341.306022752808
88946,18489.963545911283
98293,8906.934193961806
95991,18084.163662672163
82196,12970.422861291496
78514,37931.094095690685
102853,12814.966425589
93984,20220.191979382314
104689,30643.6545631148
98534,10214.4709590598
98744,12628.188051222267
100456,8544.964815756894
83468,7822.425675112265
104432,24666.20606218039
86752,19211.492873350384
89762,6918.041179192482
82788,19750.424124638215
105604,11916.11065034381
105490,12000.407376664449
79447,14421.081163621793
107405,22266.27416695665
102782,11229.204994719055
82786,9902.970642285964
100557,15167.423342273272
77711,20002.156745167234
104935,8990.708589555916
90750,10797.81239709343
94396,30341.858366298427
99628,14508.434021095854
87360,9196.564287276737
103238,10358.095243921824
84883,7299.806622969867
91450,24644.304176517515
96221,7402.624504329931
82400,24001.270748694194
91940,13419.774907265672
101320,9670.528583071591
88653,9088.546257159896
79446,22102.699068911315
92672,32723.67125526059
85552,16517.242219995376
89858,13975.480943388111
96610,10892.10521273896
90447,6477.635355299476
90357,16129.511393726383
83266,10322.365707034935
106259,29126.300764683852
84489,10719.707410397587
87875,12674.800259117572
78430,30261.087451731084
77249,18582.61361208743
84094,9128.577626495806
102218,13471.66032465098
97151,20106.878205775196
102064,8360.185267980583
97655,13452.589523773255
97387,8363.079443002076
97118,14997.698833231498
101804,12990.109966568272
81888,21912.06237410697
77455,25947.092544115145
99638,13931.15472250123
76845,18077.449111175574
85493,8994.742275721352
99781,6045.121949009324
79322,23355.874242431684
96766,18833.809160131972
80513,39985.375265388095
83907,20466.30569342033
93217,21729.69943621552
77426,12782.617070760527
105044,8397.860017221623
86573,11953.557116547983
95251,36810.26412871322
86098,13117.246476856044
93674,20650.12720140381
104392,11303.493262578851
82340,30488.62866584218
85899,22028.479092763493
85579,6119.266467603135
86725,12064.923464754038
104810,35893.69387954511
94570,17595.53818036074
89607,7986.850836625427
108478,16608.74304218913
91464,25950.564165962656
77613,20999.893473939654
83067,7218.31426404275
104585,21431.722064662157
94473,24264.285706101487
98756,9502.484500609577
81199,22008.364926256854
83741,16390.685428275054
84972,14681.36706733937
87486,12747.168693469708
92290,31212.845453312555
97049,5533.846945478051
81960,31318.114797543156
85765,15861.374621493327
81319,20596.78698395436
84335,9599.590631992087
98897,9158.03328708861
83649,14415.593655667279
89567,3061.094127309984
101958,8034.209668389086
108211,17366.101559599676
88326,13674.888310174523
106424,16142.848015337668
90848,9696.244520071656
104944,23867.68206385609
81300,42342.27341928919
76804,84334.96334938757
93569,17048.884408634192
76839,19564.438015612122
92611,31386.5728550065
76006,24040.08401686015
86953,8823.023276318767
107767,18174.246224937917
87949,13233.303148929495
95782,23600.033661994188
94414,22913.232734721692
98483,21314.379459744665
95988,15804.146676518129
98640,11018.438115860487
102899,5545.3835564360115
79367,58413.96986330585
88430,14210.210455558794
79428,19844.203313087648
76247,30814.169054828897
90955,22773.78904059022
100711,7437.714875155139
83720,15485.719703651917
93618,21273.322918629037
94754,22685.492122943444
78740,29664.56393203616
106522,25164.529330917663
90165,8471.074038124398
99615,6145.491562539375
88112,10994.130340114474
90759,24993.024055954524
91835,12919.15813105819
91563,31871.59085328267
92736,36690.0004095608
96939,22395.218030344313
100301,9478.428870366963
80143,24113.128046776983
108141,11698.650390259538
99743,5544.2064085590855
98627,18491.915421556434
86233,11259.06522742666
104568,18660.694350481615
96489,7773.424631497714
79018,17881.2666611922
92173,29037.062578048182
81198,15258.586961428364
102450,11042.582219304399
105038,18198.843809837505
93284,23812.02238462394
85848,15750.41540423174
89587,11417.53901149092
91457,15470.946995580389
88804,11096.352542831191
97228,12720.755731887277
105841,24881.164066052126
107331,17372.634925346607
81008,12828.3979861563
81853,24295.69311905272
103283,11882.577272585802
79036,20817.897396152603
90376,13664.103596335406
97271,7889.411534287981
82967,10984.043300713281
83663,5705.109284233937
81640,19713.465233626222
99076,24658.50637186386
107790,18780.97587870951
96460,10190.516303707927
88286,20095.22876087984
86545,13109.158677804337
97634,11602.065336540161
94452,16649.791604345814
94409,17934.68782872067
104877,11792.759411296265
102952,11182.565374309577
91502,17236.95027223907
105695,10096.638121592456
78608,12190.727142983029
77384,36523.760808531944
82188,24665.682458958
81054,14843.309334481664
92709,26529.4554973802
98260,9410.008581580956
78996,15452.809073521803
103868,6389.5490558018455
81809,32425.826088826838
84251,9231.743578461743
103762,7710.562892941363
101479,10146.033919107094
90533,12138.932006689862
84636,10419.073829151936
103208,5560.649071052602
90274,9425.816754646701
87517,12207.277397607133
79671,31469.18577292399
81486,26971.262639496847
89338,20720.922485311294
76912,12958.727427804504
89675,8739.818937732793
101294,8126.398481986486
98316,9618.029515886525
82457,11138.378714118535
78558,23252.569369407127
107933,11440.481027459324
87555,16880.902893326307
80873,14544.93481080741
94717,22596.356206309083
78922,15881.807645564046
87376,11309.382652356871
79203,22799.79977740673
83801,14149.635687971646
80314,17180.252072204068
96011,10564.833980849839
106585,20369.82665849138
94122,20883.079017432527
101723,13627.211920504673
95561,20318.386249566855
82751,11491.523867815546
107424,23967.377981671234
108316,21084.952441108362
79229,10736.15531794286
104835,9833.162524248557
106289,12118.778404501969
89876,12160.429656121381
96917,12950.095636388365
85982,23486.11839808576
105023,16852.32884554787
76749,29068.15702715928
76453,22112.955951571945
98954,9502.346160830424
101783,11073.19989593219
96734,6158.620009393044
76884,17023.401751971083
84277,11490.346677717902
104756,10545.54972461544
89268,22247.750849960896
78955,21836.84593174466
99279,10209.980231149262
77361,24538.823704645667
97823,18146.253342551347
84313,9462.635056600722
80520,17131.155093530677
105472,25584.531965640526
77671,14817.5805681595
93098,34402.54551043821
86559,17044.167784562123
86582,11167.252908676188
79414,12720.276117591911
97179,12944.905396047106
94617,21930.0307059062
85780,6340.029018280908
90904,28010.81123311435
103178,8602.36142701473
105752,17214.808190260952
82636,8350.788640680441
81069,15136.578323160968
76784,9864.573661273376
105061,36098.328775566406
100732,9472.430450637026
106562,11860.233662424533
102833,7794.164553344251
79029,19766.9812994445
91944,24306.381462211826
99849,6673.446718770132
85213,17719.388391378994
92653,22307.29915098818
90824,9391.025558235344
102752,12626.48031204076
106732,19104.33712153238
77076,18123.443273183555
101825,14756.18508814933
78920,28478.139233484584
107404,16533.502356033026
80053,10717.399952998116
108062,12073.021809659349
88256,14684.245763125744
93809,30147.200760882923
97342,12678.994166330076
101308,5207.350066493484
94366,27879.245299992315
88228,11099.248961846437
91471,22659.18377702524
92294,16573.320769220485
92018,22404.972457269214
77448,35919.61360851437
91091,13387.958469609172
90892,11254.105144914582
93754,26576.044179880697
103644,9951.70426039647
101170,5142.935167362265
87238,15695.153096907101
103651,14363.026166040394
108015,19397.752732599078
96704,10431.19404910177
87938,11351.818750087095
82456,13066.341090211321
94735,26362.049954296013
79831,16945.2547448268
99435,13825.086422846915
77407,19721.611157168005
105163,12299.915744252174
90450,18115.487467690407
101144,9208.988830680228
85101,9126.022072759919
102152,11188.1319225808
96445,23125.41863793617
93062,49780.31034850737
100172,10719.224273541802
91519,20242.27626499223
77563,72560.36622816358
106245,14926.305266981031
78606,33743.34436548249
94171,15896.286439596142
82263,12279.732370967811
104528,6039.632674534869
90918,26383.072113996008
85512,11651.123535686396
88317,9939.242545736475
77807,12713.546955138723
96992,10349.328719919451
93802,19185.39589469911
108022,26513.53252642606
97029,12445.0687926048
92027,34308.6601803416
88331,10014.316545250835
81387,13499.38131987643
78465,14919.606254274542
104119,15209.898331731047
86438,8159.39010823487
78315,15760.974780714378
102212,14461.317702751081
83625,13657.666438099714
99983,5324.849013301907
93838,19831.96822086925
86485,13571.494371063125
99164,13314.417978370531
100640,14668.645495872466
91693,24996.321540916553
90195,8398.631894961054
85076,10183.447513985506
83090,9454.412529079731
84161,9498.330357086425
85985,11282.370734456981
84759,12398.49454057565
105838,9863.928208523317
94748,17063.194497726257
108188,18097.75990890024
94465,19483.137214140537
81856,13967.032516606005
102715,10790.117398267246
106448,18505.10041451883
103923,5246.48034016665
79482,32044.938401719955
86062,9155.44655539187
95217,20346.568350002275
95712,43575.16624788468
98498,8164.471821120114
79175,17009.99803212481
82244,18366.27189293959
91792,32886.75278886077
81626,26587.299279900195
83185,17983.464235803454
83134,15804.517561518853
97667,13263.873050716837
90780,15927.83674144771
79383,28547.792894162052
78440,34988.514330155675
93657,17076.086062536804
98771,19984.951063579527
103569,14066.132550628106
84696,24036.668425108986
104235,17832.453915869028
89916,15152.283102628764
108238,13350.368334141895
97737,18075.118547567614
95184,28976.138242422938
77985,28046.02058769224
100680,11663.510008398629
105919,31048.133810524603
102177,11725.988391841825
99133,5356.336402019386
85097,8853.420635005876
102464,6567.56784164102
83036,8690.310281377653
82142,24220.97885791115
92118,15343.373135885708
79734,14264.117679731675
107861,24193.17536490534
98253,10642.828569889274
103183,7731.322548552808
98112,10682.549435508161
82339,24706.678279972894
84875,13162.647231873978
99774,17753.52284842904
101808,5628.708598566822
88731,11674.381069325214
84055,8509.351456741624
87777,9272.911742306722
93362,15657.077745241135
96195,12292.317432587455
87650,10741.620377424184
105329,9875.595591501997
84167,13431.376729276508
79667,18309.94144824286
85111,15789.201976628383
79561,16408.409029986313
81753,35323.344197903716
99584,11496.817180748576
107389,9097.142670021723
77634,44490.53342951441
97353,10811.567786025227
88362,8324.849003998
78923,29874.43835983304
78687,22987.42793422591
79611,14620.85920499671
97264,7241.288274626151
104372,6975.529953070963
88340,10088.751051684561
81409,14630.02719800663
102716,10388.857032576767
100489,8996.690299482098
86616,9269.131783673198
96450,11134.871182560657
103898,13515.63489986442
78965,12985.33635730052
77910,14764.068904369684
85534,8492.686809860676
81814,17809.771903171706
88537,13362.092605414971
97930,7595.771885514447
98346,11131.423802597723
96397,19606.73853912393
106812,30924.22055465284
88599,13002.06453460436
102760,9732.445983639265
94884,22687.215641801464
77319,35195.796767004336
77255,10973.684113356449
79483,17561.129864706596
93869,20550.593277946566
78283,30537.516533229133
79491,12758.067577401709
79679,15789.701403939695
104817,10858.802984755164
81355,52103.70810459223
102513,17046.69003926571
102311,9011.797413964721
94639,30351.268829135544
92057,33573.82137075038
108057,10569.756316620571
78415,25970.070883137996
91755,15747.90359947564
94507,15688.549285696814
77368,25307.401319513057
88838,18286.320401213845
86482,14961.601025219925
103032,10456.033134811658
101482,12016.483657530162
95744,23422.233895375375
76424,11066.526021424404
98537,14004.12247706008
100039,10078.873880037578
76025,17811.26241470433
82426,8032.651509395771
88387,11247.875915444665
100785,9087.900470516337
84030,11761.49565735482
107046,14049.931649617174
80159,10467.684479325635
81743,30227.7919735175
85348,10650.52330318238
79901,24480.377893753506
108373,21422.219788819413
79436,15400.981762986883
83626,13308.293553009436
84211,11670.824210460094
107879,8738.6889133495
107245,12637.494131894066
102868,11293.678927611403
98034,13206.623786749595
101634,11356.65745520663
78902,22166.93184966536
104908,22828.516356004027
108265,12229.701687137805
89613,16144.371929567673
100852,8363.556173471441
101045,11519.655919123601
98194,12918.81990954847
87876,12039.461375825938
88436,8044.46424286174
103563,12015.628139732233
92679,12116.96391122853
97639,13336.790793960563
101310,9688.299006129759
107398,25838.184675207554
98740,6990.730477685914
103081,7111.413095334439
93701,35629.16601223589
88341,10132.262157944317
91276,18419.931134907187
78877,17812.872235710267
100579,5262.29250829461
76474,21510.67325865685
100963,11261.868435795428
98672,5022.123093569472
94737,21003.620180723716
106382,9320.757315725736
90771,23988.626345842502
82118,18618.81335443687
104839,27519.477239224852
88881,7307.58973684519
91400,46680.13687895487
89615,4839.981149877984
95916,33495.60164401086
99952,9590.180478782731
95605,21962.696430981832
108251,11280.648697033032
88507,11625.88224053614
97142,26368.79699137233
97129,14772.773027496003
106320,8560.863991588176
104569,12060.336175339415
86018,18636.1171676471
98054,9554.143531025566
85925,16095.063883578221
82859,13586.436309335944
107329,18778.295009828733
90943,28716.362080644893
83393,8861.2022540033
108091,11776.007560932474
81571,21234.915365682387
102704,9870.69323497376
89511,10815.074830939691
86361,16954.7990867158
86449,10290.1392086387
91048,31595.9402985655
88932,13172.529263462226
97096,11572.993555215297
92493,36969.58362859952
106005,32601.61027341842
92101,21383.58963788415
85618,13204.28222939114
92275,11365.44920400015
104354,9836.252061226369
100165,8844.898257646135
102137,12846.783548496194
92251,15779.101019619839
102299,10270.509995108661
93358,22662.874699286065
91807,30498.43027345471
108402,11820.226344520055
77155,22586.309103487907
79195,23197.688740931935
96974,11055.497251814673
105848,10016.596335530556
105425,10049.425279464474
103620,13300.768560185064
79238,30304.229210876973
82292,18525.444950218996
84451,8015.8752586511
93942,33429.030168528974
104577,9060.923521706058
105690,23246.030422188127
93421,12202.563351027264
94411,17885.336255675396
103746,7251.561856209429
104927,11244.536367188663
105798,12040.103669042057
88601,8410.6826803028
87898,9971.914900975353
87580,15655.945232621925
106294,25720.29803724802
83194,12182.21729074031
76073,22011.281051192298
98161,8792.749088513885
99152,10944.688162367302
78180,10960.062452330525
102662,7733.848574890093
98915,11871.735184998633
103302,11878.227339763145
107764,12921.616492754005
79227,17363.9030112514
96799,16025.421924024036
106081,19046.423493958497
107508,22995.453252288116
97995,13291.820124451806
97586,19985.707589834128
87104,25653.00586857101
92790,51116.0761653682
101900,12919.805890665344
107104,15739.612331318971
93384,27433.283383649024
100649,7854.844993711481
94525,24381.66838046238
103004,12307.14693226775
81477,57684.16666236318
94774,13289.549308392106
86403,10391.814857538642
95958,11234.369129956436
85977,17800.55264912348
106000,23037.322578950283
80189,31462.33345129124
105330,19792.668242514585
98119,12677.261352576741
108242,17250.39905700631
86122,11963.815860749399
90847,20154.461417825827
78649,19428.148466344832
78043,33971.83347869363
83454,17748.787178011924
98842,11122.976872256366
80378,39586.25620003935
100525,8435.491910198407
101979,9061.730877854769
93192,25899.85468497161
96062,9655.409801410675
96319,11340.929784809352
81121,50901.02642298282
96527,14860.03665560741
76762,48938.83663183284
89658,8772.002310263164
97136,12581.999888575241
91941,20744.093983398856
107113,10842.237755074886
86846,11353.601178048953
102674,10489.608008404864
85905,19346.147924970523
78034,14086.278368298556
96919,8374.42465920036
81474,22875.33659993994
92121,15348.379159328711
108308,26767.640635810116
105113,12829.0245620257
77939,36194.23098340558
76253,25628.450312455276
86272,11014.516823479607
103786,11882.577272585802
77663,22358.951299146425
90143,15072.725532740807
83487,13684.954032401709
99629,7414.850856468783
78016,48044.97083342782
97062,16995.389179965794
87499,18000.81454597691
104580,4567.838627516502
92086,20319.837378475786
81704,25130.85450117213
85458,15714.098607417656
94697,22977.5924857969
95730,32750.045857854446
95533,33786.565785179846
76852,13396.309009976954
83813,16638.623447015903
91465,25453.742384563342
98380,10667.335491149348
86923,18819.63278229468
81159,30418.734886924587
99462,10771.150086635265
86553,9671.596881200936
96547,12558.384126074325
77542,13522.31691290746
91704,27049.26761085832
103567,14225.47973371248
98508,11805.1797859567
94989,10987.040671943867
96305,14559.290810030821
103772,12380.709035785081
89923,9280.536275589368
84616,14089.439542637409
99970,10990.929990036208
100286,9824.583276301224
95785,15515.959553754077
77239,11437.511761418396
103828,9148.188530183344
86204,21995.059272446124
96855,11526.630343980893
90132,9820.169573620831
83949,8050.933379368629
97042,9295.425421844671
81439,12002.246686741337
78200,28461.44985171284
96583,20540.027144759373
77935,15331.316484079502
91759,17861.461982781737
104912,18312.491445950785
95613,15018.496935966954
105447,9987.139050362714
89828,10909.290972307916
97297,25775.739472895984
107599,18743.383321004138
103109,7218.932760826982
76094,11848.484681873018
104324,21380.200612813096
82877,16706.28727055476
88953,12809.524290277974
106644,15124.53886108204
100086,8009.965046288812
103949,10369.60609885407
87447,14624.550803842452
103384,11558.80469327476
108506,26513.396281051126
82045,15976.074487182554
86346,17062.305009984542
92643,34830.85150562626
106532,10781.7717396388
100209,15274.357827887516
78371,17417.97046699845
79815,22769.842114885807
99946,8750.275638312325
85965,9442.514596763307
79558,28379.200458254716
108318,15603.348863230005
100907,9403.137401132608
85301,8345.175897275172
86214,7599.943441258487
76307,12767.055264308765
89487,11628.634136932584
90272,19702.75193316802
92470,20898.804955046846
89056,15494.866128848516
108376,12523.005834981748
90393,19377.48167204229
90202,8075.256842667843
95164,19724.49244048406
80501,19199.488446425647
80614,29151.462308093152
86354,10272.085134482772
103851,9049.708989744462
91517,10622.086821930663
80179,30244.855270597654
97710,14320.473756027735
94083,25831.56034305042
83733,9859.400653233764
105032,22295.396823507144
91064,26159.175626063545
94799,33569.040034475496
105548,20475.145493818283
94248,55633.20843949939
91984,23143.22562674196
105390,12740.487267318906
84137,7222.887322389299
84643,9286.764836579236
94173,28305.390869549406
89789,15027.469656669042
99329,8226.99914210028
107125,16449.76748604001
81011,10601.942139763287
92062,50500.54035318764
76630,22030.055288885476
89022,9129.690527470186
91463,26296.626446152713
101563,17088.20969122569
104307,28117.49390159112
95572,21432.219299497818
91019,15036.261368565429
76966,17253.72259192292
76916,31037.93709835606
82319,22542.87660250073
93863,22140.96943181726
96798,31405.110344149638
87072,16994.36329390232
92771,18676.484708649812
105915,9287.891605963787
106830,11386.722290292913
88798,20249.625068168883
81750,11269.989047057794
90415,10280.728122136916
91110,30412.114829047154
82187,21361.267502094848
102386,13874.19573682463
103517,8939.547898098188
86270,29724.515858731218
83526,11514.00367125989
83728,13519.88314134579
76878,12752.6978969011
99712,15996.806272376443
92556,11654.616844028658
89879,8877.781598855207
85276,9244.50058727123
85272,14365.106851560056
82645,11516.147448161259
81445,14515.45570489556
97841,15767.865418598934
97088,18808.18172250542
87735,11049.465800425469
100748,17416.61128610532
94315,14954.353823923444
105218,23556.715104130864
79295,20523.59045609978
85482,11254.50519323
105112,11892.211365397567
98458,12633.770331703729
98177,8999.054625087576
92392,18311.952295981842
106885,10283.75771563964
94239,26479.681646662582
98355,6148.668173893171
81111,20577.87830350561
101464,12112.699065669893
92070,23276.43055885368
98707,23890.261968241557
91095,16274.09458088752
84486,10227.653708041455
82898,16344.35078323914
108233,10910.903404814884
80001,27110.712346592
83538,12654.683895977945
88563,9478.741728395958
98871,10269.04723223135
80645,67584.28846888161
82054,21297.099298779307
86397,11367.524580095944
97865,16428.26856413098
81700,29452.693825782782
100417,9654.451053649247
91017,21500.99084811429
95218,22705.287872752466
105519,10372.836984550371
98097,11023.51678743873
89232,12166.421753116154
104997,12880.821964663819
94952,53250.30308694218
87017,12094.190700607984
94876,34082.74068665961
87741,10432.460472375189
82776,9215.115565701979
106221,18524.251300168835
100602,12593.29230675902
105337,10871.682909835921
94476,19253.929661670936
82899,14659.751862317189
79145,33344.51248956983
90481,21967.32884372368
92396,34186.125218487185
94605,24323.885409791983
101668,9518.095466768274
79742,11410.475662239161
84465,13973.225974133287
86828,11620.579280007341
84944,14729.029534510504
93680,33724.97031338972
85778,8955.274253035543
82841,10503.741891163481
96597,30100.280032472405
106852,11869.470667147822
88003,14347.02118329771
90461,11722.371016764051
91184,16128.238335820864
88055,12395.955132483452
99180,12280.358471847147
87766,15145.93682833452
86691,13934.94511411571
107751,37284.16818255633
94882,28423.50338662317
78637,25709.90552231468
100601,11345.336342382934
106271,12393.043291251044
94355,31306.056368795096
103261,10242.441206383784
84449,8795.124009980025
79799,23578.477128166254
78481,10901.976313082074
76569,28363.691935990755
90516,19483.317012983625
91054,30029.044814213783
97435,9517.861940544473
91203,18397.942876974837
86130,3190.349225536019
93768,29913.490821533524
95494,27550.366751503472
94319,32638.291164642633
83638,15776.040962856869
82289,36871.01243601634
107990,17593.270171428667
76261,16639.296843109438
103466,11420.721622536836
91403,18554.261003006603
106025,14475.556475101046
79465,25360.08290845351
102871,16649.081288976402
108446,12140.250032704997
107305,26147.312407483278
80190,25362.137145075347
81649,13733.245953175552
104611,11608.662001616905
79821,28361.84453059193
106756,10246.885153348387
94209,31603.602051144713
81524,21516.308645031484
102947,10753.741167894237
87868,12778.054782963867
95933,20541.303699014912
86850,8591.248510794192
108381,13797.600612158396
88771,8050.964406754067
83105,14159.945598407596
93264,41185.13360331914
93240,23470.15539128101
94060,33112.73619249651
95003,14255.111951317145
105812,21813.09491045252
76675,29615.36166352969
91421,20335.25482160409
102047,11334.3562697791
76316,16279.173556679536
108385,50596.19429142828
80043,25376.452480502245
80122,12291.442175066468
76885,11548.222253619802
100765,10567.959533782134
90748,6244.802390881704
90799,18062.626666017197
98792,13257.251747594446
90085,6441.159024329565
96967,13123.755071127624
77008,26258.344297562806
100132,12959.99626768373
90720,16469.17621697567
105966,13057.11604396359
75981,15028.969228039625
83312,13736.263509768187
106478,20847.321203458534
107800,14402.124925086415
103769,9603.209009119615
91814,18376.95729934409
92683,23798.0732991016
93319,27713.332756403786
90670,15274.791003493638
105982,19259.041012540936
96565,12248.119271124202
89299,23317.39218358091
87406,9977.019238600184
93260,47648.57191234187
101201,14097.42006271797
85414,16625.177190438146
87273,11540.856841904313
77653,18291.22007271654
94848,24043.45877551153
81983,13393.616254441826
98927,7542.021011687159
105078,14572.176175269376
102825,9744.660560746775
91211,22145.09968027792
83862,9943.985238389016
76624,15138.873044689115
96502,6670.483968486122
93149,36621.00403009506
105761,18982.675703187833
81327,10496.18918141281
76688,14071.906112361308
99302,8296.139963028121
89052,33127.498889458904
106892,18839.555596102666
97157,14852.86998564414
87715,15290.451139830058
104669,19381.771625022342
108522,17777.210914599826
104725,26142.29526265469
86473,14096.05975484735
107402,23234.781328455807
99376,22735.26565859927
105473,9758.068173921438
101761,14169.74589035398
100229,8577.073783568712
104122,5060.52307865158
103433,11001.482187440413
95259,24836.874681499714
76691,12003.53246210719
81526,25220.69190855484
90817,18120.690385325855
106577,23049.549757478413
105900,15460.023815266699
86342,14815.693020188832
100902,8970.731461844744
84715,9527.729593292008
90605,14398.986397172872
80255,11133.698654245372
84484,5309.7094081729065
82894,7625.284028050276
86148,10536.620291667286
100981,9991.682062622254
104559,31608.47899604366
96603,10528.12825407964
79461,11899.978148376986
83864,9753.69395517061
99364,12028.861844783127
98182,6539.07618459793
85145,19811.882993047384
102591,10577.506298167105
91416,33366.92639650834
89032,13523.873165559846
98530,10009.67106674893
98214,10798.504072030286
87931,10475.629024115402
90835,22686.62956966238
82398,28970.022576864405
104749,8754.298657072475
90735,15281.843223776015
105444,18122.78842009837
90324,14496.399723238681
102500,14125.364930372345
106702,6747.0777609293345
90727,6895.983168157351
97427,18336.448538675093
99844,8077.967042927225
94541,61363.549313979645
84483,15823.356463055545
100773,9926.207300046122
97910,9977.317904918582
97461,13142.244140242223
104846,9178.671718189307
83951,14799.964654369689
90276,12761.514410022985
85508,12199.384752387918
90153,11413.79806463834
89830,19427.8882645516
89708,19099.406405981237
98504,20989.655482573282
80397,25585.471974031112
76172,40577.76937004962
85446,15265.842391080474
96732,12242.727867663169
90781,7656.605291300466
86208,10986.162049852792
87814,11828.352102978723
90938,30753.004373479223
91231,24424.099253029406
80979,19262.16620063812
85098,17214.848004307165
82160,49835.153468841185
82809,22921.778439050013
86468,16429.69627372919
104758,8162.2328618189085
79772,31098.195928010657
94343,23152.400558282276
91304,26266.72553329216
88751,11108.350243189581
108437,39956.10634161626
94059,30592.52114262578
101856,9857.872575923513
76319,17197.79455476317
77918,29626.410814057213
81976,32516.85124221976
108377,19400.950449589996
95984,33521.193130348904
102208,11080.366916897534
84420,15261.817972485882
103716,16352.230767611063
106428,11630.811384341003
94602,24838.466334149693
101119,6692.607879911543
77387,13514.10024851981
107227,14662.305295358403
86164,18522.920351433717
85096,16164.468122395272
108198,7570.98492629619
86401,8958.578745186713
86386,11830.824689198951
82726,12343.0724339355
91977,28990.423052831866
87805,20830.281158126545
92810,44084.86774664212
92387,34108.552829212415
76117,19535.720175495073
103862,12972.282526659455
86962,11270.564972331144
77023,43928.664486272515
102863,10651.625533861537
85375,7958.3314149464595
84363,14093.377061539026
77485,17700.46896862225
99266,11164.883571272889
100253,11098.627971896227
79037,15398.357051822879
92228,31741.651494660862
84144,12611.528342424703
96577,10014.519440292144
81837,13686.991856130604
77791,20362.77227655759
80717,16749.30751450878
88865,12673.875360110682
103611,12804.50922930154
96150,24979.163481885746
98071,21892.24991760238
90964,15448.17733278034
108523,25972.72996219849
89431,14198.865285198914
107595,22691.306585823837
94778,24559.94236517163
91385,24605.42142162394
99288,19617.08386743061
82885,16123.041045552332
100437,12953.527217938967
88938,17846.642734694804
98801,14594.946955762593
107023,8299.312731723621
88675,22210.800825922015
90159,15885.911754989984
85804,12844.038295189137
80088,30756.270148009087
94929,31244.966156821592
100421,11080.366916897534
90603,11347.971847316809
101899,11813.419600787562
83201,17764.43076840903
96023,10835.30286481724
102019,11345.336342382934
106863,28923.448218617577
108263,19236.768873066685
100605,10403.493962603636
100998,9562.89763107424
105544,22004.943284085784
104343,10535.784019557716
89692,7701.247306776043
106309,11251.236189157346
86065,10524.805677119784
86436,12560.76973638971
103991,8404.020916095265
92712,51792.87887833084
89709,16201.375750441995
95415,23478.383439026806
84959,19180.84326774168
89069,14030.010392045302
85580,16062.263517541973
100728,11828.569001244998
80638,36854.53521731201
105713,10185.48222139797
98494,10297.772228642787
94819,28131.8755759942
83800,7560.2864109702305
91085,19572.456236815135
102276,11455.004483830162
96111,10485.886079046782
90891,21676.72374115956
80010,11505.856722778977
99501,10774.844660495124
105431,15732.223424442038
82161,12313.27335048594
97426,10494.24537411149
100242,14348.46852730253
102470,10402.959890384906
94769,69604.10991901302
83472,14784.50233975142
81138,32719.640859600622
82719,15982.496239509732
97305,12493.076382855023
77744,15739.252564738636
83536,12896.943433619617
85355,10561.155135883826
84273,12132.664067160029
100061,10337.220030858916
78109,28304.939532996552
86119,17002.090503914587
100274,8911.561362240926
90390,15378.21284941458
93338,28482.726071052446
97460,11861.625254540477
87833,13479.899283454757
107064,19198.80538212747
80942,12704.014789872186
87473,13026.775337613242
105869,13882.149980506292
91776,21837.010624226557
85853,14970.292625048334
94909,26745.289888641273
82407,16021.234449378802
97633,11523.149730424358
80176,24189.462757823527
88572,8231.129121663342
97971,58125.792100564126
88633,18514.049978626244
76234,19107.170962780976
98579,9451.864867911207
90034,16800.549835043174
80857,23819.579998334208
85633,9472.370244236175
97760,17889.548230896282
88831,12000.411090609656
101303,9649.091244714646
104373,11881.95878554687
83512,8194.321861528639
102692,14358.918106894496
87092,8711.853814215749
104305,20256.852512164525
95344,27941.438573446067
76629,28598.19408589339
83699,9638.063416789988
99290,9814.561651305372
93528,29351.256257256333
107251,8490.935712399578
103980,13300.352419933373
94469,32887.06042311093
96448,13038.588143557283
93511,20516.51477557107
101249,15438.463660907293
90543,15611.92808652256
94928,17537.80933110561
102623,17895.00652384293
79505,13728.250316205542
90175,15675.98919184914
77417,19342.460713351367
80974,26409.067052904215
78874,11831.607329853157
103376,5585.073549527265
106490,25819.19859179469
103267,5768.120224354164
92434,26212.877934227505
94016,42255.24928793795
107217,22929.55466299503
100783,6810.374320934661
104306,11027.462367428792
107691,42740.76191003076
79101,23880.145003102192
79607,15324.805340565204
96910,15214.39366212926
104648,16242.315451891976
97752,7454.75043714769
91917,19456.59767124798
78307,29977.107021088985
77462,11577.552947567869
92958,56649.72143505011
92148,44223.55344410224
93317,26165.815085309103
77824,23167.313229846477
81043,20438.462743539512
77339,14698.272529353228
95942,28110.927126418956
106865,19120.389406370843
100781,14978.521755612537
82907,10896.538381175216
98541,29645.023154688115
99032,7099.62891963964
94935,22039.21998022637
88567,11528.504269772406
103765,11189.162852599422
82436,11576.410711043414
87940,10840.177668810002
83542,18612.993360109424
80229,31481.445838080628
99988,8387.333445981469
83379,17082.11593574875
100404,15423.721745572677
76340,19500.5795293528
104105,8718.597769958944
107460,21358.064717127098
83058,9846.400751237745
87987,10097.416668787553
105926,7031.711221640988
92263,22022.484697503874
76100,15579.97966192862
98059,12550.256845169397
97622,18947.647469205516
100124,11324.431153739004
85132,11910.169891747668
90849,9178.50392546134
89461,7689.0361341611315
104144,31347.977354822404
76429,34964.66085720358
95660,27425.28268522038
93649,15288.285933913321
86295,16504.920561575807
91313,45480.37283119272
77778,35106.16827112083
76003,12161.7450188876
96131,10744.666328669144
80441,20688.13216650317
107065,19984.99659726151
87237,8430.34183106884
79135,36791.32037528704
79471,12450.202619406331
88444,9700.488092381856
80954,11114.878435442748
87030,15138.320301106578
82803,12794.421342415946
92307,19744.685714322655
103846,11713.369963537196
81505,53907.032352595306
96454,10825.290006537753
92723,25797.448809160687
85406,9710.195043997393
94692,21122.64221884531
96459,9437.254699711977
97045,5575.884534533709
88125,16217.340496658342
107173,20776.884745059677
86708,12784.792977903538
104799,8786.428078015539
99726,12536.61356433484
83300,7830.309244245296
87117,9441.182892472698
100398,9384.344673240534
82731,14317.31851676231
106322,27907.94452015069
83937,13409.255281282352
76509,18368.621851089094
85158,13336.315565696685
90411,14588.680178148663
79751,19057.844763732443
103864,8795.37876638999
85183,9832.984412481323
83429,13806.710048144585
104401,8576.495409103316
102908,12507.60605575041
82107,20090.097530241866
83546,15865.550313261936
101326,6785.30064883933
83489,18685.957585496042
95464,16716.26992209589
95312,20081.149079197323
76958,14415.734314100971
87284,10247.427715839303
93565,35717.10234783132
91521,26105.557925830475
103751,12953.115814818846
102806,6980.132500432393
83404,16640.757409095462
78539,25660.45779304265
106376,8537.629848851557
84742,20309.24570543887
80991,14860.11962932077
99185,7406.689709540586
81160,26863.162484854493
101309,8202.088411382547
96620,30632.816798101056
85514,8013.981532171051
104504,12560.733230140524
90442,18322.78882016021
78824,19074.080715407243
93907,12560.317186610442
92574,35521.102791784055
87966,10014.497105353008
84013,8648.242475018153
76192,14901.478388681839
101039,11195.105204130854
93377,25403.177630181563
89911,11395.284095264029
82649,10777.194607762523
92244,33668.66183725167
79456,18460.418578732704
84577,9049.649262970825
101829,13446.445115569608
82454,9724.271775590098
90738,8961.299236794977
78614,38734.948558261196
105723,12517.112700769037
92281,14906.417069398707
83361,5415.92410575845
87484,10987.48637248582
94268,27710.81539230996
102791,6061.579436746927
80098,34764.9230335291
91058,16545.146803416617
94029,30245.413401551254
88543,10022.542792393731
81670,21261.134049197204
101579,10462.821201196308
78436,15558.77800439603
106875,10612.106203634798
87655,14753.047240759835
91929,41963.14307594649
91251,21715.257131120306
89471,9052.57802825851
97578,12486.026008012203
82672,13006.56055884188
78444,20408.40592624361
100808,10014.32903374772
88869,11519.554717636618
85357,11427.703925748438
89167,11336.98765285149
106862,21432.239216605536
91281,58925.2557514317
87788,10391.814857538642
95287,17047.183190113683
85680,8071.322881441017
94781,20600.44366931991
84268,12398.056822391509
91867,29264.383867252443
77714,23807.64863363315
103499,11510.900928178684
83996,8237.7894549427
84187,18244.811056554663
94237,26170.220184250473
86917,13741.340622973783
99891,16812.364099704973
100901,9427.83496597261
78556,30365.403893976058
98139,21297.12113390687
83447,18129.572769789447
80732,24028.335323167088
81168,16263.036949618594
101789,6319.636928827167
96183,15837.55788420182
104888,23276.26350916434
79944,55265.439301935534
84752,10160.532142646969
99274,16113.06883831542
101601,10974.384524340976
100509,15301.218318958714
83579,19393.83225914432
78657,15177.760339553717
97894,10829.570126281496
98305,14643.30644769238
81298,14748.822297515035
98132,13364.205669407951
83681,12365.631758650748
103875,11345.336342382934
96447,23697.198361733135
105060,19255.589830478948
79150,54971.49753870949
105628,23249.497898182457
84027,12766.231348933907
98984,24378.192791279384
103343,8872.171913885835
87304,12366.507714226505
92483,31234.967574233153
78555,20545.423689133415
78697,47718.21374160486
102830,12895.205241397232
105192,22118.528976255875
88749,12766.231348933907
97670,19939.780811574816
89034,7350.587813311807
101691,11613.16408744176
79307,22204.159519867677
92856,17478.25012564767
85540,6769.6792099625545
86841,11554.174870193101
78144,20682.62990615303
106175,10109.133150190904
101199,11345.336342382934
106284,15658.283946837404
107920,8847.17784473157
85677,21896.850015331715
80672,34834.85115374487
87751,12453.447662893568
81660,25923.513176357537
104608,16173.620233834581
90356,11275.501638763342
96037,21120.155433544176
85376,9771.714337448955
94596,13365.625140054546
88457,15299.781470083048
92475,13180.271914700324
81195,18562.136056645657
92529,29589.40325289012
96471,13719.773337909874
107840,9980.67616858976
84210,12012.363449994225
103192,13837.0168742016
101468,15074.08186398471
105529,30029.816489995515
97367,11443.615324573702
86100,8680.29739290495
106778,19390.072395557472
81881,24764.515521364006
89597,14441.282377764774
95589,26695.049168011814
78552,53947.821279970856
105240,21151.17208742553
83448,10571.352652267575
83290,10285.18845735458
93867,28679.67698816888
104187,23132.80001868451
90760,17702.28454134258
89599,6977.52006436476
94415,13902.890778294053
105080,8137.6139199288045
100371,14389.535934436808
80360,24907.346257764337
101046,6504.6206874457075
76264,16166.824846862246
93041,20587.69718929346
104160,11240.191986254054
78058,55903.65613289993
93770,18302.71786273785
101223,7888.027172341113
101983,8932.171115222129
98730,12668.575948802543
89800,9196.268413159212
88196,11908.780808954101
97641,5488.260411268435
103870,11336.757630423006
84704,7343.841683092021
77526,20479.49904831251
77738,22303.71311661764
90078,3671.706254243515
94292,27453.186494107595
78838,18751.344012887064
81836,27871.66114305905
80276,26485.612931252654
108312,16997.594779345352
107467,18426.68790449042
79713,17577.856902137934
93468,25264.942919703644
97220,13734.800432114262
98297,11025.443013193499
91141,43541.146190590225
105107,20501.490149726447
89334,13392.036232089593
80077,28454.41584693803
85326,11950.030520429813
88677,17099.616224911748
86517,14205.884151709439
78770,28265.727191428276
82840,12830.296542238457
84256,12441.366284332411
92318,26455.80320606984
92119,20399.314146528843
94970,22689.24414140427
76714,15285.042815889592
89170,12862.390773745228
90548,14726.71402464276
92194,32910.24987161407
78522,19310.142648369707
83527,15787.396749582522
104239,9886.19566007697
98128,29119.27855120947
80712,21002.432425499217
80259,16667.17010065248
78469,30453.361735556806
101923,5766.435603599091
103655,9917.546129780996
101481,9689.245212865731
86550,13285.150572907942
90289,11079.90126380061
86255,17493.833487110143
80411,17982.441436501635
97263,9736.82668240015
91086,12284.05061087099
80675,12921.569702891142
77800,27976.348051262226
76613,27485.60987476634
87002,11443.57431183724
104952,11068.235097435547
94790,28976.138242422938
89888,11441.764648526994
106268,30942.265093827136
76926,13092.658694910513
90503,13888.262863096541
89083,16442.78757076116
92741,11352.020280589531
102911,16626.444470394334
84601,9073.09039116141
84846,10117.578217362203
87884,19301.323028856146
88305,17485.536952110422
85335,13115.888093597056
89396,15937.365811157895
101992,9788.850326453989
90693,14214.426667901644
83262,14196.13590974369
81620,14844.469457518728
88435,14935.466231558865
80013,36555.406103916175
79539,24506.53033540278
85226,13584.190476641517
93522,35492.5915403741
77175,38488.65936622178
104947,10549.983091781174
100869,11274.57223954909
91575,41294.84794338647
105880,33335.14984718248
106564,20456.232600572457
100585,8308.703594546414
107332,10257.727021864324
77295,30687.957814007706
90575,10385.81078695925
102261,7116.54086298962
108080,17399.744890669324
80364,18996.424194808922
92476,14826.872730508754
104078,19370.938234204707
79184,25191.67691829807
107575,10875.24478316183
79281,14836.785618752205
88560,12953.783187285953
84166,16185.323047877208
78054,13910.69680925612
97324,5535.344194369706
85558,14158.057489622526
95710,20554.415474698577
98600,10027.409075280875
89622,14394.286555576875
81838,25708.63165851937
90646,15244.465213168867
88110,7638.647758421253
104085,12844.683262796058
98242,13037.013863308035
106226,12077.250889657267
87500,11136.158567251654
104807,17774.570405748997
100160,10517.535658149682
105379,16146.425641073129
96754,22360.857131033787
84863,12461.68627688008
100130,11382.299935781359
93462,24717.246872185657
91640,11208.95502430578
95922,35962.94597176386
81137,31471.81306612902
78194,12831.000967016123
87308,15949.019625524834
106775,9729.364444298068
86629,13247.88963114673
87659,18839.243025780346
76404,18772.781872652813
87258,16999.888465472653
100560,11309.10292944238
78660,22121.279465557996
76485,18938.707630538458
99545,19271.707761982216
103074,11076.38912340223
77874,20271.046030724367
97514,12823.356360571153
103308,6695.593910043899
94753,33601.45528520536
80045,30530.32894208198
107089,29041.04604168105
101236,8555.419777520225
103264,13811.227597099662
94387,14188.574002802809
91926,16659.696211150054
99972,14346.673436083607
98651,7674.295513999658
94873,30805.02651186984
80722,14151.033487302939
95907,44699.255975762484
87746,14119.315997782405
90574,13065.664563072763
85387,13996.688541659934
84204,9968.247047543673
80453,18545.966215595327
95244,32763.72896521454
79952,15007.212761802368
105770,12558.26734297909
100419,14897.365697758985
84200,9784.070820052613
88059,8410.31193035833
85615,8361.59215613709
90795,6333.517269148714
97219,9211.790284755805
81380,13199.963400274639
78928,18946.134228086084
85613,18846.80012078424
90529,15011.102653437252
89825,10689.649807118754
107431,12021.272106457276
97707,7391.598946177504
76203,18816.774203118413
107808,19474.85450465673
106497,10589.419776732582
101925,6281.768139837904
95434,19411.08464445392
103718,13163.82783928716
103544,9140.875982091467
78735,22834.521732777543
101803,7466.193400982117
106491,25284.470578911314
85594,10504.349911171797
99930,17178.35073523346
100927,8833.03586639913
76097,17175.173588832666
89406,16506.5199289105
103773,7977.66124196299
107843,9966.727640149013
83507,15738.68768406647
89693,9221.432354853554
101441,11565.86917308699
91438,11164.45233354833
82189,22026.391750283325
94224,27006.50792432929
105046,12481.186898303471
105441,12035.107801733555
97014,5603.115826818731
89955,9942.940001024954
85532,15522.79060611296
99916,14022.419376082125
103336,11718.903394862293
102567,12531.017901111376
77309,14051.729556747185
95074,20718.200449069824
105279,17670.139177514822
77443,41241.69692494135
100797,13811.227597099662
97954,7003.755828737171
104854,11500.231126811397
77615,10568.79775778064
99982,11674.290706968894
91956,15661.15768474996
79467,27039.6627273821
80293,14095.006657115251
78335,13682.983019159727
96252,22462.03307384763
94301,26543.655541299435
97832,15859.806583303183
103557,12709.999665306828
86997,12395.116296190934
78106,11625.14427251635
107176,13000.338938616556
102079,11943.704431113549
87624,17160.19711072984
108178,11144.694898807184
82226,12169.616098212222
85709,15085.59055113267
78061,43210.681207121575
98092,10238.682688042907
77846,15455.105992599742
91751,20580.140768652527
89344,19223.714418201933
78458,31374.404242644305
90444,14015.281226657507
100411,7037.829299604301
76272,25369.57327385453
83891,12322.886551556478
87391,23980.70890149838
83460,10265.384831683104
98018,9968.06715992128
99334,13198.854666097084
97352,12323.945191249244
85704,16636.5938369596
80151,14799.3451552582
83044,10089.33272260718
98476,8022.7256119961285
82495,21324.21536162389
100766,6711.424166851042
87429,10235.127785321898
80457,13330.70844540512
97923,13454.969047237502
84002,8323.197465974608
100461,16564.870247019946
101414,12525.688303499444
86834,12908.14934932354
79455,30291.234931370713
89913,8643.575245756516
88592,8382.677511094915
90339,12910.25307717954
94894,31432.405120266616
76725,23477.735094159605
95859,23607.254975256703
92694,16594.136461135866
85619,11502.323098604877
107634,12542.806142386982
101014,7431.841631861231
91174,30270.548300522474
79521,15485.889134382433
97334,9848.381015057224
80761,13411.550034949356
81867,12899.515558597781
96925,13513.08264668457
89478,8710.403001471452
104606,21241.486613809237
77120,57552.04211608974
94436,23135.3164092124
96562,5987.610264404747
100076,13592.041258981179
100900,11803.521679733667
87706,10028.841917910553
84868,10377.354814750348
77447,12942.898935602687
99633,15669.992472151669
107182,42881.78149499697
103805,8301.164033275465
79968,23036.434003900504
106861,28417.68403260183
81356,30081.94537391468
90962,29202.7143272388
102794,10143.75456445686
102702,13621.911085913192
101649,10140.547686905558
92766,11930.370681109765
95750,14940.60323698646
102296,14371.562495672883
106629,13242.203146011328
98746,11550.987347318014
95417,30470.739086452268
91178,20259.359378020992
103915,9386.374584055713
94148,24994.0508470319
92159,23398.549406795944
89562,10278.676221376847
84575,7834.826413081848
98654,7068.888490251344
96212,22779.265188162237
102653,7116.633673017926
88269,11202.480246248087
79684,30027.987925674384
83922,14424.990276694336
91288,38445.884148503595
97422,13473.476975375777
85223,9048.91007811043
101422,13084.369095355947
80295,17382.237255891363
88778,20229.42143154307
102400,7643.041142931424
106858,18246.76837220983
91510,26877.982916534933
79257,24089.72483803845
106694,29380.610612734978
86646,20633.18257746798
100380,12673.867742036511
79631,28054.030155034452
83337,15261.097376097818
92866,15500.55054785279
93764,21380.147098904166
100701,12773.687108042115
85085,8626.866814095447
102731,6557.313464136084
107928,23791.72125322609
95668,24971.162380583806
86229,9784.15581829898
102872,10425.450425150451
95063,37313.212351911476
86474,21976.66017780522
80950,46922.7856715713
84432,7480.477677374342
78964,12159.534398257487
86914,19498.083110611835
97272,22091.411430691034
99757,13980.013756874267
92235,19865.51214714651
87764,12295.843921796017
81233,9102.561030360246
91506,30534.519222033603
77920,12007.048777481814
104487,26026.178489857488
102823,13678.335070999312
96590,12300.692489769832
101069,10300.506175412562
82549,11716.008407312589
77585,21937.539587227417
98854,57238.86190061584
82501,13644.92641773774
101386,9157.287168653556
86959,9718.375194951494
105135,20247.466459289797
100304,13716.664802432404
76999,26586.331538897597
93936,14311.983942898341
96755,6809.848595227869
102115,10362.937890650448
81953,9175.269851841484
80238,50195.36570965672
84324,12495.526271703766
105850,12813.247496190648
86327,10361.517507296088
87989,7770.442835852954
93530,42536.7604010699
99610,13125.853606356428
102129,11169.513645035338
100985,13589.53578420459
76008,43477.13630984187
77703,21937.530622927305
94691,17966.65227900127
103293,12925.341495337056
84439,12401.526835552833
77444,16617.569096648527
85455,13481.128056855188
93989,41731.17524080596
85336,10852.564969305518
100517,14769.398099985892
108179,26753.793214297482
77395,11608.252172404524
98462,12597.561575689095
84943,18324.34423644845
78028,32015.86963515055
81596,23645.792559588117
95852,32998.75964101059
88816,17444.526056536743
94448,26256.076883459828
86470,16068.54438177448
102503,10531.114982543171
105474,10396.230631687637
88119,9543.26214109148
96141,12022.315369546555
85763,10741.797560931278
105011,9879.712221721218
99747,7353.35888327066
108392,14232.952601020226
90949,16530.735587032486
105446,20347.9460397598
95792,29858.364476147774
94956,18364.23886696383
102277,7287.310418842559
77366,27802.772744002734
91112,20256.469455406925
76355,25204.070725303434
79142,22556.333651385936
103859,8180.390172020455
82352,15963.537203898428
86826,19996.883543830954
86754,9813.37080496286
104363,8735.018768085027
93154,26219.593982840503
90930,19349.23139768966
107269,17522.870246090566
104109,7925.56845196481
100487,18724.365262765285
106527,14414.140311553008
96225,20922.429333184133
89925,7837.3182483560995
76775,27496.010114893736
83082,16712.00787512216
105115,24288.87067882754
103481,8167.125790236339
105642,20393.62997324184
92703,18125.077625955073
90864,9347.343121726986
96072,9386.973722959714
98628,12646.532614502708
102378,10713.886240501584
85185,11923.962498899435
93707,30145.693796290587
98795,13504.66857764563
97577,6821.012737334797
79804,19702.117385081016
95541,17165.746330063255
78568,49560.448160960295
79608,22302.066088166357
103860,10101.509612097194
98449,12886.584932374057
91377,29547.04349722311
103436,6009.31588130154
102582,13382.886076922034
78381,13119.729098887108
90999,21635.080824738052
89764,16619.801798064094
99515,11411.518833632204
89133,8649.95505871353
81859,34462.399744925664
108005,10605.49930000149
103733,11002.27402325372
105155,21115.437532591826
100185,7488.344081505404
102347,12560.411723146346
107943,11833.302642100858
104445,9404.444395274884
90149,21741.3092696796
106593,13877.52302493779
94733,20473.471519435065
91481,27171.994189815265
100201,8290.437867599037
94149,15476.191120049578
101639,5191.900519704584
81577,28781.2977512738
80120,29467.98753933771
85995,8428.929065816928
85199,10977.594904729676
85909,14239.535450034196
78676,25130.382761867328
91948,31525.01434641988
88041,11900.147009278424
92848,24897.087944117007
87598,10597.014577886326
83613,12438.90153658225
85054,9888.3731435022
96903,18662.391905298173
78725,14496.081176028161
94869,36416.40304576061
89121,4596.377371475947
79858,45810.331514583246
89079,15145.93682833452
77639,37940.85663699214
84498,10919.800954698972
90431,14529.565776379633
80553,10536.401182617565
90257,6900.539551986894
91607,24110.685664311917
82794,11973.462570604017
79243,31345.490250725034
93687,17737.571157342732
91774,33270.21948602585
104622,7015.406516463815
94152,11658.47084432556
107441,19773.465373749015
96359,12232.073346310553
105873,21883.677179005903
82415,14339.000270023913
106807,12136.040582296626
82732,4807.252828201848
105350,15469.628353987513
107206,12165.899038933076
82693,10658.854539167442
101998,10924.868916750447
107032,24811.81263211116
88200,15798.03789206437
105801,11269.670239599727
86649,9939.242545736475
104334,17788.347880013112
101972,7944.968038514814
99530,9022.437732965864
96201,13543.383256467498
105972,8619.695726300317
100425,10998.061169909464
106763,25956.72324704911
90434,6650.675376110029
88690,9608.461270783573
88747,12444.649228551889
92158,15490.850221821667
104298,15555.553612763806
91527,20557.543820968425
91731,22078.33864098924
89575,7569.0603635349225
107525,15213.367737746094
80805,19299.77379645094
87001,15825.855095725203
76256,32027.147313020752
106726,14658.92269126433
100912,12629.554142634832
78223,22463.38316005247
78232,41146.64706324924
79424,21502.20276100817
83551,15785.60369260127
98945,4776.763016121604
101673,10090.48864255708
108525,12588.070122138506
92543,43223.83812159192
92373,18209.73156498594
96994,5346.098128044547
80957,27667.887497130258
104185,12183.020818648634
107318,22444.96550020332
89348,9205.386336857118
108046,23616.97934098622
107385,21700.818034014756
104247,25183.847964517343
79675,18380.698539098048
95374,21838.109438628715
108422,11987.092138973761
76584,32194.13425500691
94645,16309.930127773514
87779,11318.938325698029
76043,15697.545942347022
101605,14883.668439138833
83501,19132.770193084747
95444,23449.325336042857
92724,45381.01033415606
101099,14750.242168987173
105469,7786.621914472476
78289,30807.468571484616
90064,13355.131103737433
93527,14150.520087279026
102951,10778.501702928352
95138,17269.542653453504
90436,18531.263474367515
86900,12848.800421884569
107779,17302.335992326123
98096,7658.415407952881
89305,14126.118840052894
81735,14656.434281771808
91537,21091.20839830651
79302,15391.348666592803
106769,15572.620668831265
105306,12382.317029812366
106670,14911.760256916892
80113,29399.704555418622
87168,16032.513215353578
90710,5723.55959066134
90995,13862.236852594988
96388,12272.591922491565
88029,18259.614931293476
92389,19043.62852778153
102649,12633.565577974285
97530,9486.440855266153
88501,16174.968997576554
80998,24078.261789655127
89624,7445.806752890575
83063,10293.617147498499
90128,14847.231121911089
104897,10133.960095720704
85490,26559.323308685027
99453,21685.153029788336
107743,10979.884110023857
105662,16365.410700738896
89186,15839.266362381544
93355,22642.545598814904
100497,13103.773195918817
104389,14290.127280954977
104476,12341.323554089564
94822,16568.721872630285
102639,9273.131741065625
86493,8646.342331271802
95602,27858.66431517766
86924,8969.732096735339
81852,12135.502829311185
102319,15153.216371181103
107863,13555.581839331722
82938,17388.66886380237
89666,8332.60085159945
92812,26738.093253417752
97393,8339.120477593131
92386,26481.664404335253
77152,12191.472342735542
107259,19277.76608422444
90094,7592.662035293493
103704,15663.932139332552
107194,22526.26260433517
86326,8119.367053871864
84993,11106.063472858614
83853,7524.093400940219
98484,23607.519263974824
91880,27350.040867298405
89715,7150.481927263387
101393,10187.851847309257
87375,9381.073947546063
81722,14363.497182367173
91249,17276.846704324304
103603,14011.72145151827
96576,11760.33971360617
77094,12482.661489173723
97706,16464.927342343246
76932,12183.951843788614
86648,15216.790323494259
95671,20288.13116143321
87831,13219.941583827987
82577,15052.235957233062
87475,10517.408687316949
99557,8238.949246929158
82882,2820.785578050476
97798,13191.684054546125
99009,28460.69719268368
98120,8296.64421722124
86637,11536.996534950036
91310,20115.658735156605
101677,12774.910249884691
105146,11125.445554901598
99727,13233.653146504357
84169,6562.279169958434
91121,16710.909755130833
87151,9466.211561902974
107732,19636.68840853938
77136,31293.70633761768
77148,8948.53420888532
104946,13373.99671143698
88249,9564.284688475847
105127,13659.159140560205
89504,20963.34794376142
81927,33118.2283432384
86452,16253.167476396247
78250,15131.058689029767
85921,22116.489083787186
81378,11729.061142956936
106286,13308.920681100739
82085,15573.82084216895
100957,12282.076725816923
98903,11495.038297724575
93994,36988.585023170504
95727,40295.30843845026
102483,14349.94933441574
85566,20444.89343578321
97406,6876.5470827240515
76120,12333.54016286737
101642,9744.826745019262
86245,9533.469114097903
82830,12423.841051740139
85386,10903.498716563365
102072,10100.742584191608
81015,14364.22722804789
76016,32843.540199709285
103157,16908.18100075894
85980,14021.417846787395
107548,20658.05678983449
83411,16754.670503071877
99745,8878.888651306936
103338,9334.362794145572
100366,9492.046579674834
107718,22291.377566488547
91888,20364.749408501833
106559,12602.02854827021
102293,12386.839530853713
88007,15767.127297441275
100545,13143.177988076177
81498,17971.951973561714
81632,57418.71505104129
102626,8086.130054830318
91621,18538.148987873705
88591,9597.283998884028
87743,6981.4155601541115
79289,32190.08838100911
79813,29356.31499491003
93561,40827.74537596439
99218,7645.87352532018
83575,21176.222336375333
86909,11619.087521824584
81952,10893.512338025635
82101,30529.961668520853
79912,16210.079085370986
106129,14982.160352540343
103614,9434.23376760282
108271,11265.171901543175
88813,9371.758428482188
105533,26423.672976639948
97693,14023.835376457231
106423,9880.725384987547
88858,10774.958360469423
79568,20638.46426146478
78667,46436.83540544019
106744,19800.394620243056
79183,23909.31016099876
92329,17109.879703926166
93551,63821.36932132477
84807,9184.694146237407
106251,20046.43888438703
86816,13028.136690629899
85547,12169.91184054849
101577,11165.023008915252
103281,9249.761834616475
101919,11246.375221581578
97281,12455.708069763352
85353,21022.775947689526
99143,8181.707841479841
89606,18860.630102508607
108144,17561.62557427658
94628,22522.97446723011
78418,28882.684483847595
90238,18712.858785193966
97412,13748.296848138196
95368,23392.974821906853
80945,31435.831990603474
101657,15555.144844912405
92454,29868.51829778947
79075,14416.53164850956
81257,12716.91181869654
99019,6904.378122644967
91946,14654.08083239089
100356,7698.105816677878
88464,9727.190382349387
82081,16696.426340576807
97199,11333.909243375243
99762,12096.452703110273
101497,6826.837197145348
83716,11236.692202788774
99067,23426.92503170069
107895,17288.839675277148
84198,5868.386902924103
106770,24612.77796881221
87767,14284.330640416008
102945,10633.359489000999
95956,24337.438529457784
81644,20225.078245802666
86278,7493.555817282428
79399,11921.707658875546
80474,14438.77834643292
94588,25594.795952451845
108471,13471.577892311654
93417,13890.457666570877
104702,23318.358293429847
84151,7020.687571037867
76589,13320.066944688033
104490,10845.292521706266
86365,9387.527027793427
90620,6667.39541340524
81071,49687.477226130424
92311,23874.89636534099
103019,9078.442038211166
100231,13555.250978529612
83298,16124.044050830713
97958,19422.02772178163
95436,24957.001102823
85413,15787.809602419604
104619,13904.412618184866
84835,5114.592635626313
86314,13418.245289079938
91780,32339.37566175547
88338,12798.657281029888
98012,10063.175431959182
91161,23916.71816379073
108156,8700.03750831581
80607,15622.92787136838
105607,18915.014492220947
106586,10215.541662458498
93442,10706.876993207845
101779,12200.326646781368
86324,10455.949402673843
101056,8817.11334003965
89524,9069.225405841371
96619,5671.955171364239
102914,4122.16829598845
105085,26075.489415924392
88414,14224.55857040214
94174,17160.36731915884
77296,13884.447296939092
93567,16461.62513810084
90823,10523.49565057217
83440,7794.880148262196
91053,22607.85351315457
87349,15168.12674105338
93853,15913.136923016318
88334,9589.563012470422
97251,14197.922541118063
108429,24985.671534394147
90331,10750.934489801324
86234,9383.210132369086
102632,7136.032043479172
82553,8575.738452147047
105227,18196.661567080282
76476,14101.517858092493
99277,7421.710353473044
107214,18039.47977300635
101622,11568.086953166661
91446,16527.460579192655
102009,10701.132863921432
87852,8671.824916337673
93868,20061.882816670925
106100,25103.193979614367
84477,14445.26175011597
90371,8922.693906152577
101643,5990.916475396426
92270,30026.055440012602
91036,28340.330295270058
93120,13482.120359770981
96986,12294.212892360143
88712,13457.906835529531
107673,11030.72915341243
94689,57102.00433385485
91664,29464.373866910966
101139,6971.641064686717
100211,10289.903000076869
84843,11893.141696215289
99077,11113.992989063665
86601,9495.67363070801
82207,31366.39380634288
83457,9939.516356617263
78306,33677.0957739944
102397,12454.25748052144
103423,15244.169167486445
105818,10712.7472444265
97146,15126.006789894898
95680,17701.507710481874
102459,7788.659609959051
107092,15017.665006171155
92734,35714.60718826671
95647,31694.541023492715
77576,13406.922042871427
101530,15101.94655082397
87264,8430.2171642108
88978,16411.24698502464
86197,10516.832894013016
107810,25413.380547880533
81681,17647.017990044904
105951,12144.484690875914
103476,14023.513602196323
100268,4268.980707616339
92647,20761.48509976133
80498,18776.470429934394
90634,21485.588981047837
86670,15108.39260477055
108110,4830.086613135819
83881,13933.38799196827
77006,14141.81392613197
83528,13829.68118805492
86178,7891.584004235287
105430,9196.508038534648
84321,19444.695692349887
90491,18419.527929706775
86339,12868.737579273595
92286,28925.703364075176
101926,18488.827205747843
106776,16163.092842343047
82619,13887.764992115473
79817,17935.792649227733
79626,18799.939171594124
87043,13000.408228705577
106571,15269.129943916472
87059,17426.241579031077
97729,13321.491069657135
100298,12029.445960741996
98256,12840.957740295209
97907,7534.164965034205
95953,18703.58918247572
91657,44805.5061390624
101343,14637.636360243498
82111,66452.97379406811
108388,15544.070471018762
88818,13745.658919075246
77029,31806.95157986318
104074,21195.028673909404
86201,7897.680747579224
81545,14756.736198877625
87713,16058.827626104898
92371,24256.66224619568
77156,12000.778976573873
76880,25276.37200449196
88282,11537.189677786431
96654,29891.733225201577
97866,27161.40855454283
90293,6484.512047680495
91292,32261.320979743643
77320,18812.480857609004
90383,7991.121498141569
100241,10119.114856169943
107973,10079.831054306078
79074,31208.092017493727
92862,19334.168876964854
96379,12805.807204097231
100683,11099.653646242508
76236,32483.61362640812
99113,12751.664745486903
100305,13505.951448170652
86570,9876.268797899995
93251,13531.037580974124
95890,15852.772012488507
104632,25610.366234445293
84213,22028.479092763493
107818,25702.98495865686
101521,11867.558066120018
83053,16009.823763116246
92890,18121.886952192737
107449,14166.742283127023
84022,10315.65419981912
90915,19357.002944531952
80324,51732.49120366977
81352,21953.826205466743
94642,22815.379641032512
76123,31941.655194980052
79202,26470.665451440676
104174,25432.40440197474
91030,23705.639929352063
107033,18083.095339015694
102759,4783.3194291209975
102192,11017.710881633433
101885,9357.747377068017
97716,14326.440620447165
81631,13921.81698780554
81759,24939.046467407712
98702,10368.088027171
105784,20632.26477633037
81817,23167.58307066466
86529,11233.619611975324
97857,8733.0581664577
82820,17428.532573041168
79072,23168.414292084835
92301,25421.94722497855
80309,16243.802053127376
102835,5960.751568317596
93599,16014.952414474543
90253,8271.94095919762
92875,22283.011700783398
83698,12506.121610014809
104398,46006.5620075724
96860,24450.04199586694
105925,33889.87860630476
97861,6653.687296766873
80226,19790.13587725302
92699,18403.71579367646
85949,10745.827892347002
92215,27572.348295733642
84214,11174.467956345903
106157,11569.73205085302
87047,16660.595438079457
102413,10754.82509165806
97955,11762.222219219457
81441,30903.195835139068
101029,15400.082121389609
91634,20901.120925703264
84859,9800.158319796064
93328,22358.86678816257
97318,8678.597744882536
108048,15027.278557209194
97815,7484.830602507129
101921,6145.922263343151
96260,5882.6825561898495
93491,18457.107906202233
95257,16197.465215264532
83326,29988.85835868718
82475,18536.331744957944
107393,11865.6871266668
94132,22368.97714019894
103233,11798.445183498994
88140,10847.963468859394
88395,8217.679825567298
95094,60691.48398656097
95939,21574.676511813766
108234,10726.130038972875
78788,25530.1485919682
93021,21016.454092528817
98301,25891.74061235832
104221,10347.45563807601
92384,27724.112822570038
76288,30145.41858506078
99805,12432.67451447265
90900,11992.866217022109
77888,30050.9923683654
100126,8663.103413985
82197,40987.995817385476
90987,15376.331120720586
105383,21386.49520233658
100476,7747.911693971462
104238,9823.559483388091
89211,11781.227071026673
97794,3520.586039389723
105692,26348.959819861193
98699,14547.425404465019
104212,19373.684718555483
107544,10728.87086371912
107748,11832.749853431464
103427,7383.719364681826
84063,7540.776322492531
98384,10834.643231119853
91209,15266.480929249137
101379,9407.002948210129
78090,65068.832930390585
88321,15866.72834607677
78786,17336.615934399706
90751,11643.812905481594
85706,16845.94846425017
100853,10391.025882401185
106131,18540.63317788271
89397,15031.274410692356
76263,9857.83739632662
108441,32039.564151986055
88221,14075.040761241351
92526,23638.602419619154
81169,24911.33614660039
99853,11730.106808080316
105516,9775.776568125479
85227,11921.058900976037
101567,9534.082482209937
84331,14469.170046698084
78187,31513.129417201377
94441,15957.999690713665
100067,7842.488982865788
84660,15666.187195438231
98951,24197.63134288471
93815,11684.022251528122
76848,19930.41347953796
83378,14868.267754227085
79966,9662.861347773593
98219,15378.664335766773
89076,12223.766129182155
86619,15700.602228264466
106225,12895.038979845389
76793,35378.79798686873
88351,9332.936270715316
107927,24047.406877673686
93374,20308.166456405615
84067,16703.1636634564
100355,17114.022659879713
82099,32726.034249136726
96457,11555.249538115288
103061,14755.436639361642
89169,17032.403542878754
97340,6545.278485302676
82912,21921.746739463357
82266,14418.78818207068
78561,40898.84233718197
100839,5007.025210759174
85302,8224.475895439284
99375,16952.07797228937
99881,10951.200071432497
88083,6405.041443866402
86412,6580.46970093981
84852,9757.114537011663
89087,14686.936427275881
77702,44882.614158276614
94308,24891.222209689146
100896,7359.040444443697
88225,12589.218931672543
89796,4914.703455269767
101985,6900.557336456109
77360,24516.332267194004
92220,34099.148367601454
83866,14838.102633893934
103140,6667.571249180837
78348,13363.684406928829
95353,23266.67710981993
81413,17911.116591893657
77106,22838.571209010377
103700,17160.27553678583
88524,13213.423983630537
87461,10860.315280392584
78565,33749.12599322979
82507,13545.19029093824
95578,26882.76456430894
91998,18479.06856676193
98342,18683.05192827212
96413,13524.115957543181
78273,31763.544868325247
105735,14236.49660519137
83640,17532.202553803785
100599,12015.569016607857
108024,21920.347859762132
85550,20162.150353503235
82875,9474.613396598887
93272,12513.762890235368
87870,11544.106825144376
83279,9857.139356499933
105742,16809.90336078537
96152,31108.09570839179
97215,21927.169445287003
76322,58960.24598658382
104938,18809.544515501784
81197,12139.946040906152
94638,14066.895325094627
78474,32755.785602426866
78282,14375.707670897626
83765,15867.107567485116
81798,22926.171112302898
84877,14445.951918524876
107924,11975.3771739029
107870,10924.947480636574
86640,3940.868275872079
90317,13184.586581723055
90787,14864.435966608906
102045,7321.831897424908
95893,29642.79177817071
104067,11352.05288880019
83702,10278.491906411613
88581,18616.874840393986
76140,23187.91620216627
87782,10492.707780047023
96924,25845.19564563174
81993,32108.84721003974
92440,27411.08683941463
97803,6541.476611745743
90468,7022.880375494821
77617,27117.41277942852
108325,13434.620947975529
78387,24491.85409719743
93953,70468.5818135926
87120,10599.46209775308
103344,8743.20025630903
86899,12458.913736789242
79585,26863.08800197466
86908,9920.73889584692
101362,12530.613450018665
89150,16099.89543574398
92083,16452.58797893326
81913,15597.054388786668
86370,7167.078628323389
78733,27063.884228296574
92552,26780.173232334862
89154,15247.198102388122
97775,11517.871510576104
94930,50723.321382658956
79476,17677.10640121525
76220,11293.786253964243
98869,11531.729121507939
97474,12338.853296130797
99008,6680.883282395363
107702,25799.053494171276
102495,12907.255403111518
76423,20345.107491340674
76460,12390.526295070234
83918,12296.784086769818
90937,22535.201624771293
98893,9876.83666028255
95015,55922.54224117362
94231,20488.92277998464
107866,15674.418193575726
91935,15063.764704659996
94141,30834.65989532799
84712,11920.574205413623
85125,13867.526949233756
102606,13818.38544072346
82305,15171.831900059873
83086,10885.889826201948
87329,12036.55325438197
100213,9774.969678872212
93661,26032.08343047454
95973,24897.087944117007
103243,6193.059233937662
77036,13964.66720494269
82262,8791.079848062198
103648,9124.065672362525
91920,20619.64168003707
85960,9313.179016445269
92632,33322.00411992791
97381,11446.779081227965
100466,12535.523459439046
77087,12764.561557700876
89734,15038.581802298353
83766,12628.060330013446
91812,66515.49237614496
93927,39513.80956794721
93439,15329.521169803616
98318,9899.279993951566
86863,10662.597603879098
95233,19858.887115373986
78974,13712.837871609174
89793,7663.05910540242
92799,27091.746796799154
91635,20956.554730056752
78414,11146.063742101845
90596,10644.753147408943
80519,32261.118309727743
89515,7922.04901933398
86481,13532.204533135075
92047,19545.471196699633
77635,16884.246810026143
98546,7435.99549109234
93556,13744.101903034454
76764,49444.94364422644
104600,13860.08877388487
107170,23544.74925680402
104809,15066.97035193432
104957,41534.20879680574
100565,12319.216692240545
82733,9279.254209422303
90487,7089.307818276709
104778,7852.834806412173
106916,31364.61701395613
85771,10970.328816767935
99896,10100.141125786786
94796,15289.196440073742
105856,16963.120517174677
85845,15460.305438687226
102590,8571.23203710309
95913,42708.48207757412
104395,12745.276294879697
96422,14889.924727315281
101279,8895.692989026436
98041,5711.539425344998
90702,9270.829075249389
104988,15183.281484139065
99996,15127.134943211317
103713,10238.021881815977
79170,36689.204488254894
80452,15648.362582617016
105657,24651.52220334516
94986,21845.18106329966
106339,13015.842949228116
98568,7307.264506525758
88304,8780.814794698696
87628,11404.008864449865
92003,22777.686114125212
97111,9290.7133788211
98892,14755.900306543537
97778,9470.131793810644
95960,30085.99866869143
80575,13691.11976725917
94709,23030.08692790976
103647,10357.498077327837
87784,9892.250956781796
77344,31025.45608602751
104068,15921.35900087431
94747,24303.77952027063
82797,14434.662810942293
77079,16368.323026625252
99217,12388.223508718844
84624,11612.753082198271
79999,23672.53282098578
107791,11949.49920466731
86274,7903.016783955678
92407,16926.279732840125
98109,23769.68588330929
104428,25888.102790150853
76693,21153.95000827054
96321,8166.199839394581
107222,11261.723886270613
80693,14021.516827273535
87795,9359.990087023123
83814,10457.688605093997
85548,12537.23313959365
103252,10826.681634854436
104453,18015.07527198891
80578,33059.40995407037
103826,5714.061216638763
103199,6158.2995429840175
97338,7505.749355138944
107287,11206.936669527026
77059,35164.43741030755
93965,19500.692743682743
89513,11473.07319413247
83064,9154.462730573074
103490,8748.081804673577
99116,6879.280508721793
99690,13092.52933821991
96405,9129.759166793972
96969,8649.895991895883
84317,16458.053546682317
86480,16307.98703368088
78305,50112.18943255624
96458,15876.908295583975
96847,12394.247724341949
87888,12353.697715429385
92753,41691.848564796426
84191,8634.474189885936
84830,9654.819301488402
100910,10782.329711841488
94969,49248.91147596153
89103,9994.599936053512
93092,17482.528455149564
106511,19121.744000508937
100549,19179.241057417956
90741,12662.067544871466
78118,20042.900955447207
94087,17264.038426517258
87584,17204.899812177275
107254,12298.801159713812
105985,20551.19870687165
88323,12528.222724814921
105221,13470.177609869867
101901,13573.142556685905
90944,37083.537350488215
98634,8843.556314788855
94057,19929.30344915024
77391,13428.008799849806
77284,36358.202335786744
95838,37208.005839781494
105720,12554.73064558799
97257,26646.88177050192
96339,5911.551776907216
81848,31209.993266846333
79581,27521.509768417032
97762,10838.434622379898
101710,6281.2890821112205
104892,9950.595025012854
98689,11404.761449691672
102340,9243.427415714938
103335,11648.526379797193
80348,16793.549796403076
101717,6871.565149597719
84797,15294.453096333815
80101,20363.230686521532
83224,11410.837795921509
93736,16313.306927859712
78612,14140.905019100814
80009,12954.621216440033
90246,14627.596011783382
83348,13022.993626032228
102263,12513.896093017642
84153,17977.967276573625
90556,15022.807348704444
83726,12343.048735380846
86153,8335.461220131803
99219,13255.141884648103
79008,21618.2723836373
76574,15885.89471634176
93345,11531.548302272018
89271,19480.502074837656
84424,15088.90353116581
104788,21573.94091328707
96178,13081.195247346574
90344,12014.159965376639
105532,20657.099076957362
83994,9803.428513479912
91151,26910.206265487137
77889,35521.46136244399
76382,17261.739272208077
97738,7143.084787256187
86371,15277.871963753449
79800,45624.128609262094
79323,24760.91379380278
88652,10452.614216635267
94397,21825.706711535688
80125,11054.647871153767
103621,8682.883835472043
103073,8986.57074548491
104977,24907.88882701875
101232,10993.376192776126
92921,15301.175438213937
96524,17101.162734328616
108206,9987.814312499318
98011,7237.779055773477
82282,52204.26758323416
92162,12093.000397870526
91162,24262.29388820566
98222,5240.754161354616
106388,24780.01908001625
76194,13433.168604489463
93165,15386.44231167647
77080,22176.472957248425
88188,9991.82504649012
95987,15634.960375177434
82919,22194.593366795314
106334,9446.040567476948
92868,33496.96662021628
83314,15115.380493016874
83498,20312.223056205705
99081,9366.512332719556
101875,10057.741540811232
76353,37807.07681070437
97969,23937.171314732164
86292,21452.426513902457
76622,31847.83464416121
103480,18135.87409814823
85818,10225.543774574035
83971,12099.794870096666
97382,17890.769879780037
101439,8874.50892726657
96661,13020.470968035954
77795,10786.21277158249
105731,22032.20183393589
91696,17890.293841578117
93939,20421.579563141066
97415,11755.507012738297
103354,10425.969761677583
98909,22187.523716138134
78125,22256.782436367586
106866,9248.85584747023
98910,8563.11675500084
106208,23661.233864937738
89885,6589.461600842583
76580,10606.885126460505
95892,18752.895606814614
91957,18076.008697812744
99645,12648.762048256023
79562,46356.17271316573
82838,7040.632519407268
101076,7693.863167748186
81361,20489.101442149135
108419,14258.439031300899
93085,15385.022813492287
104426,20698.596194104524
88313,12925.776830798079
104866,20306.594066708818
101788,11048.450799538487
103172,11887.469905990003
98374,24467.476781103276
107111,19704.906328375615
93480,19932.789475488735
94099,67459.61134590044
100358,10622.97951169891
82106,27220.254106316046
92783,30515.163605879632
95978,14043.509754225357
79394,12643.046776476715
81521,23640.492898989287
88260,6749.724777173478
98649,8253.933592871572
81422,22056.170285443823
86500,10301.563834694452
92997,15127.124397162237
107940,11840.51262619422
80225,28508.944868088296
94805,28143.25515406046
88709,11072.046719057525
106470,10628.749570999371
78835,18962.68097420571
90721,10763.213342077694
105429,40050.855643182564
107998,26963.916119174424
89287,9954.084063720977
77311,13977.696093438703
87200,15129.5628072442
95348,14273.756540710074
83148,11178.874244445293
100616,11786.866688007667
81487,56691.90114344149
85031,10082.39115553605
86761,11059.310394684944
108219,22248.60470013877
106290,13611.462915190641
81428,11639.549890371713
94572,31012.62286296316
99173,12726.194764561966
85760,10483.09949141554
89013,22049.496174716056
85726,13377.050127064294
98647,10936.796140635985
76300,43756.62956867004
76204,12365.463879448951
99199,25875.32641906734
81833,15147.557524217083
79245,28934.034500447964
83196,10214.924526764147
85013,7017.090879176117
99200,11131.423802597723
96238,20498.979690350174
96548,25564.338398852975
104251,19538.147906468126
91169,28920.67774201802
91530,20106.55929440277
103143,8574.190184462335
106804,12805.544221378808
108066,21766.270306485127
76048,47152.6753148102
75977,16275.100736796283
96347,10479.810732637212
90190,16938.575686775257
77081,32213.759056824532
83861,6910.829459563168
100546,5565.823748852002
78182,28713.12546871545
89589,13888.262863096541
85606,7360.233251364377
78359,20590.500499668637
97559,15422.304971074313
76721,16197.35212960541
88097,21605.007792195916
87435,7464.608811241522
80798,13332.39281144198
90537,8803.74635320698
100528,7066.3665063108665
106401,20985.55492751552
81910,13286.085436708425
92691,25631.57359575516
100615,8968.134250924973
77234,57163.729924413
78332,25583.029343767677
77572,11196.025364150806
90150,8859.743597798217
105917,15186.064705991465
76449,22754.62117336381
93412,17252.18857042376
86269,14942.225383644236
87995,7602.8689352375995
100075,7076.335608298382
80021,50456.06028017487
90343,14717.80165330758
106349,11057.203412466155
87255,13122.883959657749
85507,15766.162404988963
76232,12117.219603755799
106308,11468.67728232848
92289,21393.566475896474
104499,31460.697053590804
81788,10911.191555767864
100405,11413.916038704563
106380,12879.010915492958
81018,15937.676093264725
83259,11627.894426727595
94489,33911.29163106816
92430,29993.011098272626
82401,10736.643792749534
79510,51502.69048766088
84456,17450.606109135886
98445,11353.525471207106
88466,15524.84080004598
94340,18147.58514476928
104411,19000.171031439488
85378,12680.188779197762
93363,24824.64644999532
108217,27445.948299569533
84003,8975.283567473602
78674,14568.687023499428
83754,11168.946663704026
107659,32483.937871356033
104134,12824.09473090225
80428,14344.50731851858
107034,11562.749649307485
105024,20514.786611571148
105501,16250.685451544614
100183,11743.383853434147
96262,13376.290359574543
102419,11807.638650012557
76520,19583.98260445134
87564,7998.910719334699
95034,18438.820985136685
102071,16136.763259974963
92236,30363.60568274199
108245,13131.113841400655
90472,4898.18843345267
91733,17550.206629380948
86418,12590.84037915476
91544,19009.397455117407
108294,6394.8991088707435
103067,13055.747168119578
87683,16200.794735024532
99427,6107.114057114786
78592,18276.985606399034
79477,29568.287480189032
100575,6761.848488848971
103629,19060.745834739195
86341,15505.91945241385
87901,8821.551639262963
100467,12656.25038417262
77769,14735.504002291598
90466,8411.880124832785
105120,29797.560036605417
94434,24997.765164093733
90333,10465.106948781933
100483,8623.324289097813
91083,19114.535233264243
86536,11819.357856261651
108361,16239.407332989877
102652,16574.33948250019
84120,10867.839822271813
99541,11745.547852509648
80658,14060.564089442858
96028,20617.492882865845
82478,8529.128953719824
99296,14296.830061470011
92923,21644.150206780494
84564,12399.931124791268
83515,12296.784086769818
80070,30835.20114088195
104027,21992.410518126846
79391,24073.081163785817
108108,11110.147314091604
99156,7700.045573022355
94668,14590.559645809213
107534,10960.303319828494
88509,14244.553954245092
78713,35594.944251345856
95033,28642.6440040591
105878,12965.593626188658
84590,17334.51064831981
104297,18424.61246738743
93140,21437.025362468135
95943,47239.51618500295
87298,17979.300657603715
105774,9728.310296607726
98658,6875.467805002984
87070,17351.111614700545
99465,12838.707897003822
105845,9181.344231805448
85369,21020.640276353697
83600,7437.917411911855
93030,22161.73659090769
82159,24482.828047297964
88527,12262.436131682853
94866,15789.803770201828
81680,26042.36038855939
85293,11027.137896308313
83020,11111.905937633688
92112,20033.894963749026
97809,8046.976182408256
83970,8472.3976250826
86745,10375.316785046496
100652,11336.822659026244
78837,22326.781739343074
96354,11182.6517021268
90084,11129.634034846746
84838,16157.458294675307
90416,20562.635390106745
82908,8565.88781020125
81469,23611.39579995114
97939,17212.927432913468
84109,6848.096106346132
94042,38848.72292285924
78843,18775.1072328568
94386,31210.86284315282
79961,38819.26784564466
98556,12668.80934362208
78323,16431.505387875935
98349,10608.728311743482
104599,11732.60784891137
92804,15170.093225551087
81485,28225.45456462065
86984,12166.552557859308
84902,10631.394429676242
87230,15737.47208112789
101698,10851.22738245356
81187,26422.98527615587
91728,23430.328853398896
90136,24141.311444576255
96483,12637.808090639137
103424,15568.578962151716
85712,16145.637937905822
85509,9152.652223757377
79976,22609.63900764466
93406,18581.96658652128
84108,15460.283798629056
82598,9528.69987153963
88086,9447.588358665771
78975,52065.98078209115
78989,22735.668250181006
93597,14894.317747249761
76707,27190.935414360698
99370,26263.20410646509
90372,11906.729100739023
97227,14151.563235970969
93053,45179.67032729541
99724,11155.430100354075
101261,12193.20370018185
85273,6747.680017770872
105019,20383.772564817293
107234,13446.01196866161
80816,35471.9410807028
101175,9399.203797252472
105866,37209.40107274315
96858,9151.270066897143
96226,10199.920172088643
97454,14326.920752228654
94540,27538.515020087147
99937,12896.76126676257
96637,12550.285727375684
82607,9974.318238951599
107708,25968.53705635386
104404,23432.05707460437
80758,15239.229757770607
99346,13182.228837766703
100310,15039.169916861685
91670,26209.597572506747
91353,19259.359027408264
96061,9841.158317759633
88206,17883.82503363664
101814,8540.776937487806
82298,11313.074718529057
94958,21793.405996468176
80444,31177.116981746065
93957,19821.146159363856
100830,10465.57405503051
82523,9941.755010717186
96073,8455.976596061268
87933,14985.131335427785
100553,11465.219512890977
86623,10520.514461543327
87445,11311.290692826211
87890,11389.222728301973
103149,13811.227597099662
102862,12787.54362078152
77553,22530.537958384044
104728,18356.9440777248
77884,29350.379808847483
85105,20430.62478245196
76064,48005.72674952337
86071,8575.393927258381
97148,22337.306266056214
76161,16839.5426520619
82950,7699.719671894677
87334,12456.169690665321
104120,6653.918055279562
104591,6139.062155016868
106665,13815.615257208166
103766,10358.43249635211
104087,8750.299054963758
95947,29696.85934462611
87165,7377.771485423628
76294,26239.469808712245
108455,18501.20889188293
85399,12330.439657603272
84698,10419.599569170516
80713,12070.963921285256
85799,6999.245693037143
100254,10651.782877663538
80264,11103.708937994383
94211,13307.35815775544
98839,23473.13828983048
99631,20812.111650516403
81506,24924.25116093987
76167,12819.610782873153
91308,31656.527659342966
78803,20159.72017836111
92010,12778.833677718585
99424,6915.290301042887
82042,13879.775403123247
89760,9868.355161819569
78489,26170.22903853439
102712,12288.49758582666
90935,28589.26567682623
102912,13102.186699165737
99041,7187.7251465243335
79903,42322.59379789283
96670,8050.267553705559
76729,33656.821916338595
91107,24536.688478635355
87286,14551.597488991312
102303,10456.931843828872
106623,22273.096780650278
86955,14451.865360730455
90173,24253.456704588254
99829,5004.2355817447415
106155,15394.982394052671
95426,57723.36209614982
82218,17543.731956912852
97534,6011.223616739859
104186,18255.67629181883
94450,16497.137430335504
77720,31341.741844638138
83278,11891.672310975486
90401,14053.595027509095
95842,20602.973436642784
77025,18536.621251224882
88288,10397.677461923182
83552,14222.598011175924
91467,28575.298053233088
78417,25778.868439914462
81312,23352.744180238085
106656,12754.089430158807
93396,24316.335996603208
89063,8915.993474159459
94830,17883.21554386222
98183,4383.349347987177
101338,13358.733992983896
86784,11702.104165604022
99315,8590.393012489109
100058,5691.582917583758
89181,16664.56061777181
92271,29080.167687067904
97562,14586.964053928767
79601,11242.991317779166
95361,15758.671310553224
82021,21412.276201912733
80766,13790.148708091698
107591,20427.813174297058
97689,9247.92563798283
77322,19916.15929508807
83942,10122.878524276482
80703,33130.00635558061
84304,9759.488499500292
92976,30063.7728858847
104652,6718.462303765835
81684,21900.387784250153
90189,11634.3891677371
92960,44500.09358844333
91335,24687.78612692763
105310,14144.99791498672
97940,10287.240175854
79726,25212.672142410123
97677,14772.003582170213
76868,26477.188239969473
82008,49679.29666008497
96078,19881.57998695154
87835,15706.446617031184
79247,13761.05328289682
77781,11496.783904412536
83214,13813.711359621566
108215,29336.734938806763
93824,29362.440844521585
80787,13432.515908735431
91615,30568.656807613057
80389,28029.62268855893
103596,13209.924138835482
105821,23227.265843281784
82476,8285.41361290188
95265,20901.75145066826
98399,20853.10750814006
76238,57027.55018133317
99100,5925.302215692479
104714,9674.558138127153
90919,11967.106209884112
83623,22202.8626676996
104865,11477.88321518773
82002,18993.813086601174
78910,22526.925534052098
95502,31930.110396047152
103857,12376.408551479308
97624,14622.95539321233
85720,9063.077584537712
96531,11834.691958293906
83085,15995.308480850677
107580,20628.374727440158
100283,12510.814185513756
82635,10555.728722497526
83319,8865.490713027728
82752,21516.794479310065
89036,19915.079108200764
83309,14502.867461402231
91103,21307.476294197506
78064,58098.57833759165
93250,37621.291794833734
104512,15351.418162715156
79857,10427.752885946022
105526,23459.463567451305
95901,33724.97031338972
88558,9693.368374245934
106352,18291.30333601933
77802,16066.470411924254
87315,8938.965312728413
78742,27357.153306733468
102737,10554.539783219967
102515,8230.942027434909
89811,6987.379930914893
83376,16490.980849293963
81478,26525.082427077818
90640,16066.462975949502
77782,12157.341305567494
95954,17719.733873654703
102593,11880.6365999661
103795,8839.53501857344
90806,8409.825681568787
89657,16049.854492610388
86003,14234.186626619505
95380,19603.90194133399
105152,28539.5926882423
89783,7784.44825958668
94941,16439.104808748758
97059,13142.874677846527
94104,29462.19356512823
108398,11511.40792432288
84930,10077.287085293325
107156,19770.168540443236
95687,18980.76742286824
97033,8639.776775617609
103036,9511.919240951347
85849,11493.64441631593
103638,11458.554273975868
76938,33993.04336172052
86884,9384.950655293338
88711,13386.515939148052
105179,25663.969612919558
103858,12069.029929143806
105362,27781.526406568144
77038,16243.751329824776
98935,19189.286650783106
83763,10098.799674204696
106254,19598.721123298426
96326,25135.837407954958
91225,40228.64029551571
90336,18171.668861357513
99070,9592.7980854992
88213,12318.31947139985
80925,51399.83233995887
99202,13246.948261483845
98190,7653.131391423721
93632,13430.417849988353
103377,9304.208715439536
106788,18889.51767764979
104266,21731.22365721994
97957,11192.872077827386
79055,21400.22213304543
99963,12519.18056206907
104883,16164.326277828124
77565,14962.18705998603
104641,11827.70234159453
92456,21025.81390314388
90989,40935.148086224275
96336,7420.585981659279
75990,13967.077666960251
81685,31913.31639989926
93610,26474.18313362471
92156,22014.986183457895
98823,13903.082530527117
92141,43381.188518162664
87756,9827.362528425738
87211,11819.411373679999
93983,28241.632871188638
87098,8534.662192843092
88453,17365.863520985447
78408,13961.302439358798
82661,10893.826121895188
105658,9625.817570112782
82377,11560.981020523277
86738,15060.069518371785
90498,9057.345538417821
96128,16477.68735445303
81136,20195.764272203498
96840,9979.87728528133
104970,19456.007671418043
102228,11187.547018809442
77466,15079.592882464302
77981,12599.522959564649
94406,64142.97585324659
107110,11147.493366885314
106442,20530.67470004886
90593,12867.444463375536
85731,10532.196144407722
91243,20776.29513476011
88327,14099.453754167822
101596,9104.88507339839
91216,21277.386100421456
82093,38531.14661745894
106882,20389.12968396151
89713,13603.962983292959
93144,8811.422128100401
88299,13632.156026481993
78242,22879.27389600519
93200,28347.03473777068
97874,13986.063444456217
93836,41398.3108172834
77774,26380.736346880913
94322,22994.460029114736
98230,11591.80182819924
96006,10770.975732722616
85959,14902.888975229309
88398,17466.29247612276
99305,5841.330747009216
86936,11906.577237365505
107147,14267.570027862115
89432,16299.618937472205
104475,13584.681119830866
93164,14901.379201135938
77276,17860.119004087697
107454,17406.393207231966
89979,21210.536918342437
105360,6267.307550701027
88586,10198.846311206473
84105,13800.510868951806
104625,15965.2233378404
78707,21798.019816345884
98962,4806.726470252207
105679,8514.003910748845
107418,14408.013803993548
93072,57948.021408252585
78519,18691.828391983145
98281,19446.37434485859
99872,6725.562055512986
99188,3738.181807416319
102719,15277.111828691708
107129,13547.487028649066
86785,14296.438602873508
80533,15798.720985540222
78168,22163.232402070975
96300,25326.922267689268
85605,11556.647522141055
77676,19280.353052735627
86360,8860.528130589399
95177,52577.6910768391
77263,11491.790229486396
83488,18597.325853485687
106949,19570.349436336703
86400,12104.107980621158
103763,13148.061139483765
98495,11154.087527493533
94363,12184.263679521633
101940,9608.317928450038
81366,17409.86431334317
99546,15471.249699791899
80651,17736.601589056238
101196,10481.141385082137
102050,11431.187690020512
99804,7923.864568356719
87153,8336.821316175527
81225,12714.53288098081
76181,26007.92638029921
98469,14043.860041150634
93979,14838.022621996217
87480,19412.89978136099
76369,11556.60491625498
88375,13996.082575751116
79983,12315.088268464979
87393,15807.070248984388
88732,11599.303173717544
85383,10408.65695062766
101126,7802.96718251378
95928,19001.003992713635
103011,7311.028833331097
80083,37088.158140928084
96118,10113.103250324322
85674,14262.939880062138
82917,17831.964989621756
91143,16512.506062384207
101645,11565.244232949546
92817,17846.140870153016
97402,11676.340792045572
83885,21110.14220483862
101758,11221.2959571125
98594,11213.466965841124
102018,4127.769893324531
77568,17530.737439954642
92202,19659.321165547935
83954,14628.21373808031
92567,14347.524344093097
99006,28876.63093389855
90732,14244.435476448936
81955,12382.044569013708
82585,10877.919552734349
106285,10256.452955073639
93620,19260.896197989743
90725,14715.171647828312
92088,13753.296105698353
107174,10382.711168742531
90304,15127.031357551821
104127,18569.816596269586
98880,8475.807686486998
83303,7162.758121718828
94770,29232.938608457927
89074,17734.547616774205
107549,19688.065579360235
99624,20484.256376995396
105181,8541.059544777525
88189,10902.384902480191
76455,23830.990016897264
101020,10783.264675883996
76745,13208.4928738206
89568,17530.8780932865
83478,9290.63854772587
85747,14718.175730033732
106272,23981.19378549708
82872,15824.042262073564
107532,10986.594397998138
90049,9499.728382855978
81364,12397.292364751625
98040,10120.205940858783
102958,15548.317477641303
79260,30922.763204997245
92243,38379.84183979379
88478,15076.027059602113
86621,21113.927659946545
104072,22277.625116322703
90813,17983.624221558064
107620,22215.468540480964
85958,7864.303549535534
91758,27765.211828361444
92388,32960.50566220698
95940,18628.135483777092
95423,25436.563990103896
78205,19597.12844615559
92781,15515.513239085882
76964,19023.668911245517
91309,21744.414143206508
87312,15742.011218103593
99960,9951.619900805945
105615,18892.03898862353
81777,14089.283263648891
90088,6885.7802311479445
101916,10461.209778052267
102032,10499.107263256363
78757,36939.84821930493
85089,10551.934741772922
107536,11876.240051297498
79554,11224.59730277281
100053,12208.851283104377
102087,17007.35317999153
79180,45332.02029035822
78292,11759.646422631049
87547,20633.18257746798
96714,14112.01046576253
101388,12565.800950612205
98889,9431.29900446557
90037,9985.131110856853
95831,20702.079405973924
101678,10353.632065644322
77780,27658.612523370415
104014,13777.492536041476
105304,7636.0914399614585
77837,21605.565718997033
88541,8318.858434672644
89143,20957.06035157017
90294,16881.211060110956
94097,21579.569435855574
99108,12586.094747261643
107044,11218.729870670059
108467,20301.387432067775
88739,23943.068071347985
102441,13188.75959375021
86183,11121.230637358703
106346,13898.321290080334
84130,16123.041045552332
107757,9611.980479763268
84412,11640.399218821929
96522,30090.74083690263
79372,17709.084183315194
106945,15342.761131643034
88312,9271.781325374606
97814,15543.79095118519
94724,52060.717130574965
79892,16121.649507531454
94500,18941.316828285864
102161,12530.613450018665
85073,12220.592948725405
103316,11588.784049909766
81537,14455.606176912255
79187,25234.436626973053
93646,28929.112028036627
84942,10379.516726390078
105305,33686.66844800577
102440,8237.391865674534
99694,18285.058918670977
97189,11096.721975693217
89680,14462.488066741296
104471,11699.70820358294
98066,3684.479114053198
104541,10971.750611334986
90039,6877.479518267798
99640,14145.879815922364
85034,12816.263832211422
105699,9613.57215916017
103097,8201.093472855766
79154,22158.299807514002
79730,21441.20982061565
93954,17042.436795932008
106821,15877.550663924501
108129,10784.289813951826
81433,25121.93379788014
106810,11978.177588086126
89340,8185.027560862624
92137,30390.02498778781
89457,6109.253635117023
91797,18293.484391455328
92334,20933.466137878608
99141,20190.699220768613
104901,19088.546327395983
98189,9496.745543372697
95071,14717.849904389168
85149,15753.703325565175
83164,13629.392036862288
79589,15264.996078726543
96533,20884.473270695624
79514,19309.169821179257
97024,20727.772636396065
84010,7390.768239717537
77716,36618.33874278793
99999,7464.816216054064
91937,28890.040121204816
83222,15844.328270259159
83874,11757.156398343735
85379,9058.990365737842
80923,34323.69870382155
87263,19143.470363912373
77648,13838.682519854416
90784,20010.545527008126
76092,31473.00161962053
85877,9369.04189855592
108297,9928.188808515373
81020,29714.05058388824
80092,27134.430722256926
94008,18043.114196657123
101425,7604.110482807096
81218,20416.8453447974
102599,15855.098386191845
79959,21711.980462595424
88223,16840.134355653543
97792,19318.437466682197
98438,6790.539769140853
107986,34565.45413073752
83947,8052.58610140699
105867,20365.44644193763
107403,18777.847227387418
88885,16048.547131864247
98450,7773.650528219114
83554,8154.887337947391
92398,30300.44854407186
97238,4949.345680249634
79115,52422.34833343769
92394,15312.162475070436
86813,13800.637511017147
106364,9453.054704273585
93974,21784.495520882345
96921,7903.332972874715
76493,22772.57061786901
76358,13020.697713325035
89895,10604.94045513788
91354,24042.90373539087
105589,18424.814398666767
96412,26440.804209531
98970,10952.893228970095
103020,9569.255958927259
87261,15870.738461501553
76112,27418.069038218255
96166,14025.371184554797
90696,14848.755861563886
94089,27000.558451948105
78422,16437.301998093055
106298,11727.831958847371
105489,16298.894223042618
108304,28355.838159025465
102353,7931.83177196431
76411,17658.66422889057
84847,10466.406660675955
91646,13456.694881673267
76141,18088.159895454544
90730,7898.286121365109
100429,13806.326055355583
85989,12368.511437925941
105539,15240.061223168419
79951,26554.79347104347
96676,6862.214608488581
100762,3949.944276787792
92509,32016.56164379438
79582,31852.845348627772
108529,22890.71085106613
86542,10270.58101264119
80669,17894.26320130193
99953,10321.786207818654
93023,14922.603773659477
102223,14175.839354451178
102167,6593.906177033133
84525,9804.73013082859
76654,30798.92632548649
96998,13917.388364436114
94337,16536.39474033965
105106,11007.310873303113
77494,29477.814150419195
91245,25990.068014268945
98303,21853.873586481513
96838,23562.831575662363
82064,14092.108873936051
101129,8472.404345193056
78108,17501.5194990382
95497,18636.596050825254
81175,11339.546285869059
89631,30074.492404860484
93976,22240.71097846717
86199,19880.837354563366
106842,10256.18237773878
78263,15536.195635277816
89187,16809.39228558351
104396,20706.06041331136
87198,20355.02966530741
78994,12631.003676660877
82655,17958.15537495559
76432,18830.274209131952
95404,18625.295538986335
83767,13417.19441310931
87719,9552.671059205812
105980,11772.736895358432
99851,24610.55310365966
80432,9549.447721863033
80344,33484.11007094599
83694,23192.051957051342
96247,23133.748969342458
86395,18421.608500835526
103276,9310.792655585008
80262,16396.38200590778
88698,6556.920844387685
101575,10002.154616195608
101293,4563.135084802921
76732,16587.172423623553
108287,20726.170211095665
100140,10025.313523819734
85239,12450.679103063829
85252,14460.903142230787
77174,12701.644773757886
86250,17809.783145589372
101740,14354.965219093643
108134,6660.195193946075
82406,33642.12524893991
88667,13625.64098145213
96978,8754.692040190424
78635,17860.7921426397
96572,8209.195630392087
87841,13909.16790580827
77951,15838.264981365015
77253,12048.690797464715
99102,11019.081757292523
105959,9457.325505974453
91687,30494.693325205782
83483,8164.274726245864
80361,44378.398146942855
94647,11817.641034480883
100857,8427.27909014458
82465,16240.633099607197
100672,8897.531200144604
88369,17802.725215219518
89345,14333.23558799533
89610,7729.178167790124
108452,43389.86945173517
77913,63355.17117093656
94990,39811.27231813831
78501,10755.204723827728
78393,12190.553696330462
101975,8668.244017025821
93585,27902.954115993456
80079,28281.063763485203
92292,31616.4528472335
88595,11451.639507262735
107865,19331.662697917523
106687,18459.755612330624
101741,12910.550803346767
93999,17229.682144149607
107722,15144.43350919465
80167,26299.64255166995
81844,10593.677564282485
77048,20021.223560797043
107873,19622.205502437315
84939,11982.830134313637
106486,19334.885394361267
84683,11442.984435585971
83721,22685.822732690263
95371,16939.153002054005
77370,25959.147843737825
81285,18365.05410169716
92306,14560.311014799898
107739,21006.67639284291
89483,9945.040764143474
78832,22977.064122837248
95190,33150.9752770243
100747,8833.856958631291
106957,13273.766909381071
101143,8985.70883159568
92745,33664.54912709801
96890,3372.245876454451
76809,12604.497998681538
101202,8995.762742017796
98845,17109.233671825776
106599,9092.820444736071
102195,9298.140063780302
92630,22945.35176539632
94558,20892.699955626227
93959,23949.14522620918
77993,28307.923770550402
105814,24200.526686285502
90144,14677.082586840246
102474,11136.330652843348
93582,26730.180304470894
95183,18625.55844450255
102451,8695.487468907884
90109,6129.400635158994
78889,22201.302568774612
94338,31904.803212313946
88104,16658.78095124011
99955,8775.036068889665
91274,16621.11697268317
82254,30523.373478287813
94279,20033.818058631936
84677,12243.24772936871
86814,15373.667760422668
107316,17632.547672123634
108497,28417.68403260183
97403,15532.934276281128
104859,14372.6704838417
76106,30658.800298003924
77307,29727.832602475326
105083,15201.915038782015
101644,7384.216769183568
75980,27527.674431267504
80678,27890.919670597923
96987,6702.759484377583
84261,16112.666856811556
103391,9114.508424764666
84290,7833.212271659433
103179,7869.445831247038
92887,16832.647806825906
88486,13870.606168670516
95325,26525.72682944757
108122,10128.637381426533
85364,22658.16925788139
80688,32570.915836071494
84356,15648.894955779459
82717,17954.58668771864
95166,23104.315528094536
81154,11853.349233875151
105294,23198.39688641354
101409,19328.373012949756
90808,13640.331824861953
91000,28800.847843284024
107931,32877.12385628093
80058,19686.243186963013
90511,18645.228659764518
92525,32440.498685725535
90057,9489.610787317706
80266,13671.05081272953
84467,15236.17612832128
90576,20318.938071771485
82575,14112.35813507282
91601,17494.339041841075
80196,21402.73319406344
83418,12461.497049670832
97121,18042.962595155394
102024,12022.27363151373
85225,15108.06819710544
107001,21965.601344078786
82592,13402.615340528033
96681,12480.813579735743
87462,9571.454130617336
96787,14586.981807160284
98868,5363.999877354712
86472,18980.022677861412
91250,18174.851052667174
84328,10188.981523627606
101840,7609.263013973188
78225,18965.450634736673
81026,10650.465539331139
82325,15897.947390975882
106596,15517.493746192109
99810,15126.717111922608
88054,16639.876076002944
80041,36193.69750826503
102577,9080.779370688513
95870,18776.418006601885
76937,19374.532768246478
108359,14930.098777054794
102482,11005.153400405869
105228,25047.88929224198
94110,37676.674097917
91022,55844.072914746444
84243,9804.147392268746
88868,15907.694283509314
86994,12165.310548113303
103924,11195.620318571906
102415,12907.118175797637
89954,13151.569073189756
98212,6397.8174147843
101117,11570.280400020218
103865,10175.141277649029
81944,15149.198078141706
87371,13963.224332430427
103778,5442.913399877267
84310,15914.090204970462
78146,24152.659133221245
83910,15081.713106496394
96498,30185.11945213387
103937,6759.973830841999
97439,15775.803066254623
85156,10773.28795157513
93197,23966.174649693243
98573,6945.441471499671
96816,14334.41593927547
94610,26585.009058897387
102536,4647.878009672156
81021,15284.287559266184
105037,20741.992134606968
82891,15941.710754995986
83601,15694.13971428479
93413,16195.883893522603
84517,11130.156228709933
98296,8524.26524676276
83442,11892.452713467646
83641,8585.80045434672
106454,24955.12628539917
88540,8369.56103297105
101350,17345.89504219327
86741,22198.546118306585
79411,44787.140931615526
81400,18232.560168794378
92460,12904.818092204605
76076,29341.387095854083
85593,10838.85247013932
99476,10975.504336038935
99991,15841.486270755586
80184,17225.347112252188
91365,43379.962829729244
87967,11046.249544826265
97960,9311.744639585377
106216,11025.470523512544
94470,38732.828170313194
105054,20708.205060900822
76801,17197.576141723228
84376,18575.868522754063
95818,30490.311495858492
101354,7704.747879549238
81184,15392.87008631593
95386,25319.32190875083
94813,19407.962037609148
100188,13462.319732841604
97816,19259.771125149102
101948,7028.28802917074
108229,26147.312407483278
77604,22479.4707402598
103052,14603.373480830976
83998,10523.907533481768
103163,9911.515870816205
78407,20957.086467858004
106267,11300.184655480765
84808,17321.860963002026
102176,7669.754299534721
103807,13340.780597721892
102936,9497.482724031635
77803,17373.80657761406
91153,22618.631943066786
96806,28642.105174234435
107797,20506.942327771998
92654,13359.693367738246
82110,37446.97038267032
92570,17816.90214823632
84350,11349.972872043925
82022,33001.13557670486
101036,12658.308042228779
93012,15702.312062830046
104053,10679.493253739998
79339,25899.471147492026
79767,23077.30876238338
97252,15282.327936022211
95098,28412.771195115824
99791,20877.539013334503
95121,22142.714451927615
100598,9372.87819854515
88806,16895.110659252718
93433,16529.668153753886
85064,22457.701790281335
103820,5338.657149062003
86190,19765.988702361796
96438,15518.144237903685
106282,10073.16612056688
93667,16865.780426677036
93191,17513.396483373057
103899,10880.39673356034
93568,35944.9314948211
104546,24860.571945116528
80852,31488.297135380373
91782,17759.009190695673
100867,15352.762517562169
96727,9483.959789811091
88787,12151.596919322166
80175,15839.76264012804
106215,15433.661005933094
82884,11035.45147026495
99701,10044.309732833102
96972,9832.832611175269
102844,14741.574947662253
85912,8903.00029211278
105580,15305.500067497951
92949,22692.26329262753
95794,28664.046386384565
81410,15271.895583317711
103413,10619.622229066053
94880,18782.88482926759
87634,8387.848134192525
94036,21310.182868896078
82130,14278.930484547916
97256,13256.543844916592
103817,9245.629161489318
104456,11086.032097229667
78003,13397.047291718598
104097,12599.376681717835
98797,7494.232521866585
107315,20542.864061133852
106755,24001.073709899945
81147,22942.091190189603
105271,4888.395096562192
89017,9812.7481771076
90194,14969.086175196011
106608,6022.828241394264
106146,27870.24718900123
105471,22874.59807091353
104538,10282.292202847077
78198,36979.33117246441
104720,16917.493002571657
94900,33304.381202590695
94045,28274.069925909356
100816,12497.731319552913
85400,7534.609800086722
96876,27156.617116275796
93515,23546.048919257137
94077,22457.60896791065
87247,20174.874650443333
105067,20192.476455502816
95538,44479.742435709595
79301,16439.210429520142
89679,16501.67580998196
90677,18515.22491403549
100348,15623.283738808575
82373,24320.254307625524
104030,12839.307673161806
91200,30242.641246758023
108132,10017.45165349449
96587,12938.08353363466
92498,18990.886356761406
103409,10808.945367564387
91232,20761.156598891917
80016,19679.67849921013
98705,9503.307795496767
94058,64521.23396068919
107248,14590.317535010887
85165,6970.454396532967
87202,13635.288636498424
84291,13596.934737392205
96682,23551.762771948826
76451,35258.21039509289
91004,21818.792500158845
87541,11901.852557505685
84735,11122.752731534016
86029,12514.337455899706
87675,10401.59751750539
79434,25187.656459288813
104691,24379.592656516714
95401,16103.235082098421
103975,10874.779111045811
106441,12703.411612837443
105335,22375.187479751094
86453,7057.771942700178
84490,23989.749800647613
96908,13470.862585933828
87472,13479.706772409558
99908,6870.779578487753
84898,12370.556999954564
87539,11863.733284109847
100666,9661.434380382669
82231,20809.196261710687
92648,27749.661989446842
84694,10035.888553356135
81594,10232.395349690498
82685,12728.67823361134
76620,35691.95376699293
76943,18207.726325687756
80231,24641.162073406653
94782,15172.546610427642
83815,11045.38618821829
101713,9295.265970989609
86358,11754.874931526667
98701,15659.16809715533
106421,13359.025984415575
97920,10743.586903023237
108072,17645.245489497232
91315,24819.189208743264
98550,12538.11897237851
99263,6773.15178135354
95373,16999.917923185847
80445,11058.630554511345
76982,15573.5814025189
85544,9530.998213049248
101977,10169.53099360818
80279,20273.968811241837
102808,6723.553469960178
107325,12696.710559253015
79988,27995.812511400476
83473,7633.988350515205
80074,24499.34991296957
87094,16448.196995544586
80523,18539.479540460765
84129,14246.703175095492
100159,9138.326858270593
94256,25779.191962003137
79199,27567.584190008347
106674,18625.421518797637
76299,14688.072551829511
82217,34408.02114710377
87294,14284.139842944753
87361,8157.187310511055
105782,12969.949366550594
99109,13259.338110732619
97733,21233.058670215938
80963,19672.845029313794
105129,18230.74791396746
103322,10698.543688430327
90068,14262.553096697975
93845,17651.94684972427
104956,28159.70985104247
103473,7733.52791334906
78167,21751.677447625836
80718,30473.774000312213
85621,13219.215538924378
88490,10269.096223827366
105456,13345.698570471624
98490,9011.851997099959
86488,8175.089140965906
107303,22266.00126725296
106463,10533.379387735951
100403,10317.49460252006
86991,17587.986817103494
95381,40490.48892128865
85219,10800.81813418514
104635,20551.19870687165
99004,11802.579790003698
80747,27619.930010263848
97854,30973.218215369518
102646,9125.69985919435
93364,35021.57076638979
101209,8891.714302680753
89140,16623.311777196854
96244,8671.015255882881
93727,18678.78578616212
82138,24018.643210594597
97759,19086.338162543212
86015,14178.050697354258
81090,29966.339120456338
106085,9569.874153219369
101600,13908.327089073455
94831,26933.362167532618
96566,11128.460961060802
82361,27264.252552015983
80479,24054.693990300446
82068,10673.075792821375
104750,10137.624346446175
93539,14066.080142912646
98127,10702.736672775478
96971,15419.517410311426
94105,20273.035841468278
95326,17529.412550122528
107438,18251.649113997533
100536,9152.918711045266
92659,21573.4007302811
94809,30023.34577344193
84186,11067.328355076896
85631,11791.63581255407
86381,16235.328581861411
78721,25000.326366813715
91773,21549.466712889825
90453,15467.472375872565
107225,15732.639423644136
89949,12750.56795327856
104531,11197.924782422397
76979,14198.250162050103
104743,8529.027206732317
87731,7650.679942495819
79915,9716.367884685227
105072,28079.90834099789
99332,10969.953631029273
88800,4895.252301216388
89522,6542.099484268923
105361,9668.06134019218
96528,14857.515152234688
101546,6731.896215342721
78680,20162.609081119605
87029,14474.94790827521
80591,55787.43145917987
79887,23878.161195836696
76107,38979.55243550187
78272,14509.576028483669
88116,12041.664561418913
99644,12386.588489194217
87595,19483.557325508868
79324,15348.060993823343
76408,28873.994200051617
79173,18386.39617102623
95084,11941.299350442023
95455,21901.76831608167
83809,10560.261287914536
107320,15649.367886585449
78828,24900.20491625318
76284,16825.220670018614
105622,12130.60000019614
99344,8789.598618251803
79395,18942.763636938733
86906,12014.231275681586
107576,11394.755083215694
99418,10223.951072542703
89050,12289.697574504182
83758,13083.372063913701
76289,34964.354166598285
95798,38675.138481209884
76119,27336.77615546359
87583,19951.793460253786
93110,21220.135559241284
92911,20407.95545364519
99758,8183.0520962204
91697,28844.506572210536
85260,15181.273978633677
108475,19500.0661009598
84184,9234.925825669989
95737,41595.30931212971
105286,15062.44229598675
105354,13504.990524792745
101587,12270.063767242025
99526,12073.382443893068
82328,16777.408199773698
91052,15000.453484082624
81332,47699.270837094205
84562,19024.089944232852
86175,19363.95875708766
94828,33049.26619040784
76792,35931.124918392146
80436,22239.104546375067
88143,12177.826765633867
102644,13679.485802864245
79459,22755.267882626635
82225,12724.772903929535
83772,18253.727006793102
82109,21188.24540573105
102803,11688.707825904241
91947,52351.491388802555
88498,7704.484012310991
104204,16078.453251744118
103303,16975.915630000007
95989,30478.99746041989
90917,29659.696989331365
104994,14085.459500470351
91408,19677.923794851788
79084,25125.34842594286
94840,13732.696686128054
103127,11449.615979975304
93504,15290.7866009548
88642,11447.175201995473
95535,32079.06629963374
82775,10809.379739508253
96490,11385.49006304184
77545,30868.022557876597
104939,8287.372338601093
97679,11488.782965371905
95462,14783.41045118339
82601,6169.631214525765
91541,27046.962802583672
82997,18022.561344555055
86757,6764.792965479326
86498,10492.707780047023
78468,23022.99446412167
98262,22911.432462417866
108488,20475.901255841432
84813,12693.17331294312
84965,8294.959503811084
78478,27626.265205608543
98819,14451.411009324596
101543,13684.651405459574
82061,17503.979933940835
101359,11409.974765783514
107203,18334.861981888644
98811,23664.937116003442
102982,11177.707723374142
89603,24131.11509601144
95083,58808.36214342562
102426,9414.58700194005
88264,15765.767808440678
87119,11300.809192859138
86554,14732.41480258202
103454,14603.373480830976
99382,22785.450498245737
84255,11529.587001426316
101580,8352.02600049037
82690,18844.30556839574
103650,11030.3668627791
92587,72017.43197286643
92831,12609.673297974836
104410,20313.860418682387
89264,11287.369864335511
82865,14906.1908141307
76984,23575.290856562475
94265,22995.45411913387
76786,11700.850392942064
86379,11459.828254831711
89735,12997.585018547792
97066,11991.74152791044
77007,20693.2582483241
89137,16937.518594082638
78243,16681.343188844865
76669,31479.528800609347
89281,20467.444417486524
105621,25369.21460749982
84020,12835.088461619776
90142,20154.09715236801
79677,21185.423611696773
101025,10788.519924214741
101821,10984.150515839317
77424,15201.87782246953
80188,18543.8313907983
94655,27314.288476574708
85282,10946.020293065081
78763,14274.98654963942
85774,16367.855935040368
79278,10865.702961975616
84460,16357.486936866138
81489,23925.04282526308
90788,25729.02058749667
90191,10365.747947445756
106772,33104.85703602517
108112,23021.620060777877
84380,11528.71762061807
93636,66042.13707206774
103749,10933.543903103393
93435,13587.404851265466
81394,11905.941665700957
82146,33066.97100472865
98362,10539.360271167043
88250,13899.141772024579
107041,26652.419597375057
103478,18680.85519758114
89273,10338.384083211296
93583,33622.33858895625
92107,23360.358981748297
79557,10115.65285077084
77861,11086.039816683216
84591,20436.670172234015
102756,4804.009787395343
91798,18545.36149855891
100309,14603.373480830976
94987,30793.930597163384
89991,15402.38811158264
81523,22416.45586589718
82815,15181.300143779741
84366,13588.30850569067
105609,7369.8730638131365
89695,9463.279331465767
86242,16258.421932214154
82477,6718.258733923645
83774,9275.409353423242
103676,9174.650884639886
85371,17412.044785729286
77386,34919.43300718033
93572,11050.041128048248
77535,27022.261579262376
97174,12645.289320888209
78330,36791.32037528704
94032,14036.224981153286
97537,16227.370029968619
93975,16255.14171030639
80657,29434.170092544355
85971,13753.904140954424
77536,12921.245622788992
81757,15300.635274338716
81232,25043.30783029289
88606,12016.998132016975
107709,9237.401888725313
79596,19150.002551198868
85671,16978.92300187955
93617,24897.087944117007
104211,15107.165542688015
98843,12839.361420306686
76153,53210.60262215273
105258,12198.960687662957
94812,29330.042257504647
82892,16552.172565894118
87816,12712.292362742277
90058,6268.28072006134
95471,11201.334506222141
90419,13167.651164410003
88777,16055.053873994319
101559,10093.692771570462
86808,14498.44009005901
93637,19729.975732895553
81562,21192.44043338772
76442,32814.527106023656
79967,24092.48960261827
88683,16609.536900123298
78139,12096.573374651409
86530,10014.65634823832
77000,27570.294773765057
101915,10811.061371454989
90706,11700.944528584965
77396,17231.781962635276
83475,16974.016327134334
104217,17872.048500127676
101461,9506.381847102497
82676,10508.610942835649
104438,15026.565506653114
94757,22483.094154793544
84916,14877.570456018517
85934,24145.63695624107
93051,20657.678731545777
85136,10803.134126798739
86448,9801.67266936048
102828,11190.497621911527
101564,9157.66547588545
85740,24039.067056082764
107725,16883.02463000881
77165,21544.991919590466
107859,22129.354745402747
83065,9358.30947636888
83470,20229.571187577727
82147,21087.30277232494
103691,2959.729417228071
84024,14352.843793987879
99630,9168.06754552781
105243,18771.30121816211
103804,6637.690729348821
80130,13901.389946876552
97317,10308.85226307505
78532,35131.64118744221
98989,8733.32303033464
87716,9388.11539549651
103640,3846.3468112489168
100541,16945.704872425238
101428,8359.199198104625
100899,6431.42251865214
91739,28985.599193518898
94502,49377.71179392547
93919,24405.40326381336
79707,51171.07608841327
91516,30016.364643779234
93156,22492.056404873852
93340,30483.784064276315
86892,11954.80553687815
80420,15081.793073841949
91660,52719.18654295926
104006,11293.565219742031
79833,35557.27473095098
101663,9230.12790888326
102471,13683.294482663801
105380,8319.403657481831
107076,18239.98642512106
97009,23016.68906234714
78577,30629.632426050193
100281,7082.000145517581
81075,36142.78135776234
105712,28753.041372025906
90807,14245.128211926221
84240,13641.14078218922
96951,20037.644558501328
77270,21087.591856821276
81760,11443.461698115842
92040,37041.57834928084
89339,17282.30183648117
95256,20392.281101891665
84788,19166.53071054299
83686,13863.728607837587
98633,9804.351894922333
76608,22176.596642887802
98918,19149.79937737418
100264,11605.273724688639
93998,22430.88510214445
90051,7964.85942648569
100506,14259.380897847277
95747,13689.25963585117
91393,15724.34284044403
101051,13832.096113466174
107844,13655.133488721218
105479,20366.03972400212
102468,10696.879572248667
106785,17341.983081522616
91577,18613.747110570428
80832,11533.93743744092
88616,8779.796062472053
78897,24324.709384094956
83228,11538.201353983748
90389,6841.204983589351
90154,13136.046366651597
107664,22149.445101985093
84602,9043.214705962533
103155,7191.540503732432
94290,22653.12643613938
84292,12762.106756670957
82455,22367.26033700169
84453,8718.606522157881
89161,16842.94887977942
104207,13814.513337730503
85660,9669.523289568013
80032,24242.60758283544
75996,23233.061215146216
83712,12340.112639738982
89784,10987.155555108657
101364,5122.713822932931
79099,21108.78255436388
101423,11313.505438145667
89977,8156.0381928813695
87688,9394.894728900352
87401,17412.27337841803
90723,13851.795878943281
85875,9177.217815779935
106387,27148.25858840984
76002,13431.429578830828
99436,11113.097820741858
107239,15619.93917002747
80251,25836.98374196213
85127,27377.279891561637
90351,9369.318348846013
95526,24319.749952458737
79335,31982.505473074434
104754,12185.157592081725
91081,29315.965731704506
82005,15523.044160841406
89414,22964.89303885058
102366,10509.133786927336
107017,9024.040408849016
88810,12064.725921736594
86694,7557.598487367752
79641,9738.244024885353
104863,17192.151773846443
100526,17202.691462551982
80318,18932.4610303188
100931,13061.50438153926
102375,11856.447816745384
78617,22389.68458668811
103552,13059.707954082352
108268,16762.05906185186
77842,13701.191413082746
88774,9766.490407787696
82323,15333.920012076796
94125,24557.767832517668
98661,9886.711225459332
100997,14685.9645760719
76933,10721.256761192784
76957,34026.99156287666
84347,12737.040326665874
102000,7869.433682600183
84626,12929.967080052926
82214,41126.963190444185
105909,29252.83168723633
107442,11875.340863461919
102342,9343.408223210643
104461,19457.43406713785
80095,50223.82074170216
83558,12598.237953599815
104376,20976.16970398915
105494,14795.599069407093
81702,36312.97675692758
108056,14363.735895661446
84131,19422.36316207478
94242,27401.78951311697
102987,7655.471297431064
99643,15144.65882306287
78954,33844.124553760994
85511,18751.68068548445
85380,11862.497583253042
77232,30402.28385606544
86585,9602.977132969754
99729,14501.9551133934
94946,20612.036640849612
97768,17445.63023391149
83855,18848.902360869364
92397,16454.741630810004
90311,10542.07044966102
99324,7706.411747195509
81167,13252.541531066074
80030,35272.14463460579
103679,8230.581311267006
80164,12366.871915362657
103198,6489.055231787624
87658,12023.680448142914
102090,10777.692377786934
92710,11728.817902656305
88551,10012.532965110795
91001,24506.969937455007
100653,9902.732189864737
106050,14279.23382291117
92084,14877.038600681555
77402,18392.349429061393
101296,8226.871351434289
107242,15510.83626292539
95646,16623.086839874406
99126,8005.0832030199235
90982,18822.63678675214
94896,29279.622417571718
93011,19366.60228739753
84607,15989.36657146507
83352,9138.963155365516
86097,17511.164519275448
99312,7559.939214827023
77584,29921.031138410926
97372,13831.065422986985
107179,18762.349683571803
105835,15286.68470051097
92924,23587.100824534788
90798,8079.726987435564
77487,18525.93080302039
87523,8735.725452195353
104328,28851.035205696375
91404,14554.29983216787
105702,21202.995787683853
86051,10218.128540816357
98136,11372.035442050508
91149,16918.51259600316
84015,13397.428109410816
78227,51503.81939633239
91810,46856.17677718711
92345,22560.127782865573
102647,16588.718839267865
106549,13186.838261308725
97007,21971.84992128189
86887,16095.587979519358
103983,15221.449340839315
89554,13252.755586395851
88066,11202.166605824843
98778,15508.047518089568
91459,30001.262257385093
79659,27606.121479010606
83978,6668.817497153492
88036,16904.5218898161
80483,21431.57570619875
101770,5209.181507111476
98220,23665.527185086306
84427,12296.784086769818
94491,14632.969865430285
83782,14625.77626426488
101945,8214.686364107518
96613,11054.457066210205
80126,48551.6743069514
83381,15197.449422116195
100263,10237.830410438397
94953,23557.472635747275
84413,13451.646740810897
94816,44336.50596897518
78578,20815.403624327075
89766,16071.038191559772
78560,28216.809365080233
106444,18095.398418756766
100883,5791.194774232126
102769,8300.898609687321
106426,33150.31337019998
92404,23259.066836978534
84800,8478.72997344415
90714,11913.074928820368
96274,17752.7827558129
88259,9246.082083073588
90683,13715.498563417106
78878,14695.74640856503
78675,15618.794522377842
102189,17556.380415328626
97959,19299.287905115925
78324,21961.528241846776
100397,11034.76186850341
89808,12896.72565206792
102920,9438.335070030816
77724,11043.92702530863
97183,17095.19843363954
102360,8709.714379985855
81748,17946.427486526274
100225,6918.506223551802
101411,11552.594922990595
93887,26202.053772176154
94437,12492.2151076937
102317,9048.170187569935
100939,11560.722824080452
102016,9376.838183406784
88651,9838.344814812104
99340,6364.1507660321795
107078,24911.99961082912
100937,12849.546836254609
86922,11554.153175561878
77864,30098.116887774057
105180,14555.598917840753
85599,9312.349357907846
94556,31829.601550942363
88368,20475.82836180856
81005,66879.70949476099
79083,31505.15121878913
95200,24895.842628295566
94374,28383.530591569677
94160,26805.366474312774
104549,15051.865645683753
85933,15143.914516384186
104848,21733.057101490194
104424,28292.66410700739
78183,16057.306171056756
99280,21020.05905974145
97928,6926.587665243316
93122,16428.292596999338
107991,6482.807113968601
92468,24828.124614241697
97451,9405.93924266119
94463,17181.44854637158
77629,16420.80823967875
86008,12309.838700808423
106210,29918.32602509836
106181,12617.674505315974
87485,11345.270932427293
107645,11718.388260669333
100084,13099.667450739858
88201,9753.503262483184
86236,15751.002067008172
97090,14984.660876098264
83909,16837.064113841006
77686,28312.253074277072
85505,20910.112409814777
92046,27536.669669990915
76681,12703.075886223825
102648,8876.869338556799
104998,45409.53613458739
86349,10121.645265920844
77229,15022.399474203421
93379,18480.009404452743
84973,6706.189596390267
80681,25233.68052417751
97876,10891.617901209785
89330,13009.938475177629
106836,22507.71502732793
96449,11260.58748507539
88765,15951.519244021863
85710,6873.729091473548
104002,28368.65060520109
99224,6772.050011425415
96767,23997.466616161502
91035,33487.56991086512
91531,25615.414700693043
95857,27305.11602202478
81338,23173.16134687003
97921,13179.893415233837
94040,19619.183214686727
88240,12915.502734293648
104643,10650.783845044138
84702,9442.985760451464
79809,18355.842147461306
82171,16457.704735013598
102481,11882.577272585802
99514,10226.035653903555
76656,35887.66798324307
86176,16437.765870927058
85784,10847.98646779205
91529,24551.802161927255
96184,9232.299602925434
94982,24897.087944117007
89887,20282.991608812958
91306,14834.832538308088
94801,19619.23705351053
84873,15679.327805308256
105262,17736.724585078184
78755,18229.498455879606
105378,14185.510827452787
107314,23023.889110307875
88401,14319.539588489131
104523,11970.94388902708
95968,18078.439063251037
106940,16683.8482874832
85854,13141.975919386741
100090,12530.613450018665
94299,23310.42802675165
95815,43547.99941507716
83336,12936.250838357102
93357,11994.588411783545
83671,12689.045476122827
95352,15982.165490500081
81447,12400.94345124691
82530,12591.502834234183
84072,7468.081742681562
79590,44843.17249616527
81072,17378.847982420142
100894,11395.518404529204
94501,24861.34017522417
98410,17683.697841045017
77356,35050.33499689132
89008,8860.940996058884
79270,67095.30290878461
102768,9247.958186943937
104671,15207.245550734666
91482,27858.445588829087
93496,24869.762281752155
89699,7753.3400568040515
93711,17126.483479561906
92768,21186.169734214513
102118,10397.7194827161
99410,6275.6475226353605
101552,8105.444495591173
105876,11273.237531439217
106386,30868.178867193208
94563,20514.77988042053
95860,13635.501256064414
83636,10685.325666195598
98837,4752.584842263874
78724,11434.80423110493
92579,18613.83190036788
82223,27624.483880091095
84289,10478.911303901114
77579,29192.464536895008
83896,8991.242063649604
87389,8052.29668234318
88139,9313.43142205938
106790,34374.98706636674
82260,34705.26719384321
101627,9958.508352890332
81876,19642.62935511918
91029,17832.978455354358
84583,6489.547165249221
108158,11434.965900916895
108203,14980.040077108344
98582,7932.414160591323
107003,45989.76385638669
107777,28068.04378830349
90308,8662.941127290153
76799,16294.59655697751
101387,15740.047368318288
79964,20661.2758942656
91606,17222.44599928488
103952,13212.672639925198
88622,8556.942057771916
94559,32080.71413608131
76143,15723.702316459729
94903,25728.97783670219
104486,21892.772760084128
87551,7125.214399694254
78063,62159.49563035891
102556,6814.357629867108
100052,11345.336342382934
107074,35224.29803547038
92069,24052.660713394154
107850,28922.49075079987
104540,12550.765505221934
96846,23375.502076335248
92391,25489.285826260737
84659,21375.093571471803
84117,16788.297807132836
79120,11896.517503386558
91389,15892.556994518834
84349,11108.577206152477
90954,42301.05640618201
92695,13696.174035299377
107811,19458.064263354205
81971,25748.87459903956
83450,12122.400222177097
75976,24670.2851302512
102965,10579.518124402895
90287,19697.041821484807
77605,52024.63475254995
91214,25536.210239824508
108303,13380.709931133648
94860,52090.46561615647
79366,23969.185292307884
106091,14568.841775528157
76439,35819.95503777073
87417,30203.777928762294
93478,16002.292029057195
107216,24755.772097353954
103764,14409.026542979069
86879,11859.269460540721
103625,14948.701193266952
76402,11073.987376310419
80311,18882.548385366415
80391,37390.70378110449
100880,11718.61350173523
83171,8048.880802692618
88078,8905.993571183359
84318,21175.357144538462
93526,24932.449859007134
94190,16974.733381760914
97052,12229.05620354157
86101,10155.143245587047
87543,20362.284078997385
85029,11650.787058256192
83740,14084.870772435073
100089,5922.076960208392
98227,18082.640838183976
98248,7153.0785221614115
107138,33963.83535241319
86854,15369.90864004705
102785,10052.485189867555
87839,13595.373395453382
93906,24082.090082915412
84661,14614.73581529135
87432,13459.594283491151
85654,20151.8067276858
90678,10093.42442829409
95299,17421.883933996447
95236,31163.692987554805
107608,33195.91920921919
87004,20776.621030610233
100566,10628.516553859652
80665,11189.095444763032
88010,9129.805300891117
102663,10731.171272993772
85485,10818.0379951839
101269,11251.488145214204
104674,23197.767123728492
89263,15915.411300520787
95420,18188.243125943194
102691,2584.704565830845
86663,8905.993571183359
106138,15491.36985097571
91571,26600.120212442085
93819,11998.583377796425
78571,19659.35505076162
94985,11742.157244752472
93301,20912.331543059994
106718,14354.696899234594
86771,16804.85472266307
87704,9011.782663773587
79666,16932.182275457617
107584,17672.52480936631
84895,9744.156415812966
108408,10740.009707434898
98171,18435.430273396585
83310,9164.700636383031
86673,13005.607115216375
82853,13006.238412234075
105650,14125.544336807705
98670,11832.354722356014
85066,5759.243173493186
83794,9052.87829526262
80583,14339.073090175447
88130,14118.031750659224
98999,10898.901286788032
101330,7361.1524885524
94984,21631.797684329184
97990,8481.228850750955
86985,19819.26844824446
105865,20596.02232953411
108519,21105.83369825978
85264,18470.419458781525
99920,13825.400344040298
79757,22871.82509686366
102991,13244.255220889092
82734,11825.727961667319
93798,23650.233415472318
78739,21538.192298168673
94102,30940.109394222723
107720,11905.14791170349
104818,24809.037746074955
105035,8035.030293045239
78882,11650.945506873992
106768,12986.780807463027
104488,19210.296306654527
83401,19166.300582446576
96513,11674.024999882653
103742,8691.155582180469
85746,17980.070461484574
89503,8960.433074469973
86162,9820.328265745658
90081,11487.2514201179
87809,17881.535958008986
105903,14009.983282234947
91476,23106.87199415675
77323,22597.74042149484
79344,39496.32059365362
86967,13047.781749130543
87631,11033.18841675011
91478,19866.943731265404
87477,15842.874705472237
97456,22724.10800695557
91210,30135.498699307256
88841,25295.144752301687
86262,13146.006712994285
98038,22755.625734590805
108461,14309.353931947027
95645,21590.416664648208
91233,19024.34276802839
81480,29463.374664287814
82671,18032.786153670837
105275,11845.070270120057
77852,16388.32413321555
90565,21728.731475353725
89172,10783.46278460946
102384,8521.348697196916
88944,11667.228107136856
80531,18916.671547625963
101795,8016.761270751058
90744,4038.5142952449614
78179,30331.42335336664
94388,26571.49300327549
92546,20909.388805073657
84282,12670.62710522476
87078,15805.108726894096
93190,28269.78880090682
92014,14684.571816784599
104501,21275.367171650265
79523,19847.186979039183
81096,18112.30470272071
78193,31008.272148457392
94720,31836.239778572857
97242,11495.42375212539
103784,12873.599364754627
100186,9884.958498455786
91494,16734.286294160243
98765,5796.383455454289
97370,22185.740302189948
76295,30083.668389290473
105840,18621.00970127817
100641,7779.098202214079
97160,29412.50817746166
96440,23637.58730221261
84853,8119.550799484965
105223,9656.079790371286
105879,10526.039872019195
80347,31758.130241572344
84534,9356.459874787504
85045,11510.300142143791
99348,23916.702135362502
105487,18378.620195636242
101906,5711.888848131989
84905,19756.568703228513
105810,10687.95343367086
76346,16061.18834769334
104163,10519.785935932303
91997,18682.453168662618
94182,19034.87562725254
98583,12579.48099430917
78048,23728.80266336853
91650,13895.259584402402
99045,19509.480101749563
90167,13717.660551929379
81936,10137.833460254353
97322,9198.12684211072
79506,14769.826303508373
101689,11192.118508043613
99677,7888.301968445834
104364,8606.874931626655
104493,20458.147137439035
85811,11704.096131024035
76088,19007.215985127943
107014,11201.310461050487
85517,13104.443324854572
100065,13260.11515727793
100700,10101.777983848082
100178,10195.253943358295
86072,18565.223363656278
89071,9371.391908271002
76027,11570.911296824226
84394,10257.139597445697
97989,16061.01110196032
77527,11422.555312947714
89342,10134.19196057768
94118,18428.12873269997
94468,29648.0289472961
76061,20831.635671467397
85744,8765.38982359228
105185,8547.27620709146
79043,20200.61554184513
103948,10013.864927848655
98325,7026.665107475046
77056,19502.57070264429
85262,10835.577185302087
94885,26260.360816196328
92436,63842.358808689874
105339,10284.593508250982
85288,7928.098385956817
92944,24821.86660887482
83145,14921.119205264702
87905,12391.211117196322
89188,15227.284805698966
90245,17066.440665697828
80370,17980.7271642211
92165,34112.7431877505
91638,24536.70643035058
103657,14115.312969682805
81016,20547.753302403893
103792,16920.046386578397
94815,15460.789240425458
78957,11698.282868261504
83141,6809.395344060759
107365,12806.120293136702
95563,22740.04520368215
76918,31366.652837937538
87215,10924.80434933195
108328,11488.35550934726
108027,19102.374157716215
79325,34666.02767809736
89545,13783.853723309207
103967,9035.359603038112
77530,35013.31129821996
95330,49066.726196727184
78671,10762.844064126719
102103,9664.45433317793
80024,20213.649527247526
89481,9282.328469240796
89138,11263.348228701318
98762,6753.116260929181
86166,16880.47360128788
91396,14337.42313398465
94749,47007.36682199839
95788,20749.14601960665
99730,12462.858880359994
102801,13356.593373774105
87208,12917.633791371021
83098,11266.33720827931
96015,25569.228121988563
107970,26618.530468001936
77471,30248.42275779094
85822,6530.877080511461
100518,9213.84429490595
97282,20264.322518157405
107193,9322.0876677086
104825,9839.104027630114
82687,29553.95514033674
83026,10829.158163580278
77470,16308.281507228472
79254,14332.176917307715
108020,4387.957727389041
99103,6415.448738035202
78665,31514.720921263248
86932,11876.776108574062
79269,16937.558118938356
92024,55282.14107915763
95652,28163.62139595375
96170,10928.922289695049
83586,13865.798483493438
100804,12859.853642395949
100758,15537.196844398604
107628,20073.352696913647
108337,11538.824707375334
83175,16179.419639455618
90838,5979.857081689205
102741,15022.613366236357
81263,15563.096988392135
97071,6647.303798139182
95004,25910.94309444666
107019,16116.506188044426
95503,19021.359875223137
86249,10946.048969438356
106921,23981.19378549708
89972,12794.076581388348
77660,30004.76583345223
77328,29028.69961307344
98264,12435.926900575725
86800,16117.494720840046
76661,21510.232600262134
81734,32071.929325249388
84741,12328.52912964854
89926,32523.367865033357
79502,11317.37745562725
96963,13184.693888315847
97855,31154.749220888727
86877,21383.93276271719
96814,23524.734114186303
94648,35504.08811094353
103104,8200.488121147817
77999,23645.997053287887
77500,25199.890583839082
108189,11934.989163151617
107124,18460.779076554936
105320,16086.816378531152
84589,12709.535125611088
100502,6381.900621504746
84272,19701.265773930663
90146,6210.643074766202
89016,8960.080108766771
92360,23450.609648895457
97341,14444.71779476548
99635,11092.157022526995
93758,19588.672373675487
104345,24156.706288252524
104346,13759.05085002662
103219,17764.58404672208
94240,13961.764708750743
100510,15610.643271490595
97788,10897.235049820993
87877,21868.523189468237
83993,7516.216720943279
95268,32440.221001370992
90857,11170.13231101926
89897,19053.019603578174
103642,10512.958587003272
79712,25921.558207146016
84733,8013.2137727039935
103510,10868.989296367932
82151,18846.20545011767
89275,7339.199571160418
97022,23136.303466473266
89964,5716.749205728112
103169,11345.336342382934
98586,12144.0581035068
78199,10619.983198208782
78507,22226.787236012642
88856,12273.34348847395
79309,16028.202122179331
85685,12646.579007975992
76527,15254.031294752884
81636,18281.65950182326
86638,13481.05298194492
106517,19228.925377162555
102023,12791.60621441761
91620,64689.189128054575
101886,8636.912679684594
84887,14439.01968262126
84751,8488.003734156524
92613,25280.22357377466
91825,25002.845278410707
101895,10712.159917822984
90560,18016.72283930651
105545,9734.305783280657
78700,18300.107749766008
82886,17609.41624991323
105649,10907.966559998424
77577,30493.38274582795
98003,23151.800120200864
80537,30793.492909136836
87387,12640.856520850379
97626,6085.151419412056
92948,20726.962461026964
104000,11739.818952161371
78385,25409.282190797403
103301,10651.99143802508
100102,6669.705314970147
91401,13468.493555685052
105726,10571.391972653966
108002,13924.901301175742
96055,7787.2485280439105
86533,22006.095503976547
84966,17576.117913364647
82750,8819.92547553048
84780,15543.689460031343
99760,8440.155100928583
96353,22464.336179254035
90252,22577.847468251824
92114,28467.075856808777
85641,12283.37146300447
78846,29703.569620249695
97479,23712.36090554569
100657,5020.829857176835
92553,27292.3558052321
87684,7648.3498282142955
76579,22016.646082811323
104441,7672.1958874144175
102915,11235.011221958
98255,10705.418532875425
84716,11093.686262457115
85426,10958.373708289362
76829,17754.448760885505
77899,35953.15207140015
93875,22069.055485531433
94170,32970.10907895785
96206,18320.203855312473
82777,17476.4725117899
99399,8461.722268065034
76017,25083.352341325237
78785,16342.468854540944
104195,7560.823605864803
100767,10777.52247085767
93500,17785.125900799445
103248,7596.764399513226
101828,9068.711127638757
93209,22907.39767728383
96665,5467.03454448139
94208,19251.444896646994
81789,43759.45452621309
92578,18386.32602253262
84750,11702.127694894569
107543,13514.991515530428
83294,16625.177190438146
82408,10712.886575696875
104836,27210.241654417492
87366,8700.982676569905
100488,7477.128904641034
87296,16066.57156406109
99820,9181.758905897821
103856,7322.253500609505
80536,21588.724108374412
95407,21828.025640925975
78024,21433.05491610838
88166,16999.96001679051
79046,13359.618280081548
100829,7616.995714040899
99250,11609.128720023871
107164,11539.425341009859
83857,13219.932740839935
90031,21816.6298861314
97531,31502.392305024943
78237,14964.16055728178
77205,20759.330766338753
84796,18040.604291386913
79769,16574.290327184077
79899,10934.766454953517
81570,27554.253468149964
96209,7332.5528227565055
108012,14200.907381321671
83784,12230.171324158517
95293,31482.112971518596
107894,11730.928821836542
90118,9902.142038080781
81548,14600.227465004233
91246,18034.92096563056
106066,29503.583573733078
76349,60630.265641929356
84792,11169.826212487673
94792,18083.167797806098
98772,11112.178661889431
81023,25567.32825383132
92760,15608.467749282612
81049,29752.27757660046
103697,8562.243680006313
82248,29409.471901311084
85475,22116.489083787186
80927,24877.52168249584
93520,18455.347912355668
103034,7842.564112585328
88006,13286.962733358961
80697,16103.966735557453
89565,18287.936911615157
106983,12776.221083438948
76042,21787.889281826076
95214,22484.729541382247
77712,18407.187521498126
102226,8363.573558050895
106128,28179.52595182485
94347,45106.43277188715
84176,9558.57891293649
92633,33509.845911652345
89147,12355.971594953708
76200,15212.137102570778
91972,24396.106130404965
95624,21005.672834816294
88237,11330.772137495022
90626,19078.726921693557
79402,29926.978256840936
92751,17431.849291847586
93494,29857.0481754273
77785,31339.172887450306
108502,12288.278519868456
76356,11794.125403997014
90256,9543.82271343601
76286,18186.157519215536
98835,21503.7359647136
78799,21036.4157876765
99864,13003.422149948026
89317,17434.617887940232
81235,33672.58999850284
82980,7911.8535723302
79032,13219.080640782498
94549,16627.249330845127
86872,12075.054881688802
101730,11417.21999507234
82684,8668.6641079208
99516,10189.84892775107
80017,9603.894860660932
99863,13384.211403940782
92792,40061.35314149919
100593,10929.830147310666
86135,7464.055869022307
78870,12718.404142835569
107586,18606.099415619905
83757,11108.406674947219
92765,22439.79590047931
84890,10245.562034107219
108290,12250.715373693292
82893,23833.499245812684
89660,9495.197983367332
105543,17334.367128943137
106368,12570.834434020915
81799,33873.9963544083
102757,7024.025506733417
87520,9402.937632329782
85172,8461.692606971566
76593,18389.548539816155
99431,7343.472457338157
104403,16741.747568823765
102932,10486.73921420158
81998,13116.431147027779
81391,10724.293305311974
108151,16270.122686410536
100164,13811.227597099662
77950,35966.73928841524
100416,10692.900289586267
108237,14024.712934657056
93464,25081.104468647656
83899,14756.216556401687
107184,14796.804072031464
78001,29737.93178378208
98816,7742.547230915449
98737,20910.7877684455
105432,20793.081348842225
99160,9645.717059796943
99195,5641.368923180063
90337,8068.2588580306065
85546,10391.814857538642
107128,21637.457247742925
93327,33539.41508514031
81501,32235.95090941168
78485,19701.589273979927
98491,21319.313760868266
91265,29924.344995830248
97185,17863.362180041546
95708,22023.242587578203
92269,21259.468234421056
90122,16029.729948110507
84219,14444.06752003692
95920,21211.24885453947
82679,11267.73843526372
105174,13489.994900226218
90879,9575.969401711773
77507,46400.37060217045
88757,11036.20495867443
101256,8887.053232091383
83426,16857.689375587554
76075,30486.272859035726
76871,16259.906748724437
77695,38939.62839293237
103555,12679.717428599093
94893,18456.155335916443
95836,15930.527625483881
92061,14632.74887288428
79710,10940.279170478108
93899,12260.798181717904
83299,13138.131194528587
95620,29981.205693565757
104279,18230.606646082415
83705,15765.09463928166
95472,30895.42927358574
106260,15057.022573594133
76886,16279.637664379417
97248,12091.700369825045
80660,19957.21887402855
101333,10636.689369414844
89360,7491.954037198775
85450,11833.97184883855
88836,16109.325399963216
77416,26679.769496973742
79577,23905.126838532316
98503,4353.379165995781
76778,13814.966981363219
93681,15627.937375271322
98418,6679.935824383661
98615,10365.367189364473
91857,26367.32449044978
85059,14383.559638733235
84064,13567.393993048681
83511,9655.522915102109
87961,12787.246652377098
89756,8672.13984857902
106904,11326.40138429133
78218,19494.470910807344
91503,19154.01095120145
77126,11817.494719891743
97801,8690.475288480238
87474,12854.821211650693
77057,20588.002244380205
79478,26072.83970734802
90041,16534.44716400432
83374,11321.483715903109
102094,11040.467220118575
103780,24415.158562772805
105079,9647.52337009201
80462,35087.25761887958
101705,14281.130698257975
105756,21092.024861473506
88993,10329.000738441287
89593,7819.881138130651
86338,22956.880119368478
77853,25898.43262816048
92077,28270.952653023214
102494,10799.611137179529
92534,45575.28777408482
78971,28241.36279502102
84687,21278.40735775767
88376,10430.93498699039
105707,14935.482469118451
80939,23298.169564667387
82258,18857.703079556235
104917,12296.8698311467
95086,18430.940702287942
79275,14017.667316577965
104721,10999.915495942956
107939,18504.33896349697
106703,9461.16651868446
107820,9403.776707043788
79947,21251.811768144446
89961,15211.85211205947
106451,12833.291206616423
98821,11367.94644504298
77748,35704.06694790022
104802,27491.86134087086
81481,48809.011092806155
93544,21745.5275711478
89611,14486.222917283085
79850,30985.42226977224
81466,22786.904778251304
90668,6905.585894998623
89743,16628.15126352005
106672,21615.446361844304
76030,15761.779308101632
97231,5531.953397912502
93484,33158.17555508889
81393,11962.871034689855
94369,13906.96326630359
93507,29250.47124264094
100752,7764.936335577953
95565,25277.37675266476
98749,15666.749673894268
99634,14603.163742453333
86127,4172.092245176599
101842,13994.825124008523
108481,10856.438437421984
82863,14158.751226927772
90043,10115.393826425336
76857,27515.415774900477
83241,15632.502773337248
103197,7140.236659592666
95458,16738.338827184893
76515,10851.160243020004
84987,11078.430623447959
80199,19104.800230787023
77835,23876.81067514825
80809,13538.057981192973
77245,26116.602327943507
104828,17698.44411840015
107338,9417.831921045426
78811,31657.766886802805
76708,34339.86841419925
88559,11826.342305049953
99380,7879.8621625316255
89411,7697.29949675668
94532,23438.327899373737
88046,7797.126965622865
99155,10306.864572584258
80986,14329.640738691749
96122,27346.75247805644
78618,18782.248228487533
98205,8944.41434291432
98995,25320.66313751329
102432,8844.818116932007
78709,13344.826719268061
93586,15769.19420732276
98147,9330.389422956612
95468,34892.89969661895
95425,20930.396441933895
89106,11655.952527675683
85764,11793.10787256377
87674,9835.20325533458
106365,31623.96049456367
106263,6920.244381142187
97423,14626.588342006653
86855,16224.434613109734
101637,9932.760756882595
100129,9212.870185492277
89346,11598.53075119465
80037,9350.206204802684
87439,11473.942383323818
76329,61396.26196419621
101234,16419.382450085533
93715,20257.45138250896
96728,21832.876853258367
88023,13735.639286950664
100289,13817.578666430085
93685,11224.910226160651
97301,11151.31142437987
100588,12251.538589758513
78240,17765.15803345209
91194,37071.978176218094
78088,21726.16396858417
103811,12458.79744300461
79852,23969.81973221533
77718,20029.11870586605
99968,6183.202595929485
82937,11929.98955943213
106774,18423.108089522222
85107,10003.611965091544
77329,29169.90286281865
106498,13730.117194508995
80946,26065.491899683784
89630,20539.72473912795
105995,27209.244241794957
79926,47776.85240036018
93982,17544.391024900957
95152,42820.53079003139
102460,16485.646336231544
86797,16119.713470040844
98696,14806.326112769179
87491,23589.76717757657
93185,20818.4292319262
90910,18243.141871537246
102510,8594.324739704427
99707,12518.986871967498
106468,7174.886428877624
97505,15446.329717483339
85240,14863.642796209466
89795,23943.943084866765
78677,15917.833477075272
94311,19721.054648530306
79406,26783.27758072104
85528,18216.630162493177
95656,16433.218455697446
102783,12306.535685521949
76191,27657.70528839124
96193,12714.877676024553
108352,13835.128200700145
94226,22999.21232621839
94472,24247.199918712828
78628,9650.578325860664
96861,19917.39358158579
89698,17976.88368434908
89021,20229.387032822324
98919,12048.654901932958
107511,28194.981686508956
104317,11033.417465007298
105587,14939.928377948832
89244,12488.66560272381
108221,46894.100902208316
104558,21548.2231059017
99691,12158.712177581294
81153,19132.182387264573
83019,12638.489548201258
84699,7124.343454898851
92354,41357.72624177715
77258,32867.43636475158
81991,13736.097990480608
99191,15776.997796621345
80072,20389.93750492477
97195,19079.119911745365
83104,10754.997638972125
104712,12582.825233226238
100443,8669.908460140165
93443,26834.883379148047
85543,16359.177098259845
82977,15712.487317494346
92597,31042.017396901105
89182,17093.98883032099
89737,11585.299670063454
103093,13980.95319006738
103417,6138.485230164218
78550,11960.624681366318
93081,30239.3160643996
80992,12104.842375368156
83725,11202.819433246395
90755,14556.271173278254
89727,24186.712739725128
82723,15119.013217319285
85046,6831.421182991602
105507,22183.599598255263
102497,10580.564853292142
86897,9943.985238389016
81522,13144.42567771549
106201,19688.946996515653
87615,10749.412349065644
84646,12365.538943229196
104296,24044.94178397273
84433,4789.979150036932
101470,12982.70584003467
76641,27227.260596257598
88265,9914.217275458048
101728,11255.307937419133
83541,9614.942402978682
93807,28897.92652395637
83873,10384.334042956663
76785,43470.30938302475
83629,13527.23867649844
87576,13317.581123551136
93395,21601.38592445052
95537,17808.836014189827
89598,7127.625117210689
78074,29156.16476101428
102980,9423.471333945736
104929,18228.751131097946
97395,13098.820425465095
106751,25860.02766533693
101628,15541.999839179309
103613,12255.12619908812
103641,9090.98018056387
95834,18904.223841927487
101797,6777.406969887747
80042,22307.00690024456
81608,19649.371208521836
86535,11143.489996568134
98235,20998.265078553788
94784,18389.080484561877
79342,11579.243357077112
97906,19522.377805176897
84622,11477.104372634578
85948,20778.522555269312
88274,15125.807031863427
92480,20182.93257625565
86378,15774.101801398423
107558,13068.466794905464
88531,10292.155180340947
103681,13297.83971311487
103559,7963.487778612978
102821,12580.386273610142
77372,31972.696086295087
108078,10643.133783590816
96014,10059.23796924506
91072,21208.480902144824
78981,19877.05693392778
85860,9523.571593457202
91538,19251.66083381397
100904,13726.586514930439
83903,12245.23485968398
89075,10636.184873167578
87210,4842.50322895513
95405,16767.3727356272
101957,14644.2308912193
91384,21691.425866088677
91816,21033.359646603167
93271,22155.655998375383
106951,13675.126964952384
77457,20897.675679963733
99216,10520.793172930778
106683,10589.05984414911
79593,12226.883531166863
92575,18381.592131219062
106332,25369.954100353018
99751,11845.932484680756
97844,22002.21027185087
90776,7967.8810102969255
107788,31733.312374689576
97552,10085.011853545406
85396,11631.522981522428
90072,7818.889098980129
104380,10605.350821794738
108171,13910.225738406645
82534,14924.101006635521
77917,26045.873639295954
76212,21720.319781537983
77975,18446.75676634518
96718,27237.876007882478
101250,6748.805739358305
102875,22241.286531379556
97385,9825.37638860301
93943,23140.760307693163
76389,20374.86530198364
104653,20847.268548897333
85000,12218.114309223485
100844,7172.657171833888
94384,61940.49539927323
91625,21080.19164106961
92124,27686.45335382693
100983,13348.552550469445
97669,26833.44435175949
76674,17253.778677941435
104012,19251.844224895292
100742,12514.3794620685
97937,9761.725226988012
99509,23137.944470713737
99834,12478.257038423008
104037,13709.90421515485
96369,15611.53011195701
86125,11049.874619737397
102999,7801.48063990342
85473,11116.845350864345
90508,7525.701973159367
105281,28165.513750933384
90368,10357.66454651794
84029,11103.599753933979
88603,11184.591818466519
102423,9289.089792288214
105253,23815.713516586224
76230,17781.871431926953
100316,11395.429088166304
102553,12418.482930027452
76308,41836.798083478454
101348,10975.841694384797
105689,25987.602817839936
78347,22016.475987641137
88127,18222.535266000283
97320,13225.121311445751
98421,18537.908973049587
87422,11199.230871743843
90886,5609.704005795335
82580,10146.583120727328
106420,9928.407031892499
80218,11858.03780186687
77197,13584.539401111857
81116,14094.990346979263
103847,11191.453532317722
76611,24146.97419607998
80677,12572.004316279215
91546,14909.830462381986
83706,9744.22318133631
83288,11230.602067055692
83664,13815.391300347312
81103,27967.711935913914
104136,19527.03941434382
79754,27882.55871388745
80794,28459.057466410144
90027,8166.425595670616
99186,11968.199360871899
79957,11529.097011875661
83420,15434.08698003682
106971,12981.02441226773
88929,15188.335000820327
79354,16178.354930222014
104624,20362.755072956636
103631,6568.341013271871
106329,13008.354263089042
94466,24199.151278181173
79495,16431.36656883504
92262,12783.9438231255
103626,10512.366145203549
102620,9752.01122945148
103026,12089.803943412237
95440,22313.564929369888
90675,8391.788839609697
92169,18690.83268654538
85598,11466.474105337795
93980,13637.981709021735
89884,7035.749826010773
100361,7503.765702840234
95314,17792.52418237931
102984,11957.018282894534
97290,25647.00924171929
88702,9196.738804382023
79250,25499.186815350815
101218,11415.889585984723
85994,16059.771669208292
91181,20767.6099550456
105974,7241.43425119802
92222,23517.799802825215
91691,24969.43980336543
103472,7718.4214374772855
90116,10151.890109651164
94185,25403.806793331543
95705,28515.552294344165
92442,13046.460629442881
83759,9762.726831225867
106311,27273.451098913138
108531,17989.7712198061
88487,10358.708292544612
88956,10250.422882149749
80477,21454.183550175094
95422,18010.049754926196
77410,14147.205685314437
91873,33045.22222624856
95274,21594.89493645069
90023,6990.055006391418
77204,17437.545957752245
76504,21315.949031072818
105902,5138.163619662622
81820,14415.397016880917
89405,9929.325565905487
92206,14631.392845575192
79328,19215.715595333284
94971,18138.788513860927
91185,53252.071742387394
103332,11859.219563675044
105983,15507.380652335603
81775,15641.990091605401
81946,32212.016034042455
97846,25019.88664331265
103884,11457.152288381178
105182,9617.417646436605
76148,28587.086151519015
99255,15185.368691574495
87785,12296.784086769816
78903,12051.57413913499
94578,26738.819539772852
107853,12390.249728831363
76717,29481.615339458775
99052,12216.935061702643
82390,28697.51618074971
83676,11498.805240871994
87748,22057.013438826674
95443,29784.567516437775
94430,15648.282393396343
83886,14816.172905626023
78492,13024.479700565753
97540,11498.855150614438
103167,17628.908813322563
82621,12250.284215998316
88729,20344.74651236161
97779,8683.775843414474
87179,8043.885297324104
83693,11169.826212487673
83068,13811.903606226277
87978,11980.556844016493
77547,11005.933247054625
104135,10330.555263704688
91838,18712.97616575573
81044,15997.409973440801
82100,32225.159958067106
79196,11180.036656876791
103420,9224.780067793292
84430,11915.58430881014
95116,24897.118766639152
88758,10033.595483210225
102600,15834.316017065039
97943,26418.005710383295
82923,16073.023462552155
84173,13724.294156253567
91455,23349.213397793214
104107,13163.671192564634
84031,9091.603865951472
103307,6089.080249875694
103516,11966.478963837035
94534,19641.80000688079
89498,18332.621984433637
78100,22511.03281820959
86728,9457.19197474478
89787,17791.240005182797
99604,7055.0443015049705
87920,10663.432298791722
95679,24291.623021001946
106342,12277.584900553444
105013,9595.129429548033
94526,27181.591962496022
79217,13975.222407144134
105206,18391.752501450555
80930,14971.572187918251
101748,9708.893374082874
108486,11618.032063634833
93949,34644.5410153453
99658,25605.089913834112
97561,17547.054042364263
101617,8709.127137544378
81330,49875.24686997092
101771,7011.870140871689
97270,8220.37377152018
101595,13467.534041284916
98215,10761.113182863653
84007,12046.67189080756
92680,21643.809220894083
78992,16196.56747058207
107596,21627.529285023218
77206,14023.849675727954
82743,11953.475622330443
83701,14501.458078445852
99165,10616.307396534206
94432,21716.797582328123
86548,17705.703099839287
76397,19623.832306304117
100070,7104.413004935853
103513,7509.21665966309
80091,21103.71241367555
76782,21981.123532117992
100886,14208.612644523766
103951,8245.736568015867
87351,16209.425784607662
85974,17029.462327638335
79314,24045.12854345053
102475,16291.51285094618
101614,8901.257274914022
99033,10110.21281706805
97666,13976.838675211775
99253,10831.062228194145
91658,20740.54505653014
82007,19675.664618915354
76687,55977.80257327651
83921,10517.448185723752
92186,20195.21396422361
85865,11743.867385558724
78521,12438.509651861541
77902,14435.49107169695
101697,13248.020257881619
98102,13091.948861199557
88037,12532.658208536348
87226,4879.574724334106
107492,6890.245917690265
100723,9515.864218032653
78581,15158.165604148366
104777,12178.396711466132
95606,14726.316174535265
101145,6652.1735523932875
98544,10138.481949248267
96417,19309.387947932955
102714,11345.336342382934
85830,8230.004254603778
80541,24528.173677760587
88142,15926.251965345662
95553,29924.57888221484
107711,18356.619079596057
82572,11983.116316120373
77820,50576.06494741508
94456,17619.516695265786
90433,6997.352164880642
78161,31782.401692499516
98322,32692.050956272167
101884,5395.292124649797
98723,8395.996167762936
100828,10676.342701175525
100612,12258.413766932978
78754,16016.233893398725
95053,47261.69656323541
87293,10273.160400883076
83679,14847.117953523215
102810,6675.611685106461
103021,14099.792758738044
90497,12824.083741012379
106798,13102.655988668872
96234,13015.413640841776
97962,12186.325764653477
81585,11976.77836679748
101255,8053.801605970639
95824,14837.161250073026
97053,13002.58205934854
106657,20986.176232615937
107453,18891.27123802072
77979,13573.998773465944
93717,17401.371300945695
100424,9768.435765081123
105579,24629.087104182472
85608,20485.911996455296
107878,22716.05423726198
83229,14973.477588018386
95478,29215.47328975063
104405,21261.60720202099
86681,6292.097262839398
81901,15674.301718760184
77806,16304.827356662183
102650,10550.017741879195
80845,22924.313477018124
77445,15684.723118345411
79206,28786.22838997815
105219,19102.032071505728
82665,10459.787724614709
79532,28527.73305272305
98125,6801.244842175412
77147,20346.76428112397
84836,9979.99901801651
105376,18626.00306491102
77343,28218.51354354163
108114,15895.07451794294
94994,14505.126143872549
88610,7497.6483660485055
99609,6283.026307613739
107243,23167.05556352615
98829,14630.825917008
85362,18118.302754798664
87409,9705.518961435937
95322,24521.656963114412
86185,9945.928866881803
81792,31115.4529970453
84113,9908.917151406591
86139,15396.859472829703
84719,12665.30142152915
85120,14498.418253773838
101693,6143.727720142932
77413,20608.75330490588
77179,23322.802149017112
91580,54475.22431540093
84116,13836.797279106448
93025,44909.91047615282
105224,9001.33946223001
102854,14107.68080133072
76237,22757.695571475662
105595,20478.836208656885
80155,33095.54689863677
92056,29090.03938414019
103229,16844.982240887493
98783,13422.765978174926
106357,8909.892472798678
92305,30957.75409681624
96312,11887.897612568146
86890,8867.436754513232
93354,15374.890604883703
86898,13952.37415999388
76058,16903.190037496403
90555,9182.153989822276
107136,11881.647595774273
107052,25629.9023088606
76384,30892.150051853503
101670,13788.698249904945
102438,12993.226198741264
81063,16122.834665930814
88254,10103.622852444529
87041,10151.120967006542
84909,7893.5604899584905
79053,20601.85383050628
88187,8719.729049048567
85814,12282.029574295695
106396,18770.51255908061
90460,15247.161694091095
79261,19155.466580298955
105167,13483.398767372168
84047,19873.519706213097
96771,13153.731322833546
91074,50811.863064364305
92357,25415.22749074237
99588,9348.41995551685
78138,27838.174526102986
94328,17132.36084605311
92019,13142.66981686222
77557,23891.901794298974
83024,15376.953785343527
94888,13025.776353577276
94193,28372.987470457396
97909,17603.987386932396
79111,45673.59265250013
97936,12803.460700943791
95276,35736.11443770441
107815,16698.599592311388
92806,21737.49187018621
91317,19300.910859537442
89507,18307.913573362945
97462,21227.3942708878
93693,16939.99357076503
81331,27113.341105017746
77260,55661.310355047
105287,12840.099615844223
86064,7639.434408119717
94906,20384.044450006
94965,24862.142382266655
105863,8154.3859708065065
96962,12539.005799108205
82573,12800.869395783857
83271,15375.214124827364
94624,10134.689703096887
105014,23796.19432405446
99965,11345.336342382934
98009,11215.608274307613
108442,10776.618592532805
78211,32333.504838579065
87609,6499.799011842275
95639,17383.563832603228
83389,11433.423915635314
84086,16409.057945313933
105956,11699.70820358294
108384,4426.317853044854
99053,5519.996139669164
85503,9569.53975176712
100879,6238.196415902024
102238,17133.87751249273
107311,20918.14632368646
90740,8626.59278589381
96463,23437.07130248711
96521,28369.11711127947
100020,8733.132444969577
86048,14792.09187535308
90310,16017.69980292254
95810,12990.777251399313
106809,7919.825363268446
90420,14248.394062954238
77189,27981.380729542805
103940,11490.008445858426
99054,18990.358170269476
86669,13847.216845822424
108226,8987.873472200492
107731,12776.867642318002
102410,10476.092792200965
107012,10596.542591673457
85117,8344.904546788126
89298,8877.213284047486
80880,17357.083484969873
86954,12762.551003153709
100029,15000.00030196463
98943,11419.94339527063
81089,29444.55363438522
89148,12515.81185522327
98024,12362.23934616595
84621,12743.610702822381
98748,24188.90253954632
106824,18191.87908216353
106049,18239.98642512106
108266,19105.618588308982
98763,5031.596883749582
100238,11271.936752206133
107279,11445.89752072446
78188,56570.906081774454
90443,15565.180180495094
95384,11282.960110691065
98928,22224.499598174858
83992,8367.773841900862
94914,17825.18052162832
92340,12617.001627599177
77677,12188.547003159367
90840,15626.002657818959
106434,29139.54151753944
83736,16261.627739605408
90022,12944.948549067594
87633,6678.844770875743
101312,12888.478187570581
92614,25477.680325494624
79410,11232.84329015943
83220,10268.784011556685
96064,14359.043082458644
96470,8556.03910355025
77247,11570.517499320995
102732,21931.91496498266
92569,29500.667519324776
103467,14799.732076557992
102976,8488.611861810725
87220,17518.501936934474
82183,18225.764430276835
88173,12910.90864416597
94227,24453.291730360586
83048,16007.85768597648
85320,17292.563776430132
90217,14509.945153377686
97112,11710.420294872807
78246,9524.969561732138
82000,25656.79082919559
79672,13315.081324106422
93499,19001.844025184135
103355,7461.908729240837
93334,29089.229276415663
77302,13871.169844922439
87100,15371.850182379496
92568,39625.685564336105
102148,8150.283544938465
81098,22871.85192350006
77544,31931.56177974948
92644,32304.965662714272
95996,28539.88316207028
79138,14076.433225574134
97082,24560.532409837386
85843,10554.739565088863
103831,11717.618122472802
78047,27193.089591376047
99184,12630.72824865408
83023,9684.079746167092
100629,6935.900597092678
106087,14968.229255046936
87161,13247.533367735312
97572,9542.507723163804
86106,17788.122218527154
90163,13240.176451159145
95623,42661.55994404374
104349,14845.728545363816
84422,9185.809437855976
107061,10225.36062504057
78175,39885.76825445517
87468,10805.668110917166
87136,13676.726797928555
84238,11168.946663704026
85432,11358.441749958194
85363,19155.201271648908
105017,12160.451751846691
80633,27713.72140624925
82273,29245.470047294
76668,18336.160259494638
100970,13332.417497972077
104985,9035.361184354198
76457,16208.658257339657
102241,10888.757653157187
90884,9195.951229464697
79706,24406.1546791818
92608,21473.687675349323
86284,10672.83876291056
103990,11775.587945625488
106152,19713.225720127073
97553,18325.999690026547
106477,11049.964029831679
78423,27163.533197568962
82766,17038.802711316046
77477,56853.893394069906
97680,12638.112585448114
96346,14015.561053679896
104141,17731.842152786303
80807,21947.405207326134
100442,10368.332855300681
107029,26679.470462279554
90213,7400.789829330609
88434,18001.417776914852
96441,9942.611683423416
80102,18046.672631673653
105520,25862.359694052586
78279,31529.895973172515
95023,9631.397906318658
76739,22703.216015762802
76776,30479.229233708054
89754,26902.07393314542
92585,15130.543987227074
83197,8168.604495674476
99947,12596.900080046076
108399,12822.122532976751
99140,7074.617632441534
91454,11470.789833572077
104130,6124.392847903329
108320,11273.876453279403
93440,27984.11380503647
105567,17649.120852737673
89460,8095.849201222729
79662,24022.927598860333
88491,12296.592179443915
77034,17718.048596490327
90404,19702.75193316802
76014,14183.599980176037
104971,10747.67989708098
92516,17617.23638024296
86856,8520.521476139353
90648,18548.910093842223
97201,11500.20742492786
79186,22327.380176536186
98204,11110.670830627718
82568,23024.83964661823
97595,5568.889450668944
101703,9902.760969734936
84202,9889.529304241843
97310,6805.322805575375
105498,16726.431233878215
78896,35696.63550070653
106029,15858.783579962277
90047,14879.32143257019
83277,15283.771905033958
103503,9276.300981685295
104327,18919.893677463373
78026,32602.48486933617
80909,25400.243409504117
85733,9209.895799746664
103986,12528.412429194597
103236,13811.227597099662
94181,29859.271128813318
78518,25695.57583562789
88239,11027.371954067843
94503,39444.3819431735
76074,12344.295695609053
94424,19570.939971827684
97663,17836.44393906467
82357,20689.336231219982
92631,26410.52956915109
95482,60896.15530631666
90697,14672.738104133294
78798,21837.52422071165
103348,13576.845263877736
83659,11673.255772352288
91108,12017.853836621913
77916,16861.11389544387
106086,17226.006707406268
81928,21881.11451479636
108406,11813.135473850765
89731,16646.71290886088
106178,11993.975034918783
107719,26400.93609144164
90633,19386.295962093023
100003,3572.394684143154
98978,17856.255468041676
88009,18319.41734372625
96631,14662.568347861703
93628,20341.128674290125
87288,11501.733745520742
82057,26176.777175752402
82925,15432.651564235635
100038,10563.197382544398
78420,16985.352796266012
96271,7469.783005763187
97966,17372.128838847264
96110,10218.21916124448
80393,12965.94566044662
78706,16488.14435215968
107484,18387.323119069155
103084,11948.467632396247
99792,7726.441675881545
93476,33759.38970829304
88975,13934.786373401637
83981,14333.405085891784
79492,16130.174555445214
76802,31245.8523697221
83781,7444.210471734991
95719,25534.61945781021
106177,28115.524015385392
80626,26338.389711672364
76158,12770.525831977959
91434,18912.979552764238
80463,19596.906064007297
86263,9772.157985689431
107666,18576.73501409416
94262,23137.123272085806
103501,15664.46639875424
89996,16752.95209597301
87306,11766.12301251698
82265,12604.518542966849
106825,21706.16726654886
98851,18010.617437857032
80547,28327.523024532606
100440,11954.326789580282
103194,11511.677072094759
90394,28561.565910110374
86111,8247.99287858123
88528,17233.181901933367
86857,11515.387811728926
78099,12046.906655924473
92331,18829.810115868888
96016,17649.946119661316
91750,27688.15978445654
92459,25487.994679725318
107321,22797.055520847276
87091,18318.205840694412
97925,4774.555805967489
81737,16865.574692132654
99093,10410.297579827215
99531,11992.812806658692
84423,10969.657287561286
76406,23920.252693438582
107350,21133.146057465707
76326,59762.042345972564
84338,23761.33209325847
76577,23134.85808207442
95385,14053.248382038963
90391,17884.488441060083
107624,22675.503915349756
99241,9026.9591561262
80248,21593.577349499687
85295,17512.660033456737
96343,9503.06152789918
80926,13889.5537985422
94027,19141.911335787532
79544,16915.507143001607
84425,11341.42828600452
105264,14407.810936016296
82643,10276.626772421252
93474,15464.894950049507
107072,13184.649719704701
83519,9847.29631766953
85962,16994.100187769287
96932,26238.78323448216
100759,10412.716150854663
107022,7882.186880480599
77012,33589.44591455071
100651,10315.660682881891
89430,21829.576596755163
88981,15796.650015167716
95740,22796.169885304633
101954,14697.5099690309
103408,5550.369250182491
81304,14801.994305392456
108421,24850.24048859106
93532,21919.730277993734
101576,13509.885278037746
79931,22705.69169994661
108176,10226.18243376849
84455,16626.088313736418
106797,25578.019275670697
76513,20745.35692379959
89674,18391.90603188855
77722,19874.0647192763
84754,16890.156913407933
106492,10945.145251676558
99242,7482.5116217890045
107569,11411.105200681726
94320,17627.835718521997
82637,8703.686298778222
96550,18396.071357450604
105480,20725.737632961132
100624,9314.17561600907
89114,12652.577183101956
100866,9464.175410243783
81896,20544.79346095989
102689,18601.320662317776
97911,12121.236040594586
97099,6105.313787284694
92071,20860.161312807064
95849,43025.70400121793
102903,10721.487160155852
103725,16877.699189497573
101176,13347.283034864211
103887,10408.39994477898
80921,27855.859385172484
92266,25907.190789086962
106467,9173.61981174827
92139,22354.853089260952
106826,26901.116293077685
88193,16161.418621601
106211,20796.021619912353
88612,14500.271023840112
89179,15712.351155012138
80004,23062.821563049023
98225,10053.06052007794
99856,19689.983653843927
87150,23725.87089572405
94786,32046.889729025454
98471,15659.16809715533
103319,12970.668522461045
89393,8368.089623472506
85789,15743.032147988159
97761,20229.654357436808
101800,11495.777688671105
91588,28567.000993117483
76096,10321.833139380964
77378,20374.279582144736
105010,18528.91327661913
93587,27640.2137510865
90171,8744.831882760067
90438,8184.8909520883835
91148,17584.828427259123
91323,29594.059758467567
98577,9315.434125299256
77741,13261.539934567065
87789,14510.688662105415
94742,29061.66955274763
78295,8764.666899556349
104797,6891.624098285278
77425,11636.80581280454
96208,17946.080430539416
100731,9774.984601803792
93163,33089.09409025755
85915,8524.725223698348
89993,11351.739112182997
99626,23743.52888768501
78228,21855.44989209523
78779,12697.9234134955
78654,19585.28410937641
82947,21566.597804116383
99479,5368.650244571069
90585,15905.952799565423
79933,23040.076200099946
79287,18811.91887352646
92899,30128.690270519757
93755,28025.044529788815
92117,25497.55957058075
102417,10793.880898809753
106587,27792.553573929723
108201,38734.79990912722
88442,8155.25410147566
82673,11737.262745054268
104223,12577.263984040406
86036,7047.087281430703
93425,27588.836571803728
96693,9579.54589153069
82050,34224.04897589403
99460,7641.072786907195
81829,29005.422073057496
83925,11089.51503851591
94041,26507.31536193808
82035,14668.592930290733
107368,9922.062294288726
105591,25314.994141389336
107782,11626.517645716054
96340,14546.192917410865
97566,8223.28452665604
91719,14405.850896230497
79210,17214.093180119817
89898,9276.417193417472
106642,10823.037726659792
93485,20215.842290254735
98774,11928.069838348058
90967,19941.107101358684
89550,17807.79683981607
99247,11588.04281899999
99897,7524.338949697898
91394,21213.770206285695
88135,7401.571861024545
84111,15786.543229269668
91479,30314.576303382222
82622,6755.334192241586
104106,24116.224646124796
77050,29441.836083421327
105631,10966.108456337008
86427,6989.238503755527
93552,39514.71360763387
81830,34842.99880303769
82034,17177.632984528133
105857,17152.359017301915
91623,20613.51474800179
87886,15138.202107187299
78123,11483.074155482742
101951,9570.221775441256
97543,11332.596502178403
79462,46849.62793872476
90234,11896.288738555148
81860,23613.63178481065
87045,7669.733727251374
107162,12513.541790676947
90414,15854.844496098187
78353,28252.73423040847
90940,23537.712607144305
104123,26589.561935139733
88330,10751.774384161014
84769,8695.397268765368
108396,19889.52575807605
89556,10848.788524799107
91348,14877.857043540573
107687,20326.302789630838
90777,16306.443237372601
104801,21615.488066427795
82951,12990.022993171158
106440,19848.594293522478
83562,9157.581157418846
95283,22725.459939853103
84042,8285.975021492384
97883,10516.559253029294
101997,8572.253410341003
82566,10019.846978020194
87497,11801.674324942842
79697,13553.488478685567
85723,19428.030619805155
103511,13450.083698827355
101075,11865.42201413946
108424,12940.88573292399
102011,13207.955665264511
90054,15043.997516192432
105933,13878.313713042273
83807,13124.657828778116
77338,30580.99103289508
96060,6281.618627705459
103133,11129.454268969715
76548,17251.263854619065
79177,19470.252442730733
88937,14814.72894400149
105216,10113.41278647289
80415,13230.462280415852
89404,5689.3580037474985
99503,13004.995148703625
102640,12386.839530853713
108003,18889.44724778787
78038,11447.035919306472
96267,20568.96359604737
106361,29341.99222596627
90046,7886.020061781136
81034,23565.80477581974
77832,21965.787102676502
76482,14086.11774812162
103687,9212.51650309507
104148,16904.512856622223
96008,11143.970576628837
77464,28656.01711665513
83612,14990.775436061742
88727,15638.580262161808
92881,18075.0806376229
78787,38677.644042674896
92593,14795.726321006396
93216,19086.002323719324
108447,8769.437471439946
91746,29551.475183520906
78670,17356.96010212819
93142,29439.464705294617
103515,11086.856884402914
101254,13185.159927564475
103532,12325.120208591728
95650,22309.837787229524
100251,13270.87244347486
82597,7561.299832730243
83045,10905.418967178613
95764,24406.69357005772
83685,9321.201516206364
108088,19171.660558149317
99800,8721.923727085396
104273,10462.633899950246
86860,8379.803704921222
103756,9360.172079436088
90038,8774.969217887958
81692,14536.029085350468
76875,10535.255406163344
82474,10619.830460860147
84165,11126.53678353355
92416,17924.972064702513
76486,15712.525064644027
83332,13173.097724761383
86362,7965.585403183776
99000,14675.461455989818
79474,10963.098623371372
81625,20275.114896462062
84416,10426.557573832239
107026,34618.76260886238
78888,28645.72208719184
91402,13055.189859540236
104996,15254.265680099123
108161,18965.268852082536
95547,18569.511382968194
81861,13032.183766616441
77574,36414.58324327146
88480,12406.507352377052
78311,33012.508409367016
79130,30415.22431721632
86087,20383.8014852803
96083,9122.450222008572
102730,8364.455678494263
93459,28275.97090833197
103121,6645.928114043336
106519,11338.644343928741
90685,9758.003196223977
95357,15139.41448763655
104263,8082.756977866136
92978,18029.7769439554
85290,12089.586112516661
90632,10694.524987403764
105283,14925.036817370945
77070,20185.078483765206
97304,17567.728107756117
97350,24787.408911084392
88499,7603.773982119739
88773,15767.62490393667
97413,10728.205105665651
97795,15507.594208726743
102571,7063.2457444111915
100395,10232.689042818747
83692,19186.61773201399
88058,12585.665010469815
88108,20162.150353503235
89818,7530.291398830237
84732,10043.264192872863
79794,13562.490386801466
103320,6151.118985647353
91794,14408.601037194408
83061,16465.918771295605
88593,13671.75454183427
100252,8651.558460527589
87177,10632.626125139299
108018,9795.861066707443
102667,15418.722624319726
77541,13875.622310912515
78985,34749.62445756298
96495,12361.244541678936
91698,25108.156218906686
80282,20013.42085978721
92825,30165.77148184369
92684,26316.457103142882
93840,35416.48690657479
85266,8318.530745603955
96656,10866.396625653995
87600,11294.538704304068
106994,8405.845800157884
101405,13325.422635444304
86756,7366.83931551895
91439,15099.78060103497
85088,9596.028606261045
93892,16016.146993850709
108240,18761.723401330226
91934,26560.65883814467
79263,22613.332669769276
99012,13306.812558634228
99507,17514.82813611428
104775,11866.235072345638
76783,20184.310539004196
98630,5986.076166691096
105799,14378.616748039105
79687,16918.862070497726
102242,11160.192167922127
104987,13337.244381227278
76197,16674.204044146132
79819,43780.32114358084
105059,15320.592140691699
103748,7816.422513712542
104789,17983.924686252496
107740,19901.837269166597
94310,18541.031816999417
95974,25987.13250506215
78991,29121.339235325035
85346,12526.54062155425
104905,20713.310161424488
84858,10216.37207531136
95021,20907.6771194227
79234,50034.16378389174
93929,30347.42184700417
93964,25579.47891529254
102327,15931.98503369307
93930,41250.17413328922
94220,42781.70500307554
97355,17763.100147115023
101356,16573.37159617153
80132,48118.74171199759
96537,12064.043385833202
95767,12256.218292348776
102780,11740.137327903953
98549,6429.766830207776
91031,32792.257019167366
91922,22283.431895461326
92327,17705.367063570167
101273,11483.386621734788
83564,10084.85370975081
93121,16622.700039089093
91848,25396.900779762353
99112,13381.051079553685
79484,20516.60710810082
83792,13830.015360433821
88337,21143.304616927846
98896,4997.629733172345
82576,19576.459067992422
85186,10402.105321929532
103570,8101.334647343804
94806,29311.7030128211
107394,8535.92633163998
106891,8755.969650241439
77508,32760.938465145744
78851,40868.362892703364
81113,23046.388364073708
85437,14766.31205641747
82280,11135.512885383101
85886,18905.576917499235
79625,22794.886735637985
95239,47816.633427907116
82313,55353.68242084485
90789,16686.7549469773
92484,21080.19164106961
88349,7741.7591899448735
87936,6740.191659583806
96057,10178.227432523523
102286,9381.723186258712
97187,9138.772370095816
85499,11623.826193866205
104015,15268.02369758836
99732,11910.311655599207
87915,11755.03308874255
81687,13119.51660010563
86009,21857.112093107608
97444,9962.172567249312
102004,15508.857868005603
104458,10303.982688563548
98519,7234.53328905494
82785,17671.849681230302
103479,20396.2210500177
100675,13722.241733944347
102764,8420.622544623342
84770,13802.291594301492
106124,8795.12979076881
103447,9419.057741419516
101681,14839.811905082432
97714,14221.116048342094
101446,12125.4677104204
108526,14673.922408178598
92403,22311.51053270049
76218,57289.939547830036
81456,13093.17839896236
81297,31420.668512422973
90637,15834.254929725055
90327,7627.183829537807
95775,15855.003292301992
89328,9468.187490452061
76281,13099.21555978187
105285,24660.891675094877
97967,14107.614445751004
103677,5615.34720725861
89371,20081.34589847151
93864,12662.554323564338
103191,7088.659862656062
84138,16990.746902765088
88931,20189.451235757293
83174,15785.159258269707
96700,18575.583907871292
90557,8448.392921649887
106224,18470.466193954595
76032,19569.68484902524
93904,10994.643802711738
83233,10427.825361361676
97166,13447.97353943115
107008,12724.51690577098
98411,9235.646879450851
76898,16829.50303233038
77335,24252.627425921626
103661,12673.697963880775
89251,17954.982386835072
107278,11279.182865904517
76306,24313.113733048995
95821,30866.5843646452
93738,24232.28440131501
102085,16473.980177098983
87697,12459.85403833313
95925,17671.82914334588
86432,11265.452563880028
77843,11831.307902417246
91784,21341.999585361802
101658,18852.027187221032
77139,31690.62162462697
82509,8998.62989452645
92105,27402.100379879146
89714,13065.438756000833
104701,17394.2005401534
96529,12669.973732751565
86466,12513.802677084674
91745,14519.324105012092
89336,14444.019038597115
77392,12827.705385943415
107821,23347.342143683196
96431,7453.413482351391
96177,10721.187209219886
103091,6652.298981561593
91003,21869.99041540737
95781,22745.004488938772
96216,13138.516434136325
78178,52001.40218612306
108259,20220.102158750215
81909,11803.311810043693
87054,11107.35036167658
95949,19691.28847531315
84912,15070.39962308243
106750,11064.963261141731
105535,9181.185571371669
104790,9879.799152680152
82394,46696.04965453652
85536,9167.58395176385
88663,9426.715755787332
95114,22690.00582768608
87720,7973.172139458655
105355,9732.43740107605
82633,12728.67823361134
77178,16454.344076807352
82650,12118.66853308209
88354,15291.978168922968
91594,14695.027863016932
106838,32475.446172243497
92201,30945.646013438836
86903,16354.818508275037
91790,39136.682891045515
89435,20017.28867758633
106192,12921.31061938564
100291,9367.738819406131
80263,19662.98498719259
105259,8968.326784404946
90581,13487.240049614886
82168,14255.076304591605
78900,21320.230590516636
92927,19330.239938404506
86035,12806.620618713061
82812,8234.563485550794
90960,18046.1820134657
80564,31473.102192312763
88136,16729.79596963794
81598,11956.17024764576
84515,19175.290335418926
76559,23235.56455686015
85602,10899.366402721467
87221,18808.75613410069
103271,10063.115871735106
94627,13284.281145345134
79016,10038.3750567236
89875,17364.884006717406
89037,16760.262557734815
100203,8643.182470378264
86521,7255.4859453002355
100287,6844.373535927009
100028,10855.024430472562
99993,13329.235235974063
89572,16813.03460166934
89439,21337.37896919273
105686,11588.055423230802
92939,15172.088856229188
94055,21464.578034909933
80380,19275.54408329925
99967,8334.132021750595
95543,16329.82409072372
97455,11127.87000656613
77160,14919.614931163154
105212,22116.574757911192
100236,10181.61369105918
107291,13460.594549099338
104571,11707.938935522607
107474,13760.101212055595
93115,41410.55780640037
92068,24178.99044542313
101225,10849.94534301554
87087,14352.804640714478
98133,13656.062701741483
108494,21904.676272940196
93501,24554.81128366236
99785,11279.337677909909
99377,11096.450983384064
104791,22742.749722027573
95521,21329.41168117728
98752,24955.29813738236
100191,4220.013606097843
86298,10511.66386547758
85617,9679.026345971755
101651,13699.896339242716
93014,16622.20143973972
89934,8245.196420093767
85334,12317.84799707396
97879,18792.266246749823
79690,27173.76611759672
108126,20544.337457686222
77117,47394.17338025828
99027,13216.040711876334
102822,12578.899125715358
80603,10306.923585114017
98014,5892.033692674789
77131,52947.32175097586
93449,23997.040875251052
96996,17826.766398087388
86682,7228.6834541351855
88766,6820.678818788863
89860,5170.296178272962
103646,6702.334777452943
97690,19839.082417585367
101168,9350.808384510547
106415,10136.179087018822
83711,28636.268284719597
87996,11936.448969760446
79855,15218.38140805617
105266,11988.92047908246
92717,40394.141876933405
88833,15229.256927629276
100290,5403.789218551828
79845,11516.223280118993
102781,16993.21313347177
80780,26006.41080294709
95643,18193.482854223734
90478,4954.37856416117
78919,46608.823789172035
87599,9319.627057379468
83576,14154.058071285463
97582,24819.01705967526
98560,6503.165191496203
94839,17293.797134020475
79584,32943.29255940712
95009,45919.042766121616
86194,9807.633050412522
81291,17595.796732179828
108264,8811.255521336096
91618,28800.887867356454
103987,3474.435440561087
98687,7852.539726724821
89683,10724.672305590457
80178,14088.495998787012
85041,9093.669492031853
85795,11523.360045442148
92667,23591.445990181837
88648,11387.29979239356
81003,27934.750202789597
89530,10382.930404649771
89343,19072.681012880246
84383,11189.552573081632
95447,19118.435223282784
103195,13213.013971320644
87916,8584.364692033738
79701,9502.591118795783
78939,32890.49031430771
90700,7212.157873262593
92770,26704.296885305634
108076,27882.690756473512
76716,20915.197025733898
94223,14528.533655803842
97551,23151.793302202037
92126,28145.926926896107
92616,27970.13319458569
101680,11822.937651651446
91237,37685.82144739647
105108,10503.296261153437
96867,9426.258777124587
89088,15455.690974470332
92402,21600.655316584653
94049,19366.811553313273
86720,11487.176168701215
100554,14342.896074968856
102551,12741.719341057356
88297,10713.733371054086
85365,12687.25919052617
82994,8067.269401684281
79914,12792.236864983144
108258,19877.996402923392
76068,13252.536824564697
82252,11965.911281940407
85769,16845.75821245236
90927,40974.96019874525
106917,11606.441890735054
97051,7600.037225118154
89757,9154.147285845818
90517,9035.194801278554
100679,8533.027722651128
102698,11876.830334297416
76935,16048.818513916023
94802,28405.715618101454
106017,28071.864630084172
105400,10467.52671259586
107120,18778.265816342788
102046,11200.531174089332
90067,13076.868469676861
82781,13974.45139721632
95277,37325.06606591841
95689,28818.232512327362
105027,18705.958934608945
85236,19569.686613818023
97380,17097.24583436884
100285,18850.074011150085
98812,12512.331407860642
96265,21639.275692513314
101336,9002.775486408345
107335,14106.560454523547
96385,14449.347387813894
78322,34137.76203983291
91805,39460.59224183538
106808,15897.27365220524
91272,24094.01040730108
97409,8763.696260808812
84801,13429.163822316501
84783,15366.05873085555
78594,18917.92570953659
84618,9539.25491295416
95162,17365.134595880594
87803,11792.314051702355
92565,10423.243267558788
107155,18366.611245629276
93075,24977.110502942403
102973,9686.14843139365
89247,10073.577038933094
79555,30044.065759604942
90326,19984.28496301662
107169,19406.87265141498
79268,21842.1749495096
99954,10697.027129346392
80374,18233.33832752402
101695,8070.247077067352
91260,40542.96576297409
78376,23314.448546328345
105554,9965.505864972856
106897,17037.757040720542
88890,23485.433817481022
85043,9602.356670478017
90014,15724.079941928785
99924,10609.594488841783
102210,11400.91127669833
102041,11822.307469606361
78082,47912.75626834671
106653,9885.191000530574
85042,7384.988555494331
90502,15243.509067661531
87396,19256.125506324308
92489,22691.64628798872
76383,12130.810726709728
82522,10242.682472695042
89906,16507.248262315632
103260,8369.326504022165
78162,14771.715743887979
102594,7825.26047092969
103841,9045.905779851077
78789,19108.051566408496
106717,11241.16409685364
88775,8043.698479042122
88109,11392.790445368539
87997,16093.624905490113
88027,15175.39346515264
93890,19893.832898002645
94101,21190.27625424469
102675,7031.1210488001125
101475,9378.519756813788
80558,12353.053821634645
87171,8130.363848726415
88266,10749.159357236767
101850,15594.984309748692
99649,13255.118929345215
105512,13410.053393253427
102290,11323.993555910665
80390,22236.385640841752
90266,5615.256837730207
84938,11638.781712625034
93151,63148.85559477077
95267,31826.658559278465
92188,20990.589455978883
80014,23073.822903145257
103390,9955.692724410459
77627,23400.456705211272
104741,9857.41714872545
107297,10729.895119273599
93101,22196.877061775707
94142,18272.190445611457
93814,22894.67603246065
92300,37239.757492897195
89616,10210.123603381106
102876,11305.27866722244
106731,22587.927314788565
97653,13256.39869080343
86484,9439.215315888172
97041,10856.361282999562
88263,15892.021118668028
79035,18656.018155197296
85171,18273.23767626014
99949,10692.264675481638
97528,8035.578547843675
89333,10539.870699884937
108420,30193.268513022187
103545,13594.888934087705
87578,11621.470445227353
89794,8681.4415230631
78220,22571.552612527892
86074,8944.352462934236
82330,18004.96517475771
77108,10955.744633124286
90682,19001.688177122865
105643,48174.14945919897
104819,25074.950347169866
98722,4572.456756103394
82464,12122.455190401673
80687,12671.674260670514
101340,7669.493382815799
86763,15178.537004059703
103549,6459.772266556879
85520,10987.48637248582
95658,38125.60948632183
98745,18087.298260266176
102751,6639.676937120725
86044,17716.843347333393
87791,9614.467474842602
85907,9174.600297130677
82976,16920.54187312071
87738,15974.254379411917
96035,11684.0309515528
88577,13871.485968812369
87932,9542.237118507494
100197,13800.425012692498
87983,19496.83884552595
83455,15076.612632842942
100627,8167.125790236339
108491,6737.804781705479
103896,4655.760503897708
100166,16130.025496559985
84224,17727.64125013188
82279,13274.8178713596
102695,8994.960761600665
91730,15672.406709767009
91520,15688.711845034753
93441,16159.046200449216
104061,16506.644420484958
85328,17501.068701833487
78431,14092.235175708884
89987,12386.246734678058
89785,8738.859599552823
87524,10661.224455925352
105313,25684.590464026856
97204,23475.672960303044
81190,29032.667081339867
106185,24816.797448947178
90483,13441.573585085775
85436,10407.05685895259
89422,11027.142421176293
94943,20077.02672166473
84834,13039.796696289544
104864,12434.100237218337
104593,19167.783534461392
97614,6497.184466917748
105794,10031.761010981576
87647,14196.029731432149
79445,20152.931704886185
86179,10272.80338832874
80653,31077.867760280333
86987,10512.628009475558
94399,13584.818225228102
85016,9723.310527862555
97822,9772.41831928559
78119,22190.344145883515
100744,8065.198810392192
105979,10679.127666154927
99994,8857.093672237994
100774,13923.103408584484
92935,23334.03414516422
98288,12497.750308975463
76583,16627.039280411598
83919,10869.149115286133
81696,30734.19284512334
82491,15959.14871206968
105912,9806.753593028428
81324,20118.90764140884
76616,27290.799399015883
77437,24993.649851378308
87372,11164.843818898138
92668,25980.284600563464
89936,8054.150610755182
103228,13133.627928761778
97587,11275.064675065743
101465,13598.30968197761
83831,10894.68722801308
106127,18111.747857472328
81306,29784.825970116577
90977,17373.051303905093
104439,15980.961353604924
93212,14957.86928652552
102209,10289.046165284586
100072,9638.870823631223
82518,12715.489328388205
103988,6259.182840223244
89788,6172.17744220627
81061,15362.88150265934
102430,8454.768980893965
97938,6658.40626682173
82243,26754.42806834559
98210,15128.893782117224
108342,24307.23064557837
83764,10162.359119932084
106233,17396.852182064355
99659,8976.053315638997
99142,10649.994008906076
98655,11911.949437543251
108449,17254.451063222878
104515,11700.47765280212
97931,10420.397145396788
100995,9404.798718611544
96070,22029.972946639624
76333,15875.464720042733
106307,10499.40643235323
92092,17767.592976286905
78883,10312.138278253155
94921,25895.581924616898
78172,33777.3279413603
96430,23103.415454894268
82844,8315.184387350353
82378,15773.145073650929
105297,20981.819704564074
95050,25602.43067263468
93124,18673.134940340424
80112,19357.045203554655
86478,11678.9105190836
83917,17555.86631040976
100721,12456.255130286798
94123,28367.5481354378
100693,14575.205810029613
106688,10707.185257798234
102131,11043.241188116881
99935,8184.1745885170485
102108,7813.776114752151
82729,9230.589705809076
77495,15560.032694940592
98827,12843.480924421525
97526,19714.32185928576
104954,9918.26793431286
78155,19782.28553048834
79469,11357.405777374013
98055,11515.66067112121
102443,9897.777607818869
91468,29579.617701379684
96944,13725.167016144886
90974,21481.68128328823
97294,8332.549071322324
98347,7447.951207144734
96505,18198.770456810023
100542,7541.921641096799
79348,20396.651127867022
95285,20855.784161802363
103440,13339.862335105094
91432,23608.303973090082
84815,10373.311207649094
88959,18525.03500387816
96017,24022.631783280092
105760,10823.472477335583
102874,11165.281943569997
103528,7246.462572161005
87558,11241.559072394191
95691,19586.46333466347
106122,27455.730138321906
92479,13228.331819051076
106673,6895.5808435813215
108143,26441.423823949677
88298,10571.655167721237
102149,16904.018115413895
87765,17453.81529419803
90258,10183.074992731432
96940,11002.613337914878
108032,9228.904378977852
77733,20786.932897061073
90186,8083.404534228162
94702,24476.182409819336
95120,26435.867549052768
91144,13629.262508339974
103053,10317.519198012607
99408,11744.091742932545
79533,23676.01651028387
99369,10622.730499675412
105062,16731.730751578325
102029,11862.709104483058
96368,19646.973335825143
101066,10136.92740567663
100088,5541.676742334078
84869,16143.108482118365
100736,13811.227597099662
85981,14534.601384310195
98872,12323.828795953887
84037,9220.944703901681
89217,11924.492238846222
89775,18265.637512293706
88379,22255.351408844923
80011,22005.526333769343
80836,22909.670443990555
105215,13106.924405769925
93719,40200.195423366065
107968,19464.45333052356
98967,12954.834761240769
85591,15905.903832779526
80478,12716.374618023307
92882,21447.578711316975
89721,10442.130230871433
101878,9094.216361521037
102301,9508.051231203286
101408,7292.288828599721
81446,14744.046395144733
100045,10810.344059303847
82986,13262.899617817535
78772,21360.59911075111
78208,18079.463978475374
81689,11431.563074412383
96791,14419.12721296738
79141,12712.45892632849
84271,14520.11454715203
94879,18086.449482813263
107759,16072.507578401914
83675,9386.832830114268
88258,15690.343062540709
96976,18672.76212395187
92824,20226.482403900744
98414,7700.42858529292
85028,11670.99154129187
97506,10514.712891796638
92767,23788.00449840095
100210,13845.562388578606
84470,13216.998473824604
90627,6835.771429652203
98768,10985.918806523856
105263,10264.249307167755
81662,32631.11736816587
93787,17916.8553351275
82688,8305.030891593453
88923,8874.716946152343
97463,8201.434835845637
93008,12325.880517090884
86807,9333.99753637229
79997,24315.213512039176
106742,16534.40186868497
94777,14547.565265816935
86594,19493.84440851411
82991,15761.076841006368
102203,9142.046574926671
103539,12920.095427259695
96264,17599.864821066065
77721,14446.283088925149
107801,10367.370175652843
99511,11571.443220139043
92801,26243.9374375915
82658,7766.032600725729
91732,16428.359824949024
76557,24515.598179706016
91314,34903.281082001144
82198,19048.20719709236
100607,14041.209016990395
80984,11322.618368269033
77901,12796.842645746918
95736,17680.299679622723
86809,14089.163385872142
78288,24028.370428996765
101339,11094.295328190628
87249,10123.624160680261
82143,29621.876155212725
83850,13123.111270203528
106952,12005.320078033033
106504,32827.32499071332
87341,11716.510442252555
94165,74294.3825517437
79986,21922.09445203459
97235,13407.099692165044
84860,13470.951774493315
94913,24175.354961805147
82439,9723.310527862555
83066,10824.412049945195
76993,31537.272905620113
88803,18121.77492049535
77506,28589.13642827047
76456,21246.309623158188
84599,8407.821661841594
76680,25106.698175572652
78685,32183.190687374765
80310,15496.285990601027
107412,26102.139984579797
89792,6193.5226945013555
87421,14024.66817676036
88821,11018.429956236372
101930,9438.251393898741
105822,11759.43054421193
97642,14575.024456841942
107339,10572.919303951167
76550,19760.42957202964
88272,5572.80887846814
85777,9228.452805818553
104995,18919.72025280204
82640,8254.576771580794
80887,13028.502001858807
105022,15088.898031657762
79920,18737.605947120683
96724,12302.853602509784
87654,11435.175443702907
80242,29388.683667620866
103464,11022.579067184965
99537,12604.828597053025
92524,19377.65942920456
83634,17045.845920353288
77597,15385.168151883856
87830,16552.96701227607
87700,17256.36904498177
86513,9905.643587074892
92891,13653.085235297189
79513,14577.369872225074
101087,15745.6850460363
85729,10550.98623186964
107672,27674.09136097113
77549,35589.28455700089
94307,15730.398880065832
84500,14106.372306704818
98867,7806.229021638791
103039,11522.14952241898
91192,30579.861193775705
82205,16230.385127586107
100369,10858.827093883612
107529,13303.172275499324
106073,17989.16649759598
87934,8877.213284047486
99978,14419.971804896872
97512,19144.769793952077
78085,23022.22061097386
83329,11581.861675379978
106679,18290.881639587577
102680,9391.85946379537
100260,16046.303509052226
98100,18501.609306825307
79452,49565.454014674484
94814,23260.99352937399
83431,11363.737278143448
102298,4738.954371242263
86411,10734.134049715662
105783,14567.305766999281
79588,21368.560166150528
77976,12278.847744486186
103387,14998.87802080842
93070,36866.1164434559
108393,15692.880155623174
105094,17250.39905700631
101152,11876.306075481481
87464,16411.911105216484
92410,27342.141937829092
102395,9203.72193796595
98531,16069.306145470666
89945,8658.696666417258
102454,15248.620582234105
104729,14124.825612319548
89493,9679.84384861045
92058,25170.09767359856
93884,17365.149092786254
87594,8047.760610163925
100891,12944.114170726045
81535,29975.367351259905
80847,27217.434663392025
90120,8248.5877290287
76004,24659.222063925485
76670,17791.78927453609
82018,10272.445717991739
90007,16341.22939418716
76604,11466.602087625104
88324,7160.403395306624
84260,14443.48272223144
104662,18769.79049648018
80740,20576.694216807897
94973,16812.45252800845
89099,21933.50489241733
89528,19275.95206716252
87947,20445.28869875032
76967,21976.82562253191
94126,22675.64988232903
92187,45249.52689924648
104140,10069.624937553643
80573,15072.850032050532
99372,12399.445061878867
79790,27859.39362551977
94392,25872.792143246643
103573,10158.762728995556
96538,11371.031099037793
96774,22422.394216026165
83631,15689.818002164302
89532,8653.486059529914
83991,16660.79745905027
95769,24222.9152136602
83263,15681.484086570008
87065,11255.155060539111
107642,17284.64341026366
85968,8277.910699830813
77321,16379.188504548565
79237,29515.980762378556
98975,25465.94938679523
95590,22334.490168990782
104906,16280.95071755193
103289,12192.39021389697
82134,15298.596432374796
108432,17618.525221626733
79361,15162.8111968552
79283,14316.635990336941
108270,9917.037067714875
100333,6748.427508418168
89059,7318.780983486327
96852,7048.349524073889
89651,17088.586996713137
82856,7074.662072861377
103072,21903.72051833503
108315,17769.342971708633
95664,21771.2886091311
87882,19149.293318941083
81682,26065.570655380838
102981,5022.268643957988
104776,11053.763101264713
97621,23041.8926629201
100451,9966.565265856172
94393,30183.212144615056
87416,15136.869175838267
105999,10269.876352179124
91075,12568.153937193625
104390,13662.737821689061
78471,39760.635967840804
91077,14861.697031960328
81733,14389.184339562353
81475,25533.87318917866
89546,16188.263172067416
81968,16637.249083873263
82201,22970.6083705917
100703,14312.82783643707
108173,8916.87866692716
99283,5419.675814365678
88618,10350.043756719435
77172,15763.004857242515
105813,13539.076358869659
85410,9332.450025674245
77665,10179.697857088984
106427,11835.045487877718
100684,9066.058664951492
77682,67312.92328405351
106196,10006.846699784033
88627,17767.844725085513
108029,14511.5319895032
80142,20807.870300511757
101534,12713.123120475158
106737,22415.908914030653
84776,9108.642669595481
100686,7838.459652264031
100393,16073.576065504994
95593,22376.649580083133
106482,28065.05168230184
82594,18250.749046248933
95052,20611.44155129351
77581,30956.18726539063
105894,19466.41516689298
98981,19319.03019756626
103791,10883.708664559608
89035,17117.153669227144
78988,49706.5304269061
102284,5724.729821634871
78961,22347.991994990105
100824,11861.95660046771
80563,17402.168727643508
106006,24996.756096254318
98874,5186.213838707383
92004,26056.98407827628
76541,16696.50590103476
76087,13006.729519180908
96383,8445.554898541248
89403,9751.675793181757
85502,12076.106055000755
78453,14864.425752164942
105672,10098.390728566443
94086,28835.075297240528
103223,12779.312184782171
106894,10010.816383277599
104079,19402.599650452587
76659,49936.379224429314
78970,10580.372393275478
94467,28570.691443419844
106317,12144.484690875914
90990,20831.866468120672
85168,15680.84842751235
85329,17054.59988081282
90573,21945.24063916632
87552,9684.21848022839
106650,13865.914399662366
97658,12023.801469223316
103443,10670.259740127816
108293,9708.724746195736
106230,12724.641750201668
90762,7025.651148962441
90385,12911.923053054938
92892,27975.91737623349
87166,10901.358567043253
88217,15400.968522650777
107357,12671.531584575077
104588,15034.447816031161
106711,25830.559345859543
82117,28964.917804808007
76811,22391.78262753907
96629,13841.881753525136
82497,11477.609812565368
105204,9898.669272928228
92020,22584.867287520672
103534,13207.86404630347
87801,11874.951608604226
76388,19604.498370786896
101512,6315.6348160818525
88523,14813.245183980844
82847,18665.026679758503
96295,23987.89089028467
104555,13218.88108981361
82459,9210.719459956257
88896,12357.396817008977
98912,16333.344870662855
87904,14922.142443958859
97899,7981.387819661041
84404,15753.253728597598
83628,25983.17682532007
98240,6243.513720277837
77405,54927.789091984334
95241,17963.62366554046
86588,13767.22549271353
100568,5864.069362016112
103330,10031.724815471793
88168,26696.654207925494
99695,7189.252419914622
105415,25536.373443614975
108291,14804.109357685229
82483,22383.394014661815
76215,12302.61740654524
95883,9570.094631347749
93944,19170.97896092763
80545,11408.649309706094
87133,13628.72806084386
107929,15607.871547774934
103594,10637.695320646075
98090,3425.901444181249
85950,8182.29739115482
97817,20812.762096109593
80349,10623.454196688223
92065,20865.325422772476
81419,20241.96511892237
103547,13796.415092093137
82647,15752.82677142878
103287,6477.8679428713685
92620,22102.24976064601
97818,13427.792252697414
94762,14717.522738829693
86986,11140.850408421376
80244,14352.020033297833
81808,30925.900593215672
101955,13177.106304834459
100277,10472.146004183895
97433,10400.338901907497
101701,12017.426528383843
88891,17283.53984313346
97998,11245.614743599832
84676,7491.944711600814
85102,13677.629604870825
95997,22153.62840408686
108269,19475.377736182338
101745,10486.480693094914
94167,24271.3143263002
100965,5811.008118819684
96695,6606.869459544162
84077,10724.50027666387
95666,33984.592539746904
93525,25646.607845326816
86442,10268.784011556685
98856,21931.957359282278
102762,11598.28952586804
91868,28358.735986940388
85895,8586.90129673244
83837,11567.112186445907
97933,23812.283208976667
77159,41343.34351694244
86267,11862.340036402047
102669,7608.021032882314
99058,28127.378478176077
83648,18294.122210912934
90586,15900.516642703416
96303,13344.821018852703
91599,28674.339719699343
104830,12124.299992269509
103867,11345.336342382934
103352,8252.214552915799
85911,12004.97286580419
86215,9364.763511190025
100026,11035.626128739637
87347,10272.131185770495
95363,13311.799338845562
105922,27037.10594671997
100582,11221.209260227923
90707,12934.16335149656
89442,10649.155079181812
107455,15233.414726778008
79441,32824.54878396032
99119,13519.816828927385
84855,17618.469250003523
95694,21384.841635924036
98802,20286.952878851396
93759,24098.473386849528
100855,6779.531387132643
93601,29763.87619223238
103425,9328.332208273338
79810,31682.42015287397
106082,11074.104334106942
96555,11101.535977663829
76273,16313.326300240415
81265,14129.032457945164
76722,25048.781084182723
87080,8956.531261165705
85477,15692.578234445806
100688,7757.426987851184
101612,6925.761760892484
107135,9741.74641802037
82754,8156.325750972181
77167,15103.719020150347
95627,30021.360268792316
77685,21593.005162867994
81835,25215.94651910045
108459,13022.631358891209
99976,19504.631896599112
77873,20784.83976215622
91574,16836.7666860164
98487,12178.464319600002
101067,5519.402845315175
86888,15751.02367119632
79051,24656.723391794923
105704,14979.931658575448
93009,22192.48799680756
79182,26237.80236609823
77226,19066.070851928234
83439,10436.847122589787
106093,19964.258605493862
85243,17778.87656109047
77181,16394.324630862924
85451,15700.117231534618
76412,52468.03672379397
87990,16761.76097955839
82077,19288.210330069043
86289,18255.119740042843
81566,21946.97303983815
82864,12147.631978361447
99130,11163.74091173271
96176,13809.112006295094
102269,8512.161691390624
91841,23208.773443954815
76041,22515.899527181642
104840,18579.866568189573
106253,19019.248015883466
98245,23629.143606905753
77039,20375.398125770018
100730,7948.685042053523
87739,5150.75560219926
107559,11531.588142263303
103282,12147.210922208169
76646,26449.599005579283
80252,13734.062179837903
103895,9149.54388030625
92491,23598.418314477967
89765,15032.503118075394
106652,17892.38486154313
88005,8020.122581249027
99470,10893.84181799645
77069,16759.124516410415
77955,19946.86148253064
90809,8495.20225953131
91610,23145.528632201283
102774,12726.739446223637
78231,11375.38028093543
101171,8558.781517748721
94420,12371.81551015239
91378,28232.0837473497
82771,10934.711211475287
99918,4448.2867416676245
103574,13487.132386768999
86799,13825.207539542856
94318,19448.595530824914
76950,27089.454694854347
101720,8848.114733815792
106698,22034.17264197734
103488,10518.319117227846
99153,18693.478321667386
104945,20968.353764769043
82708,16740.411664830157
80674,19817.940036051143
84122,12141.44665033736
100375,3347.7619629455467
89456,17884.41051577147
82974,10668.004672289824
104716,26353.71916531465
88124,14527.79309885069
101244,10057.072743647557
82069,18428.99204505482
98606,15516.60111321767
94412,28752.019720578384
106030,22027.89307264376
89877,8412.098575421198
83349,15653.753651636469
84253,10709.42659063987
79774,17547.9166107865
87259,9642.646633391914
81587,9841.386218128497
94407,17962.64965818018
105889,14495.514417822991
90829,15477.27054204029
90286,10680.998955340427
90162,10805.665852293441
86022,12411.421237258253
108101,20388.422716000485
76814,15352.001741900849
106162,20518.672583774845
106605,16007.20720447639
99590,11807.679905812394
102676,11441.283033510035
107658,11978.556290202008
82396,13184.18521128298
108051,21116.51484582876
92955,26612.418231458672
83520,10271.228117097606
80338,14660.57212594493
89312,7010.0488963703965
80751,31024.472291613696
90622,7830.030982928303
79431,21254.86448784001
82870,11813.58623702664
106446,20475.468498352224
96223,11805.263061196854
100491,6278.91924922344
90125,31080.455298428195
107869,20451.952158116983
78278,29693.38660909432
104244,13089.542419030495
93810,23908.131781225555
90911,25792.76374977563
81869,30221.15987329964
100472,16062.9215290187
101927,16304.287991742536
99713,16171.573917013682
108184,17612.09120451963
99764,8097.147286506312
101286,15457.196609471534
106534,9938.464534137811
77461,12157.17067773575
108272,11785.086909199446
106010,23630.23738407824
89193,12043.265852915214
87761,9352.431336494972
88154,13723.127848504595
97789,13787.108971714784
98271,7032.937169778667
84160,18737.128832364517
80752,12560.630589862207
106107,14814.48325111688
87260,11966.858652806588
76549,9971.755490627109
106619,8523.793563594896
93849,21768.490302398084
96045,21180.860585133185
98306,10856.849371428816
91896,31304.827254015396
94048,24697.075373506632
104918,10285.285608030681
97720,7100.973971401031
97482,7456.225701715889
94156,25616.028717683443
96469,9662.223845910348
96918,18110.346533382428
97241,6056.351146857828
78150,14851.92540614911
77808,35627.43226321116
103265,10557.487834593301
99485,11684.006463561736
77860,13537.481243510318
83834,17031.50926749951
82565,6728.814760456163
104344,27902.348008923214
88984,9194.922277194419
92161,17237.238623607645
102199,18117.61642371933
103723,10288.371340493777
94677,25333.781866330188
104806,13690.71930544331
87148,12847.4842146747
78411,19095.327741049678
97856,12942.952732598662
80535,21678.45376198945
90156,10437.553058200272
82176,31184.175063932722
76790,12187.217600468064
91762,36396.57772885496
78650,35083.020506909284
82763,16066.968286983983
82678,9691.466898122204
100137,20333.034240569108
78365,29938.088730625852
88768,11052.886528359155
80346,24857.797998664042
106682,17402.356784301424
97171,21371.648333794088
81701,13887.115072226137
84073,9672.408922998722
79549,9544.69360184628
100269,9388.201708004752
78466,27417.940502263384
80489,11171.449568402546
100009,12052.570588989287
78769,11468.348109083881
96821,19968.743793540372
107253,8653.932552291966
76045,10662.681876442895
85567,16992.168948450457
104651,10040.038500609122
94428,11365.44920400015
90549,15476.066249675312
100940,11325.064112634662
105608,20009.792158567776
105280,13889.044991244584
92200,20366.523172671434
91082,13940.587851329723
77298,24548.13875372769
99432,10860.040230891498
80426,9734.445538073327
100817,10419.546281818912
98552,12305.298660436381
102428,7974.311987392904
100978,10040.1444905679
96371,14712.84896977829
84334,9544.808711392669
90196,6274.936281048426
102540,10433.58860853682
96914,7801.286597394293
100895,9332.27758450654
105296,26989.899267355995
101888,5135.687318405464
104077,6203.5669666651065
94267,29244.02271261
96803,21153.768122405385
88905,8820.86826357178
106132,10056.732541776757
104388,11145.431511069562
92704,23416.14055113091
86345,25542.817894467953
98326,58816.283119193096
98572,23770.760196398525
98754,25153.46508461049
77794,12915.053562878129
101082,7677.903379183334
98455,15624.877831454072
95796,15379.931777251952
98861,19941.815567913243
87570,9437.960757919795
91904,20445.26867514559
84147,13760.606966578334
79470,30066.14232298402
100012,8446.342162516854
78698,18390.460199204754
84929,13879.943109417896
97808,13908.749955550864
85299,8710.254435351086
91297,68584.16179146321
100772,6673.688214091987
88500,10140.990770476157
86077,19759.93911619719
91891,23450.398245046235
81059,22430.909101251556
91023,24728.470363423254
94693,24690.684577598164
83779,10888.948031577922
102323,7277.008297385387
86078,10126.602366795132
85595,18208.310185653423
78582,30665.082212917452
82311,31721.371643655795
107228,25535.18575718697
90613,13849.619904772388
102643,10317.523416240261
87044,14498.239673383376
94680,26632.95597546594
86222,15603.96122761289
92844,26130.28389720139
107625,8856.347964715093
98155,6306.75460567375
95145,14463.948742594463
79545,21912.06469603633
86312,9208.606058236774
106466,12874.2509101206
102721,5860.590541621718
82720,8360.206976788515
89908,14502.976842836617
86593,6749.136580625259
86930,7971.640114989258
80460,14268.804073136489
85235,19807.437760954574
103331,13836.172832247743
96526,22779.265188162237
93359,14849.59375608533
104761,11829.679621662362
76684,24213.047330192723
76697,20750.528087481813
92488,19681.852165850807
107148,22494.968376678113
100685,8845.864446212607
79407,14621.629830111418
90983,18906.75043903067
80435,14160.668363753839
106658,23138.88583338251
76894,31623.433456501654
77367,16754.215905704546
80301,34113.07473222483
81032,17339.637593215357
107900,49040.0550011721
83046,15160.844052237539
102331,9625.162017287566
94376,11490.49678504015
83559,11685.15679342254
103509,13715.969777096492
76553,20760.05823687313
85897,8694.324574730801
91644,15455.947463576358
101598,20196.350657902884
89707,11651.744302317466
106964,14198.952111054874
86117,8364.194565360103
100179,11967.421472359018
98605,23192.325064003377
99719,11066.703015397157
96764,18024.925022255073
97262,8727.255259767357
79645,26074.3334423321
85785,12161.219176193912
103444,7663.500216320934
105639,13902.424357731994
106379,23524.980371921134
94283,13850.983799119593
80195,13930.808491133112
84709,17250.72285212823
106270,16324.243237637571
106321,29243.78376019905
102975,10370.228869571985
77231,38270.07667194432
82488,8134.784833567828
100406,12838.363506413223
79606,12926.308218976223
81036,14271.612343237262
95806,25966.572392828763
97217,17421.160403399397
93696,21922.932029971573
84438,9026.055861033781
108083,14650.633463495207
94109,29606.421293013093
81873,24575.55890123126
83535,10361.836869027307
108253,10655.389559059904
103572,7547.599523873991
97782,23969.630073361965
85759,14354.94205519241
101313,9454.826852829994
98905,12283.039451533277
96344,20832.571374574076
79144,19462.164620493142
93593,33440.98117894052
99886,10748.190443691652
96085,7927.2556193167475
91717,23649.36229904408
100170,13511.106852601117
101760,12530.613450018665
104762,26336.886394592104
94364,15917.837971775127
81819,18213.65883305812
88720,12652.417098153282
76810,17636.57384601674
91505,31988.520428958505
91740,29686.11997458634
107115,32296.548188926947
79860,20911.19124853495
103392,9093.617504799655
107926,8749.05566083785
98206,11650.10082588781
91551,47341.60993303404
100331,12129.369495071347
76115,21999.46988735644
82255,14329.991023333156
104007,21128.36621204303
77667,10248.359926024728
97247,11677.782840155802
104182,44494.330274869746
84802,13667.912773351438
82517,5009.685819015371
79978,31837.2635845818
104400,32499.427134471443
98809,18382.961316648347
96889,17222.708380938748
106291,28043.397878469685
99347,8786.576893062524
101462,7155.586253252583
92841,34442.95845233042
78210,60898.94292992069
90440,17167.409654603398
84119,10981.071217187935
96872,12608.223563081532
99411,8670.999998284347
88399,12065.23328085181
93645,17934.192224223105
106472,11279.093103533436
93223,20988.853210071396
100761,12078.801543770629
84396,8893.224314091665
81694,26332.18862326204
91499,55411.14991772915
86428,7634.825953640606
95718,17973.473839274222
102532,10863.373606810768
101976,7615.791590473139
101696,8810.321430320642
98887,9843.014189380192
88660,15629.314057021327
88640,16744.88491326302
84379,14204.251038765537
84581,16380.984399722634
102278,9197.716092738943
87590,14943.028007854691
105244,21050.86624124356
85140,20392.613576679512
100212,9353.461715688118
82463,7679.142835426326
89649,12881.690996942769
105119,18154.89300985966
101138,11631.984592378883
97613,13782.943925370118
106323,12078.191834915275
102910,9649.582984029708
106664,18976.79058742947
78285,21052.651417205634
90102,11745.021004127899
96386,9837.420791464621
90800,8595.675310180199
98566,18888.771725998075
101815,13920.399494608917
101798,13568.61219699628
97728,13936.143068089668
99174,10467.534799210453
94250,20095.396195650737
88827,9991.692988983887
105493,11040.69369359784
77991,23697.91470124104
106003,11099.3667863661
102938,13535.79281169188
80815,21565.445563806676
102775,12840.735650491415
106108,10677.240883405531
86213,12599.28848197599
97119,16442.17676650725
90341,19026.2882831027
81713,19537.56763873847
99887,7583.525877430111
80067,42372.81640642818
104710,23219.98341260875
99374,12322.63751673889
102685,8797.307043875375
88454,9730.604817411268
88121,17116.44694387966
104607,12986.643725414864
108321,18614.204624207778
100788,14539.514325128202
79504,19377.077772410667
108273,19175.56074420463
94291,28007.20111664786
92974,19190.63313256541
98506,6892.148461680056
92238,27039.242525632064
101214,8837.438309613202
92872,20715.02641450451
92412,16319.561620594457
99487,30337.43337080467
95246,21514.804188934657
83843,10942.329724901843
77705,19129.366272028303
82903,14844.212644787538
99335,18960.32027247046
83112,13435.400449459301
82946,9481.949680005946
105777,16894.78054220946
87013,10741.995389548158
96752,10545.869185205982
106136,20652.692992118264
79867,28361.86850092946
84377,10453.396166548779
100807,12629.554142634832
77327,31631.0220368199
90531,14434.25853200787
80907,10368.072393780025
84019,17976.945815749878
90542,16304.548188517729
77431,12128.401483446674
100648,13587.242994238171
86836,12675.387939880306
85657,10620.246273764273
104881,21185.384329683173
87108,7031.857428776567
103909,14226.739835150274
101363,10907.190889723262
83894,10527.784281982267
87239,16431.33601983835
99880,8099.197483793981
101105,9773.931092595865
103682,11080.366916897534
84580,18980.022677861412
103278,9548.019338199734
81972,11184.874632276988
96088,5903.165594789223
89815,11464.541165909104
83189,14397.392911396333
93790,28594.24511791274
86893,8820.198005492637
85632,5920.357766049528
84891,8723.042354547611
81765,23077.29129135332
104808,11006.55408945346
78274,19319.721342675366
104323,12801.959141624058
104215,27504.264845443726
83258,16170.921305109772
85415,10715.282068198914
76352,16475.742223144938
105843,23616.430582896108
79923,10695.345392619442
86788,18310.416206673402
106140,13603.857355475257
107298,15923.234709915792
80097,48420.97888649198
84584,10926.76220287501
97123,12405.858162163642
82024,62818.375552530226
80482,30605.14073973068
85092,15946.95483957492
107615,7385.176083797594
83158,17743.762341127935
98377,10546.58174778565
101038,9378.349000652495
86398,10489.671325140242
93257,19353.807134688115
76372,19396.28991765573
91976,25725.52010874304
89914,32783.755235445424
102249,11495.38297197017
92223,23925.076569825338
96162,9150.56421411793
78476,37976.35682405001
84032,19191.110342940203
87790,10311.344847886849
99047,9800.88475448457
85743,15023.78238767074
100359,7947.731476010317
105381,21963.739218930776
87011,13017.064366798402
106016,23606.83506927257
104246,16269.571907107073
98535,5783.738463431223
101636,7228.755893290363
86057,18584.26972752681
103082,6961.6701391330425
98076,7524.060817276256
83514,9505.390884863064
103770,8794.430494886465
81344,20878.56627550918
95622,29309.95097789732
103797,5725.127376914168
93056,26810.4435403804
78395,19171.82265003632
89628,8036.120854819785
103060,7587.887780572708
76440,22073.407446043137
91172,30719.44001848428
92399,24276.00166573357
93498,19590.1286551381
88211,7490.270906253681
101974,8387.72070756609
92110,14389.091206838788
108282,10389.293304490759
91046,20055.628545148593
87325,12757.514139793671
91442,19653.624490896425
105058,11673.249058163196
83755,9994.130943439759
84596,11257.518032869273
86642,8783.822977335845
104884,33990.639138016755
99464,11285.350836126076
76380,14928.030613516956
84398,10072.245653192675
86695,13622.485890675298
84967,17126.10719252409
91413,35365.48265848204
104536,22807.933475778173
103653,12134.828171576684
82660,8282.018262518535
96278,17456.14085357026
104281,11934.507036612878
96493,12563.1997790162
84816,17613.49645242906
96248,6996.4196042673375
84910,17312.684285736224
76150,37270.6045444426
84168,9454.181768435596
91284,26876.004879584038
95359,17447.5780455344
99809,16805.13153693597
97478,11143.37710406755
90354,5934.394365361454
76268,19579.569281378437
99017,6005.3126646252695
92966,15864.520258815804
98031,12418.977869848668
102949,11678.981224243833
96793,11051.533199515192
88706,8171.897079395538
100609,11067.070971631705
89116,9924.989229515164
85861,5621.038802993735
81217,19793.404412142347
93134,23948.99745387402
93383,20843.99801239506
108417,6818.251798921245
84549,12902.099938737743
97741,17926.215367877885
82038,24558.74650017866
104696,13202.849291352904
102985,11901.210784244982
76015,31273.22063577081
89233,5655.2848351953735
107693,8778.701529603555
79543,13728.93749333096
88941,17112.263814814447
107133,21868.516883177766
84262,7747.58802972429
80022,14748.701287024705
92947,12353.268057125448
106355,24513.64658965314
84561,7444.454351036239
98987,18937.53967751775
106383,20253.34845492751
81784,11705.674060755593
100364,12306.978868839922
107310,41386.885002779934
95690,28692.627458899206
76393,28755.824763708733
99698,10175.857164021896
92142,27892.781047160017
83931,19166.53071054299
89216,8835.52168511849
78447,12123.31802601284
88380,13870.377178598083
106609,12017.13751399031
87906,14851.32866438897
107946,11337.446144405056
98084,15330.018663899466
86920,11896.894808026496
96738,13484.618289285836
90639,11186.327216330057
85170,24907.53270809611
78613,20682.62990615303
105247,25890.792782180844
90641,8791.763808683963
103803,11310.859260261632
101871,6474.530426911004
84737,12224.940370114595
88357,14462.267965074927
76060,24629.047723790267
96081,8034.424878214694
95771,17829.665224566877
90465,12287.978409400292
105795,10794.150902824673
99716,8881.19565670688
86627,10115.732718950316
76452,29794.73874102026
106972,19366.269623286495
85032,12522.615274959013
92339,21241.3405537667
92906,28440.793934148354
107476,23953.01524004629
98693,8692.112065026935
100745,15163.805255482046
93962,30529.642539735116
87071,20644.633450397265
78456,16687.27212417837
98616,10801.037901330257
89502,13667.031186318285
84812,16894.723387026217
99278,11837.753880041055
106760,31385.724147278805
93843,17576.461260699703
89686,13046.61652146251
89459,14962.868677559745
86882,20852.430993658032
89055,15370.528891237718
103280,9140.695798358069
82388,14923.411295524184
84322,20337.55825652187
99763,8897.216336598913
89240,7680.731223050365
89369,6771.17701223882
97845,11934.744981058406
98505,22475.724597798857
83594,10470.678131332726
76879,20172.81098144566
107542,11188.786808188966
80047,19787.433440724286
103396,11384.541643087461
91511,31260.635925010618
103680,8968.143794880956
90952,29489.4645096614
80329,27885.03745626649
95213,13596.80447994071
93454,21672.22361226479
98790,13007.350604368368
90991,52907.89721347456
103576,14492.242446467479
95054,14435.901653672849
91254,41250.17413328922
78354,27938.65855424612
82354,9224.986067040483
88849,9841.893346972709
89577,6109.04024994176
92417,20342.78134123929
87390,22736.339686916992
90610,14905.117051255294
76083,30918.05903744959
81716,12903.756241598163
91781,31892.628439625532
90138,18159.471904031685
82651,8210.075124971354
97872,8347.118977648079
84809,14944.129970353491
107232,13840.687985334778
82070,13437.52854209561
98299,27387.982457836577
108152,6433.829545706275
81894,13949.439842169639
92170,17902.835065274354
76815,15787.563442066843
85318,16053.554090578313
101609,13828.19125099001
85681,12524.321711133483
90628,5256.640031782281
81278,13067.846520552122
85022,12525.56724129266
106237,11929.63441090027
99060,14186.856181842484
97068,20592.04554310245
81590,25449.305134112285
87125,8929.107108001386
86034,7275.21712489048
92154,17891.6814204825
94085,20145.67317312899
84555,19395.61437170958
96138,17627.98170225233
87289,15142.822656462846
96099,18050.28096797653
92408,18282.19664805325
79885,21086.80299854727
77403,20926.070103470836
78502,38020.5753308274
101012,11704.180150921942
87470,11157.760138972571
85394,16784.503363468055
90467,14748.285615782177
101768,14755.436639361642
82421,12129.17258124836
85707,15905.894337273825
90630,17387.923321577637
83619,11035.460837950259
102793,9520.85722803502
78299,18532.826452660363
108074,13624.501953927997
80894,45874.692175711585
107622,11569.184903121886
89930,14448.263894331281
105194,21715.47742966417
87228,11675.17055909838
87821,22028.479092763493
79921,15463.06773919635
85109,17362.25946974115
104039,8131.683983664972
103523,16985.622821183108
84724,11090.400440971775
101351,11197.11467714882
76444,30261.087451731084
108202,7861.695467233899
92774,37262.71271916545
97279,12305.657572650314
94079,13812.414719633447
101938,6971.397503397929
105071,16978.238547047342
91761,60777.40969493722
79296,28892.24991941702
100769,11003.6428672125
88597,12053.208769739886
85935,12429.905983618228
100302,13544.711293936856
89081,21110.290867077016
86282,7669.863085939946
107202,8434.366808962297
101999,9356.936956665508
77135,20212.972717804943
99417,10934.766096273177
90406,18939.006059968146
94752,14420.313123910986
83342,10372.992039599969
98973,19253.049729266448
79768,30612.109441390126
77192,11934.841692281412
80500,10603.853742031188
76835,34246.04599743793
86983,11529.026115492696
97069,25637.23308683857
97193,9496.040801348347
105073,13309.69224547199
108405,5923.344448790683
90739,13024.082530493655
100079,20397.841596932227
97513,20006.361725822924
108004,30313.736797362933
100330,9487.11256633285
88508,17655.7894267084
81325,28189.880166367857
105920,16323.966139707023
81530,9612.33900574499
86776,10627.858882677074
80384,10367.716109474748
105020,18420.55370019904
104228,11559.365551229992
103926,5051.70958957324
92044,30050.488467592215
107049,8501.691360906707
107408,19400.91061253152
97280,15448.5757918099
84121,21272.81087972815
107517,18728.90015440358
81847,12780.627178513261
93671,16438.45991828309
81276,20506.212168439375
105034,18487.211930027224
82559,16127.095579484725
97468,25580.618501584475
101227,9333.580285709464
84614,12877.351988399418
76259,22497.243510823093
81329,45067.196100021814
91999,28135.925315449913
83557,13619.472361851844
82819,9152.525225469575
83735,15556.993487098078
103607,8086.503711238426
93256,23328.82020887415
89255,13090.549363372811
102147,9061.426544442063
86853,10798.489072933546
76266,15610.952093461421
85025,18717.199796072993
79566,26026.2690653562
95663,19902.264118280425
96600,8890.190266915184
99798,6337.749896045965
96922,16053.835503303962
76888,29667.684676437002
78701,27299.131080940646
108246,10272.321643497648
102309,10930.704139477684
89158,14081.603587411006
95309,18415.26175712421
90997,27329.76780988449
88930,14067.705775172415
86235,18210.00703596106
86159,9274.850564087257
101049,12717.920127386664
81773,30190.37319404698
81389,27243.54574749395
88802,11081.205632273772
85702,9383.449005426539
98780,24494.494366890052
84786,16159.086404026928
85683,8441.117324107532
77857,27096.21248036612
88429,16805.023479295985
102069,11944.069114196527
104862,14273.65426744866
108204,19684.281502164402
105476,11851.346181342782
91778,17369.30159526272
100851,15625.47902802311
82960,14992.914523852456
84799,16629.227231677312
86912,12003.86837326251
101533,6068.366601945752
90657,12050.185767677629
88912,9405.261225585535
86715,13047.469143190456
87508,15796.533473005731
87984,9797.19523195096
94852,9964.833041715718
94905,20745.458949857708
76632,22951.708600835518
84100,7831.667086566227
95802,14894.977310321921
93740,46258.13778805413
98565,13602.152481002498
104153,8240.109863454998
82480,8036.504774915456
100660,11770.383861056189
76089,27165.0229857734
104329,7494.190227517322
76434,22579.73853458523
84061,13614.191055967567
92097,21200.773899560605
96236,10835.045186050318
78908,11224.058018508209
104602,14456.882124303818
102750,15009.334141329715
103394,14579.628600992526
88113,8981.48094341339
95654,23179.56043777383
86372,12597.208693297069
103110,14522.265965675942
88378,16301.295257696445
97704,8658.478334654132
90821,18451.25023937248
84901,23652.93004382924
93956,16837.784695424463
96320,26673.405018973626
81148,28580.695672791575
96461,19841.051618480225
84615,10727.030189141802
108104,21022.005657325746
78039,12852.273926777289
91425,28099.260896296157
77044,15758.3794622929
83049,15944.157572681808
99803,25290.279767141288
77693,18124.38586247009
95508,31930.110396047152
101593,9554.741928163654
101499,7505.482768947345
88319,19811.882993047384
107344,30984.901560902523
88590,7999.846339128706
102740,6846.655931316765
85931,10440.698452919318
77210,21594.93579904521
104732,15947.67042354151
101802,9882.592082002308
106071,11049.846846856872
107867,9732.902748635175
103449,5476.086096550346
79433,30248.602462757917
94897,48909.97516043929
79851,16423.759961469957
103779,7568.575726477894
84206,9926.380569522951
101707,10415.127532260038
90924,18917.613938176335
92910,31202.002934148655
95774,44102.67592048627
78551,35343.544406874615
97038,15187.57145430141
107852,11586.44041344985
87639,8462.914031194216
89958,21296.777953845864
77096,13026.420164503845
80491,22278.432951877632
97835,13376.292817416057
88697,9482.086392341516
78196,59950.2620127495
100662,10066.658263278527
93739,20956.34480657837
101433,13128.58921506158
79620,10267.28738237911
98914,10475.994992555137
86750,11224.20197988199
99223,8373.699325537727
100046,7926.019637276501
77452,29054.530941501514
104703,13404.369041304757
98198,8127.612039129523
104049,18448.631903768535
102264,13845.331052394942
104967,15918.359563578993
82009,26132.86229556078
79345,12185.460714247623
76063,32968.34977985557
92506,18249.24414494565
105509,8548.998731072956
87958,11007.22626534715
104150,19430.96831841878
76395,20186.238711510123
92933,22910.378857550713
105564,12901.943179762695
101877,16362.97356571537
97863,10701.04587175461
98886,21371.99427294181
108166,27600.97268584153
84870,18926.135812561028
105095,17602.13530159588
91461,17034.61366377133
89581,7488.713058405546
79917,13230.77256365086
86396,10630.91476785363
77190,21036.542896594714
81287,10874.037243274974
103138,10251.887105697346
87123,9796.29231623212
103793,10543.233603728722
93077,17839.800613611806
107545,30257.266466624067
99055,8492.770124533934
101183,8254.32534208572
100713,8190.555631974674
94948,24110.92855086999
104333,12559.054878321522
99987,9204.515553284586
85251,11641.293747964251
78966,15938.645218412708
106038,18319.101205720057
80139,21301.4675843173
86167,12569.264009465109
99261,11058.94527747208
92352,13196.677610641964
106505,14586.282966060726
100845,14214.367334706994
99620,11850.130895615095
99159,19634.804838148455
106476,20662.621635123298
98980,23705.75508884458
93289,19941.101829468396
108209,13221.891085379224
83126,13176.902577155004
100563,7809.8084691480435
105255,10297.032580456651
94179,19503.149005031246
90552,10135.78829621683
91267,14218.652906591717
96812,11745.331841657937
88257,18699.882359055857
88718,12745.33059415611
83854,16620.10236068205
94902,18750.695242605783
92523,12831.188947915425
89821,13427.897316349497
95400,44494.93265117412
84369,9952.345707146473
104199,11714.019813275087
82116,23902.55751316588
100708,13737.47488260822
82790,15676.507161398471
81821,14481.110743899693
88277,12309.914694100858
81500,32455.834547247272
86835,15154.276294559473
79378,33315.60036947849
91295,26335.837870777625
91973,24395.72878111192
104856,17220.491384618297
77543,18647.534908313686
108162,10179.087563470264
91217,41491.78915872336
87896,15222.690819212788
98107,8482.53694094212
100169,11345.336342382934
90709,9315.094975390586
80086,33290.075869481254
81299,28406.50713119556
96112,19590.854652835842
103775,8297.05620515024
95669,33266.480733119584
78443,14107.602038516814
83136,13415.026994935339
103945,7416.586087944579
93010,25368.135921484227
91906,24443.295118653128
85113,13223.72914225559
79454,22977.32742818709
95079,28701.67653485512
77330,57435.81527746647
83798,12415.138412343491
90237,7831.1171201281895
90782,9107.996861905605
93557,23743.897201244632
80716,19258.022769046765
103222,9878.692136455313
88529,8400.9064943401
79327,18808.71670453245
103525,9004.07166230641
77294,13188.710715449879
86934,8044.369669536501
83687,12716.411934914615
101179,11304.98797797632
86285,17728.613583728475
108225,31410.601654659757
79458,18987.02852068515
79962,25911.081806831815
77878,28999.436058907566
79980,34046.453839270944
78111,21686.643091087186
96878,21249.0597307353
91368,24897.087944117007
85298,9073.575001992027
85082,17361.00518989517
91369,20103.78900540429
96485,24159.693447989546
77644,12630.44425212422
87187,15953.021359345981
108438,18717.82848824583
83884,16259.730963741735
79694,14297.962658759143
83581,16145.873985710763
89661,17275.88038958326
91756,15767.447862962114
94344,14699.209530700604
104700,31104.09645253686
82382,30866.7420899211
107594,42647.90117849898
78751,23117.316455581524
80127,11645.763041699922
99586,12782.086467870284
79871,19280.191277235695
107372,17420.70864267742
108028,23214.540981389764
85904,11552.750704299224
102788,15691.74922352679
99942,11969.223199926046
107103,18737.173128627273
84087,7282.979165235045
97292,11908.656507516538
104542,13794.37273840659
94429,25017.68954124092
86335,14816.991402123525
82367,14090.466797156636
86457,14558.346443995766
107346,12359.608443293106
77766,56075.81908531413
94768,42230.74579932772
84426,15833.398628481887
104173,15885.096645900527
80165,19709.653395330028
80521,23735.342646721798
95028,30384.257353669593
77278,34766.050328546306
104940,20699.69012673166
76864,31288.54541553413
87845,9071.141182194107
86391,13530.266131380276
85488,3304.4382093626405
87274,18026.89714159294
102371,10445.848823275137
77811,17864.622278015155
80166,25393.781384297796
85693,9083.969734271874
86192,19853.77392413838
104128,20887.190805367572
76805,11259.152267493524
76360,14266.99313126628
100706,7132.275428456289
101318,12761.072363840622
99579,21164.684631716045
77331,22228.62897694761
107340,12011.992519036992
90662,19826.88475537084
83565,8236.57361808375
89664,18165.530934683142
78421,22498.157513827715
85006,10811.896615620435
93876,29080.025755847313
97786,20253.930394938925
96174,26860.20571409887
87729,11383.132169554237
83280,12401.788028497906
102207,14121.194437719594
100949,8952.626944404155
105703,15719.575143623906
100936,6035.016995992312
80419,34136.228900088645
85990,9331.759496402916
107505,20631.48644603638
81337,12517.912629049497
93683,23658.831651401917
94646,29931.71264247803
93987,17069.4511260838
80512,18773.03539498807
76113,20158.175150333387
106835,5562.545071558003
100428,13577.551695589827
105624,26628.47665674792
89652,14126.821818832019
95108,21433.58144122325
99206,11744.760557514657
76036,16928.77283600288
86230,11745.325167387198
84454,19773.707779078737
79349,19638.787712392863
85609,10570.78802498791
77345,14544.84734909335
78726,43731.84236071575
94445,31599.858892836914
107695,7363.820211467517
106991,16996.534551938083
79308,11450.58946520502
86486,8310.228536751434
80429,35776.71918140681
87107,16289.913748852172
80582,14242.555367950948
90386,8776.319784699288
98363,10619.596931204649
76705,20360.439300335678
104824,9857.41714872545
104154,8266.057044281724
91270,25559.222876238055
83116,13241.188685292751
105710,8162.2328618189085
95042,16265.044564855994
88001,14394.424439770157
85212,10305.607803657207
91875,24032.269154732105
108248,10245.004303212938
106378,14856.589623012911
89950,17683.291539742335
108165,7857.193594124041
83958,17692.580658229163
101582,5883.8266396968675
106377,15157.662071299215
104057,11786.466856443278
92245,30165.622496762066
91187,28439.609714557755
88022,15828.279840947456
92561,17679.7820813372
96757,5837.385657776802
104597,32709.568165541503
101485,10286.180351053094
88381,9305.905275032404
103776,8665.854491586424
91215,26848.089041684947
103022,13041.29562676328
101933,11225.785890877103
93174,33872.039420052875
105945,12464.318345335265
78879,18674.77620573387
82065,12051.64334237543
99235,25457.31475484221
81250,29293.20774905643
98942,25469.87207647921
82966,18630.347249008144
81141,23773.801491517992
101325,16372.302725496173
82470,10727.970010559025
79063,31714.39057210221
95324,28976.138242422938
86407,9161.925456360117
94026,46924.90243938695
106390,11143.509175647949
105069,22912.343644573193
88045,12327.290167475252
85356,16119.808031840359
80298,23986.984433779216
78479,11982.999609693672
98197,18107.68479560571
76490,21952.277870212405
77678,31178.116450131525
87021,16485.29495147574
107215,19927.74464520758
81404,21884.60352829768
84641,13105.502248046912
96328,21400.69588661845
83845,15855.431136027137
102745,8387.806326640863
105081,10423.659147755956
92135,19205.794336107792
105888,24345.929419697633
103985,8428.725200842746
92091,21005.672834816294
88090,18299.400765771054
106712,10653.012908936782
83446,16804.676754772976
84263,10253.491219573509
87277,11998.977643464807
90625,8294.574331713635
79466,18656.925466105044
77287,10341.543340630848
91628,20056.751632657037
89171,17128.41242940469
78750,24121.12643157075
77085,28801.08783736449
80877,23320.03986456801
76526,24516.69921205684
81085,23691.029429108017
107918,11377.37854719574
89072,9637.806155917697
103832,12014.68347479625
90495,11146.350538693176
100430,9705.783023245476
94346,12382.756073731878
94350,21723.654552422468
85431,10958.105225009289
105851,27275.76982688879
106969,14627.132246706442
95370,19279.008043363887
94611,21850.918213982695
79129,13289.21074170245
76596,24345.113528018268
93211,21523.462424095596
102753,11488.59915839603
98370,15730.922098370915
90773,12906.596465417992
98298,11904.51640095034
98150,7573.278875761369
101220,10486.811288900926
80802,29749.52320393265
91398,17160.26952329482
86010,14356.1553426034
81267,48164.372334235035
79745,15877.658031777197
105864,18565.37711071414
99245,18709.849847322545
77308,15439.612404265104
85341,12348.564003244352
78845,11690.988798105602
78542,11792.426640298287
95408,21394.68189168431
99562,7603.137175381973
82748,13743.095345234966
79419,28794.595028280954
107846,11617.624489703987
90929,18538.202043596553
77964,17708.45565366935
95902,29010.365149970305
105576,11365.89850128276
94067,25423.86495689689
82322,17891.34216873153
94533,12769.338666331872
102326,11057.393917608088
97048,7202.471974795703
84908,11456.397657270762
81143,17449.839661820162
90090,9097.194113016498
93029,19646.23081807702
85943,13949.200222454196
95392,18642.184269977326
107057,13844.73159316966
89067,9428.5577325638
85202,23968.890450435534
81457,25460.01039120865
77074,13923.892578333542
94378,23280.69432504228
78921,15225.238905320532
80414,26329.249969778775
78653,15955.439997666419
87185,16994.818858773193
103928,9649.08706254927
77930,15031.539728374239
93057,30764.813217311046
81986,26493.897020136606
87505,21464.44198000756
104258,14543.261527375993
100795,9117.477562815746
82702,16991.397628747112
98156,14848.007978052558
81155,30298.87644149771
82204,10054.092941444447
79859,15937.628681241691
79501,34220.72500844646
78998,19644.780768929068
93846,10889.27447690264
83490,15136.179182353273
81890,33637.62687589244
78672,19750.070493016516
79310,18405.99295658108
81889,33571.69214460953
84975,12015.212939368172
104001,21466.38538018407
90374,23993.262368191412
76586,54741.53439675947
80099,30805.9343240359
78984,27815.7477093742
76198,17185.100271815
106595,20353.764360178513
78327,17106.553469800518
88954,10793.61052959794
94710,34069.566763745665
82380,16206.42128284339
95780,25133.49835445826
80440,61445.656394573496
103715,13308.856209427991
94371,24238.31389387949
105793,18185.47314867592
104941,11086.4685294541
77499,11251.232437098972
79776,13857.151948646326
102456,6796.788462549433
87034,7133.975685864457
98570,19512.69400078292
86294,10019.02960570503
86579,13517.621284471921
78767,29462.026598588007
101407,8682.844279738874
90427,10481.411167725326
86604,12540.297091233628
104481,5120.236736054547
102055,9556.636897038023
76565,30483.407377359166
101769,9175.520714959855
86849,6775.161377378552
89128,12449.349908130735
77119,9658.62197522099
94623,23990.724054866976
94988,27593.228693542213
107071,17261.24567878364
106724,13199.44374722867
79938,26130.57639091211
98217,12932.433019144493
96660,20168.22333430935
82817,12857.95061999158
89810,9731.915275358946
108212,12358.209853168397
82851,20249.3536811238
106739,20981.302939986796
98224,20033.396113417177
79457,28073.098673824552
87381,9268.494024447567
89127,6099.962334837333
79388,24853.910752797914
100705,7172.739412227661
106385,11166.975666336486
76142,26021.03701223891
79007,18206.227313843563
95972,48566.299650560104
100737,7681.445876839348
81958,26188.691839196035
100805,7343.432035815079
81226,11130.548968939192
94857,18363.474036782056
103193,9217.370106887825
80622,25313.13025416478
92116,16359.348505796785
108228,9235.167656473366
84744,12189.812771162558
90654,18116.153566929283
90551,17049.497122825785
78428,28739.035958514658
80781,23162.24133378488
87118,27503.93840620426
90187,12316.871604034228
76110,12381.199099292968
81102,20663.540083626653
89957,9110.324836215328
103585,7875.292330127854
95786,24960.37775145776
90883,8635.583161040875
94705,53816.17991391401
98890,16675.028396748447
91766,31033.050595505723
95207,11324.54095034259
77002,14747.2767441861
98428,14677.485523397932
85456,17813.93720933885
102472,16881.15338816606
83021,8875.68965566031
94063,15494.039243044868
94665,28592.731299772095
81432,25163.020608811366
79825,32401.89233024424
95008,27028.68538535554
104634,26024.523682405594
89960,8786.272682638286
99162,8748.033287440065
99269,8953.402012394976
102221,11611.583021493998
88075,14443.003079990518
86981,10739.171731183777
97144,10549.545651183018
95073,22403.195509725418
107794,11877.975278964004
82837,10915.648858017606
76265,25771.888710408726
102416,15970.961503419472
106292,24493.644092429895
94162,24415.465025404355
85715,6786.167988353123
108484,24403.832868695827
103120,9038.996654388238
98178,8224.063643786983
92208,14270.927900330233
82800,14868.479900566914
86660,14006.705537144348
94811,19703.555914321576
95020,14515.829683912794
103339,4728.629871449042
76719,14020.804682123473
106391,10840.317498009126
95855,37601.00033181393
107989,15888.84047188193
82154,25595.87322770857
77767,16571.53917280738
102776,13267.388995789777
79642,26970.251511499366
77306,16673.45499941485
98007,12437.009035025709
105538,15604.567829685819
84076,15234.451409859965
77749,26984.095995470012
95734,20279.300946903004
80602,27022.043242430645
100988,15031.197843673026
83690,9930.554073100382
84882,12479.260956832608
101699,7938.388133304231
86025,17294.09871875066
104331,21090.311549778056
93789,17597.55781176677
100427,11549.832404406568
89980,6748.304390788509
92989,21594.01482467844
96820,9121.979649577092
76354,18463.903305827967
93143,59781.832275985755
95045,22024.104857142996
78135,10749.230836480243
85841,10298.117954283654
105453,13700.204702176847
86843,10678.143637630335
76450,45857.81981581041
94878,44523.516099386135
85792,15449.633263290476
92518,17386.416679922877
91382,22588.457716106852
91966,39588.64067077082
95486,19801.09858602312
108090,18216.89888825512
83588,6691.572626093245
101240,11133.704303911249
79797,28077.174839514457
101978,15352.94789497654
77559,11546.212318865257
84171,8917.14847117049
84012,10928.300047274673
78716,21900.258416999874
100485,9632.71639102579
98908,8788.669943682768
93238,33672.06045675557
95809,23181.464340117745
107070,24744.4788964784
102546,9727.047512994024
104507,19820.861456330582
92943,31121.014970262844
90241,9008.916500273202
79542,22883.741647156312
82510,7531.141486727871
93255,15182.496644296738
96559,13334.900505120617
108483,20622.56025587993
82288,27244.708505182545
104480,11206.975777903475
92328,34150.27190994277
95793,33658.31441132812
105673,12025.311953317607
95841,14127.848082104949
98338,7248.908899230327
103579,8259.995534588299
76861,21612.217344532055
84414,6386.212123771871
102508,5964.254277092175
83622,11520.251661988159
98822,10684.442875173301
86291,9240.551809062728
84831,8528.840648291425
82626,12046.253045414787
105508,18491.973055292143
77130,31892.982285548365
94652,26657.90116067085
83243,9204.523761380466
80908,54821.78623373634
106139,12924.044039272183
91617,18619.48471235525
83524,15994.19158175687
94486,27773.26541690512
106044,7910.192392354222
87195,15401.601600578548
77450,21309.70386753298
99239,11525.701320605414
104813,24387.913768022314
108254,7848.3856932877625
105150,14868.171367762074
88390,10778.22313517765
97902,19677.168844945496
101186,10947.461543713533
79116,25420.750034594756
77214,23569.27599975384
79298,13735.096081323827
91370,27420.300632501017
84827,10640.866221622437
107282,10473.329356240758
97678,7558.046333737531
93570,16138.88154337607
77654,15869.371349471066
77227,22531.69408934541
106789,17404.943128848627
78869,22203.297384123383
76531,13150.967574340977
83469,10643.752436519526
92278,22473.767921659528
105949,12444.735639779978
89026,21033.6429267374
102066,9676.686854457568
96352,11947.112878537251
77819,30990.224170343536
79655,25763.636351166835
84059,14908.188082835795
96541,12723.37006099169
89319,9102.257386611433
107795,9718.837723264534
96961,20346.029378648258
78158,22620.274007600827
77428,30951.751380392765
101125,11844.819802600612
95105,27434.052288502065
80306,11054.31853352307
88903,9897.57618033923
80574,25576.15250121726
76321,28044.91478636263
88786,25955.31811271029
95682,19383.867781626235
103135,13825.26269708947
84241,12320.004497553
77809,11997.227906453456
92926,33092.33171290162
105895,24265.259350872366
86247,6769.445959569674
103470,12339.23003097846
98865,25159.28963057347
107363,27663.632072154356
76516,21983.395096201493
96506,12822.781712120031
106306,12040.511136160165
89093,15849.738989817595
108123,10319.128893651181
83510,8032.3043737111775
86792,17133.810410247996
99984,13374.675375977036
76508,22124.72725186419
86580,14919.16947917429
88428,11180.355165080056
103922,17133.724624607647
96703,27142.141210454163
107626,18501.228554160185
90100,7968.558232639568
101987,7533.572104183953
88615,12474.485823267742
100138,10606.757601458692
83743,8001.275520377007
82321,13437.730698337278
88594,10233.631238222539
93842,66625.34561851752
89350,14111.010229513706
87643,13961.80575556877
105892,14892.077202799797
105711,14083.421029159566
95657,27430.125205027623
96330,17744.40068106796
96906,11947.405510001674
82247,16849.501817093147
97125,6594.92149979121
101306,10425.923687958508
96708,15163.06890792443
77250,17657.734238419285
95451,21061.010280839495
99405,13165.03636615468
94758,17374.17421746583
101101,8875.787259564864
77643,31281.360232155297
90209,12863.912103864654
90312,14221.113158394988
93955,20254.6764103049
76334,24780.126336750996
85190,16125.47759885052
97992,7329.715157610628
92748,61790.485288412776
79843,23978.36912030116
88769,12717.948666721422
97453,13762.913874978454
82550,8103.4617664864845
90775,12948.45709936552
88190,12320.246091965368
100712,16479.263970692977
77237,31285.931622560813
78997,25472.665861888963
105656,19064.91740397328
93368,25736.427561961977
93469,15224.859102113967
98426,6913.682852546504
96832,14014.65979360415
85322,15531.566406441441
97139,14012.028863788597
78678,20018.526696873294
97821,14599.69295609718
95410,14964.288889433426
107358,15545.182744919184
96750,8140.50872283344
102529,8199.929515427179
76433,19406.550111114735
101626,11046.621265594038
77790,18484.97708892679
82932,13049.453819678423
89517,6241.449569689477
82905,13313.797829873394
88552,10945.063634618038
103006,12551.780482985592
88811,15894.021097064955
101734,10727.622471827945
99230,20882.52434679148
106537,19639.050045859007
107114,17321.09404886885
98513,15525.645351395817
92795,30071.953539985567
98563,13294.12325457182
78599,16920.854613158583
78911,20383.056815620926
84652,12928.200606018467
91014,23584.800031673734
90901,14041.331927219073
82041,44487.88235350942
79218,29520.8851536732
107371,45997.93744397563
94767,18993.679545813862
91910,65078.52064516727
103462,7248.504186263575
77125,18730.401171485584
95567,45854.66402145237
95039,50036.87045177072
85065,12158.33714761812
78252,22164.24751674894
89580,15376.698959064934
96742,8116.811990662683
79876,36437.877954763586
94674,21955.787859875756
107822,11524.159984113638
92586,16695.52648611667
78107,20121.610111279926
91241,27930.462931369093
79077,25325.299713022996
86212,13086.459144422748
107527,17171.07677624779
88056,10300.175010134282
108480,16953.245152336145
77620,13887.226520750079
97188,22427.18703887138
94979,26204.403348585634
105541,19284.180533011877
105852,23147.146217429727
99182,20056.920821971868
91355,45396.79245397412
88516,11710.425385157323
76101,23051.23687302041
87097,9028.39169438144
96299,9157.17318392763
100944,11954.54359062259
83995,5632.023037643258
100407,6352.365745089965
88255,14002.040078358668
93935,23733.445577102935
95442,18656.485392774597
93571,30932.913905661808
78642,52482.61585760149
94545,30223.747678725
97746,8779.268566046563
96419,24972.542142955732
102851,14851.346341053595
102356,8401.222152746186
94962,27388.32433583438
89175,13633.077073497561
104139,12155.571855720946
103395,12248.154511570901
97017,7429.593501766862
101358,8789.916071112035
107417,10208.09903501224
97977,10253.793279144293
86765,18836.58971252086
95743,16765.54663624751
97804,21831.288911036037
87010,14009.346203318311
86791,7749.801676343361
97486,12653.558167043171
81124,18526.367053496113
105391,20731.75517438872
90275,7738.967982623745
104855,4892.355433742334
82804,13602.140762993477
94810,19487.829977236262
79517,48267.831084143334
101826,12042.235823787445
89848,20300.120039737754
90432,12116.837502854596
83070,11462.309096355615
78270,11278.829323921653
99275,13375.604678482317
92424,23937.575611516462
103334,12976.498375739497
79160,20332.16298067274
98830,26259.075381443585
87956,12203.349957747025
84523,21562.671011873364
78157,12973.002232542767
79460,21476.6273607796
81918,14941.400518186141
98433,22483.412439305233
104582,11822.25666188949
80046,40725.85622689259
82135,21547.282016951332
89685,14659.54633094782
100990,11106.49862771681
85624,14625.45988158471
88293,9693.368374245934
82215,11071.190352692618
91261,33654.81842860467
78018,11304.898633064553
78266,14817.88536347445
101074,7881.048077082232
97075,18745.997594805787
81806,13263.641929116708
80743,24703.931295783535
95234,22127.22163343914
100410,20136.299144601857
106840,20982.87564505289
89637,5558.058609677042
85382,8505.152258963119
83832,14379.34605365705
108331,9407.482362002296
82026,13796.771577362335
108448,11744.569877963499
90028,16568.747538209536
107663,27480.029254914458
107477,11916.766032230154
93709,8831.37716637663
91327,38529.078309869015
98548,8281.844485786462
79064,16330.311319477569
100670,10111.40311177164
96494,11396.46634080126
89974,5553.437631030278
96107,11537.95322938653
78151,21511.10821825257
79304,17804.293678531118
92842,46241.78661005447
87813,9096.08624884436
88762,15264.757613206393
90399,14773.772612878882
78756,25480.517489984228
94019,72281.84305112499
82073,14267.4571741707
91846,24832.525332288402
97414,27742.81300944594
92758,19120.764952582027
101342,12141.029995856024
105987,22190.864623744154
81349,15731.008662148377
103712,13076.626664175616
83627,12693.017189214588
95247,12415.781125165739
92833,18552.037937867077
104587,14378.815775147265
93265,20820.28363452698
90518,16645.60953248938
104256,16007.285886395372
80882,23123.706661750464
108148,14492.59540316957
81385,12504.285318994276
87860,9855.599254300632
107638,10972.57472660485
103947,14335.562568989026
91049,50558.98218126026
97916,8004.837411690435
95433,19340.40002607791
95871,35994.152521068005
85779,10637.105549813117
103360,6223.081365088821
80203,27733.243492682534
88511,10904.703416527804
101672,11692.805697046158
82992,6225.241614840348
103889,11719.934220114754
103630,9023.850417618161
103366,11795.846608872282
97200,7427.275157915614
104563,15316.004644619965
85824,11049.68905849813
91924,19440.16928110384
96499,12722.283833682488
99026,16063.214106518926
81965,24436.545289765403
91604,21074.683693703722
77552,31989.34685200515
93750,27253.51519414814
78941,30441.544728000805
102717,9630.398181446688
100534,11754.696743133625
99036,25700.43275569715
101961,6978.693352055971
76940,15417.636806239358
106310,14223.662852722906
81520,33287.38163423265
91800,10838.343392706285
95707,19167.695946628315
96395,12228.18535148705
90505,19947.47948137237
95284,18201.974246415986
98094,21630.424785063686
97884,8998.50800959495
98933,12200.192408278846
77664,39031.537112299324
93941,29431.044947711558
87812,15424.063793329306
81266,21626.77195528486
103825,10021.613370399893
99494,7165.781017591816
91256,17522.13799214229
91703,23429.139727898175
99971,8524.398121064158
76631,22757.695571475662
103612,3898.6136699713106
98611,6319.2296323297805
94591,23059.253280524885
80518,28493.086249967746
94000,32237.50969827914
85010,16253.167476396247
87369,8877.213284047486
86714,9620.878870631775
79985,10602.233851704292
88051,6798.496722005188
97065,6517.808306316309
91307,19752.862055768728
98365,10532.648000656633
76522,55812.55391574657
96638,19152.93824559612
79703,14628.656571256093
83107,12836.213482849851
79104,20129.212005440007
93563,33913.593139352044
82599,9109.934055865926
83486,17388.66886380237
92895,21727.36287748914
108343,26651.345434435258
101774,8536.80881957418
82612,17908.660748595383
86861,8241.55411264406
101902,17136.650654157253
82973,9795.273134995774
89872,5836.008742533987
105616,13619.114053829704
84876,15029.306938579391
105133,11326.010099943835
98877,22272.485162529687
98515,24007.86021033811
98327,9620.87820048456
106633,10600.67699145286
82505,19576.615574854644
105007,13443.788914405019
97269,8945.913251404805
78140,17855.96945829628
82318,17383.891010274154
92993,20659.6182846104
97743,11834.900198221063
87763,11815.739199268946
104942,10412.653009617388
92045,21706.886899733865
97767,22566.713471955456
108348,20488.165056516857
89665,16337.761543175202
96862,10903.63728480529
78597,20541.61337583074
107574,27675.482153941513
94460,17921.53434012618
86944,8612.498036066645
104505,30442.798216709703
94837,27833.790066457987
84576,8911.754486816657
82427,7255.549854980031
80054,24730.444032002248
103504,16553.297020202976
101400,13964.037572105906
95904,24420.11785318621
99877,8838.804641771409
87554,14008.830423525473
81180,16705.799488310073
101239,15845.715907441318
94258,27621.83022997556
82942,13932.957266638943
101204,6594.742725724529
98516,15802.294479322238
86925,9597.29461223426
104724,8111.242475910241
84627,12455.97235455599
90133,11248.637589396361
100320,16949.93963375171
88358,13329.255065807012
94280,16950.979332832118
95334,21595.95571884203
95899,27032.85799562031
87270,19835.360001206398
80723,20810.071943626022
80469,12768.61447357473
80280,22717.697098634362
79493,12140.622912993744
92221,17589.08016823825
88547,13236.45845303654
97994,10620.026464784352
100047,10927.190089102372
96172,5511.429208906003
88933,13452.671337425007
107059,15061.282320161934
104280,24537.788892317403
94714,18144.723143745556
88671,23663.481244271883
102414,13975.012075556586
78051,48324.026228176284
89512,10099.071877184148
98524,9904.050505008545
88047,11141.774054089154
84441,8148.565745597231
78156,22963.374092206705
78648,16964.484607222403
78364,15072.82357726124
86764,16542.745184959866
78495,25769.657746633027
94609,21711.177987319257
83449,11575.207108337003
102392,10295.529189130293
102455,18174.58994705616
83713,15799.69761305052
97475,11727.64878515767
93371,17526.44982459756
94199,34716.8971437941
85023,10580.876703113841
95338,15304.187736801814
90965,44230.39155776098
77195,53566.3365791737
81875,13373.479349523219
104416,20268.6949903335
87203,15208.49364978772
91239,21083.102111340617
78127,16212.378411325446
98386,15814.179265408811
96497,10645.395792285124
83232,12062.279201238714
107692,31881.183272697268
100734,7667.649883328994
78271,34272.06396118902
100136,10890.1115946762
86004,20756.974102069074
77776,31017.226096016537
84950,8990.895956579023
84323,9804.519384914285
87033,16730.26236848023
94088,24272.708513084905
100594,14757.606512178823
103071,11232.80896597505
89791,8512.725922824517
97852,9238.456835370283
105601,10381.660804840245
82003,14487.259249089126
84872,15792.436279294196
82701,14798.388710939507
92469,29535.61787127602
92873,28167.264243283065
82114,33053.74218755543
101316,9034.949701618269
85697,14418.355074758134
100885,9265.74219993638
95305,19105.178690885732
93741,11534.00640727409
76178,20200.37244291427
84999,17847.2118432673
104143,18932.609897266597
105483,8968.587919263418
86136,8676.124167396498
99292,17706.28232526633
95024,23087.001761436124
107831,11496.181127446887
95035,28859.838967857424
86842,17786.573751289245
79511,52573.76051127249
99852,8510.820219496147
92478,23323.341464098274
93704,21441.942024588676
101664,12249.272458839465
76931,43078.18960522621
81674,21518.357405312836
102597,10170.61047836871
100630,6604.2181939125785
76978,29629.556247509125
102490,9218.52343174938
100842,7654.925667419629
102990,6990.769860042634
105412,10959.286349666962
78744,24553.290331201577
76082,16218.12770552366
82773,15043.122945964546
107285,15837.72848131008
85211,11518.044726776874
101093,6529.4825121338
96626,20976.082525863974
103089,6000.037053914838
98149,15752.731962243943
89290,10485.462987064928
104295,11659.335063254179
106958,26331.547683383935
102661,12292.29672612559
84082,12830.346796310772
88521,22545.1135394085
78312,30539.397289724977
85481,10043.087650171046
88961,12574.881707329838
96432,29449.21634478789
77539,10983.849511220866
88374,15129.725377815726
102919,7098.912622861
94335,14774.863769856294
85305,8839.49424638137
96360,11814.602260800495
85471,10800.837445988165
104566,11491.809817786972
102100,10444.272320533522
80170,14320.908273177101
103347,13682.121690342688
87487,39478.42264552526
84090,19322.679990610137
100034,17456.44546909128
86825,15872.068721268279
80018,49033.59616646927
102611,15797.36579371727
102665,10058.94725972359
92920,23194.166691225077
89381,7764.20066728318
105151,18496.970564329913
84039,15036.947905690768
102217,7776.822468888702
102388,11281.66196585474
98820,15140.973554255239
100665,12398.857821543515
90384,33779.69823076074
92859,10799.440903533658
106356,12724.982014250592
104723,13515.04146148796
93244,33463.061399997874
77449,27543.783063879513
107911,12705.14339187081
81721,25196.759275029155
85237,8848.35850854324
87601,16543.657808308653
98578,12734.045548082566
80704,19167.856795464628
89078,5544.995894975567
92042,9609.301797125485
100450,10372.852071654574
95304,13555.868015675258
76023,17257.39582996915
90609,14132.805944266021
95170,18600.39916382903
96870,10576.990633011592
107247,29703.67265915503
100484,10149.900273104591
77659,28503.489520216215
79832,27933.174250793465
91419,9734.112924220812
80371,18201.826531441267
83386,14973.477588018386
103919,9199.593523176218
95201,15333.284430061265
84155,16799.21409649745
90743,9539.708361675495
104381,16835.94821493592
89097,9392.908487282193
102033,7308.716511694485
91725,23106.399029252916
92999,23394.47997218663
95835,16862.422427840524
102206,10136.75849811619
101763,6922.672071887927
81377,18045.59356398796
105683,13731.063338980004
91033,28370.501877977385
103314,9485.979834715596
105070,11768.41230990527
86950,8981.582918348835
79171,21158.142815977968
81227,18289.593979854337
80197,15448.79568185469
92037,23246.854255237668
84688,11647.463112613763
101952,7910.757841389142
88604,19145.282482893243
104058,18347.944900579838
106274,4767.878059351359
84985,13435.127853099582
99085,8143.419032140314
80801,18285.89444495121
80233,21319.459964029476
81000,38914.633704905136
89057,16988.884763464328
98382,11102.577874667077
106493,31375.637153212465
95057,25092.06939122452
84556,9841.449749985402
103037,14492.242446467479
92174,21429.8830175674
90920,14913.058499496816
93409,34041.30448262879
87113,20453.812373039662
104981,29912.68149623194
104556,11838.080178288365
92782,19756.67660795325
90546,7952.095972942275
105506,13430.24433263532
84787,12657.860633431988
100399,10371.040186852231
105911,9184.308833985184
101920,11291.61591571023
89224,13850.557516274503
106787,26689.74516230006
83083,4254.782401828723
102399,7128.575589974613
77196,14216.438523993034
104889,10485.314886826758
79598,9322.226512997308
100540,7682.659703830655
107792,29768.363077008835
85758,14484.5251440983
79333,18693.747685345726
99351,12633.268654674372
86706,11417.188796883864
89547,17321.195697025883
88092,17593.177777925615
90348,10571.42967653019
96125,16641.555527549943
86921,18089.942587757778
76903,33406.870996443446
95539,12632.390914741256
89841,17990.087505216972
102771,9737.333364552389
87174,12918.843604678126
81975,50831.72561486918
95289,19274.834625021776
77318,30270.63600010495
76955,28197.386914813338
80996,54290.6680332825
87707,8063.151459370287
84519,7671.105968534173
96833,20672.549715356352
97584,7234.62133451134
104697,15650.933995420157
85510,9178.44724342144
79758,31674.218081653595
99502,7963.905232613155
80725,22319.992643449732
104108,10395.534316709147
107802,19766.14740381958
84871,14408.64576084795
85817,7612.518512813178
95473,10566.841670231963
85629,15654.953045762142
99641,8202.828692851752
82356,11596.528711258996
96335,20076.057513271506
103623,10290.853386539357
84233,9015.93797520098
93708,14245.975956349708
97947,12276.820899843653
84368,20183.085698398394
92108,11682.190656869801
86099,15043.221203092227
95173,27205.16922953199
78389,25358.69954154536
106219,17128.92358926529
88823,12218.08082678176
95608,26203.470686598266
95876,34121.47969690109
86433,16043.974832102938
95515,20297.02857074694
97503,16017.29694219113
89163,12669.199100542915
106479,18656.44744233811
83722,18449.698873032576
80644,28160.496577784063
86002,19920.386753965355
86783,17837.816491147496
91928,28172.755174111724
102142,13008.525716763319
106024,24427.791594839422
76022,18909.55406896272
95221,13727.479064296114
105051,18573.889403703502
99939,10261.83045596738
103202,8493.76308395359
104770,26594.10275145878
88396,9389.05959886079
93666,28895.721349686442
100763,10070.443104804115
96842,13665.573135250408
78807,28291.393601632255
85559,11169.826212487673
84384,20618.4075666571
95619,25442.934567343516
104008,23678.89532761022
98379,5716.8411510051255
90476,9361.543441871883
88845,10765.24338586298
80296,10412.46389451823
88294,11613.812714107919
86733,10148.683941982013
101515,8735.23098980484
107440,12656.214308164686
81834,25995.62180971242
94764,26732.836561587577
94968,20970.487859265722
88218,15430.185022679349
87863,9553.951182974743
104019,10320.447570489037
103369,11601.38415531256
106979,5113.575773896028
89717,6825.170996557002
94504,11903.28939239558
85722,10137.061545452727
85311,10666.077564547228
103162,9991.370868608707
79834,30921.65453360516
102283,8519.782924610323
102686,11155.327505829468
85834,10291.250349591945
83633,8928.276043875972
101178,7093.037955172076
102859,18488.530321412676
97691,16711.25204616478
99575,11864.90577005304
81921,11352.550419662812
88114,12796.427427348675
100101,10195.04975154334
101736,13318.891266640409
92763,20143.0580355176
93514,33311.415920287
86322,14536.434376395438
84924,14100.24211968805
85898,8194.555069183009
93419,27972.60737061159
88784,8499.546155381497
95012,45854.490947125596
81858,22046.920847266632
101610,11946.164851868796
99190,9425.783665814179
87530,10164.05604201152
86979,12985.725210818538
77670,11731.859300843758
81123,12338.968196301916
81724,11922.006149589615
77870,12388.6121049508
84193,13997.45055895469
105928,14970.48936929098
97607,21052.784467573965
96063,26536.545505583435
77962,13830.637304285416
81560,30190.37319404698
100204,9815.984800029448
89185,14650.232391888532
91744,14934.758067506888
91470,29899.591347495825
78412,10011.147142689118
96222,17035.33870720921
95148,25696.839404042803
106039,11911.889061491134
79352,13065.341529153933
96602,6155.165495410949
102798,9872.545512934645
107301,25085.454607211665
96147,15604.033755991291
87382,14038.317737632902
79907,21902.089917252884
102924,9351.084048076382
78012,21930.21810509753
78333,13306.44427563366
105989,20932.855443228007
90607,18787.452146182233
86110,11431.490903464068
81540,22447.168097247766
77937,22220.33618531105
84630,15867.182349870767
80988,38725.30201341999
92519,25640.99640832173
95795,10542.55334586146
86837,6448.207332573433
82642,15226.8705092126
86017,9434.42933698438
84772,13641.676030906214
103962,10413.810106415083
106264,9172.782929816784
84934,21822.97610259665
91598,33880.65554574728
104102,11307.81872116636
81261,9129.161398647866
78425,21451.668448166714
96508,10649.728746933213
98668,18231.65869531918
93948,40558.47910782129
82909,14629.488465959623
91514,20614.40518470151
100969,7571.606502913855
102102,5489.579083741592
103465,7860.040125668868
95072,18520.373902093696
87535,29864.71900515626
107564,6538.282227236747
103297,7046.664781952102
106528,9742.105314686421
83748,12435.00607577807
98195,7003.917970068026
102113,15274.357827887516
94277,12723.322929918237
93160,23131.17294744068
92063,28797.860410590314
81037,11190.39992113378
92602,52529.13875822371
93096,23500.692811237503
97243,11760.64668823183
78019,16179.359215567903
107604,10277.547250232688
101438,16950.90502299249
86439,7881.950432383808
82300,21153.80890660167
105142,14301.85803378416
84429,8060.105665081743
98958,6836.9118342780885
92197,21584.14135661796
82096,25224.812869098787
81536,27545.64052367498
101623,12791.615462353906
85596,10894.66831059874
90600,11117.871553625011
80089,49946.451741389275
87224,11544.233782220717
87685,19301.186434889714
90958,27128.55373385313
81004,18635.492695105695
91667,18015.619856838028
77877,23186.762457886027
90956,19907.376482947195
87744,18544.44608428096
96817,11282.146619413668
97163,12279.98112818355
102517,12820.766133758581
83356,7113.51904647124
89415,10841.59968051546
100153,8986.265968680815
96024,21709.35945321054
92043,29256.483565378163
100495,9383.40972427308
79653,20988.889695329795
88149,12554.862868099084
98022,19625.621322886127
84983,21612.67812229165
98394,17916.929295001562
78062,14595.839962807268
83656,15297.274547447656
93963,57499.998761131836
81988,27634.722686794194
95992,30138.664818247304
82620,9891.198373305628
82149,15601.59244594267
106199,12660.30210641872
107884,21875.411282385467
106607,17604.565392741675
84212,7758.281479564681
88234,15474.563629959035
96712,15522.949689920959
101058,14838.841582649668
81149,28760.909568072995
92670,18755.033017185295
101383,8880.562718065043
82563,14119.982142897812
100600,15383.875302023254
90826,10534.264502917451
102364,8691.12244994408
80759,32912.17881121334
79628,18338.80226301282
86113,21039.690510261484
96607,11079.085982358885
96462,20210.523266568936
88668,18631.234763084864
85575,19641.661677010197
97718,10369.940741366796
107322,31300.255887187705
79948,54684.15163379181
84361,19838.06922874379
77092,21619.289163629375
82359,24596.425360944
87495,14946.90877656365
102966,15602.78658789781
104309,16211.436883302034
106312,24853.20333983354
85152,15296.789016419518
80835,11233.625312821465
99488,10324.382426829341
101023,9610.582969027864
82295,17990.732938503075
94330,26108.186948380666
96446,23536.333087918516
99608,12238.364779367446
108305,10271.6577749767
106512,17546.473140221384
104003,9035.62090748258
103550,10798.522861365855
86253,8510.470994219957
88355,12113.51646553438
101629,12134.162912153008
101460,6681.202505083314
87820,11571.328670920211
83140,12123.3751647874
89804,12124.764273080551
101738,12263.095085193256
101121,7541.921641096799
81810,49422.9656252097
102106,7178.292034242578
80437,10739.63159411447
101463,12029.445960741996
97919,7594.990409709333
107407,23060.421222363933
76258,25443.321741511296
100626,18188.760463804647
92755,21770.47728699263
102655,10227.402968893964
89223,19500.413850835423
95180,43988.5468843822
96372,7339.276257064037
84089,11728.499844944363
82203,35794.638738669884
98785,6486.1655450776525
95930,18442.137500549245
92151,20478.752333880184
105149,16521.281767939294
104517,13107.628370193905
85727,9801.430151536415
104769,14077.081412150266
106796,18613.00629735738
79021,16591.84996964457
86121,9956.65098972223
103139,8929.008630842447
87918,9255.84295461642
80634,44092.988237537145
103033,5816.243572826141
80019,15128.762923753566
108035,19309.593017216346
77891,11342.212721310145
95749,23372.303621159594
86617,7996.819106393917
77709,10651.7747183662
77952,13121.203759020666
97083,13174.77940657302
78040,16096.258108643526
96041,21573.623411806453
101843,7498.9380025320115
103016,10001.949540044752
86049,11106.063472858614
98228,11983.01652420457
90554,8689.662916345827
103311,7348.0170860973585
80418,22464.042567072072
81866,51379.99151838801
101259,11294.338948105085
92909,26545.218157713105
79034,36161.52213051972
77129,12531.396603570129
99018,12759.66330250234
107391,12910.184758043464
108170,22342.94922334314
80664,26735.348616597686
94438,55132.26510913911
100436,14818.567086253237
107031,13466.143905571516
103954,8373.710355416591
78892,13398.742427583154
88505,13886.099564388353
103329,11244.433861782798
88345,18471.27981180835
105950,11898.532566517322
98331,8543.931686563988
77666,20593.560461170542
95383,19888.942477332715
108535,13046.606213770136
78705,15440.212500202302
79597,10513.815434019558
97585,25631.90435055796
93832,29454.189076024253
97348,10957.35267886518
87291,15741.67084545091
96291,14651.41546150391
84851,11745.464835320632
105338,22467.85622912135
84514,11737.376253030452
105830,24003.214358568654
78819,11405.66898991553
79728,58684.282837697225
105993,18826.94893258487
104822,24884.586057406133
101141,11564.497540929855
82728,9352.454982965752
83273,7770.945078010723
107233,16800.69915127262
81943,46661.58556710781
105637,25565.508382591142
81203,17410.813667205068
95127,27353.968896563278
79994,30014.507832178428
96025,19368.033382889233
97390,30362.157455277258
107522,18448.901765547245
99674,9711.85169974337
83001,20337.55825652187
94573,24171.21502049252
91983,30895.42927358574
89935,16272.328867186894
83115,10704.689973039385
108439,17924.141777112563
82297,16241.56282707639
96542,12007.042251132196
78269,60079.96002227957
104124,10302.781431506259
90435,12625.954365112268
97520,22178.441882321036
85468,7750.899295896831
83566,12194.754902188612
106890,27788.20571707179
98124,6841.476143157937
85866,10907.80851913989
104379,25806.103462449104
99616,10362.307362926047
77346,25126.921929226206
83668,8025.392583431861
94488,26146.208052344064
87494,8104.0278132001185
84099,10631.461570762534
78345,17574.267475964687
95626,15255.027331996293
91044,20731.139354817005
91343,21015.16789120019
99823,8689.134422487166
97197,15595.566072025777
76399,24527.606426287948
95484,50035.54249050512
89728,20304.18214700778
93866,15010.67476186697
94053,29510.056333233755
103190,12236.690114654486
76312,19023.668911245517
79453,25916.217428427397
99956,13066.76941283522
96811,29473.874507690638
100537,13337.479533702308
98142,9500.183956534835
106900,16173.223517805745
89474,8175.348934156436
76696,14052.46323039503
87479,14250.399377533366
84806,9928.854291856067
85385,21295.69571940204
93372,56608.737388811656
92860,24261.882150539135
105267,28215.980928218538
86951,8074.8403364759315
79622,10487.062185102737
95103,19503.149005031246
87138,9506.349729302625
91912,16940.04859635891
78932,16352.087522036465
106494,11337.713037560068
91645,24455.112116165667
76102,18582.80362666638
79636,20407.482261364476
99416,10064.815198266859
95715,27170.712633425028
81323,23174.52374217351
96273,10331.598153344561
95585,25575.78300687655
91885,24253.350958105544
80762,24961.193312491258
79167,8494.054616675608
87173,9939.242545736475
92719,19990.65415038557
87482,8019.778725610944
95215,24574.500400375287
104054,27698.666298799413
103066,11184.67808882069
102449,9617.316891402099
93985,24489.283889510112
99869,16274.331154702959
88347,13945.751171309204
77208,12466.106679599348
79376,13161.909618788179
98451,8164.155389344586
88983,15860.89964173751
106464,12379.048058636432
89146,15722.239068197143
105833,9644.660766615934
79242,22840.486454133683
107738,10784.289813951826
77626,12998.226561450361
77415,17233.621672652065
82458,10132.3566832365
80995,24924.613087999303
98434,12243.993121765514
106938,32720.11947294794
102349,10567.5276554659
85791,13457.747134171732
103622,10468.773767178913
108149,9669.817110351889
86450,21084.61259334685
107252,12510.12543857333
76034,13110.366208617681
82259,28654.086944545517
76581,31904.75908870669
95499,19206.10288698141
76648,56319.91663415815
75992,27494.874997167954
81407,20584.102296527017
105954,16216.996139186245
97001,10882.693338857167
96179,10342.397835920525
77616,17907.405567033846
108142,21104.701207239228
89107,8001.466357749844
108236,23682.808418312532
92520,18605.07553551545
93186,17640.94200546377
96171,12931.211538395013
78460,12567.13924106385
85417,16157.350814928057
100064,10776.786207447467
92393,20889.55563989643
83360,14973.78401361863
103935,10884.003198521785
106977,15626.381562657398
107965,16051.233085486487
91921,19491.688246129757
105002,9955.890249373122
93968,24838.6062248102
83088,9286.414873603899
92707,20585.83055796819
89001,15682.638246979584
95856,23509.811400562456
88962,20235.948751652588
99828,10236.028238226632
87980,10296.603100417435
103861,17481.237414456195
90588,10915.489610319913
91508,29946.238837219928
86131,9841.504461360511
97249,9365.054571585342
88232,13617.543055320984
78451,29635.667449839755
79773,22126.204904611262
82873,9227.976434811848
104116,18347.944900579838
83673,18920.64319756819
77622,30895.226589018108
94936,16577.090296722043
93795,17890.0670625585
96084,7749.109252105863
105406,15950.101297236397
102280,12085.559660675777
83867,16932.472639675667
83621,16066.249468818613
98536,9513.109892977174
101889,9181.942648673406
84479,14615.10885758935
77956,13156.10344882298
99484,4054.205055055896
82140,10193.800078385962
79005,43008.089484613825
77513,25330.43213310696
92211,25769.078132771534
85245,11312.661130714845
92239,20580.69646327774
97205,9316.324191261714
84822,11186.448089104093
104413,12280.645309326903
98704,24606.95325246849
76724,21122.77249061064
101457,10981.310808643873
85487,15369.513831723476
107392,10912.70459853228
90712,13744.775859041993
105823,8065.857985877338
100345,12761.32300269276
104219,15584.088706329907
90297,4210.013687515296
77122,28582.75045086031
104805,21923.744549530733
94490,33724.97031338972
99948,10458.522769446172
103562,15558.449946834444
93378,14472.639371069006
92288,16700.678243249407
78059,10639.660125963446
96096,12937.141857830316
95732,16396.005992226772
87817,7823.606679597536
101084,10234.173063543389
90506,7177.476438807024
95676,15116.623865258647
90249,14701.397266952044
95932,44659.96584714293
103254,8948.539215136607
99286,6593.156172021623
84918,13623.841338864419
97397,11792.78877395139
88837,11712.701136121545
99212,23458.437935616428
86421,13389.243606812885
78337,32321.006104928507
76020,22987.42793422591
88038,10108.28894291137
91409,15637.601643812613
95205,9711.869718336544
108031,10423.401620428434
105386,9102.554820496427
100613,14796.5114436369
95685,20617.023487630726
78731,14132.424854602594
87310,17956.956897868706
101113,11719.732450746169
89077,11465.38096681514
96672,18867.00594271713
86775,4376.414204036998
79262,27574.58350431008
104469,12426.092977022601
98351,10566.181348459319
80728,22731.41251221802
97386,16442.37171237699
97417,20439.72426690705
93911,15647.453420304615
99842,8113.087618649001
97191,17875.745584351494
103152,6950.2403757954635
100093,12744.74075607504
104319,14980.040077108344
78419,11528.104684466534
106929,9841.009715130953
107427,12338.585781223946
93578,19379.326787317746
103404,7108.342123397165
77844,21461.733373900886
98068,15064.810934604586
95709,39061.533898975234
87946,14793.189902488431
76391,41504.893760622144
87096,15703.777030360363
77186,28875.48961535064
90698,13546.629445253255
93367,17537.810304184466
83133,11101.180318513818
97840,12870.090495099039
87605,12403.784679776223
78472,25993.522734377275
100925,7999.588336259585
99596,19288.387618698536
86081,7618.199839624872
105725,11826.579973746511
94362,19391.619898681656
88579,12391.92030580663
86705,10577.97029933648
80813,14462.680296212404
78885,10084.657200259038
95548,19098.045565867036
82342,18924.61669349249
77011,15982.912044870773
83904,10072.453455836587
105485,14279.673543463787
107922,12826.582912193822
90200,6171.681257983517
104534,11798.99372338311
88664,11974.094567763505
100499,7820.863522498714
101035,15528.413681852397
90482,15029.028601746582
108068,9004.024759696298
81709,33511.59660470203
97618,8338.748944771467
101931,10630.24544308532
100284,7465.971795633384
101027,16659.29130186245
96674,12370.775012615082
84856,14478.273923072453
105326,28988.380037147486
102491,11775.985495290774
97616,14091.446079154168
100667,14307.990776077315
108197,12220.24523761382
94844,28130.679643127212
104934,14821.858834254017
94116,27368.595251010473
76214,23935.6826379332
90916,20576.464251963014
106013,11718.160726824728
103429,14349.94933441574
93335,14693.806066066716
99260,13264.727405936399
97043,16444.348129537244
77925,44486.07392942318
86716,16400.0472963576
82230,13655.21425251193
77567,50902.652697017475
108496,31710.012957753228
104871,26147.312407483278
77957,12953.533061838574
96401,13352.418721069494
88284,13025.287898687644
86845,8352.348304682097
101349,5782.405659505888
77015,14898.631613851845
94471,19616.929029471405
108380,21730.178655064494
92533,33625.01006493481
77756,14399.83588229467
76035,20594.96048673862
75973,12387.138651280695
94675,11838.048404767807
79435,19304.184553179162
106542,27985.152709489914
96546,14965.782960980034
95946,17992.597462330967
93188,26050.027827019836
78117,18111.19950874696
102180,7228.148190281354
81825,17774.81274264323
90050,9708.214559201437
79638,21528.527504614383
87579,17556.14959737268
108103,19240.11832820747
76578,31875.063294151823
79112,17233.477275009573
95959,21619.05864794058
78244,17019.397128183227
77851,32506.981090662186
87052,18417.66691461167
88538,22199.07147216157
79011,25463.622762148698
96381,21517.15714443964
105358,16911.4387381934
92876,19337.16740448033
87699,6690.364085039885
90203,15849.267234109551
77001,20287.310959073468
97974,8954.9027084515
89985,8225.254147196843
97810,11751.55001734296
107459,9637.32932596736
104861,18206.716707702228
82516,9884.67990082939
83497,11169.826212487673
80194,51178.44712037957
85730,10493.668810759364
77914,28437.877732291083
88779,16624.810899459277
88366,11822.687662576496
104300,11367.371537105399
84300,13918.141356067943
79422,19071.314216770847
94910,30803.785672785005
108386,25597.901063922156
92708,8195.628049269177
90802,19278.98342330508
104397,26339.850359096
98039,14108.348972943817
107887,20092.628238222136
105290,14180.48409339869
102575,16939.544868742152
105040,11006.441583623975
98430,13447.36435156166
80499,24183.088610081413
101694,11402.217972647291
76386,28292.944008249666
98181,11664.706218831721
85340,17019.997466162746
90766,18362.569000265546
93472,17841.416715276082
79927,22687.167924085345
80854,20686.786027369864
100180,10678.140573433924
84437,7677.7521102212395
83358,6915.972705265591
93108,26794.075856147
104330,10388.759848529467
103518,9265.684023448866
89006,14712.02306320678
101611,5233.776831560447
92226,22623.71211110147
84798,9745.741405829862
92840,12044.780644192055
106054,12754.753270536497
78261,30130.57564863708
76071,15114.949717567511
92246,22047.55097435087
92296,16281.979175683791
89469,11425.396255938262
98079,12908.276049598837
81294,12703.386661996512
96301,4577.056735959963
83888,11349.60083978385
87403,11650.720502774595
92192,36306.26045316154
107592,15507.047737763323
77496,16813.312454859497
97447,29600.62866942364
103131,9401.61479504716
104590,28160.74279135866
97597,9874.49866188432
82167,20645.914140910747
91027,26133.998579836163
78607,33760.19371898227
99587,11460.359889022646
93937,43631.11755295046
100307,13203.3676782008
107613,14955.448770025054
99773,13305.426913374104
90044,7169.863894328989
85578,17743.517959624496
77103,12284.021240592554
91386,24885.938075772065
98955,18009.27233795207
95927,26566.45720344008
103188,8722.679226860306
77389,61800.79037450746
81822,12136.524566743621
90768,24945.79408030175
77594,11365.01242078557
107085,16963.19484226492
87692,14929.701890489534
77813,10916.927464666487
81414,12742.552267114645
102900,8888.096727347529
83150,19386.869099802632
92414,34858.81141881699
105321,8967.053094013276
92658,29664.772614318517
87160,13285.082938782893
107827,14836.557166955223
105790,18494.769295988684
87463,17433.593996374108
91532,51003.17156909734
77459,20474.99783524258
81593,13223.832896063403
103719,12085.828508642102
102291,10418.654890474054
77211,19172.79408329094
92956,19891.480823039816
86578,13857.009786415623
85882,18083.849710320173
82082,16074.50406102282
91811,29619.149391817282
82036,31922.490603531303
76773,16037.122700782636
99406,10885.81273959733
102289,8499.234368579047
94402,26890.48968003741
98621,6973.6606831492445
96476,14531.36834080656
93410,14085.840168934195
84989,14718.869085330703
85123,16000.563284560429
88492,17164.299346362848
95128,24326.69547591105
93047,18427.623137966908
84587,11766.294091476953
94856,27612.52401277573
92247,21432.2184918128
101052,13786.768848938378
82940,7744.078229096924
97756,11747.028849374827
98444,22309.117286373636
77869,12481.73749383331
96694,13859.100594511332
107101,12806.120293136702
88276,11166.252523097204
84648,14993.095256673314
88011,11886.878165598626
97951,16168.038808047195
77288,21460.199657278437
104937,10050.536157646247
81621,11285.048484214392
82049,25160.92969303202
98553,10776.80667675328
105056,29103.70704157876
80914,42282.48978810033
82440,15751.5706874427
94927,24010.469051193944
84303,13034.864358010653
85533,9846.488587999633
97576,11991.77010079898
82216,17914.57555011132
84279,20500.86436415508
80976,16651.267682118138
106097,22290.84742282899
83074,13055.404083750222
87581,9043.54159746707
97210,11427.998465788556
90785,10740.74694634751
99434,13098.182886675633
89600,20084.8572997994
103809,14740.75462479532
92260,8572.773933685015
89667,12080.302707910021
99310,6427.754096968656
90375,19580.566840666033
89468,9687.933371501555
94940,22388.92032573047
97747,7220.233113248573
97570,10811.347169310673
105994,23938.77129698487
93145,14464.327551280716
94100,16827.67642030109
103226,10370.955926601993
100167,12939.369437841606
98138,11625.884006951937
101043,6836.491726880033
82078,16739.935335805832
104748,9738.358460238114
103881,13072.618057219745
86774,18940.832853058393
89857,8971.239649756879
97150,13231.109025059955
107683,13618.186650332262
83708,20533.189845783178
78775,11581.565435406119
104200,21154.12537547329
107581,12450.188923883969
99756,11257.392052025167
90210,15342.9045004492
78027,36137.38039814061
97012,11779.123669567709
104010,10101.066834868641
100639,11216.342461861888
93792,13324.984907532538
85574,16054.659530544617
105066,14282.476232911522
97307,10951.257860035015
77243,39929.9995013429
100661,9313.051212397619
80825,23221.85726011917
85856,11064.66142212363
85793,6673.8539297937095
107091,15244.04038809675
85836,23364.472413495165
83887,10180.640150011228
84721,15824.290703660305
77636,11548.004317660396
76905,46340.34623456739
104895,11749.610439230066
86377,14315.328353998886
83076,15328.660343943528
90124,4763.579387298724
105661,13047.915873440932
91631,11754.412114397668
79760,53516.07670742477
100714,7139.127913178615
99231,18969.61691578213
82805,16482.144335718276
80714,23245.333437312755
93820,19063.801577588245
85373,9245.538901112643
95562,28627.91030633422
91723,33341.25448703871
91501,26265.256197278693
91222,16700.678243249407
97984,23475.215742274246
95047,63393.83000805363
101181,6121.646329309338
88389,8284.273875429859
86999,21601.49198593744
85255,19828.347380347393
79093,16198.277489728138
82409,20086.765477449553
103128,14578.254601335024
107027,11516.561815307708
108081,14235.916621919721
85698,22184.649560613605
84249,22379.42765995317
101719,9260.84530660993
88643,14125.07957385117
80972,19980.85926374637
106047,16035.572142631736
86779,9173.609272037957
78587,32771.89945647092
90179,14142.912653562906
90972,12355.821475116161
78609,20122.995575971592
98324,7802.416356361022
76446,55880.42326150975
86829,18341.172350246816
87796,12262.192798067928
83650,15856.125074177091
81411,25494.549713966873
81963,31036.937483880803
96782,17926.426955999057
89718,8439.44270663895
95518,23355.884407160906
107293,10777.920237459559
99739,8025.016580724366
103956,10430.985418562926
85946,16958.5467631493
88532,14805.060960239305
85713,9455.80700438256
78184,21616.681370978713
100234,6629.870813878466
107715,11747.623180118726
106150,15160.620798148911
77266,16332.50031031178
91067,20721.361027885967
80869,21148.75909170516
81462,13710.35244304872
83382,8622.385468451259
92915,19461.619815992646
81139,18264.499497782734
96523,12557.71059695251
107090,32445.744984047917
108117,20378.027182353395
91742,9470.16789925837
98340,13221.832078274529
88371,14107.735486469224
101031,6791.852896043619
108430,31007.520067459125
77740,28161.73798891253
87861,9820.52368764699
84746,10747.695887992026
81252,26026.18168674929
81933,15322.641472484269
92153,19417.418689854687
95485,18509.939933767717
97686,13171.549719402949
107452,13910.225738406645
95477,23981.19313597919
95752,40146.285762240885
99499,7904.437448158961
81223,15183.156643052684
83589,22217.2963184858
81497,24536.5979416675
95884,25705.165258294302
87806,8762.485932151183
92330,20957.25558004978
84558,12958.730336686049
82990,9630.325373815354
90851,4499.876808058896
96997,25626.2182470637
90278,13930.972300888245
82417,10095.081308214976
100247,8210.914331175794
82239,27485.7562644718
76975,22888.54046722317
102948,8988.770751898335
96929,12718.34720066923
107088,17238.706220198153
94670,14953.067135043015
89862,5984.198632015972
94506,27610.21502486117
97696,8427.909123656305
82696,20473.919335527145
103767,11697.693049243255
105307,9533.545806342487
106510,29430.74023059751
88316,14159.308739479768
94321,18456.155335916443
96595,17115.308760432632
83223,11091.436680524805
85551,11921.318402675706
96007,10524.274310637444
90296,10109.074075709817
97407,9733.158283243538
93071,15456.266424953776
97275,9320.590867310173
86827,6424.462487196115
99759,6814.716545790199
106689,20056.668308441072
103062,7542.268584962066
99657,11900.877967234726
93428,25234.28365938396
88504,17548.90983250278
87359,10144.32629925985
81906,15477.731351847535
107446,8866.020478321492
78926,38624.95683074427
97871,6361.933507367598
94202,15264.492954037984
101216,12134.90549630203
89614,14201.51123744633
82929,12679.44606695541
78710,17110.391772518557
104966,24954.374140525128
88410,14307.823100067873
94382,18356.265919214806
106319,44709.85037480301
91212,17990.792270773454
103584,10717.139594722972
107593,9936.065611537704
100069,14044.42739129012
97293,9777.193193428613
97085,5685.308217115941
78830,14987.312678189626
80409,13017.692817158813
81079,34075.96778792296
90437,8650.5574026587
104169,33118.957276062276
83432,14041.999894472108
86630,14163.441908378638
100678,8119.106537719196
92564,21090.036133306923
86007,9031.020599774958
84102,8895.044316355124
85324,20461.458372010627
92796,13197.660160607253
78277,26553.22079803277
91813,19849.025251652987
107896,20950.841336437355
80598,23817.224718456753
93630,20334.44243123501
98016,13624.134039609693
79518,49721.15549109694
104016,10372.086003814302
90069,17855.097238903476
108485,10000.58530548637
105556,27155.420880408743
107276,16180.29742599519
86409,14411.890384802435
98131,12128.275552542189
95165,17147.62785867205
92954,19781.94511744931
108363,7326.539757571336
107775,13102.2864821196
98806,6344.609493884405
82105,13981.777969869909
95777,13786.249897512536
78794,21835.04652492047
77994,35859.70171735492
90061,7286.2026120776645
98353,13155.842480122876
86777,14474.090127089941
107107,9736.5876061941
99207,10209.863306659969
92441,21491.48555641057
81253,17728.311447357464
82071,24625.11114255694
86304,10956.275946087386
78529,10612.906201291204
100606,8376.263915128158
108524,20197.07794999753
87772,18650.315682183093
83062,14046.959121415035
106197,19104.69939413332
105773,26125.455549152895
79317,22186.612490300035
103930,7614.575044900218
77486,42087.42801939689
76154,31424.1703468457
89324,6961.335815675374
98354,12357.857565716424
108349,10883.507584256273
108146,10446.127435139553
77826,23348.649842160212
91078,17340.925902493127
78136,28996.62169082854
107463,23838.83103328427
100749,14191.78864982407
77223,82924.1176901653
92513,28507.462552138462
99409,8920.165983428726
94380,28329.335710817108
84791,10898.040503174032
86042,12915.065626080248
79939,25830.803596959795
83953,20764.41848231257
103754,11719.732450746169
86091,14425.69704510385
83114,9702.342161690445
80956,15016.608691080954
96276,7308.317128268401
89799,19406.208298764883
87919,9657.737450296087
84054,19662.627903965946
102856,8667.663917434335
105645,9923.932375028016
81207,21159.214833947477
79629,26139.139309059366
97211,20161.408554809223
86631,6443.898918956968
93438,33675.2973033209
96983,16738.157322577412
93914,23447.622523561557
98470,8919.628878409354
76650,10169.518851146522
96428,30778.509043723094
84958,18826.644893584784
81064,13597.686760114133
82469,17301.125173002747
102139,11831.486261148746
97800,10741.915929227187
98474,5554.107741502675
107944,11387.634863976064
97401,10261.96035324519
108476,13496.705409733067
103189,9064.810675929217
82987,9205.113773849544
80903,27138.986895491933
90854,9471.50403940429
95644,32384.28754281861
98728,10943.405473538058
94370,16703.778782440335
84537,11813.99985483926
89358,9871.667020919254
76221,12254.52155753122
84935,16953.529273962627
107676,12217.987722327185
103154,8435.127019978858
82600,17121.951648767572
104290,20911.412150992877
79972,18803.36006672517
89202,20685.86986547601
97253,10541.117302535942
97358,7435.118606336224
106932,12147.308542945153
101140,7261.017478354497
100650,10737.931320038488
99817,20691.13620679383
80953,16816.47907759839
93851,17309.461694273974
89574,5446.074661066544
91092,16700.678243249407
78214,28865.493697709433
80283,15001.53564442032
93158,21147.171974460045
78562,53138.736035530725
108498,12821.352581529502
100223,4963.444302572667
76976,11735.86753440813
81119,27461.995029143938
97369,25572.06143961957
95721,24918.615429383568
82271,17214.430653972126
102837,11837.523504748162
94761,21266.062853960342
89200,11740.386031104823
102690,9421.643270423208
101274,12751.701111782522
107682,23336.877161957425
108276,16447.274340381155
99011,13279.50384560613
94484,15335.1483862329
106033,19489.392890500338
89123,12980.307146218996
88740,8753.213445029736
90951,29198.856814488172
103812,5558.753564324687
100056,10989.78308984064
100691,10714.738396476638
88394,13352.69476961686
97620,7491.126817027812
107955,10121.255455576977
98144,15271.238164554123
106325,23190.49375502946
92867,47723.939350222005
85204,9142.125535665267
87062,19995.135998025416
81539,16742.2317196854
92009,28887.647884505364
108224,15567.104550235666
101686,12853.7941367898
98557,11775.39669940284
101594,12793.118132684205
100647,4582.234326473061
102401,11194.914411457663
86093,15020.000478108332
85837,12844.823948275032
86260,14425.789040196649
79830,34439.739687186164
100041,10167.76342036752
92230,18005.506661718937
94661,23611.212005428126
79450,19893.022468486244
101374,8174.814495217306
76983,32196.507241542207
99673,18183.439742494287
81336,23478.672866924782
100376,10104.961649103794
92756,24390.219010748886
87725,11068.24458970791
84541,21756.736134211922
82284,42096.10013077704
89479,7222.661504635729
93259,68348.46864651612
105648,7989.124774979831
99099,9815.405787483096
104543,26631.968149629887
108474,21118.880717061358
76907,19549.26501973445
93652,30261.150752307844
100967,5347.47922643932
94331,14435.170082897725
106381,11267.724573620038
83170,11240.230195046044
102953,9572.462156027861
103590,11129.105707516555
77316,15843.2369856496
84682,22194.593366795314
84524,14247.292966120887
76747,18573.161124393824
99049,10099.315517498726
105881,13182.912953997045
90833,7819.434380857562
108079,14977.732597128466
107295,16826.65622965567
77121,13540.18408466474
78927,37176.67214528286
103048,11028.162407411695
86216,12440.750719998998
88448,17798.296836057336
86219,12229.274778261042
87181,9288.838589964122
98755,8690.347961049265
76443,12380.939808090934
101149,6568.176976104779
104315,28099.121608639347
108345,12482.089929661091
100156,10805.281462789548
107263,13928.729388296193
83935,5452.369949313181
90584,7969.094394431999
105733,13162.44744142919
88332,12156.866064136762
81979,26386.334373768124
91864,48702.60857425149
106847,10347.840022365997
95136,18869.78251496547
96991,9674.908105476437
105905,10869.695746861706
102080,8288.404366787236
98072,7738.013021576877
103711,10115.914230159311
92213,14769.95638301072
106898,10765.786164062276
85333,16502.078857013094
84559,9919.512732497386
95428,29313.606336222587
101003,15198.695197423023
87773,7063.400985973304
100739,7107.97680725631
99885,13250.136285369455
106647,11832.695310830859
98019,9111.380036266626
92212,24266.98554622593
100786,12643.383913453306
85518,14825.547523833287
89849,10184.969211559488
76149,15325.525629538963
97490,8072.855701850031
87476,8556.923590403714
83248,20808.679408521406
99352,8931.589337746369
90736,11681.602805302542
77596,19273.404178371708
77209,10623.412948055859
82308,14458.748394049557
78207,19768.84249469927
104041,12594.236804685534
81125,16636.459113986562
81691,35190.488382019335
94459,11954.157212732318
79977,16181.09299619662
96530,19548.915670831982
78367,20808.10477591879
108100,34937.8419155372
104510,10286.428866832955
81891,18520.360427773387
97087,12553.671231154909
88161,11838.645049527993
101097,10667.362392531179
81742,23208.554178695278
78409,9489.728013954806
107496,19276.448639422288
99326,8378.394265803348
78535,10948.435321208717
106164,19438.581297593933
79719,26597.28541434969
90418,8666.431902417036
85844,10516.080238209353
86639,12636.214066822517
83745,5834.711330648213
77300,56950.43390746646
87702,10348.868131615642
82586,9033.923379511562
83769,14328.411695603363
81708,32315.533155448375
90224,11113.593624504
100063,8255.50214141908
79249,11432.137629236802
78719,28924.06712729721
97287,9623.522252834548
84267,19574.92438353056
84056,8714.016886028758
101164,11854.520295508364
85826,13437.044819957991
93793,25864.289361186842
90945,28361.736440557543
98991,11141.328439509267
79647,14094.609212427766
96794,13448.575243773032
83984,13755.649782481367
96688,8931.027643237405
79838,20078.45486246091
105671,10252.899335801527
87438,16462.124240258006
85859,16179.083615859161
91639,14849.745110593956
81134,41269.37878298288
99992,18708.834920329613
91262,23794.96720409195
81417,26634.495113487847
90783,21272.14527532438
88898,14746.015541530809
76241,10765.618010609114
76491,15916.06604458115
83132,16068.027709004302
97757,13448.499936359816
91753,38404.23573789764
82333,28385.744739273374
88295,8902.035558646085
98314,13230.997862113285
86172,9226.310501052085
78331,22255.46966227557
81996,26054.904990079864
83315,7076.911305374737
92376,18076.871277323924
103058,11330.31842445715
102215,13501.23634729503
104225,29930.237334181304
76910,16029.540712127324
88657,13031.515738109565
104943,20304.44830109455
86434,12892.055611579004
79432,14499.390875450867
103103,13722.114498309584
91456,30124.39531282741
89465,16059.196059915996
107774,12237.106803564937
80938,23885.62203792452
94883,16687.648994485004
94135,24454.1832115452
78747,18731.231783272557
76240,19484.678367352542
95820,41059.97271741916
79092,25589.23103856042
84393,10003.315446331515
94391,40696.113176313745
77183,20229.539347555638
105612,8754.368733078896
89046,8399.548898193472
90878,24993.024055954524
77058,13423.147328697427
84468,8776.813610985566
76713,24220.07170197664
85568,13810.413014535301
82191,15858.691887973586
84825,17826.54615228078
79009,75363.4195320879
93908,20021.86061261219
91135,21821.579719053338
94603,19669.257322806763
105887,27450.524636108916
103196,10768.151816182495
87544,10456.342390659287
99605,15062.015974581771
101660,11345.336342382934
100671,8587.761331438438
97839,27585.698600338274
77742,41438.47343836979
106144,9781.287834907784
79681,29625.454675228237
98764,9032.239318017075
98200,10673.932181858714
82652,10399.268194992259
83599,9064.782919703046
97776,14130.301323650172
83403,17388.66886380237
77472,30857.114780183325
79535,25369.272091055213
82632,13838.415961362813
98612,12699.827605454648
76103,25348.978787079133
94824,23970.006498887273
87424,22541.013078205422
79193,16949.974652068347
80853,15246.127181523634
87885,16064.338229484934
80891,25530.830256746012
77149,21044.24669183723
91012,16190.87275088936
99259,7729.56909742365
81555,23247.551660389243
93917,28141.6297566784
88089,20688.305040880266
100704,18284.73163434349
77798,30222.0641018914
87342,13243.712380116005
96013,9758.217033266954
93380,24351.058909777177
84040,13336.646577883028
88600,15607.723352206534
76133,16660.913657475623
94842,27527.13739730283
98184,6398.660220284333
88767,16547.839927013723
98741,24007.86021033811
81739,14695.434298760585
91321,27713.150781904806
108030,25364.141569922776
77680,18486.279441331328
78189,25078.76321432163
82302,24134.000412240843
78968,19660.87146803804
101390,5736.891015103463
95491,17119.57774887491
101687,8055.395966947843
76371,20943.753763463155
100151,12716.238656695898
92147,21877.62021306803
103385,17741.353552215358
86960,18409.86278999599
89563,19888.922981676373
98013,6032.74227359349
103747,4677.180253014951
107681,12354.27040635641
82686,8564.082138698572
79913,13750.03592078629
96545,16712.08121803165
98278,14484.588801925009
88916,13945.578891255263
104733,12457.652325632522
103529,10300.327768846559
100642,13811.227597099662
97860,10487.998925528258
88870,14463.043423316745
97563,21521.769598635783
97081,13363.538316282213
89544,8656.386689516627
96332,11660.945490214479
97064,10319.376725972936
81916,30391.078438554552
82148,67986.00754657593
102447,5302.919270501283
103111,8748.788422376563
85058,11808.055377573453
76422,23136.60922429528
94546,22243.988277552795
96769,9671.46664283801
95364,15230.803351185894
101118,12895.984618807162
107644,22741.105070522302
104650,10430.960610881866
97300,9767.547750849628
104069,11553.543011391237
84700,12274.277031560872
97122,11442.653531519887
89878,18982.79660730605
82579,19602.123328135647
107967,10444.06320887089
82494,6755.994923132162
104872,14475.556475101046
76339,21653.818921812763
90676,7113.946797132669
83780,15309.40277415389
94444,23094.72203838773
83532,2520.0563544169695
103380,7391.277124820206
90941,33938.24142466647
99845,18279.783953192415
98053,11827.607547658996
77863,48189.43044456163
81107,27359.679119212436
81176,28410.41057353206
93196,54505.96882311643
102895,6362.582985707648
107093,20905.16820098085
106566,42814.70322672245
88893,11775.747676721421
81939,48428.298078088796
98833,10348.366430884449
102812,6872.635123582817
95766,26393.734096293803
83556,16269.327617080124
96725,8816.499795959728
104649,7494.417163880951
98466,13298.5101876346
77661,24577.9060602266
99882,16089.447584558078
82646,10108.376411174577
94874,21066.06843871879
92800,13519.29184041813
80265,30761.4536582781
80587,31834.02820414249
92298,26360.465303636276
99023,23426.153413237724
88098,9187.072353885414
100928,13839.230328131656
106437,11565.29853896169
83122,10193.964437994462
86614,12011.999820567898
105454,17959.045329401375
89282,20776.890413532466
103136,9035.512906120586
104899,21581.52115218412
92041,28163.1611549331
80795,13871.211143076112
103043,10273.24293664429
90842,20474.240171949605
103070,9452.809252669773
91523,27184.521140523295
76427,25756.170685260036
86188,16798.346070925592
105618,35865.80802024526
82931,10256.936347760506
76137,11497.555222443782
88017,13404.87420336496
82713,9395.1644817613
76155,14825.358645634318
101057,9450.708024045918
94699,47696.204311434456
106794,20241.25608024835
97000,19092.619318645775
90986,25124.15560360046
92785,14505.17515410805
79156,15424.007981288336
107616,20204.244853485765
84264,12985.699723540942
93932,17916.71731880099
102956,13215.534368154968
79715,23163.724242608107
82329,21182.747651761663
86636,13275.451435574054
94479,23335.149353784756
84998,10981.277867471741
83835,13046.66213335558
106823,11747.622592850548
80760,19151.296678340503
83060,15381.28869728526
85872,9299.528823934303
76227,14578.835868201011
103460,7868.88317069222
96989,14193.908963088254
107858,14545.62783149031
80447,12304.983665977954
108267,7805.336025458966
86584,14377.554532038657
96426,12222.467116331836
86696,20104.387250781987
88252,11169.826212487673
91515,56695.771930080984
98357,10952.140166720577
92439,22951.4583240085
92341,29303.519337378104
84739,10395.50633611559
76906,25744.9270350032
100027,8879.340095377343
102225,13844.80256358027
88476,16191.815144594248
81778,22216.558522030067
103266,16990.425648142103
87660,15922.689591366401
89634,7350.679194032259
93577,31510.718811731625
92450,18198.703736809013
99404,13616.271820539285
107936,11476.307073105108
86174,2497.0334843807946
98273,10960.099263633703
99007,23704.604160533032
81615,15921.692173717822
91236,23366.838108734974
96984,17533.212521833822
92538,30847.920885051095
87039,6377.257265083646
84235,15783.051833747231
77010,18941.581868390742
106727,9484.036148998715
102933,7798.562608069731
80821,10685.068119995312
81969,15485.768502850471
93088,29721.26159358748
107004,12434.32645279814
79330,31543.939125825313
80388,18119.4107607642
97494,16550.562648611824
107144,20464.298979820935
93860,26186.792933308752
94845,15208.3501630952
79152,21477.528669216208
95032,28643.93832841516
108333,12363.06972509994
76925,24377.00655429295
93278,61129.05085544417
98608,8464.774202588182
87236,10202.600551639453
79320,27280.482170520063
83893,11133.411833824694
80973,19103.62850330886
97659,6771.887010324284
102063,8732.22691927268
96324,9714.440021737753
101184,9633.684947921925
97392,25766.155683826673
94094,14919.313718336689
95219,17330.944200943253
85048,16837.607543877148
94887,22735.937721779035
88002,15081.269891897291
99157,7789.422053092864
102746,12499.478544204394
89164,14100.656438549864
101079,14576.034596002111
94124,16467.015300173352
100161,13029.575107540757
84658,14903.778267649355
105603,16065.749732459524
90963,18887.251328980816
85012,15510.829244248329
108298,15068.307051569216
104080,7473.879987130431
91850,37736.93745702904
102713,4518.208124303496
83295,10902.906362602622
107847,14942.648784548714
105847,13575.25313061577
87143,16179.959833027691
106090,16233.864000645539
88925,8021.958435712259
106297,18729.780672344503
96596,13219.132360618732
99233,6027.005407786468
103321,9696.994499308195
82479,11338.312703824744
102734,17050.51409090623
107461,30116.010162734372
103237,14510.48797496577
85581,20043.00696526485
99196,5097.641680626091
79178,15474.989077745036
84339,14147.035287713948
92764,18269.805083532767
85498,15944.116438929526
100622,10421.513074577706
106518,28712.983494846856
82821,10361.030714278142
97628,19134.687574472395
90763,8868.360338919045
91567,22996.69959386308
107462,8157.894726943608
95833,22678.653389580366
102479,13811.227597099662
97555,13078.085460822529
80881,13476.680837681204
84016,14985.514107748264
94051,15642.236232348756
76277,21473.736520981005
88676,11243.402962019038
102566,11284.117415226285
88564,12653.742165280373
95048,23174.188313594015
82166,13631.515134801968
86227,23047.440666975057
83738,8596.806844598541
103684,11471.073965359787
79893,18277.320196082885
100634,8871.528111791886
96392,15214.203807558293
96311,19584.73275856829
85015,13482.77304431022
83050,17214.382569836693
81925,34114.31215173271
106187,13725.178080484244
83863,16513.029198408305
82048,33091.13195539517
100962,12505.479950449635
91587,16309.593204339515
104915,16841.03720332888
98779,18565.82285966332
96698,7981.241975186909
84701,11055.078208093182
92986,24032.65614907618
77112,25420.416651948246
90774,8619.93532028226
88520,9410.062696804076
88281,19840.231326741614
91388,23042.12583501699
76441,27970.792752215617
98643,15242.215312152935
97850,12301.162102275106
98344,4405.709535486921
99441,13173.909278912883
80230,28848.55044245426
106370,10949.306721100593
88901,10245.379898779493
76590,13155.053076407172
94998,18251.865548087022
77283,34836.14682869871
104065,23089.441788382428
107919,26970.892139466898
103743,5596.827865275056
100503,6917.221613800588
81273,18599.788666917615
81878,10371.300075862959
79224,26574.909589714473
90254,11388.15321731972
82712,8356.64904684476
98113,10055.96527296179
104562,16752.6397802651
103014,9864.287330718716
107299,27706.62847563793
99799,4625.23567126971
87952,8163.869593367484
101836,10376.135841263716
104896,23380.35772532867
107665,14353.441444142438
96182,24980.746135545105
84731,21075.025671756142
85565,13627.436080340729
83237,8780.20367406377
80785,27384.163883175504
81935,34241.50530317215
90932,43260.001401118694
99204,14269.921626609075
78802,31231.425163893866
105421,16411.85438523508
81831,12248.453080224484
100016,8020.449523063915
76262,31438.088379111912
85286,13078.137420529907
78629,14733.53271907491
79451,13673.223869250522
91132,42577.57302783504
88726,12349.413027171744
89928,12479.425047550307
84672,13551.467538369678
102127,9569.272718971251
78630,18121.969337824667
105874,13188.292249059881
81491,17975.39935545619
108085,20293.04216564999
99711,8645.00751047075
95713,28180.35295011971
79499,12343.187546856267
88373,7747.959260729402
106412,16092.518564658301
86000,10837.315953897642
77849,15265.952670659099
102224,14476.525227599346
90591,8082.11635243749
78511,15366.091755514804
83611,16811.258792536064
95316,11620.84813368552
85207,8239.225642298408
86755,13106.899685245256
91361,21835.716318632607
88107,8105.8818157509295
99468,7780.216763535073
101776,11037.236275864223
97132,6437.785993645539
106405,11266.440925819546
83804,13019.946402431833
104093,19375.033592403335
81897,25247.421762241855
97522,13414.160698641914
78569,32277.919099539627
96486,30743.195899241495
99636,8858.45360487312
80770,29980.24244242409
91534,23987.0674305675
80461,31088.870508933658
102345,8316.92274692647
95431,30933.50878155196
76350,9287.159726702912
76330,14182.843369622144
101604,10499.776127907777
99303,15395.357653320436
106266,16708.094601747263
84697,16010.382843460902
86296,9544.16596099159
90658,15392.472564620157
102954,12266.17977857029
106174,22804.217538756347
81510,22301.154324050298
89222,11781.006427419474
104391,12885.370485668922
76573,10847.96904028248
78060,17240.442509861783
85030,18585.718792359803
105478,21215.63000122468
83477,11962.616136849181
101134,9487.48401513823
103096,6522.921597757815
99391,12176.831907101552
94614,17328.220690092494
100110,7872.721558946279
81782,29478.34441446517
90292,8683.53841705902
86357,10879.802008650595
76157,11115.031254560978
80325,22187.518749818144
88991,13658.651071698361
83117,20684.374756026147
90513,17154.748625818193
82037,12679.533412506926
90066,10500.936873195154
92814,31704.44848838834
93991,33718.115584863226
100121,13563.740047424595
104495,11190.175216180862
105953,12565.625355099164
108089,11721.84843705161
84778,20478.46241015763
100753,13439.885163727095
107832,25987.106547415657
92190,15458.347142908942
82029,16296.313835018083
97914,11924.005003078446
105776,17499.37721934928
95402,15768.01885012624
99097,11059.507779298192
105043,10551.497984067519
106998,11529.796923186324
99567,12359.74838446351
85421,9089.166879539893
99161,11673.780253856477
89951,6470.775290315052
81358,23936.56206777767
100373,10290.035036809459
80291,47890.43666321948
88545,11880.44124582048
92994,22957.194813893355
90248,24019.14943374858
78625,18389.875620546478
81990,34170.72999208517
103075,10315.283998308414
98639,8059.255261597024
103368,14066.624776632558
95427,14133.681415137371
84503,10861.291709322364
82446,10228.627933032963
97175,13998.420159456993
101777,10167.040298479737
76086,13638.938525181786
106347,13723.807027703104
76445,30892.150051853503
97649,11929.424408672432
99273,24935.959752787385
98864,9527.986839030289
98037,23924.95064511018
107264,22655.071797160075
100104,11146.493366649463
81842,15891.448344148193
81839,12967.804163953875
100608,11735.557955286118
106588,9887.11120425704
107466,28244.046372498993
86092,11107.510853107739
92204,22645.065747658038
107905,39200.159333564494
76821,18024.07353814533
81022,11962.970741389854
105727,29148.378973877705
80544,50925.91362765561
93388,15280.09809602365
93775,17550.67554610516
93733,24954.877825864573
108177,20819.92554193319
79746,25789.152018428635
89285,14700.102474585847
100243,9888.355882081147
107171,19585.099065853163
93444,15726.673504955488
107421,14135.307822364044
94071,23362.543796270886
92195,37462.43124723342
76108,14492.127433576228
100603,9706.611193578648
95800,12182.422800645203
90708,13319.219771977949
102701,10451.044978012265
97732,12483.752077289448
102574,9882.9044828738
92237,29234.94417256996
94192,35578.35698054816
88219,10132.495176722081
88910,14222.461144419693
100811,12831.26172536415
103288,9051.411658356601
100370,9688.433734161768
102544,14061.41095572276
107473,7442.075796500777
106926,12171.080370608648
92514,21096.334548920822
78557,12221.762114191548
99091,14665.37189394752
96487,10415.851039358853
86252,13243.897307648329
84763,10308.925130838708
82531,15969.985615617063
79012,14587.708628939956
97078,18696.49303791521
96824,5386.05899003225
79970,24122.861424692757
98057,19230.20056535467
105947,18304.239381358293
82539,16258.443679268841
105816,20439.153982749012
93800,18881.728058535988
87079,10171.576890758079
87453,11365.572471349426
92855,18020.145098557063
95805,17775.30770249436
76398,25948.611876725787
90724,15520.179807878672
102196,8077.829586804647
97661,13110.223690240668
105475,11489.6724799018
81241,14379.143551309751
91106,19011.150873966642
89543,19213.571266367402
94403,20363.148666718556
80666,20762.51779947723
99769,9769.571250228582
102351,8266.367498285867
102941,13700.666138581133
82783,21735.197209524104
78504,27113.273179144875
94715,21071.892847466162
92180,24890.294474791564
103904,11819.585031263605
102921,9937.250222148756
99685,13839.130506538353
93048,16830.249928365494
82988,22698.53741908927
93279,32274.19598645686
80084,23031.95688008664
101966,11068.400656388969
94667,28271.797967929073
76298,12493.595205867492
87379,16672.497576842943
94212,15079.231928223986
81333,18796.947691891746
85998,12332.54849016981
90198,11788.726560665858
87823,10411.431661985638
103530,13723.888956036903
106243,10830.753319008507
81208,12379.232781506433
105153,10991.832550517136
104103,21283.312966891353
89555,24145.03597509476
106042,17669.293104628
78170,37809.527001946095
107675,13448.042870346177
106705,14608.828033116064
89953,5965.816683285567
101934,15577.416773038212
104727,30866.81089757146
87327,12809.107506790207
103247,10549.104731132255
84673,12163.784293279676
107520,43042.42982902961
76626,20577.73542720408
98638,10607.121000717794
102060,9648.653400041865
83635,20838.018845852082
94566,48117.60086586738
79207,40612.64679187538
98700,19512.682283141647
86563,17794.702383379525
86891,16274.353428658282
85278,7289.91610599283
91817,30419.76733273208
99473,11718.000386352674
102489,7005.407063012623
89191,13629.942735716786
101746,13070.129465556318
84538,12049.226645585573
78072,23354.689918266107
99832,12498.23507029849
103475,14116.710974201704
101016,13811.227597099662
100280,8973.499535557261
96067,11512.923707443002
104086,16432.51071586194
77248,23116.566446725523
104269,17942.277441439575
89495,8600.297170661319
81340,33685.58391906918
80277,18882.004631133324
76683,32224.308427751137
94847,14887.236891031665
99029,15221.58570197883
85874,12050.370719884542
78105,23123.90119909272
94978,21217.48083062315
101666,8436.222287199369
100757,8165.591822255079
86704,8818.936886044881
91205,25067.42612146556
95762,11954.571231200722
93641,22076.232749229388
87073,22878.731581987366
102433,13060.054027102078
104382,18869.413773427143
108060,9223.10294547975
107387,23220.60507784969
85027,15322.701659598017
86014,18273.19914162656
102602,12370.122173852693
107255,19125.2637214927
84269,10847.194341007957
85885,7653.913982267667
92843,13680.12410353857
107862,18411.86256240098
98781,23768.658322307874
106119,20868.808798664923
101872,10760.322201567065
87865,19627.495916823482
84803,11113.149861152237
88438,10652.685826807532
80105,23946.87464524618
80595,21325.484701837107
76539,12123.399897961552
107236,10267.671260301873
84946,13515.093417513155
93772,22842.88065847879
87793,15503.042327064377
104843,10512.20916724632
92234,16593.15645375785
89467,14600.731743096054
100145,13787.252774726801
93382,60045.224836051486
101891,14516.928989010139
81354,21320.316582437703
99309,11466.856299381176
81431,16554.94525653956
102073,10177.28291659436
88468,18356.818028286012
101873,13841.978107649902
88120,13502.758170078017
105714,5228.822551781343
106015,8999.576674855642
86707,12866.351519053442
93107,18629.32132139525
89230,18088.21045567798
100875,9096.104839339157
82920,9955.859842679716
98114,11870.189295874632
87262,10400.99491198647
104436,11854.513721344338
85404,7284.384561922994
96189,13026.226963731426
93408,32272.051437752758
92789,57183.75648186289
77768,30650.75805579616
99414,19180.309459270073
82807,16833.68701515553
88996,13422.587914007167
90305,7087.151797367437
77030,15010.983425745826
86129,8354.516685748311
83660,11080.719393696787
78602,24821.793693719144
83672,6557.122959867314
105105,35834.35858877576
78704,35941.8007187872
80789,50314.92852779462
96633,14952.842007835869
86132,11298.35077387217
81619,50292.309093966825
104645,24158.579870146466
103853,7536.911740925277
96259,11822.916150603369
104677,18567.89416408052
76418,21005.219003150476
103593,11086.914025007369
84886,11210.423873062864
80773,11258.469237314685
94688,25647.512560141
103823,7499.2062402485935
98757,17313.429433001424
78516,11318.265654586537
80596,12237.866927377932
102855,13236.721043625239
95957,16741.65351997611
86440,11490.428469584747
95030,22282.888261770204
101874,11600.482207366344
84585,11774.219976956609
76257,13002.108882201574
76971,17733.884284949025
94070,24522.03873462836
106041,28390.745879330265
87346,11505.004606080824
80993,28976.90285833265
105309,19053.094856811967
92622,20871.149614755876
94582,39530.934867143005
83334,10370.29650172556
98922,7617.904230577643
77691,14747.194711582048
95469,15480.636668646333
90587,12336.107648834624
107411,9501.608714577951
97489,10925.574258665332
105719,19150.58240678932
89534,11724.679810178259
80741,24548.84279396548
105737,11513.444469757105
99043,17931.41280413883
80254,14494.14634615873
83172,12835.118880292312
101830,11036.415986543909
80506,13498.851112154194
105763,13106.450848729424
92507,20727.220037637624
101742,9327.948517858244
106547,31513.416924852845
98619,13380.297703796265
83503,14471.594279644878
80565,11525.825782737014
83013,12594.465677335214
85721,13527.077179038179
87556,11639.456751875963
84442,7411.544708653535
79634,19123.97380389434
97497,5887.582637891424
84325,10384.535368639965
81399,11458.461221049933
96361,11463.257347645316
101973,5013.658406698221
78352,10859.171820117645
96564,13166.517861667808
94669,25350.879206173628
76655,45472.19438296584
76084,16942.139919364283
93215,18754.139979618267
105802,11725.766877974758
89981,6206.739425197318
84315,15255.252273863041
83297,15956.14793903136
93291,28935.47528687547
92128,27728.440085056336
101550,10496.611062395683
79384,12987.136200350411
103643,10968.925555398042
88482,11466.999189644685
79950,27245.397969640122
79519,33135.7151643423
80376,20393.924652737856
83366,20482.654499883436
92250,25137.310407662262
87368,13536.01625579135
77347,15477.851768442104
107935,7380.398926956682
95765,24897.087944117007
91877,33337.40598686321
97574,8634.002043931174
95192,12112.708862211337
80288,17470.758104811553
96795,10799.849207357129
80851,33337.151225706635
93753,25399.625427427116
99782,10231.130475482074
83153,25730.441464629897
78634,10092.714608440596
99463,13763.444741668205
81675,22886.312543215638
83093,18626.101424155895
82993,10370.73371789574
86972,14130.545316792834
100455,10767.477280372188
92692,17202.76408233889
79761,35349.89860582368
90624,15836.22419862859
93517,30048.17947932642
99893,11630.40483924559
85441,12683.389881257885
91552,20657.389445324603
81031,14633.702047937197
82232,9603.898955623166
80062,26277.67144534389
104764,16036.398727221267
83572,9675.14900147414
100100,14755.436639361642
96649,14398.280650246494
99860,6528.9748097637585
81915,27396.420035430365
96284,12169.398949121378
89243,8502.286748033739
95051,15005.42559906629
101507,12749.08354340463
108257,23481.71971916538
90558,19646.20066637313
96913,19229.310363945322
76621,27442.437515306094
99801,12673.129867371586
95155,13256.730775767364
96739,14775.4767703782
90592,12164.860393870986
83307,13916.029715550792
101154,8102.279868306337
88229,12028.261925441384
106301,11786.354458409109
82193,23556.82968539693
101153,10195.185983349547
107721,14461.209830095213
104792,9212.580117242615
92322,21302.858059523376
99316,13709.461610481909
86404,13039.489673365122
79624,24853.136044192644
87122,13041.826134920095
96046,14410.946396295863
83384,10902.889450718023
79657,13818.924940300627
86605,11485.360413370849
91883,18555.288625842386
100473,10290.053230752994
96611,12505.655248121044
89102,6012.591718378156
103838,10461.6077933248
78454,19962.188976008158
89761,12323.489904891037
106275,10472.146429180973
77831,41791.40071807022
82876,16026.240059353178
96899,9898.20023374611
99945,11708.24286972273
83505,15915.203188288402
96841,6961.486311300656
94189,24322.636615020077
85020,11354.049432539101
101456,11266.70772434306
94155,30263.641952364724
77575,21197.82673803482
97904,15949.1639359869
102523,5670.638085952148
107541,21291.427128144314
87223,9394.572248120401
94975,12729.431271358924
104630,12898.115521966367
102538,8553.06684174669
90345,6813.296946309323
90170,7101.055775978227
79448,23860.928035352223
100139,10371.430468592835
97457,22910.181683658844
76291,56774.275315192775
83987,13758.94926746921
106283,45613.86804211316
101864,6982.145471997393
95757,18258.33287222683
107668,21025.32528395437
96696,13683.770294383798
83094,16497.90610990319
89521,8710.015869648863
98998,8025.424994974207
97028,9304.140552544832
95291,26290.626242304377
94443,21343.298504783503
102182,11872.445506090124
81794,19808.645104423274
105003,28099.129994165527
83041,12952.982059069986
107213,12382.425188014442
104467,12459.992652900763
93950,33606.17685274056
103790,8475.741661009652
89125,11484.447767370319
80748,23914.960842950222
84795,20992.95629329086
91105,23198.892092814942
86086,16783.223515021553
88522,17638.61288521127
84472,12766.231348933907
99289,14702.669306481668
88050,13799.687443341942
98087,7433.4894484238885
95839,38791.86179932032
76057,25953.237418462417
89619,8636.622700361593
86471,16100.786903176757
97685,6670.926560723598
79824,33649.922766944044
91710,25522.91634221195
104474,27467.62682610567
104157,42208.9969395055
95117,36383.83350467123
96337,6781.04142505628
107562,13637.340213951922
107286,16448.47785388031
101251,10916.830445691507
97688,7401.297879637969
86405,8947.299584908387
97631,14910.862460307986
92981,35978.617317023796
79580,26339.160598073442
91562,14633.223524514831
87048,15740.518800258524
96103,31975.61225926101
101854,11305.50978078278
82126,21400.661283394536
105443,25671.06911616831
77293,56699.51125192977
108262,16571.77878229598
107157,14596.993914170927
99717,16113.318624862142
93208,27039.242525632064
81353,15569.428381973092
81790,20617.160465017314
82153,13781.689207461144
97223,14131.59055964614
82088,34850.067094037244
102996,11716.207133061243
100023,8237.671248916833
84333,14879.869604893893
102506,6514.597447318126
95753,23357.407187696852
77116,8868.754854053412
84459,10070.590131204584
91453,16733.95226296911
76524,55593.81960255683
83249,11703.861227059158
102313,5633.424687030484
90456,11727.203482504403
94635,26824.38556274866
101187,7641.778819150108
100776,14114.831223610487
84563,10619.33462578843
107706,14724.280019522068
78776,33474.230167199144
77019,29414.367011439284
76122,24473.879661422252
79042,20255.60091521556
101851,9394.202398665808
84657,9959.894141348565
76067,19711.108523199757
83598,7578.049365395698
96003,12700.719793497125
77817,20177.319229100132
76887,39334.01982732361
85766,7297.1132240503
105836,21917.365533376127
92443,38448.537456439975
98875,22915.792564047402
94808,18353.501981728063
99490,6806.189866415858
77469,18254.962757443824
105148,6544.850721355544
91649,21315.22253078826
107040,26127.61100216769
96074,23109.990670609644
100656,9156.380969758555
90366,16020.36429546581
93981,13635.57488318756
80858,13125.328742300326
90070,8240.199656580324
86606,9669.05974426425
104521,9887.209301766985
83071,12427.367913669777
101956,9723.028203582744
83846,8895.379813234913
100982,13836.293303106999
102610,11460.9646039551
97828,13769.790785666559
99450,5564.396906536101
87521,8560.968414472527
96065,25742.706738750432
88306,9872.094801374544
96325,12870.090495099039
95801,29336.117078633175
104248,20673.28746945913
98652,13012.421065943292
103877,12153.704813754708
107470,21484.70426209556
96801,14209.024825428098
99595,23985.98348430954
86094,18294.122210912934
80874,22758.621882267318
94606,24916.555061616677
96127,20140.48153894114
100687,10730.467133344191
81118,23961.19343247468
84405,10382.93983357736
83257,13975.165134571514
81541,20265.415180706572
77940,15570.008440212807
101270,10806.341450878703
85349,11453.417446003454
92315,18006.88946135532
108360,11375.69818588901
77607,29979.330342978497
95640,19100.19229268573
98143,11099.647807196889
102200,9424.974690688128
83375,12160.085078665536
102178,6341.615693700188
97500,27201.481126655402
85782,10621.69193153093
96049,5850.920521230667
102744,14914.374320192663
102560,16474.347741913116
79010,17282.08582493642
85644,9029.904928579048
76595,15227.280693254119
82219,16581.691421042506
76899,22899.62127515859
85663,19177.109537576856
92737,15675.64292968581
106758,8905.681232652008
94625,21583.369092750334
96472,25759.34040246793
104250,13376.6697724963
86303,21006.188591200815
107881,49420.39539372433
101517,9284.350346893025
89988,14071.338852887759
92689,29797.923167787267
99002,10414.154519373726
90734,14203.869051517711
91013,40708.65687597151
102056,13587.890896742107
106641,18493.06019113005
100391,6175.84856616449
77305,14767.088308757408
85197,29785.12710271946
81122,21998.132033493355
91088,32103.442577059115
107377,17909.545617543186
86495,10155.1989869083
78661,16304.026873375904
77687,13114.95273169598
98480,11665.143540678548
101537,4812.916664386156
78032,14337.374207880765
92374,21598.11383393774
82010,15870.77703897304
84496,10422.943304873977
98337,8808.112504285864
99520,8976.26165212185
98452,26186.251034171582
79828,24853.34966738338
77151,19792.873669362143
84095,15054.991691885103
83491,13021.283899441452
102170,9103.511589741254
88063,15148.515843257079
90214,16678.1949493641
91980,28668.49885693551
96573,20185.059742236586
105573,31385.634183604652
86880,13144.36462549974
100420,10757.583736039165
86053,10479.440802358187
84481,18037.623016760896
86088,7870.061407096378
83553,14001.804043978804
101328,12837.9469523734
105352,11095.369482739045
100532,14915.988300346195
98052,6540.13804814013
83818,11564.131881104318
99576,6617.528415783552
91026,16529.784607897484
92445,29657.046691146377
106934,9214.214113460388
78791,22275.04206112838
93664,32165.4053262573
76923,20837.882262588857
81335,28362.947039742343
105969,27384.541048787538
92701,21282.606714402824
98070,7484.983929968784
100423,9929.71451542045
92335,31439.229698785814
92370,38908.461808402426
100177,6997.1866410581015
100125,6645.293954705843
82358,24972.838102540023
85557,4300.628858699565
102609,7694.827276609742
77612,15231.41820134132
81173,51019.988046624065
93689,16764.03683508369
89219,8215.674720934892
94659,12277.16324799392
82424,10381.361867566337
92367,26226.837124563786
95828,16802.80713731862
87894,11331.974607708236
88621,10926.00816023355
104992,18524.589822744245
98567,5688.061965842183
106250,10013.829924459604
102235,6834.729433715455
94841,21799.665846603177
105496,12918.133419022912
90019,7498.148339334548
95575,33413.93618441591
98437,10990.660368618606
90907,13398.380315406324
83289,9905.643587074892
77938,15783.740349367348
98791,11546.20303215215
104254,23591.41066265156
104311,30166.28178799826
96753,15295.015812511989
77998,25514.40523637977
101102,9165.962493556211
102836,9043.1135238598
85330,18177.69707224409
108511,16515.250204055457
89527,16759.89224999927
87734,16126.638348632401
87110,7677.7521102212395
80936,13043.529792733343
80100,17879.220619485313
86546,9741.819469413933
104949,22713.186726211625
83654,17527.931684478495
96736,9385.562489966602
91898,23015.54584674462
90221,15813.788185546686
96356,19151.365442938713
78901,19738.461590361032
91469,17191.894831480953
106591,29165.633329200435
77763,28231.607256910578
89604,6942.252892503111
90001,11453.57245438822
89947,12441.473544841328
108218,16187.659120138083
82927,9952.141309120178
107140,15584.297282689931
95013,31270.686679050552
104979,12129.581720369184
90521,18656.52348547736
108465,20867.137938603257
106606,9844.447772193915
82999,14473.443702029575
93784,16443.489123206724
82680,11788.531706401542
100796,14045.730498461713
96230,16880.908157410802
89110,8021.020325246772
88152,10558.934001700914
101403,8033.403807402273
77566,21050.41510371572
86366,13918.864847979243
80356,26068.89780353142
83500,24273.51694489442
76673,16592.949702310652
100256,16674.55365358587
101335,15351.520208747272
83416,11563.12635782714
104983,14170.518985231238
107300,23571.547499072996
87350,6841.359232895473
107106,18784.615114941495
90550,9382.609741712327
80002,26702.79101931467
90827,12109.635835701798
97480,32121.357231422706
88160,11097.198361409872
88467,6180.993186037867
98500,9680.174518999978
86587,20952.248769691545
76737,14806.234123864284
79089,19074.440100174434
93153,18441.53425635843
80315,17062.46213660629
76731,30635.022247267392
94243,23054.635834491022
82571,12612.02597037271
86896,6171.788864034451
88404,12494.965236689795
108530,21747.400274504012
100573,8026.138796827816
102888,11836.582609856025
76011,29044.2124958602
79586,44165.32364753413
85620,3062.4386452311337
93470,21364.226650246437
98335,9628.05768748731
87826,11611.959647637117
94743,24375.81210490338
81247,12742.724993913922
91376,27526.000655943397
83451,23324.48527269
83176,12153.828235392244
78867,28919.596081783715
96786,8813.438061841633
81019,24795.74987303951
97316,8742.356643372717
80560,21275.999035390134
88535,9745.801681779692
94281,23755.734377420453
94309,20415.373888790353
93404,33724.97031338972
85218,14951.641118745041
82697,11496.55583418292
94919,30834.65989532799
80829,14331.520887999328
84671,13865.561323073498
108043,13222.889567332368
105111,22753.500295006612
76997,12346.069639788468
83545,11786.875968862856
82274,24017.9013167525
100513,8396.541265720598
93471,29865.111579552115
91627,27163.988851802074
78780,62167.05925178616
90005,18782.854624107284
104234,6697.812417616679
100798,10852.310790545896
101322,10153.854187576235
81807,21384.716895212543
84469,9994.115076338489
94701,21849.5383908562
96119,13048.747534370152
104478,6946.149638036979
100116,7721.920324750883
85151,11985.685818493826
106970,6906.256947734439
106570,45539.18699712785
101472,8442.199831181993
98101,17110.834779929675
76225,14383.221901667213
82833,9966.511313058409
81055,11053.69856124038
100048,9820.631860780108
90519,33990.01667068049
76484,19405.31070595247
101898,14416.510302505747
81741,37254.070922544204
90441,6873.154668105061
108314,15563.54485410671
97881,5583.455790104787
79306,24538.090110962286
107116,13851.817805056
98899,16740.00315749697
99975,7391.277124820206
84378,14132.379511524088
101661,11195.201590637607
100239,10948.825813825164
80035,21523.626990869616
85033,9203.624858179322
76723,11845.233504291391
107773,9158.58683393408
105937,11791.455712067356
78321,20346.97796518424
82047,38470.631728202046
95113,21669.453529691076
84907,9921.869928226915
107479,18759.633691773233
99770,15733.895549153827
86815,13448.39663071124
101558,13135.891240751229
102258,13357.886948921852
95963,18774.584404887704
91995,13219.869633811522
82913,19309.689926602125
101968,10308.915086389658
105332,14777.24990736833
108213,14626.891510338033
83825,9600.879051270449
77438,18796.955061277244
95768,41691.848564796426
83195,23199.72784643318
104287,12592.521684606263
103213,11444.575171303064
92744,12822.264700452008
81351,33334.10679434129
91555,16572.290821607403
84546,11038.412013829664
81270,11718.96962105839
98294,8789.041821116318
94278,17485.257177180414
103537,12382.592468567575
104284,23425.274388643407
76635,19989.16236156953
76676,25990.351019019396
98118,9791.295750803863
79440,45409.42120970422
78969,26892.928595605026
76500,13705.089031013002
106027,15049.642128716932
84604,10382.289062897473
97498,9856.529522909432
92641,49874.17417560032
98216,11134.117646348077
102453,7532.8548380197335
96270,11653.554607514327
78777,22621.791539944534
93169,14257.175184991882
87621,16724.08656457948
76876,24376.4491036826
83561,18294.122210912934
84296,12786.345145284933
92355,33913.593139352044
90302,19584.177689510383
91387,14623.572727954761
89854,14961.724048459708
106305,18954.39346807592
98703,8894.320634864971
97929,18386.496243065496
105575,16517.976359606913
79052,22217.371701041284
82362,28729.71969781029
85625,17092.043292150713
90792,15402.760467914113
98488,10575.484957859906
106795,11249.194425528141
91666,24425.51546111244
101528,7641.580081372445
94739,11813.421099289859
80961,12138.78479356702
91988,13859.499303545732
80335,29172.396021135624
77505,17076.313221136657
93280,14916.924729927712
91630,13683.92864782909
85422,11569.62282187499
104986,14549.32429172837
92176,45519.68898475034
89861,8424.588568033392
84435,17851.924082168618
100381,16214.79654896925
85651,9891.198373305628
96525,21371.897713283055
91383,24710.279715317793
99177,9554.167744784005
85842,21995.97564608576
79658,26759.991315493375
84332,22927.063341856927
101621,6821.67378539097
94509,19287.531036076874
87175,15724.785202189623
89394,12001.852399624422
91163,30349.592606123108
107771,18886.014903953543
99551,5577.077707473724
87537,15901.50421266767
76726,15719.834057740807
106637,42241.83995769856
85583,11333.516933940757
84617,8794.598906223931
86419,8553.00226687132
80036,33611.67867952818
83956,20103.09397256073
106663,15238.10557568112
98368,6673.446718770132
80217,14389.224581059798
98528,8365.449765312891
92746,32137.878266235904
78042,18471.03158855558
87314,23112.311226188165
78148,20484.46786268002
101574,12379.544644060838
84789,14770.763647375514
81056,23834.780510914807
91483,19363.389397486546
97869,13508.29066721021
89084,17121.951648767572
90398,16442.330427376564
91038,39329.7476331434
80326,58350.79628588142
88665,8212.363756804983
99793,13434.911231032662
107218,11364.627697377124
97438,10598.484171976714
82375,17012.665319443702
103211,7911.940182409753
83430,15871.62142835642
83717,9661.476008028638
95607,19747.900420352704
99653,9409.803162874987
77072,17536.30864686968
95300,13783.16243827275
86090,16493.274533100284
90553,20091.547115683432
90690,15883.289819975435
93608,15079.151531784046
96059,11619.849026781636
105488,23427.694918245088
102403,10136.775029217175
105357,12597.616526555277
81201,17019.01947170678
100092,12761.98741362019
105800,10599.720240442426
103658,5888.125130875709
82416,8923.339848735412
93007,20712.82308551455
103850,14401.185090860765
97328,14777.331065954215
99167,7981.620753592691
92788,28001.26159568453
90228,15017.701171058205
105015,27434.60701907321
77838,12062.533783049283
88672,9952.498625841497
86881,15810.204130126665
90515,7725.847571019906
92777,22613.12182025432
103455,12827.518590606483
97286,24990.03081862255
104633,21504.206429869955
83548,9633.886531358505
80980,22660.000142845805
87954,14359.010234081212
89975,7222.724405512932
83762,15470.848026127986
90615,7981.5053683634305
76755,10628.114402848993
103371,11510.926070507638
102703,10905.642392854128
83856,6845.650980700917
105099,8493.64336117492
79080,20149.981296579943
83898,7400.14602478775
88241,14865.55091192414
89549,19975.562113933087
79740,9503.793088245957
81937,19140.165258954436
99084,15538.69061776819
106967,19974.41200429748
80358,51843.970728370834
97694,12489.430183838593
87454,10588.5717988642
101943,14737.11689768465
105586,8976.408996398186
105651,18536.111299627966
84667,7759.911252850711
99050,9732.692121357433
81245,22510.37448810481
78547,21653.818921812763
82473,24221.958522009114
85978,8258.73876908103
88385,10382.500806072396
95452,14506.224283311218
98159,6835.542497211351
107952,11263.904712293706
107265,7583.9987162912485
99744,7482.043712672133
107450,18613.110716226547
108280,12347.497061794977
85684,11570.898324938964
90660,8358.811467252832
107627,20323.484791095492
93896,21662.005064813504
105931,18919.40333370331
107160,11333.83602427945
94644,17447.224994377157
100057,11186.99042303341
85053,10035.898022485515
77037,31572.80675985372
81281,11412.686288727185
101247,7614.995818931581
92031,26245.047572467727
83306,12433.030381828052
82079,16742.272095411667
85936,14176.682827371855
90480,6615.65441037978
92696,23254.466082606315
105467,19640.768669011683
89682,7283.069918614871
76305,31033.277838474416
79665,35261.12334539927
82839,10162.541397223426
93076,18613.39559412227
104369,20140.235107666005
107999,11756.312704806112
83787,13368.215176602604
92554,30798.411590785538
99110,18701.14974951612
82707,9688.348520114187
80261,22426.294014028947
102365,8845.037299642838
82760,14414.323960715177
81142,30793.571558536576
88411,16843.964015652014
97734,12317.54527537353
81604,41727.464279637
84705,18978.857858193758
104661,12616.153796069364
87897,12719.941472198909
84651,8192.62421234581
82294,25171.575234196498
100689,5935.122434088256
105236,9435.64621530322
77656,14998.177413779697
94054,24843.62893013682
96367,30453.736758875883
99913,16441.566469380592
77083,21618.492856225283
104849,21475.309455196835
98172,7788.563924583511
98043,13847.240095018451
90979,21872.984474574467
93136,39813.64946079417
88750,8543.294887451548
88471,9051.787353742386
93720,19617.54546006658
76649,13963.847177289319
99291,5662.488340609941
89267,7956.8144318758
108244,10466.969225091889
95194,30889.465454167104
103998,29067.249784144842
103782,8944.22093597824
101502,9756.530924466368
85961,10889.042859272697
99073,12815.718056185817
106535,19403.63153147595
96594,7732.030642948549
76156,37721.239465866405
85484,9158.525780783855
79139,11280.676750460005
96730,12210.071797057002
101796,17458.458948363757
78809,30128.97783173725
101193,8231.691769928113
96275,11071.691755405147
98321,10096.524461133242
77928,10190.357343660095
78328,29785.670144206637
103527,9591.44096818131
89266,12243.932481793297
99074,9432.71725062505
97952,12841.980722550867
88220,12360.108426070783
90223,21823.821517846187
76506,27989.920686514866
104498,23008.53043946033
84634,15463.617749713889
106803,22908.7258232931
80608,15351.876797695391
78715,12957.009328851917
89962,18991.9244633884
88958,15821.570141345203
98941,14876.313958015919
80707,18009.67361412659
105934,9359.770848902977
106190,15777.642874579353
107803,21825.866505187547
87945,18791.997379277367
96859,7982.569436947987
84495,15453.651514440537
79965,31673.410111728877
89496,9370.929310149468
101195,11716.111437170835
97209,6528.319287943658
101751,14349.94933441574
101541,9805.752980324884
96051,13587.17265906054
85075,5604.011432184432
77118,27648.459337902295
80487,11933.614120476155
106184,11055.283378943423
96374,8526.816100757229
91702,17436.757620955144
77517,21846.568826458202
98188,11438.446152876737
91641,20788.18701898344
94607,23035.394047158603
86769,10381.774740623581
80484,55342.27293016491
86964,10773.213808066253
103086,10463.782745312852
84257,12834.739362785042
91852,14859.583800687442
87431,16876.34793534015
80439,26423.576923014847
90405,12582.835253548863
97647,8155.010612102156
108071,14372.364915984528
101911,20443.82702144055
82293,9741.5984240653
93627,11840.61395730421
92080,31750.857571698576
88291,10719.228868389711
97591,18037.5704176499
94632,14738.259161125028
79572,26358.80563223373
100727,12484.322076553752
77760,17251.533397257583
80267,25486.330008631816
106167,25530.22951555735
93339,22255.078140699636
98727,11064.662271178193
106765,26733.583620231217
106746,36128.80643404734
80012,27593.90168972383
86651,9876.74737942673
106616,14838.721210271864
88617,9478.851605225826
78380,13847.592277310983
102380,12094.942054053092
102093,16259.284085413043
79049,39942.01376352483
104933,17017.708280697258
81578,21397.850064733473
82296,32626.026083698678
102256,9708.636501506855
83868,18513.219305591578
101459,11297.437979962271
85014,5717.147859091697
90820,10475.612028821066
83173,7908.841597208349
91252,46580.504147868975
102307,8267.70605308578
95153,20413.559597243988
99149,8308.168318001317
76130,15198.797622659338
80049,26349.2046831106
84353,13103.694382257412
79550,11986.585439866363
106113,28396.92892084833
82182,17647.017990044904
99898,12030.259155927093
94685,30785.76781586414
108125,17017.34418345324
76144,15977.960561368234
82087,21719.068100969034
96666,7556.58494737324
105109,28394.616004662847
94341,30978.095918722545
80039,27659.309337124418
91350,21825.51510226055
99415,10004.882330976156
85832,19380.816123556935
94022,13435.801298727136
104332,24888.5663018648
89367,9063.31943606384
101420,12622.369645942053
99401,25199.18293865115
79179,21839.146446276605
81603,15605.65791749931
94068,18458.509928134587
98185,10970.347291271572
99646,11748.647405071384
83218,15758.82618093127
84593,11832.440795783865
93040,15378.696947062928
104544,13971.664799598213
98735,14053.491095764262
86524,9422.666508614238
102541,16205.070267517383
88339,12242.93509720188
92750,27416.905090044325
101882,8300.632094085584
78793,18418.802380029985
100625,11835.408385049263
91791,19203.582264296736
98604,8917.244657427711
107903,11629.699242958055
108450,9850.520371029083
101903,7188.410903699922
96190,23653.135073309382
77299,17509.628614173216
96588,22690.150925174617
80932,71146.66221052092
81221,31209.496924021798
107383,11522.050065197103
92815,25228.731984495298
98724,12898.141370919968
101984,12922.686841024874
85939,11791.703143763645
91597,25552.2268552131
82514,7377.495964031478
88788,9236.84285551104
101131,12035.863376149378
82614,22379.42765995317
101646,10592.561348916603
87641,14026.54491520241
103855,12458.159168322765
96901,25241.348648814383
101942,18824.22840513915
92415,26465.169810171712
96467,13484.838949013674
104656,31361.275161998758
84104,16333.539863640915
96685,22253.593133914947
93816,27577.533016211
104925,7743.99659927111
82086,17700.300630541915
93855,20128.89301660782
85411,15816.606625907858
88743,15778.742513483689
107201,8832.801521132784
91771,17533.238903441426
81001,29549.74625647542
90074,8985.162017825098
82791,8159.237769843851
102636,3149.2246267602973
102722,13982.356750009752
94571,31303.00191709827
103852,8145.720521968482
81514,14364.754485628035
99997,6953.305157823037
85808,12054.806691522544
95355,12321.276849128233
101928,7412.0880766361915
98862,9565.80725342844
87759,9107.30231077029
101810,10433.230931099892
104902,42317.83853176783
101361,13903.34738764737
81707,19640.07588679514
84482,21354.893203785952
87358,11295.306891380389
103589,11228.96909765083
103675,16304.559875866893
76652,14815.116931755034
104101,13981.871953806532
94807,14802.491744160676
77325,13338.850423290898
79875,21770.604633911786
83034,11738.414184379204
94997,23196.0871237956
85209,12292.06786808478
88344,12155.697892728831
98849,8458.298664820375
80527,29108.493975346973
87245,12529.431815964828
83783,14746.013132325339
96515,12000.319517733242
95110,22408.52681852697
92177,33492.33677685252
94690,22878.993710773884
80340,13644.796719532358
80211,20678.044462115355
87440,9407.556722227864
97742,10934.065320553467
86586,18921.6340411074
98006,7586.217497129884
87613,11184.130544192458
76521,30869.06775731057
105734,15144.827210716248
87925,8959.633355828111
94634,17640.802728471408
102227,8493.579961078476
85292,8571.498101289651
76921,11364.768127414365
95158,22799.06380172678
95582,22969.856291587257
105636,25171.898698775618
92793,20777.118132087468
80981,49066.78223444114
76421,18779.310920629647
87182,6759.399905281479
93677,20981.19668703186
92969,19212.14585540002
95005,16692.350026073273
85337,8555.667350345178
90477,15851.063530802592
83508,6768.2500703121095
96886,13367.34940422065
104112,14604.317674991855
93923,26021.986967197412
83338,7643.528323902827
77100,25320.864006059954
103801,11345.336342382934
77772,25232.767896583766
94352,21110.783421367018
78360,22030.37441645149
89986,10958.899390124214
97654,5125.335410379428
90295,18645.39315091559
89180,14986.473407843005
82039,26239.18554097141
79485,12868.055136294173
87606,9407.552779194757
99574,5130.810217990274
92198,49819.67881756557
83529,20229.42143154307
83789,16135.657637634933
106137,18813.79792867174
81731,21386.20967610625
82668,11380.638785662417
95865,36054.9539520753
103389,9570.022907048446
98482,11009.601691737525
83775,14170.30365012424
98846,24410.486902400444
79233,14576.616389190176
93254,32128.651613465205
84246,9605.50744131048
101996,14369.451292175469
96237,13753.79969648008
104216,13910.225738406645
105667,26255.837521950707
78813,12616.318633521028
99270,9598.274000080544
78588,20510.56238107475
105552,11819.31949817446
97164,21166.201151563677
84342,11203.166990646829
103688,18736.958592517967
77484,10278.4211665983
94326,15789.423105517008
81254,34649.87233237201
90674,10837.050895399803
104261,10499.766405926657
106636,15124.529508238507
83188,22834.38783976337
93725,19781.645574411694
91349,39838.699656430676
106973,9894.031771265989
89671,7565.793893773925
92830,20624.622612287425
105964,16275.94832232066
89696,21238.66362170653
99813,8621.3716069515
108159,50323.361664075346
84988,15076.612632842942
84921,14167.049130056854
93609,30522.828502780834
105751,12305.953658110557
92102,29494.590820707283
83130,17834.251425614333
91136,22377.047818706647
78276,9883.161994365028
108370,23222.869939245997
100384,11121.983457164713
84940,10273.160400883076
91942,43207.78655443418
94454,28920.409167856877
100909,8861.573642089577
87701,18168.44385197829
104798,16695.729284981986
95263,24262.29388820566
87121,11368.487135353707
93095,22211.0618201509
85642,13193.616214377216
92656,13811.394590398982
95617,44388.95291705663
78219,12547.821089048
104179,18064.61293578172
106438,19268.527133619387
87196,11392.072329494813
90335,18559.568076513755
82059,21926.559372797496
92365,21732.94574723374
98309,11467.712438720464
77684,14173.602643274899
89823,10527.769761670645
76689,18625.274079953313
98279,20765.45812458943
99892,9946.8959279974
77342,34948.034599440994
81074,61837.68707739389
101487,11742.839580279819
79070,13242.09542130979
95231,30896.195363014776
102572,4566.406183704233
99529,11844.492382936216
105996,11718.81441396521
100780,8794.571078114148
106814,14059.025371418973
85545,14924.101006635521
79630,17816.434336261646
91145,28913.767873661054
84823,13395.073933587215
84954,11131.89932709154
96658,14260.206143110034
91360,33348.39273702092
90452,14543.72727949243
101820,7880.898167915877
81605,22374.908213563
95895,26767.758643015466
99378,7803.3736765757385
89327,12950.038025323183
97326,10593.569031188266
100777,9801.28047392062
87405,14569.45719075701
97627,21438.89442721065
107458,15762.328910598795
79060,15986.47575351069
96136,11445.499199807975
98257,8118.063142415774
102335,12084.939477429474
77850,12418.049118919984
102160,8982.422127029417
102379,6303.765335989487
104579,10981.327209664318
105614,23585.209634152943
100113,9850.554091516555
91032,22329.994856633493
84428,8379.520965889436
95075,12701.60961137079
103736,8718.837411248507
86290,11352.895095234891
81511,30945.74148158901
90680,15568.594655703697
108256,16822.092292729303
104529,20112.467393806226
105190,9098.505357075926
83963,13665.689370106196
82386,58040.54868527592
96710,5837.536207669468
83474,10029.053125306476
85539,9817.067895125763
106439,18422.867117195456
102158,9292.152347428837
88822,13140.683318902678
100881,9791.389041261888
76677,44844.592490085786
90178,8225.426210935399
93735,12845.444857780778
84662,13011.395841418816
106182,11399.764765206388
83398,9843.536899028697
87992,13947.75426661781
87968,10894.281313206991
103912,19522.584319199294
93375,18050.28837592359
101226,6513.7260085483285
77949,30865.014691668075
85607,5817.194751281528
79522,20595.343212702188
77739,12942.898935602687
83123,8114.125799247144
98241,16139.860722771247
85653,12701.76872586359
103346,11998.294214673318
93933,22535.384299394227
103652,9702.168023179862
101032,12530.613450018665
95245,42972.754080665545
87397,10769.460829870899
104051,12883.453111412224
88815,14539.691695592834
78834,40345.787991999314
86348,12179.680022394803
102205,10969.666709202584
85638,9084.887997796246
84036,12515.982309397035
103627,10665.962498603461
86641,10344.49822996342
76954,21685.03583359903
96042,16221.816831489366
79230,20698.489372073207
81240,23835.62181211648
98464,13863.667114558852
93761,21965.223604276107
86239,14948.40404922535
106231,20160.517241903315
94092,31883.329491651853
93651,31321.868791084027
102239,13952.392724258985
108216,21701.14518484311
87035,14061.051968985053
77754,25292.8555394396
102892,11296.957801109864
104205,8359.902007143715
89539,6187.998016388635
94276,24628.71296558342
78405,15855.346904158505
82829,10502.504034278192
96653,13011.947903688246
107768,9896.364694714834
82557,11950.188706447447
79190,12684.737353638646
83639,20097.50699940216
106302,24507.50205388387
83161,8129.613323675029
101839,15913.38345503208
76769,33310.45087844917
92536,30445.254103802272
105981,11775.861261878279
89644,15321.535758057484
95175,22837.36647407214
95837,20969.944001585634
81282,45608.08464120474
92231,46738.74223007591
85287,16209.702944013525
82582,15863.715389900002
82666,10779.393617897245
75999,16173.631203657322
81738,20516.431298100324
87020,16805.64365877362
93066,29184.499135796632
88496,8050.937255614923
93297,51932.45238395203
82044,15446.94019570025
81673,25265.65519071058
102694,7904.395377229968
89509,6641.925788287874
95965,34091.40593081462
106101,22739.83321040597
83569,11804.668680945366
104718,22021.336464088392
99492,19792.98545663669
81091,71285.40441601777
91028,21130.34854549985
87981,9914.257367758803
91801,17456.926445422243
102243,7120.2217111451355
82445,14102.945735648165
104094,6475.708747353326
94745,32755.596144321644
90106,14827.014396185268
89015,11794.489484769647
93183,16533.79473596257
84610,7509.024440021379
77055,26081.137904435647
79194,16642.82692993217
91155,29857.0481754273
86569,17675.18773587123
82485,11930.59049746274
88760,9604.793717869265
105923,6933.891241719287
78686,27345.183665816003
88814,8171.584072230955
82320,22680.24886159647
102937,11054.994917490483
87116,9325.235722553018
90494,9277.2786474879
106037,12076.472647095068
81698,36633.49531616885
108120,22230.18922756471
107501,11652.156704358684
76407,22480.629729524906
98601,12165.179629190752
107872,13631.44499494173
78176,18682.42259860855
93534,55141.693784717325
91839,12512.89340630553
106436,16916.542895626775
82935,16936.960569894814
84674,16274.353428658282
83479,14154.799595052016
105047,25067.937895523835
103698,6741.248815317609
99614,13218.656207107178
84726,9159.8522089701
84695,7989.333611169603
91147,24913.649728985485
87076,17734.17232224989
106200,8438.622214657848
94496,19467.84397445704
105826,11951.165442059762
94976,17712.293737932887
86380,10902.67897648502
79211,13481.139946917998
83213,9703.134984124603
84355,11059.28223067165
108034,31377.619291575524
106948,10086.264556108841
94995,31507.424019333444
101963,5953.606677394243
106550,13910.225738406645
85682,11029.870210058993
98174,12329.253342922124
105423,9142.731212558885
77341,14666.600930279119
83563,17272.795890889156
80177,26957.983144259215
88183,12276.017022468888
77520,18975.076500613457
96601,14523.12104366683
91964,25527.764323187937
86685,11933.024657245318
83039,12627.537329537006
97785,8098.15684905886
95814,14191.720458871572
83452,15019.760896112086
84518,14764.286570357315
102194,7567.914752121339
85247,11782.956977565202
85418,6426.519645515738
77908,9475.455231336306
92033,21482.227319573743
80872,11958.454498560079
86635,9771.826221844149
79420,29419.84517022696
98251,13825.06780021051
77158,25213.344230408664
89969,11485.462248512807
85928,9864.189479952704
91375,56836.562636782095
80568,18431.317278810013
91041,19299.364194457394
89322,5257.872075976008
88057,11548.420211500345
89486,6913.776044647605
105977,14717.829131703144
88167,15129.345414077943
81115,40778.774278128214
91486,13470.240123951056
100782,16808.79776802925
89320,12910.682640982082
79784,16323.255691800741
89096,14250.124473290249
78264,11425.9607522729
97581,20433.961924119416
79576,30806.92889720594
89259,12258.131770591164
106745,8390.189249585908
92013,22958.932702753813
86678,13625.665336501756
102324,14181.727968405765
77632,32321.190532149198
106887,10745.728060615254
78950,21649.026748766475
88191,11048.728103921532
88247,8240.13448960547
94345,18995.303142057488
95349,18010.5279370157
93901,40623.89055553291
100074,11029.000460411824
85164,11503.349274879149
106172,21540.54887006817
108479,17082.495673671612
101908,14629.784836120827
87385,19163.33596483355
81494,11065.855590774203
81977,8669.640333740608
108330,11808.795733322775
80073,14761.023209277333
98716,10586.277183390335
104170,9363.740437376395
103992,13776.955898491147
105540,19026.047797838764
75987,12993.244109925825
99496,11047.919807881928
78765,36992.60232617634
98564,7176.2015721521975
81895,20719.893270414173
100955,10712.462405632066
77153,54635.44460091357
103888,9298.393811300593
105921,12897.021048741091
99660,10941.87850711168
78579,23485.210052120477
87023,14059.776017953638
95879,15212.096849913738
100433,11984.795608306715
83011,16017.980134240092
103255,10026.509290926118
75978,22057.43456481089
102295,10594.926346391783
92099,12970.191790913372
80985,24718.431618751078
99556,8064.944386465912
97124,7924.0837912326115
81386,25802.088601540378
92818,24787.055398652756
76413,12340.027520745725
99585,17403.348475761206
98093,15666.385666526261
87527,8418.244716428135
77911,29946.40177287844
85090,16609.3100014093
80843,13382.186170267518
107096,8747.936927985387
88042,16742.49276384647
83948,30329.414969857437
93242,20154.217604893736
83677,11663.954258456184
92864,16167.944698432879
100323,11345.336342382934
81042,16624.456617851592
89663,10136.557459473393
85381,10460.10818375935
96699,13362.449912352418
92422,32832.83808211098
96880,14334.546330389994
88530,14980.313588871242
81438,29290.32583465581
83484,7592.674294209112
83637,15908.70423438613
89092,12369.409809037285
93732,19340.40002607791
92925,19540.761951669803
105183,11450.35019262278
98369,8422.45801512002
100868,9533.129238216146
82430,12852.869582373674
97604,10462.313595873413
85474,16521.10341955501
90978,12307.765985468832
97258,19296.272342697506
106720,8907.546523296527
89418,11583.402498757458
83154,7074.77455517802
98671,16389.30683088731
105356,19326.87540791701
88880,14817.875014458776
84275,9200.555733440917
93184,12671.892397876702
99811,21409.75042342791
96995,13596.09879052433
89700,7037.127905031681
99390,23654.073228529414
100504,11167.991103220773
80427,16232.331182226426
105125,19891.377688125103
105652,11763.998784402507
82706,9685.459278089163
97831,13531.002233592628
79865,40044.959900596805
78586,13819.79548578309
85926,8105.597357231633
83961,18146.259516608785
96313,13657.669190835551
77556,30986.23574619849
108155,18769.230242431524
77590,23598.814317718872
90192,12546.475596856204
88094,10429.050201949633
86737,16550.233984051494
107509,18596.583925190596
96960,23050.96200566475
85495,23889.378626457292
80902,22550.701203332934
87998,12728.67823361134
93672,19667.338737028196
101245,17139.416252255534
85802,24134.199590382246
76378,20814.716390890495
92576,29074.343995323186
80096,14590.083729060036
103064,6325.419855722386
101782,14489.359529747111
84729,18549.600594308256
78010,16067.59469457111
76995,11383.675292374961
83407,12012.82913093743
86858,10587.658241031762
92623,21392.416811879575
107680,21260.452804354816
77324,16224.965052058531
92312,15951.312261052513
95266,17042.983333684617
86907,12963.414010433256
98403,10895.300948319069
77236,25201.526026783446
98098,14138.699712525475
100392,8962.123015504745
80696,12666.431186151476
100083,12522.258436911186
107500,29279.892150536787
98415,13258.098196232724
89111,22945.232976424097
97813,14072.793347396313
86818,9334.69873373544
76368,18256.932901602944
92461,18275.871669652926
79280,19468.98492436835
94481,13428.347500303913
85233,13240.446768534513
87051,13493.20440949581
97596,23423.704858273893
84911,5734.175450012798
84923,16782.01358763305
100105,10373.778618626911
100360,8922.062183422231
87548,18294.122210912934
106839,13261.402199796801
97625,11263.991286694869
87757,12038.998005454761
91686,21125.237441160276
98789,13414.504815203605
101190,8134.492270486732
88070,7460.167686848849
93252,21073.736083630516
99741,16043.988368551305
104820,9453.714324352139
88169,13679.951718276066
77198,12522.659635055668
93558,33314.28384297631
82381,19709.011987183447
99874,10280.036995024162
80727,19535.593676699922
93762,21861.885275273893
82928,7399.219468105826
82083,31439.167282616836
102681,11291.804574389778
84592,7026.64866742578
90373,28607.306556030573
100741,8801.225342463533
80833,11565.252807441113
91415,23755.63356231352
98086,11844.608946345405
88138,11032.54784746334
86387,18814.114493081455
95134,63739.30403327373
86392,14133.226780547819
91440,25351.22674580642
79877,14329.62535023696
85439,16147.158608391828
88629,12477.994566645562
90541,19279.589316651236
94365,18813.538443500616
105625,39074.15332290837
100340,13515.66312760038
78761,20217.414945787503
89066,10338.773342468872
92418,36969.58362859952
90530,12407.587910161568
91595,24930.91764884934
101516,7368.1630300504785
93518,14975.855125581917
93676,16400.56188707914
77432,26119.277450248625
94585,18492.959775161515
96358,6205.30887152335
78159,29676.22341404893
93872,12381.002137603225
86968,11918.731545126027
76425,17670.051985306854
91431,24028.831848408325
79862,25494.903027805693
86839,12495.559046422459
100378,10571.653049079829
87028,9919.56335903366
81612,21246.4562729665
80822,24139.36505750637
79272,66112.95758330618
76037,31471.491756658743
94336,12090.104087563044
95900,21196.925558646286
89645,7922.049355577401
88068,5812.013538806041
78067,28038.256869681878
107703,12472.765814852171
106822,11477.846667060054
82155,9869.563074325448
91564,35272.12442767779
107241,14465.396676578044
79829,28174.541948822327
82574,6026.344184441598
93529,34265.27826232368
86196,11989.645869102527
88887,13496.253268097513
103822,14304.697126100946
97431,20099.94317973825
80655,20485.2400842892
104352,9237.107389717581
95983,48431.35602327934
90231,9683.357756737245
91426,19377.65942920456
96804,12382.11510823296
91789,22548.507708256897
91063,45060.71543978595
95672,22803.78573167576
89669,7843.095412147081
105177,21534.081756368418
83317,6416.337624207042
86083,12701.680606002788
98558,10081.524198388006
98497,13824.401864453806
107910,9725.654933415011
101650,11785.632621444021
98157,11817.979541532077
99234,20770.453348193263
91943,27429.05321710806
99237,10351.58867307188
86413,18500.38282738942
85589,6483.631238105827
83028,11505.676406405417
84633,17189.25026704856
76000,16467.44394008703
100519,8567.787325047047
86940,14111.871940349642
93162,22629.46007114079
98061,7066.860980074136
99205,18015.576993594696
86507,5999.587215270329
91613,27375.684412143488
85308,10003.084480846277
105270,22380.724405997607
90212,6532.959344107938
94127,11594.229515554898
99422,23124.75516084931
105583,10032.607365574739
81264,29164.506924215722
96205,7546.0802219274765
105242,28402.69728633074
91770,22768.32139906375
101725,13283.064280825896
108296,22904.559058628518
82556,16520.871648290926
93282,14752.83421317114
90749,26170.96032537344
101708,12013.32172068198
98952,9306.200091016226
84008,8227.831431666295
104420,28056.86454207722
96406,7965.085426938345
83723,20306.70120103857
97143,22214.57186735693
97025,14841.175764343616
81322,68946.72832478776
102314,10116.923091853514
79427,10118.964703367543
107605,27316.435575163065
87036,8616.216566047933
91115,49649.106140363016
107095,27595.106527720694
86726,8768.144060806857
89311,12684.346627062101
85612,8703.69473199337
78297,12816.1285537114
87140,15811.491719299598
99815,11680.88005739436
99814,12316.610850447752
79285,30215.825811481423
100846,13554.773925708185
83155,14342.115964115153
94858,24369.591251850037
85781,18081.61152214078
92914,24741.8378478753
98443,18950.374128107633
92134,13096.554113855642
102425,11081.971488472278
100338,7447.529991351732
75995,14707.68676164127
96586,6141.90970218847
76467,11547.978609849968
79386,23875.207380891206
87549,8343.972210915466
79953,12356.224304405474
85516,7430.502959590727
102251,13026.738415907956
86747,14031.539753652523
96255,10554.381006137948
102580,5797.900616593005
97573,13995.620945508517
92803,14371.139076767178
103185,10687.231453279543
93477,19638.75228703688
90488,17982.879439837503
103256,11800.482571017132
98259,9960.488290345935
79168,25902.325344053243
101416,12168.62522277829
84088,13006.51747252363
105807,24855.715288171166
107132,12642.778416199424
101505,16593.158900162
96102,17614.896947333844
80342,26072.715628868904
83221,8086.5107814383955
87186,16118.032778908415
89162,16822.962017136066
100282,8737.254699367215
95292,26255.986230047252
95878,47268.047216084575
81326,11397.917699294469
88518,9507.160912534158
108243,25958.783891019742
108026,7177.393932441866
96751,12522.982905040213
90571,13034.705610192652
76767,24324.524377182774
87910,12166.782714066632
108470,12887.000943630424
82634,5875.087796357063
92666,26343.01170836982
96690,15686.646596731274
102493,5517.651288922928
99491,21831.090858012605
94959,20414.416997532568
79015,50674.217872810244
93400,17003.247274206937
90577,21245.705419592727
83608,6454.546437224173
101527,9375.773559261357
99227,8406.650920794282
105333,14736.605473999232
98720,10446.324283577782
83359,7236.059369826072
95498,17180.000271761688
101019,13321.758531064237
86045,12478.019552576736
87546,10997.376755097983
87526,6837.721450060215
83304,18951.43739667461
81244,31970.572737609287
76248,21285.73762166396
90107,10357.66454651794
82584,8795.32252857757
97783,9522.403497551488
79048,17116.045770603145
94531,17607.50879413686
83872,10872.110989120496
95726,25416.6462997963
107362,10406.87567029187
88562,8152.399608720469
105680,9884.510549366274
77859,11574.601383263242
82802,9482.719243312811
100220,7352.621055103297
80149,25722.819959578566
78826,11793.777668357641
92081,19099.79665570709
90008,21822.755476038245
86319,17706.689302742572
93624,28649.050994548197
92325,24090.69227083023
87857,18850.456913143425
84996,9644.199026962286
105536,10458.213261941313
86209,14594.586732459904
96095,19032.989417208642
78426,18528.85414873018
80287,17852.69229793566
98154,7702.378692413503
84049,16130.739139898353
99005,13137.761487966813
101228,9692.54944431586
79488,41008.4771481978
95378,30056.092491906642
81740,14467.93982505411
101394,13831.314044729445
102736,10399.094817807729
75993,64761.19556929592
102322,9320.31993903171
106248,10795.169207464853
94377,26444.439066486248
102281,7297.742344417458
99028,10117.357405515255
88725,10478.51092979476
101290,9033.908486985203
101436,17112.223142021317
107395,12949.719283535773
83696,12553.062729316944
87319,11301.598489143274
77845,11326.613213894792
94163,11186.98775344958
89778,12544.65701765142
81251,10801.992072207528
88855,8669.213192706495
99680,11511.2857550792
94593,17956.59428391697
79028,47692.509665865684
100784,6962.016220130139
90856,15462.87397277619
76836,22220.910826248248
105944,14690.192509213957
76844,17472.89921118081
85377,10358.148334111742
102613,11143.458284181763
105832,20911.54912242987
105173,12473.483246301983
107270,9201.72257054063
104605,18517.730078109475
93776,27082.919175755764
98145,15791.116893966568
105384,6450.194311992911
83797,12050.457361482748
78439,11272.927062445668
84850,16077.797045858
81348,14735.266951858363
81586,42376.23675029737
97554,8682.453316885458
96691,6144.54981008901
100073,12306.821121470188
89195,9426.57160311993
95919,17800.490496614766
78872,10188.426423902369
91100,24531.584448996884
80008,16479.85168780085
89155,8979.681997047483
79002,11367.774166186644
80103,24051.196667873384
95722,19137.32106800927
92248,32169.8667937979
104759,11596.124350794973
101435,13392.143632820076
95367,26548.933925073743
93611,33753.102550654745
95610,26057.643372572173
87950,13760.015522356649
78095,20432.77698240596
78646,16488.65386801725
82091,18055.449784798297
103774,16074.591506763794
102660,8382.074665532371
92256,23297.535512629678
102733,13518.695137680746
95698,21285.466167695464
103008,11344.58450938168
76310,34721.68601825745
102230,14362.79230539902
108434,5334.719128677108
103325,7195.451922458705
89871,10838.77908984793
84888,14242.373602472297
94838,16292.219068536164
83744,7144.3333374280255
89112,9114.284642737262
102043,9403.684155987674
105254,12567.83950347917
77814,21574.039185996186
92390,14370.874835999457
106879,15955.681439201042
77049,14237.479466451825
84476,11693.76158617555
81372,27438.079176567975
90236,4797.9051007883345
92132,18316.011943724734
92240,18790.605114505266
95286,19415.00275091139
101750,10870.738085577814
88817,15712.487317494346
81131,20119.815873366046
84244,14168.517605482833
100801,9915.763960737384
95844,18357.245751178125
83870,12504.692384109536
88723,13531.32332069775
81243,25718.60546277414
100385,10903.78751910725
104717,14135.83304900478
91235,16974.189357168394
96520,11050.122984688449
93381,33507.79287598192
80691,28631.124064894208
92000,28666.887679411506
107035,29443.69606990951
102138,12618.443249754524
84605,9872.301950583837
79297,40678.639309377235
106336,23395.80878963497
94253,27618.31077312674
79716,24195.380881875666
83444,9771.864528080869
106618,11782.919268919932
96175,17486.356732401495
103007,11389.286235022893
83413,12747.950392730447
87204,15801.064095388721
102288,9478.771674958134
80637,32054.626895604302
102156,9436.694594689283
99444,6075.0259729868085
88292,18477.636352492274
88382,24356.335364036753
83149,13292.84445075015
96173,15333.385699840648
104005,20733.137564995064
78097,15028.108378374316
79949,23171.051040114693
93089,35320.807288963006
86142,10681.854365539086
79736,11645.019519519361
76052,22825.716026168833
80534,14167.044179140443
86998,13557.960116009644
92690,22786.712463648415
88656,9171.198683698773
94395,21230.9940972186
98447,7838.42577149876
97701,16980.810671919884
92140,13221.80982037333
100562,7535.086278269673
90947,17377.20349815762
101174,7977.457897418399
82150,34894.56629438347
82220,13018.443936136788
99327,4148.768822016682
98695,19210.41895519301
81373,14956.633565004835
92571,10523.432888169431
99568,8331.371425063675
80774,36329.20528802847
88548,13990.306908779163
89214,15898.472121938663
104968,14894.55853149975
76079,20089.002409170047
106643,16121.722469790193
98760,12597.344357232505
79377,17536.300700927834
92075,34082.74068665961
83689,14130.349401679421
89321,8391.658130058333
101772,8374.88781253491
82498,15131.406396173474
100293,10231.595992389739
82360,24196.779041612222
98921,14098.413462006984
78949,30851.291918399686
77501,17300.512284437726
93322,23826.982086874745
85827,11118.920737355149
76428,18768.696759214014
105249,19407.799702217977
93940,15336.483177496993
85259,12163.819800217794
95570,32072.934156463656
87993,8981.16920595689
99558,9910.634346400486
91277,29981.37046126378
93825,18930.614840075217
107121,25786.770916503938
104959,16892.026903045815
96364,12797.24640002946
106601,11572.640702521487
106375,20761.575512848747
79619,12757.785978776194
76473,17994.435597020718
88184,12018.4136993359
92530,24251.112250842558
100669,8653.010534254327
97656,15052.597762506062
78071,32035.488551588543
89316,6821.908988026243
95061,21294.545205851664
86189,14559.09122334373
89553,18985.95341446177
93106,27192.858162192388
92968,12655.227723559907
84025,19681.405329823556
107972,10162.858383311266
100646,7705.888646325038
94107,39644.774125042735
93865,13275.012436124847
96199,23523.73609818403
107397,20191.47305694686
100882,11613.727833879406
104739,15960.316225180166
85360,17972.023945602497
85630,14356.1553426034
91862,26038.647197157254
107207,25534.016806683867
97162,7972.514427451675
80025,32223.66339180504
102082,11345.006098801734
85267,9927.458959042779
101929,12823.366828042566
101500,11028.11761570449
79709,17736.413653115465
93972,15459.157036624943
103035,12164.85210857741
99214,10244.948109506624
90020,16330.677770368899
93078,37729.90058214631
91474,24851.04636152931
104931,13909.617621867264
78728,27965.990043330283
79185,12582.21086350744
103871,7256.353752573804
91303,33011.90252923484
103205,16516.36596366882
102796,10020.009100542115
84381,7645.569949765238
80694,8587.289188624818
88412,24102.257146649452
87437,3096.0985764497523
81938,23088.773166847604
87557,8923.47700358452
84227,18414.664994312072
94972,50519.9119694584
101329,11601.940540188218
80069,39127.68160755848
82432,7458.388479394595
103399,11921.642467507261
77538,26232.28120940838
83684,15540.012083472433
101430,6859.588432094183
104322,18169.8405565546
106856,15312.074273439308
83084,11594.372438945778
102179,9775.43172766867
91752,21405.528255791338
102244,9762.613451470861
100903,8203.174501670175
87128,13711.90573984652
104654,25624.628952815772
98265,8937.798031310602
101764,8937.913651102059
77753,13283.808751319255
93483,32201.588549872242
85586,8049.009910896602
83436,35671.33746551423
80395,16391.617300456484
78652,24331.528363850026
92985,12145.638477843875
87343,12404.671716754588
94390,33109.36339822031
94485,29153.19625736193
79564,17889.650518160804
106104,25754.919137034332
84557,13185.278503678011
105524,25003.10916051775
96622,24517.17377501994
85389,10846.0893215321
78029,49237.604143058285
107904,15062.659029451925
80526,49241.30121670348
102233,8820.73782068302
86058,9987.865129336484
76614,31194.01456477468
81334,31827.403146547385
95043,28397.657507322823
80400,14004.54274151827
100114,13208.761515388343
92049,23858.509374661022
104070,8428.176564550178
95487,10781.006413455927
80402,25320.103565833102
102682,8507.604012932783
79747,13798.362455481643
97331,17564.65813667337
92573,20274.91849401852
81827,16039.687346374685
99721,4645.16666271765
87560,19176.15062720753
101447,10609.575214479128
89027,11398.457386237893
100905,8297.305898245224
86467,15703.390622385745
90523,10143.733383152316
77588,32537.183853172486
79946,23973.065233217738
94096,18135.589972450656
106481,8298.800131637368
100694,16420.343029584295
91176,60014.209673743084
106878,5485.352254422881
99871,17131.77303151691
77534,11338.477477711165
102006,10529.87539148763
93356,21732.158339343372
85788,11011.184789041557
97108,17316.405089990603
93129,16974.53970697807
95168,42005.5917478957
96578,15384.449034791149
79570,12974.683966664095
96604,15322.432811349752
76367,10719.184470045184
105065,11779.262438870803
90635,16005.336106227596
107221,11192.791762847532
80375,10437.80342396649
94421,19898.96818362843
104009,9916.475702854828
84804,12725.044279367565
92074,30122.35830928161
103678,6159.4467705305515
102350,17654.806558644927
81690,18209.211506461426
101817,9965.802828375616
108275,21196.66681678385
78030,15437.828645417876
91570,20454.011857408317
96746,8565.554897838161
89748,18420.17424011583
107889,19538.574762477438
88402,17810.224517826722
107789,16912.22234980159
108061,24264.183057621733
105143,14000.484297958943
107488,23421.853384209335
100812,12835.17858292341
97830,10577.778285404574
100664,12224.511953267993
80071,26751.79164445304
104550,12293.090187333202
99466,10963.239951566644
93777,14702.144547740283
108105,10277.761789279784
90322,8107.871783622896
101860,10927.577596981144
104129,9088.327692755434
77381,16251.3031241587
76946,35999.868734262316
91556,21005.672834816294
87190,11421.011509808939
107647,19693.666189628555
84177,14157.598973581173
93266,27959.15808011742
107341,12111.71520540731
92693,32636.950107779965
101292,12036.715816730377
79651,16662.270547178767
81654,13362.274994640427
89688,9800.574677792843
107423,13048.765074216177
86626,14118.033953886576
101633,16620.467821811013
83827,11532.603018326496
106678,15137.173732325067
93756,33415.36797305237
84185,22135.736335245507
94867,16929.39044047391
101062,11331.908657254171
76567,30962.073347051526
80522,18588.265406120045
101932,10745.476590520015
86016,14046.279915421466
98609,13484.46807243158
84081,12533.309552893985
78446,11066.11199331649
82074,21880.135358116
108374,29505.85816565534
77895,25283.468473686164
93416,18304.580755774597
89357,8294.941630955076
106786,10880.191020787663
102766,12135.69055084811
82233,11749.274935666153
84115,13456.15163346879
98073,11155.990618427611
106198,9522.600345220742
100335,15225.127593854497
82169,18145.184982347895
101191,10533.691099985333
94584,12045.820006319937
81980,16220.962128331626
93574,35072.648718434735
76934,32421.219083514905
104181,21532.245350816076
85205,10903.853589316432
101304,11792.507178410417
77927,53633.88588125996
82028,23877.04249971905
87191,17022.08750833731
77713,14384.019587090927
100414,5606.469059318813
94287,18332.094683604217
97941,10555.851773469356
93702,25821.82057701068
91433,26928.479021424308
92420,24876.416896840532
88433,14927.11575925961
91656,43336.581791874596
94313,28023.773014742248
91218,15368.456028537577
104418,15746.934500823432
86375,9847.171354402555
97556,13500.252286661795
94514,57193.48431667957
79165,26802.457372451045
81780,16498.19146762959
105424,16868.410276746064
77427,15082.506187467923
78626,21859.042072399945
85465,12879.059938640487
87616,9370.576563320772
101667,11154.06198042161
84226,12533.718288552082
104737,17088.726409347295
95041,31177.727101249373
84070,15511.788274492077
79071,14757.254328308101
98688,9638.991823135455
91104,39436.56838479317
95301,20544.38115399617
82795,6274.8148747154255
76606,17555.04164268556
94708,26457.651118503843
82934,8290.254564890754
101243,4257.67877202344
94629,24864.547826585473
88235,17890.571906240402
78913,57257.814053710405
94480,22152.864177903426
77005,20217.073611248292
95511,25991.116029207205
88879,12738.199992187541
78396,14648.015493139106
99977,13396.410539819357
87602,11799.173481627719
105439,15297.665116020267
91094,19431.178357460412
103575,6678.663399024389
102840,5283.010539035575
105367,10293.809456055295
91884,19860.991747291435
84572,9146.180080977543
96544,6036.279191900542
94082,32575.185380234165
95510,14302.409696196184
85718,9599.197753757679
92527,18283.941767445656
78855,16258.848107304779
107521,16417.410971452213
98876,5937.5931299924605
98440,13688.355862405364
98714,12831.841924581928
100643,15830.573708748445
89570,6241.449569689477
94168,41980.27474132421
93299,21905.980360864305
96033,19458.99796762731
93742,27014.679599622727
89946,15575.299852107924
107741,8570.767685949904
77268,16656.31966942317
84848,15094.22374402163
92323,30725.520408120537
82181,30876.914273128572
102252,8492.942933849845
100240,10426.836015951432
90422,15266.78429160231
103145,11117.1602456678
83333,9830.569017408954
97103,29432.13854514527
107379,27594.530524227474
94694,23386.872196241893
97339,29143.76542202687
93104,22697.701227503287
88194,10467.004473151017
81954,25529.145197344522
96391,16737.245113449993
76563,12681.35903603252
97630,17599.460025843062
80201,31001.394557030413
87854,7703.530674087658
102312,9570.794655584756
93848,22277.176553021272
82542,7849.641408148948
102300,17050.51409090623
97229,11229.606053892729
98907,25877.481083219558
81238,13011.593648763344
101377,10867.53682660459
79109,12760.130558167319
88044,5764.105841203534
91950,33668.25837050783
103403,7856.43292777279
87611,10073.580820496749
98169,13772.493185815138
84352,12450.739524990755
91787,17773.052495986445
85668,9312.840911623982
91287,16382.94541886211
80289,16882.455168148063
80647,24411.85977983002
90612,23209.926958747044
84941,13827.19173025703
85955,8234.289157268502
95019,11291.804179729892
92685,18620.873924846153
87156,7445.147125791528
98300,18619.60844939933
80737,24566.08654328577
92849,24897.087944117007
87490,8654.63923823724
106168,19629.06321002912
87014,14915.090665940748
95822,17736.41026077903
76797,13572.896429255106
88416,19872.92457014154
99974,10313.54403113673
79248,9829.204350836297
93969,50927.18278781874
104746,24585.645224444004
101092,18405.882022329453
104076,18844.675451685587
99087,7652.815669025033
93808,32954.52985115829
80849,29476.677656876604
93870,36468.323744971516
97218,9298.339162834323
85690,16161.750836202547
82581,15816.51099293078
81062,14072.649138394198
98925,13186.4275535735
98116,9158.755303684178
78229,13239.688625507179
77717,11131.352739383308
92227,23189.690327497396
97525,8722.378294444412
92015,18677.273060066942
93168,16941.289952384228
76841,23159.45796559299
94920,20103.664353744618
95188,18396.546549223287
91909,45655.22848541139
104631,11958.922912404167
91186,28471.276444653922
100465,11740.240039204496
79253,15921.129857969116
97133,9745.27833125052
84758,9465.848214162746
83113,10375.533424175735
92012,25130.139236634852
97730,11023.985600749025
89579,15043.954910087245
89670,10645.776661771288
98105,10169.45606107926
79497,22000.417949235845
85954,14509.412709489465
90314,6666.833872819049
81052,9616.01877403177
78531,13512.908494420526
97791,11547.721348358858
77746,23574.130945298686
105318,18582.620709318155
96956,11385.864781133108
84493,9435.171007401013
102164,8950.905736584653
84640,17480.96182742311
83292,14442.226875453138
80446,28174.720039658412
106883,19109.44068621518
96822,12309.916133885103
99282,11087.955486441793
94359,16601.743493300575
105084,26803.635205645074
85908,15714.025285901522
106431,14475.556475101046
97313,17606.321316624817
101268,7034.7299700514795
77989,23086.273764365986
87682,21306.84090529933
106611,31715.13798060895
107890,10118.508808292148
79578,25144.516994466914
92372,26630.663450472264
93915,24319.278027250028
85425,9697.03559764629
80577,11852.559086377152
87561,10081.851436220839
82120,15789.111820219887
91633,22305.365165388153
96970,9036.945620157068
103356,8473.998023770777
89416,14754.708522024843
101155,7985.608184643513
104222,19690.386307580713
76104,19006.688050969395
108362,11729.589003949412
80616,42634.88686043075
98659,6496.11432701151
76470,29725.887780445595
86501,6764.114479561336
103166,7439.751646188749
80799,16271.589242140006
103699,13089.102334125653
97005,19984.170136281136
89375,11164.956182246937
89434,10476.043469937873
103114,8259.854080110506
99021,22776.99093047457
85368,7138.835146831379
98207,8559.457482984568
88420,12783.475875802846
86225,14029.244891348759
107761,43250.961268593375
83146,16112.09596613497
97834,8827.992293613592
95729,26732.124590500032
95480,52155.86376790522
76736,22667.171056788677
103683,10336.106195876675
96410,25329.854615604258
101570,9251.541628359202
81039,12603.46591567067
82813,16065.659811912097
88704,14786.070460232944
77926,12399.184740270728
89560,15188.075175053798
98902,14095.168082858232
105164,27913.43711536606
108109,11245.285197327981
84480,10256.142104889743
98239,8526.332571805011
82385,30710.07738891309
91637,34639.14397925662
85732,7902.0834671847515
90790,6175.488251762839
90251,7262.4165798150825
101246,7296.308858073903
92962,25344.8992172008
75988,21642.506861471153
106880,18595.767316119327
89844,16393.007214704918
79925,18539.303072495717
76282,17530.106527788055
85648,7008.34918099218
95507,15529.76079421231
96605,24156.8291382566
90201,9392.085544069803
93506,22770.820226327745
78490,14969.325300966595
106831,18799.871491856928
78101,13729.308536756951
93059,41250.17413328922
106820,10102.421018818783
80839,21131.250548028424
76695,14629.18507434769
107678,10961.788308839918
77084,10973.108159108167
107856,12685.57518214242
104446,30992.32824409003
93306,16710.784540462144
76610,30967.8153729331
94451,21375.258718192385
96510,14380.463340125654
84861,17466.076095239372
85787,22525.027514547153
78201,14364.22937591271
83353,11585.807848239247
106485,10562.543403075997
98115,8578.03077264527
83852,14743.56538136226
91320,25289.327536082452
92427,9942.115740689125
83851,16273.336806424644
92011,14311.027397354628
96043,6417.966875351554
93535,29890.862196383285
80183,32616.335558917963
99075,13343.338232004731
107932,12579.774326841198
98968,19165.239931277392
83350,12510.382747089285
77983,18777.285825508796
104722,17549.678425502134
101213,11521.805043898203
99670,8962.447405218438
86163,14710.433980935635
107969,11253.699854072305
77875,16895.7563626815
86254,14621.836367685022
106709,12285.29249266211
79732,23165.70684217191
107841,9617.618047190968
82222,15858.094561324333
82020,14510.371544974689
78930,30762.487348653834
93446,20968.41343168965
82880,15744.749437129323
85724,8547.183287900923
97629,25889.05905115561
106635,22124.51703574059
94103,22361.038535254644
83051,16338.339954533012
85087,10681.990341709048
76917,14387.545370370082
95037,34125.84579567933
99867,10842.400188489548
107425,29706.971714221265
85753,16877.757467785657
95099,23275.574947602778
81950,15872.393734362822
87493,14754.689856968467
84035,11403.867806840124
98743,11573.604064217225
84532,11868.091668465868
106827,12634.872070916226
100006,10008.176495010792
108013,22884.700990715246
102898,10080.155596061011
93509,19722.319180095943
89759,9242.282228195134
78191,24501.59205757343
80286,9918.10025469877
105908,20924.192192588787
85325,10948.412285108227
86177,9048.300051557984
86780,14652.381527562784
82738,9010.324328080756
78918,21264.60300730789
79161,34938.15840425781
84004,9739.094238404004
92541,34272.998539275286
86047,12520.428650842963
106538,14966.982321447244
96648,7155.59226779718
101018,8308.134269605665
97019,20967.79185774722
105288,9962.491443591582
103441,12050.110465957945
84757,16274.353428658282
107069,10167.753220035782
108356,27368.5411872455
84436,10545.413134035789
79898,22209.7313258368
84703,18000.81454597691
101219,16986.31420118431
99858,12964.668096787866
77333,12551.640895724568
81923,13640.936432699275
85116,12283.258142274499
106149,12775.034421815326
91228,22210.569007644674
91512,23083.45603618694
80878,20490.999452412223
91229,30487.451503545937
99181,7906.480484792112
97944,20173.79430021839
78314,14435.986696120302
103087,7698.480939012712
98170,7639.35998543222
86475,8883.97141407109
76501,20175.001986752184
87632,16095.814205643179
78342,23127.24751756773
99723,12956.315096992412
87620,16049.15180378932
108111,32371.02808931729
89385,10308.840660537415
78604,9905.028053883625
87199,13998.108838406113
106661,14603.539360690755
98162,9041.851102127774
95522,15505.146867514202
76276,18527.04531246809
80135,27274.51599004887
98199,6453.245764690507
97771,10591.494762252922
80509,49875.63750380321
80570,31548.90112654067
102070,15282.959487710645
87513,13568.222580263508
92822,15891.411527562934
85443,9973.487312070209
107258,16727.980232439862
90876,20467.163150324548
105021,20231.59672351197
106246,11201.935200521453
102213,13386.679525962634
102502,8868.673361302996
97859,13139.016147973274
90858,17391.029044170326
103900,10113.305344335837
101159,1555.0287647797247
79882,10791.29235338666
107307,15287.178361363574
91892,14862.83057079176
77992,15428.03037344389
103300,9045.69904113952
76540,38164.07944556301
103225,6726.489183871702
93202,22913.302855627167
106035,9633.742121791443
80459,11968.769527102062
90377,8695.12549582529
94302,23208.170012040344
107598,13250.92571232298
97476,25750.080087395676
96871,19975.329234566565
78543,16717.230025748784
89215,9959.350857182979
87251,15441.587498808532
94113,17910.448214588978
89499,9074.62359898682
104785,12480.472876660146
87775,19072.20119210163
91882,23511.744407656082
79256,29591.439228444506
100717,11465.745005562407
104470,12047.897936380654
98732,16856.022888314543
82547,5592.642983991641
83776,8828.79469110694
106546,20233.24259800635
88539,9056.848978575665
83929,17106.314232218938
96026,6762.6275368683155
104011,14434.413650781855
76131,16318.736846610956
91826,34082.74068665961
103999,24294.69717545657
82675,18319.311841960385
94439,21543.904890638918
96307,9803.39424359852
78033,15226.286090478976
76854,13670.294689520555
90036,6412.743458349005
103891,10929.697977829133
101263,11153.07343700937
91712,17309.991172330323
80856,16611.94568546749
95058,18289.14824035718
82735,13261.463570503684
82588,22673.517431860288
80775,53747.058937285256
104524,13416.505180964257
98431,7574.027228974098
82272,26326.714989679444
80152,18517.833838949395
99115,10620.356220326836
91591,25165.909616808665
84573,16334.483498081263
96777,10076.347288520288
95331,14930.068696076953
87492,16758.087766681547
78031,17722.090768090104
102367,8797.738105191438
105139,21824.55128402565
101793,9684.866521196926
82312,31034.376670005873
90663,8489.5827458838
97827,16584.982308856353
85812,12542.180647296713
93839,22052.52872747005
92711,17364.17786721848
90705,12501.169819788365
105089,14255.691456374665
97946,19181.018192874886
89744,18390.206550887073
91047,24311.145628573013
101166,6421.915264593265
101641,8949.74990220842
96865,15150.059293345175
76615,13510.91859455775
107736,13077.458998437298
101285,13046.116678204307
87016,14341.459797572525
99919,10042.359232042107
99314,19551.533283835885
80754,30098.81460197158
94215,33813.44609972835
82552,16127.064234825677
79696,37027.35158032336
87903,9357.384444274387
77373,22032.700355524717
76494,21366.26857976599
80003,22637.702221904277
89000,9677.262401370655
93128,25797.002097559754
107992,9354.4448731852
89029,15549.057345996815
105461,20237.918360573614
95945,19184.28516039954
103106,17386.669019028483
96246,24034.0322874596
90428,7218.631929754294
88909,8627.091946453538
85222,12306.787860489401
106888,10505.306241842685
103117,8577.401173416578
93022,27265.3583922131
103375,8328.621725572008
93229,21634.906397241306
85603,10366.456641551404
89869,9394.350297620238
102338,10512.473882007202
82631,13445.957392366303
102687,15903.865785032478
82001,22179.8622605285
80204,30859.844646419548
76279,31302.550334027088
104066,19995.297018131998
85918,6024.578484540427
101590,10446.264319269434
95375,21192.291448763932
77897,12112.617805769814
95209,20115.293551752802
95921,21396.76448941433
105769,9496.926858074023
97833,23836.131832088187
106557,21261.25541531734
80274,17786.96941970556
91786,24774.386895616568
85350,10492.707780047023
96217,14489.059740158275
86429,7002.54284410043
76233,20245.647042886438
98782,10254.218024540747
77064,16502.595188706764
82904,20416.017665063388
101384,11187.175876265206
103541,8724.478695450658
99625,11493.195505224481
89436,19610.545360922664
92889,17728.244044914954
78390,41205.92178496733
80649,22268.431472069075
78894,16009.493510870354
100312,16562.10230639405
78222,21790.827559589186
91392,33277.683768645446
81452,11637.847525915284
97819,6751.013875159829
105008,10934.626545597806
94993,23959.476146028832
85430,8975.23817311473
94075,46876.40040862687
81246,26341.620192538066
78432,24100.532070891528
89458,12637.589433055666
86520,16921.661527647087
84594,9009.07481238474
87131,7954.194226784143
103493,12825.605435207044
95302,14982.06069579138
105156,17087.644762155163
101489,5847.918086373593
105619,9153.280317337514
81460,26920.60583850536
79311,11539.97057799478
107401,26443.153407629132
106068,15662.03624193278
82033,21490.430312609173
93749,16606.27762149759
80321,26161.367891086808
103609,10699.055143998285
83443,8550.25596280068
79664,20134.317197397686
91263,22285.236532534866
80368,32349.198277815056
82178,15460.983183173288
77812,28994.437579651883
88159,15089.46633572854
107356,10872.373746634674
79312,24002.35951651303
81185,27960.119981135933
103927,11620.581293091278
92977,21821.037526377266
94013,42539.61371945328
78601,20070.545561249
103250,10618.13436643292
90673,8267.77893283759
92757,30515.38555711374
86876,13417.884760728395
99148,9995.460730966735
77972,12866.911882856706
79854,9455.288468432396
97128,8434.688038879118
108059,14898.847684023232
105613,21967.917435965115
94727,11268.994416322716
104783,5650.182344913348
89446,19266.295338664793
107306,15583.068072739215
94890,21942.77352889416
94080,12053.999857044746
81720,25624.869841918226
105157,21018.247169116745
79438,51237.58709667231
95275,16928.689029312063
86870,8148.987106937944
86336,14818.758775512759
95031,27789.77913273642
76727,30271.98728098641
76416,27290.799399015883
95523,22914.34697769254
76945,12964.996255326085
92733,19810.71486973009
87625,15861.739651672797
105282,14914.661959253908
76798,26926.02745123941
93061,19142.89930809198
99449,7177.226094850837
88177,9361.330382547892
89115,16508.20041626003
97192,9808.19489286286
90003,12489.759366682307
99544,26382.554886116413
95661,30338.26087590804
86502,9458.82809635602
92299,30336.281548373663
92164,31358.523827103894
79415,13291.926508254952
82793,9595.779892468368
96761,10369.06926806782
95372,14659.277575677788
78310,20981.950221698455
84611,11106.991027040114
79039,12823.925547852874
83955,6289.715853313562
103422,7566.5848342730815
98290,13230.444170255085
89786,16936.03716772864
88966,15736.796924213408
91692,13402.87385926675
99720,10978.720921857133
92291,25793.479770393296
104283,19589.833643263653
77907,34506.64964174708
80667,23113.260438225905
83714,11196.894597618288
81499,33773.654310883496
102870,12103.513572610507
84245,16794.21180844153
96709,11159.861749857291
96985,14193.413173525269
79739,24154.06991607599
101167,11058.490604394494
101412,8818.52124507631
97207,11959.217762664677
77022,13140.733842706622
97267,21947.846721840433
89310,14086.829023259173
88525,8921.937696275803
100951,13062.185387882631
105401,9757.464458590593
89558,12607.49875636289
97593,21279.25379139132
91993,23427.244820328888
99362,12964.236852676144
86021,10232.815847403019
80590,29708.077703286726
76881,15999.040765896356
97173,13068.493712323816
100208,16116.630356119904
106111,16625.626853112877
94771,14014.248870756428
86006,10133.534606665584
83246,15195.117785467068
81624,18648.71996899297
97158,13110.881160232699
90839,5954.648561155228
76730,12298.311881589076
95912,31208.834693056822
98742,14498.320841042652
85366,12554.12291372031
88971,8902.083279539098
91073,13969.886912470274
84276,13633.742788585227
93643,27229.690864894503
77674,18332.737565590654
107054,22693.943937008753
76029,11407.69600316534
76703,24111.17472837098
76951,32201.321723012654
92952,24028.59024866576
101165,13493.229385015386
83703,16906.68733137638
102514,10730.873720770653
84274,13482.5146731211
80933,15139.585690369415
89802,13640.331824861953
95459,22727.27900313029
88242,9305.35942102974
80337,19419.37088730553
96758,11697.743668985813
81706,13810.849673264054
92861,31146.396264283394
97057,9963.855797314169
90369,7856.759440106637
77587,19374.22129439123
92265,26652.76291761151
91500,23775.437774855283
105511,21387.10188866578
90137,7122.178319156954
78339,10803.399986734195
90208,8977.01887462632
101548,12354.310130069349
79969,31262.88715864596
83047,8447.790987028666
106469,15755.062422402167
83513,19404.905388811305
79652,10906.296330295427
93970,13474.023286323121
95655,23349.634140465576
93966,14367.737580196364
103174,9268.407184873806
92732,29110.64748140297
104052,14783.220882076408
104427,14359.152108877177
81504,24275.083888556597
85835,10043.538993733386
85265,9738.179515772512
88872,11529.723826782125
81581,26041.90539871157
87525,16767.47807665398
95242,14719.24891790098
84066,9233.153237968194
91130,43832.660427194365
103798,12581.198804331805
79777,11446.579156074085
96975,13441.51773626258
98657,10050.497306554773
89241,15130.040463662084
94846,17952.453533847645
100346,6518.500884042418
102570,9772.46845770633
86462,10945.047803039637
97934,19586.72997767617
96947,7799.87554438325
83667,8735.725452195353
84928,11342.021709791275
107956,12966.386514972763
98949,12346.362742568315
90998,12487.12266823524
97708,12885.43323709302
95416,27551.907282708733
78313,20543.269227831133
78886,22442.451230554492
104031,18998.22275789755
105160,29116.212390310957
103659,12152.025388784243
82200,18196.860015088496
90814,8025.2769752997865
85367,11827.61016184645
83180,10404.423711699279
106202,18619.20395065706
78450,16225.52928048609
99063,9040.190458597304
83877,7640.8198546027415
103411,7179.108980413184
108533,22159.253089647267
98123,12089.328965253908
106850,10683.953514038378
100148,9331.611754883943
83012,7966.0710346464575
82410,12084.471711244227
81994,11687.965036150028
77099,31669.474491178607
83281,18905.768255303716
94288,18088.460914727453
103702,6293.748312389757
105076,11544.232673778988
77642,17352.341954990345
107183,17182.42936367702
106615,15303.368584755473
84149,10984.974633594073
76911,10682.719897578285
104162,8611.33322748834
102563,9924.575150641871
98356,10365.852271529251
90601,14241.934214656994
86307,12269.85850331376
83892,14583.48203994101
86128,11121.83350703179
92836,15264.142007193048
77569,22529.80098693187
108327,19020.71235832017
101953,11943.354008179143
105792,24631.665439639582
97726,8579.287455326761
86652,9302.124687851983
84446,8613.345607191692
96826,13978.5308142731
95460,25019.338994825997
86352,14502.867461402231
106793,9859.43303196127
87778,15284.06032944645
99950,7839.403778159216
104088,13925.829046769242
92232,16665.411534878283
94143,17456.841003989037
87874,7276.719799868321
83793,13426.93679246237
108182,22190.541668212325
102804,9365.801310755041
97509,21007.80738456737
96468,11466.43007716622
85388,16730.106122261524
76856,29440.646232305025
106114,27924.56576946052
92900,27412.22341000263
84771,10393.858357464953
87714,15469.955548721457
80892,19763.351772311635
91592,27913.291557702934
102842,12242.846443449034
107139,17215.45120657976
94334,16860.027414607757
86768,10293.024860183688
103414,14536.020582564443
92179,27640.812312471164
106474,16152.586466768245
86309,9240.23749280045
91109,14079.679226032564
78133,24822.84665103076
76963,16806.259305735035
101391,10906.008855687809
107342,11302.035393124803
105184,26645.770287111205
104693,23418.94935172869
89673,18843.5158161288
103903,8334.321593479966
88947,7149.861398985625
87569,16760.82809313
76483,35531.89296912663
86102,9211.650396293016
106452,10386.546431179397
107976,20172.14077149643
85216,13503.696989927705
76812,26220.88477941093
90905,23171.576271396276
101716,10503.05256171292
106450,39468.694570819986
79930,9376.716856991481
80812,28656.987389405167
80862,22646.761527337603
103996,24324.62624645316
93119,17070.568082390404
93986,13494.822954526719
90226,16615.82155485424
104841,8942.614825830708
77115,10798.19319104972
82162,44523.48082334596
88176,22476.290449355634
96807,17834.16167846095
87893,17671.97292966445
96864,10412.776821553767
81129,16349.55327478466
94158,13645.952507644373
87268,18174.508945188492
101545,10179.724635856244
80322,14445.55349999889
95591,21498.51816275052
97284,3508.5982422386505
76503,19302.343850144913
102457,7693.423116480896
103358,13131.491257404976
85800,9325.235722553018
77892,14019.588398612697
86918,7345.063583269134
88797,7134.345736456917
101581,6463.779301344895
99941,9540.912597594635
86005,11978.21075899887
92601,21550.29716875141
77922,22539.964316161335
107005,10090.855961161096
92729,18591.77711169302
99740,19747.148511667834
104686,10696.008924096383
87339,11202.819433246395
86577,11832.548388468427
105913,36061.910880544194
87402,14056.038047909527
88287,7472.698630380342
86544,9266.822390831532
87671,14585.971119939162
91204,19609.859912902477
99618,13569.123625421635
93596,17464.081770999743
100194,6138.43862241876
76820,26385.015752529995
78350,27702.832284077514
91114,22615.80674228873
106403,25474.41235395217
77876,13682.654867802656
92321,15818.078851103683
93803,15145.40495819572
95007,24147.859023659083
93540,19398.75786563129
88267,8938.671913103342
100770,9287.64931999138
79033,23663.497679302127
105481,20601.31607131308
92645,21844.818046909793
91504,16972.865816401078
103374,16950.503828351862
76555,32259.417902973262
106876,18308.8103877972
83008,7629.141999191182
103085,11865.96001692506
108288,24158.27608358217
78153,25882.436429993875
101104,12154.14165358786
86300,18231.014783717284
83596,9756.554478138287
92918,18065.226958844174
96263,14417.302646484737
95845,23469.32992272988
82174,11344.2307792676
95636,32423.714498317582
87859,17579.435441396017
92038,11956.765588387372
97965,12488.029295597235
99236,8956.534478366773
102581,12090.35422780409
88484,6022.201787324672
76734,18447.843911117594
107756,12301.004004745244
100368,15687.42386765791
92542,29463.141650824393
106507,7222.930601308474
94713,16069.601351252019
86830,11871.291282762806
105659,13704.12602212312
103299,11201.319145999265
77388,41921.310956803325
93171,29102.23884047526
95564,23470.13671544149
92209,19934.241965360423
103068,6614.172200192902
101008,9541.574000162771
101098,10637.500072762874
100297,6244.514240343177
100668,9481.988590879064
83587,9986.111769849816
103730,10878.673122914428
80300,13328.206966918078
90994,31983.340345613018
84749,10994.706926513465
96883,21405.211090465462
83643,23846.763464497355
101307,9171.149343490866
96979,17844.4265897006
96090,17848.037810926544
82603,11168.946663704026
79091,22046.93862142736
101959,10968.086353778082
101554,9824.82527787474
100961,11045.612445638597
82778,9542.489983093292
98924,5578.31044017964
85086,9038.537245244783
89149,10106.96420480575
89443,7622.870170061739
88608,12376.034072624094
108064,29076.63130261267
93913,20276.4996045582
104833,16909.350526826467
88819,7975.060161594417
105039,22697.350828514773
108163,12547.90236768409
78429,20746.78011736834
100022,8189.564637239528
99243,18726.149970961014
96715,12764.41049380081
88735,19639.553228768607
86496,11077.47616167868
90642,7695.309379776205
98358,7068.731208035989
91268,28091.844360645075
106457,11398.174893365653
87063,10481.805678185321
103942,16195.20251536282
101823,14348.46852730253
104919,7479.320671540846
89192,20358.372982271016
78525,20251.127066356272
82948,11355.716470075537
97364,13781.457409301187
77638,19060.54005280984
94939,14067.305888136578
102799,13690.967852516473
97063,19290.781451135193
84889,15108.128166094843
91197,12093.410262724714
83936,5772.727910222688
88850,7198.61375946608
104781,31600.723374145444
96341,7281.881476056739
77784,18038.25714871257
79500,21920.473904887433
85956,9060.239938842049
80268,9203.16098609417
76575,28002.44602459798
88273,15035.934093148626
96863,8724.524044486172
104149,12804.111287015627
95323,23737.86922735684
108521,11463.391366500891
104891,24578.895790944378
86333,6976.282825169199
97441,28912.87770100238
103963,15501.669813291226
94117,20162.290001088997
106930,18963.14382700613
96478,12510.138627935856
93273,20130.894564123464
90140,4996.773424070501
101752,13338.12525750539
102564,9405.026758164788
89449,8739.581719329177
82080,18572.905941149576
103168,10480.39013941451
92400,19117.3319141175
89829,16657.678575734273
100294,16731.43790295078
101914,12012.043633451804
91223,18930.817126981154
107925,19460.972126457666
108124,8558.48825128533
99736,28152.273918616935
106222,4122.187203062468
96843,5363.340588748917
86576,12330.727590951878
106802,21996.755828601035
101331,6810.488859613476
76847,13088.277790248361
82850,10953.186211191216
107284,20710.882333544276
77599,17227.817247716273
96827,19875.57409662577
76080,16503.769823677198
89213,11270.564972331144
91332,25342.27832097911
91930,24096.86384010021
96005,10716.550571809885
94637,30494.727783793744
76949,15911.370700086003
93336,23500.131299659446
79792,16804.95734454652
94859,24929.005590713703
87815,12841.190396879683
100994,14651.35235501628
103939,7421.761670581264
91674,23580.064135257795
81166,19248.49918584406
105292,19066.492741130638
76991,50275.95427824083
100176,16078.573191525833
100118,14875.662479764544
94700,19052.418274858675
101432,9499.412269206636
78373,20619.457665783484
82918,17387.546155585296
80619,27881.52204747305
98870,7083.390323806415
99728,47641.02700974912
100347,13382.321933788442
94871,24419.73708620714
76922,29530.66822709719
102057,7896.46581987334
106406,23078.46978768664
81647,34184.99629438445
86232,4786.932195634065
90976,30797.47158056577
101053,9445.815093042735
87392,11668.93762927336
97377,16888.552243472972
96652,15553.921481297139
88212,13686.32283209306
106859,7627.53076187076
92678,16299.903656808186
99554,8066.573961947043
92531,35853.69434029647
84190,11059.654933049316
98562,9163.763058847924
102014,12151.789785979714
105663,16578.83920628219
88795,9834.641787313436
83227,8123.81822543734
97436,7010.137717609139
101846,11337.599339430757
80332,26141.356783320312
104483,26853.48772952987
97675,12095.708207512967
87703,8674.51672163724
105829,19702.91216245585
97495,12998.813415439798
97230,18889.708498770553
99232,12911.132737801394
108036,5292.467590922033
90470,10451.578444007613
91410,23026.562790594257
87856,9662.381868272538
97072,14386.880560959287
98581,9276.179819146993
96021,17848.283131748554
104873,23162.75609792622
82366,21379.52931614039
81093,12908.179674140212
94091,17927.978488633784
105502,20632.736742872043
81212,22778.095397490964
78477,18979.365182212656
86344,9489.934241214987
87337,10254.249483072543
83364,11558.977842389468
105029,19759.15585177344
84927,18901.574824919935
92467,26211.610389106132
77390,27251.137091590008
91159,17364.369031857907
86919,13363.180623924876
87364,16098.403324883235
96009,14873.946473273862
80050,24005.521423874165
97335,22960.773181059947
82533,10635.83355106254
88494,11126.837801697691
101773,6485.082273759201
84410,12626.869846830452
90583,12446.160433836742
97361,9295.68159413828
101276,10434.775580550613
92452,20842.948982846578
107354,8857.711015451767
78584,51801.18528603144
80128,19639.00320353692
88645,11648.868247983806
86622,15215.630152458309
81676,25901.414296123232
107409,28566.628978637375
101162,11338.425320874827
107883,12922.377389532041
84824,10036.923908537223
96253,12035.84726743587
80764,19483.36692475038
105145,19000.054088595025
76292,20665.13037162232
85405,9653.33727883047
105373,22382.916870565543
86540,9904.552513222223
91362,27789.996782128997
90075,11202.537541201114
81886,11241.066154542137
99080,7467.256436467056
105235,12295.460660603681
96437,24767.784424511738
83205,12605.120867028529
94569,26956.973980719325
92687,31545.637907752145
85951,14273.66428684253
84977,10908.591246249405
86143,18149.096520909352
81763,10283.644574292626
92970,19512.256004182058
108286,12092.324213329966
99395,9444.661260162497
81779,25673.26953413642
82131,16772.272820261453
77833,13385.815263199904
91949,45883.38060871297
84571,13586.040463128948
81403,35228.68284769236
86275,9388.859501018687
98103,7237.935899858927
96519,16800.953881622398
102141,13197.061950062069
95016,27315.590835203468
102800,17201.849462910923
102275,8255.642272688416
79437,26821.864822425046
99129,7571.273285925001
102738,10572.63598502091
88502,14652.228591107405
83847,8023.418816099778
82098,21247.81715833699
97608,11166.472084647825
93635,43896.33209388672
107415,17288.976439137525
100604,9175.19100786751
95825,16255.063146511693
89837,9545.765609537704
90563,15926.610771942842
87183,11781.311822626929
82030,15656.797473964614
100952,7037.559438550435
88907,8724.22884527776
108136,14377.965024906809
99824,8018.959219855579
108052,19061.943521044843
86157,20201.96152034254
95635,26792.523534128304
76024,23242.72640348622
92449,13209.866859326314
101870,17173.35454879184
85896,10702.341858770584
102465,5468.678977103526
80302,14969.418114001208
104316,9873.428178769629
95294,29368.827766587
106995,44679.58771911763
86510,13045.11805378074
87250,11112.266041185609
86483,21447.381676168785
83417,14934.807969455602
99580,11503.326768466726
84527,10343.309951609426
86193,12104.424067061793
98832,15718.818510724777
89427,14188.937088980774
105172,10477.245673728841
100800,10713.469294436476
81313,17851.5048897476
98110,13389.045280526234
83944,12056.193537002435
91420,19538.807590491855
79842,23936.408283597546
98350,13399.886408438482
104288,22950.104147771217
96086,16544.785802704355
78566,22522.52811967251
84457,15666.790818289108
88685,14070.901089326811
87157,12112.54710720333
82023,22654.277707537018
95492,33546.88925128105
84139,8051.88554399266
89309,20201.96152034254
85676,10487.107326053956
94553,12902.97222601376
90271,5679.8932218682385
85678,10083.063389508066
86238,10671.281723669688
104335,13593.143421956505
83609,16077.567082403291
92930,18786.181376819317
101478,6537.787630952689
86537,10913.933233902822
95350,26174.332908819266
89176,12038.24422140738
89383,11751.633215468239
81369,26408.757716656088
96749,6935.651552532174
95414,29494.590820707283
91568,29359.852088952477
92425,26669.924729480786
107079,25672.399147469332
93550,30738.546181025205
78972,22599.72180634063
80719,11118.88892423815
92919,22592.117477066182
84505,12572.916570567015
103401,14568.101976545691
97516,10550.772285907737
91738,15781.230931777212
81664,13200.829843597858
108017,11998.84115780326
94154,17440.637335885724
94015,27899.956624590966
78990,26332.431054437646
100198,8953.731484123082
91258,37876.64114173249
95886,18182.641023204338
80048,40225.122497149816
92615,25443.414444393948
92333,28295.497405581093
85637,8562.222436324602
100681,20474.910502078277
86280,7396.746894902047
88934,10987.611135056883
102926,13651.461690919845
88415,6661.937388664551
108063,14920.282207381104
103273,10891.112149235241
79468,16786.565976951963
91285,15289.959320187832
99111,6392.439739454035
90686,9394.347189795795
77458,20682.62990615303
103540,6683.916729756708
98158,12049.705574016654
80240,32655.783265138936
93032,22200.985357876594
92380,15370.159746228754
91853,20815.700386516837
76049,19880.822459549054
98852,23096.992012327533
79019,12703.19724245031
78009,20495.736596731826
79038,21146.624201722014
106404,10398.884906689465
100619,5052.795281569246
82348,25281.401576454482
83844,9922.229329060376
101370,11869.6713142723
82900,14244.30800254408
77014,22531.42743595225
94704,31450.604667814892
105395,17512.849040628884
92471,25319.11807284291
82964,19833.30817003105
80223,58446.37919154453
83523,14705.465141147877
84395,21174.213615259025
77474,22649.816312113835
94649,10950.591064324592
79826,12794.00893879358
81786,14224.493763696919
106749,15557.077925933521
94115,39503.07955882151
103835,11932.046245555945
83617,16676.31293600483
106555,10633.692670783023
86868,9259.467161123339
105245,10693.572424028236
107495,19382.661658191806
79571,37300.80771648787
100328,17278.624041785908
77453,28868.543243320106
91473,23599.428317162834
100493,13293.78553378785
83383,10429.961553073343
96482,16665.14760219667
91509,23350.735240631646
92051,31368.790507407397
82251,13376.144645498252
76054,14119.632822366415
105927,3587.5651350662097
89426,11957.172528083112
101006,13843.952378086075
96504,17274.330157858432
89053,16906.890691246866
102578,15128.802902380932
104576,14291.353219977183
94137,18944.223217005394
96387,11631.382468734808
106040,17608.15773374144
79795,14741.537777100131
102216,9012.078659633673
106933,25433.71056269321
87217,11949.537761407662
98953,5799.278773404014
106935,11505.703829870323
108160,13964.005849558907
86220,16810.93910105622
81017,16353.823969752813
90319,8200.022550315878
100847,9483.706187606904
79811,19246.95350808331
82324,30468.333071809262
79204,24916.400976751545
76561,20151.970363439454
90313,10414.219045503061
94271,20071.154366875686
99090,8253.381188168056
106261,17847.405467117565
95699,24308.25767157147
101624,8775.411167389215
92096,14522.528549907143
104402,21086.156853826924
106877,4368.6168236495905
95341,25308.778333063787
79252,10457.074514464199
85039,9919.066627022132
95172,24410.075935819452
91340,21934.527380751428
91584,17453.968403586518
104972,16920.62750164119
80896,19543.91663248943
93083,17153.87433768233
90855,9397.30533812462
78320,18221.24548759364
98584,23995.005366251495
97117,16290.351524938493
90267,10084.040985011647
104276,11746.617171340318
93771,20722.665102455136
100654,13826.810517976795
84833,13382.818604302613
79006,29701.741419558675
98734,7508.016269773232
96686,25289.833922418744
81262,11969.757636553579
104374,9960.39352757936
87939,11208.375395460904
85868,11151.750161580525
105505,8810.537982963133
87999,6694.043569421898
84535,12574.319274049496
105765,14797.668687604222
77591,21104.114280691763
83018,12757.726597380455
95281,14276.563895331681
104629,18579.18481937752
80247,15686.422525934571
98202,10820.666359445908
89361,16980.367704607448
86384,11540.061191600636
77923,15293.303666540114
86901,9450.665921562397
101827,8846.936480965078
101756,8116.873549308949
77041,19486.38973507291
97753,9113.748136749788
95848,16227.366188651033
94827,25046.22081273277
78247,34342.24347899449
87132,11056.236647622432
88911,15937.463992123483
88418,11349.746903864778
77238,14949.989353604256
88359,15506.181183081693
78818,12525.514649824096
95395,23767.323970895566
103416,12625.926943966595
84747,13688.922422987749
101608,6201.94734066992
105437,23870.387840253028
76320,14240.238786831062
98937,4256.029088785588
78233,15379.66129667835
82250,16914.17743940742
96164,21402.649243179196
105298,14732.69382723918
85892,16917.282647137312
93834,15017.991227514322
84717,7405.224059577248
104176,12269.758515946098
95319,43517.62104757346
85002,9560.307015254813
91460,30458.22379828991
86992,13255.961450281515
76228,22527.907195356784
105611,11746.6196677014
83256,21845.666227331098
88943,16931.957578450885
77394,29338.55605458311
100873,7789.990220378353
92464,17210.402591811828
89315,16130.741614676283
92773,68269.17418077761
82489,8042.581156499989
76219,15308.844143638638
102904,13526.19870659787
91039,37774.839258035456
104890,25020.910723772
99922,12926.962132788032
107007,15081.80836409381
90649,5829.6580067115265
90166,10050.026329682974
90837,16720.040884502985
84748,12146.826880202289
101034,11144.950738398838
80579,11623.59441784317
103124,9811.991901582891
92022,8313.951700907483
103382,9489.41615367437
104089,20190.19691412443
92089,22206.520416806565
106395,29794.572631104395
76012,18724.437850342973
90152,15082.899665252546
85524,13585.663695433357
95337,30834.65989532799
101744,8749.89880747953
105820,14226.217606503082
100587,5049.797614005683
95224,30572.881994307507
88607,7063.524848967411
105741,20736.756233100354
100550,10655.809312659361
80543,21440.000540838544
96731,9198.507301530783
94235,30427.84323417243
89536,8422.255415261136
104062,11751.275151096233
79870,10374.457799291644
90961,51372.081881514416
104757,12532.633083869687
78702,18794.519207372097
82823,10456.468766700998
76387,12350.883363279072
83860,10048.463434511032
97853,7725.741387015546
96491,31440.930740622498
93018,18339.800539250886
105464,20357.495471888455
91589,26406.995668100928
81040,12945.746167482643
101726,5994.823548988582
89843,9799.979596668161
82306,17531.56132780124
102706,11871.693117890252
81905,16578.27528396817
99194,14663.62977191206
84038,10121.46214611015
99179,11020.319275248676
107945,10910.841667305234
107187,16731.359601393637
106729,11199.522337135764
76009,15362.718532299952
80160,10698.596591542268
87798,7376.021308602228
106779,12547.416794175611
87694,13640.419085579722
83225,10899.249893121654
82371,26130.365984864406
102154,12595.516320672066
91905,42262.187432514154
91831,18891.102086995936
96829,12617.66359486809
100724,12348.35179345173
98429,16393.283714849742
98046,13396.745447467923
104025,10466.9098069165
104930,19130.724663912333
97711,10336.130565891586
87985,6850.229830433143
102005,8478.802590381136
93141,32865.34359689652
93564,18953.474215112023
77719,21937.680314921257
99873,10320.76322170238
87053,11687.570950981928
96789,13345.38895389392
107871,19653.004811329207
107192,12155.431718447413
79928,25313.742913537604
107669,20268.41579642622
79401,26325.405758791097
95320,33627.62727998522
94864,29124.514339617268
80654,36894.81076171722
99193,16616.635633210484
84375,12199.628042601717
90211,15290.790114100764
80720,13434.520749836005
91902,15209.027857946585
82275,12139.544298861889
81465,17362.05025318923
93508,12455.973221762873
88780,9012.691486502634
92268,29402.372971820085
87172,17856.980041487437
106818,8992.901631798868
103457,19382.61359733055
86080,17697.538461403175
107319,17125.31030397692
104533,11948.346130884593
105670,28845.38043882067
81801,22797.60418955342
86611,16093.265475865732
103251,13659.674584201462
95313,28759.9116153234
83324,10351.262428426015
106920,10273.920679735458
93607,27317.10325449056
82902,9440.648924524306
98295,11957.830035673927
99592,8775.969837206658
83209,21161.525553056195
100342,7139.264283928553
100059,7583.5384469954615
84964,21121.33761062134
101150,9860.667842547207
80834,18147.404040311714
94660,29538.840638121248
86817,13077.16822368151
82881,15145.93682833452
92477,22912.584747322187
88843,13188.6105518726
88409,12534.309235245728
89464,15365.720190569555
84554,9315.935598636412
107456,23993.024849507594
105815,29327.141330865874
84223,17455.665715442814
77230,38951.34408427352
82653,10922.884650680657
84903,8055.716938786378
96636,16487.69883567935
92293,26874.724948962637
76243,10513.007707182414
78795,21847.68720740905
77946,52482.61585760149
108033,25800.858760897805
89601,14993.580598472452
90606,18494.308917624345
92249,25171.076870028606
92624,21196.58544991101
97695,11294.311077056178
78743,30765.11837986479
99859,20766.260729027046
78302,20979.17753645601
99986,14492.242446467479
81908,11452.024713207766
85440,8082.02870059527
91412,34071.81534789766
83964,7671.097038274201
77867,13234.620459244516
98287,9555.21389432938
92675,12522.701807685637
93893,13469.422045047382
93828,33464.99726335592
107502,17211.262263018136
93726,15672.980265799019
93097,12173.78242542728
107762,19175.350479959292
93545,26348.755943582728
89831,15595.505012149772
108065,25451.70075504724
90388,5356.960965764837
82017,24071.08270034446
91025,23914.139747521876
96293,14057.877518636811
99187,9583.017381620883
98283,5174.862514954153
93590,17957.934007856795
105510,11007.772641112073
81365,22282.35601151551
105805,18265.077618382027
95866,55869.443810164725
99079,13340.061093187953
95673,17633.57396800615
99311,17704.377294747177
86145,10877.42025901113
103531,8816.241755080988
108261,22753.61199360866
85582,7907.775774132541
85281,9243.426682694622
92591,47303.35174105855
97180,27693.543730702044
105998,13732.922594047504
101355,11018.613923208026
104286,42019.982169933384
86703,11521.469412003804
76535,10973.330115292696
86181,12133.87667677478
77004,20594.736539590198
99367,15183.327999931518
106001,28733.670138911333
93179,30745.37565104588
83031,10338.673571693027
86572,21995.059272446124
80350,23462.329232203378
96375,6267.2113259505795
102219,8133.848939425702
100942,15426.247976142386
82949,15620.609695770905
104083,28679.29227909249
97140,13854.202600753662
96421,11628.353565882187
87075,17987.641545715756
106419,21016.653964950023
93602,25091.842175613547
77222,10267.72176001013
101712,10485.646927554484
106666,6928.433960786081
87295,14038.672746968721
89044,15849.97520640766
106433,7762.622209632593
94575,30203.235226827688
107025,8351.633549887365
89318,9627.170337849466
86030,14700.282357475664
103483,10413.6477351632
94536,15544.999334040836
107058,19567.470063069002
87031,10391.036478758417
100119,10673.002582663783
105938,12674.058467516883
89724,19668.203915658483
99480,7056.3462315724055
83017,14189.925494244964
108355,6948.821141838559
94711,19334.799296991936
95759,37780.119939180506
105168,12225.164090779675
93791,22046.32504660588
85850,12122.613888926362
102333,10254.901149571964
104407,23093.421040611254
98798,18219.07165448327
89284,8341.486827273207
100823,6402.014493551457
80514,17090.09884504402
105308,16338.850856460547
104612,26537.575505501063
89638,20970.4717197698
93794,16663.892028372167
83933,15930.39018890493
90413,10655.840571802706
98929,8264.866665436306
90959,23183.547766478765
83414,15615.989254082899
82228,17729.73569480259
88669,12926.680823285624
106815,18262.328712646966
84567,10886.51922462051
91328,32381.621890176357
105740,11119.679724606869
96452,7518.374109849801
76038,21427.778664381814
99940,11648.302355181173
102377,16467.305354727756
105229,20065.431859562905
82158,21375.580666665177
104844,19167.783534461392
101203,11192.752292123303
95222,20253.05873541269
89529,16970.932589238873
103230,6716.561427327529
100692,8892.784296487289
99821,10934.884155733682
81086,23492.08186006504
89399,6951.413167595736
102445,4910.271992138685
96444,5059.198919713299
83485,9158.064631660387
93778,30428.75039838508
100464,7021.5993118386
99865,10213.205626510826
100107,16665.50236049574
83973,14872.152616332314
92032,19941.78340582994
94017,13014.66823767463
76046,14764.639974167054
77816,13325.823958674868
76743,29112.44760873377
87201,11877.449674902495
90652,14997.84726257316
103448,14777.85816411789
93642,32848.46676391201
85409,17116.656950182456
99777,8332.448990032148
92216,17755.44654486469
96269,9054.34306905208
94298,22948.568713780376
106667,14546.49091603489
93716,52336.43201146335
95754,31235.43115796056
89379,9880.239721674396
95970,18993.573000813223
81911,16252.755539509979
85652,20933.35249942828
107793,16132.797975924628
96389,22175.147085173234
80000,18647.92261103257
104440,11960.638494487357
92029,44856.90515943337
93473,14833.928258786547
90350,18241.485074224434
84947,14034.199000395543
81870,15560.132108215017
79936,13351.607557680552
79910,15657.723993955247
93467,35559.81479128526
80387,29319.36862137367
104360,14198.047621138301
93150,28254.594061850414
79119,24943.945259024822
104462,5750.707248895492
99548,23941.329892476995
104024,29085.010232987257
83480,18737.321768720758
92501,13680.883283316283
86740,9027.90964611728
82165,21757.655683615692
85963,17472.809207549682
79487,16692.719740133467
83245,13657.208353312784
102193,6762.865219869245
95449,13418.660610438592
99413,8439.178146148866
77176,16624.04115403897
107260,27228.050430789917
94187,25617.895022123666
85664,15524.486990122456
97886,11277.673098646083
85384,11002.70846553606
81228,25104.751650814236
81930,19672.590422499172
106627,48007.67319060493
88081,17200.84912382723
91651,18559.56416768116
98067,6178.791585336198
100814,11945.633236127826
77028,59101.455701133906
89853,7309.746948486866
92951,12600.78199458868
96866,25330.608558584107
77498,26873.155933381087
102959,8392.637505178865
103546,11130.161741030142
81127,14000.397896859315
88867,11692.802327434734
90099,7847.510744683126
81637,21165.060219449857
101995,8804.332545551619
92382,41660.05406899995
99078,24890.959678110088
93118,22359.14886916013
91524,18788.248062467574
105674,10375.281207943406
78943,10308.914669986767
99513,14597.906232425672
82972,8890.284779920978
92438,29798.05658459083
76466,21978.20533873784
93315,27305.87425160541
84637,17057.118325426265
91553,13426.375080299404
92093,17797.64224012366
89774,20657.89845169664
86455,9808.059319923896
81999,28748.359253278242
83211,16998.701759514308
102893,6547.964971441608
101347,8816.241755080988
102099,16450.405438154325
108532,16180.19222054207
94030,34022.261816714614
87114,7007.062033966373
78523,46387.09970174649
89274,17277.807287403095
103663,7523.6562788296815
98104,13147.003191998438
86952,11913.753074398437
93621,12475.5208949621
90898,20919.3223563287
88902,15434.545118394544
99135,18267.428548315875
96645,14619.438638238067
89265,9299.514126768687
88536,16177.474319784216
76788,19446.134220104464
96496,10891.668063720106
83580,11467.681828098395
80060,19701.621943335278
99910,10509.290548540317
94254,24044.5728308458
98982,9646.651003554241
101182,7663.536364643486
104497,23217.243332412367
99215,12611.135113424876
102237,10595.258043868045
105340,22437.849252116113
98398,10551.337008357119
82895,9040.031460729682
84880,8254.576771580794
76633,29935.55604213181
98237,8205.285297691868
93475,15221.00611516682
93644,12669.804204001979
83331,12054.021269227804
94673,31596.597180900684
93774,22148.969494631063
94872,18177.110923160973
104642,26656.22063833237
105806,11131.236280059211
93351,17889.26998017493
99440,23973.726747556953
77434,15596.430826882162
78382,37956.91408899291
76269,20233.329031504185
94221,42540.560682241674
101103,8406.546112853106
92917,25991.36273916983
83521,13136.208811692588
83915,12044.564123830218
93502,18084.66505730992
101013,12069.261289149264
81762,14831.843305903343
106753,15344.693524197755
101173,9295.208541043638
98602,13916.994017834442
105397,12787.354055152811
97067,28631.096861146896
101378,12732.571244410456
101862,17506.503120794605
99039,11007.454266126031
88393,11554.995017643327
106130,19223.578563455307
85828,10391.814857538642
108231,25067.03446844859
104898,18841.38899567998
93112,16165.222511467535
89768,8081.916836403263
84354,15685.089869359545
100168,9928.186046746623
92834,14185.755963018435
99208,10373.51346167652
96108,13741.257666747684
80163,16926.689252203076
105455,11334.052158999837
80323,19130.597392337975
84714,14598.100510578282
92348,25536.395855516064
83603,13690.152616223915
103959,7181.737950635293
106728,17079.973518642615
78696,35873.784942669525
94150,28193.310903951147
105629,26963.892477387595
97037,15142.880994098117
92850,22993.941706090343
88432,9992.97664731315
77436,16822.891985691334
76469,11161.654261155529
102030,5825.1704511231
87669,12132.909390906058
79981,17977.359652079616
99662,11627.374438682702
78260,20371.444620470527
94555,19773.88853507436
84628,13620.542260140368
87955,7076.3222164883655
85130,9617.050915393078
76417,31956.418281905095
86241,12499.517886957057
84603,8687.11127551054
76645,20086.53825988359
100195,7144.458989038526
77467,29040.453111073643
98126,19675.23039314585
98081,10832.652565674778
81234,27680.050029257163
87717,9155.78517976135
79724,31905.10192484859
78643,14674.982412131936
93113,27529.05121800134
100597,17018.117704147913
91190,31260.960524452545
89351,11829.069725764666
78056,30916.125854035745
76053,18892.03964865383
104592,13326.316421457499
105891,19523.208945767623
93731,24935.670554723736
90123,6632.197441733331
85669,8837.837016462132
90040,14155.94911856824
103624,9088.490302278891
82545,13911.941880207405
101212,10581.094120749085
76510,11679.888211589512
88673,10242.146888210546
107913,15860.393927835717
76619,20277.578698500096
98461,23869.32091094162
88455,6508.9829687936235
94543,31137.501803092015
79082,39757.52472484732
107039,10779.837619624517
99565,12189.791244930575
85597,15607.915336869697
90908,20769.610958866473
103741,14025.441588937156
101177,10622.40663536247
100246,5018.815089335429
84497,22102.78507271982
79003,12467.615287571387
78075,28484.108239213136
85527,15721.311832384592
99400,8622.97953709276
83118,12643.626818386798
106176,19275.855808163014
79864,25302.12846861005
96609,16590.3574361144
77968,16844.43719381692
105349,10019.077270191341
95787,19251.654337480708
86759,5740.746867724447
80898,16386.689124629076
80948,12396.078369708857
107151,10911.084229495747
85395,11573.735899700336
86612,13566.246268298491
78951,30805.611992863986
79546,13707.599934624048
83345,21143.304616927846
107224,20622.602206275144
104509,14404.567834157031
77088,35895.06540044085
88988,12610.795298175814
79061,23600.163450390555
89758,16218.033100867606
79439,52033.64595432119
96411,14088.82667744976
102234,10769.247767254468
89720,15108.540500315674
99600,10734.812792899298
101235,12449.42319038036
89235,16098.974993060041
96214,29465.435657299444
84205,14409.131356255875
106816,27363.94388030545
90934,24448.922699025105
83597,15725.490768676435
90454,17416.599512190223
82998,15616.323261887514
76772,22141.671036812742
100571,8623.39303661078
76400,30787.054261225047
107381,18948.40387910004
93102,18467.71936510578
97419,8020.916808111324
98844,7204.686594686769
99354,9140.167154000423
90811,13892.921122126892
98152,12996.255679239666
90157,13921.132649304907
102629,13922.87028859182
102111,9427.285546975027
100448,11882.577272585802
106531,12174.265228079339
107493,12640.315685928563
87471,7516.021624575039
83607,11657.755374952005
95488,30875.838690668785
76205,31773.454190743658
95394,19689.209641147652
101050,6320.278751263704
98680,54302.93860039662
97176,18045.904291791885
104530,17015.23634160474
83396,6935.316684297846
104984,8585.374670307869
102081,8126.398481986486
91955,15202.109273108468
79996,50848.08912449429
107833,15140.801502133885
81342,12228.880370431454
104936,9139.839659363064
97105,12615.459832190287
96834,15208.560039320746
96402,16631.517847221745
106575,9549.805819601359
82857,9016.926556094284
105504,11948.890983473093
88261,15861.530942114006
99175,8139.562570207546
89160,11439.485001812584
83875,8461.904947869645
104695,16939.31516322593
84189,13052.009468621678
86024,18307.20199467358
98475,7624.93788999906
79856,29954.578775822738
80385,32062.422656534425
78287,23116.451076602792
88807,16100.84413774507
86288,7841.764762918623
107610,17410.165257539196
94375,18632.987306230098
83385,15660.4359264678
96627,12251.214511095517
101257,16897.012957109877
91915,15684.950593025687
97986,15099.831700311284
80806,20818.122242740785
96930,13397.596277347884
89391,12761.185169217582
85423,3790.0833185441393
79397,35607.32684986048
102565,10155.129544581227
85590,13449.880379166063
81920,11225.015207864606
108098,18323.284625094315
91230,62369.406755324126
108021,10244.508551401837
102554,12215.873853291148
84182,11293.252010204855
76770,19357.442228306307
77856,15826.842637093505
94249,17747.70111373324
94729,18403.15444132466
77171,21606.278569966882
107487,22491.338191575447
78766,21503.936670244417
100849,10321.945784121253
97721,14839.080279538963
92837,20539.451642969067
83099,12907.685911732971
102521,9975.971304573693
89738,6436.438645960559
84234,13865.163955235135
107428,11646.30839890816
93895,32459.158304357952
95662,44520.93895930045
80328,14190.661932288464
103054,13046.221135863607
104950,8771.22264494633
93125,26180.790279753826
77393,55558.41872329881
81178,33944.04278566824
77207,31222.40776407666
98648,8825.925103513868
106065,27979.993188749573
85228,11097.325413903529
92787,20830.2527748199
108462,14534.4537097708
102896,12132.0040367091
78301,14249.999388431246
92584,14534.101341187428
96414,12325.598770540713
101267,7205.426985177267
92934,24362.437713158102
80206,10609.78056464089
76657,13035.677147732082
99365,12842.841986252897
96142,29343.782826673152
96484,12326.742030536498
81767,25122.796048528235
84926,11488.542919826505
84961,10924.614946473821
97487,24937.390921038455
86753,9438.327221226255
76410,15440.450404181225
103512,7724.691055575243
91899,21957.502360297203
82404,27434.24423965867
84598,19788.005943939614
95115,29509.41752497576
92544,17657.653376178227
94011,20242.27626499223
77265,26478.77497952326
103378,9275.540742356055
83828,9195.853926591457
106142,21740.505882437552
76564,26719.711307291753
93718,18232.681224255204
81110,16004.365801702239
90753,15715.82498102646
86557,9410.176145583635
90778,9195.825613880124
77313,18879.713722345125
103914,10417.033865795745
86688,14983.462718131705
102878,12725.72311093707
99734,10551.123739953073
91581,27705.708866616707
105434,10519.30629930393
89221,8563.401112673995
84974,14217.31262911762
101055,10271.705310279212
80952,31610.11674280151
80861,15756.617689659395
77446,18031.08112163351
105345,14683.470229084793
95204,18007.83240146177
96228,14410.796836104053
100840,9748.314817743447
90096,5103.751924764982
97213,27162.888476800075
84188,11260.118033073775
96571,25612.49818111669
77068,21545.316188884266
90711,14134.991420709317
89855,10157.221285392512
104858,10321.740921721763
95897,25735.163979486
81849,24569.520919751634
106143,10255.221525693698
106333,18407.817193733757
107165,22444.96550020332
77133,12406.927778352398
91788,26251.388556188733
91418,19032.215011901935
100158,10639.841231341547
96982,18028.247294996258
81275,27643.07147462996
78741,17746.549042607272
104961,12955.185623701507
89332,8664.92320199501
77546,31217.088771248073
90860,15117.362109615313
79924,12488.181741109329
108433,17627.9419937374
101702,9572.982447833287
79340,36044.04003281907
107333,13904.464356878141
107963,27384.801050133403
89408,10147.621623721921
93686,16747.762629798624
96129,15381.91938660096
106156,30232.143434158224
87515,15103.637339294008
92980,30638.24966128495
83982,12060.480421252614
85504,11419.78516377931
108354,12189.223935912592
97260,13713.542078963654
95437,26319.728984956662
88483,13504.66165880835
87959,20444.744597411627
93858,16475.090697812506
80968,23995.727096265735
85754,11223.897752178109
87723,14837.751069819791
95880,35882.410927557066
106868,11193.413727195079
93138,13565.477203679544
104747,13934.537597335462
94889,20069.380860427882
84681,11417.293022813064
98538,9032.87008503388
77073,29928.490706536126
106730,19074.160654713876
79208,20087.845339663494
100127,11811.877404461171
99655,8620.980517121972
80695,12585.266694284077
96818,13472.474398118482
101382,9814.611963656984
81239,15331.388137793781
91299,27567.05012982075
83005,17148.353583559554
99363,11048.573459702611
76302,21905.466462154007
98317,20795.02887897564
93829,60213.48806574768
94188,24975.240392965377
102190,13799.897306242488
94901,23535.210991473698
80495,29267.91910560625
101373,13369.750928367039
76822,16118.484118486893
105052,18140.19993719238
98580,5238.277878644032
94567,16709.36141802615
95144,12088.833121980939
95559,21959.80409370414
81580,34099.892083118684
106874,22163.46163391088
79121,28027.38610583768
77257,19548.471302103786
87589,12297.594739191685
84579,10708.390140872692
95950,20046.766234399332
92510,16268.977509743589
108139,18037.476595210108
76182,29779.61862624841
88687,15971.661122169062
79244,20583.190059507466
80690,20687.784698443975
86259,18443.05016650136
76977,14691.779189216397
95716,19863.362640414256
97234,14001.111513123275
102608,9170.98891353046
105976,20966.36901365552
86505,8170.239032912868
91220,29210.42016432189
96558,12529.594735017989
87444,8763.964192336749
87498,19955.053888767005
102631,16641.865226234844
82185,17533.608689726967
99403,23568.76053581513
79515,40245.620315463544
99088,11052.919510818867
76226,22269.09343080076
108382,11131.954585490705
85313,15742.097599722134
94499,29605.54970876043
99934,6505.71974614322
82376,16911.602369296594
107765,31384.06238672338
83605,8229.774309156719
77701,14145.144141577119
94028,21927.102864431454
107523,13914.328212885157
90650,18388.75668230496
87414,9550.108030297228
100055,10460.840349336313
90566,10716.679643005886
77944,10984.943511296924
104365,28070.241680737578
100010,13151.28239530585
97116,7154.238482458496
92053,18311.77695966129
89028,13784.40514085098
97021,25643.0916876198
76667,37500.06716265179
88020,10228.572680205363
94877,17148.297597298344
93946,18802.54918562672
107829,19195.465215487762
78257,29998.835677298783
79067,20184.218065272267
77650,35152.71309870979
78087,59974.3259117542
106695,10980.734960703225
94630,13301.731695203714
106256,20933.41655985659
95601,18299.615423009505
105796,17338.22646650144
102585,11191.103227277003
87265,10209.671872965175
81014,33564.12102743719
79536,24344.889076064148
103430,12495.874693274443
95642,27497.23786964733
85927,11965.323338161666
98965,10016.710857526277
82285,23259.686741304817
88076,8874.48276338463
87977,9674.948494813394
93013,21240.11121540566
86356,20463.001959146328
82657,9439.325647218022
104960,8802.625359020505
84159,16980.968599831394
102831,8655.560696347246
99907,12583.797416531715
95588,16577.80517896059
87604,12859.488189229047
104688,9063.137008190966
78457,31253.2721784164
89007,14272.095768295103
104449,19292.89529116932
97888,20667.7610818822
83178,15751.700084606877
81940,19927.57068475031
103932,7477.137966932667
93309,32219.889032061375
108001,12505.855931401993
104771,10043.909274507703
79382,18783.84870576497
85883,10695.807501368154
106425,10885.924226270008
83165,19380.359028794413
105632,21555.324865879775
77132,28568.157297655904
101743,6167.802091887243
103628,13238.11727028173
90647,34135.519241478454
84997,9867.969374192147
91158,25999.896135426006
102727,8580.490255309944
83926,20258.47817440016
105492,16751.35863515267
84091,8711.188367476167
90093,21057.13231007154
97013,6838.580425965984
97421,12276.745408312116
93503,19340.825785053046
89921,9274.250073980185
94294,32324.390643575294
88049,8107.080657808636
87152,12741.037150861917
100030,10774.998450903913
81887,21908.817725459838
92813,29581.867386714996
103849,12266.70430297511
81370,16787.337630913695
100077,8311.792075610778
96215,21344.913321399312
99477,8677.9551718385
92453,27689.82372635546
79103,23311.256774782112
83988,9237.310808502396
82753,11035.341325993208
88096,16823.876842198395
82591,22906.33123906802
78600,10295.860884724305
96130,15422.35426852257
86532,12746.51261824215
78212,18437.366071206074
103099,9653.34838001345
76517,16769.311598855133
85372,10427.073654508298
87192,11878.487981703978
89912,7827.92676150351
100674,15637.367139921898
78362,23602.365029829183
80234,10742.589115760658
103492,11253.355393905835
91876,15801.611432263704
99906,16037.3860145181
86556,13957.820182611853
95439,22090.057229974587
89552,15478.446361538994
97510,17599.210302745705
77027,24832.191832907898
96651,11108.848049418615
101124,6329.262804151677
81564,31900.3324600212
103834,11473.959242783954
106120,12542.342604483012
108302,16563.136210630215
95258,26262.53053814839
80241,11302.734277332698
103079,17629.908880321716
107671,19671.575027542127
105451,12111.694500966398
100581,7952.670773403615
103200,11145.148362416021
107958,23212.54705798313
80508,15320.561558337558
86519,10271.847014316094
106014,12839.675733836757
88647,10266.272991749982
78370,19120.22578184045
80157,45190.462075723
78549,32908.20873001592
78346,13762.15259511841
102025,10660.531639085348
102642,12277.886293245056
101566,13787.377298527525
105090,10956.21116315535
102879,12685.270937100588
103116,5690.426284839942
108181,21860.467505142635
90077,9890.121541633802
87209,8194.220583792277
78488,25632.78740486464
80235,48360.27521877385
100754,9657.766107162606
105566,11379.12214606739
92772,26120.655721987925
91123,32727.401990554685
81751,41569.94769507583
97826,31079.84890561218
79668,21914.781681024382
93067,14338.885710171427
102583,11669.659791041739
107690,18629.331406778096
87693,13295.949235425853
80476,14395.549021381594
81846,42037.503806332476
104885,11953.765102457031
97224,15783.758116959787
101301,17002.55264312522
77468,24418.121387151165
102865,15717.573125645884
89933,17222.3340311413
80064,14291.190404297084
102316,6796.014154108186
78861,12505.121523851158
96856,11083.597832887228
80901,29359.852471635844
93880,8849.206566139961
93155,17502.71584383459
95490,30504.32092102861
81179,13822.074052911172
105515,41162.24922824482
93763,33790.85282370729
79292,20462.002981167338
79547,51436.126952270606
76889,15256.964363303307
92884,19376.93419470368
100959,9194.571257493997
103931,9948.160652588485
87109,6191.387796680725
85670,11610.52530062602
106941,16143.305049675084
82237,28876.81857002036
95369,36536.61733586043
104098,10236.704241470248
88392,9170.996560615595
79992,12852.35609972772
91429,19610.429693898444
93131,18620.787065174944
102287,9725.556973447701
93988,16031.426077080387
98533,14266.726201952497
82402,29181.18827556035
100838,5346.034818792648
100418,4361.409437451494
78723,20816.5188823349
102054,18142.637747912944
103873,6864.1707795658685
102429,9106.474719317328
92423,21902.830932611083
100306,11621.235031512391
95398,27863.791277812543
98509,5249.883201902067
76571,20371.962657705822
99096,11933.246527787016
79974,30747.592915973466
86070,10095.811279538644
106407,18263.63778206247
107921,10825.697096213253
99358,5474.433222943588
81645,28163.94227113043
82190,28542.800218208555
104692,23713.60494438702
93221,17075.07672706226
100438,8486.53139610972
91444,17287.033001846856
81053,33314.347863030125
91363,24738.92916210869
106954,20445.541364800087
106654,22747.901423548
99522,13152.619909020385
87009,15701.53027181563
87909,11603.647282243634
77419,16176.458630253575
97652,18520.74043763782
99779,13229.303294172705
85584,14365.324802519723
91829,22149.32806685156
88101,17200.823583933918
100556,6085.629792418352
90352,7861.219851374551
83282,16018.669357484823
83007,14946.899055387972
108313,10524.86283781464
78810,13362.110066269774
98828,22483.40593032074
96114,6505.007206948476
79191,20343.41690722731
87297,10723.489765411148
95877,12249.290499651954
94139,37262.71271916545
100850,8838.717032882407
94945,49137.66079368393
101089,8838.157373276716
105691,16709.292071237785
80668,12110.927936616912
81214,28537.133152208215
87518,16938.962271891633
105030,13940.165531750228
85923,11556.070301491223
83311,12861.61719963531
98855,11154.40052050822
104159,10418.465826125055
82779,11117.394105851392
107742,10584.834995620859
105468,21407.99310567129
80455,24757.316969816344
86388,17046.624776898287
94821,61363.549313979645
103268,10098.912488768488
102051,8585.4686034889
105353,22887.7723545624
80456,23097.973449569556
100987,11012.393702851336
91198,26552.850165435302
85153,13789.858727581617
103654,17098.132271460523
108172,9727.92736721748
86497,10660.988733797334
105311,10173.044687035863
83207,8361.584166155599
103088,13568.913112967151
80581,24892.218500693558
94590,25067.627052876825
92857,16785.343455387254
104990,20395.157251037865
106022,11668.44604216005
105717,17688.49573073622
93403,33485.20411201346
85166,16783.34968720195
106430,15938.724560904708
99092,18683.029453186806
91093,17574.143371186343
88851,17943.741802970995
98289,22639.720286355358
105096,30319.03878782858
77047,19080.492796354327
104430,18822.74654984751
89790,4114.93453260737
95496,32230.45817540254
99397,10965.600856395362
98691,8615.186984544585
76750,36367.06685257905
96768,20026.20712106372
99671,11456.42884869801
100893,13811.227597099662
96376,9070.759437497787
85359,16884.679926582277
85526,20363.386089589934
99471,6944.338495540933
100718,12820.016682884358
100408,4974.423649940621
99396,13097.548556394608
88571,20561.542759845874
82056,32518.641175520555
95339,36289.24258660531
106966,42293.33153567114
87419,13747.897260450283
107951,12249.94597063675
89086,6003.166789426933
81863,50745.64780117848
85352,9428.865223424027
107573,11560.705560261711
85160,11473.446206739738
86447,14370.70336225006
85129,13223.988753339783
81978,21105.619130123127
76538,23278.90686820198
96475,13410.34628112707
81872,30185.916218168724
100975,8457.7177011101
89846,8743.562075767759
76813,26918.362642335785
79861,13077.523176188168
85807,10108.836787480946
100520,13841.300284050756
83614,11707.564501452323
101194,14423.399633910232
78639,31392.20868889085
97237,7824.496135912484
106299,11421.62890954351
88307,13903.139852164202
85314,10313.201712902102
105736,13871.410456383974
80065,11444.842179065694
92131,18968.389390753935
88644,15358.679451797187
76738,13714.404583414629
105697,12943.616027746131
87316,11778.35716772839
98209,13261.914251676048
96229,16789.12395834934
100262,6051.210717086181
100999,10562.20347822753
107614,11182.43782925221
80838,24769.837321609928
100986,14224.383819044813
78593,23964.78662455157
100441,8205.085094495424
82682,25205.95120343641
78999,34948.034599440994
93261,17268.85771046665
80075,32357.8628372984
93655,29567.41708566453
100596,17134.69437620103
104232,23283.335598853224
91804,29964.45246237877
77995,14126.18326188172
103787,8026.077396891172
94205,25912.50053264261
85358,10160.972717106906
78658,18207.101448992886
104647,16365.862929534174
76044,26055.984230586582
76998,11863.527613170936
90687,17516.101145777113
88724,22457.728651663212
89881,15869.521211594567
77162,16136.033365778492
105640,11586.071733122766
87663,19165.19527137397
79472,14156.009940481763
105402,9180.932528340323
93024,27620.3041016893
88764,12910.88468612932
102845,12585.842725973125
94779,18786.66893911655
78682,11060.234376843304
95089,48203.88503821565
92437,11198.059427235989
96574,10456.603835649226
80215,12557.500186944171
103217,9414.93777600461
96957,19414.36878723667
77332,20529.88752238068
88904,18157.92685365518
85813,17458.08079047617
90079,21325.108153863694
106345,11825.759859391985
93236,21609.258328761927
77551,28999.842385881293
98682,10413.670662639366
77482,29249.525454311344
106734,24480.52140181193
96167,14188.494901357777
97901,7859.982795934653
88753,18796.043530489264
80085,24798.836090223987
101127,9629.15871752167
89915,9306.214638303056
77818,36569.04779772291
88216,8096.393353710393
88372,16043.209891459428
83811,10836.970999422158
82936,9541.900519635916
89742,6905.382247644762
91673,44393.706632142705
96257,13941.97163591135
87975,16579.97986912207
80305,28110.02976408148
103204,6520.3771399377165
87651,11542.748028486601
97692,22933.83153676976
79587,17999.773412199953
78081,20468.431470069805
90382,20075.72913575717
101784,14650.6223354679
86751,9769.330671556296
83746,9184.68746275454
107367,21125.616115832367
102824,10669.782265266578
88861,10956.93112885445
81296,27525.909012458545
93069,28030.402470846042
87324,26076.957377741295
80156,23852.750422365592
101653,17080.703912327863
106220,11888.287238046722
106598,10797.074023998473
100402,9217.963247928195
76609,27552.355941914273
84956,14266.341858727386
95576,35212.1806600859
99581,8476.412615748017
80485,25897.522967723915
77166,28883.970911847806
76018,11821.495595001496
104735,15285.568403218915
93333,16304.204177500153
99795,8563.446883687451
89839,8487.25304744581
82759,12209.166802298045
78936,27862.20915789696
85749,15510.374285532864
103893,6411.331146501639
80488,19198.276666712856
85554,11283.776340663928
90240,15210.758292453831
106288,16111.629186295664
77948,9864.518228867699
102329,9975.11140958052
100162,14531.938800778982
88576,15855.868499453907
94039,16364.086340909129
94453,21266.15085992144
87879,14453.520841492104
82862,15513.03813034578
102535,15274.357827887516
105231,13816.853498519855
101295,10237.538322885222
103639,17197.15804408636
100996,9856.075654081229
90885,7521.213551077407
98058,6414.949333380383
76405,25017.6695776748
81140,10461.445200420396
106762,7808.206192495112
77805,18716.02334748991
91903,30122.35830928161
103506,7963.263188504508
99841,9950.418955348774
86237,12485.996531459808
76010,27615.71657531712
90547,16938.575686775257
97073,10801.173601125305
96345,21778.004262893868
104803,20669.562803069068
97547,10072.482487525918
80566,23681.847700740916
76686,29598.78449635556
76532,18142.302380717265
95342,17664.94558002011
89227,10876.52238999964
100141,11772.936811821879
78308,22388.294871829603
89064,14803.875734909618
80510,24632.587031950567
88585,15158.544070116075
104610,17150.783989946176
82104,10164.458924405048
82975,10336.283365214691
89065,13970.011419617125
101733,5770.087128898353
96657,17577.03186146087
86410,13805.514051931876
97079,10689.681626154023
99980,7408.8160413609885
83405,15551.632275122673
94937,12724.436835650164
88990,12215.505959361415
100897,8175.635021268345
89852,7534.804327290838
79720,22549.904241009248
87573,7722.816406733466
77570,37299.54530524575
101535,4777.957252814164
106853,27488.53636959291
90614,13988.45789482963
99883,24280.80983176079
90053,15599.417363875405
85345,6477.79419688245
107848,10666.032067843857
93445,29025.20124459727
80275,16229.229084060047
78979,20658.669106751255
102516,13271.160682537895
89258,14267.793169270906
107117,25142.90421045112
106721,11295.151134649876
92982,40266.73748291715
83496,8772.231233522505
81803,69981.6078719447
106993,21726.787043718603
103294,16919.044846587225
94098,12611.716497635363
77532,14185.74516650876
89286,9236.65807783943
89501,7945.489974819402
95186,19997.72063467969
92283,33657.24972896918
95290,19387.485737983152
96893,10419.555777355044
100971,11445.864763293688
78080,21069.054137065978
99131,19526.655992251064
108281,7396.8307238831385
100144,7220.118508091266
105273,14312.933543456487
87851,15033.255614538122
108128,14051.784358300347
86420,8900.47753324076
88534,11448.432402421346
91836,23951.21064720807
105068,11696.015659460581
89909,15813.82406440655
83912,13389.95925725804
92078,31357.26089272239
97169,8968.546819973595
89505,8907.49562358723
84000,10873.209285959792
95770,19429.478877991583
96966,7900.604357681919
99958,13137.423154567508
93263,33238.13668235082
85201,5727.701618092599
87858,11197.319262247029
76733,21809.576796592584
95475,15757.310956038196
76959,16309.218496967573
88587,7607.765189987931
106240,11006.168305836405
76297,24689.414604414786
96655,14028.117610343905
97329,5309.663162973415
104459,13910.225738406645
86218,11768.064435456494
92652,24921.3750612695
87708,9621.579571821941
89003,11254.861637574037
77758,18409.028941708202
80355,7887.259465366408
102381,9084.889281670065
102034,18761.766354141113
85449,16716.985901031367
108344,10134.590056869767
103231,10747.591434110955
88619,8896.272215791068
91294,15229.718888484735
91671,40313.5428380088
89398,13482.89168191345
97449,14054.072712783878
90985,21420.708000442224
95931,21789.337905690467
91207,14016.501534282515
93227,44539.53933369342
83380,8932.763449436789
88517,4310.507876467926
94074,21338.677370382302
83286,15841.816090482447
78621,24610.218681222315
78559,31947.055624534805
95517,19286.28041356106
90301,8572.788770349205
86982,15610.643921790077
79155,13345.08513900404
87645,12807.67428839792
94734,18227.527622329024
80776,9633.889248532814
80191,22703.39888804378
81665,25481.20920486094
95409,28827.73587328801
107275,12159.794644117741
88752,7834.841599749409
85344,12026.524487008119
96113,14991.639474090296
89564,14986.843549135894
83351,11270.564972331144
77727,20391.413474945763
105427,10815.639033784108
86511,13267.201423473638
96465,11621.493035569802
81345,27333.428931992374
102204,7820.831905072585
91518,59931.209712189106
103030,8519.015411307422
77586,26262.076508997714
81802,18264.944037146797
97913,18067.504897410072
106159,20186.819793449773
101107,13834.467518049412
77988,25903.0402190541
103558,8454.988036895551
107080,10668.412200384053
103080,7715.6809016660545
81729,35368.062331197856
76576,12984.42629414401
81302,25729.674022196476
102815,6567.38824881826
76838,80450.82551053619
100835,7875.830970333932
92600,26995.49474947279
98836,11147.199028803847
107734,11651.860261614394
103146,8259.236043513747
92838,26216.646236410103
107210,17202.3979729818
87193,6906.020402942709
80803,23180.508019787896
99014,26894.242373278077
81317,13834.35461216609
105975,13899.253622989687
91289,14827.93854734821
102427,7861.855147525281
88770,9251.831311945465
93130,20161.206016312295
91428,32115.990311886002
101880,11970.998991374061
96317,14223.146675453982
79846,13958.664131853893
76152,28918.764807095984
98591,11160.951604056423
83409,11537.62428662446
98307,7372.484343763153
81931,40346.265306219495
90083,6328.742582420635
77773,17170.841418660148
103635,10313.014453346857
90621,6528.865408688225
91055,21765.135387032606
82011,11783.670165061027
84194,9900.020654690667
107360,20875.307721361518
89868,14396.002532949018
78774,16418.51444399076
98229,11476.940452401454
78895,17921.33273327703
104821,11112.429892050079
88829,12516.78219338885
103561,11427.02029232938
95077,29973.002411505895
77218,13646.843392926297
96894,10727.655634230518
102467,8128.610044292823
80026,14119.105844745596
81904,33775.4590591067
79212,25823.06280941564
76081,25107.210141057945
102446,12488.235320461099
92123,30608.224099126655
99505,19679.78380421906
90701,28913.5693364753
94131,28698.47183805512
98499,9915.683929705003
87292,17346.762091367025
101982,7743.3463188727765
79507,13157.319998064044
80367,23813.706211268014
87303,10724.770574422944
90939,20989.43404831937
105990,21939.694869513325
93538,30277.66338115902
96747,15172.48993225185
96705,11483.36174592316
79540,22827.300836317852
97104,9632.277506913768
83406,14111.05123530171
105299,9894.543015091042
106722,10612.347976377541
105452,12384.828517367241
87290,6115.734560955594
81467,24957.424170392267
105170,24684.778493952428
93330,20053.27770244018
80272,21286.167918130304
107730,15231.65914030785
96010,22961.634803733883
81845,22928.371276914502
80811,13163.996321023433
83571,13650.287523094888
105322,16610.320321938023
77762,20046.047935489794
102039,8486.623243965487
89712,7287.248873847632
89635,18561.40819746944
95445,30214.897921442927
83168,10969.614055625943
97583,9203.761830475778
90719,15104.872929906107
83437,21607.849432325012
95182,32424.13539887884
85203,16298.038468205792
103788,10619.78125331162
82303,14654.121900043598
75983,32471.84935590648
86812,9049.665980263244
81841,28076.65029161582
84828,8761.714291709539
93783,30307.970235882774
107916,27192.125384872757
87430,10993.435242759533
104874,10427.64773984053
93137,18932.581267226582
103047,9067.446086999702
102110,9620.414913116125
91435,23273.672727593414
86558,12244.405149873775
95141,26126.701063498873
101513,9068.34976818975
98883,10174.510486320962
84488,20935.21940439656
77317,27625.488147427237
76345,30445.723695308072
91779,24707.5655104555
76882,13202.508493632642
90888,10481.411167725326
98663,9997.56515297008
95756,27505.1427956224
92853,24101.636451926453
105681,25633.485530541224
100628,6764.905256082247
93663,14731.860854154642
92183,27490.813700280713
87635,20322.725265135014
104386,25245.239415573113
87388,15010.167259804399
77217,20167.05872643433
96722,21685.965557179203
96916,14336.140833593396
77168,50920.635808914296
78963,12266.177611745752
93780,20149.718747059214
91677,33832.93845784204
98082,10336.218456549122
76229,19643.52976456656
92338,31408.180001667046
84178,15055.104146188118
106784,11340.089548293701
90742,4218.985210585961
96034,18556.923709707058
98064,9864.992940725215
96973,15735.80940376388
102048,9194.321243563303
106484,12991.657330420934
105759,14083.43473755854
93589,27686.374808298864
99057,13245.301113310425
80757,13030.088794773334
89636,8448.462508287921
83495,7657.166330236155
85277,12893.074560728577
91843,30097.218878286032
107118,24823.973921690373
100387,13311.118771433277
81885,24092.29835920879
105369,16644.46722514088
103588,7568.875277781815
89859,18575.418880714813
99533,9439.864613727706
107533,17250.39905700631
103667,6998.577019566649
92303,26942.518567849238
98400,10900.3904635185
107283,13123.696185114304
77352,22847.934379128685
83662,19432.156909591133
79661,25438.715959401346
102007,13563.125267598254
97793,11464.646496560319
106968,22572.27621239018
91632,24257.240210783842
79763,32140.10314693378
84785,11265.118396095206
92155,14734.783860325835
76625,31881.73700782579
107370,12326.019537829996
87638,4220.695438228047
96040,10096.936161378913
97299,14990.361461974564
81301,17903.107701130848
83192,16828.68865781458
105291,41235.98392413303
87135,12352.43290906381
75985,31258.03669779626
82125,9882.199349064695
87636,10141.307593370462
78783,30005.137360554032
78662,10843.628428443497
87134,15615.654717828813
89451,6457.170054373748
100098,11345.336342382934
88589,8144.21751191875
85831,14051.89517521698
101724,9644.094534985183
107345,18075.39970309294
88336,12804.781386243387
105588,9452.335428858829
95273,19573.223607371896
101163,9656.231719333578
77479,11218.985551006695
80339,24375.000487863814
86561,12695.23634556152
90365,17190.552393495385
78103,16377.523572969594
98617,10385.863634199357
77621,35175.24555284568
91901,23636.823685185846
93087,18056.4167849242
82739,10987.334896404634
100953,8374.133855289308
80117,19851.107518019882
84174,9018.817337455534
106828,19103.098896382966
90803,15691.999230314701
85910,11197.319262247029
89576,9240.293975152586
106572,20792.921838895207
88570,21834.56829271079
95066,24498.20593180955
101114,7028.4162693474
90936,17966.57235965863
99197,8048.426131740444
106363,11058.095267549641
106495,12241.869238450023
77516,11189.964541663227
88093,8600.179042753849
95483,17693.729361108664
93513,59351.75947699278
102348,7583.737623046757
104779,11955.639576343465
90381,19120.476260164778
90866,22548.41395245472
76005,28274.966576691168
83160,18000.81454597691
105547,16501.41825977883
102598,12522.628917498601
104485,18384.51150748166
88186,7649.369065434953
100958,7283.995775540408
93967,29232.3158026083
93296,19566.64253820734
102906,13001.259401978481
96380,15244.42608652331
93298,24897.087944117007
84722,14583.038217235138
76718,19837.32611044347
80056,27286.273971775823
78850,15274.645152303543
100715,8776.064798889942
97058,20691.935319082902
85906,12364.124381732523
102477,8906.505673525018
78624,55770.49028333185
104387,17638.175475067324
104252,10854.333283635537
94178,13112.11298850786
106337,21946.102862766835
105385,18685.69268078666
83119,9206.204337848872
76930,15618.413420557043
78083,27110.69518368098
97868,23782.17007208955
81081,9645.675681777953
102325,9692.418814620165
83604,13915.621227074183
107825,8250.108691518513
105577,19879.79567071856
107308,11814.581781287823
103876,14761.709154302347
97378,21020.833942044428
89508,10465.314366067172
86933,11003.742547180653
100033,13088.125284612424
84820,13741.586904516691
88884,12288.991284160207
105458,5633.100810324121
103164,11260.553627365176
101838,6175.071911949146
97811,24626.110894687114
93826,22449.931256695454
86364,9755.93640959697
95317,31787.820766816047
80613,25222.593293633185
78372,31328.01818389535
83283,13409.802525319847
93249,28211.445835887396
104303,24480.73385722145
87973,23363.160025012992
89997,8407.428383230405
103013,7194.532635167548
85570,10380.042335532256
102979,3808.5666152103786
78598,10457.778077214787
101402,7047.970340395768
87313,11379.806661895938
95505,15806.853285821779
79319,21101.617895375126
95230,29231.92128854061
91808,21221.05220914113
98678,9563.178133597374
84270,9775.37301330877
84932,7965.571932509372
92433,16717.859879854488
95944,18044.41139124344
101180,13362.88240494737
82624,15131.990946279058
80920,17812.045099281288
99771,10499.312315430247
86425,15460.474529482757
92191,18996.73643398756
85940,13401.037759095429
97391,15038.93494834181
101341,6206.191106864262
76066,18195.36824027026
93226,24675.3784546355
108367,9365.46920649861
83144,11064.81039936659
82764,12728.67823361134
85112,17175.437588153276
97167,13887.455650384249
105808,11399.986690473705
108416,23830.631338283292
94695,32969.229502707036
100332,11439.707770781877
102829,8118.852508648369
83817,5694.165119927138
92304,25775.739181407447
104385,10656.912909029617
77858,27647.552122985024
104454,8555.846828141717
100292,13478.590998126067
88759,15778.202246646599
81746,16037.455208226587
98246,7483.483023667131
96680,9897.674059230269
84163,12232.576983486508
98135,15135.77177083166
75975,30218.656417601174
92064,15999.811629752996
78732,19288.641580718664
99528,13879.472214424868
97651,12472.561971637417
88195,9776.263061021702
85398,14413.71126855648
105940,9696.776971998159
83822,8462.392377099615
79148,20164.869088688072
101011,14383.231000249863
91642,24897.087944117007
92277,32120.931336513597
78438,14864.70450789136
103126,8123.199435833729
90247,18139.69738761972
105738,16651.667255840304
91585,21481.062090736297
99313,5942.090443508766
78484,15027.358975420268
91221,43854.46343776215
102068,14348.46852730253
103027,16229.720870880165
79594,34349.04037890841
78290,21741.751908982136
83059,10136.329663900655
94542,20279.300946903004
80450,12095.342087209236
86055,16503.74829602653
77128,20725.07660625234
78459,23307.108052609783
106614,9609.631415469068
100580,8502.84504730737
79200,17814.43742715995
90988,17679.500098369677
95354,53799.969283482606
95524,18695.3241312002
89514,20835.94720666613
100494,8739.923582223735
80365,29799.63742133382
100498,5429.829783808244
94820,23187.285995246413
95203,13187.779211441595
84845,16727.42250665223
103726,9811.327914989768
78164,10895.116408894937
85894,9723.257415785218
83974,11469.767724715459
100042,7427.564164729032
82641,15937.330247108679
89331,13307.104055599226
104138,24736.682522493196
84136,16140.966248483677
93037,18596.425422288103
88791,11004.46207036194
102077,11131.59737812729
81882,21227.06956018654
98035,8486.526613626169
108194,21354.92701468349
101297,8950.004323705658
98938,12982.757543200332
98486,10795.675228785469
83293,9009.76900463852
96404,13234.335276151962
90115,19118.63879195354
100205,6324.929012086253
81271,18267.704435202762
99430,8984.177178612152
106622,17608.177380180277
80213,24818.516808288277
106624,19534.206105664372
89907,10076.69529572534
92178,16773.78489739602
94849,38005.567837769915
83585,8953.182993857265
85742,9284.279139577511
98510,12764.127269536715
95629,36519.70952540806
86114,8758.13655743726
104028,24448.29874755072
78862,15613.39527118662
100720,14191.78864982407
97302,5913.9999565119515
76761,14018.930511152397
97918,23850.5384579673
95704,15167.10236117025
108116,41300.58183832921
101381,8418.846240917293
95542,14512.625595307898
89609,19227.63472440028
79374,12262.288703877253
97399,13577.449807251947
79350,15818.295827147607
101700,12128.014582819314
76556,20761.77492182089
85945,9874.237894374664
92706,23797.39648430292
98698,12379.914361097204
98683,11555.73184585408
95706,30125.58095543017
91170,33007.08872446265
89870,6913.776044647605
105665,21683.452771395834
76774,14953.764648231696
106996,11402.048642187494
100111,13941.248038332344
85146,9226.599490166083
87623,14741.165238175801
106125,17975.36296327523
81146,21360.06661491315
82472,17194.075539676833
106621,14043.228106367906
92229,24315.463577407718
100574,9664.882976541954
93325,23118.994109336698
88820,15091.26560684796
95448,23451.654962891917
94293,10557.964166021507
83682,10391.814857538642
82826,11233.368320077914
78729,12052.408598881751
82431,10939.701540833512
105701,26653.442528083644
90828,13971.795745356956
88782,18171.406900456197
90765,19758.71159469373
89779,14533.457782719272
93973,31210.74196265082
82915,12296.784086769818
107131,18533.054579042382
78143,35558.83367639832
101557,11682.27203110069
81060,20204.973269853228
88032,14039.001548131155
102913,10183.33683136751
84050,8578.017783181676
97797,12073.696574760612
99183,7426.447518827335
81588,30481.296276998844
89819,20997.585580321036
86947,15751.384333816184
107568,27818.08544528785
92085,14366.368770856008
101729,10821.70398984795
89417,15806.65509086798
89797,9478.246098494583
89349,10603.56605135982
86040,11019.305515503209
85454,10252.358055313596
78374,22801.67549094294
84084,11514.910185014198
88370,13171.907416285756
99555,24061.28701345137
91675,51786.86828152293
87112,8445.449034212339
96235,15307.108678001388
98203,9075.087939692987
77675,12100.63504954809
98775,8930.891181757534
81614,23281.465789494665
102391,11687.804910420384
77097,23152.862157089912
80494,30112.291646174817
91050,20345.127926257755
90412,6870.000335917677
106318,11962.58557491557
88976,18000.81454597691
95898,23600.160672846
107839,22425.956745555068
83737,8539.746030020755
99929,10676.545928792986
85736,13920.64220616626
100856,11352.265855515623
85708,12438.873315961036
90131,10952.015124361991
94568,23037.251173036075
96466,28721.36177365064
100117,11976.498460001427
87585,7300.531666014818
79106,11673.125640842574
80237,23631.027762481564
91302,24113.206409920847
83945,15024.423923169588
80650,27421.117332952777
95104,15293.724411410996
96677,8189.148755837084
100682,9614.278422594896
94464,18424.788509121412
89293,14547.440722372688
102107,7997.452896603248
92219,27453.21020602741
87853,9399.48037367299
95391,19802.801323386226
102232,10055.337191464036
83035,8687.763801831312
80636,12000.370853699798
105398,18719.301001973003
103291,11194.212360807538
78340,18811.968717906886
107130,11462.919746036536
85694,12507.139914022959
89901,8408.579441476633
101501,18166.168705778706
92797,50706.015612968826
90279,10356.777744157565
92115,30065.67578351135
105910,11492.321362192575
105226,15975.38890127125
94797,22238.819367527547
88857,15338.069805636565
91374,20814.783633112576
106841,18487.337035987708
90283,10972.539587982914
95421,22113.608002323508
102374,4723.400067484527
93581,24283.61111141592
77463,35138.953943939356
94949,21920.762072527632
79220,22016.892874484154
82822,20277.00218426134
107897,5782.896180931896
77398,55975.28657713994
99943,13980.43760964042
101334,7145.726166906812
78664,12939.524688095436
98917,24761.47665682921
98320,15138.221276627903
86414,16333.447526192094
106690,16387.893877701248
103656,11494.870397876477
82816,16152.13963826607
92595,20332.64267653644
89058,10810.747373091532
90981,31018.302945700176
84545,27751.78778385315
85121,10217.242097896502
86786,7773.183981468265
104318,7772.982223960193
101816,9599.588536284915
85525,11176.409227085735
79169,25453.282226042247
90473,7226.430592986464
76459,30884.83738608004
91881,20636.956717688543
76343,12871.577355505351
99475,5990.114476228681
76756,18840.296482613496
105158,8999.295235603562
82355,31562.06220248079
102382,11362.723538029424
102739,13250.399254446424
95595,34044.31386803884
92655,17478.923152869378
93230,20575.654496941297
92502,29098.256745838622
78020,12979.048979451733
76077,18656.709922002497
107845,10455.114075305137
94272,50349.26487126899
89239,16835.7138772141
81657,26817.48595699208
79605,18077.158287107573
92466,22330.311750000536
89062,20303.67339906061
91866,18613.597377440696
87629,6005.31357600608
94495,23341.262658870735
108301,9666.869854215956
97893,15474.265783833043
88636,14490.65760765419
76642,15017.825246416378
97723,7831.731217302145
99689,11931.204505956897
98669,10220.242237837667
107547,26806.504884624563
107324,19322.35724889094
96837,7311.141507884782
87607,8699.340095664964
77412,29965.500623547225
87012,12221.371261313809
106509,27248.301337394587
96290,15344.729308502454
98997,15257.50003501078
80784,13936.733912611731
79231,19505.90463207424
99071,13429.485346193289
95343,65811.62224199617
106067,18439.03114597357
99385,30325.26170823828
108247,24832.54097389256
92030,45356.50169472472
106907,20062.27797571883
83305,11755.213062598394
77537,10094.2051685289
94191,27942.633629781525
106218,14393.926526329056
90895,21089.560487459083
87733,11263.867084567431
85938,10557.18031798723
92778,17872.88263986913
104351,25322.747773348245
98023,29931.399224252844
100496,11084.987026217052
99703,19857.5527585344
97963,6942.868876952487
107514,11926.553585603102
90147,17177.70295128823
78976,21307.25446614067
87951,15756.540157453694
87689,18721.58582732763
95720,26147.55549691975
81362,14602.026526622689
88028,8213.128492191652
101241,15768.81035278555
77282,22225.953957578826
87318,11975.058612591076
95832,14927.573943245321
93146,21172.91494937734
105053,28000.02333705925
106782,22886.846975787736
95641,29433.145766486792
101467,11509.3064977433
78487,21749.330881986363
97221,9090.89424244861
88550,12858.637578246631
102969,11699.62044570814
91727,33472.2961064838
102790,10113.901834063827
90218,9323.181241664024
95243,51050.75275742327
101112,8930.918009108107
85231,9280.232208883912
108368,18298.53896903844
84764,8134.078314752584
104560,23470.402553168133
88854,11167.743353303562
96342,26254.904593342246
97363,12597.97292192642
87222,9797.70541777002
85750,11236.692202788774
99457,11196.16336735388
105834,9272.083255026138
81230,14908.909436097809
89905,7444.77016839456
99107,12006.249361138229
97725,27607.347571244216
103383,7805.574006029571
101881,9949.136050676123
79274,34415.62931790244
106126,18761.8276932226
88014,8041.287385237453
81379,22459.77023273472
76685,11276.657302421836
81756,33054.00701939905
80382,22720.27544474025
87661,11916.719506273583
103160,15528.08174401391
81893,30638.551759346086
103538,12169.43599757632
101780,9818.142451103426
81384,20750.349599350273
106350,27291.375048813363
92907,17053.20346803307
99538,11639.641339632244
79214,17718.107167577076
101909,9405.294222425946
107864,14183.230898011283
100524,11140.062607499993
84466,11606.882406315272
105389,21985.3223789332
95621,17298.621489880712
85294,6525.121533444658
101831,11215.592242947132
104539,18714.811678854883
97418,24023.087451760264
84417,12796.423772696086
87082,7686.367259579655
90484,19345.99100986497
94455,16586.29727429431
88204,11803.889842480736
102964,10329.323921500874
83265,12855.393495631946
79644,27805.67213795324
103662,13780.387937964737
98160,18717.695957800915
86602,20399.674528745214
96773,19823.560210038093
106258,22752.672482819486
93161,17132.517879141436
84913,7720.0730847299055
93566,29312.311720388505
99048,8049.684186383334
105009,20204.641808842447
78907,11072.246946164298
86767,14290.775792688042
91280,44450.70493791417
80284,9708.07235711098
90664,10861.140063879939
82570,10437.10692814844
97344,6892.274354819132
107585,17274.652399322193
88462,10494.589769694956
97190,9187.473621616959
105578,9667.969739430418
100275,9809.701300343782
101818,6843.007587166111
96900,13654.207158812014
107149,19815.791662927873
92413,33539.41508514031
79385,29268.557988544053
86389,11277.588707878045
95212,20637.164006942014
76373,20304.985128730877
78959,23536.412552718637
88737,6802.934502602847
92016,35368.25706645323
86224,23803.391858953793
82578,10926.00816023355
97155,10609.732149516796
107701,14982.573776344823
100516,5262.014595238341
100278,15496.738787589818
88637,17037.333074366
82527,9939.242545736475
84753,9373.584046547958
103714,9763.445241420763
100322,12645.007381661228
86770,11314.271649174298
81754,29480.46884052026
88214,10368.05156220081
104113,13684.487687560191
104421,9133.243422588359
97736,7982.818911556856
103535,6221.92604401683
83206,15927.564655720147
106330,10925.321129315442
102339,13455.14522759888
87709,12360.384390122503
76492,23082.56843289269
77728,17827.610727310486
80481,20721.813166895903
103158,9492.100531107246
88892,12476.288847735497
100388,11099.81259996843
92082,28458.852778505923
81236,27020.89267781848
77042,16776.44011464141
91157,30887.612623509576
84392,15890.561915790406
93436,28142.35953184954
106487,26351.16388609123
76638,14299.638169260777
100756,17516.9552983053
89769,6778.789667468919
107047,26043.98922016408
107482,12367.009557261552
77672,53849.69500324347
88137,12430.378160437376
94234,46445.247187334375
100690,6147.394020988678
104730,17241.610506964753
80889,32011.727471575126
83038,8227.988736488696
78952,11065.708561556437
108324,23550.04108015875
89723,13691.834670043878
84963,9089.5044808979
82834,15709.358451043949
84141,11211.248780771755
94870,37795.56219945495
97980,24717.191242309196
84101,11770.809896806724
103187,10946.432882987992
89617,11934.645101824679
107178,10674.643850269726
92448,28844.91248667707
105739,15097.841074651218
94934,17466.28679844133
106422,9168.035398556094
84357,6846.157237283746
81219,15456.334090339935
96165,9115.097357993203
89437,8924.881206287588
107434,27151.04345944656
104751,15951.01929290842
79869,47993.416623039
108255,19919.95047476722
93706,18427.122678218213
77694,27458.464272114346
106112,32956.423975294965
79750,22072.843227462756
92715,26775.391931059952
91183,27082.12424284118
104425,12350.966471800184
91695,17803.475567262038
107783,25847.622191645514
80023,29743.564636078616
106551,10681.238786330216
88253,25277.538508050133
89867,17917.36024038037
83678,15771.529823898227
105660,15216.792925799426
88202,9288.06176846083
95119,26746.57683142359
108260,18527.75301753558
83078,7640.553650618271
82345,24155.76808413498
83217,10478.852933071641
87850,9763.11318034682
81035,44055.1476854241
79575,32984.38691042985
91737,25083.13269712136
87829,14704.843889643653
83729,11072.166295313868
85611,14419.378927084283
98402,7923.472614001789
92385,16626.950730931847
86408,10943.00645603582
86059,18818.191852940978
95741,50863.813281960465
86739,9211.854234778148
78929,25294.14784515004
83842,7288.202330508922
87907,11962.674693486459
88079,16165.431411419415
85643,11677.18551713903
81382,17149.416794940233
83493,9385.940976255375
93460,27716.196519585606
80412,29506.79399596511
88171,8711.746041932322
99783,12948.360432089765
102777,10203.967549748697
80663,30823.1881945952
77531,11489.670362798406
86865,14929.081557235444
78461,20219.736824648644
107352,24867.044086545124
94120,15505.886343059277
79496,19242.88531281432
80515,34165.81950842513
91344,34861.39406845542
79373,34533.587586104964
96220,9671.381619425048
93246,64161.01877985604
106908,10133.702050854974
78245,38832.18143982738
94731,15664.151730753927
90402,8386.445594390372
76206,58364.40522063329
98559,10129.964298993247
88796,14210.30665315638
85816,13119.788932406373
92649,34264.10390559644
101935,12641.178496876124
105463,15952.970709406114
87365,8036.055453801883
95227,30360.73765013113
93234,12653.139668442382
85937,19301.91406928009
101266,14000.997020999077
99571,10884.777915650964
85700,6593.995277501099
107102,14770.893851671915
89204,7415.2913701015095
107013,11323.29410227508
89174,12068.300737442501
105413,14724.530303358206
97676,8239.778372076082
97236,9382.223227507968
103159,15180.016918225076
86515,11938.286445152373
95748,18808.539132226724
103941,15973.102381149196
86393,13492.767870300408
100154,9355.104153850629
96775,16676.572604572717
85975,16951.134870659327
80620,15549.046501159199
91545,22667.037886122096
90512,11904.906356392934
98423,13002.07291953051
98191,12471.273970373615
92713,58972.355461621875
106242,19123.62257242255
96941,8852.419024783276
91711,18051.79275172057
93194,22988.954660817628
84431,19922.390583904955
106092,12421.137508680633
77699,10900.203703440637
107042,26414.07163690359
94581,70167.44267103188
94719,33331.34358833979
103203,11994.243737314016
90527,15583.225239642701
105553,10705.698206565048
86257,13668.033096913363
108539,10199.647391588842
80580,19926.423778794677
100564,7054.0743605035295
107330,14636.688055255787
91726,19514.708257089445
102084,14030.787682027121
87088,11347.04904100365
106757,27225.051870921863
77040,12094.123817667505
83253,11317.076977175426
87231,5680.707783572435
86913,7264.407235709424
100372,7285.504868980326
104194,26034.124315600428
91979,12412.11547032966
82139,15386.49272279727
82434,12075.054881688802
95418,25667.893615893685
76862,27644.454403655825
76939,11494.871194514295
86454,17588.775582760914
98632,24010.249486449255
77936,29071.475233898516
85823,10313.201712902102
88035,12603.861523112235
90469,8066.875300834723
77882,28768.973017023298
91663,18599.931561413574
84326,22923.79116219853
107834,15365.776077851964
102220,13080.068255147693
105246,9822.907555139927
107828,21632.145151787332
78808,17205.96444750464
87428,12170.01998209347
83186,11120.921572303165
83578,14103.354383979771
76948,18417.725334742503
78241,13379.168992880983
79743,27719.907227563606
105523,6956.039755881368
90957,12485.961046958462
100382,10649.170738466693
76105,15811.916591138133
86104,10459.623262604817
101922,14695.445016042278
76554,18736.265768068894
106985,20939.836126368296
85689,14906.098949733385
85008,13624.081103203982
91965,17947.054884159825
76366,30859.328009766115
86191,15758.47902152857
99663,6735.304623640699
96285,8721.814151012906
104099,18299.449557529453
99056,10490.719255855762
84374,10604.83667166833
106354,26740.191406081118
93698,60999.500142752826
96634,7978.2098571653505
84156,11075.813330708173
108084,22375.187479751094
87399,11761.630098972897
105466,25817.135229186155
80586,28717.43188784878
92580,13398.688263526745
101845,7486.758797167899
84566,10394.036436715622
90141,7889.329477515855
108378,9737.90465998401
98277,10010.154091790188
95092,41161.631374099685
104064,27308.07238634811
107637,11790.617362465224
97365,13280.08812027176
96955,11927.911756359375
95760,12622.31689260779
95872,23955.168199906042
96240,16050.163556060887
88163,13600.990318853123
100611,16367.778238193701
78881,23569.27599975384
101061,9556.525204594294
107426,11991.249777496652
84044,13157.910547317433
104552,9049.729513274935
94780,12239.589369026467
91863,66038.80509108631
100864,9190.478948546872
81237,19323.90794738809
82136,21472.799581577543
95905,14566.97622128575
106384,9650.150666750784
104293,20541.667364824767
81454,19873.144661509166
107302,16978.453848222118
104291,13782.59720284052
82868,13303.666655620935
97858,17029.90828461984
105855,14693.694470053413
93166,21147.107906857404
94741,28272.114326543277
90290,15198.117288857638
89573,7272.952308912426
78623,12343.500717415065
98815,13025.88767180153
108391,9818.724870636923
84762,9956.65098972223
91318,21256.975102916687
79163,17222.764980352687
95977,20145.67317312899
85867,9924.237597812174
88322,12387.095027931333
79623,23404.7570638417
98269,9170.715331644808
99650,8329.326746456281
107902,11677.865409231508
105941,11658.570201383021
81949,15541.773302964231
79343,28106.315662983478
107578,17723.499806863132
99489,7087.246822394343
85577,21508.906279608003
96815,10101.197884590196
101625,13811.227597099662
77737,13255.353854597448
104092,31543.32242147665
100181,11732.52463830957
104928,9018.660406659068
98913,6774.478703298513
91602,28457.8770433192
83876,20061.190343946888
89307,9689.564184398598
94093,33293.4110764077
90665,9302.32264160305
89424,14410.392792163739
89966,15884.835584194434
87512,13209.357802213468
93925,17610.340561760433
92819,51520.705269746395
93100,27888.673955214446
84387,14018.401123215033
102337,10716.54965720166
96351,9195.18370170492
84790,11817.198395470208
82257,10521.113851322918
99957,14165.240676308213
88917,12936.536950609843
95068,27355.783755455537
84509,17728.155915076062
91624,28003.80140556272
97851,13847.109287653106
88699,15865.512970741296
100216,10807.470360839141
103752,15569.274548461155
86444,11738.457668728259
96692,11462.485163657111
99855,9611.068335800446
80299,29604.622528262666
106960,5043.554542002916
97471,17751.89113699972
84560,6322.937993877883
102670,10564.821408468511
89279,11318.88708208496
101965,11343.765956424346
97569,14004.76111444421
79614,26328.405810427597
91772,24211.485444414462
85007,15412.140230260227
106561,18998.6718945517
75994,24940.12267060771
79691,32051.41970421316
89364,16218.499778815449
78875,16052.67693735855
107066,29046.87495931703
81507,24645.969499426345
95249,24241.159275579692
87015,10777.679197220272
91324,21284.372954765422
76752,11268.024142479962
102171,12566.800086368787
101910,13834.263994404082
103619,14253.67928347238
100128,11161.71197949772
79404,25802.558416868735
93180,29258.72762808087
98208,14914.35597930831
79595,21424.50735116906
80232,29491.634127012887
80698,25798.844211560758
77442,11383.808201387548
89295,9542.562263888578
107982,8757.86471638863
104260,9001.451320335813
107081,10405.362640428597
84397,22727.226523489237
76341,10519.423261548405
105837,22965.544701674426
87758,15791.5572788531
89085,11802.53209119712
85464,6896.7223840522975
108404,11841.208528966321
87357,6939.567067897012
96567,11777.037557005311
106723,4498.4180203868955
102198,5994.007876618182
97673,10684.201041403045
94078,18192.330395668003
107507,9907.48267585842
97681,6073.061810346654
80033,9645.578909541997
86656,16806.955695840712
77797,20897.946879656545
107699,20204.285227270993
86945,12427.813507337707
105222,3956.5241654174492
104904,13042.934046688259
79731,12181.609454028909
79205,30248.045483906764
94275,61111.62923496604
83219,14117.037861997744
93926,25124.79350772794
77804,13950.556419283075
84512,15053.510121606818
77215,12277.572326120999
95226,25503.153261832693
102992,8135.309970132873
98108,11018.92316800729
80629,13730.975273620177
98788,13617.00374933331
84971,9412.687983380167
97484,13095.132887935204
87887,13612.737095723187
104294,42484.98747207499
84316,8614.825652831074
105685,19475.33672649817
84866,8351.5421590393
108412,17372.47823802723
83463,13738.7502313681
105005,20062.257776533897
94134,38152.75933864957
87832,11280.736159073324
106089,10254.218588151854
90745,7210.880451396305
93579,10781.006413455927
77750,30379.326132364455
101618,6556.954604765346
101148,10779.361354862604
91084,20516.206418986156
87106,10803.800239076907
89045,7936.063716985738
100365,11546.851391808596
107100,19669.33914556215
89836,15097.790290134128
90463,11450.481117077268
95908,27102.87358835173
105700,5270.542764936199
93105,24251.744234042068
83244,13859.042256652214
97603,13859.78744170624
93616,22975.930939856393
94245,21155.156651620957
90752,18015.610129450837
99594,12990.871983778665
93068,35137.65501687401
88443,13122.99097104407
92592,28072.42492714858
99796,16186.622486635182
101588,6651.142717604231
89633,9783.70426266983
99577,16116.156758531582
97165,4327.970702303318
95686,14030.445660174695
79266,27826.68853302951
76351,22377.083161170878
87457,10123.686896072992
90220,11934.645101824679
87855,8011.486010617742
79818,18881.498587062957
91024,22667.89239694768
97908,12406.061147347895
101556,10348.663763064753
89750,7578.552962825012
107781,14413.5579839779
94151,11853.64647782268
103214,13232.613927409511
89012,6766.389225019002
80997,24973.512541669817
90002,16051.86958982927
88243,15988.041570583482
77631,21591.445999043593
76185,39924.139037635716
102767,13864.468699893587
96776,24825.01807162699
107630,9526.32216761229
97550,11589.433235471244
91871,18375.57018677779
84499,15396.327547560923
94523,23346.78554601026
95467,23825.92933985051
91735,17742.620892099178
89874,13849.58435388928
90168,7292.462379380913
76765,12810.079129423544
92590,18075.206559629754
100529,8485.67210313804
99330,8693.374536183544
92566,29277.425628602294
85303,16195.382833057898
108401,12561.757770097252
107621,9246.380699086903
80471,20287.328678573365
85478,11407.214580587122
78386,20741.122164368062
105016,18619.148164783583
76807,17939.34492745489
85036,4791.398090308885
85428,10468.876201988436
85783,10290.919542102596
88510,12563.592888716796
89262,19309.351116577796
89136,12282.979431360405
77193,56485.77689263248
88928,8314.875710486529
85930,16657.685604222093
93387,29213.282014033135
87348,11169.826212487673
106766,11246.18210929971
94358,18257.802679337095
81582,12918.513826908755
87880,10979.60062546966
80554,34396.67246878871
103295,11345.336342382934
86265,8901.068383130936
85650,6548.216748566443
78496,11993.265493485247
90155,7408.775565611798
108366,17612.398243894007
95435,17455.50327661455
83433,19837.00221454447
97917,12724.089412076444
80755,16419.860741865185
106070,9293.095557669625
80354,16673.93147649778
98453,9255.869969583371
100106,11228.25933267921
90408,18525.380815928595
83615,20436.908232943493
82425,17121.951648767572
101993,10212.101556779488
94522,20521.00578931726
84782,10724.50027666387
108223,11779.944800862637
96160,8612.780356611956
98432,13233.05476616851
105363,10053.961708475465
100535,4804.420438052829
86591,7485.055804570988
104667,19979.31639496279
90913,21188.845987742232
88935,13583.075638394372
104570,11372.92439201606
83610,11236.692202788774
92006,7397.384458015784
86169,18059.982020384694
82827,9592.054261600071
86592,10930.754100889495
87212,10285.69944728924
97120,15425.863513973847
77359,13787.435211310563
104752,19127.201470633077
97296,8028.588194027933
76528,18097.620286777415
94678,18021.612252768486
92677,17524.277205357866
79068,16265.30868714938
79258,12363.520750799596
85903,18013.838616394107
85139,14656.855420975764
93427,21887.09045969454
83820,9997.9610842031
77286,28003.045073834845
99210,7272.555816819587
87068,11466.13101097942
83423,8688.535757955717
104277,11876.850634925746
90679,15968.935064558793
87218,12115.659855596376
85604,8771.280720947962
81045,26812.703173890477
99525,9846.298499189883
102332,9758.35405808128
81248,20580.355308262482
94626,36167.76779859381
102031,6908.907191690034
99240,20299.142690487064
104198,7846.923514251721
103296,6727.097241834839
105530,20567.351548465685
77830,12201.736998368173
107707,44643.87103010222
99875,54829.4508473829
107727,9782.536270725006
86279,11965.353711296828
78738,19801.87304661198
77514,16809.410650117763
83235,10076.224714979786
96964,5702.051585896508
95157,26338.357288808853
84407,10904.343147100755
107930,20122.02678175605
100103,14492.242446467479
97895,13763.730857296154
96823,24702.664633079246
85448,10009.550885394407
99246,14033.352183362862
100586,16062.238389710225
84536,11124.579484822749
79744,13838.892726726093
89433,7179.57259326649
93466,21118.342740544464
80628,26234.369859118022
105144,23571.452437609496
87407,12390.409575346921
106295,26463.79216667279
84239,20717.114749216704
89362,13028.926520062678
85099,10844.118422154117
88071,1821.6823460822711
87696,10532.740252791735
102512,11087.181565236076
95911,23711.698281479526
85069,7974.443614559449
77710,27370.31347035105
106234,19928.83599902334
96338,9465.967012744039
76534,32717.617461224272
91330,12576.57480863497
99229,11100.052445216214
79318,13356.462841407641
87465,16783.36374471577
85327,19284.326476108567
85601,16742.62343238676
84287,15542.535206528124
99523,10823.002282994516
85692,12719.595528133184
101573,9085.708634424627
97295,9554.819999252759
106567,8636.91003621312
76031,10630.185845944563
96219,19193.31284780026
103153,9854.689639775102
91126,32832.83808211098
106188,24392.410094625207
79174,11593.498564790603
102013,8588.36624351822
104603,11695.058749051124
94006,22316.525707913886
108326,14229.356987935973
78483,28708.060371225507
85801,11913.970864774748
93295,22753.89609813156
107744,13897.236470046795
100171,6345.322998480058
106558,11111.010135191817
100806,11048.880993307972
87732,15206.033696994773
96227,30523.381461961402
92111,20525.24956016682
86147,12001.042893968732
89519,15957.632962779355
95271,25668.7342315263
95264,22856.01821028573
102294,13811.227597099662
81966,16861.468525975233
103012,16064.809738825837
106989,12157.734356491846
96772,13598.183460253722
102972,8456.78376599917
96306,28832.44043452077
108418,26838.845352157536
78045,11885.65101993284
88095,19975.538512551575
107561,20527.928847550083
81795,10988.495036706057
106736,19227.40017985604
89308,25970.897598424686
92852,26442.379355575446
79486,14708.444722035441
102942,8586.792553137166
104342,14285.466917374608
92242,29410.01816592114
107000,13873.625427910005
101869,11879.028251994716
103744,9449.701280431986
92316,21440.360692177495
100386,10052.524170607787
93123,46062.32089578173
79755,27766.749331607072
103598,16388.253143811966
85309,11720.305184333558
99062,7828.809393279002
106747,24843.353041884875
86675,19605.836684877035
78833,15397.237498545133
77194,18305.51346383539
100977,10616.281253039482
80837,23320.148519818456
89253,19325.30595152214
99368,17305.173243420773
82058,14422.231531167907
88519,13622.255994896366
91242,29119.892477768775
80897,22387.949618287603
80505,11844.657350810996
77645,28595.963554456866
100818,11384.149823522499
101021,10803.687624548578
80028,32023.629968915557
105669,18149.957430790673
105092,4770.854535173046
85973,11447.360604763999
101110,17435.264157235728
87926,19825.31565141003
102411,17343.61035587883
86210,16123.485015066197
106999,14257.736459270449
86228,16946.63687841571
89278,12481.19011917041
85460,12803.591872562147
100527,5986.9553121620465
88852,11091.339331632395
105762,18020.693322831754
100149,17637.247957893684
80290,19157.92819627084
85953,10141.917764966818
81492,13933.341648030642
76831,18074.478544404854
106123,19039.403721390037
81945,32228.4153167995
96796,29887.712318429294
83848,17468.902853062762
76568,19545.700904396934
84777,7089.058408530786
85159,13021.422825305146
86943,10578.338619055521
85719,12920.356403443413
90325,6049.531621270151
102061,9708.274345784974
77924,20274.23663614334
85093,11610.659568791338
101892,15497.602331745244
100848,11207.44681401553
98725,25326.217169102427
83883,7806.029454162554
90754,8063.946271713281
83803,8073.372486286883
78486,13361.759687116013
82705,10635.117666349202
81532,45578.81452051063
108285,27008.118424396176
83833,12992.691791136944
98263,17766.45172154559
87000,12828.226868458189
80673,22534.946743445493
78206,31655.015053015704
105718,8211.561732123477
93533,25964.54248196275
92133,28034.278962632954
91065,24095.248149396688
87899,22001.42517131801
98017,19487.589818275734
99570,9073.352094045113
85188,14211.515072387592
101319,6992.277995854453
100142,10622.901937587789
100019,8843.976620322044
96598,14874.768179260922
81397,24460.68610341748
89238,22772.831987558584
95758,17559.243032256465
91540,14276.138575290517
88474,12978.014798596278
83465,12076.223044478937
103092,13768.317451018798
84968,13823.448971369771
77523,20366.478992578293
93366,19960.392824204624
90815,9972.777192171354
86902,10690.627507121495
98479,8844.205967081338
81068,42040.97676337535
93005,12727.129244121219
79216,30768.24907930423
87027,15511.977552840084
97332,14727.495974948357
76700,29154.464444615394
92098,21610.9818843774
90564,16922.043990533475
85106,15588.499525119481
107907,21559.857649777463
84142,8325.94807516766
76304,24288.10308336578
83000,11133.904636327226
89782,15070.228098831634
76184,10238.171938143374
107539,12298.589360731627
78236,32874.0905461437
82316,17903.834276014648
106526,10548.43000632794
94138,22745.74390594025
87340,14178.653412846774
79516,22007.120349707366
77411,23658.555137730746
86680,9872.69472341607
95225,16867.156132889813
92224,29333.952628370705
94791,19434.585778147033
102989,9991.619233203393
80765,15842.152892616188
85393,21783.220444829283
104860,21468.753354253462
102484,12481.386803554575
103672,11354.910226694667
82448,11953.65345738256
85479,10020.030210649082
94775,23399.12967538626
98729,23962.62733775048
76893,19766.77895161023
88144,13004.377078478308
92369,14657.103244320711
80841,27334.595885356965
76791,16647.564780705696
91845,16396.72132962211
86949,10004.695162153079
103913,17647.68471543727
85869,9930.772599948838
76426,18694.41844705165
85214,22346.136067739455
95332,21941.265468100297
85821,15693.348188745456
79430,21443.382429966205
104573,10711.96225538168
105788,16689.60742565455
104867,12487.19525566761
106367,26648.289174843056
108241,14825.60241644149
76913,39125.08735266374
78712,39195.11940975234
87769,9688.206932495003
80169,19298.62810443926
102028,11131.421876434519
102001,11305.42667992235
107798,43122.94452866192
80044,48082.53685196173
93757,16479.670781290883
104233,22613.47786376823
84195,11680.274510494773
84096,9322.130954040687
82336,15811.508769263748
90423,20941.77339345979
81769,18450.573764028228
79650,13195.474552685057
84837,19599.02959035305
106303,14689.63469940806
98551,24249.52150081621
100452,11345.336342382934
81161,22934.048716134523
101116,9530.12621766935
93465,25143.372639686924
92749,46436.30814593089
86281,15762.961663110105
95586,12528.145953545085
78235,23951.838607298152
102754,9904.816052979835
100017,11122.481809990306
102637,15960.117589083431
98192,12694.22669092589
96683,15497.590356947927
103968,9675.751943702226
89159,22197.889120952794
77752,19206.88103679291
78526,24288.315726234818
108387,20542.85199537084
78659,23580.82994268291
77013,25281.889686360195
106480,15383.043769605963
93920,24342.09745239899
92912,19310.27926987448
79044,42090.90551940069
96831,10253.747753005533
83502,10325.47841922267
99420,10079.47906475207
93785,13134.78312717636
83739,17870.347801714026
87018,17256.068584885008
93773,26839.528063458343
101674,9479.251665692613
91655,20480.060507442162
104412,4635.479350744989
91636,30697.16211624418
91101,14620.978653104075
102437,11435.082564673832
96958,13869.173808745572
83934,10873.488373464375
83372,17862.095509243754
107296,16753.721082020213
104909,18351.787118167278
103886,10865.112589107528
98858,11165.141185993665
86276,12698.745194295503
98148,11608.803286366176
107294,23887.45907127075
81812,37055.72310191603
77997,17581.525063917168
104626,14545.165861029805
102424,10286.159870973404
84992,12416.373774422786
86867,4288.654112344618
93370,25424.31989007264
90804,15893.619476724889
76001,12525.525117814841
85691,11618.444507617118
76328,35762.902223951874
79143,15149.362563915058
91356,15657.570528059432
93553,19418.574621545282
93673,18954.96960549465
108239,10213.255177620438
99923,12330.719955711715
81616,34753.75402125561
94433,27686.45335382693
99985,12697.986876838342
79648,32341.997106356936
91423,42715.591771122105
96581,12790.902611400372
93321,50295.8235010911
89736,17280.74172204379
82722,9381.171454325255
76093,31540.312135583885
82767,8396.452534367883
101615,14348.46852730253
96585,8988.549624831743
81552,18070.751029225667
89656,15536.249539654458
76301,14002.62491920045
80683,39013.8575128191
95638,17639.059376701396
78343,15396.854516668396
81495,26593.20728736829
78517,13253.157947954438
91764,15598.323051115474
87050,23817.721291263762
102877,13530.277018642326
86844,12130.79536842221
94535,14380.010388075269
80871,14509.942130258076
81126,10564.84567736501
77182,18522.004754773916
89335,14810.369044971476
99612,9147.480105308692
89041,10030.21103375558
104165,17933.679053261112
79096,23399.841290266802
76051,23551.4826198787
99599,16153.285067070039
107763,15966.597287279055
106646,15809.352034591819
88985,12260.765006805754
107109,24822.188360503576
85110,14621.310185265058
96907,14814.862265458629
106806,16955.73376419089
105409,14496.169023252145
105449,14747.584542946199
104042,17838.844947629426
101299,10919.692653112244
102434,18670.244913881223
96363,9959.684541072742
93918,9597.825206602596
80842,52975.467622389864
91578,17878.524835856093
90458,23799.1072128218
82186,28288.687179501452
99767,6898.4054123777305
96898,32154.588374565807
77755,20428.226018883175
82958,12096.463184992397
89248,9157.766062334058
93452,14177.380591598843
81517,12126.910544691937
77919,26312.201622947876
97110,14519.220357759363
107317,9007.146654773413
106102,9257.425972271534
93034,24289.25350329367
103446,10967.818186996059
82762,25981.82174183334
77365,18617.7155037464
86634,14578.06221654733
93109,34400.58475838302
96094,5287.671483014241
108191,14424.855905643164
82667,11834.461270361828
87953,12514.713751890338
79188,28191.233966464177
84962,8895.191481582768
88377,10980.019756104317
85942,10840.187759964829
88278,11913.926662452765
77743,16456.340831307785
98341,11827.128979684761
101197,7372.7705693254065
102838,13836.718013602616
86885,10447.939840944875
87648,13482.017559398455
78995,22804.12285661835
81374,19144.76666668697
83829,10594.044334279073
86073,13719.953109191545
82848,12997.921101374159
101727,15274.357827887516
89929,9161.696594886656
108534,11624.263040041646
80592,25663.887302328403
96292,14006.237693940338
102569,11233.091511947927
84692,16006.228808455891
84531,9863.933909038746
100173,9257.95353972945
90263,12979.970773573938
88489,13004.483995017992
83941,22005.933033148936
96621,11832.019811948345
88427,10006.887519221704
86625,10562.89237871246
82798,11437.570251860696
86084,7122.341816719986
93058,29526.8385835876
98527,8403.784547946314
99786,12698.245073316362
84132,9951.638041130931
101160,8736.178489026124
80396,32156.959172195177
88132,14636.2171974751
82835,16630.021747054147
82959,11464.109069731203
97225,20312.69919422694
85463,16536.949353161002
96733,9130.41560795598
91820,14010.452810297224
105870,25939.19781548801
83255,16642.758701699022
78899,24247.310692276693
99812,12663.50883130822
85798,13063.039139729986
85452,11523.553797256944
84706,17524.068738754188
104289,22336.801724051784
94785,14917.308391425802
96707,10086.361128976878
92847,30742.415857212512
96054,11677.459040823105
77986,44795.590324056335
103435,8814.641365738507
97008,14328.604196638818
81650,31206.86849309872
76920,22124.72725186419
100479,16327.787888389184
78120,11949.07183136296
84761,7942.827958770261
95062,25384.473464004008
83102,8485.935722348244
103872,8684.890379222761
103816,7341.739457396854
85672,8221.604215889427
102125,11141.647135584208
86928,17360.442273968867
82814,10979.880352983795
93167,24897.087944117007
97674,8114.481836215354
107400,30666.27114170135
92669,14353.570956773883
78046,26493.084895465752
85703,13323.871474729674
104265,18491.11733773648
107786,15289.213055766939
83707,15740.994967596165
76858,24504.058912985685
94147,20911.764366203584
87307,16273.223467952526
90594,15611.64981700137
91305,28948.360085157674
83302,11827.544713179017
86173,18656.243797838342
95811,20326.33367498941
79868,13222.100134279433
105265,12759.828536476236
107009,9862.953839609372
107281,19196.11026484851
98848,11272.961255522032
84222,11116.003090822986
98808,23118.52392715907
94002,33911.29163106816
83985,18697.368838295057
107772,17269.857059018424
86564,10697.747141893517
105241,18257.14632314998
101060,7966.20502010084
104362,25452.808426044106
77441,11164.817004240304
92827,25605.507652631244
86523,14011.77587323011
78695,21336.2939142196
81392,26908.44269236084
104823,27148.58816261194
93521,31854.301099747598
107098,14170.143017346252
106011,26805.7614472044
97032,4529.960006016477
88646,12728.67823361134
82014,30193.902651675402
88034,8831.122955463505
90561,15266.128098444737
107888,10909.862545239392
106249,13074.227539654434
94608,23579.037925370936
78134,20009.05021521239
92898,38751.19481527241
97031,10368.563395691806
85220,14762.562051025128
104973,19287.01197729022
104081,10751.596561095663
89865,6318.207488643719
91706,13177.221899030514
86089,13990.762199817396
98736,15159.732578930136
83238,11842.603655055747
104237,31480.696465702247
106990,9619.149331399627
93432,27601.820378588065
85280,16293.106233928667
79909,14925.794970761559
87698,11831.489546413157
106059,24551.04444903346
91016,12651.940120691015
80180,21470.182330008483
90006,12730.955139034631
78122,24285.442115740898
99672,8206.835414271301
102297,9755.775434091905
76047,14139.749139751446
106296,17757.14906378642
79989,27924.15149373573
100843,5827.177314308377
89014,16032.551382500229
90568,24375.245656065614
79905,20311.97541455185
90643,13714.21831390508
100729,9940.46562520282
97084,10698.949124242381
100984,11713.195359789572
91475,23610.140082552924
105531,15051.314383796216
78482,13114.174593892041
83254,17084.739474844453
85217,8238.25793454948
102974,12265.561176691506
80040,24319.114133177703
96077,17537.786489250666
89073,9889.912340255616
79118,26045.492968841034
107565,10798.60318519965
93486,19744.85334278411
84670,19350.9575258052
81104,16902.70875357256
97867,21522.875709245996
92897,14702.088970764897
96592,16439.633400556206
97864,12447.76608351438
83369,9027.117673810504
100471,12020.88706634079
87533,12233.775100343437
93111,18201.900750419194
99979,12418.115850993161
103340,15312.079162862121
104434,15335.943293288457
78515,18783.50867968987
82046,38201.025751069355
100572,9586.19905939101
96382,11951.035664672783
97575,8936.643252207425
76210,26960.791073594963
96628,13877.782875236033
98232,9881.719328823063
92457,30341.633182975085
103665,13339.815948714488
107838,16248.085604701877
81165,18127.2971495077
97719,25787.176604151548
80739,17260.118742074774
77593,15323.999673634973
84766,14519.686895210592
97274,15521.82181860309
77281,11450.620375156368
90347,7824.963794808868
77555,19051.25412034409
103246,10379.304881229444
78404,25786.94948707325
107745,22161.791848937053
77017,14062.358406585186
107995,20444.201083258286
80982,23829.313436197477
93844,44950.923849559535
83606,13735.545061721708
86904,9819.741497767765
102616,13049.799209544712
81768,31606.383777278767
81464,12356.815115218858
103309,11557.13075434407
92975,23301.1389269591
96156,14973.963464502816
87770,12737.542144708552
99632,16609.387172390525
89924,7350.304618340062
77573,21466.56454642546
102968,17834.414382813102
77822,19257.848007595916
77725,13012.654349578532
100787,10148.037989690183
78013,39195.27180885463
94440,22873.870201394413
83938,21728.126285537088
81204,17792.604065873285
76519,35880.93782670448
82172,31481.445838080628
103592,5644.719628611011
102003,7613.576933614612
104259,16602.253485118912
81120,21288.779303044736
106207,10669.56118315915
86710,9338.221915701226
94024,57209.73054004176
88164,12712.500192022351
86667,10676.173427298047
98371,13256.1702316012
102344,14755.436639361642
83142,7488.166840867837
92532,29625.443465813005
98345,7096.889999536096
94565,14747.105574166693
106223,18209.960348573422
104831,29295.536837802978
96144,10463.077004085702
106634,14410.335864773206
90623,11453.57245438822
91275,27529.05121800134
91547,15380.43550646134
86390,10114.384683864297
101986,8451.150735896195
102994,9649.386530197105
85291,12831.463805282603
97430,14327.95181973417
106209,21088.819756799472
94798,61317.92049790425
104565,8558.270606693897
93679,17401.251824372932
93960,33462.85054613455
90063,5930.832538402557
80038,26939.26005731288
106513,11883.168388325827
77267,26081.026420251652
91539,28086.48338632039
77973,38864.13647584843
95999,12633.282229839937
78036,24505.22962367211
106191,9603.874289809843
77480,15504.825377441624
82656,9510.89584704273
93916,16233.236814571646
95975,20484.243102391112
81550,12633.220980481748
103221,11360.134783566093
84062,10994.308136298678
81584,14490.387197043548
99564,15979.906650869074
100276,11250.365937398687
81308,17270.248526528267
85519,10407.05685895259
80114,20346.296342461428
83911,16245.923199454113
101879,10527.495969306761
106626,9618.241487503643
89009,10979.484154518914
81989,24686.203450489054
88197,11098.870491821375
93592,27583.82162939346
103290,10658.04227890343
96988,7570.8480292298855
106777,22182.770967301836
88922,25864.656630470447
78224,19128.63365729235
79643,30333.27811360498
100066,11200.417707247272
99132,9851.85716790769
100610,7142.266008031774
89409,12558.310383993849
105675,21819.967493884054
93304,23767.26741203077
87662,11944.517390819366
99433,7928.962054220816
100011,9588.25425637558
95327,24878.021151848556
90169,17228.016607054014
103978,10012.595590629588
95238,28532.620573521574
96242,14010.237991911032
107917,13138.799911715074
92639,19447.18049678699
88936,20829.395228411744
102923,11268.663950518303
87883,13190.559072300943
82670,17283.418677585643
104229,25290.77798329924
82031,25081.726758365196
94197,19479.27622150568
93921,19168.0803948627
96030,25919.15669151123
106335,6574.813034498901
80671,17646.02681511905
86723,28199.182922036485
79293,26551.701171297336
97549,19427.73238866753
91837,18535.826875045404
86437,18986.32688926637
107577,25917.577033329686
88419,9426.596473634569
80746,46666.08306585203
82548,17087.296039526813
102711,10897.510001118757
80682,21815.231494948788
93204,32707.329680279883
99582,12304.5770443643
93195,32345.916950879437
89626,22074.17623936584
84713,7891.799024112359
103182,12487.674556569531
96954,22562.897716620282
81758,19532.890047169894
91938,19058.686365229005
92961,15109.98940749936
89533,20701.891254480957
86243,16304.824412060705
104482,19054.007424896536
83198,8820.72773463037
78284,10874.115044698587
101133,13794.51024009864
94339,18029.7769439554
88631,8434.363241923887
84364,10322.529848749307
104341,15432.22746127071
84650,10125.764777561786
91140,25137.135975107834
88889,12710.374761115525
98085,10480.836140589141
78796,14099.556487229367
80524,30574.12550350752
81309,10273.14857390081
87410,13591.123543106656
96810,4789.66736483556
89982,15546.112241947183
87326,9835.947758216354
79722,14312.025814114526
86367,13148.332411804338
105368,23949.585104512655
92505,24154.264880996598
103000,12326.441048775123
85052,10971.64778303604
76497,55485.08902469362
105312,20305.286061313378
89705,12915.333935180053
104999,21723.99790677454
107876,27105.819820563953
76095,21624.25639921802
96723,16413.574700585443
91593,27440.241915613715
85772,18588.076936829424
107199,9379.530902703005
78256,55880.42326150975
78275,29937.844710913527
87582,21179.09524410005
104231,11477.629650985395
90265,10450.735445016237
81793,17073.533592898093
90526,14564.295232706529
99086,8936.950156971017
92743,28741.75455861839
95412,15182.347048389089
91146,27652.44702173592
95923,23923.330720972474
76021,18946.43836717821
92858,15299.500693080381
90984,36073.74012615662
79158,19441.83575652159
90318,14640.662633572181
91747,20890.0222049636
96641,10053.765044082298
76202,13803.010773439564
101040,11973.923615288699
78797,30948.62189940385
84745,14449.927471307732
76942,12038.159487334584
78980,29070.57611107288
96662,16606.064822031163
107813,28325.65798036655
93431,21652.450569844295
86915,12916.145010374421
105102,28657.277510995686
104447,18617.53771446773
83183,10110.628948905887
78917,13264.659562128598
99336,6852.158003631677
86883,13441.54598783307
104155,7385.176083797594
89989,16869.799256349008
80406,25024.862143530918
103151,10733.607196849021
101077,14933.027965655869
80134,25943.904440650138
79090,27290.109477104572
93482,46604.35721393586
87205,17219.411751008363
81295,43958.163196174144
89726,9403.322452357417
107842,10022.046550517092
100351,10032.688151972683
78392,23073.378754532085
106503,13499.050342092645
103982,8666.810090882898
89276,7625.044652729279
83143,11968.377264259841
106521,23063.97729093001
100841,9665.216385985901
76990,12628.14000981527
108466,18617.98060113562
94285,22010.582813203215
76323,20149.074017834984
90868,15944.355187763138
100631,12598.97298731587
76196,12864.718710149096
98387,20419.81784054062
107494,11995.377343797241
107439,13879.117081834884
101458,18670.244913881223
78473,14907.887181082004
107016,15794.36431291892
102109,11188.045162443721
76537,12040.95667601292
106523,19078.83213434712
86340,11307.091131816951
102486,14694.508111055875
98993,18388.17200203576
79358,11090.802843637317
79906,12160.850158216557
83932,7989.407135786892
95064,11164.662414474002
108339,15955.60169698427
90489,13281.158764240894
107984,20105.886235197573
108096,27659.783400636934
98313,8507.237228741456
79508,19795.1874693478
94289,30470.80523974296
104393,13150.354477051953
108220,11038.49137157772
104795,16686.656639580127
93178,16580.97161782306
106079,45377.4164551857
89584,7864.100176271469
102435,7053.58020093377
91967,46684.56132992681
107618,20346.693087731306
86862,8961.10337770654
87991,8852.977842018894
83618,16062.158725885609
90089,12176.805326253954
90681,15168.776101839238
85562,11846.391976922658
102934,8319.922676775499
78806,30788.150724904553
104615,25458.91606392519
101221,10803.687624548578
107067,31062.072732691828
101807,15519.47203820259
85952,17585.911317570943
99387,29639.196147783932
106135,12615.918962101317
90522,14373.407736691714
80068,27755.03784620386
95046,38742.33211453005
93546,29518.566101267003
97202,25378.86364794692
97567,4978.6938276251685
79963,24761.40146544781
84033,17613.868742384366
86538,18331.44453096503
104104,27750.51962585747
98033,5716.981828577754
91989,30284.020187110033
102114,16367.778238193701
102507,9147.058370717326
104663,16786.4591783699
90772,6457.369979453873
102250,7458.037024003413
78758,15299.215779231552
101421,9570.696129256377
86744,10332.745720247169
98916,9158.528134718721
86659,17146.777830326166
79853,33395.44391887588
102463,10777.158229624709
103827,11784.944186658186
106662,23813.413030964723
97291,8689.193764235244
108516,8910.215965871721
101211,9724.985584508098
94947,25627.59195578187
87948,14670.305880125172
83719,21048.51032079989
105186,8822.585917526532
97592,22168.664507786776
79918,36925.684535585206
78137,11814.605408615347
78859,12181.714668517925
86082,9963.722747493777
96316,13657.421311697359
80327,12633.106630799997
81639,12560.299553545248
76145,24501.2388678362
76612,26691.278254533445
99606,15684.542055347792
101120,9872.852345863816
98540,6728.029364949671
99667,6201.341502589248
81038,28723.025154763036
77521,16141.133773442158
83408,7731.851383346706
86905,8779.363410912503
85997,9697.414540761238
77009,20790.121415697788
103958,10390.923670229808
90392,8385.949405408337
94800,14263.034246297868
84391,8113.437178144056
94843,23749.589976234616
85555,13177.864541738374
101453,7863.4368633829545
86686,10223.149114476855
101665,8627.215786858442
101044,6420.419067739891
84230,9273.161314942075
88440,15784.668316651501
103253,9752.194645779271
102847,11942.630755306413
94381,58759.08678085999
94229,30132.17937531691
76327,34041.386423136726
97717,23777.85781354552
101291,11414.55771649683
81877,14428.669647051132
88927,7932.62773156994
77137,27944.12995110874
105325,11261.92938272155
79368,64841.74152531411
90769,15398.0657383657
101376,15812.213000259677
88733,18352.642432300916
104519,16138.152724817404
79100,13465.86798867674
85667,11468.519575371944
91111,29788.38810575377
84474,16162.365228229142
102166,7801.174881214322
96711,12280.316634002544
103102,9200.995886425795
102519,6774.541967296172
92508,16981.505347701757
79560,25744.932433998398
79530,22743.214163448083
103272,7105.288125794958
86935,9050.457834333494
88977,19842.888297282312
92681,17300.994392958393
91978,12761.43503508028
81144,22225.640994578087
98005,14161.113356262787
82716,9952.652182354257
83371,9366.19524172453
95566,23095.166567331864
87240,10064.135846412777
105593,16731.506164105784
85457,9762.726831225867
89803,5038.553471826457
107934,4427.815437753591
94736,38316.47256962365
92865,18774.584404887704
89863,14874.17131909704
101109,10286.2447234203
100755,9201.890597857378
99015,23930.948472571195
98439,10867.992758897686
84150,10486.858758297827
87593,13375.823651458337
83830,10715.896667808154
96778,13263.009309060024
93458,40214.35969911624
103141,8536.611975934728
78576,18236.648993065173
84582,9161.853978126315
84034,15488.906346060918
79223,28558.49104215313
88574,16663.34786626211
95914,16635.531042094077
91830,27902.22702837044
76682,21953.261597616573
76091,22369.268608034356
86187,13878.657333347055
80571,25647.09755577646
78015,19249.787997727526
83392,12731.41117646622
82103,13401.561835924369
93859,21039.30151504801
76290,9854.636655998289
86539,7339.371079971021
81288,18031.749794991647
103599,10013.118890460804
90430,8476.235936058867
89392,13580.624410534801
98963,6930.074851173815
88846,16436.415619913805
90966,36267.404864453485
97360,9517.584085559676
82496,12553.734059416325
96630,13486.269933860369
81712,16567.099425429293
105871,16609.731571934422
90926,14754.683869422854
81443,19337.898957590627
98173,12795.126931788009
90309,7280.101805169642
92444,19917.507021169567
80136,19534.797260121995
95739,14358.053411847484
89153,21266.010560035804
76376,12305.64407365692
80884,14048.845892143587
87395,15843.807342983684
85338,6698.4991167037615
103345,11849.034219320818
82351,12088.119898980167
94598,18543.10190019477
103500,12653.904347803342
90717,8909.710994127005
79512,15091.41771670907
82283,21292.524453542414
85192,6014.113258643388
81490,16869.96876956336
94793,25560.22668211802
97046,20121.186590074238
78567,31976.671947964584
106928,11133.297100127316
102478,7660.399312861407
99213,8949.996380009334
101949,6822.458044039748
102151,6142.923148412393
82627,12296.784086769818
90239,6424.97212846394
91840,22237.64676423139
93782,57248.279221999546
97384,13224.35514542742
108322,16553.311269923917
97638,10717.764518426922
101508,17420.5689488363
77475,28040.042750132056
106194,45537.91321070945
76651,21618.73562864979
104133,23101.41298060745
99030,8486.373157703922
81824,17092.10018542621
83167,20914.6840724632
92274,24417.063774503775
86068,10356.87512667685
78912,17632.701421272675
88363,11268.774071716884
97410,14354.848032036425
77823,22997.442280272648
98879,13046.103839574133
77043,10781.986753415553
93902,17550.31837829301
82757,9877.424598493033
90417,17680.097843481657
86645,17132.99125886912
105708,25539.942987573806
79365,20759.283320723134
93456,22334.407202777977
104676,13827.211082813781
92775,20534.08260274005
103789,11823.842415401541
98176,4618.72566473493
101278,10616.496417487366
86112,16053.679071908411
90579,20196.007241420546
102615,8990.452809047056
97093,22236.66047597098
84373,10158.125968231348
97755,12050.334200781266
100097,11194.37053851071
80866,21145.080492048182
84693,13296.328123890555
103077,8301.227028143103
93079,69613.85767957591
97533,30783.97385266109
94217,14447.993689389506
106019,24325.285035965502
107836,20793.895629973194
84471,13198.840957385253
94600,21955.12792158477
94349,17853.068285990823
95132,26860.974942804263
104772,27892.97658712721
92560,17584.210870203868
101638,9639.463868359719
100523,8167.310889139194
82090,14092.07422858425
95816,20109.70488905893
88689,18305.229939627854
82540,8691.854085879395
81643,13438.793541785793
104880,14001.627918596336
84922,22121.29632867409
97849,8387.609669316533
107366,11960.57914587679
89303,15255.460021670153
76547,46075.71556648929
105055,21287.083615397205
104312,9981.66299335912
106500,26643.629843060866
91096,12648.220796146023
92671,21230.471654947592
95982,25349.37271035469
105012,6906.256947734439
108232,29446.302853901103
84668,11203.05742723553
104903,14496.12325460049
86487,9484.72917719491
102860,7206.7922693928385
93205,11623.695141198494
78221,18198.510044777253
91931,29151.27957395423
81589,17298.11282609399
106873,19235.258570752572
89482,16123.240296849732
98459,11849.318994446076
97660,9989.607129404545
96409,14326.613315407147
101480,7778.390210818435
105862,9261.46866184113
90363,12281.399807658097
96433,10186.037736638835
76970,20000.876444067886
96689,24831.085766238954
88899,16015.55557756948
87559,16499.544142594263
92908,28556.78976437242
105211,11900.979637684959
96729,9242.116962978547
95854,21898.829941221098
93767,20108.413770002335
90545,15728.893654291054
84005,8664.029826122012
77380,22857.64363172678
105877,10541.385294987555
104706,26441.283727123853
89994,10113.697766607556
90227,14986.21489658322
89814,16407.486753395842
102539,6523.6944522397835
87753,14193.774963674337
102038,10413.429237162887
76666,17917.659075914016
86698,7856.805917709909
97368,10486.933653965894
79416,24386.268006933708
85147,14798.991801138547
80148,20072.26030480662
96579,12979.359820439311
89817,9314.646806761484
86431,10837.086441630769
103566,7148.458951395834
89355,9122.055929317808
97349,6357.189268774639
92618,23965.644241882896
98595,14669.060164419485
87502,10478.737212173899
107954,12604.518329852344
81470,29926.40884890984
79848,30278.672670267806
96373,10698.711079215262
79599,23521.058571063873
101454,11055.408584383524
92802,20651.763382814355
82725,9765.83232813532
81084,33684.95256472024
90130,15090.531998700946
91985,11621.17314870687
79528,15639.571316049285
86359,13434.874201995968
95724,20567.61146748554
102527,9240.249642501994
87032,21811.12481276752
78499,14217.434798604274
107980,28349.25312990944
91005,52151.48079056554
100196,18177.490609301167
102797,5910.54634657011
77141,23499.653263297692
92109,53766.652916331754
96501,20691.75591470195
83865,10923.355698298108
79122,31235.40146584672
87979,14956.217009457341
93237,29321.76406004172
99104,13435.459251208767
95095,18069.38129273348
89412,10388.553209063037
77440,15561.424970292717
84127,9185.85149130377
103842,11742.072231374545
89806,6450.034333964448
98894,8856.567217306318
88126,8432.829456540809
92809,22140.63408428845
106076,10951.350375661379
80110,24282.61186243991
95396,17437.71541027339
103003,13787.540909427878
80123,23408.25519323101
82441,14773.59954720149
89990,20346.979815409977
92936,20520.49294158738
82544,9232.410826204474
91339,51548.20662168024
103929,11193.31831588727
102389,12801.482110186573
91128,22781.436695151424
89752,7233.204248664824
76840,13181.90219067537
96514,10661.294909460941
98706,18487.604783326693
107602,11858.025342730689
103844,9541.006415799571
76375,21510.244541745964
80401,12856.65554656809
79030,20238.984476665963
105766,8633.71517648742
83033,23298.44149306656
92521,12808.621005109862
90836,10448.501278192924
99168,10426.693266225577
86363,11428.236789572431
87320,14962.664217353293
88185,10321.560157540569
79290,23173.614998706184
88091,14696.797656932185
83838,8051.88554399266
88099,8339.438384161625
82824,9928.228755681286
94204,14611.814165781127
107723,11541.80576169424
93691,23938.28913574467
99317,19606.495570168307
107105,10861.68326839514
106351,20686.246556216607
82970,11270.564972331144
107261,5768.137045100302
76679,32019.134030897098
79464,16853.27870362757
91312,25689.859168354928
80546,28763.332071110726
89220,10836.552378650966
91796,28208.616616788393
106360,16725.57036256264
83027,14713.415519455264
81553,15752.398715582955
79124,17050.337143925517
82590,10469.104708782139
107515,19987.37715037091
87964,6133.626214923251
79995,17955.967752030505
101022,11177.196799732288
78580,21553.998633340187
97644,6749.496711449512
87603,17535.721437937016
85091,19389.362371851126
85155,14438.635599061696
78402,13079.659366645526
92603,27304.397428772943
79788,24023.355113353617
107769,20598.29383248441
105117,12663.945144490568
94619,33704.98550437806
76808,26206.340615403584
89229,15053.067899291862
102592,16938.2639564176
84597,6844.711421053358
77146,29950.619509530872
98794,6836.384968792042
100453,9484.48196705821
84075,14671.575351508622
92090,29385.00954411297
97646,21579.495878783993
84071,11169.826212487673
80924,29262.16565626258
91167,30693.029235914466
92607,18328.80644786286
99654,13151.213759901333
108195,8176.626969804276
95150,32154.323458769075
99921,4249.279197344954
83768,20265.740279504877
106095,10898.913526796423
79380,25896.279680807194
106671,40794.54382598802
91757,41080.711202661056
84936,17109.71985395488
77970,21548.43519253454
103327,9612.395392585571
102169,8277.936991662084
103207,9453.100448772004
81602,10066.325770504141
79975,37404.372970634206
102385,12604.534901183553
80726,26566.423485566622
106953,12612.758717234408
92929,20994.169328579035
96553,20051.321811088423
79654,10442.120685597378
95376,22129.491618163094
96667,14585.422404377221
83421,11425.92707183904
107579,17249.229980474585
89108,21064.803937960874
79958,18503.25755399174
101980,8846.867020973179
85178,11637.50852554364
100898,9096.57145956779
94926,14190.009357553596
104484,16605.481563336783
80250,39070.81284418858
79639,54684.15163379181
84385,9944.949369659234
98249,17183.68511162171
94803,52188.62738193029
99178,9658.875486848621
99706,22463.75139210694
82493,15637.320570966605
105868,16984.319406810013
98807,11267.696134461225
95529,49023.626999640794
93580,24897.087944117007
91437,33263.143381482034
87804,6981.069703388143
92901,19946.004103802363
77177,31508.649214173543
78856,16788.938147013017
84586,2667.046728075115
85230,7114.070269454248
83215,10219.39305795556
78610,18928.210195354666
100081,8546.002790277871
105716,14958.987215288222
95022,14726.341727933694
94225,11548.503263273726
106371,9769.585950041443
76850,27259.70200657475
108514,17932.124711911598
80352,42468.27236222628
87930,18367.058096706314
103564,13906.734477145552
79881,51928.23594137516
86736,11330.412233380112
83661,18078.84795541261
98853,25780.33221135145
107158,18561.83631272386
96809,14486.683484861413
84048,15831.017263365082
90608,9295.011801259296
89134,15436.307345779212
99321,11722.984347829888
82452,22617.241314874016
80684,29191.478691395005
99699,11633.698151333621
88449,11636.520791098248
76962,18107.147984094834
105626,14226.759866353017
78655,30703.708715811714
97115,7844.54645628344
94865,14783.882367588734
85675,14580.469009635499
96671,12286.49841992949
93365,35273.364721764076
105188,14104.179028606104
97713,14621.488078527987
98996,8601.08450751437
98329,7390.891270643287
96091,12727.311045322733
101010,9531.010231143284
87169,16111.256616598479
83760,14444.6007545317
98511,19370.267784759217
94233,55734.27848743733
92072,27896.114271303188
79796,19770.596475580034
97619,30155.948595172078
84419,10856.522619414322
101015,12943.650626631568
81132,17232.960279056304
105597,10744.901592881646
99139,11641.198411126601
93116,17494.824350825053
97838,10046.352763892848
76627,17674.58288412697
81785,14082.461688716308
97645,11771.532002521475
78865,18629.728589779414
92152,28983.737690732603
106432,27403.947475754718
81609,19246.09913180637
85585,20483.03170336184
79017,10816.609454424364
105666,9515.2732331906
97664,32047.278559495775
84418,14738.709348615506
102163,8515.256651989177
99675,7197.544671769199
82132,27950.868251560183
89488,9979.923106242677
95516,19364.89286099038
88542,9952.351707527116
81995,20673.936411620558
81065,18803.597292328574
89542,9334.803587042694
87184,20780.821474097567
87194,17196.268687790798
101981,6798.6374573742
105620,8819.368556605486
99094,24931.211043548592
101950,12710.327828799269
93488,30557.050626289933
79632,24739.54404895059
79299,23322.43288380978
85438,11966.000209217656
91006,53259.31185047103
78636,15698.696682458323
98590,12710.646310474665
97735,10261.057402153692
103694,14348.46852730253
97890,11605.804652948134
87646,8088.037840105807
107953,26332.324689503213
103882,7680.92011164222
77900,22004.194429776526
101991,14736.477605957352
90105,6561.306371957215
106516,17278.89163430977
108415,9558.42176689172
78853,23107.895828879406
98196,4099.6547006985875
95738,28645.670028765984
89535,19714.400511625794
85467,12726.014628322651
100920,8732.266976928631
97314,9838.563856291137
103461,10089.810981593211
104907,13295.352085566052
92168,23090.17446631599
98077,11040.703011645572
80593,53126.971715605956
76915,14736.764669121407
106919,27145.899808760758
95592,30083.24844960543
105772,8720.507194785407
95614,15887.464455899195
92550,15001.83229251315
92495,25090.13556334669
84341,12507.382831590106
84600,23138.569351475693
92665,16742.492044051734
93922,17658.251623537977
88129,9993.7497544506
82700,11616.202593921702
94492,13725.599232845045
100974,11874.160962718925
106554,11517.867696969943
107785,21205.740403203927
107443,10161.129396619752
105470,10238.744840024607
99750,17162.138636007057
94633,19577.732826415813
99429,6820.000410505867
88790,16431.27573393818
104180,23617.67600133797
104589,30032.20088533983
106704,22034.427301199637
78596,18078.949580709817
102083,7038.34841692003
84507,16467.815846406746
94274,24552.829752652513
92588,17161.806697900225
84344,12200.957847763195
99818,30680.7394488602
76710,25034.681789997474
107923,12819.20170653731
100470,7937.621565890579
102211,17192.545809944568
90030,4814.576452769769
90852,13734.367925465147
90222,9664.494883066885
105952,11997.649566234193
100876,13189.183960491615
98062,13194.275881580648
100478,12386.839530853713
85486,8527.219050269421
98292,10456.889507469063
86160,14397.037652367513
82468,19765.995298771497
76728,18502.214083608393
97277,19013.57864227171
107553,18457.135768500502
100325,9410.908726870668
91775,41752.05848317672
104326,27679.497342589533
102909,9689.9892001175
82173,27014.008029742796
96281,10652.583022871595
92426,16624.38945856416
97724,11310.355410355749
84057,6608.2307835789225
91020,16880.017667232325
100095,17073.605306158814
81655,20575.13480641607
107220,12079.821663254419
91626,32953.74842177283
108469,24670.568038169236
94037,29492.35110546272
83530,7266.023694959682
84542,11712.743101034752
85634,9883.018314038893
91707,61167.664549874105
81934,11177.001990526509
94960,12131.053716936327
105778,18358.91844557548
83841,7482.887211270023
77242,30772.84193720949
104694,8836.817452197214
89706,17760.267907494755
88670,13390.790053490673
102492,5348.009273384895
82971,18763.67116377484
87256,11600.466604608173
84642,16966.047428142443
107437,22864.887524431793
94640,17089.85561159832
96089,13097.186320427865
85018,22219.177109976245
106576,22772.50591738733
104158,9686.68936811931
98002,10118.463441863747
108045,26350.410584977522
105890,11608.886775060879
103298,8208.201716970356
98977,28523.99856061659
100431,13811.227597099662
81100,16479.746061144084
85300,19748.258364169153
77518,18083.27031707873
76712,13426.64124967527
87545,10424.960023625386
86848,16738.40304115839
77647,28622.258641597437
92094,28409.535587847608
78540,8757.208127783259
82957,19398.20075149354
82768,11008.829765074295
95875,15045.707814290854
80705,23665.307200907344
76746,23836.827452100537
93222,21893.17837382104
84494,9872.7724949603
97557,10398.099530668282
104969,21012.904648353062
92998,18976.371451085815
75991,20981.201414738418
78217,16676.40680950916
79176,40216.075913419685
83261,9357.202475408325
81177,29847.593989677815
89681,10337.875493590245
96968,15105.30729694226
82896,8538.85816338936
108357,16546.935584446433
103421,11473.959242783954
87971,11416.389707411508
87170,21619.845497038164
89941,20996.99493154074
104046,16948.241178681263
88894,14248.471809350098
82638,11297.203259952328
79213,14009.115826562787
92902,25714.752231775416
79282,13534.921053942695
86331,12278.465095466943
76336,31942.9141657601
96080,10879.517921201983
86990,13749.720979659558
87762,7217.43797244085
80699,22796.32904802539
84711,9328.846201185339
95297,26315.717358888563
92828,18768.446907814287
77614,22104.39452082214
106565,14216.262313116053
96874,6747.774875299525
77145,13769.719826242452
80473,28043.843682773026
89438,15515.451966933513
98442,20638.451546880315
106213,19101.248343672585
101442,12941.11307543368
79337,26526.54383300707
106021,27746.441020796934
88638,8038.15949646942
77383,12917.3213109899
88452,22718.632085373127
104464,12214.824809556221
82639,10603.042399602466
87305,15956.413110034993
93172,28612.88669317299
98857,22777.609168112616
90873,20732.518389943838
99679,7403.829006370484
78104,17648.451797641523
77770,21747.129813005016
91351,10779.696773619426
83700,11954.535042582274
80548,31201.143903761003
81163,20535.877002040696
84140,18292.333977343078
95479,26195.126226141238
91705,24107.626380359718
97722,17135.81805863334
88383,9794.635976678897
96632,11251.205428102305
76496,18655.579329822765
79062,27350.18489219902
103519,8003.525268122154
87592,10566.248088081204
97668,19567.026781331475
77969,11114.237448676346
97610,25732.838385697476
93889,22859.096916054456
87792,8341.522878966847
95078,22927.683826888846
87575,13492.556291475243
78804,12410.336844994827
84242,15858.797364707523
83462,12696.510936876335
102260,11454.385494776821
102635,17250.666537780493
104460,12243.160029438493
100463,10173.496743716192
77272,19478.091212606818
82246,14088.302614833154
81472,11307.886913933524
82420,11912.23455917257
91586,24897.087944117007
91099,19744.2541386855
103536,12716.669054861073
105169,11802.954994631627
93837,28269.4547960947
93958,16139.26284494951
86124,11430.994409041457
97448,9424.500096793177
83040,8194.017387254711
104713,21531.43657651392
101549,10933.010250055844
96018,14372.084635124716
91089,37431.646342224514
105130,13599.921857900395
84720,12526.38516925407
97182,13182.979342842793
81653,10597.942927221939
87522,12529.988494597847
92754,14743.684110593826
77510,9618.000511218585
94863,19563.27889155812
108414,10604.44174536474
102393,10438.346762808667
81528,19907.408101605477
78983,31395.834662599224
98051,14050.961279789055
93080,19257.95054190768
92657,15630.720228477012
108070,17482.68711308061
96990,20082.299390166732
83301,15727.813915179775
88459,15187.612999820012
80158,21632.688970870022
106913,30597.00465597109
91119,13470.71517985002
85522,8035.166775548823
87469,8037.184130339538
89620,17476.79427197599
106903,8295.098537123744
104183,12862.349404783716
107015,14993.764896660166
89120,10785.737778478171
80555,31101.02229812122
107037,45308.719671914885
83340,16777.525192316647
86654,9976.043212395865
76116,18614.819346205968
108208,12448.634625943841
99790,13230.05184445374
100950,8630.01612469725
105495,15199.217860941304
85317,13249.066875158705
90114,18617.037393889525
99322,19194.900077028084
77185,24156.780433355867
99412,17906.7605235959
100021,7534.437637285093
106020,11284.92341411466
85234,16156.120411288875
90059,22820.7763584363
106902,9756.566448591588
106871,14755.18914622251
97784,22074.912605389025
96140,27349.071983802784
103840,11001.4874078294
99573,9419.874618236772
81967,15309.860977956127
96124,10330.98965317738
80245,24431.920476039017
90896,23911.314643170994
100257,13606.79404844267
76759,26379.444150721018
87022,13719.588142429076
90758,16834.113712855928
94073,18638.85203064369
104837,14053.308772239056
103025,10119.260170231144
91765,22979.96211950802
88352,14693.06988557894
83826,14210.617355236385
106648,15719.02917964795
102967,11700.775680990238
88989,9732.504474199766
90846,15573.165892270295
90232,11532.817367912377
95262,17942.20663887944
80599,10833.091894942983
93353,23804.328574837124
100230,10382.862304977165
104516,12917.842533922545
76127,15453.421229756577
99603,11108.82004419903
87441,10770.296842938607
98607,6500.8396087354495
101385,12850.776420444296
84028,13171.939440782058
99900,12081.20062142735
97880,31408.00967370303
103005,10717.25436405041
99862,7441.554869098673
84899,6607.969455080179
76129,29595.938795364662
107674,32089.4729339123
79058,24276.45805996658
103161,12796.973672183325
77525,21529.691283580083
89366,16441.714273971877
76529,20153.426333174906
78121,47912.75626834671
87960,9576.414493793907
76468,12536.791116130895
104029,15591.136285656255
78294,35886.57492777437
93269,47269.85942782587
76124,16384.84677523766
107551,19789.27984911061
103953,11682.185506085827
103212,9618.225778857723
77337,22829.39035560928
94095,19941.37417101395
95358,20749.045900680696
94772,27712.823365858872
99318,9780.76782404089
96569,17820.605880199397
91669,18058.1092404533
95240,19385.14966964159
79693,27965.30941359366
83100,12586.968278014905
85506,21857.112093107608
93245,21127.56456990434
81444,12459.712597893295
95558,21535.321159966836
105709,13571.49228329576
80796,20826.362562104954
97061,7156.959497022256
91452,22204.11856961876
88626,14840.857278798881
92700,33751.667741467594
80109,14042.152467830723
103649,11456.981566863276
95545,16943.212701151228
96879,18805.88383005131
94580,15228.5932932726
88361,11930.868678563575
78094,22444.196387866094
82831,15812.432818202697
76965,35065.79291367651
89246,16734.633330351568
91844,23105.460005218265
92122,20703.888905790165
98944,13030.770859337374
101088,9477.374385489504
107119,10310.608965527983
91603,28698.753058412418
83339,12431.367529200454
105408,17437.90895081231
97091,10185.751936554236
93822,18059.33660757296
96950,11034.834763396862
106461,13541.65693015284
79538,30759.286299378233
81813,31889.52970631181
92640,31025.405587513153
107376,23205.66401843511
88834,9486.279292809064
98532,14714.020502851474
94957,22041.449695009615
84884,12313.866056285691
80124,24613.406485399697
92048,21489.06509130724
90244,6245.982949851815
90103,4676.340383651299
108009,4847.533698188186
96435,8666.400476054454
89475,15084.944706103892
86286,8803.984889749676
100193,8212.394342970298
99733,8672.26026318692
100561,14729.970774581096
98626,8825.49041306528
89177,8802.044475182847
80294,13607.86259264873
79134,26838.336760130962
78603,13806.801106276605
108528,18734.879330387786
79147,20196.03047822505
78538,11728.23471381662
105042,18998.096541869443
93560,23206.615709847847
107122,13362.876742858338
107336,11885.467024960819
105831,15144.451197753897
92973,20554.273385028693
79087,14805.970356406548
86806,16825.37205561881
98787,9767.094090318102
99838,11242.044928544856
105442,17589.79235140429
101659,10189.11596473793
95085,26560.65883814467
89893,8354.600195148028
100412,10997.738690569633
78433,20906.718896148697
90887,16061.756161249556
87783,11664.614608752001
105572,10853.588991882727
84065,16852.11202434145
93714,26938.77129496768
96148,13025.155825044389
83771,9169.09734490148
84970,7825.651084342328
88859,7680.774969025951
104620,25857.049109066167
83749,7585.843942992545
90174,11791.872459422024
93947,29248.51374073849
91462,22262.973031202244
108075,8942.497736982716
79113,24483.26957278274
88445,11902.563027506214
81311,31868.625800515394
100633,9367.436554396889
92904,23194.38352975561
83091,8820.427831004632
104657,16604.69615771611
82910,20707.350580492974
92383,17269.542653453504
93424,10828.970383696596
79891,25529.771539518344
98961,8334.276318609818
81502,31294.867990395425
99035,11263.917813449685
81371,28262.387473671126
87333,11812.038750036974
90353,3876.930381280137
93258,32022.295440715283
102053,7081.373487677607
86713,10214.370157463572
97203,11713.933424199053
92794,21823.634007465484
84293,15288.112719171006
91672,14695.259460154735
87085,9301.919844929056
99300,36487.58462404343
81242,15871.330893699622
77834,62448.36959863053
86864,14047.095760429775
108332,15104.384341649187
93461,23090.092167183466
85198,45268.95278427803
75974,20196.23414332587
78679,24268.10344793511
97060,15280.675792159482
89300,19279.318575745114
97682,21168.814841056977
86664,10080.55194757904
85169,29242.82641904366
82930,23352.924432067262
104583,18656.443697034527
107212,24687.32384490838
78128,16990.70559410349
101395,13598.148831687471
79984,14090.139160218203
106844,15101.541418803648
76507,13032.899166650734
87935,12356.125716436854
81796,17028.765838229952
92942,17983.82702264536
87848,12741.860923301374
88325,12834.674980059846
91296,14820.883993592459
103415,6097.7615579172325
99038,19452.754681206243
101080,7631.1835844523675
102789,10745.45103057511
84656,10323.028422008849
85716,14228.669174334724
90233,8020.725203265353
91097,22402.917121311857
104466,13188.668347280905
85061,10271.612901736135
92535,22827.06575774547
82437,15942.864294666757
104845,11778.576197441273
99353,11926.076425690511
94273,47403.575568594635
84080,17803.054035380017
90877,11975.37582349676
77883,14229.714814003444
106394,18905.396283071677
103042,15557.73968640303
105388,15002.194970190145
93490,15300.63624132133
102852,15132.699038225366
101859,9330.880302287293
108113,14530.778819125884
77290,30087.03247095609
80341,22167.99873325875
84286,8580.489586199932
96187,23711.896546067477
100716,10333.530228056801
99682,7217.982878394976
89827,10173.461424885003
82053,12029.851637869378
101135,10058.790148563985
78574,27782.658334336207
82541,17671.294346968523
94530,33724.97031338972
107277,18613.150359608968
88719,15632.878683177261
95962,25084.065049014036
89249,10474.399283068758
98786,9489.137159935286
83968,7000.144465591894
85115,12145.000369985113
79741,17985.8777739538
81050,24675.470842654384
106955,13257.9289140319
85572,12126.814753591081
80604,30029.421283910746
106115,20108.425218509325
76213,16203.331895841162
92026,54155.741753562426
91397,18342.692247819738
105916,10231.76482360319
100938,17433.353419834566
102187,8162.192679666942
87434,10334.070860011894
99959,10804.860285656576
83438,13858.343346300519
77840,16230.109095174374
100930,12530.613450018665
94925,17782.35148100852
78494,13176.821820774301
102418,7762.610055692269
77793,9628.426025075598
78383,27329.79928671594
84216,22217.567284381574
82610,7802.435408608844
97544,13313.74005141971
92549,30014.709465077012
80538,39185.63834283784
90890,14915.044882610864
100299,10996.785875404677
89902,6600.526113698492
105561,24944.423967425344
82364,10121.884080351183
78091,10934.478078789769
86023,15866.60966401811
79752,20110.25650914704
106315,9867.193894199036
80934,24305.210560773306
78782,29123.469936489997
76471,24230.744002598087
87418,5889.421457919398
76891,28349.44548919333
102628,6443.1634468465445
89363,7853.218714839134
89237,14571.201500197129
80257,31072.703731169717
102857,6935.371428939539
76201,43789.00427156538
104887,8755.352735924216
102310,6499.373815620336
78714,57169.19980616259
89302,9597.078295964446
87676,15827.110703473087
90321,8737.336369072837
85244,17843.329734426672
101913,8590.523336010001
87086,13295.580219437852
81974,28858.626990651235
98075,19487.589818275734
80870,15642.821120793506
81556,34692.72510617524
94722,34082.74068665961
83840,16250.174864061099
100809,13303.819211316879
77101,17250.28767975631
102172,14689.698766301317
86373,20414.40113241029
77540,13647.11992694288
86271,12986.786886819327
77679,24513.65088165449
99807,13362.924578018403
79126,15107.231812054673
86337,15380.91440835888
87496,8959.466594572075
83272,15677.906157864538
103495,13695.699864558566
107915,27860.476423543547
82213,23664.051961429144
99461,9127.605048043264
85797,16493.815538795712
78898,13790.24870064272
86463,19045.532129181738
108138,22152.169398976326
88417,29707.95950323637
78694,41787.568931848895
99802,9648.771982457234
100250,15550.169833662723
83482,9566.88079294713
104457,16948.648468378153
101415,9699.78516090248
101767,15509.089176864443
108250,18859.956793434558
89772,9153.33547660057
91127,15288.012029381933
102887,9900.236480610576
90756,10161.655212522717
107554,26524.84102599578
103731,13107.583008068435
92317,18357.27449843474
86805,12970.5839850058
91722,27421.069102826164
85026,24010.719639773015
77478,19143.29183410795
82027,25586.99740150972
102742,11420.721622536836
80198,14678.406627950233
94907,28796.165315001115
106738,11278.65174229721
99797,6023.189550532299
106456,8955.74803991469
82741,6875.376737505616
79172,32140.887958118063
106696,15374.410341870916
82422,10378.316323906618
83924,10908.781367662312
90599,9791.467556581772
108095,18551.59111289871
91777,20637.91532666772
95001,16099.295460693424
80408,33243.096707594246
87330,10391.814857538642
103361,9871.498642752958
89641,8395.34366349948
90618,14959.401134333146
91679,27715.87771437168
96844,11392.356878443406
94418,21790.637243208534
97002,20040.190864807915
79748,28433.04798937723
96355,12257.490309688896
92347,18790.560952312717
81569,15406.0399429881
106924,28100.73738772219
85270,11062.422502265275
99622,5429.385528274088
106843,11926.099581742707
80147,13673.087382569569
102181,10158.723301424046
84710,7827.379572455885
85189,11335.255036096023
99281,20992.709037758752
101130,8969.694342897279
91554,22230.263780621302
86116,17466.616987652964
106899,18191.27408922384
84516,17042.858899793053
105422,27462.0210992335
76956,13182.625370800923
84006,7150.575221968216
81453,11012.416888443844
104850,15708.614219381981
90867,3410.3309227045243
97154,15570.468734109418
102088,9717.098754176444
96019,19510.926608271166
100300,7041.150400554331
86459,10720.139660631865
99304,11279.051310468321
80630,17440.8903671358
82387,27701.308916472288
91359,19000.597895219078
79123,12258.857850505505
103324,11074.551856770539
101086,12508.321974170185
97170,9723.05621970184
91834,12277.607473220638
85238,9266.760129155942
81942,16659.72193928664
90971,35884.280971534536
87864,16074.7432044182
95296,60341.371486683165
91427,13408.980342540677
93697,19782.69171940927
107694,25050.02169232569
77364,21689.457067092695
102144,5725.200301462744
83410,9739.436622987902
101560,8324.227614458445
84775,11859.146067974256
103879,10434.397654966788
103933,9216.719358602852
76344,15024.452618920232
82119,17041.756594430688
102130,10415.844564740366
85748,8381.532221511003
93769,24271.84105526939
101775,6904.954309611893
94613,18994.566094457157
104021,30168.846854386262
98175,7970.135113654439
98477,10709.56012795386
78185,13890.594456674924
81576,19495.96300297349
84854,5740.750700421844
98361,12369.718371407158
81390,11453.885614290706
80911,71546.30664785855
89407,29929.56447889306
95981,20651.595238117072
79131,11393.382370724272
96624,12029.647276135658
85131,19407.34260906081
76436,12453.003438264532
94111,20091.66759459249
101518,14460.787415184977
76588,46186.25766707702
82353,28612.878720263314
96186,8854.072867361347
92735,16521.54582101393
87271,16078.520722586036
88968,11804.462633029369
84154,9362.355060841464
93692,27016.772967384833
89484,10924.275715843089
92547,24767.719158205673
78689,17155.25176359569
102058,8586.376605830443
102579,14173.120760914688
105825,10442.295713546406
96154,20024.460841844077
102183,11990.255865717065
85976,9648.037622150296
98679,7012.155044077708
89612,6538.546329381329
107988,20552.48442433787
83362,17631.626130588917
94251,21184.092591859553
97018,12683.741674822257
90329,8139.264616595278
104604,30852.254175389404
83742,13012.825903009163
99447,9112.892046930383
82194,16234.170929298489
108351,22304.404208521304
105314,28206.751391844307
97351,9822.187873276354
105861,21701.094502717267
83010,11342.23161236136
91447,22314.920406060355
87619,7825.245049017216
91870,17792.761550760482
86543,13151.685138484778
91484,17835.935900865476
100659,11921.190129525356
104491,20577.593619686424
100779,12400.579198217907
100935,10981.550414474552
82331,11800.784388589238
105140,27039.192147620644
96349,12805.807204097231
82664,24206.509123371732
104532,10491.061027663773
91854,27268.9299096628
77003,19444.410064452484
85137,7514.2305046628735
94577,30557.800908911304
85461,11371.704757948215
77550,18907.532205631785
99095,11813.760378624742
91832,12732.61471799597
85920,22186.417980039652
79766,17697.014398918436
103839,8611.312803617217
98167,13906.672231865416
96684,7026.321641995846
106982,8083.291259668085
93524,25725.12268832847
108310,12957.123444091878
106569,13544.650390754538
98088,25386.433928728922
78890,18406.011395563837
81559,18580.141335831315
105178,19460.9177099439
90578,10955.10856320235
82299,23868.89047351085
103885,12298.187731803228
77488,10690.014861814652
96669,24736.220200151114
78344,27055.860394560983
79405,23621.616467739183
94620,30914.747537477462
96836,15810.553586711665
80212,15186.459702676077
95746,23379.072455195193
77363,28261.127562644782
76866,30319.794160873458
93847,21356.35266647106
105175,26628.63367342705
90010,11560.51368315505
104429,11618.643162362558
91160,30260.277596327513
78906,15677.659897833386
106414,30858.607224631716
86910,9458.894897678483
105882,11848.594035553091
107238,7357.633621284093
77102,20062.858000830514
76704,14179.904185560908
87083,15243.999637453386
79057,29049.50558551429
83270,12949.114212535887
80561,34672.42992930896
88469,7651.231717156038
78768,19176.197698437507
83574,11356.096224684048
76771,32530.150805857527
98589,20450.719256984237
93091,21080.864568959038
108358,12275.976120613066
94601,23221.094432514645
76151,16860.806786601934
87442,19705.11307101157
93531,22682.335376601124
89771,14309.005795995638
85803,17454.286702831385
93147,25479.694417854887
105196,9240.30332819903
76171,30121.495930139234
90616,15065.16395703131
100032,16034.374856758905
92905,33632.70117671762
95696,29326.848316339932
88913,10767.991029781397
101504,9320.337294531233
92241,16520.10292779145
99822,9116.778344284423
87745,7903.319666640818
105827,18632.115653573503
106620,10671.581827771155
93497,28801.9843106004
89250,12870.145551867512
105581,10573.061058951838
91076,14832.704323873557
83506,7967.615050865963
100635,9780.014092686157
91828,44771.30158432178
76039,13095.204645823655
80685,12706.897591593384
97571,24317.672684711397
87425,10425.739874466914
91662,14997.060522199381
105161,18078.097373603043
81006,32359.62976032414
82888,16347.668949112789
78545,21945.25934049193
102922,6343.2141817205475
96198,12187.387071765668
92979,24352.6197024438
105623,15303.657318429228
82195,13073.70433922529
76760,15062.62727120573
79305,17822.84327023921
107942,18465.258980763072
81981,37541.41123296564
100135,10411.278140326427
84307,9739.321557906736
92628,27707.82805268559
103304,9274.353081924957
89421,8605.30826158191
103645,10343.436874152892
77164,11356.720040249822
88451,16824.06655039634
76488,18906.386174634074
92835,24043.72121076614
80449,13072.240728984843
97408,26762.814176869113
99256,22923.5737750839
86205,10619.074977150942
101002,11151.905127671223
93390,18226.085699480736
101654,7880.628700089084
90595,10365.976589329814
94955,23825.46216350126
93871,26420.777300563095
82164,26450.060774940404
99373,6762.884368015172
90148,18566.333593777657
83210,14201.22124297698
81726,12389.051014565728
78041,20971.617477959175
106229,9552.27526772762
84209,20022.721209692583
92225,31982.94738376844
91878,14412.370350912712
97878,11931.101848493072
77435,16442.86887332404
91180,22695.52357758917
100272,10419.546281818912
94228,21873.018389663303
80549,16029.068707956008
99566,9683.40838191419
85829,9634.922178601835
102693,9731.28281770697
83322,18061.999562234178
96980,12001.244147755699
101844,8953.256673995362
80791,63309.33069700003
107384,17530.782985912127
76193,14765.775725696216
88605,13876.525933862693
95910,30205.25517642096
101217,8043.4810963732925
94833,19209.453809953182
80221,18901.79803583589
104479,11265.040070435729
94405,37917.50135873284
93415,15106.990751560812
82460,18399.838179442966
83009,7551.533292294565
85429,9317.682824174006
106034,7769.6108080217855
88406,10141.349951035445
81623,33078.285317530484
93605,28509.7472232144
103670,15410.755905612305
100409,16735.8847693974
107237,19034.341607920644
101669,11115.91932969082
78854,51750.702034206355
94034,22350.431994566985
101096,7635.875400939759
98417,7885.481754749143
76874,13543.994183547642
94954,20202.755788315466
83137,20249.049996145262
94653,20242.27626499223
87567,16716.985901031367
78154,16207.492291408993
84461,16007.68846680546
85686,9882.767645995762
94342,17743.491389385144
101392,12350.715497290359
84192,17065.964240460704
106701,10386.361866188738
104013,15678.280324244452
82745,7997.519224743687
103973,6285.442031359607
90409,13022.329048788633
90651,7948.284519808017
87413,21110.293716804877
102121,8581.72208603573
92145,24576.45102595982
107141,8192.259938666954
83230,5925.208378300401
78553,11522.63857784202
83939,12222.444880311577
104875,20686.861589712953
78129,30469.29920578267
80313,24462.967540979986
85535,12851.038395660831
108311,14331.83766625156
102292,17046.207537441038
89716,15629.911325178606
77046,59826.057019589905
97611,19817.380784624773
93038,14319.94829389961
80503,25866.190172112103
79132,12616.29374081736
103759,9384.551469692951
78960,18966.804679894267
97265,20398.035168370447
77855,18525.93080302039
97371,14171.810123016314
94297,13956.702604838098
95653,12382.028817846742
95891,22446.52276688369
81947,12403.806967470606
79702,13035.376081681843
76463,27868.71144301533
98065,10361.987583121432
77154,27158.817184039166
77348,29700.750665704534
80987,15069.459078043927
92207,11685.272743221563
92983,33724.97031338972
80731,12195.779248550976
86277,20530.50503156927
103051,4833.222716378011
82013,17708.56128331838
78814,42371.79702053232
80153,39587.455129629896
94618,27148.415162160374
80059,31104.902080172877
105557,9908.5423803433
78860,20165.317798396944
84849,12016.58459194037
96896,12564.349219598509
88244,7899.6369554164985
105984,13535.787869774555
82644,11675.660017413375
90970,25843.3948707061
98810,21165.652058054147
85184,20110.040674630876
93723,47638.93536278128
105049,15640.965698068243
88554,10637.198648270674
94996,15612.776783020749
107689,11747.623180118726
81575,44614.66208060058
106988,11786.918284372927
89894,21842.253526915538
81703,14655.623217930259
90718,15919.168588522085
99561,9960.718272861894
81269,33448.67266327299
103069,7019.6968995229445
88952,10883.252870440401
95295,12259.064285117594
106589,23018.14522989234
102918,8939.786601396852
93669,29716.70036801646
86144,12190.600029534558
98336,11354.421459938085
96891,13766.26370380601
98576,6940.646411746565
86038,13981.061846156115
87511,13982.215049966324
83642,12736.182652549465
99964,7759.510397019976
82842,15103.217148326217
101714,9473.507492446004
99439,16247.552198725729
108487,17933.79887535898
88965,14429.13591522477
86445,8664.120067068612
85916,8813.49782470751
85616,10827.238302780246
90865,15083.961715823583
88634,15900.625919236583
108094,17906.26348265545
82654,16060.683287447595
81401,14168.306788917462
85163,15202.404395735466
97623,8905.087432813056
79759,22779.152059899872
108230,10995.21299426207
77757,30099.862063798042
83089,12187.569475516342
92851,33470.99238657238
80656,14439.863447563579
86019,10152.15584238363
100887,16981.441833148863
78011,37196.494379033786
96398,18654.65388864553
85254,8231.309311482311
95254,24376.892800723643
102320,11326.867274324828
88408,13591.780229566468
106594,4811.288650544963
83849,7705.637529404012
79313,15319.955348420302
95010,20961.35788053949
105546,21658.784214472256
81884,20093.51632328962
106088,22475.85249470067
100892,7796.49053029334
84487,17112.722561514758
78004,26436.0776632212
97446,23176.090041372256
93170,18242.770253618517
83208,20678.173415289748
88728,9739.321557906736
91300,20527.558075211975
98637,11954.204562097428
107267,12447.025543228801
89956,13727.731698672764
77052,15142.334506585363
94583,13010.978033527697
91424,19292.186637563376
104774,7663.052065086771
93699,25730.17418622509
102986,18379.047214098
94176,15307.821362030367
95618,17434.73848517871
81622,26297.956012531267
91273,26470.903748466542
102725,9577.369051835518
90479,11304.478018859625
79835,22147.37174042173
78909,34860.528783369526
99437,12404.6363924255
79890,24377.694200361173
77662,16410.85247032624
90320,9142.620266959364
76278,14656.087435662306
80029,14447.439305672402
95797,23661.675463398133
95356,46243.6341326668
101962,8928.366558796108
85810,16078.361887125988
93588,13359.35832428554
85679,7336.171306762184
78286,13203.88885008291
105233,13092.621859309409
98613,6066.524396334885
101314,10715.81450092182
105749,30083.418047951607
106103,19399.58463424273
96678,10999.08731014935
85003,17341.805508638354
78035,29415.298587242363
82443,10977.167285445204
93373,45475.13055130824
99857,8034.989188907115
82450,9343.883554005544
96256,14985.151910488232
95924,34977.018319213326
81425,18176.651869851823
87252,20412.908321517083
100379,10583.060366549733
106316,9380.028435983933
85879,16684.16817232702
108334,11509.934367204327
80243,24929.572363196003
84504,10704.262656075161
106064,9580.851816084594
96443,9769.45878172783
99020,6894.728238734723
85068,9239.134285886383
105374,9005.585879384138
101946,12520.24586442596
92945,20909.76419593672
79338,33001.719327149534
95027,20432.427511827314
81488,46789.09797152647
87754,11079.00400055931
108454,19508.318189811
91283,21570.696318257822
106232,13910.225738406645
78368,26698.68205877746
101417,17969.17635682221
81479,27376.30610320341
94527,23850.651085641657
76897,27590.088774534834
84107,10221.607547766525
103177,9826.471076140604
88043,13574.154553613973
93710,46209.626879966556
87679,12364.155588758218
84644,8920.32038231034
79097,13940.525796540938
98030,21833.338995611983
95131,23691.527201849785
83593,16490.595583636506
82532,14315.516739603785
101675,11006.333965207397
85118,18490.346772040644
100813,10550.940098931318
88693,17654.775332812256
85819,15186.546461431702
104337,11187.888708552513
102104,9249.774433737088
107526,12751.558591362751
85600,15025.133371942191
81771,15676.856147185608
98339,7433.554627016964
81855,8778.426812236901
85755,11614.138952720923
87321,8355.603157319229
101819,10477.146817714189
101569,13074.260787804344
94538,14805.814022071983
104142,27081.758498540235
93830,24658.701219680614
82076,29146.81265261981
82721,21872.78495567993
88982,9580.404001082572
85055,9991.094670333974
101426,10776.240641161628
101136,9808.107065262597
91939,12763.158958293732
104368,24808.85888123118
81513,12295.209624673082
76394,24030.58425412686
92054,17656.83440907194
94663,28825.2857065899
106117,8292.844945815375
92528,25880.56974060035
79929,30116.26426224227
81579,27777.044733375646
107328,8610.192987721823
105031,23854.207446232394
100819,7457.161775433441
87353,14639.957199412285
77698,22536.28761794341
77157,10583.60980182978
85947,14142.185011001124
92761,23461.644598487535
101344,7407.288154864387
76877,12255.147820981687
95851,12177.207760397037
84319,13132.357237220716
93218,15283.110954025999
83770,16107.582131802757
99753,9015.793272175524
82062,18759.45924431278
78053,36308.75822558559
83901,10431.10903756625
89826,8013.573310386578
104171,11635.246036547172
83906,14810.40707164221
86819,12677.007354702408
88150,19495.757477095747
85289,8892.653890154008
100567,5037.410993379691
105930,13061.195874792507
107244,7444.475427248619
85900,11184.14534201207
83184,11697.361448516935
97034,11048.353862759071
82506,16862.69786899025
81182,29791.046769584224
78619,15144.70770995281
86046,16825.420501739427
92798,15417.954375001858
86595,16771.400545058903
103854,12930.58702466144
108504,16871.941851908592
77451,17801.54727967149
76665,23946.509478966083
103434,8408.961057480597
82338,20492.91958298797
105189,7191.098806018697
94512,20884.83119956175
97542,12362.879874468697
83343,10357.454049663827
77274,35892.10847702717
83810,13193.482605489198
90850,15354.654901595808
79688,13704.515117999808
104038,12838.603767895438
100468,6413.431949498947
81010,16182.025518491686
80372,22426.238979764697
95979,22961.517142568187
89813,4595.102049821737
96873,11839.937091741065
87267,12028.602089152319
83327,15202.16849950813
92095,25940.437619610097
84723,6010.536084052465
101561,10859.014918974344
77409,10036.981325097084
76480,21656.417980409264
97632,11969.348396621432
91990,27712.69311295554
98020,18184.90918951705
81375,28210.427169001643
81903,14797.274770942457
107050,20264.72008562679
84920,10987.48637248582
108180,20248.454261645227
94696,25999.61664767939
88215,8416.163378101926
93276,18066.32844285938
80359,13508.40615347156
88717,7456.757075326316
99702,7863.492789692415
86283,7833.586344321904
100037,5649.110490323326
93640,30020.771816624347
104313,13220.308808404527
84666,15955.460296088428
93000,32052.45822414379
77512,19148.19663964779
85094,8203.678848160089
77184,25213.122839847918
91257,25486.350542781158
103957,8306.80408973944
78533,29974.34012682885
89080,11944.74774247364
98463,23267.308117682238
89002,9512.116612965014
87542,11389.148393641468
88641,13494.317515445382
97972,8047.974895761012
76363,24605.86953831685
93821,27387.5974959359
93549,17202.76134993119
86037,15750.444899278316
79563,30628.693143240725
100014,16283.273452676429
98717,13286.94067293556
87323,12275.477393319523
101054,16926.32235549489
84408,9640.769014271815
82692,13774.728082109827
91513,61217.26530376959
92863,26823.608220125843
90666,21758.432214013217
76919,47642.42288094977
91549,57432.10641621567
90300,14718.712224773808
106228,14668.69811702389
101551,11427.752859351294
105986,12419.575778751947
78520,22912.989824460292
94130,32775.8544400846
88980,13608.128226198669
76245,24394.3011150338
96800,11172.302284654656
79591,30957.825676802513
94738,27928.687366035574
103275,9801.304513149707
82981,10219.214035226452
102017,11766.532360350178
85242,9417.067214246557
106488,16168.351869754724
80606,16284.05582198206
100861,11088.19226661054
93103,29306.72074386329
83680,17347.947654272048
95926,24511.91403824596
84955,10159.53594068374
102279,11179.419432883906
90285,15681.256955741332
86735,14319.090162692659
89918,6813.019577514302
100914,8824.502494201186
90315,9226.822515288344
98805,7419.239959077148
81572,34538.81985294154
85263,7297.73633995813
91962,14325.210975564572
86328,20087.15235271607
79610,26046.548953808
96570,8293.217989498027
100929,7535.086278269673
107784,15481.897676743896
94269,13779.934343330639
105574,21315.0046004251
76572,15198.753267784046
96249,20006.57357238392
97897,13704.412167751025
77625,15786.970000307285
102369,12089.946687676877
84079,16867.886812901463
77866,16999.75274896645
83806,13334.867387237364
107540,19959.720331436998
103244,15686.761513030944
98859,19340.157167314916
96719,17787.66824282234
76235,55433.931483286426
76348,11684.560562148237
94323,55823.07523543169
96314,13076.690287080815
77439,16913.000687767577
88588,11173.365131017941
89516,15604.073275456267
92199,17840.8033668599
81669,26960.7650693765
93600,24996.6516186678
105605,10776.953892691887
102501,8377.472336238008
105250,18151.895595268557
103132,16454.018111340207
76914,37927.366147599496
103063,9744.182235151497
85636,15648.894955779459
95703,26527.464887679656
95014,14301.183950972245
91855,25656.574609125393
89326,15927.564655720147
86878,16008.121261677641
94159,27302.264172607338
98939,18782.131696305332
106603,28191.433333170353
97683,13848.320869427715
105057,16634.577755768685
82551,8236.271536161243
95156,14875.917593653818
96663,10750.590940359092
103966,11829.815253186349
103721,10305.320032391868
104581,10095.667888651307
99601,21813.26452899039
76271,12867.051546535806
106578,14782.660458985894
105436,7286.226329473324
96180,14640.222933036204
93214,19382.679316348913
83950,10498.264595142959
87436,9461.070940643358
78008,35128.21858268311
96396,8111.247116594156
86423,15205.964125655943
97519,20722.53031732521
86137,16594.7112533184
94515,13690.20145640871
86264,9621.45604104471
93856,13393.311302100215
89370,22259.765360915502
95869,26432.47932024108
108411,15825.20151223896
90193,12929.144076277995
84817,5177.464452324035
100719,10182.94392217307
82801,14618.578734476121
83103,20871.590535567735
103950,7023.524096222661
83927,9816.76367237325
96442,20144.506622871664
92599,15011.141232495911
105284,10155.04027703912
89963,14821.943157002303
79117,36573.021295758444
94001,13635.293307213355
90520,7690.810249259104
83344,17335.91315773331
104811,24508.77740791734
81567,8070.301420972872
102778,9696.23613819777
90439,22116.948724148464
104220,5307.316412618738
102961,7870.617618072919
97588,9031.035394978075
78049,9498.739831351286
80076,14170.342457405182
83466,9935.127527831391
81941,23761.627276742325
105786,15448.776572745546
91443,16845.902458530134
99961,14932.819151489919
96323,8820.845238121088
107235,18947.787997003565
108199,4770.8309290266125
93938,27635.71013429384
82727,18187.144217260753
78548,31258.61084514781
90362,19168.445013963657
92257,23836.291511737243
80015,16060.022211355126
93724,29839.82561490636
88826,15237.656099392192
80051,8898.20702105739
90219,19508.789809105296
83727,18270.2241799932
90139,14579.375461269936
101189,8922.62866585951
85435,15822.46672438483
91933,28328.044961721615
95135,11305.47227554101
80576,23633.312913592606
97289,13697.704403399635
90225,15792.814274749739
77958,13382.237239877317
96218,29709.614076050555
83747,12514.34629395894
85699,13474.836940807085
92682,55772.42984540283
92129,35776.338991088734
91533,29186.85124012877
86503,9988.438977086409
107555,19975.094834472962
98751,24504.389499165824
88145,16109.325399963216
104214,19590.375284370286
80027,14864.403670225616
94594,18921.925134740497
105978,10802.133596485517
81202,25112.43323173332
88343,16009.24074696304
96928,19950.344743721667
89639,10254.126205636587
83427,10010.269654306274
77241,14484.277187594307
76837,22025.171680492782
105316,22079.113301012967
80915,11841.410368608958
78226,19016.683538046374
98367,14404.28092986918
99268,11692.889418471745
102336,13187.485018249507
99355,9456.74225113377
92728,23536.441461073962
105261,14363.40524236148
86321,10358.43399756552
83913,17843.972512071156
76582,14559.272158311396
80624,15059.54596836914
105804,14613.422635847259
101229,9713.028447095576
104782,11813.407698801238
91859,44909.91047615282
81892,21152.40029458059
104257,13814.513337730503
89995,21303.52693397976
94721,26111.539039216434
100123,11345.336342382934
83121,8503.011315208467
89621,10482.407685164248
86608,10987.334896404634
106922,9723.342969428295
96146,20436.75146936394
108383,19673.111969213787
81554,50387.25518739238
101538,8407.91886617215
105248,13533.632388816508
81033,22508.23548611658
107312,14989.624779230842
85588,14344.386237040371
108227,9117.22103175829
84017,14368.8130591461
101028,9507.094508337066
93019,29670.82119786405
84359,6225.20913582773
90602,8157.799517000703
102834,6454.775565639208
85284,11783.302866397684
78749,60909.08065561544
96892,29146.858328424612
89640,11552.547197221986
102773,13811.227597099662
105779,15826.950578072718
108453,18470.466193954595
83162,10196.372121273289
89704,13311.699370983635
96488,8170.264405313911
81546,19431.14891838033
82108,17188.44702869202
96784,10337.135381134349
86526,8513.688246989735
81220,29293.271240505328
97126,13472.763354742701
79954,25101.462069661324
100182,12308.763521671926
87058,18428.106573409248
95026,19763.394131778783
96334,11574.908761186467
92636,23617.33856658939
89131,12266.519274197624
78145,13167.1868094766
106255,12195.850570680659
84691,10933.635650274562
83425,10167.613663665308
91526,22365.194530202112
81170,13886.566638788909
93766,28904.331393082004
89183,11152.581830472582
87644,17096.04375009019
105559,47960.255375493885
91968,14552.624418956255
107198,11907.27188156084
97030,7812.751599553999
96512,22032.600877096032
106506,9848.030318765004
97240,10109.034116300074
98164,5471.990410465875
79782,10524.554418420974
102498,8282.47976443591
86052,11205.885990803297
101070,12351.853258251598
88461,8131.6221056504155
94238,20522.265097717245
97040,11492.228722097587
102861,13635.373813458162
81516,49818.204329282
98512,7203.8067936993775
91654,33721.12848109043
87837,6348.56511712063
97950,17154.80495156796
91492,21766.597132625764
86374,11811.326182130686
103671,6578.731695680341
99254,21314.778328856217
96920,23187.93234924858
100733,9058.199714278611
101602,5794.295472982959
101809,8223.605592668935
93626,37736.98634326906
94707,25853.39843170101
84718,6912.745355193137
77357,18659.386934053422
101735,8970.992171226444
85009,7985.433214488829
98213,19207.937612924055
89068,9228.728243033212
76270,15969.343196784874
84608,17389.6393278157
106582,10520.123361032172
102112,7541.921641096799
79840,21403.950876979583
102362,11579.487880584928
102074,16387.288208253176
78050,22438.928619148926
91002,34276.26605837477
91648,19558.88202766924
90182,15233.05243836409
101732,14732.57930730007
108023,22511.377534433028
94586,20849.079529966493
91189,19780.812873206374
95199,15769.19420732276
78510,15690.885744326059
92551,15909.144973663218
92368,19752.89048664891
83335,9267.37994907759
82609,9678.326406797776
83471,14130.545316792834
89455,8692.04443851009
84982,8259.887866542931
106978,24294.098006974553
96399,20144.554036457655
82526,12763.291407402343
86743,11639.057725245366
92104,20368.41645723242
97862,11718.77045890909
99211,8754.318628521492
99118,21187.607873061894
97657,29577.36964673616
80627,13497.893687405873
76293,17334.763895677384
83108,9928.015487622837
93728,21892.85930874064
108295,14378.305187758639
87957,12329.320057812349
78627,23062.896446468825
103227,5027.919782889372
88115,9329.940252559285
89694,14822.679923340535
95755,39075.0373718909
100889,13110.413329095729
76859,19325.08582762862
80975,20976.89687558472
104878,12892.547810556152
105859,14262.054674580864
93283,27515.82580712014
76217,13523.582413001406
90731,18092.85055408851
99826,14262.19081074576
84180,14959.530713400172
92500,25422.527453376457
81956,11494.126190373585
100508,11061.769185365516
78336,12828.285086251437
98694,12614.504594841352
92486,29455.097487632254
77134,23435.397483623063
94264,14813.066961225983
108210,11963.263563063736
98310,17727.387237651197
76260,34979.350808994466
89623,6186.351713659386
101737,12558.098550207982
97665,10013.269127642056
86041,17587.95019141014
86653,10315.703026917427
88423,15478.221943369881
103407,15541.999839179309
84654,18377.21585304796
77143,29680.004485939375
106392,20708.070663082537
86347,14458.755111000028
107230,10730.964774684655
103693,9302.792088987018
82765,17052.333252832937
103894,12790.904462513085
105668,10384.32683321707
94216,12255.153837059055
76250,31597.723803235796
102466,8090.016429663841
91919,15953.08341625182
99138,21104.488497936603
102850,14747.147399995925
79094,25928.3470184686
84552,9909.363205329986
93668,20774.401291048238
93389,13464.832666937777
84312,11344.16432921715
79379,24032.4709679226
98739,6979.84664659938
91448,18892.459871332143
89834,10012.894588934105
105359,8443.536562630143
100267,12132.148489186698
89101,17656.632632546236
76904,21510.14330316041
76664,29614.50394422786
102621,5771.0389115651105
82337,22926.251787211422
94266,21059.489828130125
84994,16146.471661501619
86246,12450.069161563179
96923,9138.365135755632
107661,20929.152096362588
92401,20211.288939483333
96296,12902.570201205077
85114,11916.38298981929
83081,8603.464117919924
84948,8291.643711477494
80292,20474.082534345573
78938,13896.80062615501
79942,16133.856698041054
80899,27349.382352790428
102476,12266.247290374424
90589,14232.026538950104
89944,11838.400701100834
106241,18934.79369703361
99835,15156.28362083633
98665,10745.080616650042
96516,5421.985991527885
79065,19152.65144514594
97070,18087.136054246137
88721,16270.094481081405
100311,9790.283573227083
97912,8441.250171072892
101514,8908.021045951333
91763,16898.44432025027
88488,16182.198102112872
79955,10431.28409359925
105677,8519.949576739104
99297,8031.318653453008
77377,11509.417669227758
95552,14781.978728383407
99704,16410.612646088837
82097,49569.00868604952
77067,8508.436275669212
93326,18451.83395400985
98258,7843.917455425298
98900,18824.998878032344
101474,10555.108443471814
91945,22150.1377494811
78816,31024.492536550726
95208,13992.049794576993
80788,18648.067863770815
92446,12675.388228035785
81929,16654.432134919698
101068,12836.358217654857
105116,10266.257625300314
96828,14330.811646660106
102272,8101.607955295573
89347,23063.613581770336
105201,12013.861090090912
94146,15018.193891500321
105641,10375.077794508514
94416,29956.732185427165
89152,17727.27724789721
99500,5621.397892007563
101711,6968.049367162495
88178,13998.108838406113
94259,25392.55684924726
90380,9266.173715504341
80659,51368.715974770195
94687,13730.37990451762
100447,8058.334148423888
80895,14558.080563291162
91806,29110.168444021143
82758,9604.771918139693
81850,14520.935204611884
85521,8527.281049765832
92432,18644.850624285787
78318,60980.04421957765
98804,12975.528221446595
84403,17532.726020334787
100979,13121.606816926076
80559,19142.01655952454
104553,18504.33896349697
90570,13133.954157048252
108278,24527.76424064067
107134,10852.440612859153
84351,17601.66881012233
105418,9519.328471509507
93910,20610.14786744975
98231,23895.29890718524
100789,16977.683144433035
101332,16209.334342308355
105715,10091.805954584263
82170,14131.249708417632
101526,10995.723524726081
89070,7187.856654659305
90429,18130.000219996127
91152,21524.6231832485
82374,56366.38541511655
81668,28060.13733357558
78914,21880.352582927757
105239,12766.556621430997
107483,19722.192330540507
83354,14371.962405759376
105252,16856.952437462605
93977,20385.235479054234
89807,8268.60152996401
81551,27981.727688791463
86311,12150.093117425888
85966,12847.832341813646
83878,16038.08541215154
103342,9966.142105976258
102398,11639.523828579704
77021,55593.81960255683
82755,8392.450727302183
88635,7875.423416898387
105457,13224.635457157246
106552,20696.550407533534
102641,13734.425700221846
77582,22743.76921332358
95453,60099.974562349875
78388,9910.11270751305
99772,15696.785842415398
77990,11587.41429936468
78944,30536.641523671926
88290,13471.821392745165
90011,5502.009262650829
89540,15798.462730793928
78904,23006.164490907373
91379,15517.976674362444
105750,13287.35312701233
95603,13303.374156469397
92481,17910.13843543611
93463,18612.799903806652
88974,9054.503910397341
77787,24399.428997424893
101389,12786.144926834942
90559,34082.36327807557
90421,13619.724617948483
107190,25186.36055974599
87506,15502.541553633873
101147,13413.186774268095
78096,29935.647670995917
99840,6561.222185749887
89677,10428.989199866563
97991,9370.925224065011
103556,10883.561298410628
101327,9367.573840210845
108008,24249.65816428446
107752,14570.55279211745
94554,19369.30299421174
96408,23551.762771948826
93573,28434.795842031326
83674,10966.60664864174
104503,33404.1833568873
93082,21446.467640389656
101841,7063.092524516153
85143,25426.131070594896
76781,11330.36835462641
102153,9811.170820124515
97411,8345.612750739956
101676,9893.529828296354
103176,11772.772856175789
80879,25528.583163439147
79695,17998.07218896966
106987,20795.797604733478
89095,16823.876842198395
88707,8172.7823063013675
79935,14356.613679200778
104678,9752.92485898544
78644,11451.16302603834
101947,12050.077474898884
85390,10679.068273884568
94121,12623.091555158988
80525,24952.731244815914
92964,26500.41107232105
81982,35938.34983160904
93804,20574.186276816883
95574,25650.343304004244
81710,16595.357725545804
84452,18059.801570389718
94410,20506.663173680226
79137,27398.89092511523
103270,8546.38194598858
82736,7623.270063960819
106741,18146.04622283321
77630,20425.011289835995
100426,12621.36933340819
107231,12235.27413947148
101001,12212.45726092603
95067,17553.91125994276
107197,33462.36727237908
83522,16117.340529247604
80239,12038.762235169665
106389,19990.25263517404
99072,18112.535310513867
92779,24561.703771700035
107906,26930.73079527452
81289,10428.896925089459
101206,7227.695002286197
85646,9273.10484262871
95202,25696.24974463163
96423,6627.497409877304
106597,9428.588154971301
97601,10414.289141936535
76974,43953.83274280913
80171,27149.035442275683
78391,22376.738891900826
101424,10671.203034885386
79548,31642.319409375665
99083,15886.558717282438
96204,27222.176868516577
93318,14519.225831976455
85745,20521.28408348169
79531,48921.89862320191
106411,14141.142803600987
88431,12564.627823091403
79827,13287.099286107801
80860,20837.068436054164
93114,28658.410177597172
89031,8013.835514838546
105755,17213.26380267351
81286,10901.93271024158
94641,18902.525745516366
92196,11172.355483519064
103591,7937.269605425989
80497,10310.60198848947
89672,8133.2610695672865
80800,23198.64541998779
102146,10031.364093267735
106675,23437.437013849907
76780,23479.01882488328
79880,33164.84457046776
90306,15373.185670962896
102271,10377.42286990656
82996,12863.347393479984
77929,28885.01825650918
86610,14301.692943302853
85316,14304.782547245795
91134,16115.937710527765
87377,10449.032674648179
102946,14784.798218550062
105420,13020.116416568035
78375,28101.662651092076
81157,10912.694201144486
93430,20261.984229749763
90671,10272.835370195793
98881,10938.863913528887
107152,14330.991883296434
106056,7690.212698333983
86256,9799.082019261848
88692,12876.383432123626
98622,11307.367336156089
84068,11958.937218647792
85863,8614.519885713102
104131,13693.174963396346
94296,12825.455003393983
104177,11957.134653767183
105126,7829.369433546896
93360,11680.322483761927
91059,28637.182060579602
100015,5911.582479750107
97027,9598.37164380159
106300,30141.73103829089
83539,12670.62710522476
87099,12017.798648856442
90692,7573.337122863589
107313,14109.338866868211
81341,58275.80645448328
82901,11169.91752107792
85576,14864.279400290787
98646,13294.32504112303
102552,8891.967909260718
84874,14026.367761921783
104768,11167.08026058244
87768,6991.0162274223985
93342,20281.12684644019
87241,15143.813969058536
103615,9192.2046120251
98526,14108.348972943817
107464,14383.317243849115
83357,20501.55205174676
103171,9121.354050607957
100341,10719.965764980068
104547,11043.002741976608
102882,10710.854034273012
107531,19052.269202620588
85433,12621.40778369449
78435,17854.38160071277
106094,20694.845252354076
92625,65772.02827962763
100319,11318.39131447385
95937,30337.313881431117
88915,10867.810795561276
87681,8689.938121907635
92428,22287.535162617572
85427,11388.33386960641
105372,11236.069969304437
82482,22021.224696873545
95178,23508.781975556125
106881,10114.539482642536
76562,28313.589505612945
103710,9897.738792140786
89109,8402.002208241287
92522,24872.797264505763
84821,15341.46047702289
80597,24066.271317869225
104040,10294.269534664303
96115,7720.418728240738
82818,7834.257956567761
90316,15943.99245664013
94385,21838.006812905845
86823,11984.990948962793
84842,11325.714424000796
102995,4714.187552794054
85397,20142.09477951889
81427,15017.537218052608
102461,15360.978212487162
77422,32224.308427751137
102354,10408.438895612691
91822,20715.311956689897
87427,9920.73889584692
105450,19541.54522727816
94789,13186.25869439287
106631,25891.590237069966
97004,14453.762502248423
100826,11211.436992807505
97915,15227.251128779779
93253,33720.85631527531
85776,10077.208406214004
105562,15856.72596254393
77560,20409.574300627202
82659,11162.86260475091
89531,18364.563811434673
94076,19258.465281022556
98457,11463.870312527268
96163,21883.360095845917
84779,10397.007193944493
104551,18423.108089522222
79934,21510.07015609931
84896,13865.461268454776
99393,11056.611068342985
82051,14034.144681884141
93247,18792.274642432723
86929,10347.325045480464
106943,11311.83605484871
79979,23771.66597674255
80912,24752.458174874097
105006,10771.227182349165
94368,37512.3110626148
81871,27337.929033985016
90338,11291.14975947171
104271,14280.342640533938
89984,7216.044393194836
105122,10774.807078538197
104308,23125.10272185959
92941,28048.55086832025
87433,20863.364352298446
96289,22432.814891877435
89130,11705.660009202713
77233,56553.7888539119
96895,13499.436731095537
90364,12363.014145799363
76283,19094.072570376622
77689,24485.366723720326
98366,9124.130741204752
78025,23391.094633347333
96644,12964.062890805062
80641,26730.62441305409
80271,25418.259249815448
99003,7106.689320507833
79756,14076.041960058381
76981,11450.962090634026
83320,15537.761724514152
96797,5182.909316618527
86350,11570.999454445138
107535,15863.387574466542
104370,6659.015647543782
100740,9681.004162336398
85851,10747.917755740866
89132,4754.185741319967
78746,26038.841868781015
88999,14893.76619176829
96416,17993.573492432948
88921,8254.576771580794
101078,13716.866269344842
92447,25229.158243195205
77960,22495.619661507073
106799,11892.9675103902
99888,20701.90799672929
83252,17142.80904635953
78645,14267.76946160078
92233,21001.47855513952
104026,9004.474134879809
85148,15605.039106505898
107726,16383.637537909977
93331,27731.303011365228
106236,19095.274625540493
95282,13989.619537611241
76222,27558.407274174948
84158,6359.668994110604
81857,43127.04091091872
94698,18104.636067057312
104680,13049.672653082698
104366,18134.286338805345
82562,17582.24228211986
89753,11763.758981272626
101937,12866.068941599051
76600,20924.38819299777
102683,7435.522384691183
89245,17340.33475145512
99902,12627.838879393415
106525,9587.330831848372
80738,35279.94049465695
107909,21296.578115935714
105939,23283.497186143955
92485,29267.330384270343
105128,19692.309741615325
103147,7939.116825115871
96539,8581.120019951291
99656,8487.73949249759
89755,20697.382915869595
88400,11681.718936299909
82968,21448.305155454254
103521,14958.186079656838
94755,30522.828502780834
82278,30992.90298313037
106205,7823.6299331337195
102677,6495.5933527621
103577,11344.051552683286
88365,14807.91615819545
93543,14374.042455760959
103285,11853.35240760328
91445,51435.28525066744
86676,11479.58625063497
108086,10928.123939714635
97671,13225.103360081275
85193,11357.94607793064
80220,40361.92760266707
107824,11923.038767482594
87246,11074.92968589782
85080,10053.514715851936
85470,11056.788655398146
93453,27938.077191531363
87214,8532.233602696686
99010,10633.712193373955
77246,35546.83671369457
81671,16651.707078099054
83651,17797.79285359773
101085,8251.804164130848
86961,9776.263061021702
99154,9702.025258905407
85563,10380.401146895798
98972,19180.331348353655
79331,21653.96059494871
100112,12724.782445023528
92540,17992.1276480337
102135,7873.987670109345
104980,22123.341626759862
103442,7146.009515887754
104320,10141.815490885445
91208,68001.83415367918
82486,24276.2520048501
92052,14553.520405775902
80540,20453.50895308503
89228,14107.14906207456
98960,11282.858418605192
86821,18910.590546756957
95220,14684.301873292661
104196,14679.963992249724
77934,38724.90618126305
80965,12308.727111946047
80864,23105.07123171098
90303,18673.531413543096
100396,10866.993754527322
98226,11811.912798049158
107713,10324.098449874911
82199,28622.997717472037
104715,28177.531197481007
103412,10651.200218536653
77224,11716.836954503127
79149,23158.461923603005
79332,25649.42060392762
100094,13811.227597099662
76280,31123.636724151373
104668,22593.88168472543
106239,12921.24777028188
106918,16018.88699883201
103738,13973.598289701979
99768,12858.518877740318
99895,6705.272817861814
88553,16103.353737773758
106781,12027.833243368583
104339,26797.650565337728
88198,9395.672154018062
77024,16683.674743115935
90492,17862.249081989477
87383,9379.967035842183
85194,7148.355776741741
100821,12719.73778842827
86207,9197.064727368808
80736,13041.718705210515
85035,10336.63981042533
77847,10511.62587258223
102444,8017.381363833442
101635,20281.05895020148
99639,6639.866028115737
101365,6523.507972079691
106612,21409.46268075087
89655,10888.00209702797
96679,12220.346553593341
107353,34268.083377548086
101805,12415.921838584949
81804,19287.21244148183
106783,14534.625819533012
101047,11420.721622536836
76164,24961.934497566657
106524,6669.308202148234
104745,9381.860613221785
88874,11679.33240566683
89206,6484.593085104616
88602,19661.61708102854
80458,25086.471477557676
85756,11609.189538589342
100972,6193.476352999179
79897,31759.984215505705
85913,12469.297263347744
107705,22459.188024089755
102659,8617.950442744073
101994,10569.136795720922
104004,10195.70207409912
91171,43217.339476759116
100207,13506.330930291442
101431,10891.658312687516
92034,23016.163268364293
95470,32811.420925746694
79276,28468.195992193454
101893,13722.750365359801
91522,30553.918806054324
94047,18763.601866889283
100620,13540.757928939389
97405,10300.652714449738
89277,14535.120875287635
102728,11128.502524942141
95665,47726.58554932269
93861,13254.244167184546
77779,12461.146404929801
79844,18661.194932236205
102549,10050.439749526106
79764,18037.01618406615
106543,18237.01186205929
90127,11380.654750611495
78759,15052.797672538612
85232,15538.237207075495
103173,13343.136334521685
77690,11707.258901698204
78669,37871.60292969857
77821,12648.24790356609
96869,8809.217439667193
99426,11186.499746883303
86596,13296.729039302916
102352,7386.60984724023
88825,7076.299282468002
82595,20655.720204359255
79408,27519.32239619678
105771,20409.65398543542
92499,20722.247077014243
82744,11665.602717286787
104310,10503.190725507908
82965,11678.776991098688
108492,18775.623152759803
102748,7712.714314112702
105549,19654.64202552667
103794,12383.691572904432
87574,12301.199015856992
77090,18080.436034659673
77729,30424.9994885403
92854,20551.893122615227
82724,12114.589619543061
76843,11076.471761378196
95714,14607.055054837429
85077,16831.89180313949
100035,5400.753507736336
76694,15774.394710372422
86970,13131.701429564131
93243,24324.45206750384
95700,23625.768550740737
103907,11356.149830569579
105698,11689.491108861344
84320,11469.767724715459
91561,29778.621693012647
100459,7261.192805415661
106398,25963.520231298324
86911,6626.542578963751
102905,12268.786614347215
103009,5277.025724831648
76287,18001.038236235843
106832,11660.941792292382
107240,22097.581919100125
104164,11189.01888483364
96561,13061.180473126937
81823,10967.759578673476
82102,21448.87894161185
81420,25933.65047359906
79102,20682.62990615303
92252,15975.400475941873
91605,21514.498886004367
94353,27969.74793587416
76883,18493.181015580278
79941,24456.39961439079
102977,9159.077005504745
104975,26976.498878597413
86138,19265.559702795013
76309,20109.75118378391
104976,15802.272063443645
105819,14360.103250462169
103115,7143.722651635487
78958,19617.59122211044
86851,8356.726003578471
91889,17471.963942418402
96977,22516.288639513405
98888,10862.489649817813
87642,10630.172608281318
96835,21227.824208133352
95915,25733.837754553915
89880,13906.303181138954
86974,9564.1304400769
80793,15331.864263767877
95773,27342.223084793477
92664,14241.790184488027
108423,21106.595478268377
88073,16427.538822735136
97731,20602.89381428759
92705,23331.163757857386
98275,8824.088907419246
106563,6701.685686710453
83216,10851.782800650431
108252,25098.57005908206
90052,18627.676558722556
96839,13579.44008396387
87847,9827.272866382504
101778,17200.713921110637
90493,10326.560040264441
84236,8935.905632040838
94651,30374.768904415465
82828,7165.227896143967
84570,15063.853291922569
103560,8322.829998325935
105414,11920.273712749064
82874,11295.757695697259
94023,13101.356307128926
99936,10254.753226556328
97927,8255.269172679718
85922,19885.686971233274
92409,19057.001656159795
102547,6255.7988707732975
98620,7426.616476440931
77418,30964.97656859158
106846,14858.333739242138
90794,16286.002231327157
102848,8692.39282709319
77668,18786.25013520834
87057,11037.057331282644
92125,53646.23830459078
89356,13324.31101699373
93931,18103.153998368143
98496,8123.070598053732
96762,10514.750182264794
77603,14085.311570912863
76242,13143.07931247255
77854,23224.946994359456
90496,9661.780855922423
89873,8100.527385577283
81047,33362.661478677684
81482,16721.956035130912
106630,23588.213915389293
102807,10914.018407327223
101397,10304.008856623888
103459,10457.16792578079
78508,35013.31129821996
87042,13614.930570685845
106348,23130.208323378076
90653,5745.126914119526
76159,22866.514220374334
87944,10231.87012323419
81531,23860.943196486412
107875,12094.958953525833
99542,12738.640991547638
107359,21871.786726371854
104564,16542.779159243117
82560,13566.272066634938
93591,26024.84168433263
103234,7966.237209420076
108458,10436.542557102757
79888,16356.796030076495
76419,24906.512407415157
106649,16253.793943965784
90004,8159.582919936232
93201,31741.72093529118
97558,18317.27304462024
83097,13545.333988349154
96492,5819.026555058203
78413,16341.662957084338
79076,18243.832218098858
87061,12685.705592207172
83665,13566.553488139736
97131,13041.112642243872
102075,7218.331098029301
99331,8944.162276028925
82067,51091.046986662615
85459,19901.107360189486
94510,47541.37863966087
97875,21452.67294878456
105176,15159.893588272005
89196,8850.553567387027
97424,23167.410196311273
92886,26205.832235015372
76660,13933.857410698703
81181,23038.002544815383
93133,17942.714501649698
84390,4892.47611639358
107413,21942.61052107943
98681,11372.443609401691
86318,9635.18830594774
80893,26234.755250582217
106409,25491.343701386566
101539,17330.22699320766
107735,14536.2224661063
103362,9339.261532234574
95493,25473.120143305747
95573,23931.88723120877
81435,27769.751210948176
89730,15242.74430189901
104812,10305.86814903482
95540,12495.536604351839
105693,10999.188844566299
99879,13200.518333254913
105045,10817.013931912697
95556,27969.83768401555
105209,11388.852169335041
77262,31965.006015904168
88746,12498.533313125623
106257,28229.053210547045
86665,17394.94755025941
99714,17118.577359779792
86308,7997.924460196391
107814,14382.078991301847
104110,16344.312411361278
107020,11355.024713808314
99899,8268.710188049494
87878,9385.651015652553
107898,16111.195458251474
91803,28358.735986940388
91708,30883.821193297652
88131,15967.336292510228
94236,29790.177036778143
94787,30214.249189369486
88426,7548.495403874761
82052,22790.330360006858
81430,23094.91094996643
103458,9776.428632874671
87322,10731.739131152388
88030,10004.695162153079
94505,27709.72703136109
80104,12332.230129410193
92324,24337.57499109834
93393,21537.49306280311
101185,7729.0712537842755
99944,10485.703868641742
91381,16738.619087887007
102720,7892.405203363035
80107,26711.675255102575
93006,28866.560333751244
85248,12253.804877773173
99068,12765.849501458044
76834,50940.346543996544
89377,9855.588865633154
101452,13414.69903432511
92548,28867.937715832166
100658,13035.525789264333
98383,52603.31826866054
77915,31720.677182315434
86268,9016.439766667627
80304,12493.340477095819
106680,14870.921613241002
101132,8814.938597146689
90092,22901.211620943704
100329,13491.396822315035
79943,12308.023193304003
104189,15503.14399104855
107250,24938.781947581017
105088,7442.52376428835
88824,16863.417727737928
89166,14827.482417010535
78748,18984.70620876096
80118,22419.205234556455
106238,27766.51346996172
105638,14069.639707707141
94974,14965.351874010048
78384,14709.690253877909
93451,19751.214679705903
98422,5902.883766399514
91430,27158.452672730225
77519,22034.111246619977
96946,11496.760630065914
98391,7876.897181159465
102809,6187.814915102144
82926,10182.552250674553
79108,20132.4506699838
96213,22374.388350764286
89205,5865.0729624087435
91600,47939.20268110852
107292,24694.937396132085
90688,10789.701588266244
98776,8005.20053331121
79778,13792.355531876628
106834,9994.559878877531
107835,16844.855699105065
99788,12164.157853588087
91133,27573.051564833975
82747,14474.633062555331
95651,21506.59044316152
90035,11767.398398356932
92821,15616.258062991874
93614,20517.61570262893
85993,12536.086535369355
94616,16937.082219016193
97987,11872.339936931929
79300,24881.761471972204
98588,9155.840487753643
83355,8726.586658941482
105664,22782.64330341302
106502,18621.06638394505
77235,24447.946547590334
101503,9635.027639498478
99569,25073.262418575003
93332,25218.78999101845
103565,6490.4361787564385
98223,7893.672129250815
89090,11596.386070463985
101490,5677.821450315876
89428,9984.67558650671
82555,10424.255834486872
94744,20377.826378925583
97092,9886.261459906804
80994,24375.951102954226
99486,9964.905960585527
88556,10979.321849042499
105789,27360.807229567406
90968,14417.906356638681
87386,11668.81926671815
96239,9355.737429054372
98412,8212.335713796669
107073,10367.017281325125
85775,11486.221875259107
103494,16779.027687267677
96232,9720.197528917013
95146,24125.858495200835
101493,15607.630539179298
108369,25342.427824591166
94214,24246.222289566234
95377,19018.31057203025
80081,13474.963892314134
81186,15405.523094175023
100638,14948.558412717824
79228,26885.485743942547
83296,15584.025025760662
78663,18199.088650313515
90474,11360.300304740695
99746,11570.650160173605
80600,70115.33423190449
104132,16420.856375023846
77292,12337.716894515448
104314,12273.823953297142
92563,61558.107890655454
81135,25181.67994108938
83199,11547.01836799183
103083,6706.773617083191
88165,8245.856148628458
93492,14201.469730612142
80502,19772.520950721853
87640,9402.454907618394
95862,24281.479393484853
97106,24634.10577600172
88353,8715.164548698782
99443,16111.86037599346
85914,8734.196149340289
102522,8582.245717137042
94035,25499.151344856422
82309,16869.225765658142
103845,11303.730195503826
82955,9331.8003545954
86039,16013.879250644854
76890,9417.842736418257
94862,19235.417701665403
89261,11479.197780346947
95261,33686.006457071526
76543,32185.534634631964
93805,21212.111758871997
79387,28231.404621042355
105256,20719.629930420724
103632,13654.281961459867
101647,7855.618064210162
90779,9421.14852810197
83004,8275.919294330211
82810,9059.378385772246
89851,7340.475242588511
95583,20364.1226896265
95318,12997.039805176302
96740,13741.281102594667
89999,9915.701486182434
101586,6568.328895671456
90205,21785.290307322906
100202,13303.689973902303
95896,19370.623628962032
78190,27091.949561317648
106867,11339.590691545214
103122,6217.958370714106
78800,16459.864703616073
98137,11192.252615370075
104071,17859.565393946836
80969,13802.075829675941
93695,11416.292757080566
79235,15474.121035599142
100233,8844.564662275829
103673,8083.965428465734
82811,10969.272304929735
106273,21518.624437560527
81714,13632.155115787316
76623,17080.133814261488
98396,7114.182803376746
87067,14322.282573061024
94615,28055.32023161339
91380,26626.46617377829
81368,16202.6094230018
100189,15247.698834485534
83055,12312.603327375236
104726,12058.39178111838
79494,20247.21533116663
86895,8036.109661762083
104253,42709.31832384614
80451,29049.228982842233
81633,29888.44340355938
85761,12361.306293103737
76040,15565.254641632995
86749,6584.234736308817
97161,23080.740718753543
89492,6770.554973689605
101063,12056.761852032472
102557,12683.8380485956
99966,7666.763833048698
93615,20188.473174064784
79812,15087.369133679498
106083,39410.09970345895
91688,22463.704678327584
93348,14784.876136405112
95861,18352.160967892876
84278,11169.826212487673
76892,18379.502060374904
86674,9148.099558604865
76138,17274.788420569505
104974,17407.602178381174
102421,13411.69049027699
82617,16688.172167652174
90307,8881.980713578138
92258,21278.24074812811
90255,20778.674942532005
101498,13211.475620892597
80567,14991.12127015311
95321,29774.665141245314
86671,6539.871102282063
89272,9730.886592501261
78823,13578.900617686902
95185,21643.379591865945
98753,5506.5967481256375
88611,6831.181717427631
108390,11718.208169943196
105366,20334.828930389143
80433,20784.542708672594
104145,11056.141570650809
90881,15202.231487944637
82596,8308.322356489114
85279,11222.436904683138
105968,14531.17073398201
84463,14670.6163130842
85840,8135.169294963451
78708,16387.816286095178
81642,23667.96439898718
88004,11837.036914128248
97345,24151.300939227225
106927,6102.80928704543
78351,14987.9007969835
91596,26238.983659412417
98390,12235.904805869315
80145,16972.39662770843
88364,8659.375013889001
88715,14688.942739464354
100449,11656.191087810903
92076,22756.465790714294
102573,16462.56246094686
89983,12173.420462296774
76338,23426.440438647787
78076,15039.221388788752
96116,14421.06314717639
76662,23198.41310062046
94194,42938.81649316214
105200,7093.642210439947
95232,15111.25254625585
85705,9894.743988137396
81683,9300.709027723518
92007,36507.31801017165
101156,9041.071825834759
96857,8887.896579961076
91201,16556.62930958799
77066,10028.496284645054
94938,21462.61001631019
82691,12843.164043699007
108279,21942.61052107943
101317,12567.101624142251
91872,18406.414049147672
92517,21706.250940152062
76176,16621.742785292117
98840,21005.59857343917
96297,11771.583985625677
105077,13332.66596657014
108306,21166.67781426266
106837,11299.621826382136
80906,11184.412408153637
85979,18258.281772635637
100004,9400.496634416344
108473,19005.452603460366
77203,19391.961311688116
101523,14498.079216068978
91769,25477.577222088585
95403,21930.033955181407
83930,9980.044130918157
95272,33949.13864886814
107063,12842.183183355448
105033,8483.595389004791
105705,14414.81136070549
80224,15734.216231837718
98468,9122.078378893846
90993,20415.62474576154
89413,5099.735944198264
98561,19236.5845530036
88199,14887.949802912966
95082,15526.130663744401
96647,6984.216943992954
80307,19454.384150019727
86717,9156.075807375495
107754,27350.311504627978
92740,20817.85465125645
89653,12234.514224638506
83458,15783.63114998269
88918,6843.654596500118
80859,22277.087503855128
76830,31375.61864937273
92727,22495.46495251674
82512,9570.892114455266
94918,33475.40973748531
96158,11238.875776108445
97812,30155.624414757218
102820,10946.271765835554
88655,6575.448591380539
86512,15590.370388175674
84814,14973.505604816935
82832,21120.979395067476
86946,12259.578222381124
102885,8440.873129482701
86598,19194.86151983261
76927,56190.259791852855
83377,12890.248239910681
81917,28739.883141534978
92972,20594.016261100456
94932,16377.333334732215
76026,35934.9334192318
82383,31902.854011221727
95697,28817.81105733081
79489,18905.16914335017
102254,9982.079723912339
95248,31825.159546042705
99438,8119.55676341416
96002,24183.989532276846
107266,17638.22211066668
98233,10227.279537605193
87721,13385.218115324586
76462,52987.35314092711
101352,11528.540493377846
89118,11487.635319692456
91908,31056.14791908575
94169,16023.142256222527
105347,17770.44199128288
93347,19593.839798415236
107981,20205.065915848336
104698,12400.909799783938
87678,19048.475373168476
78945,12586.821722749204
106051,11397.400154948356
100768,16264.460942778318
78915,26435.0176631301
101837,8257.011451181519
79136,12922.847668814551
97035,8755.304852118772
78591,42390.054080938055
95969,33523.409420511234
84208,10698.263419617359
100228,7824.312222735186
97687,10720.100669173475
87591,14553.792499130312
96149,23004.678662935003
87736,11881.058361586533
87550,6619.305641507459
102052,9047.14089468819
78827,35860.88327572611
102402,16492.407195506912
79412,24312.832240204716
77865,38247.14981745473
107971,8579.350157554769
107469,18344.15730090511
97612,10266.624632296294
108451,13880.217713758166
91741,17594.148963259846
97524,8237.400799639674
88979,13719.582731993247
87740,15070.25646492752
98817,13404.802006759854
93862,17199.57412062679
99648,19512.682283141647
76643,15527.499849711832
107633,18094.936372231197
91213,23760.31127413961
90869,21088.657868538758
85444,16444.347215123686
104383,19824.111366693633
76870,18386.47819313543
79279,37179.53976355525
83999,7942.123614270972
98596,10182.446020019765
86831,11821.382424402904
78863,30795.127087526012
98360,8852.61919743145
100096,10660.16210627043
104448,7039.378642102512
90367,9851.481156842803
103277,13292.11353896704
103728,8951.641564633914
84370,11059.238771288045
89978,7742.447204752543
92359,17487.449051801654
90135,6212.226585998364
87969,14374.505346561342
102318,9835.354275562237
76607,20722.81967953871
88481,14202.956749934352
98436,23568.37486567051
92888,44219.75945592361
106269,10062.217042650987
100538,11040.578093930906
106326,10676.23259366495
82449,7824.806200346927
91142,19109.342696498657
80150,20187.67909520424
106004,19014.884729863843
108069,17462.11479042636
87037,12645.215779230111
101280,8072.707099991938
95763,16073.936229765312
86504,14364.562347069974
81964,25733.02440424307
98685,12307.737476536695
103215,11708.416740053055
94922,29558.682434115544
78554,26266.4713047471
105764,12361.207062079435
87972,9239.813250386962
84358,11214.438456800242
94964,19492.039922330736
103241,9566.593515056387
86647,11483.85138315622
99158,19209.416399627346
85420,9845.460135246809
78077,25869.327827971043
107422,11844.596866943419
104022,22221.291862397644
79737,29480.23068954921
80207,15707.381711162145
80967,19072.15074392871
104178,12529.250946129217
81030,17572.056936819303
93015,23214.755344657216
80407,25932.955742701233
87649,12212.015653747645
76690,15623.180187596867
79789,19545.35390577016
82746,8470.87469991267
87159,13356.71515537198
105962,14731.662629581086
86711,11724.116629381417
90644,5847.842355026183
85786,9332.113473476435
107631,20631.805313092515
99617,6067.658198864308
96261,24797.561759699194
103524,7931.3426525504065
106761,7876.332299301073
85261,10409.540128647976
82784,12328.550150512197
79866,13950.059134248031
85332,17573.565333461607
91102,34911.69045207535
86628,18571.56913342067
79673,30105.752911642747
83347,16134.450726433564
94145,19343.023790299492
106036,21904.521556915435
82287,14856.129860800043
88789,17281.675717522554
79618,29349.56002365501
94133,21783.081136612836
76165,18295.429389892328
101369,5942.946755952533
89387,9341.347381247213
76789,35759.72694427532
107309,12534.220002579275
91783,23914.139747521876
101897,5491.324084719419
97745,19892.22320502754
82133,42034.93229598458
91614,17471.27760546459
97308,13119.216002146812
95044,50190.0690925821
80363,20125.512146512076
87137,17469.93279839356
80900,11455.651199083555
81525,26677.902097481692
86772,14109.360146736692
104784,22913.222102298547
76211,29205.66864395176
88180,10995.148839152149
107375,17940.52503447634
87142,11308.996129875251
102944,6467.213323916222
99258,16175.498180454764
80209,16423.22115964516
81591,14600.780090502143
101494,9542.847418835194
103703,13132.734680017124
84613,12550.781867349406
81070,18111.47492678777
98675,24171.55978981231
90638,6632.613428405738
78215,18098.568560359396
104188,9699.023390279894
79525,26721.013884053224
95362,18027.103897391542
95717,13330.371147002355
106872,22883.24613343068
84301,10912.444633433675
81601,28185.363117953973
86575,9778.255343059061
100108,11882.577272585802
98140,10620.356220326836
80480,15800.433107577084
105961,19532.442963189525
88147,7654.325880579066
90426,13217.421389304067
92503,23494.461731027102
91066,20572.70714709857
103976,10379.380167657815
78267,20927.221730539746
99535,7261.737084176761
87776,7511.978521566271
108501,25734.6328573305
102285,11345.059662601658
105946,19394.84537007237
107799,14600.96368832604
90291,15233.921226151102
103617,11882.577272585802
97086,12986.183893926862
108058,22463.83725414818
84663,15010.167259804399
83054,11947.50130709894
80706,11625.199441561188
84885,8094.136121824431
96741,9109.85943610865
89018,15100.248696522778
102962,13105.098869950516
107208,22576.706907910826
87254,9175.354721853968
90928,33539.41508514031
107211,13344.870384220536
104636,13683.589403262184
96902,21879.39764421271
92953,19834.327224482393
107082,27196.909871792548
87483,10999.351532499611
81493,22463.89046089677
97521,9113.899877117734
107168,46721.559384751235
94004,28404.320360374055
87794,15335.102358271348
99172,10800.908965207078
78673,26315.457971688073
77673,47533.65527902821
89569,19757.736768409162
95130,11411.890523227683
82941,17132.687559934515
106278,22270.89710549363
92295,29160.53502087032
100500,8309.727679459662
82192,41183.246889067246
103583,18871.48570411609
76059,12916.962688477885
105499,7713.394268827871
107083,11297.706560137698
99563,9136.601355302988
94951,15434.644304198848
103148,13317.399871288046
91319,12776.239747769103
93386,22399.730164342825
76109,12679.98238030301
82945,7577.7508781162815
101785,11768.513510727838
99381,3394.0091181808316
87060,17224.96681998386
95211,31273.770038147788
91694,18935.184358326977
77173,55974.50739080717
82094,14135.021767569138
102120,14778.430892190354
91721,14019.277139895015
88100,8541.59891041336
101115,16126.466129737668
104595,11877.70594253094
90098,20615.520368096462
89595,6151.445492263666
82269,33600.88056347191
79900,19604.476977238366
90360,13118.509748594812
102462,15499.380073916429
106639,18997.67863066644
100825,8717.396056732498
79579,30772.523467823816
97198,11106.167248621756
78303,11492.009462651502
87680,10600.709205401809
78160,47596.56657138269
76168,30805.611992863986
88329,22226.788297094827
97416,15997.707410834892
93159,45005.04359474145
91927,20597.662514358122
90611,13150.069286741258
78641,39538.31510756073
92598,21987.110889744272
94425,23724.162967721248
91168,18905.6269787069
78734,23036.9361626116
78005,21721.039460674103
93001,33494.73568669714
101473,12808.646335045023
81076,41561.20814136634
89625,8178.863242219674
77610,14683.628397950493
99909,13315.715988223878
84285,7678.338247543758
87146,11059.70103153543
106204,21286.174817030875
79047,11769.202076333417
101371,14899.210558526594
83269,14377.349784413736
79251,14779.405256102422
83976,19203.93983996987
102684,5702.504095702768
97327,12201.71880569614
103469,10818.070741898086
84299,16684.02174096104
99272,13835.308867860287
89489,9009.43882109604
83325,8729.321243667091
89423,16743.10522010212
86724,7506.348041443718
83802,11803.211248599973
92419,42292.68672216601
104989,10991.309587498574
83670,17198.163912345743
90400,7659.746860569033
107433,18512.707490225657
81641,34850.76649525974
103722,11853.06568318738
86632,11017.879650169829
93036,22042.749105688956
94398,15406.18707445322
84906,7935.040751808587
81280,34252.0394394893
104075,15681.590338194794
95998,30257.59214484028
100993,9317.930388543513
105404,20483.58343514821
95615,22248.658396057315
88828,10817.986707756221
94230,28638.219575407897
97101,30770.952653034896
102266,10100.416175132948
95269,13448.664243377583
87008,16794.35886157621
96384,20399.30241263191
81461,30165.686502330584
92651,38075.03529866971
83997,10686.073371229575
100143,13811.227597099662
86721,19954.924906317632
107348,12460.987936966778
99221,11016.272012749458
92846,18456.155335916443
101042,9651.549536005543
76663,52890.73614653372
87986,5997.476091946368
92959,18805.632313742404
86076,9708.721169541592
76987,15013.556107829329
76842,25261.325833337058
77966,10359.465516819979
86599,15253.72486606395
87922,11059.487150216237
90812,6208.060389427504
90897,18852.668735869935
86531,10185.12615658566
83583,11282.34957271921
81256,25572.19147260005
80343,14701.233083687861
102122,12110.341838408813
77334,36683.84727306364
102222,9995.22467347574
93883,15844.158164636621
101876,9171.289626740694
77602,16193.707097362798
88598,12344.180342098425
77524,28817.84278871073
96783,31434.58259996336
108041,9775.462101007028
93694,28566.87912678183
96258,14859.335171044408
97398,14454.129719834256
84225,19699.247078445307
86415,12151.034849293412
90604,11923.42580178159
103848,8720.451384184895
81012,13274.879881417222
94703,28103.750261697794
107406,11021.476902667699
97842,6447.975623354154
106706,9889.62466772544
81667,32096.45310898897
81092,16534.77113378674
97523,19098.32462365195
77107,25659.91409952178
100699,5165.541211016506
86969,6368.302991004126
100917,9529.439008489111
86251,11958.593072717169
86424,20160.41034551418
79990,10642.802670959922
86382,10800.49856835039
101613,7214.674126891958
78397,18233.751012727385
80111,11883.401294486028
88021,9692.475915905883
76832,19799.12383040591
78935,13004.739302423055
100446,12145.67646173872
100621,8571.701915718257
78399,13693.038173551242
108515,20415.970587002612
106023,11943.08501560888
93721,57762.76145631649
83647,9797.415962815961
94136,25073.799107644296
95847,23969.10978529607
107172,12920.921884950902
94458,38067.746263193636
94175,18215.79530925189
92726,26372.29293258927
80910,39971.33199209455
86869,12928.328779472617
81258,21073.855613549404
84340,11917.16255356729
100324,7893.586707983139
99428,4722.662129983241
88878,15575.794739994777
78066,56853.893394069906
105935,20269.904599766705
87309,9134.611585321447
87656,8700.65728332648
83790,9729.431479530644
77893,10158.86165260513
76055,22174.776560249637
99688,12423.659027786305
99661,9142.959228135718
93173,35420.6083233504
89291,9613.945118134778
107766,6920.237076933497
80369,18316.495125049467
84448,21170.856790158905
98481,5908.529360028047
96477,32131.72936684799
94818,15475.83843609031
106708,13763.191714562037
77786,21501.522573169863
77244,58232.160830331886
91199,17368.555341087973
101108,8919.85927511425
78967,22947.692645881907
106914,16352.987677110072
91647,28467.075856808777
91411,27860.423875496825
98766,17112.123747822014
105906,8487.671553271945
104682,19313.331198036754
78615,36032.20769409801
85253,11053.831634807397
103137,8712.618573743244
94662,28498.778092936187
104640,7123.6246812437485
97535,31475.84295930648
80168,34398.208226298986
89005,7569.7543440982945
99876,16800.280895515345
88741,9134.649143852399
88333,10547.071844928041
79822,14833.514405983846
108292,13937.399764733782
106845,18529.81882082808
92167,16699.396369762253
91226,17778.551675272454
95206,13535.27985924586
92166,36860.862821155
102963,12731.546764758663
79527,46148.32177396082
94552,27457.826439352408
89210,11461.544913000342
78573,20473.652792603156
104073,11676.715604155092
98520,12311.240265277276
77491,51776.605801676225
103333,13290.37885835604
80090,22607.33975718384
98666,9648.055394993999
86798,11556.075058363002
81728,14691.884961998343
81606,15502.192167321211
84372,9968.027397800633
105528,10203.91882885638
107436,9877.8654045183
89038,12196.029029190238
102983,16968.38475690493
83135,12264.262924035273
98165,9773.448724180229
96159,8414.430554516628
90229,9053.099946777123
87710,16124.010427331632
91414,12574.073862677524
77961,19461.409159514795
101890,12798.227884272974
83710,8952.661887816601
92874,19870.303349094153
86534,7710.18319815762
98517,22795.294364683516
76174,35013.31129821996
107068,22434.83126478542
98050,12781.56734774734
98718,18424.32800683414
101964,13446.989928924788
96813,14100.817150812409
95118,15967.222734385517
91139,25171.85215599968
98838,3521.08518590721
98268,13550.045979738063
99553,11190.636299575404
98904,11114.577811759034
80828,30748.59599340173
100001,6919.723708628466
106691,25689.394835609262
108038,19865.638853223783
98715,6786.7627511587325
85714,10414.974695972105
88475,18867.905928994907
91923,23519.838855192356
94795,16827.060375142584
79738,12435.139264428362
104213,11105.657655219115
89425,7437.59993581863
82405,15396.446394223673
101000,9159.266931586371
83819,16539.478599126036
103491,10786.141343374442
88226,11652.202546008348
102022,12498.324046675323
106889,6716.762459392234
98697,17351.116893690636
97178,9307.685851444652
92375,27843.10674635514
95917,29872.20760214777
96308,13340.89839947268
92406,15862.306000223487
108375,10437.263457878862
76860,13584.896158490288
82234,21898.04844490555
99593,12207.624446401822
82962,14390.24033737914
82016,12056.570960797131
86781,18241.408544924732
101065,16490.88273394112
95525,18378.7099036557
95306,31829.09651298198
77397,35239.53527072699
92496,25704.84812694285
102473,13208.16986336546
102927,13376.494350340385
91897,30300.38355678747
95554,13243.338541526839
97488,20543.350870973707
76085,20015.166326757244
84133,14560.885199050117
106369,21578.45580363112
92172,12653.007947923625
80532,11870.616582552044
96952,7009.811347261144
104627,27189.690483040533
87415,10590.760154691332
97047,10637.213611515142
87227,10311.706575924829
100308,7021.882884694479
105075,19799.373068407665
84539,17390.98959051984
92284,21846.663623774777
95634,19773.88853507436
86731,11751.93605697251
96425,14420.841310104039
96765,11817.102478867473
93239,11957.21166354286
95450,21188.078585363168
102086,12386.839530853713
103024,10051.727971008344
92808,21011.663959260943
99619,8566.487719026938
79704,15833.306665956234
99613,20795.19477661917
106854,9269.242120201614
80959,43470.4205083378
96020,16868.930667203203
78736,14715.897930391922
101207,15148.580793909034
89767,6255.249234548935
105747,17066.01305404526
77828,19226.420397262358
91572,25529.864459348843
88785,12176.669182332616
76972,22123.38589082788
76362,22768.604334472522
87572,21189.81830969584
82399,30622.300756845816
93833,21145.25960908637
94597,21693.157856479902
86551,10156.68797802159
107163,17920.739606915093
84085,13060.52075977354
93349,30522.071301808144
99389,18659.585590122
80970,22276.631721865797
96279,14075.860923808623
95329,28691.54099714953
99228,16105.583113977389
90184,17894.664054088174
107226,15799.689315136091
80769,31565.137629968387
80742,16023.824549835657
93650,21186.205050249213
107530,29515.47059702626
87038,11545.182065459532
80146,30650.640896775447
94892,35490.31635293089
107150,20030.554669678524
77880,29648.94233239082
100591,6708.618909955731
80919,13503.364961697067
84533,6668.524426835432
82006,11977.503776514473
83592,14111.418917508134
77124,23721.19560981886
93924,20242.041543776344
95528,17725.157067322056
105644,12984.630780239473
85662,16152.47929078007
83079,12086.812089688547
106655,9874.773969001073
96517,13044.516981630157
80260,26847.444457220532
78203,13341.177392763635
104045,16403.447596924427
76147,27523.83046453664
94260,26537.827039186588
101648,11890.242670465368
84725,9660.40678388949
100099,10321.796690603902
79381,10285.203654973708
77511,11787.799143384364
78265,14195.036032583304
85496,15271.436913316853
77336,14936.202734784578
80330,30161.565621108428
97617,11225.4903319478
94477,46690.25192642677
94881,16452.72688772845
76653,79706.02899615883
89023,13817.132977657375
104965,20375.132626464052
79637,14407.085863381888
94018,18690.822297362323
76481,13965.412180144467
76139,16209.606451906337
89662,16402.15789689241
105654,20747.47860676476
101555,7611.840774215583
107636,17146.871559006962
99722,12468.568870912006
77887,35819.95503777073
83236,16188.4884831475
107964,22102.316085092156
108137,13948.169043740612
99718,23230.483085637414
86701,15433.652375535332
77077,30041.973163195875
88040,35865.36630208523
78583,17461.478504761137
85917,10782.25402065874
81283,21225.212670160534
104304,12114.90333158895
87081,16986.800777632812
87129,13324.713594842904
98111,7288.96411951687
76125,24329.879705614054
89395,4913.594274757196
105028,14476.311787552828
98036,13407.091304219652
78805,10650.324041094476
103101,10888.65267130301
108365,10856.536256374788
103367,13750.424686868946
79524,26502.389905518434
96079,29187.01104656003
104361,49196.96221408771
106133,34694.09052928111
88514,14166.719434080858
80511,71113.51756798345
90340,8942.02714045788
105563,17295.807327924646
85987,10957.79437386333
88251,18304.220663080912
104270,14534.930518662886
100820,6011.984081717218
91061,20976.08930932149
94348,21706.67488205505
106956,25661.53458829741
100858,9147.56497076087
81114,20352.533119334745
103100,8448.347847156789
87787,9845.179238306533
96168,20177.920207421583
107880,11474.598833286673
79423,9773.825568584938
96948,11643.152399302837
99709,13326.393761279776
92562,24395.59243067574
101684,9157.72858451361
99037,15612.740587916098
89129,11711.509605578889
78722,16301.422257776003
100854,12317.554080065203
94206,19881.804046279194
107045,8410.908939881749
102537,12424.8296984199
95597,43996.14768654538
88680,13640.464804939224
96439,19993.461303304135
95466,25374.024225546676
89104,6506.4239454848675
88224,8939.180637009476
86152,10205.430166786908
98291,11215.309059094034
106901,21665.632197162133
81783,38084.019682850965
100932,7588.504824347828
81607,11517.690516307088
96664,13227.239354085474
87553,15334.723555630291
95513,28134.75357089382
89899,17279.15006416916
98891,22470.547683326604
107167,11445.644185221687
77353,12120.408067001163
106280,21264.963697103783
90874,6225.453485932823
101248,5350.857029042627
79805,26718.574251855513
106429,8531.29227638303
80749,27735.889113719935
100354,9063.670749922581
80249,14844.98233523604
108135,51784.4135602816
80931,16847.215934105912
107899,9013.932256685737
106399,11984.405560279643
92635,29420.072014453974
99128,11190.897016688776
83388,10555.734319859459
79225,31481.598238238974
103533,9284.259725499434
103029,14084.173573107795
107588,27691.26426837657
92646,31505.106643217863
95432,25804.73339760286
105377,10140.203958601083
104914,20839.236023340494
103692,7473.977423249436
90273,17470.78599303143
91496,13096.86582434686
90243,27834.86952062651
88300,9804.121452547188
87519,16371.92264600183
91612,21119.99917907666
101939,9110.257455970474
91015,30614.81423460924
90181,19254.245176516408
78441,14849.186674872324
108389,13279.70292929505
92627,22748.8221015757
96927,8424.32328601619
87730,10101.635991567902
89842,17520.45779248735
92971,17785.995868196747
85556,10054.40148286703
82669,18940.424057092467
96673,9814.831286241919
79153,36013.106464939534
104675,13581.014162465677
91062,23469.589107297983
93779,23658.49754358075
84248,22197.889120952794
85038,13803.444703626616
87003,12874.896657700323
104951,14579.692621651302
80530,18179.374221675782
83785,17783.95319981414
88812,9373.143308991992
82270,33527.36869401796
108300,12337.217113604913
103880,9916.80488498925
90507,15591.706185980505
108049,11279.116379095985
77105,21686.755369925897
86615,9241.272544415231
86494,8661.925884879976
103184,9437.923462357026
98599,21285.28629813485
104375,27133.739585474483
107205,29240.02381435562
78844,12181.260206320276
99780,19503.34894527308
88969,11213.634649872403
95137,49531.243409575254
102509,11199.328311897807
77745,30150.169640269483
86566,11482.26203241351
97877,15096.892812129825
101765,6483.0509607624945
77886,11122.257290586767
90185,8071.091901342653
104203,13812.123123374815
85229,14943.307503269352
96143,19162.29147013115
88575,15520.758022076903
104096,16578.590009404557
90161,13505.223992867372
100702,8361.106380408508
91390,19347.1263064343
94518,18855.132024344246
95365,13614.99684111434
77078,13033.21443137938
103981,9470.461416930932
93049,20475.21689256043
104932,13880.311045183456
80929,20951.284881985317
84280,15619.729969135651
107619,11274.938453484763
96726,9245.954867036073
95122,12806.393590539546
96286,22458.003366996316
104463,11994.963725892208
79669,16866.77762856617
83751,11353.73220317603
103686,8590.649605555447
76601,28024.723801751636
78424,27891.10955652485
103522,18999.635233397083
96181,16884.067285090005
106896,18551.59111289871
103201,10213.543835419452
108472,22142.00037874407
96100,13804.201526278874
78149,41619.3301484213
99046,7168.0127735565375
101215,9993.45976976286
95675,28623.24154990088
103753,9567.983420482822
102010,14852.141215744026
99789,6602.254885419849
78760,26146.283184736618
88270,16812.49917895951
77169,30991.167221113395
94033,27529.34264097577
96304,13239.665456620955
83591,10233.135572822599
80417,20673.903767578042
87101,22636.699592820263
91487,21621.25304218977
107256,32134.11842111908
81695,31013.024811803116
104760,5384.801565863069
86668,9850.595893204834
106007,29398.95294806935
94726,20449.540719838264
80940,32834.70018223715
94574,18857.770686671123
100505,11908.003768004202
86383,10690.627507121495
95683,31490.371120306532
79982,9932.189492765234
91488,30399.357879958032
79556,33731.84805654908
108183,17132.016214099956
93993,27559.824635995024
95976,32532.941475648695
98574,25552.388663814243
94825,33289.617407235804
88397,7762.8082951002925
84250,13209.944503508917
98593,9908.914037491133
98330,6064.914398648008
103350,7638.974391778078
79640,17111.453318984084
88447,11650.508227946619
97515,17266.485898295647
99951,10519.411829687728
99333,13681.337704087295
88755,7171.8995787857575
86184,16102.452548939742
79396,12436.775266683435
86690,12264.203024044746
84172,13935.113512164067
94766,22504.99376680872
95569,38902.59311337933
106158,14840.850475450887
81339,14655.88194593933
93286,22271.715267270734
98950,8184.372538288458
78868,16083.115256601166
100793,6577.24436406299
90095,14790.84722055842
77269,27424.37701562939
79615,23743.174872256794
104050,12882.780558198192
103961,11450.935354824438
105844,19104.504525950302
101832,7910.470791838351
102550,17613.397175092767
101434,13811.227597099662
101418,6997.330717999888
108042,14254.271646133306
107747,11541.351452325469
84521,9457.081823644154
97615,13271.08083547033
81424,10442.300224569037
99517,8489.927103082171
86658,18078.620511964997
91422,17641.35758750834
83839,16566.238339938274
95100,18863.748693468362
108425,17184.81517640441
102439,7016.357497407179
88840,13324.470007291082
90580,11639.20159746862
85770,9882.732677418973
87728,17753.280191582253
89952,24234.68715157321
97315,15689.527152387534
85711,9390.808675066655
90358,17917.936005960197
102929,8282.195657981722
82447,11804.847474523423
100245,16755.886243868703
84784,9748.508435283355
76465,15930.538420861265
87664,11638.388792250997
105387,15551.190455365337
77089,19975.13579788199
81610,12364.928645413263
81058,15225.743173822153
77730,62565.8714451536
87459,20703.44015750685
104036,11211.972982908985
107145,16424.48851784492
82326,32061.89481785533
98946,12216.84584920457
107053,7446.045914803384
108371,15260.549378807267
99914,7832.221439846979
103049,15512.355328997826
108509,14042.947768428328
97598,20494.044471478286
79617,22313.57093893823
95140,18441.11714324506
90323,4676.63192670773
87974,17439.644561003006
103944,8327.736208458327
103018,13811.227597099662
87158,11078.853734184611
77669,19259.32754624698
98042,17579.408603608837
78268,49438.455268845435
90767,5465.503726159571
90669,11048.11439939518
81912,10641.91692249373
100120,9092.288061236542
102601,9149.67140588209
106911,12352.29303088448
85941,14996.463284906386
87006,20888.24012151921
79286,28277.14819069271
97138,10769.934154859902
90797,5022.97928098778
100707,11152.836180685694
107334,11407.943746065917
85757,11442.857252685257
85888,18871.278632633577
99962,20182.632001039587
76188,30339.956559554295
99064,19451.09145926331
77045,32124.3940525713
84655,9549.478469250598
107154,21456.593021003035
95840,12886.25198491047
82979,18189.709726914985
97459,6181.460437775434
89352,7871.19650654681
98956,19554.333934634666
96121,22985.04605909552
84625,11042.540732723506
98767,6847.975016617037
104355,21520.54605713131
89678,17275.371063994717
91357,28358.45454870085
75998,14491.997917921093
107603,11921.965611770804
86574,10298.785326297877
83632,15277.640013988674
89374,14824.949271224126
81663,13140.891685886505
85717,8533.980743712269
107272,16615.965661152495
106265,9170.809401083365
99040,15850.310140932137
88694,14866.659478847168
85144,15477.62634898238
86820,10510.290642517446
102396,9678.565229111713
87881,11764.062738627705
76603,21671.370300348703
100941,8420.938941006343
97580,20985.565940778564
106362,15036.41240856905
84680,6504.318816583242
105064,9969.407481063638
105522,16719.880685556174
82587,16111.92015511049
81216,30773.459205052917
77075,19872.683899714593
95633,21470.422123566546
97702,7842.403103116794
106735,9514.91962310936
78177,18990.536431365545
108495,9997.143005236134
100743,10297.031991713702
88876,7383.311749213333
101192,12293.84351597434
87450,13323.13924466476
87281,12359.274958109136
89740,17803.290422182927
91037,15425.136516326478
88485,17380.44474265537
103760,8524.133154793743
108527,10929.819000442238
94564,31511.32438364027
96909,13388.508889816021
96759,13033.366661100064
99752,6436.361400121507
96075,15009.708914818406
93329,17028.718104903706
96936,25619.81950773834
98873,8653.10338886639
90863,9797.684700545318
76692,37053.98408646803
89812,16255.762399996745
82128,13151.780642286672
96066,8674.729979709755
95160,27362.814575038352
94923,23578.041563398932
79998,19378.234989611447
98555,17700.310916433482
84197,10263.945241428331
93881,35564.48813786102
96420,10274.983006195283
91466,13725.912399842025
102246,11694.837668010503
95149,21606.198370858565
92066,33937.98905914604
94579,24379.764690609692
81791,30852.251177611997
87929,9189.759472766118
79839,15876.564959622872
103708,13255.907297036187
78718,21524.659803401606
87840,17012.777167661054
86316,17054.252543226197
106118,24518.444133281482
87923,9248.642785838496
105417,21098.930291560686
95584,22213.224076907314
80187,9972.395309710771
96280,19694.390428075516
88069,8250.164881433506
102826,9786.104666329868
91166,22521.979500232224
95616,29488.340407605323
77374,24410.503000410245
101288,9989.021662279276
88801,15283.765375506218
100060,8116.6419791866565
97336,10875.393055967907
79226,16202.920676982554
106287,11614.59158479644
95018,21943.5142467834
78131,18266.58212680881
84551,17499.105391247835
100445,7615.336420906144
93031,18617.60867933577
104415,14085.594869139124
82984,15584.37600673729
104242,8233.381477940768
86170,19911.090680795816
79814,23420.67316034404
94172,28090.400326538987
95530,61413.470573740444
96105,10658.36788973558
87822,9339.567679492086
78073,16120.865393096821
106610,18263.73045741459
99065,9727.673455443371
77646,54446.36682743319
86266,16850.465589764975
80186,16575.853685418628
102645,10329.729198772255
83453,15220.007366287933
93905,19878.05810255337
90535,6541.140678677372
103695,10926.503530306027
87488,16014.29664478142
84520,13588.80243489893
97541,13043.361419977293
93818,32024.449255874784
90796,27529.77228754843
92896,33668.90694961103
95577,17656.228452404262
101488,13594.213986159622
92336,23123.17750250121
98826,10522.889582145544
99527,13502.259968528997
90582,11768.016822571388
99787,20274.264608949165
107806,16055.240883716262
94108,19799.58051952468
96333,10401.560447358646
100710,12920.9120854176
94129,19980.960979048483
85361,9908.205367366303
86043,36336.650561012604
86833,16777.838588189043
94373,17696.487125687618
77978,25226.933132066963
96250,22370.4732654144
95594,48914.42994286187
96781,22463.014273638106
91860,27065.513555286303
91206,18999.723052120637
102627,7143.091434879101
89384,17121.951648767572
100945,9150.703781912633
103337,8085.746242606826
78230,17912.033662280402
103814,12193.380738979073
96429,10120.043363560873
81547,25088.115556283818
85056,26803.917392184674
107758,9082.227382878684
81328,20110.09790995842
100775,5266.193758562864
82066,21044.048709307972
83908,19297.113465212005
105323,12566.47020590972
77492,21186.9730888472
107451,9145.681336728483
77351,11278.049839829484
98029,8626.674957865052
101572,7500.788532470733
94944,47156.78403892156
91179,29682.90837135929
97780,27615.622357205626
97978,10772.246852572276
104953,12132.929985847073
89173,17607.491151472303
103406,10815.424010475304
105570,9465.105917329249
81815,15570.537496177538
83095,12539.196422319794
92184,20776.29271572089
88793,12764.809405615044
81805,10344.469708472694
85794,16740.411664830157
97245,22305.53259155806
88691,10711.908120331882
98261,21541.919340629134
76495,22561.49316696458
100400,11339.733174486077
95964,30806.775872542694
101477,12299.45997689868
91345,19456.755852102055
76207,38364.6905973892
88153,14063.979465766539
96153,16610.37594395474
82291,14061.815010113918
99451,7153.804480169738
87965,18656.42731853116
102559,11024.002723037132
106147,11976.494376752422
77921,17360.679465432615
82334,25430.096855538963
108164,12273.849685316154
106096,10373.966385039661
87657,18514.049978626244
98448,18033.24010903175
91900,21294.846024348626
103220,10468.01361304171
107077,10827.837679642076
78197,10175.241568258853
101655,13595.117894908246
107006,11223.69646220356
101367,11507.358219140187
91219,26206.060685551187
92182,14468.301217108825
81544,18024.273276095944
80496,21972.700912120577
81766,24422.179860537988
96589,9294.654142368
81711,18207.65032095143
94981,19120.365866370154
80701,15377.181405867255
83791,12784.99656319874
84832,13092.36565717001
108407,10501.419295697448
98308,17388.28935177645
101437,8563.998614196951
91248,29313.07105668553
104100,19257.2928882519
78410,32804.84388927321
98413,18669.41373462981
90060,13757.279765302295
101366,9391.623669662675
98709,10852.892281012959
102890,8209.067529813727
87962,14253.582938405492
79140,16571.58794281145
94166,32656.831087150447
105551,13181.3288168063
99518,10406.57026363057
101813,13723.186237777349
97443,26972.327051143417
89725,8324.93235901367
100115,13744.24034519132
91893,22285.56104890934
90000,6673.731818399988
82989,9883.437916926536
89359,16160.100154723026
91971,31017.956496619827
88614,9637.004365380973
104765,11854.302234914383
80918,27404.2545724729
91622,14629.764649888693
88210,13812.999739245688
82019,55787.43145917987
85200,18895.108119442953
81558,18941.346048010935
99276,12477.143250648633
81563,30846.797218774886
99583,9711.778165895379
77201,10675.88483838368
94664,22384.818447226677
99203,11938.711038222986
89314,12997.382638607887
89306,13695.905677436196
90716,16149.006265395368
84217,16298.98585123449
104655,22984.569007449787
92210,18128.538891925826
82528,8625.597164647867
91346,43803.12221463796
88118,18811.003739890682
76132,18867.28581308527
101208,11716.7530742436
102136,9481.429935673343
77562,31049.214389076722
108283,25920.76405328612
100008,13811.227597099662
91342,37042.72737510177
107698,11833.886945899038
81538,13762.668330018085
99044,13620.310988776097
83163,4241.710187762459
105124,11523.954530047597
86549,11656.159922371855
91034,14340.004183140165
101853,8193.868381576247
99837,22271.979994465488
89337,9840.431027718738
107369,10046.929110904162
77529,14784.104903389567
78801,26423.562217571503
76409,20138.268586489183
98146,10990.521338801944
91565,53978.91026159656
107994,22457.909009839455
93945,30778.703525431032
99755,10183.228911079425
78753,26928.431014761918
79674,22533.262242729983
101599,11345.336342382934
81659,31697.074694180385
96322,6293.781767558946
80700,30277.893701096255
101522,13811.227597099662
93595,21437.59407640232
78924,18847.09851975955
102891,11345.336342382934
107611,15317.04971972047
78528,46638.934211479966
86323,16185.968225060951
103910,12468.765213152152
93854,20024.07103440086
88710,7693.742348644492
82438,22659.84287606221
83328,14465.745381528714
91690,22929.340179056973
83796,7347.125299809462
99904,8094.079804461176
100270,10439.714381766316
88422,8308.238198134528
102971,8781.752394689494
106161,11074.068185686598
91244,18494.028964678047
81158,16269.803429720383
98004,21840.42931288552
84522,9178.818929343108
81215,25087.916015141323
94487,21408.279756804626
78065,22152.49740992207
97766,20650.776604439805
86180,11126.586293617094
87921,11121.607146981187
76160,30794.35961257109
104197,10536.255968900954
100295,8597.46001375377
96012,14021.032545055115
95783,15397.740347628058
104527,19752.487513356587
77354,29092.734145077837
106062,7385.658883948671
84578,7864.59388080707
99784,16998.13050298903
91716,19578.261098868625
97394,13900.369552182045
97254,29666.866971064683
87501,15752.93575828953
95532,15987.816942701484
91011,19286.550869660572
106069,24577.213637535533
105103,20211.62324352268
84421,10959.103841565306
87363,7541.986808505722
108379,13277.196598195373
83268,11265.198698060161
94592,26223.020896178725
84041,12918.831882166493
88908,22823.389502882597
85932,19496.143419663305
96593,10137.959279978362
106195,10397.331838410988
107153,30494.638815374492
104500,14629.426036023815
85737,12241.574786562698
75997,12212.128359116094
79336,34338.22799404952
77061,49136.56644907132
88839,16939.789996441836
86859,7697.439824875063
101090,11836.71782425929
87563,9594.514441126805
107188,10161.476435013867
95198,22650.699255516418
86476,14984.291586558114
99894,25287.622582452103
88279,11686.816429287588
108121,15175.52804017645
99827,14680.975939221269
107457,28657.277510995686
96509,28750.686659579707
101858,9269.664694907116
93052,22503.351799978358
91879,27517.188016720218
107229,7054.697692486327
87917,9612.976797890093
82310,12545.454775407356
93584,15006.651344290223
94356,14559.218006685425
76249,34776.61321319475
88386,18914.416943879645
104406,14608.223908047332
98286,13542.987579297316
95310,24129.74851267261
95994,25200.79920082358
79879,24852.195841417997
97135,14462.176183998836
81818,30050.23792595668
108055,18644.688829405044
96474,29405.44111706739
104358,27423.304280548906
77110,11626.336773430494
95124,11593.704506195108
100539,14847.933121732261
102883,8711.526569841735
94081,12391.640042682851
100018,7870.796536084055
101491,13022.194425135309
89297,18457.54123378732
99337,25067.88940672983
78463,10705.426373693424
97799,11946.92156707922
92138,18199.075229059672
83715,13546.720394983287
90455,12638.079524676592
89100,11469.767724715459
79908,21652.25227577315
91045,16488.302219996942
78357,26057.800820302862
83989,14502.513891951869
83057,8546.992399310882
92472,13690.37821320398
77836,10776.132785415533
91661,26866.944511982645
103107,10902.382022179276
95476,20633.88819676166
96615,11951.035664672783
76337,57286.53064097101
85067,11567.985243858147
95176,13856.116824090652
104450,24908.012552195563
104227,25105.193684781665
94327,15248.96883247703
97056,23219.05687366356
79775,20293.11134203724
91282,30373.270948062156
98425,14684.652613099763
79509,18829.63328348677
79798,12945.287419261265
82615,2645.3505010257245
106314,21469.429374862055
88964,11677.314385038006
94303,14452.268278595788
96851,11014.81552173635
104465,14431.022750635064
89500,9978.253615435162
100482,9157.97967933157
102159,8631.938074670994
83242,10783.652228393628
104780,19012.48799397336
83902,8221.895363484453
88955,14268.440880982744
83139,4714.228186884759
88842,21662.978579897856
99320,9038.428152037626
81840,26493.318409038227
103216,6474.1800690278915
80734,22321.836837270097
102743,18489.451787344402
76855,25649.290955943394
89866,15175.437762790465
106171,30841.677316291378
76530,12459.193645979149
77933,13545.020618902465
89304,12740.56816075901
77180,32259.417902973262
101525,13277.494626293977
83657,13226.101159827002
92832,18374.538636103654
102059,14044.174024848215
98895,7492.995821844431
87994,18510.287650746843
86458,9568.86282414915
95568,33676.13819773875
79603,22535.888205472897
77681,12103.616637290803
105596,16491.468458830455
100815,6566.438425331672
77113,56247.67163934943
95519,12133.355012357724
82180,14452.293179110522
105893,19729.53757499975
96087,6115.288815281606
102458,9056.008165986705
104637,13700.674446119323
78633,20932.80469138929
101205,11345.336342382934
90825,6222.750455241499
77280,29436.68967606353
94924,14520.485302607623
92185,32946.93292007654
101547,14348.46852730253
88425,11116.818868501548
95191,21164.079293712395
82878,11322.989711369952
87900,12423.27302852507
90045,7306.679007247494
85402,16164.731750775827
78124,18535.1267500029
100374,9425.750412719988
96192,10227.066201099991
108050,42523.76309559674
98773,5697.062188133741
105534,10374.65810501901
89256,16704.186294945866
102735,14619.213543156982
101683,11045.196396098643
80977,28914.47062714443
98983,9187.859165076072
91969,42870.28787774317
101852,16141.282740193756
77600,27969.58515436632
95813,16090.956937579056
85687,18145.837874838948
97288,10888.548948940625
76331,16085.362897834593
76111,20914.085463487485
84464,13982.789717026639
102105,11612.263100426699
92739,41861.29764216476
87154,17066.356015928617
76313,11381.97404743024
80830,14440.715129468132
107419,51567.75813719338
103729,13749.38445856367
93796,22739.176167761772
85542,8232.30545675308
89838,19471.80135478895
93303,17219.5374119861
86555,9882.81877681575
81471,19565.826511641368
97273,26987.2909891685
84529,14373.990874067062
86886,10246.266644105632
77905,61849.65910001582
78325,13233.172097010003
91821,23079.358196630597
79209,15481.46249430132
107729,11404.847396581856
88328,13673.223435876731
85466,11360.188197817226
105634,9664.688250765972
79780,10502.070013935096
107271,10087.886971311738
77909,27375.254963273856
81592,19772.66442096329
90946,19428.133245937806
96511,13149.95567062412
101345,11177.393533722703
94773,26099.569768497735
106754,37235.29546940188
82112,29117.17076728848
76758,32477.31915901981
99146,18112.02689590948
103707,8364.083492537444
84009,19221.098058434953
84288,16126.130914089503
107688,16972.454492217857
98025,13537.838500739339
94529,25438.17083231547
78142,15546.778475258316
98985,17636.979179213715
96366,17670.83668707742
96697,10550.590427096886
93267,16330.22637293393
98625,6540.989542835879
90111,17423.308268397774
94666,31253.64014163305
102390,7823.821929884377
87799,8125.497529732636
101806,10116.868766577263
92319,20896.599859892274
82564,10209.73413613258
80431,33143.14368225638
90298,9223.601292328602
83570,7406.450070456864
85343,14730.322722516848
104567,27106.959530374745
107481,15352.685739583829
80625,15606.364993293466
98575,11954.31942065431
76415,23188.798397094088
95772,25728.927713592224
85564,13910.210658782
106489,8942.647428661026
104520,11930.095659301778
85622,11822.317175306347
104842,23973.473508545474
81717,31536.199254122428
91720,15416.832221378123
93411,30212.469195534584
91818,27691.025807116752
103824,11973.719319649495
106453,19910.734906156515
96056,23619.23643994516
87924,10916.852557274584
76902,26650.10642644426
107200,31671.14214581296
98825,6515.1330724660165
84740,11777.362533004185
94186,51590.48667929118
87093,10759.383060930208
90703,9890.123666476513
87711,11992.86830883111
89763,14010.136660169523
107087,11677.43695280654
97903,11535.197569945412
105393,10475.606600435394
77984,20454.452400348426
93270,28657.30262904796
83584,16167.38021166454
95630,25247.425161476516
92001,12895.50585039923
104596,11556.233331314024
108196,11515.573533339
94963,16554.436776262835
103813,6567.106013039325
97285,12230.768793716148
102140,9530.790087576075
82537,6221.800994854909
105396,22859.71671354906
92363,35246.49544455658
87145,10987.48637248582
83808,8016.226051686368
98940,10497.893380539246
79334,19547.505441066292
88939,9722.503694237439
86108,11187.526156258751
107513,19577.746511584643
93992,15442.493878960473
77114,16054.123069586944
106247,10559.837357119402
106460,27012.736992858125
90980,28450.118977788734
91407,27127.406883416712
92716,15764.159193109675
94427,29128.25551087508
79107,39984.50144593622
97517,25093.789697413573
82963,14217.340639404603
95600,18798.240052316527
105627,20247.535437640738
94599,20757.756525694072
93831,28250.52680379317
77796,20756.112822541567
86054,9329.985406819884
103984,6168.255854938523
79232,22225.640994578087
86186,11128.236604371783
79993,26258.730889541584
106645,23080.76944002366
100923,10784.712608940665
79473,10145.662627368403
78631,13673.832168517903
98920,10213.0928532083
93487,15448.328252720159
89722,9529.828648912262
86489,11011.644594466412
77792,33954.00373312445
83434,20856.239896708215
81597,15512.544100105875
93788,29373.30108300981
105929,10427.380837275381
83037,15552.055873593088
96675,22128.987767722923
85315,19940.178006470418
88309,17674.863784620793
80642,22229.474627952197
85401,12610.938623983458
81449,15705.149780811827
108274,22505.359705137224
106544,7426.331442025246
91643,52660.80202322164
77829,30166.085425350724
78255,17445.19072659101
106408,15244.152416810519
96365,15261.373424482053
89365,15197.525236048574
98758,14235.95418329854
82412,15100.094406075541
103970,6396.842602567338
82004,32219.98096710867
76359,23252.77482803288
77601,20309.808379176546
87750,13498.31876854538
103263,10405.057268781447
103050,18325.916577524167
106203,27650.526440668888
107465,28556.874595601228
89824,10997.577650201807
83691,14589.526042631805
83517,14549.407687329807
87354,11323.928890194598
80631,46983.11533438419
88470,13745.962733474145
85074,14864.554301812557
106338,8864.340245056012
86031,7391.8223717083565
77815,36422.90009756871
94854,33687.18098516291
92558,16077.36719884063
105202,9482.557829821279
79841,15385.639075926916
81027,29657.874962339047
81862,20117.512833220226
90349,16506.24343332782
95059,41778.0420427781
100279,8829.95708903145
106984,22265.705556449986
92688,47432.558721539564
79781,13281.131177520352
105426,23623.81806088349
76908,20329.53272811704
86624,9982.673181710335
77747,25048.796223414498
104911,28528.89103389148
100968,10204.672176421953
103235,4987.238051631772
79717,11004.995970735377
93346,17134.67855783905
81416,51027.91344445231
105745,13858.642266358156
89942,15545.90405298001
99350,14956.25289942416
77848,18828.083046430664
98163,9071.644842370706
79733,15767.671338439792
106417,11699.70820358294
98931,8678.349175146453
79025,18963.71620921836
96098,25112.854840795888
89627,12750.823717972362
100722,9948.65764163764
89119,7205.516503868598
106445,18576.290350273033
80588,17254.885886350814
91785,34033.93736211337
79294,15566.834541007578
105542,17119.119650755176
98603,13175.687313206676
103921,8102.0076654957065
98405,17583.45149704962
79284,22648.92118113481
104738,16798.439949656455
104623,14715.42726604383
105041,11283.297575398428
107556,23694.637902447383
103553,15709.955417755516
88716,20301.995587131987
88844,10521.203521816467
87568,5912.640737353558
84183,18504.52104904109
104240,21585.07344283036
87404,13071.783325712473
95985,20108.413770002335
95986,17088.591177483468
102723,9304.053338264652
93713,33885.5689429784
97359,8330.203793954921
91991,21968.51408394179
77490,16797.671957244384
106975,9844.527156519132
98180,14844.626058244838
80465,9842.019769684975
98027,5104.593693981398
79085,16099.207285181867
92539,33562.83920257846
92267,23693.760816422047
87807,9696.533931087495
78839,12413.453552654819
102361,10516.877590690943
76828,18721.708267193666
105914,26706.3865015202
80885,33641.76487680245
89833,21738.995850865278
81436,10165.188106307873
94157,24200.133013461244
98733,13366.782247698711
102978,7195.456941422291
81455,17276.190387365943
88578,6683.243199080162
105743,10213.456942106233
94325,58206.95995930634
79801,22657.599931330635
105405,15369.952103491274
80670,22883.82281290578
91173,15540.916040916854
80960,13953.239009040564
80623,32130.238292025737
93516,17934.221097529084
101762,12169.827456607336
104665,19343.508634167178
93682,28500.991009575915
86261,6810.392269622129
97450,6775.990400018209
97153,10079.049617555547
82769,11487.300808040269
81781,10688.804259510449
108329,12281.566579292165
93812,32920.28221252945
81383,16451.931957244855
84306,10486.714410671031
78773,12676.280233230218
85809,12466.36921059237
86305,10608.169545369848
88701,12201.397538542162
99973,6595.996601068253
106851,11634.460846725757
89751,9047.391673121041
83788,8163.277783394247
80351,15322.734947670891
84894,11161.85630940825
97232,10313.162213643556
82689,15451.370950136357
102485,13713.097443347071
96093,11567.993461740387
78234,47450.39812336558
83402,11309.716841955265
96362,30073.318123758327
85275,12361.52150629356
106895,20361.333737952875
87163,16307.507194532842
94751,14829.416603082942
93542,18807.87569732811
77980,23411.148945229434
76166,11640.368576182947
89776,14672.564360682687
106767,18158.228124227433
84743,19245.19743651991
92273,23022.521169129046
97882,9597.477476142949
76744,18018.18162454827
86560,11207.24559368864
93835,19707.033349251167
94203,13060.862449262811
88439,10906.967490626585
96097,26732.577992736755
105131,20838.965861073204
100343,10375.52842115892
90841,12226.695003455652
90540,9200.508943792376
92762,25748.712656043692
107805,18356.436783277604
102622,10103.169110025432
108073,25629.254878761258
86061,17910.491787998715
92883,19923.718487485687
82290,10224.502398561772
87824,9795.731151223426
82554,15715.074042798142
102928,13381.458198146069
77420,16199.309794423652
76315,25243.308394866293
99825,9164.458022970439
89292,10016.074949789741
87301,7185.234650555111
103076,9005.555230419573
93084,28234.051887398855
96934,8690.761584685351
85141,6317.949946942618
101607,9706.402805132773
106992,25442.018651065122
95873,26817.024160672416
83341,8640.388359053662
78017,21590.037307189607
83129,22548.479186095145
92261,11717.481791323213
83824,17326.952114349006
86151,10225.431966211809
88105,11340.921042558191
101848,8041.849944266212
89588,6096.088284265822
93705,27793.205653487115
93017,22085.31084431663
77465,22288.681842755424
105484,14665.203445508409
76751,13187.235851120713
97511,12396.347878130633
102864,10205.484047239814
85858,14176.83464250662
94836,17320.813343346388
85250,10201.602078199601
78497,22485.290976520577
99540,11062.57612609039
97147,27292.787983041137
81347,30534.323331240073
95555,27480.08563814921
98074,16987.326236383262
104435,10316.332928250811
107097,12642.973821699452
92205,13353.458318032555
90822,12708.097939353474
93344,15422.078164587392
84232,16842.156959523545
105217,28648.552591921514
76013,26818.52594400066
102818,10054.01879462293
106541,10453.041767897164
87213,9010.202226134596
94119,18467.28058588182
105753,20340.064072109773
90397,14479.111615256428
87612,7323.786104570437
82789,12975.347355507973
102916,10310.054539911407
104561,11762.477359874583
105428,12210.706589893896
86677,9279.66544517101
95080,45836.131520086754
90113,8949.908391655865
77433,23408.192959789063
106180,26759.517178510498
101692,10415.81184804263
80466,12596.52241879567
99512,19512.682283141647
104554,12649.642153467361
89047,15569.91459497477
93888,28231.755314607628
89659,9249.874139139645
89920,8250.529905731404
86975,15575.267644476027
91405,29566.844220379324
83203,27042.482033983815
104338,18111.784485055996
91659,29250.77279222996
86385,15507.956217648472
81048,16948.041836072476
102880,9580.689771093033
100237,9846.34133966956
97751,8392.340781593957
85614,6554.680121732633
106145,13292.766532092415
105955,11100.159903556883
100146,8625.728734108465
107491,18815.395559923745
80061,16640.60655738517
94324,30215.0853023786
97114,22333.726912239057
106600,10874.715526713204
90922,26866.33444938709
80222,13768.887585822717
99356,10288.912866914756
92780,19765.55761932944
107380,11598.297059658731
86069,12429.531239710424
107753,19302.481275839225
97983,12422.980624524653
88082,8849.841309459161
82115,13639.912751339294
81634,15374.624182508873
89943,12595.861015166234
104167,14624.186104087446
91010,20370.62596969595
85004,14501.783070548434
96953,23819.02242637658
78632,15107.694656974172
76114,17992.75131745594
78570,12758.08852662873
82674,17993.20817481143
91196,17010.915423652837
93734,17207.243345662297
96031,25739.193611725765
102015,10415.35419533432
108372,25150.45197090065
98719,11472.663085653505
83391,8793.075455278615
97098,18600.556459989893
104357,14459.390330723372
93495,16662.68895172083
86422,12922.08016318815
99731,12300.101754912344
94144,18949.328015290597
88103,10193.148098872023
105199,26448.279333585804
97003,8589.588164246512
99925,9388.760646018192
92816,15982.829954095483
98472,12338.946803382163
91986,14162.85691329324
84152,10138.494942632924
87538,11605.200109916263
93305,20810.449903050605
104249,16948.21768683874
85501,9707.604297056048
82343,29934.074662917323
80601,28073.15773661197
99715,14955.228516302062
90451,33988.012691798824
98282,10872.37732577779
98397,20067.036441662836
76414,15295.979582738264
99016,13817.19237215793
85767,8499.546155381497
102787,10450.595737429181
101188,11600.482207366344
85019,14999.365127263112
79803,14771.206863060463
107582,12229.701687137805
98501,9105.027472581212
107021,11041.887209229819
82317,22547.7966145855
105678,9200.106043502901
77931,18925.347589135912
101619,10051.610134913186
76128,14493.524390958843
86460,16311.148962045625
106084,7916.230561561205
80551,27529.142844168713
77062,19464.900109298498
98406,16930.796893093077
103489,7160.491058252508
107191,11067.357259827902
88549,11236.692202788774
85095,14167.709131067668
83923,14128.017140641134
87074,17491.04104579706
94031,22902.095340464333
99120,7005.164038348423
105824,14570.814308732744
82389,24342.379276286258
91994,21086.379016963892
85060,9534.187000942407
87412,22562.64060811707
94683,18192.27854419826
83069,22190.329359255382
77071,28860.69962245125
81406,32043.452781772485
89203,10828.381332762627
82423,10307.20337921871
88301,12896.414245244916
86758,15119.26151855822
94072,21340.680079272748
102247,8943.605553720106
101529,5698.251024860082
100738,12606.973060194558
101790,9176.295505893597
96188,11018.141603680246
98656,14991.743139603566
79321,14513.855018048325
80052,17072.503026463426
85150,16910.73462589065
102370,8688.235940897699
107503,21577.73733121401
76560,22534.750774331704
85319,12026.571841267329
89242,14356.1553426034
89510,6126.225319654479
104922,23374.19964984867
86937,14820.004369645438
107780,41235.30592345965
102448,8613.716804654576
89648,12051.551809584309
95347,18364.29106646209
97926,10409.516065370835
104963,14475.556475101046
92272,20962.662678338038
76618,20437.77898534769
87722,11504.684573316521
85560,12862.663745249067
92621,26790.310024057784
87712,13391.450845932726
91009,26458.126204468055
76199,18755.71734668558
99145,19388.048770882175
103618,11420.721622536836
106072,12804.670190258528
102488,10061.413246962156
79837,21967.07015841214
102792,15044.73105605259
86565,7479.963769930512
98631,15935.385815897811
106374,43465.65452567727
108222,8833.13951653098
92127,20738.205839758168
96068,13851.213812193917
84411,13629.616870297876
102143,11877.657677490539
77502,21637.442804112863
105514,15183.430641667946
76896,35947.59406170528
104868,18316.33748723171
99686,13166.577042043164
96721,21819.400214299643
93026,17989.251100356756
95961,24870.195353921954
97465,13530.867376142816
86075,15343.934666860685
106946,12665.009606206128
97605,15807.607689116237
83156,22517.98783971045
88123,15975.555802658146
106817,9858.478608268499
103245,9000.071277082978
78564,31509.89225497315
81879,20503.854077136974
102330,10288.716560627412
98866,11556.43062931862
87178,18967.534505413925
83106,11983.026524581019
78280,19542.898392144678
101161,12846.689055573463
96047,12841.545689765584
93044,13586.02327022745
90176,31168.095313567494
76585,19628.094532991392
99524,19902.893850140666
97467,23799.89283631877
95557,15934.4317780511
102816,10735.866941691973
87141,14551.942948568521
82602,13034.556153061169
80108,23245.644391336853
77871,17818.345782080134
89910,6473.505795481741
76255,11384.950375143086
76231,56167.013086341845
87089,14905.404388317193
107635,14204.222121112216
80916,24393.52411468651
95179,33454.004639154875
90694,8543.001373836467
87504,18351.533815887353
95882,21203.18090730469
82944,7450.928047285546
90862,5160.715666956337
89494,11819.825189391131
81196,34411.093609477066
78258,25593.401043063226
98420,8535.308730226283
84051,13161.049143284894
97011,12064.628763861416
97357,6763.656134519786
82683,9185.712342062332
107472,9447.836989211406
101033,8395.941807384186
86376,19027.9759361738
97773,28546.47705308627
76448,24679.62198868369
94912,29907.974089594623
100444,13427.0362771555
92364,27694.87636825848
104206,24365.270472883214
82384,21192.30739199504
78524,30459.014271326556
82825,10377.096058761777
81519,20187.52641618594
89462,6174.717365108951
94783,23776.36989128768
99101,9520.817014234655
102363,8373.16105750153
107901,14132.889563951474
107950,29124.995569709303
94631,23964.886458852532
85176,9435.525688724822
93934,15658.554061681265
99621,3165.5413558125197
101616,7646.844040422218
86156,17204.899812177275
96327,10097.98705666684
89538,16950.85182582654
98236,22267.915185584003
92253,18224.88638697716
105896,17870.19513381684
97333,20294.001577276125
83166,12535.285843278398
96224,15583.25150797804
94462,27166.676322668507
82796,10306.003955312872
103597,10709.6371432022
99905,9760.348737894197
107349,14534.10869967098
76754,19901.78011950333
90912,23758.979420965257
108289,24522.26443147335
94106,30381.8128342591
86956,16130.529304378819
82492,9201.373615445542
81747,12409.538032630258
89144,10971.836866642172
85256,15644.931075650707
85342,11423.063344337635
108054,13592.05839333096
94681,30828.097454367788
86244,6960.146564227835
81028,29441.546828088187
86773,11830.36415396003
108431,19258.425596989735
102839,10804.812404806304
77700,12668.35187156019
92967,21795.976400500324
91982,21276.35554855781
80639,11860.151884608043
97770,7667.498482354656
100460,13825.58661765168
100531,11977.097867898607
84508,10887.506436421058
103706,6848.177596096804
79723,38804.23736616236
88897,9550.870478428997
88695,11670.969521150968
87380,7795.486318524049
76070,26949.078097843696
99342,22241.537672641636
79110,19140.06653559665
89341,13543.813788876716
90330,15570.255012527057
93894,31387.814866679248
104137,8995.56592777554
89113,15928.057877869634
91150,17096.37427071628
79621,26569.121505059167
86822,11778.286303229108
104869,16945.45804077736
93874,15916.153354783795
77606,28780.787022957647
96981,8820.705892723909
88437,11801.257822124904
87834,11982.288066563216
98923,10594.834060101715
108118,25688.176938177512
94447,17701.505195346082
99454,20887.682233238174
82144,15699.298147110741
83494,16488.759062595716
76545,14914.474812059892
85852,13098.827685874749
107056,23408.350727758658
95419,12105.526739266
76570,24192.101354015926
91325,22833.439585534285
98990,9592.778777692369
107639,15163.384926681807
100232,10993.922623180364
83318,15606.540590293976
82277,33775.01919590134
105198,15638.720429936207
107660,20794.349289173653
92349,22838.16135986119
105445,15331.513276609152
98333,12666.258601881387
100919,14734.929639398326
94295,29087.566386034294
105853,5543.443705286136
100457,12363.45247684048
77726,15309.855118732874
96027,11070.573986946589
104201,10616.70450208902
105205,27072.53986798792
94718,77178.44679656006
96617,12829.186759259734
81405,13947.34698207768
98642,15765.272880090532
89156,15315.97266889492
104916,13690.058488026109
107696,29252.83168723633
87902,12339.904613225304
106870,10421.573318373887
106153,14375.864730372865
85108,14383.622231791835
106590,13461.01041532517
97948,9714.461497190414
77144,29515.387799256772
91535,11320.755598734382
83900,6763.619505701789
107374,9318.630439835964
106805,14375.04714421073
101971,5825.73614419315
103690,9694.21474977386
107830,13961.257854837802
105302,19611.936444233652
90504,15250.11285611062
91865,17785.238322700243
107204,18944.79330426761
93231,26733.700332040033
94654,18083.805645980407
107435,10312.896016500594
78616,30160.110346671125
102268,13972.455007167386
81320,22589.861889417898
85005,14703.289791101275
98032,7987.742573414165
92938,29787.29918601878
76177,13620.519394819345
83869,20943.701519606635
85806,7724.474854434282
77987,14090.245179116997
103802,11221.693215838024
104020,25045.92443857171
93262,24202.548190124035
92988,24181.0578528587
84434,19319.61656765661
95648,34828.483049570066
77947,32016.04428008303
76135,20702.806664869444
80971,33157.10741396623
105584,13270.274712618131
85530,12198.479731249632
106515,7385.176083797594
80686,26577.722876753487
85040,18784.47593590565
77404,11285.361617454819
91234,36466.40984343585
99225,10652.17024399734
88808,12667.537534911095
89948,17461.96422097586
107161,9630.194525714593
83683,13206.549890933306
83709,16156.120411288875
80256,16028.477365131728
83504,11236.692202788774
90112,8897.701230147273
93042,26920.21260956369
89466,5648.599349333875
103405,13854.58651323874
86026,39107.53040500484
86824,12987.493985025909
79357,24842.257188049985
78812,11256.578203381123
105364,18888.733030152544
105744,8780.990298863047
99819,21003.774359687115
91051,21708.491595065723
95688,18726.53196093375
102174,17845.977084027792
91914,51661.87140480187
86568,8783.234624074204
98761,9477.474545438756
101252,9531.548563350447
91406,17212.894671405935
78069,15979.217172841907
86168,21681.90778888458
105858,10580.264871890917
83972,15462.330024851664
107196,19872.037304072568
80990,13260.307538867432
101095,13071.776702214886
93806,22202.90365840871
104535,10062.684426065016
99257,7006.507197557839
94967,14703.017914019994
94257,23543.326941086325
100543,11439.585547787061
96277,18579.766327371777
78730,17122.420854466833
82370,17387.118180096106
86050,9829.243678557996
104245,23406.059920458607
89903,13083.381837712299
106353,13805.284634757858
90055,10467.384144655472
78070,20535.121541796652
84302,15900.625919236583
101048,7635.512201011692
97981,8881.19565670688
85001,16773.04585534642
79444,24804.223462137743
88862,13437.033952789487
90445,9654.292819420354
92203,48557.2270977166
100623,8552.081594458552
94528,14242.34141240843
94482,19090.494883211653
77706,28075.308648581708
100947,10215.059066963431
94367,22981.642803957304
108205,21169.054772347044
77256,28231.17526349531
88458,16045.146786198578
102997,10556.966927270996
88421,10390.76596966723
86001,13493.107871696822
97594,12171.90894079484
76992,28268.54009532421
92157,13319.3752914807
106018,9644.20635956614
85491,13600.450416291542
103359,10162.975096207467
101024,9110.015148285862
95167,34700.80761691114
93493,20381.892801597885
77624,19748.762048694047
76803,28431.17055760695
77142,18158.25863201246
86693,16792.920793678994
101755,9256.832175880185
82229,30729.162806051303
105220,8137.360233770726
81442,44348.64083951747
92017,10964.505252042623
106471,13065.761057080308
86231,10808.707949790129
92036,26829.04759143557
93224,19895.539470255084
87139,9941.085483554825
107623,13381.012755521431
81066,26759.295035475632
97790,13825.536679577846
76514,22657.178365864187
85297,11747.4780662183
93020,14099.917080406976
88666,16031.229365751973
98711,16165.152979449282
107486,21036.521952455987
79363,23754.89317735147
88053,7080.73825635828
87127,15842.707182249256
104704,25142.568925628002
103808,9067.717919297202
90199,22438.513612412116
92950,67466.26824823953
92002,27737.250950120197
108435,17253.129023897796
86748,12018.324126674901
86978,9867.119681312022
79932,27089.885890190235
107382,5641.778054974359
82616,16429.07186610385
99198,21074.99695198897
96788,7455.163078545016
92073,17174.979118514035
92060,21165.686660322892
79559,10459.691602597079
105276,22890.71085106613
78536,20645.833179939797
86795,14068.504491377867
103739,17176.203615629747
105087,25704.193872304375
106499,16261.08834958083
81009,46272.18143641523
77053,27374.285008444658
104832,6714.58165181919
81864,13794.57014918019
102634,8879.701539519989
90510,8341.732521073047
103001,7498.769416304125
97323,28044.154697762955
77996,34225.35894728996
89082,16002.907883934948
106910,19970.96517427233
83882,9153.003575190141
106459,18184.0531783833
99678,7409.385788432672
92583,29969.489282960458
76986,23480.659290583022
90844,11434.017212894149
94286,15394.976204970737
85208,12359.343690485139
81224,24938.478792163387
85569,7573.7916314866225
78152,23855.0315992644
93054,16305.59261180904
93481,20515.480779799356
99735,14041.669520849444
88060,12552.25175653761
97546,12654.57329447338
81083,28822.268370642843
100259,10779.46279675322
77751,16257.033855908663
105093,7592.709501746447
94991,17862.086508323406
91352,23934.771035135618
99901,10806.643021434105
83577,14356.548199812582
95846,41043.39287354078
89917,20010.976447759913
93394,16461.540257283494
102805,5911.909602713198
105448,22077.418109483508
108444,11578.42227128915
100862,8238.030179157637
95006,55822.216115062634
86446,8298.032288228858
90906,20874.58137941115
95336,27100.863278940644
94904,11172.1129671363
81105,13539.269015490556
78132,10699.859339915853
87302,10320.97846257248
101471,10923.823374845828
90015,10053.651734069192
90539,15032.512996213514
82418,9889.912944273872
79940,17519.063888762845
77401,36126.7650263533
79054,15090.328802116677
78493,50128.10921015733
87727,13143.030676516617
100390,7352.799293907947
86020,10763.043704609629
106293,25451.480417015733
105435,11140.968852556758
81992,29996.112451550565
92805,17951.012630179623
92871,22304.418644209287
101833,10557.833608140441
98352,9677.103848022252
98629,15688.453230802965
79700,15609.019413258398
99710,14641.775548581478
84526,20648.738475416954
98636,12622.940087915036
106829,14746.512692433478
99652,16147.82523245961
85469,9069.593106727658
82224,21432.0408448453
81899,21080.844343497152
94817,25078.19092662466
92379,25437.53911995949
94423,31880.596503644683
94010,30352.941039216817
84867,13855.071653927003
84679,17929.127349246453
103292,8467.998875361714
77349,22648.181122314123
77697,14343.610131054445
103017,5739.528249038847
79727,20173.533335434342
86490,9682.087601538044
101009,8172.498482856471
96540,13468.17756161907
106974,17345.92039640799
80055,20651.8908427417
102035,8399.023879110997
87843,9304.426906144965
107868,22956.933999852437
100831,8910.528953005878
98936,9796.793273519113
96915,23959.177085389103
88473,17530.819932148275
89030,10736.742944721753
95894,18690.117131235183
92113,22690.174629165274
105809,12108.5227366054
99360,15897.25373057707
86746,8276.768413783042
101917,8907.9861636637
96687,13691.982286686423
101210,7353.605029498462
101146,10404.109055718018
104900,11884.377322693883
85924,19658.07307977849
90544,6279.834731012071
93003,19339.894365585704
98738,11305.068903159881
99884,10539.654107396193
108053,27204.236088664104
90188,6226.298740992147
91970,21419.269777079684
103257,7745.5931949287215
83138,8613.261072633542
104017,26726.061964822522
105104,11954.068640349466
100054,13119.837296486116
87155,18031.435388868016
107600,11517.447816851987
80848,24624.945258619526
86709,16516.400245874273
106214,30744.94883679208
91963,23282.83819330201
97698,10793.48850362212
106109,13123.269136765512
88231,8819.516856182547
104537,10594.763524194172
99388,12375.178647289878
94517,20494.490381426203
76658,31925.428571556564
107430,24524.862772345376
87408,11556.38433062529
105971,23416.174120467997
90264,15595.858642802477
78434,16300.071659652564
88248,19330.290169110638
103386,7427.9619923469545
87862,28461.686130780392
83101,11270.564972331144
92350,28115.062762662525
98624,5256.847219103083
97298,12230.603960038503
81919,15627.125402537378
80556,27364.857225735446
98141,16227.73342480443
88205,14141.918479146076
102779,14348.46852730253
99926,11105.415565066405
101484,9826.613991527032
102869,13279.094030457374
89043,13770.912602636761
92878,26909.328082643504
101071,15114.591721773642
106583,24911.99961082912
106819,11362.571664586918
79956,14010.604078813047
90659,18597.544555952332
82276,13003.812728970253
85881,15843.33621968958
76753,33840.86462906229
102970,12288.398235100296
93126,30843.633980561193
97964,11930.91810165608
81951,11458.900133584873
101200,12502.03790742103
96104,27349.08163558546
78169,20887.433865296025
90062,9094.07019706513
100918,10909.360455734435
108353,12064.092510210508
96642,13975.870147851552
104763,10248.718131096464
100926,13829.454799699544
107597,11905.74256325008
102765,7930.408170079389
85805,14308.126976011868
102162,12000.265125327613
82952,13621.628408256902
94184,44909.183168039235
87797,15856.616341307013
101511,9126.340397587934
107686,9299.373257920799
95366,14299.484402188958
78349,9899.18235555162
100908,5261.963775939267
96196,5557.96154380608
107677,22435.323206652
93603,26174.560855153704
99861,13259.434797241462
87456,13829.853219134236
82484,11238.802569371019
89252,15299.110197285616
104243,19289.43234332971
107181,32860.383441282785
90446,4783.834537910034
81412,16371.443826466819
86732,10987.334896404634
103972,7067.145605103781
102586,10404.11101593971
82466,14138.897469553198
84937,14324.864485848893
103038,13811.227597099662
104111,18281.753402819224
101111,13054.89556288526
107812,12107.711686771565
81483,16461.465449013172
81303,18033.34460641583
105370,12938.148401053908
80504,25249.199792599822
85839,15797.629527519248
91560,15614.636079097369
92722,38869.450238133795
86115,17708.147433233153
88062,19723.053620205712
104876,13955.219761857508
98777,13730.484215028046
92504,19886.66828572716
94025,12426.824328223178
87253,12403.096666435185
106668,21580.909026111527
100007,10767.874430690017
100956,14025.953203636705
104055,15686.435024753284
83761,11709.21920434362
79429,14034.11026183163
104731,22175.401127058445
104125,13280.670897979668
95628,24213.806764537625
80913,26649.448919391372
85196,13594.281757933739
102697,12685.011798313886
98587,5857.937042442121
106771,18759.567921926307
90889,14473.596445648289
99697,9900.447127051923
101404,9548.014636579474
96283,10416.061374672427
83072,7692.457793974881
84053,12480.673874913587
92435,18464.705235475576
99445,12144.48957746129
94604,31053.21958006454
105585,21303.24639332212
106189,12478.205269506816
108456,28013.869230809498
107914,10509.803791570095
105646,15415.405876078032
99808,22209.292031400633
101337,12014.474208589727
94636,11764.231498233157
100480,8276.251792253604
104644,24224.535021865897
96254,24249.75982702507
105238,22338.240413027397
99534,6020.497410859413
85285,13679.797389913192
82145,21897.117776127943
79604,16749.32297278224
92928,24804.23059012123
82245,29304.118263840926
100973,10937.578466918305
76365,18743.475631450438
79164,16296.468478295306
75989,16050.644899649309
96557,18398.398903925856
95029,13104.427210941676
107817,9029.947497532896
98521,11979.862516265963
103150,10385.838763460288
95850,14430.653049480201
102008,11749.745479840183
106002,15466.383280468766
106077,18496.013386755087
83367,8598.313041442101
97196,15575.95596197482
76566,10600.520799872304
104384,27351.74939148588
80692,23533.288796718636
101094,11930.459749980624
81800,17188.19790070123
86722,11404.671218350131
100318,14064.877224811857
104827,18260.97051214144
98244,6822.882930701016
94712,25735.163979486
98393,6187.9076792932065
80771,14703.590568958381
86607,17286.526010589932
80768,12482.553463121367
96949,19692.456027817654
87207,10634.703851293756
84629,9081.602826782148
76136,21519.897281634272
76644,11663.794499843001
107649,15163.330860605794
90281,18379.597396168185
108187,19787.039762076907
92025,39793.8303631085
99737,21221.149274374224
90801,16551.331268564878
100790,13337.752752939363
102558,11889.731623496464
98713,10735.314084480802
103633,8917.776410777722
101449,12376.157257852208
81515,25737.4975224567
98364,11097.745959665945
83966,10365.063666531532
99995,10878.686892561678
99150,45653.0980334235
86873,15054.173718917169
83731,21796.35798797702
80810,31460.93959689702
94650,16270.582485772535
82521,15685.125791523267
100255,7345.324235238158
80454,10745.335574839535
105154,14820.833408625162
79689,18461.33939617874
86810,9535.63404484763
82113,21819.706171938757
85929,9396.416567937553
77522,26145.00482405461
103578,6067.754980502794
102688,16214.79654896925
90791,17474.684276470805
94401,37247.372376769374
76740,17516.821532606227
81666,14139.288945286735
100227,4567.21825336028
85673,10235.84072646393
108395,28356.86600015797
100214,7221.765217107467
95659,26276.875851468994
80490,30169.421171408518
88384,13084.820629668673
107062,11517.85590376146
105277,9534.190312406396
79265,25338.802781554423
84984,16947.901858648962
77376,10596.546090340511
77355,25801.66276019001
86313,19666.27561272433
99285,22259.191931533755
98028,9055.664734922848
77611,14700.371765123538
90056,17327.341147965988
84773,9273.478821738101
99264,18028.139317862406
100948,18682.66404536777
82379,32728.570639919802
85047,17455.74768423829
104114,19098.327743478327
107632,20533.484506010045
93536,14621.306650131277
81421,32179.424593780597
104793,49040.0550011721
88141,15269.69682992631
102679,12200.580204506954
81051,33937.10263199484
101005,15427.591433904874
97532,10047.654465742089
102499,13460.508026867443
89537,13442.29103358534
93046,18590.807685087304
79823,17645.166229641574
98882,21535.085811743273
97094,17867.284177064583
82461,11947.364973284833
86118,11929.397869089205
89801,7384.3205341649045
83127,16825.32846519072
107519,9177.325135468718
82583,10192.066563614355
103259,8548.71204397303
81152,15752.770003900057
106206,29880.107954048428
96706,7865.616883752665
88303,7255.6413002246245
94241,30559.639035883465
95076,23177.044789969197
107546,9320.023886775347
78467,20018.040880751523
98304,21728.495652680926
95393,20161.06847700998
98134,14472.540269471427
104152,20998.22648520693
76818,20188.132895365918
84707,7231.670137023305
87889,16814.24767428011
104736,14598.745222658179
87844,16889.04666509991
88388,8284.283932247668
83940,10887.374337353016
99536,16805.13153693597
83313,14520.408875653658
89864,16856.456377292037
106944,21042.324179500836
105635,10168.748866906211
83110,10139.40784619333
78937,35975.94109253217
91724,18337.266548445717
94886,22152.975565723133
91449,18025.027726076627
81745,25536.826760214855
93405,18897.30119466797
99402,3671.60752261595
94317,15432.243882717758
78503,22612.425870283456
87111,14068.504491377867
108538,14693.356486495148
90689,7658.472028566824
84402,16417.272922653112
80890,20425.02964465838
101682,8861.428678618604
81874,12367.652679519751
84259,5341.983675475321
96616,15778.045396154886
106173,7662.706212967555
102534,9035.119487101321
81629,59092.66060355847
104910,13310.45564215466
92100,30508.29566088949
98454,10303.0799349784
81880,19652.064915083865
83346,12273.069235098868
95335,19287.619682336986
106693,23614.017207046192
107432,12229.701687137805
82694,11732.968420882191
100199,12168.371455036768
107361,23481.056062689386
88659,13713.853297049272
84237,7276.129219343963
83666,12779.757102721369
104468,25190.61095882258
95495,13990.64395405614
84298,18514.049978626244
108427,14145.587699651114
88238,16292.006336565888
103836,13835.71502778262
87394,9782.55945990763
77799,14686.007144929183
97905,10195.076735838225
101142,13758.312519233563
103274,6145.347952967082
88302,14057.544375192869
76533,12152.298274191524
80080,28453.008695807453
105134,13759.05085002662
100792,8929.883575130601
81408,18531.57378601903
80410,16735.471379334598
86355,11732.738807226988
100954,6067.646479771287
93799,18068.948453267774
100810,9583.209715181929
80379,14169.853484616744
107796,19032.404367153526
94046,15533.46767296633
99931,15548.326018524253
85890,7298.661930508217
106923,12853.972737461114
98319,10905.833036389431
94853,22676.296621594563
91069,59414.46422650475
78790,11004.381619966716
92697,22575.861128209737
94765,33990.70075591143
102150,8652.103627631785
105768,11073.499133090187
81755,25445.70970300728
96933,9999.389493659992
92136,37045.12786200328
96082,10440.62925522205
108457,14650.471411909848
95142,19005.78985006686
85688,16713.702347132705
86672,14733.362171015919
107583,11447.567592852643
93369,24897.087944117007
97637,12836.171815057505
80868,15375.495511472294
102315,8293.936408220796
108428,16420.985973860443
99478,12980.453748781705
98906,6784.256212544687
96394,10266.36792141685
106032,14213.949315772827
76121,21964.070964668394
92642,22285.856278134364
94725,29084.026343802507
84528,11354.575733638052
104492,12459.196690279918
98456,23736.46273546666
102089,10025.313523819734
105274,6396.186174034226
91436,25751.934432277143
99127,5286.084826154383
80416,16480.627803778483
83419,8911.754486816657
76209,23876.667441119924
91874,14564.374435150014
107892,12730.989984870646
86727,11578.11843664045
83096,7710.292175828365
107036,13452.475892674729
86096,10851.178299229588
89684,9853.745170965494
105301,12284.758312898275
79056,14750.034132717075
103508,13791.456042436399
102651,11953.68552728344
76605,17093.103783080136
99170,7116.574589724852
94850,17100.076857086264
78638,12351.91918310078
106031,16953.414237546196
104955,13277.44122472316
101565,10699.552261636023
105886,27372.948835075866
86499,9794.76671091125
91809,32894.107556036426
86033,9281.182886099248
90761,17314.70686192825
104168,27767.2999726685
88048,14010.723883123273
106343,26348.959819861193
96568,9939.094895126189
90082,31849.328247147438
85659,7858.119236020456
102950,10217.759198075659
96231,10073.876685154288
101781,16081.871235084995
103210,7272.564741751802
95174,11697.239640209196
105594,17899.78605547724
107809,21320.832213491456
81222,28891.11977374063
84506,21029.16765084997
83399,17515.17333364076
88318,8693.654810737293
106235,22965.880459386666
83952,10698.070301179643
103610,11511.839995543649
107273,19296.625435355785
102134,13811.227597099662
77708,31535.860980050085
99754,13248.947516440192
103372,12534.418140917329
90457,8203.509727080538
80228,11670.883203149795
105630,16580.40455993989
78448,23983.662109322388
86729,8906.839559553659
108510,10787.272383426367
79686,28900.554678700086
82677,15758.06134173442
94161,21605.74619698372
93064,14141.450712733078
103595,5783.240961487617
107257,5732.913597301866
81162,27369.312892028764
106410,11132.873486360157
97829,24173.700464907724
92429,22734.343555048497
90183,19768.83521520167
83816,18464.727061092733
88613,11565.98365129711
90025,7024.091399510787
89004,8476.719318252339
107997,19144.346316634346
97458,15687.501149955338
82737,10718.257870918133
101739,10766.752630080106
86766,13273.61910984917
77098,13053.26206852397
93598,24177.711140838383
108115,10476.42285976344
107653,25414.079410756574
94706,19708.300751705967
105344,12508.317475965443
87516,7644.286731725988
98959,7589.877364343701
104557,9440.752697549828
99137,6281.080008272656
102126,8248.350518272842
104455,14375.070876419446
104278,12059.641767147441
80331,23386.472626636343
90087,20565.737250915015
93700,31803.40772470407
108517,15648.800681375575
97373,19622.60244816204
83394,18351.76630757365
100989,11080.473928799873
82625,14148.274755569939
93457,14022.482891628513
103186,7503.765702840234
85133,10716.297185533613
101198,6505.104866954751
102095,7278.662678254833
99684,7561.213732437022
83595,15816.956048221435
76960,35943.01703230538
103015,7714.8455764176015
91987,53255.319050173865
78825,27230.07005180591
87668,18332.554179416908
84826,17279.335505312174
92309,19378.18265073753
90969,18714.055658277794
92987,11605.938112694466
105317,14232.322022111255
93606,24033.297900229172
95536,48191.38441909351
92839,28658.43064150524
102133,7836.480539173583
105225,18910.631950846906
85627,10341.469428554168
79013,35659.99657763709
92008,30097.43742638378
80983,24079.498201716728
106475,25850.30636421957
99357,13479.2916590703
79246,23418.74414781399
83200,8149.877316867341
79656,21089.668365851066
99031,24716.987715452182
82780,15500.838423935205
88310,11146.665041578293
98056,22031.55872537139
77289,23956.88541390863
105503,17821.393616000547
79198,31255.772067958133
93429,28159.436517208767
97172,12505.026247484067
105958,23260.478662968522
103180,5872.549095706643
85825,15082.896129170473
81725,33516.3287987288
86590,15132.956315500196
92366,27198.750553847833
80589,72448.69042430153
95454,18005.15721288783
104525,7971.460296183364
107646,11193.239731749341
99226,8943.06114096654
77273,19289.829188455777
99642,11298.093121701553
91195,22917.398310518303
98641,18120.529027862714
107724,24756.47354605413
89646,25822.23620767396
85873,12104.95035115991
81468,33245.89419820446
97648,10446.483491022627
85573,11189.3345751788
102394,9460.13487293362
77771,19778.93568681211
88122,11798.972912977462
85640,12018.638295465327
97560,5196.4329390837775
100584,6959.887361504203
97404,13428.776452254067
82414,9797.226447747134
84609,10536.55123641848
100462,10137.594533238835
91573,14762.388606565295
94716,18661.806381761115
107560,24112.816690839092
79627,17946.101939222168
83025,11428.021403296503
91918,14284.338219871739
87344,13456.261834571791
91683,27622.511235613172
77259,15719.054726797776
95887,20923.512960378626
96802,13375.397138433045
103965,5546.226596929842
78110,13490.436880579531
99144,10977.21560717228
86801,8583.011173765544
88181,7318.074487964641
88262,20517.216560126402
85846,20667.40895733645
97896,12826.940936753434
92462,69312.35670972889
99668,18209.26968388569
89440,8658.721425382275
82867,23331.81272009572
85857,11998.316975144106
79583,30686.783267187082
103090,10006.825592630556
104184,28400.941296930843
100921,10539.119916949088
83124,11314.108901449152
93320,26699.27208767071
81985,24534.034857619616
89618,17240.519360989027
90086,9620.797510014918
80855,31211.17348533682
105114,13998.107167008866
92497,23807.892118170064
89049,12381.910116573574
88584,20605.3963098284
88019,12628.660923306834
80119,20551.21425192464
84879,20990.652585485303
99293,10099.170642554329
82515,12539.803054178432
97600,18522.93275810682
103737,14063.844385252805
102387,16280.136107322725
80404,34424.18329632243
105785,39153.75203468303
76379,20341.479143051583
100569,15171.336820208742
101553,12668.282740196373
105803,10624.137156393817
89151,11125.358755804597
102960,7151.48478013893
103094,8390.866234919522
92146,10043.839710816455
97802,11127.980051383922
102939,11236.911803214629
101492,9883.915548915187
84207,8865.839164845866
86995,11829.733509566102
90024,21810.62668946749
87536,11481.578140266667
103571,10602.232952889091
87529,11276.94957787085
96756,22410.134063392186
92326,18465.887169826387
97609,8002.8381855749485
75984,16624.642232587852
80733,32605.547394116566
77150,11470.908751485687
102496,8075.252726891003
86666,15229.079564632508
78836,11494.729006332893
82444,11117.135333889079
104414,21425.671078014486
98585,11581.797121619757
85191,12214.015940658806
88013,10790.531488374627
78962,23317.183371806408
101510,15550.862265712181
103438,13589.250333019429
99474,11329.481489695414
87180,17960.194577330196
82983,17815.961140027746
87503,10427.19947734851
90410,18307.913573362945
98416,9413.11111758132
104117,11753.336080477735
84900,6530.389942467344
88565,16077.943200174663
93797,19296.140688091262
108131,44852.15081991306
78848,16076.585568894436
88151,11191.455566469129
85081,9744.156415812966
78163,13669.565834875091
106580,15744.447327976986
104638,10784.289813951826
103696,14104.233391567583
99589,7163.223183385459
79699,14729.865974052906
95129,26942.92769345652
102173,11107.475790741688
92811,24498.91469998083
84986,8696.945262083378
84162,15162.169836492121
77340,19298.747486249635
79685,30515.947131008237
81423,26106.50026942779
93745,18116.638617499226
101399,10425.518465897832
91611,24283.81662619693
76973,14349.349132124844
83734,24577.874508004294
79526,21907.23636983095
80087,10033.711918437948
102186,13826.643571704135
77640,32195.870297970414
105138,17790.849708572525
79146,28154.139706154576
91713,13712.309119641228
104230,24875.909676748783
101896,5669.697800185402
107587,27356.46745488516
76461,22898.500015971946
95587,29606.421293013093
96185,12653.96537852488
103181,9864.029606469412
107643,22825.091490221694
88948,10113.65338119665
97565,23500.502167537517
83821,14577.060167692482
103781,8822.047618853592
81677,55787.43145917987
107975,18433.603763711602
84106,12726.402562910705
93060,46170.4787142281
81078,27053.839862704543
106748,17652.17183658987
79264,37992.33819276481
84098,9001.903427825917
87838,22676.922803242505
102957,13296.41131374439
89353,11912.143996057663
85492,12933.563411660778
107957,29961.034752074844
89938,13528.705781045717
90260,8898.15878390877
89571,8224.54283560313
106963,11888.069866816244
97266,11435.87136774855
80413,15767.058890902434
86028,10100.462516387845
93343,28077.020281328903
105232,9660.15972133528
107755,11819.514308890479
107326,10369.84330394317
107571,9895.327690440043
100062,10018.360475778836
91477,29225.08327463569
104598,11310.210904044594
98614,8737.1060926594
104034,29930.93173175193
98446,7353.679131747026
103023,5779.672271942681
91550,25080.062506858983
81211,16695.110589966782
90619,13430.54272676709
91525,43154.05659498812
104422,26147.312407483278
93555,22592.586188987814
88346,10795.765593778466
102067,7778.758180578601
107051,18876.750130336924
89642,16736.85078649343
83492,15763.960728340293
99169,17357.839795311527
85964,11429.039343779006
85179,9946.404678680223
100677,4773.37148556125
85529,12221.494829198937
86198,12881.548732555293
99532,6658.412763357882
80443,30663.32218203882
93248,21077.407688650783
86958,11193.539294172131
77942,26257.601384671278
88568,15688.255639597073
81730,56819.689197720756
98884,9906.665760644913
82267,13460.94589104465
88088,10019.887101755725
89578,19641.047988992043
83568,15325.867054090164
85083,9957.735756020167
79222,15009.294654266621
82543,10859.311722353277
82611,6653.403503045974
99708,17707.01426221912
97699,5489.323508176469
91371,24409.7302667503
101757,5036.908927421221
104417,11330.064142539382
99830,9655.958019679296
88477,15673.001617816033
104614,15466.757789215657
76098,27563.109356213346
92143,16631.115651251563
81343,27546.785818835713
77212,27907.644105979452
78262,55625.449850657074
95097,24879.89235181518
84440,12004.761483529512
96942,23579.852983562836
101584,9753.811897989819
77202,9997.955321160609
85173,18943.925657506672
82953,14102.149674592198
81151,23090.661307744762
104377,16848.87066867413
86697,6879.789062352093
96650,12510.04732481208
77031,20092.05968065209
82235,32472.369878722857
91333,14752.139562877437
103393,9276.300981685295
76254,15385.369824764306
101592,13341.748542707977
101865,9534.163227833653
90819,14520.0699965687
76941,10648.311953355758
91974,18650.896269514364
102930,13028.80327611451
96310,21376.014435051384
77912,22255.639456210178
108119,14547.317344005156
93631,16838.60826440981
76592,18491.791980706537
94282,31377.157447078993
77715,25532.736114030846
93747,22408.501384303796
94560,31589.21767440215
90108,14285.318730505629
102128,7744.82540062371
85820,15040.17501123096
79541,14670.309779509837
102901,13085.341850987295
102761,11525.874482646486
91536,23607.93233235241
82089,13603.923320326363
108489,9725.18221689389
98409,6953.2671142336785
79151,16499.890169457158
95549,16917.896671244096
85472,8243.844500178242
82072,22823.787797765148
99386,13363.373619036514
92932,35075.26101921004
86525,18048.5525490993
99013,9461.76543969609
99472,9400.7433294254
89967,8009.563700556941
106604,24433.06766687575
91608,15114.011016124003
82249,27424.283995849903
85445,18300.381449974782
106905,22143.64719876809
89122,16219.800305758517
87056,14280.069428943154
98254,9410.851499500677
81697,28697.307103503063
102542,7109.626947282166
86804,11053.151168305414
92626,38794.45292118588
76602,57130.34697054769
87943,11954.535042582274
95438,18750.94083282675
95823,19111.751198959068
82403,67779.61895999365
79347,20666.51767419393
99419,12404.876734688423
88561,9781.464254003831
104572,10591.420704159107
108507,20507.995624497093
97900,6430.278280439342
89733,14690.325620827365
86211,7094.350625171887
96713,17394.702628545027
107123,12298.868637558406
78086,18008.584883210995
100576,13842.873200379028
102589,18404.08190809693
104477,28029.737172654823
103487,13946.64590673402
79189,10612.704304263192
89098,14792.640029801894
79787,29426.178575205697
84294,16586.811002899856
79128,16299.646494594077
90269,9208.925539705198
78251,20843.23700714862
80572,12356.563524418518
75986,47565.037734206046
77619,29985.896941994375
105025,17718.50698352292
93882,21115.49913454111
78338,27165.03898718927
80621,26927.01103322381
103601,7205.622893676002
88170,16736.977193263574
102889,13594.0261840037
76347,24504.30454313753
106080,8933.763547530709
98834,38021.78070324838
76498,32126.575159370484
85104,8378.657653896398
87534,11638.024936524802
89883,4954.235038382273
88738,11807.494208696064
99252,19771.661294054178
102696,10810.093338083327
95948,21704.23455795607
105438,28070.154134147753
103463,11345.336342382934
100261,10276.359450077509
95315,25661.37866776272
104172,28417.68403260183
76502,25299.13227526074
91569,21642.264946956308
96071,12056.779939231244
105936,20524.982936563232
97089,18789.360731574165
85434,15302.264901710865
88446,12351.711612281459
93751,27104.5819464963
105399,15376.0652801454
88174,34192.89661246712
88555,7585.182516032884
102346,13073.993007042622
87144,9931.639965053942
101990,10070.463124844622
102931,10347.104981494307
108317,14134.922183638691
87976,12227.649385956485
97988,11167.42625396239
101822,11042.869527549798
82536,14489.422497670612
80676,32755.287460500178
91255,11389.641486298406
94069,15355.681542821761
91894,24843.032279962845
108147,13307.568250885548
76928,24641.75100311956
82648,14362.56175902882
79426,13033.79316505951
101936,13211.836204596633
107567,21178.49663778191
88776,11515.347649194253
91113,22470.897637734455
84568,17161.713560247947
78044,24773.717068178954
76929,36559.913281897745
102526,5440.312454111862
92515,12971.467288434269
90009,7286.766931969396
82978,9025.252413468363
104437,14911.899381008256
101451,13770.936098469312
76325,32225.221234910405
89491,9038.86586387556
98435,12120.032013701459
92282,18126.454041042038
82209,13077.998891195537
88705,15275.918839574373
104679,9148.831257648206
84919,9956.626232820176
89998,20517.29557565724
103520,8775.612470424061
106857,11829.679621662362
108499,17856.944481053426
78893,31676.833960735825
100860,10627.892873516343
91684,14992.62502181335
80617,12564.680780902223
76634,39512.425326384146
92055,23583.67694074567
83030,9233.278361517676
86154,7426.28972491821
96022,19716.373152830103
100336,17251.69742639969
92663,14836.197484047534
102884,10863.557570111694
80763,31986.050456230612
78329,11386.02028408034
87867,12534.779240008687
104353,26908.548715647066
94284,16860.000880728094
107996,20683.74596678405
95784,22789.197736605995
101298,16150.227804352757
95995,19933.433831091505
102718,8110.118231204573
93623,31809.874704576447
89585,18330.23321542587
77533,22399.855633439784
107550,16276.275952908041
87760,14419.378927084283
86299,6779.564125565775
83152,12209.085951109537
91322,43883.13639681999
91286,14638.830100975812
89231,16895.38718929329
80082,10768.14258197836
105518,9853.676012748725
100224,10401.445735235748
97261,8719.016398700449
99651,23322.505171936973
76487,12232.403407092808
76867,23441.325638037306
84574,9045.673677285798
92378,48789.27515615473
103934,11331.57200482547
108445,9654.13529614357
76872,19086.477543353325
76180,47697.36824104263
106906,10027.435261155413
76431,30623.41678211594
102603,10197.96215689935
78403,12806.320172409718
100799,9416.745202513215
104755,20186.775068354757
89602,24754.80335753001
101656,8993.798446412628
79362,15056.406781522393
102262,14029.11220091027
79884,14286.572119780067
97740,30537.411756072644
101264,7649.017651276331
76525,11769.931850154404
101988,14081.061546582538
102819,18661.1162842603
95501,25033.670581704493
82890,13401.674329511057
94413,17820.464472648913
77898,27926.32735482508
92991,27514.495491010166
82055,13761.893327277343
100865,12947.52259950595
107388,12647.226564320923
94252,21447.008694935033
105973,8939.809461258681
100976,14191.78864982407
106212,31033.82689582939
76078,12973.459930882997
79014,17299.989561750186
104787,9661.336146914547
92342,23417.541339043568
86334,13530.09602688233
94066,13343.833156564671
76062,11951.251055819035
99371,14180.746338923338
91498,20971.7358212523
86406,18869.2734132699
95531,33483.10789696301
93274,14404.55617017452
100190,14794.419278656647
90424,19311.278944563674
99089,13087.385178306244
94306,18115.193865804475
88209,8517.105483855745
90029,9407.568397143456
103397,12104.005734237997
82341,28239.244860881474
92358,30500.747878299688
100389,10523.35408951255
104886,23153.791611864883
98404,10565.000766623794
85100,16163.166822625879
84878,21242.0751019276
78693,30461.99401039522
91992,63000.14021716313
105754,9948.989525918832
89594,16236.054436355294
84756,7681.261811224187
91795,48190.6205784747
108235,12246.105004381241
95474,20796.871745973778
103485,8997.568912373952
107700,9973.010630467616
86613,12627.16203339429
85741,9739.321557906736
89372,11326.958568520224
79735,26847.77202920171
76186,17693.4601591155
93135,17750.015342947187
108107,8765.230655069834
95853,28639.355015179357
106625,28481.75600173046
94400,19634.584066575004
84893,11630.836874902072
97777,22142.619844084413
82127,24931.637809452834
102116,16077.338782239587
84330,19092.173450822727
105251,20681.11575465366
104115,10231.10023649906
93746,16209.627354490478
104982,20494.007205086957
105988,9905.450238857995
102562,6810.98131990846
100822,9892.370584664366
104409,27769.977312857332
80140,20011.983791751867
103317,10347.29493264314
96145,10844.761009543588
105732,30900.984276644995
100943,11660.965812537952
92940,16544.243249063464
108400,7606.75845514486
108512,13085.59296216511
92473,53229.7391225237
99001,10704.25759980199
81082,23164.667342741894
108460,12119.110225590117
108169,12208.46117264539
106864,21145.319176594894
84685,21123.553510019072
77736,22847.934379128685
94232,20148.18848020271
89520,9657.686163404114
104514,17387.20045012616
87509,12312.442458548743
102802,9772.377190858666
91042,30073.124659601683
79197,29336.21639416897
76499,15583.029815118536
100082,11234.774592930424
91224,22572.183643995744
95303,14628.723590596326
96830,14985.773509632347
88064,14391.666778401366
81628,26971.551734182165
84857,9645.134000885733
82032,17464.227910968813
93316,28149.645210267863
104993,20482.557658909034
82315,22390.80248780267
95990,47090.86669471605
89970,10594.575040411892
93407,22084.317262959386
84755,16025.768191879866
84684,16032.586965458222
79353,28466.023794729444
79649,46479.30430116348
81749,24637.217600267293
107002,7026.414352842227
82546,19259.123492004906
97536,14234.50091612934
77580,27497.731612891548
95967,24579.734262818634
108150,5014.720822339378
98992,8089.053439091452
108536,9896.298448647845
102358,5904.0442447574615
91856,33262.210144930104
93148,25320.317972020617
84957,15839.321821364703
95413,13565.547802447205
102404,12032.870813249092
91495,19201.333461668768
77953,22552.04440079959
87398,7025.587247246287
95955,17619.516695265786
93290,16547.203669190094
88128,9968.144434955593
88830,20463.915875596012
83397,13105.128927828458
81599,31153.27702339412
106055,18521.50000305426
77655,15478.468958063344
92106,25933.080559750044
96536,14061.157454669084
104575,14475.556475101046
105513,6157.815584851822
92308,17424.93309345179
82419,14229.909868447947
96473,11621.055588883748
76961,28826.740340443685
104060,40008.077425292155
91056,24814.712491877348
87618,15033.298382844088
95253,26774.419588068282
96135,9430.021417961372
98015,7798.606306110121
87695,11594.223749180159
79066,15040.403339049273
95512,32500.715798455025
89234,16682.119196604584
89971,11612.103238088814
103750,11510.900928178684
94180,33724.93606037294
107947,21575.504865853556
93455,70978.38378510725
86369,16349.119539423142
78817,18701.031054420975
85051,9765.461902065099
79315,66648.39803031569
92395,31127.6052735377
82513,11659.009997865674
107728,8971.145249373682
90261,11396.433295543957
101064,13299.884631048062
79329,22226.48077737738
88998,11428.194818155169
102002,9026.137860387691
87718,11587.336370173838
87774,22048.1711263373
105214,12309.325808182712
103055,9992.102586515011
103543,15847.852840224305
104548,9327.302319245806
90387,10473.868049089975
83786,16163.003670237324
108102,16493.96455789849
101455,9764.27198383955
100577,14805.110159163769
97483,6247.155417036184
103056,10552.801291829233
78401,10758.600765197622
97400,9644.308707510287
97703,12329.970131821086
101311,9863.186973305226
87912,10231.082548007438
97168,10590.030384599339
100833,15508.104341233176
93043,33236.178471491
80772,36295.621992295484
99794,6191.3504900665575
78326,11328.213608793154
98710,9637.850128315149
92351,21160.725841257485
87356,9508.81292427094
96926,29462.393275771134
100570,8367.24224527916
95109,25254.315479984936
85050,7197.227697232251
84046,23859.619696275942
101466,13635.253833571911
90832,17518.4261341778
93397,27456.198563255915
107778,13732.997476427723
106710,18469.711722899494
83464,6960.325685166576
93622,19006.09524526726
88744,15727.733902730019
107378,20404.94998563476
83032,9069.436093677423
89480,36896.6890698906
92634,24636.71072518525
81057,10763.158735273615
102633,18281.41502260261
101794,11200.60707857689
78355,12322.465709820726
76544,56062.05446291515
77408,15249.174687213097
104451,31605.3822660765
89254,16837.13352797973
85412,17105.935869303423
97709,9515.817837678054
105230,25880.38679532199
87691,12321.650713699675
90722,10481.411167725326
86679,13118.012676183072
81418,30186.408206950604
76980,15613.40285234406
105319,18801.341149746444
80516,15740.773615750179
88960,8626.864508237424
82982,10351.673401303715
105004,19171.992839979575
78037,39169.26538709176
105901,21815.789794080803
77109,15618.035457703452
85855,13630.652102932752
107355,27772.771008795175
106193,13186.468136780119
97700,18944.388834545625
86150,15877.400726184123
76267,32139.15118042345
102096,14040.967146908657
102561,13582.188983191718
101137,10848.253786878262
92050,47261.69656323541
103878,11101.674645378424
94760,20606.556591967263
102678,9852.127726205254
79971,24452.15350081385
85739,14130.545316792834
79714,17826.528596336484
87673,16833.549766728374
107304,19146.425079540717
78692,30508.946861962708
107274,9510.670453157723
88686,6747.36701603891
90843,11007.22928021744
97507,6989.2684330956345
92343,33663.61262642366
78781,12324.865856067523
84990,18093.232501934814
92913,33102.6849525353
92079,55157.56693630797
98507,10313.049013908127
97152,19938.273266315333
78442,18665.2319697169
79711,16649.73671450749
96643,9712.913501306286
105000,11331.65443241736
89454,6815.0069597150405
102265,13811.227597099662
94961,30651.14012882313
76335,19913.92674725316
82897,11642.361681271344
94061,24418.157594507975
90661,8231.202764399133
78112,26558.37328786834
95596,17841.00645712143
94740,28500.811731821555
83287,8607.386317982588
96668,14213.408921551918
101834,16382.80552986952
77285,30875.50739804495
102545,16531.716321758944
96287,18149.492208324584
82156,67200.82948394936
87276,12646.555576252378
77564,17798.61833516114
105991,8527.352179574566
107570,20661.423749134057
94519,29096.43953831207
78369,29156.543574845822
92674,14116.8795774416
90532,19621.15068427238
85489,7986.221148043491
103660,9729.545158615258
81206,22488.73606776005
106764,27528.446084759995
97425,13285.694166736766
96393,20756.614663284552
84960,10270.745433743832
78993,31879.918244715587
85876,14565.712942936272
103936,14483.438432535002
84201,9552.993557897822
105098,27946.200519978065
85078,15390.042321869027
89886,15747.509440540858
81268,27274.103100151766
79945,16490.313163846597
97727,8457.22086043566
90636,8615.534121732806
80106,11521.209051221049
76947,15451.271075683318
83264,14250.917655510775
101532,6494.170512499786
91558,29013.64654494129
93311,15015.200257946322
101967,7295.369423714343
85725,13380.871614700105
104684,18383.76034428601
89747,14056.656790944906
105165,19253.557882642646
104814,16419.29630756949
101904,10147.892929813506
99238,12598.287955196723
80989,22652.214083893832
93575,13935.887202482476
101536,8635.507650346914
86847,8419.037261402453
99847,9286.492459916706
89212,8237.745216321362
93997,23690.99626359821
93647,26175.583942796347
87846,11894.73007096092
93737,26913.901298276138
77906,28263.394252310576
80648,23702.638746014625
102925,7770.959876771844
103709,12614.484996368974
86195,14490.99447338952
76865,16697.050916747557
83260,14822.18085968109
97233,24711.533492147402
104618,20627.687806465747
83879,8479.924111061413
104804,7340.090666674239
100551,8907.76379504023
90524,19056.988346909427
99669,21672.400131014718
102658,8675.977157354255
101398,6234.782533709818
103286,10754.126189920373
94823,27701.179636216206
83630,10415.395644566732
86079,7884.88732529153
102145,8288.153901427515
94270,38527.55746526357
105688,25715.756025010982
87335,18216.27188125262
89805,14990.693403103869
95093,39583.19379875636
76699,19572.125008488947
83187,16095.063883578221
84218,8837.629913437599
94153,17530.922113748205
91849,21242.556163714296
96202,15047.569607782476
90172,14221.06179477579
98759,11353.009261589335
86718,8862.173764067185
103349,11409.032013845419
93293,44219.75945592361
94622,40319.10070993915
93181,20575.562517956183
104870,11711.906569773568
83247,11270.650854950081
87566,9038.655338383203
77362,23895.510479280143
79537,19222.651937248233
85049,15527.171573997457
81402,15001.863138620336
108341,16938.00389377121
92193,22817.608480010058
100184,13962.94251223033
106252,8737.381393536902
98047,11185.278007972525
105416,10023.133570264406
90872,32936.67684728343
100235,11392.897688726907
91485,19311.057333132456
90534,18780.63403333044
77841,17718.91570583587
105730,11115.893098690392
84175,10988.118278168726
103964,6750.704158494596
105970,27970.568793385468
99843,5932.960367492744
102012,11125.163519704349
76779,27630.91532272798
80778,20658.192391569733
106638,12384.165102956315
88233,16856.40920928545
102657,22315.985080938495
107180,27944.804931987026
108468,14704.760601994987
86399,13168.899919596293
85128,23543.981075412634
99868,6704.140013845739
100413,14286.073001831102
91125,22850.126966386564
80467,31982.909983323294
78605,10727.11277326621
90259,14890.572540809948
106759,11101.709334469842
101253,9323.034839359152
100980,8479.187501739772
83805,9982.73329053256
96745,7576.778375785767
90242,20158.27909690001
76118,26157.14509538
98824,8473.717291352734
78006,21738.11439721146
100924,12800.724671992133
77138,65334.21969174394
87665,13497.992964921703
78023,17038.721710321195
96117,21920.72372346521
86789,11764.767247553082
88649,14679.646179952473
96792,11481.296278136973
79403,26328.328304824718
100547,9824.199545171326
106529,12585.67359593094
83042,11202.819433246395
80334,17698.948142402747
86589,8349.443232078835
101811,8627.866671705493
94128,21114.184839473473
95868,14167.557070125578
76244,32869.665935261655
88957,17968.82140772419
108503,17291.611086334196
84409,8795.009889475798
104962,27472.366579898135
105121,10464.210731275698
94389,13684.669175634237
105602,12622.141951737713
88289,9873.632446542108
108168,22771.931954769658
84978,19086.2643963534
108011,11076.404214906408
79783,13858.866218508385
89892,18044.856925561322
91748,23145.559756271407
105942,11883.08630944173
106893,18783.346701086666
85969,11795.301446406997
105403,15994.593358229367
80319,31528.478977170824
103010,5059.681288635992
76518,29752.243619832934
95598,14812.094866788224
101287,15892.247091017774
84475,9342.786114043234
87686,13248.234740566359
91202,20765.70836306038
85296,15826.9401888224
89710,9376.506905084105
108409,15511.564353129763
104660,11292.883324722052
91493,16504.053374002542
103318,9866.66637638678
83537,11918.61891707169
93277,18184.80781575398
91290,16653.8030406804
107127,11658.78681390288
87752,11200.688653414198
82613,14002.594784316549
104508,8883.373345200524
100051,10001.416290042022
84203,15717.382609325245
88624,12999.150461937825
99483,8353.013452284455
96635,32006.394761680494
78956,14590.772949350792
105839,17092.561516305257
92487,20839.366534272864
89382,10231.700714086175
100337,7863.149764859994
78640,52467.808723758055
99495,7718.149445650319
95580,45413.12770401193
85347,16876.918927537008
100050,11529.015386344083
97749,13331.262477489308
76587,28365.646556180684
95918,33724.97031338972
93823,32809.38019324534
80470,28168.662808830595
95399,66458.69672042967
101483,9512.684700286865
94776,23412.85349634128
97442,6936.009400397389
79267,26847.05120096823
82710,10601.630568342258
77473,19672.252740593216
105371,13952.350599809837
84991,14851.700149434882
93878,24482.61887102159
107126,19356.92469984109
90996,17470.977487765635
87095,11780.314456007185
80205,15805.41149824371
100043,10081.155452511128
84793,13790.252936531253
80403,15350.183913924579
88018,15592.55445855867
92747,30386.094965388023
104894,15406.078127437873
108319,31105.692946997624
99481,29246.60326969738
98270,11029.99649995053
88155,21549.765953514656
84565,20717.708091068387
80779,46992.773190738924
105684,22047.44197104461
106855,11494.332248009847
103908,8411.30412851014
100595,11028.16655898788
89822,21221.082843061904
100401,12351.944210616623
101037,8582.220973499318
96350,16645.344409303918
104191,20966.014606207398
87891,11412.440224761234
97744,20652.194669862405
105757,21736.364340860135
98966,13483.539351250116
91869,14246.408123584662
81292,18839.67939138966
108284,23010.4486387138
83092,11016.447598153161
78394,17242.42367128135
97961,11103.162325578522
77723,36186.39065519563
87317,8097.943790339716
95065,31044.510317711003
88227,8729.380132948108
108087,10586.150603055623
76311,12135.006319279128
100764,9196.07954845535
87828,13541.605335515214
77314,16508.119351047964
107860,12245.7395056679
100339,5141.087203056724
106165,4757.663373192012
104443,12494.187755678071
79613,30738.559607335777
92686,21778.353045393058
97493,16932.209311611212
78977,30898.677446532056
82933,11523.254681687102
80063,26126.537225045948
92287,21756.484379737845
103664,11510.36252434744
102185,15737.606385931555
94679,20312.78108074383
99024,8225.370965370965
99366,8576.5240027017
96554,9623.474178624834
95906,22979.459547065242
85623,13546.715785529663
84336,16667.937061675184
96560,15295.015812511989
107448,9650.67948657138
104118,18285.6227243671
88391,8374.132662003241
100327,11420.721622536836
89323,7605.467809145606
106925,22500.31264888998
98542,9742.011037843278
93996,25184.944727061797
85103,12933.984510853248
76033,31583.054497644396
77213,23856.933915188405
98117,24007.86021033811
81109,33850.21779431882
78316,24120.75020233951
91021,23406.275191001318
78093,13795.216179708475
77497,13633.772987292872
83590,15058.555121942953
76126,20682.62990615303
90509,6481.007815609627
76454,22294.50841512627
82095,30244.855270597654
88625,15615.989254082899
100031,7947.657722102769
99458,8028.631516223582
88085,10709.08996495273
91823,15644.76534817799
77735,26155.69002851526
91799,12484.815514244161
91480,10061.972841902782
84915,12251.186825529085
83688,10358.13685660897
102334,8293.645752404735
97765,13946.086579244675
99836,12372.185265514989
98569,17396.916431751837
105050,23362.74928923774
80826,20086.349776157127
78684,13514.365822240785
99123,7862.062619061793
96507,10308.322168803825
104742,18555.98786547799
93690,21277.090434897596
107606,12803.60660839865
87019,16279.678264648952
100735,10849.525452990876
101685,8685.758404297894
82792,12225.868342798818
100036,8326.874029279628
102607,6989.362251018712
97772,12180.66457717834
96207,22569.11512408746
100697,10060.583993576169
96481,23158.005576638647
89054,14966.019618577786
97847,22250.849177092397
87528,10346.59892025669
97145,8270.652885734338
95223,57416.112314541926
104325,11163.649685702132
93743,18360.704719695004
81914,10524.683859467206
79040,24780.371159652896
107030,15587.50020183352
106244,22994.889354491894
79602,34460.03242245133
107684,6792.104588232959
105346,20232.855823631708
100000,13795.589600432975
79001,12054.82876716165
78942,26593.889490618098
87637,15755.568008573411
102257,9458.911547797165
103502,8488.207129396382
84619,4463.279370274257
91129,26190.052196795434
98493,14331.644503329651
107108,32295.302856664126
101158,3977.568155844488
80236,17483.26116204835
105375,11399.909233526745
93002,27857.895249495195
91619,21472.019933727926
83965,12776.910966281417
94431,47265.787131443125
104601,9294.154642925188
92698,28521.196853741243
84014,8314.746776867183
91961,30374.768904415465
77595,44878.141217459444
88848,21470.548952254252
106046,17280.06700715798
99498,11005.659372095193
98153,6895.088729023112
83157,9622.64283875231
107475,12091.025737279835
100589,13030.166858268522
81448,11771.663025090573
102638,6518.839381102838
104473,27296.174000880936
102724,5653.968003092783
99338,8568.366876555985
92431,10043.839710816455
84969,10722.48287924956
108426,8420.085475115591
103206,14848.487691146047
87345,12091.432800406963
102625,13810.680401096824
84606,11284.294031874882
99166,7739.878384831886
94408,28777.888650172627
94898,20412.239169462136
93658,31515.68682459903
98234,14208.255750839246
99725,11259.319218693736
103979,13020.275778915904
77277,20563.661082833176
84401,10135.819772924982
80006,32287.557906161124
78572,14088.592857231943
88781,11701.465548411494
78546,15476.754046529204
103829,17364.602566388636
79159,62852.71569464767
104502,13570.171595667969
95125,24646.47447885112
80804,15358.823773059745
96580,22959.66935162731
92059,16661.340243305098
100530,18139.266319932423
78079,25826.295498450345
95036,15221.142375646014
91490,17643.455135387598
103310,16162.071183185759
88853,17111.63117421557
105948,9994.99520844492
93744,19918.736337510745
108518,43273.97790358935
107733,23975.724631081306
106813,10642.928063883995
98343,14064.328118307447
83056,9447.570185079641
105721,25761.853232008638
89165,7864.284485448593
106402,11795.07865314516
77252,32818.734890392
89194,10623.161271059942
76777,17053.874422586116
90569,13560.415879276045
93912,14429.993723965783
96848,7608.714657420434
87355,9659.716358215048
80539,29679.19761410127
105351,11978.728240962646
108019,6292.378517344022
91331,19145.376917892798
80814,11252.085323296855
95951,22231.721899035503
98392,10126.816366670297
99209,19947.070149654865
86085,11079.194106966235
84678,8871.316645341152
96534,13546.218152357387
93665,20255.26864375315
89832,9466.690965020107
85079,11100.796543894547
79425,15423.4288060201
96052,4577.056735959963
96599,10717.97845035799
103705,17744.9048010799
78171,30814.169054828897
92005,16877.010536202804
101323,13438.700844955487
80398,18853.898084950757
82123,15218.948713228008
90262,6021.68920184962
93300,17163.67167682322
76795,16802.30124797348
91043,22529.97961921776
97362,14176.63218261893
98969,12246.380579292412
104826,13596.638804625514
84329,8807.789038360454
97976,11501.643445800006
96904,7217.986676180468
88148,12796.423772696086
94895,17121.464545212155
91122,25941.89976290715
108145,11774.040733440523
85476,15914.891001971588
97564,12905.576437544272
107770,47997.75872409495
106947,18128.61105258937
89548,13494.00692906621
79027,17947.922543003242
96032,21462.065982285898
100133,10061.940594933903
83191,6161.373295251317
82695,10958.003562380101
79273,50191.95068236555
95667,18020.289377601253
99578,13884.269866804834
84492,9309.630615980268
92353,14743.884956675742
106435,17141.322358789734
86655,15303.636907047601
106651,12294.38060617583
90268,8856.138938773482
98311,12438.816503765678
86971,11501.41772841458
88573,13804.945321480216
93189,29986.05063143428
87244,9655.7410829228
108207,11699.714657671679
95819,43280.33978779171
105846,28371.00343885884
102372,7262.483157400344
83616,10203.802739587727
92411,18029.7769439554
90395,12782.681038253833
104613,15402.203306432873
95808,25045.959799237542
98662,11981.487692044358
86066,11745.770480611658
77454,13166.861232524723
80846,17869.79057971983
89060,8028.995616369468
91975,14444.195321870602
84011,11715.404978946686
88315,11285.562280628556
95692,21175.06845573888
98373,8457.820866790613
97283,24000.95617899328
101495,11159.780341246
81770,16259.057523204157
87458,14907.758167958194
102710,14004.70455598054
81205,24669.543338555442
97440,13163.939753972867
82618,9314.830987576239
104838,7830.794164152283
103606,12727.886957537761
91507,48436.8332039182
81463,17549.143032714797
76741,34974.42527847129
94422,21812.676467662466
99543,11527.875877410877
104044,21989.726208359294
83284,12958.701034700438
100834,15709.57847743663
108440,12086.851572084903
96881,8049.215604419013
103925,10912.244611609922
102881,13936.114317530753
78690,20553.168450895642
78052,25608.91545814316
103938,17834.80084149982
101271,8854.414651170433
76924,23779.081236000777
100415,12344.624090006158
78455,20233.270135904128
102811,6745.879360621141
85154,15870.9786752227
103761,7173.613839270311
77732,15887.199303671268
85957,14315.735721965873
96779,20024.910865266047
99061,15430.625202588295
106028,18931.619757667668
85889,20312.335492190632
97539,7034.786715046522
100890,15635.548760687585
96058,14635.66593281386
80216,15884.736331001717
93045,23266.459869399874
95789,16003.245812423209
89368,12496.116257762236
80917,19555.699828480443
93323,23025.224608577562
103669,14511.60003692296
81561,16130.21247464207
92214,29159.985771472282
86368,15169.87146788978
95070,19295.0310113647
80730,15191.636782836873
105647,17724.726708680715
104707,27385.586084802413
80353,19395.759136652152
98677,26347.617781425415
89445,9662.219216442605
98332,9266.820002703103
95929,15216.02462472833
88970,17399.10042462057
81272,16893.18042795248
77963,14245.168461366884
88285,17592.643807943794
88924,14703.289791101275
93562,30056.50313449796
89463,6703.25559548603
105407,13096.499479774346
80944,34265.165710245885
108099,26204.442041322036
89199,8400.384346021048
82756,7875.415903764141
79573,13231.164407461443
98847,9874.268766140862
100966,8220.143558183514
108500,29185.479787258202
103830,12662.994505538127
84043,10265.891250630097
84550,12867.106819880277
83946,8947.48141652907
86287,9029.99161918845
77598,20485.8005921731
92893,17362.075880705597
106936,19781.10533048243
101123,9542.746145225015
83943,9441.656281916938
89197,15276.302052811812
80185,54677.22081174855
82429,15989.898429770526
95864,19944.828307581993
100750,14164.902820573952
85497,8132.843242241836
99469,15065.669490522156
87667,9514.640955000224
78681,52072.60104295418
106579,15843.191736851362
97388,11174.452074991952
82487,11289.13589281726
80635,20261.37836379447
96378,9148.117345940409
77827,30690.87480761256
79045,32103.079447481843
95229,24231.309207983926
95387,16660.720824465934
101754,6921.403586057966
90728,9522.816904226793
77618,32120.373555662136
79390,38971.12184136966
79449,17932.460181062634
107826,22922.838397600324
87026,16973.322215559634
77765,20397.916727744556
89691,15044.930234293006
91087,15939.6641456824
79770,28731.84823559256
79341,31935.30711136598
87532,14841.0023480672
104082,16183.602092510757
83169,8296.037207058183
107978,27863.79018206762
97466,11027.61830798682
98381,17899.84572556693
87614,13412.086559997568
84768,11988.99296497353
103605,9788.15225931387
107420,10453.64277929142
76099,39703.8592332545
81932,12429.163967655175
96233,12661.603604690821
103484,8678.249608567718
89608,15068.181405462006
91316,19209.55719075413
80424,15928.361865957395
83120,9945.497228058275
95888,20893.003210740088
103279,9183.3898460118
76800,14908.021292320731
102188,11427.487164635755
100147,7022.158566969402
107959,23784.42299738742
93341,17396.008519996412
87446,10957.408938624656
103554,7541.545711217589
83756,8381.434699928892
86353,8526.77581433006
107874,19961.953114310625
78416,14542.993396965121
100911,14626.505849171912
86514,11171.367230127593
92702,33204.92150100075
76787,19647.17795334913
98523,25544.28954440128
88972,15750.960523147744
87370,18057.973339806438
107060,8884.790891880983
108186,13855.798338234492
90126,16416.451290270983
103874,8215.904359814309
88271,10745.41277958943
81752,21291.98544058366
78089,52985.45969342809
102383,13376.800874895256
76766,29648.94233239082
86120,10783.992590370872
82871,19358.220685091095
78647,28866.510595135886
92451,15493.656110338363
91743,29775.851222026784
96582,11952.158703046793
79729,16584.351969382467
78864,22220.236923991048
94728,21125.994268219936
90355,8445.551189618403
103777,11420.721622536836
96076,5067.362661049588
79201,30852.629340090745
106707,14727.25419775554
83836,14132.379511524088
82332,30731.772536919394
106545,27837.793008133976
107268,25494.900829256978
105459,11857.23731189432
99683,16950.53187922908
98385,14875.927853305036
103402,9015.787231929675
89402,11705.789690637475
87077,7840.02166766588
94222,21526.949705576215
89919,7636.81227533299
80585,25336.16519965573
102406,6124.194229729807
95002,13394.159855899466
78216,20249.161834727234
81346,23007.24634136764
78309,16948.30653339091
93307,21868.049002585893
87233,7497.286784912821
77093,12118.508592968075
86762,7963.491141101631
94561,13248.392660578997
76392,60007.6882209953
76895,28414.722187972297
85419,12669.707842955766
101026,13500.135979639976
102584,9471.549497881811
81381,32099.261558526003
81761,55547.13863162743
98099,11118.745266204747
91347,15707.211098104342
100024,9192.682394173742
97924,12603.792501964419
100492,10774.514808522654
93559,20854.193898356727
103175,10930.93671100907
98122,13589.398121765105
84362,9446.789682158394
77943,20922.13958612003
87275,11887.72891584777
79991,14220.04653290333
102700,11670.818219291856
79660,53374.91721093429
105465,25257.11945809685
94354,29999.10938495967
96390,7371.421959591163
88763,35627.42006345139
87219,21651.853742101037
77221,27623.566903805626
78165,11826.087667337933
95069,21812.005720436464
85157,12092.36646331246
94547,13715.439767375348
80643,14065.392339307646
97499,10634.30942832375
81957,28162.513098062384
82538,11719.885791874678
83777,22093.57679745313
87927,15330.397292542617
82916,15857.295633999545
104146,15553.289842625149
105260,12525.501015625252
85483,15275.918839574373
102412,15248.55752941189
86508,8207.553582487702
102998,14084.699298743299
94493,24156.325901792494
93422,23253.413633612883
90033,9302.259674780138
92957,21598.79577599213
96584,14368.06289529679
103170,11344.63815997632
83550,16878.148116513945
76050,11458.05661411852
99903,8924.244228535017
95255,33751.667741467594
106697,25357.763795941675
91497,31057.470629741532
97177,11679.171132210888
101863,9786.235407464737
99298,7162.307716704365
106496,9901.236746264483
98770,24799.846958224367
101801,12036.238288152943
85037,13330.639068968008
104399,19130.693934888026
83980,7426.581718298167
97825,17400.54500165851
81924,29487.310519987066
104192,10138.270671077742
87130,15252.472447339234
79364,15227.159395159288
81388,10658.692963969497
94917,16894.4955317424
102119,10279.872209549021
84135,11021.993330039646
94992,23236.372322428506
81229,18155.52909147895
79503,19952.129099318918
84540,13645.992725726548
77881,9045.31707028306
104978,9143.041241248591
107373,13845.59960112153
76208,13531.881500784837
88192,16102.907897704685
107010,53633.19619921629
93961,45351.015596589794
83957,19809.8019790442
85283,8132.006088206807
104226,7817.392018009807
79463,15198.286541462936
102587,15668.022093621465
90204,5785.272623244723
103507,12882.373823145792
94351,27853.735840642687
95181,17368.094679225924
107410,20625.508124784625
86541,17835.191332975774
106281,20552.43186305674
77315,10673.068783882196
84485,7333.039489211355
77592,11605.858795995546
104262,28029.38481780253
81260,24073.922675322174
94417,49146.45729317809
83014,15989.053620505332
78192,23691.316675573777
85838,10433.469415607384
98395,24881.138886016466
92617,28349.195406424144
107538,10390.88886260997
102588,9955.921332063353
88950,11764.509147920688
101450,8266.17712943734
96101,10462.712141859318
90567,12917.75664528962
94383,31741.651494660862
82961,4900.634882774355
96591,8619.246551223523
77890,23022.03397696829
77801,19857.597894557297
85738,6962.3448937655
88580,20606.660046385812
88914,14712.424649099807
82206,24152.386339642806
107485,11582.631942420976
105203,24704.625001138804
82256,71193.83777278988
80181,33943.25025156589
88792,8419.23842508461
92581,17526.261986072626
101272,18868.70588817264
102359,10679.714716798639
85306,11820.10405955844
106078,17970.746745092172
82442,14673.419699091051
106313,19580.790194819056
107617,12069.975046405452
89719,19714.104092478912
91358,21637.314731953564
89676,29955.089008055067
86927,18489.758252402436
76819,27617.52969019891
96646,6746.27784729092
81533,37491.41948827753
89207,11001.672159877175
90282,5720.7139845221345
94908,23349.459388035317
89890,11494.510087764918
103477,13061.705359037902
76090,21190.074287523883
84810,7562.4662040202475
98323,11069.433969869324
100552,10564.55117898122
104719,11882.06620617349
90016,12621.655222881263
84632,6995.048517819036
99846,7342.788999596277
92362,36435.435775328355
81315,11576.745817819614
85084,19262.316059168526
86760,15988.34285767451
80297,21426.714991218312
93420,26598.88664565922
78563,18820.250916479865
100791,9135.280548074259
89019,9378.241116816576
101709,9747.721238067827
103419,8178.788551383248
96092,15048.071952988548
89891,7527.413084530432
86562,11789.573268866317
95874,24479.154668884694
99343,12901.493809144686
87586,8880.684382256886
103112,11562.355961915777
82740,11129.992970555331
81595,33702.82556097007
77578,11291.14060175444
94090,13785.1392111174
102873,8728.074582365929
103258,12254.87364932693
107497,9362.61296540087
101861,9283.725235020373
103997,21619.944425042744
79785,15417.477932378404
90250,6250.4514156307405
93233,33471.80034321181
86527,14063.416958855552
86140,8578.308761774162
104063,8713.64621793703
77734,22174.31308026541
91652,24053.035842557092
97758,10333.145475678682
95096,14809.105573974564
106186,10365.230845191532
107960,21088.73350550227
78445,23037.71517952091
91886,17270.947704035032
82711,9534.52368085331
99248,9183.81371060152
91701,16238.291165075041
88172,9236.487938107972
83916,12285.821968987604
88883,10370.04551061798
90342,13557.986705871539
102042,9411.624137292452
96563,9500.333128700615
82344,20101.122594074943
102707,13382.15171126177
101718,12523.11044046541
102705,7895.10207459373
92589,26853.423507758624
84231,9995.54160788407
83534,8638.078532663489
85768,8907.731158265331
82141,12017.81844333692
87448,12057.872576988693
79569,18129.408039269063
82261,9629.132017673617
80605,13658.280492324868
91120,12788.62987358556
92482,21844.718384509404
99998,11882.577272585802
82202,18629.24908967755
105899,13495.624102394973
93653,15788.348246420428
94333,20108.413770002335
107717,15918.711283114826
107655,8728.23843628478
86240,14489.235470024803
88745,13240.230481336752
81723,30972.078528347658
84125,16059.897482859022
89476,14920.384981148232
79059,36140.1446050644
77879,13580.633381856964
82855,13489.719123199122
108513,28739.48178480506
83646,6962.345031378594
95702,41731.58522078069
84145,11553.514306720228
107629,30872.80929190663
81843,11196.134740556261
98863,9125.778945200298
95154,33294.90430382722
93275,26790.292306989344
94003,18457.82643834109
81095,18751.54410621247
81099,12765.716116110521
105527,12056.296317728888
89596,10481.411167725326
91007,21732.158339343372
80594,14907.30848377212
82782,12928.66845248461
92721,16850.013718423248
91718,32188.54693617412
87452,10772.119806315111
78098,13919.248580838444
84123,13006.208129759814
104672,16438.965231971557
105118,10032.607365574739
84690,18125.348370146436
88986,14188.346710962247
76028,24863.29844992386
92995,16445.09285548961
76275,33596.89396214937
103315,5402.688561649562
98168,17654.36933712188
93633,14938.337747876094
90151,7032.990718994537
105269,33391.66493206346
102604,7255.225101152592
89541,7933.429218330995
105694,31348.189399059618
80405,28224.68148443273
96001,15387.71464901489
96500,8126.345656510083
95235,19623.986949625196
88367,22811.400674809043
98850,11330.144571960196
105724,22670.705187231833
86451,11468.889505235726
86426,14365.258714856418
81213,34309.40062078398
98547,14014.286258142687
86461,6694.043569421898
99294,21061.541596944873
99597,13348.00547954502
92255,11600.92121478852
90097,18656.092492310825
102302,12798.218697956743
105746,9969.407481063638
86133,26098.496584508976
94950,59224.656227430256
103666,8349.364611734225
94750,22182.15398298438
92880,24080.35810782457
82349,18360.715121043537
107337,15467.943859585468
82954,7765.297758365082
89689,19595.072844829694
99034,12730.750581855253
79873,13123.374283303061
107966,21552.647546054584
88864,11291.535147019265
97942,24229.67631999754
97481,10914.136388389408
100313,8755.34116691327
99927,9113.370471437935
87287,11496.978094489203
99134,23461.382551223604
104705,20075.447667203112
86134,20437.891122474593
93028,23405.063779396525
80161,25001.769443481804
76639,23664.0534637367
79239,21521.98375206196
94244,17978.96009231383
103815,10180.962581018255
84445,14299.258205286907
85884,8387.128505052307
103496,10885.41016283888
88620,19697.32768166907
101448,7448.707461141598
100044,7978.713832774975
98388,13569.123625421635
87610,10640.889426584414
82063,29853.79751947787
82211,41356.41072100275
91156,15707.201137032887
83323,9525.452603886099
100187,9853.05864948207
93117,20837.063889150588
82227,33783.089291864024
94263,15993.073271221445
88207,7017.090879176117
87988,15787.04890391399
104687,20765.635810464344
79791,46712.93462547113
82242,21970.585942103746
80273,13481.292015321576
81542,27590.54438821655
90361,14181.067337372733
83914,18295.688748546836
103142,11116.517909969469
80137,37645.91107736122
103580,15068.294281110428
98328,10666.94607800606
95936,33072.372993639794
95189,30334.362489815667
97806,20393.661562815127
95829,10813.906701112639
98684,25364.028544298646
92494,21273.850210598885
83016,22613.742896069838
80865,17726.535046465564
94537,15825.340578327403
86293,11421.263214073564
100087,5622.213613345685
95534,16712.84914850678
80827,29562.126039627554
80610,16609.74216958836
97472,8447.426798521687
85523,8943.915903831332
100005,6970.394782103396
96618,30838.41630024717
104893,11303.080376455066
93688,32580.898672619554
86182,11614.975093243054
105091,18858.887081830817
103031,10395.120551081056
99359,8252.11264312122
101907,15911.250247387494
82914,11028.103144546607
83990,14047.095760429775
98598,22081.062283632928
85494,9340.342533600915
82922,11043.760541958205
82854,12070.557027809178
89024,17767.388809257962
91754,25816.466688306547
102699,4801.086236549777
96887,15375.225635353037
102671,12011.19618293662
80646,21384.716895212543
88146,10482.863465225502
82969,15237.147468789666
77225,20348.97847925001
87443,8953.146512061221
91227,15501.692269756473
95731,19516.40602855953
95171,20231.76938958004
97076,16464.933443432405
98901,9876.09365402136
86013,9113.874496129858
80831,22005.49425841978
100258,9407.028806513308
103586,9696.994499308195
84553,15002.788443113463
84400,9699.369355608105
93434,46076.75446926799
86149,8736.652693188948
80336,24104.643015843503
104511,20833.84437854155
93127,21016.48180180765
86330,10468.22260968889
105082,12750.122484938405
101222,14106.50208788983
92606,29248.254544006908
90462,12164.909414034239
102123,14943.01316301735
83212,11797.098226666787
90403,15031.084770573498
79392,27580.10466610994
102630,14570.367568322516
85988,12781.116716515266
107908,21564.459938117936
80949,15867.329300246032
80517,14777.575305178592
97922,12379.319065882415
100296,10104.101104714075
93073,22830.114743426628
97137,6692.925662053541
88311,10308.64883250962
78021,16798.691509989025
81970,21698.959611141378
98957,6857.907818799516
99602,25703.690286289373
91417,20789.95118774942
89429,11844.381360385669
96535,20899.643061168244
80782,30527.694763921863
86889,18978.75162838223
79609,20983.94671867664
99497,11383.122914005147
99547,22907.39207132461
93817,11215.085009208013
91079,30284.972195836013
81962,12312.335769105717
85833,10135.091500321289
103305,8735.482926812656
94357,17352.66627595465
88736,9850.312015604772
105162,13454.140898512682
91131,24373.233182167023
84148,8594.082329032757
76377,22564.632923922873
76357,22628.092726993094
84675,13190.874369771826
83239,26962.00065432992
86317,10167.875958277202
93990,27259.082085757003
96357,9124.580916427165
89745,19550.86494558044
97141,19830.82697629767
82911,10949.063435583616
82943,8059.358405072203
96282,5447.737014998139
105885,21191.46253117949
80131,41613.61902373941
99806,18063.742996582747
105497,25722.819561541983
106447,25031.419958510203
107746,18802.309270776408
89523,11799.926384776438
84388,15952.052854750304
78166,31959.57598260623
103685,10961.189163663406
105018,11621.944100312052
102373,5432.115679886657
76988,24888.35768179946
81097,25480.798920817266
105521,20852.212855953083
99775,12182.802339103266
99766,12232.887705837493
101346,7381.399676092735
95228,11818.648363585095
75982,24531.81582531358
107142,5743.36769984389
86109,10672.143187930043
94195,22996.582321758342
80777,33039.586579519484
92612,19154.454403354575
99383,11353.934254514104
81686,23868.56679229648
88650,9196.215136036897
95681,12921.661562894342
100071,9390.635524335641
77554,37632.763966358994
103505,6406.053638531556
93281,19996.917340854492
107444,18235.192370386925
78752,22610.55362175577
103057,12424.401129751388
100248,13002.822130527828
98489,11679.29864599026
89189,15645.871802991942
81293,15231.170390541687
83285,11870.276917071122
99459,14668.174225985535
90810,7480.436089867034
82015,15138.38834448057
96132,16731.79859734137
80808,70060.48714017902
104685,18334.383434376206
80937,21964.000209052127
103328,10607.570992471998
76512,22094.000398614993
83456,14010.934366868963
95102,28564.14112711264
79692,21523.673938648903
107807,10118.139843080418
99176,12945.604918876435
89632,10773.767044662916
85310,18542.43261415242
105676,14781.625935857339
96825,5397.642431202419
76640,12371.29038736211
99932,15010.867068267695
103568,13123.838310365396
100906,12345.14805435966
97420,14005.678209454949
86996,15753.703325565175
86948,11514.294159775294
77326,22101.15776627548
89296,16756.02674957722
83087,8402.87952713068
100477,10378.437466029372
84635,9562.123953297665
95060,28139.710259592175
79303,25683.317592311192
84026,9570.150816271518
87802,11537.612627344723
85561,16297.89321251199
95941,17689.96204739246
107662,23214.020893571967
105811,9639.571681529886
81618,14783.871533727883
95733,28318.764160856193
93613,13704.81581472117
82163,22603.588067135774
91734,31270.686679050552
87677,8667.73446190011
89816,6585.527965645852
106327,10710.660253779974
101799,11205.350456345883
106344,13007.815019205287
97705,24987.495886663943
86976,19387.772493224802
104847,18154.89300985966
103833,8364.703328217836
103482,11009.399581594123
96532,14952.778046540907
105817,13264.535946353306
80883,14749.228120599308
77825,50094.970893347956
98673,11569.849506842203
107364,8452.896182471173
88945,8697.81105282592
108307,16883.913338222053
78078,32467.682050641375
92490,29801.673601511877
89401,13307.702254219372
81002,14365.826114393709
93285,41590.66605516823
76796,30224.174890748374
99933,7567.844447090779
103989,7654.877009114171
77504,17782.84024783287
77187,16092.53732169528
76477,12215.31472158149
104834,12943.916754693477
90656,18738.641362636386
86161,13615.450548340208
82503,15723.840049635412
95429,26044.724641531935
86123,23519.12981460393
85549,9350.705822855814
101443,9583.2885254694
89089,12837.755236625659
101004,9836.867146746257
98976,10209.536634928318
106328,36135.588178693055
101630,5071.917678878822
79682,11427.888639453313
107885,24501.393143187463
97206,8127.501831525765
80721,31533.415174887934
96625,25050.278588856218
87687,13798.568487408731
91458,30157.443649140587
104683,10550.549671584637
104151,13117.681521684925
108346,32996.32059866864
101262,9210.435585886438
96543,16311.274348220128
102763,7577.507132801606
81274,15528.401181402314
95280,12361.40639616677
82561,13048.831217120403
77783,16229.88077632803
95843,35327.68020314268
99776,4076.0711916230357
79114,30804.121528178835
102376,14280.235491673246
101704,12860.708666826624
77297,22776.20216544037
80285,41585.93130140245
83467,12672.927582129081
101059,8694.818087850163
102229,10410.833596196933
84664,15139.34338555737
107750,20321.291627590475
102405,10245.35449346632
85553,8695.670075255934
89780,30816.64869013094
104268,11765.635884889598
102935,6187.90818197768
97898,11249.200286611005
103785,7078.1476196348885
98529,24172.039650086223
93897,13870.308985426711
101766,11720.743584456157
95038,15775.442868421786
108350,21444.589772537704
103542,10539.188105125308
106061,45087.044447556145
82286,18895.70725376732
93548,32726.469562087885
89937,8917.474581767272
97650,18992.83215393577
77515,35424.91484768299
87466,13394.669005495456
87489,13209.237778625862
83029,8312.14311231839
78512,43586.332620382476
93310,20870.601475589778
99598,10224.303615932144
91341,18085.3235714386
82704,7956.932535152095
80819,15970.361915140444
82774,10240.57142723778
100367,8191.491381678749
80303,15470.937236139098
84897,10538.98978972451
81307,33595.01069426027
99687,8844.693040100557
85321,13228.561240294308
80702,14419.531264135121
103843,9444.350475766936
98898,6942.85191116806
87147,14041.137119000838
97662,8746.38230205264
97518,13912.444703648613
100217,6356.641118183343
94513,33749.40456324225
77035,16480.746712791606
103165,7059.410540600373
77140,11748.760348872021
103771,13634.86085615345
95993,20633.78972663273
83624,13908.290971387172
97945,9340.039052817387
87103,7973.545055647011
107640,10902.249640412712
99549,10860.797239596268
80464,20110.792043171143
99623,13364.201237414441
103689,7493.877468665952
97337,13954.21649864648
84308,20106.821187066704
81459,22993.13536920638
104126,28435.909198040474
97303,24132.073332489
95139,20560.20589065006
93074,46073.180007039926
102368,9151.89626242327
78475,9448.118511411914
80333,19371.00563642516
80144,15390.011215371927
100439,6838.717775378142
108154,17888.58241895119
107137,25889.854934020696
92752,29347.416770563694
89896,12401.540720862706
90485,34057.4653903834
83159,11719.910534489654
76671,20004.517453563243
96849,12741.338385720308
93722,36316.73909038827
107787,7129.394873925291
90164,15520.835755232856
84760,15004.269231906326
90370,10275.675751010152
88117,10077.751057109244
89557,12147.295119327247
98274,7320.342021807819
97325,9443.002630165382
78887,28602.275717850585
90525,16573.412819132318
86491,25857.000608049555
81617,11204.935131902164
96123,10564.140248204625
79413,16067.137259685864
88016,13121.622277332586
104681,25030.068013732558
83330,8863.969181023427
99163,6502.932090969459
102236,7763.37932900566
78116,21455.91194547954
81077,22163.69636585231
81046,28314.906411656466
93928,24530.045156843476
96436,9856.267965079931
93479,15624.20323608067
92021,28681.30148647574
95143,18318.02489378648
90500,12839.340655659007
78940,17348.69180776515
94861,15781.708047551374
81961,14909.75336386732
87630,9120.589671081263
101224,15701.389321652006
103357,7431.632027507899
99521,15122.11458446799
103897,16956.27101556394
76701,12561.851668438947
83560,10666.344050859841
83516,18183.678757898768
76385,16916.172559689476
87311,16181.807244653892
102065,11844.006935992122
81718,19040.65543218782
100025,14106.425648491473
93182,27290.044108586764
79240,22522.959951220528
96331,15627.925756242785
84781,14350.814347865313
100663,4509.848332517961
76390,23663.198236350057
87234,10938.321890203602
85790,18294.122210912934
91278,23799.430617287337
92254,22976.40528698726
99105,6728.628960293345
101324,10946.34515748268
104734,8945.410943562696
103445,17241.10329904867
103323,8872.725183370605
78055,21885.980345436383
101302,14507.682979910984
103095,11119.230660513762
88134,7963.274197842344
79346,12911.968374345652
81699,14823.095250071305
96464,22882.2669370314
86609,10421.456279034743
96737,22964.32640053102
100080,10649.963727499635
93423,25777.511421039148
79886,23363.31686310494
89452,12693.528343729658
81509,14732.850147577712
83975,19605.35285078142
81360,9279.814588839592
98089,9067.253246491542
104047,26760.573339156817
78711,19497.509884298855
81025,24037.796873646257
79973,16091.99371037851
102117,14492.242446467479
78400,62159.49563035891
87911,11226.711480842601
82806,14478.273923072453
102480,10833.79520511729
94044,16156.955610550365
76824,16870.867011312945
104095,17484.10589590805
98660,12308.247782701228
101444,11624.115327001155
92320,57655.69686369338
105141,13318.775595765468
106950,11704.232780234152
81851,27791.85661158971
100884,12775.787852089783
95196,17987.707737965313
103636,4148.3411514701165
80584,14549.237148882221
92337,17378.097766542935
85513,8103.9162835627385
85180,16642.567224880888
103365,11320.710910835669
85796,13437.697170146579
78462,30544.614079351177
87895,12325.761956840242
99262,11764.801449338187
83363,10369.484080089283
103800,20340.42794776922
78822,11109.29092383303
107816,15992.840157254817
90042,13224.09973143001
99022,12350.052561151817
81854,23939.926961631903
102619,12761.916223853126
80425,17935.47114216417
102306,13856.883662303353
99778,13033.745254279347
105957,24638.43757379054
102184,11620.50855596221
105195,11124.93316116273
98841,11115.124303761122
78452,33572.51727514856
98974,9953.001200626955
86430,12484.163313174538
87124,10438.078406841167
105872,22903.083888580728
108077,14142.518956718697
103608,10328.408096716821
89218,16746.244902611073
106418,17728.193177589448
94498,11100.298899673577
89269,9320.186099343566
87283,10386.76083946995
97545,13288.64876909919
85408,16109.325399963216
104594,8625.954876016433
103905,10363.13174802388
95101,26546.033672806523
83226,12048.86439770017
89257,15056.574219105292
79479,10868.880958283999
77652,19152.22617894798
96606,9736.29009225172
95504,10609.818056951814
84103,12542.550185369502
102843,8639.679310356601
99361,8680.832248385761
91098,19252.913805921555
92937,18219.85337916613
85635,13233.191384819076
105348,11414.580635984465
96427,19914.42828810562
89473,19380.39279532193
79316,19732.690588569043
89157,18294.122210912934
92217,20316.080756220617
99761,17155.727059786223
88748,11910.110070087327
96029,23076.565805754668
92916,29328.5647454798
81210,12212.04050140411
83778,20667.254315134247
89380,12413.257697229516
103398,5138.188883203806
92869,29205.906852360393
105278,22341.171856219793
77054,19879.36437470825
94021,20355.299963002406
85177,11181.180862719406
77904,18032.033178229936
99917,14687.363935912314
77123,27983.524801704876
95195,29501.666629458457
81922,32745.82032723738
84281,17850.736963886913
101289,13789.578463224574
108200,25214.512312519164
90235,11895.151277945886
81150,29303.946858915733
104224,14673.992522165023
90071,11486.045610523084
93187,24024.64924608516
84284,10816.91969214809
97109,7712.422058324822
102231,11128.57269108787
108093,9869.890622836077
108443,48897.754556062035
92992,15901.078087349899
80438,70711.13423215688
104913,11058.2060771293
82772,11222.125863252286
83960,12813.805454970716
83052,13590.382828039115
82939,12701.58297564887
91175,23655.87503812301
80115,22915.610976293836
99384,11586.434714339093
101540,10907.190889723262
76849,34951.98833422337
97226,11780.630925094765
97672,25338.142675298946
97579,10446.672518485773
92361,26932.0561271396
91952,28938.070985468898
79024,17381.665580403576
98048,12735.694513374689
95481,29250.14360402063
90572,8840.572817651113
91301,24503.24881301001
103209,9692.196697690337
78464,14817.19676905762
91311,23955.645162648885
105722,22262.527284064465
96211,10029.790550810976
105482,11493.020266918857
80750,54098.79439309555
85880,16347.993039682695
106997,19118.763758872392
99866,21102.617229095256
107262,12342.807436006997
98814,7362.128495312565
98650,8960.379736483043
93505,13133.554846975954
103810,16613.492539361825
92931,52185.28875130655
96126,7880.530829998057
104285,9811.776547659938
96503,13746.479165866729
76826,19711.75245835558
102531,10876.861318656722
86939,14108.451472138573
98276,11004.87741691107
89094,13699.142563668102
89376,9546.1644289323
101715,7142.942328396948
98971,8553.049884066668
98359,13061.88579552703
101520,9583.630548088491
86866,10311.563831690743
80468,19134.42066659963
84146,10091.627691431491
82628,9371.087584504547
88012,16255.378437148824
78341,18960.578927544182
104664,10346.727195301984
80753,22864.560239444516
88296,13391.440718209507
100349,10435.66534311193
95307,18452.13018822214
97982,12539.62480916363
99328,21201.944034842705
84689,6717.641530762398
86620,9688.554571040544
105565,17177.062656189875
94198,48234.23282313811
81959,10825.054684832183
92894,44938.16980723642
95163,18389.641110024753
81774,14938.606189326254
97953,9839.52427211785
83179,13010.042170380208
83316,9154.121060954965
88506,15592.079715584503
83533,11435.728691818942
84069,12099.673002443807
103724,8976.73816053382
76757,15366.034314903298
88222,12663.055034543559
77382,17344.964723379304
86702,11270.564972331144
92511,17573.241130587645
100163,14219.91672402075
78982,21288.22731144214
94043,13069.05896038209
87066,8837.552588779588
79987,31559.103461706312
83428,16600.533242944024
88886,19101.40127140748
79836,14617.358366592387
95090,21031.021548127843
77868,25435.680660994974
81415,19189.416837000128
76542,26135.166572471135
99066,9822.397204447096
98211,13472.521374003492
77789,14866.197969317365
102614,9959.228024826452
100676,10967.06789395799
95751,18041.317852655997
95684,25571.30773434699
108508,13283.193844179526
82075,22084.50211969584
78948,12682.18938009318
93337,21033.133584009924
86465,16833.649995590808
76163,25991.42105922884
101688,11187.72771891504
97445,19687.910383540915
76672,26850.483084213025
108153,30918.206434177537
92963,24446.41869721883
88441,10319.883632016732
76274,15598.566468663994
107189,10422.524105151115
79393,11460.528897288827
94684,31755.208222479316
77033,26171.36096971118
106413,19372.663365993452
90407,22132.389278051676
86730,10467.412459071676
79417,14419.619374938304
93426,31423.1415638152
86689,8552.914384459216
94562,27111.51187851432
101792,16793.5772234533
99696,11494.467049237537
84181,21884.394097378135
83652,15224.248745463043
87285,8348.914996467742
105860,4252.784261173076
80615,17278.395496435867
100040,7084.233839861708
88919,12584.680081802144
84980,13485.179235933354
83969,18198.525508555995
103616,6903.712357012329
105097,12625.643147698389
81573,27412.210000720475
85124,13600.021426622843
82995,13701.743555120938
106976,11146.185873050506
97250,16488.413541532256
91609,21062.35470328733
92582,28756.80093244034
106719,14875.31375646303
95711,25035.582361524564
81868,23902.47446595437
86650,12039.461375825938
84727,10341.161644006805
79409,10895.050461971558
90538,16593.548555675072
90346,6782.12449740791
94050,50700.37794971942
82866,6870.604501268427
93402,14586.645023167544
95803,46312.50042208104
88730,17993.904820582517
84023,14282.78043282674
85119,14605.455294684012
80528,28203.95797323193
103284,8639.248102555008
87269,9193.25722912881
80708,17285.890534527596
96853,20925.46922252553
77191,21963.432119684465
89419,17112.546103334935
106060,10316.275537667389
98372,4885.525041755546
102076,9506.775201219822
79960,28600.248541191362
97268,13536.21752227876
101849,13811.227597099662
96850,17920.91041050832
99301,8353.819694513497
81672,22813.301327775527
100709,14992.612371918516
104616,14109.65528486129
89965,9067.518277015173
93313,14604.583390394917
104340,14705.08789317961
103783,11192.979380246283
78842,29845.051500145277
87942,10550.274605131019
96790,6368.117274114094
97330,13982.629373489419
90180,14980.751515546859
78934,30068.521004771123
90145,20810.077904060912
78173,19458.036743050106
92455,20633.88819676166
81565,23312.078095599314
78530,29341.387095854083
103732,13792.02522644943
91559,23302.958380250308
100802,11449.165723825792
104472,23982.642413378166
96556,9729.46013469354
85610,10511.081111740714
81512,30711.367533939527
94005,23366.553530313504
88847,11555.227169822145
105272,22547.470338442003
88156,8222.405623220824
102245,10968.949559095758
103740,9668.307821427068
98554,9875.360048695722
82268,11848.85616464894
80472,12632.902315278581
77127,25323.36142791059
94612,16190.624517639464
91124,32021.47846762681
85847,12372.591897405988
95527,24400.816340397218
83373,15884.991274577354
86221,15223.430817107404
83131,10719.678246974836
104639,18935.072147643103
108323,42640.8104226836
95465,21635.268662191353
96905,20224.30199997181
104272,18901.575314931004
90562,15061.774578825549
81396,30222.916301573994
107589,13256.797587423676
78022,16547.282063661387
89141,25907.722956535268
87808,13078.247616106228
92344,15848.255800705261
85181,10676.416735774146
101172,5171.2438867372475
107038,17598.40477052289
108214,44682.405444521115
90048,7397.894247632574
92619,18149.159831776327
106279,16083.354611463052
103918,12045.82916304489
96418,27843.996695021713
97891,13032.596447978372
90459,7354.3387467275015
90230,15484.816355016646
82589,7859.404873719958
84093,4739.611938753577
84128,17425.75481291526
77775,23833.41228634273
80709,16250.972894704139
87084,14947.867569990607
78358,26584.20403631218
99051,7379.640908018713
81732,13900.779017520435
94316,28746.790489141895
95333,27464.886366719893
84653,7984.171786729683
94200,25101.799886726258
77707,25882.436429993875
78884,9256.173051262442
87384,14132.117395277124
84311,10564.8702353226
106179,9985.840978865239
77959,44659.175718154685
101918,13428.883205372642
82519,13311.668410727429
90216,8509.735137716407
99455,9568.103740982775
78784,29942.54202475446
93016,21947.05185213266
102343,8503.617364809694
91681,20057.357109949855
94868,13054.116102369031
87562,9596.424450566203
96639,17990.03431347185
85312,20578.74194090815
103821,6326.230115994413
101157,13765.626190633197
98644,12797.686009785006
91060,20531.729731582753
87747,14431.512626897069
77903,24927.91624051397
99482,19546.449687592685
76170,17969.612516671783
83750,16901.424655438088
95288,14253.423733192818
83977,17660.42025685951
78300,24154.86250714241
80362,10027.438551190142
101315,13611.877821102447
88661,8081.433160375109
96575,22192.177158468967
87420,16267.902745980375
76175,12234.430542980366
95867,25575.803252517617
80904,29283.27759758485
106939,13243.698794376493
97892,11116.83557489447
102282,12386.839530853713
81764,19923.817281417963
103326,12489.336304983688
94064,28436.18679055298
97529,22332.38785788951
97606,11089.842704984329
89922,17737.43954927251
104023,12427.285396131678
98885,7912.884483377418
83365,15605.889561032682
81828,32805.04132044302
100521,10575.180354181688
76827,10763.353157825768
89850,8943.74557833412
90528,15010.568317392872
80710,22017.134595432468
104646,15819.13991304929
102709,11629.237736550638
93055,16857.707566170968
103701,12141.079779793032
103548,9835.437013788176
96053,7055.297882756028
77609,29997.0795863585
99637,12002.501456471437
99911,13595.325483064078
87622,14613.914922487505
95938,16509.606622380652
93648,13311.551279377685
105208,20294.401573862473
82558,26128.167034751932
89781,19163.846224582496
94210,46254.46874861183
97589,27750.732555635375
96120,15808.249494227413
79277,24952.598760829424
93852,24522.03873462836
106276,15269.787070538607
104292,22962.970711243004
103994,10762.816228624173
83967,16109.985865852752
77971,20770.677066773304
76636,37289.81719572569
105328,12286.809170766503
89518,8599.944214725978
107941,11915.247374376439
79721,21601.300181057028
96770,10332.303803750896
105293,8719.973932542072
81503,46214.41603510817
97932,10858.484926931373
101258,9214.176789042449
83499,8068.055523919073
85447,10290.892406733654
98221,8568.717840251631
105617,28635.88850093763
103224,7712.765688657541
82749,8013.627581046676
104578,19543.596844627995
77279,27544.845858840556
106045,24806.05339529047
106053,9802.556641830548
99749,13058.00480119241
102786,13273.713779784173
87467,10595.79839256765
97949,12359.155143844815
91680,26626.31307836339
86203,16495.760974071323
102078,7608.915981618306
94020,22439.719531914936
97807,13568.782435847292
86146,14703.289791101275
92130,19969.668788925723
108463,12513.158772492956
79600,22222.422677587605
89904,11866.889371661566
105696,9826.824293474721
105440,12020.664935198958
78666,21661.600650047832
87225,8762.306965327361
92285,34903.40049649074
85762,11630.666729375345
107249,7239.415235562025
86894,10729.010164567178
86790,21418.689707289504
98272,12944.865145358086
95514,15450.122038886297
103863,11461.195161299156
85887,12133.008613519536
92171,20933.843103732263
105828,20211.222841647443
99025,5806.064397252597
77032,10313.510579933225
96993,17854.821578426174
95599,15610.28244912922
77651,34812.994540201216
99249,7725.843864909906
82347,33436.78950567933
83547,14633.182434381259
90793,7967.475177770398
94114,11355.479438746595
98376,14597.340415831248
88356,13935.38286497037
97473,10831.833227180945
84728,14820.576769550678
99765,11500.477060254112
95147,27994.074350627016
93220,21926.560564174797
91907,26998.32363803298
100215,10242.974782300802
93841,24945.015235227405
99392,10544.577433859922
100078,9860.704940090112
98334,42806.63426907631
97491,11474.285215144631
76179,10980.831109511053
96845,15749.861325340304
99295,13290.155255809737
101419,5020.764363272142
88658,14014.540635974396
82883,20633.18257746798
76475,12405.529779778248
99742,18076.112154022572
93385,28858.923974718986
96197,6615.151708891443
103239,13232.070776820543
89746,14268.539927007016
84083,17099.44478926515
90921,31144.47816539689
81029,35685.37690711593
85735,10093.95772193619
100511,7614.482440582366
86938,11084.962325771154
106540,15896.20749762674
95088,20944.943629805086
106791,25206.61322866638
101353,7762.670688302841
90012,9349.271261070682
87810,10374.68790702585
78427,25020.315773417035
105147,22636.657483569565
99572,21848.90411478139
95461,34701.33110924701
91238,22020.812248406768
89040,20707.39100222389
106508,17332.924644716008
84365,14371.505452250043
98635,12675.870832598059
95456,24871.60403296583
82157,21665.577107122077
107710,13690.568593650903
102827,9299.509609790986
79534,25059.99217108677
81865,26374.98241876018
88639,16781.496547571445
106981,27396.52785939671
105063,8770.357951826389
89959,10427.465860977214
76364,24869.412661190603
82709,13012.030463886336
97975,8081.637305228625
81231,29562.18484679076
91395,16998.249349273025
102044,11326.568877103859
78668,12764.00552814306
78000,15201.702605317087
105797,18471.347024489794
97820,17792.827038976422
78541,19313.92033030792
83979,22810.46954551018
92189,27164.16187292191
92421,29020.25951993796
104433,15034.084270169316
94419,23663.062530416202
81249,61189.841765691024
83181,13125.928403270991
101041,5586.857106777802
84544,9574.283771833245
82304,25732.87996628667
97216,24404.68417807512
106909,24477.845612400448
88158,5319.726697416526
97244,18521.628580270208
85241,17959.157472528645
93235,24569.46440581728
84502,17579.13820254232
100273,9205.38745254977
99220,7481.972057843699
100249,7474.704739387325
98796,14922.129344292342
100226,8696.215793821542
76989,57286.53064097101
101824,13481.12889594742
104347,17381.131556251035
83602,12953.061668472938
105100,30310.446720543754
87507,10402.878714141412
105460,22055.873267268827
106962,14765.89097329141
76968,19683.43046841319
102530,11481.586017449756
80270,28407.405386316204
76134,10718.550798672764
81648,24663.805086410917
82846,12131.678170342613
107094,29280.066439201633
88963,9873.840736093216
85665,15605.229828687427
83962,9968.183712671524
96200,14249.362719390485
89390,8535.024875354698
86778,9879.419583053847
87626,12964.435757576934
76994,18307.7515261785
95430,14462.566820542252
99912,9170.828796332959
79916,33292.950292063266
77558,38174.315481902595
102504,5993.0686679616165
79125,20751.46323973305
90514,15164.312080914697
84199,11833.562374608071
88179,10572.487505995858
93132,30500.03948164881
103105,13785.818213058337
91760,30266.412886521066
102027,15191.381942550996
99456,10273.896190983723
97843,8795.638445574461
98592,21004.999599316114
101912,10812.641187521454
99398,7723.991797840801
78585,17945.001254582345
99870,12655.062499291244
86989,16403.3827000587
86206,10332.831334660366
84406,9508.709247497505
86226,9931.3557646843
86528,10135.575191899503
84765,13658.243933337035
86600,9593.201623256373
97750,29817.333702599946
90475,9119.577440851714
103437,8707.306373625252
106713,18635.34092207758
84811,15967.509342531326
79863,23162.731426969014
79529,15478.185401119967
87367,10151.513503011014
93885,23651.239518832957
107524,13101.9096161289
77240,27854.765377927015
100091,12283.35920585927
77872,25309.20932764
97015,26229.54112700782
78978,17532.35850753369
95091,21209.00786981341
107650,17347.025924735754
76162,32003.97090095415
102355,13272.285816848625
101524,10594.47484553371
78720,32280.66685181448
108192,30285.981007343664
94404,16067.14750500157
100206,12597.03783955824
94915,29549.55942342883
101631,7681.869905973877
84639,13374.899681673922
108277,20838.07298467764
103453,11379.986602738161
105392,21520.43204390496
82369,9124.871513672377
104666,11655.049096129263
95742,28053.369648884065
96912,13138.662755001642
93541,23726.716111413174
82393,19187.149351580996
81024,14941.209175389533
81284,19258.022769046765
78406,25036.500645790326
99306,9875.376781524645
108130,8110.479092680331
106160,21886.20759934583
102940,16054.001500994273
76742,23944.92995388359
108025,15159.893588272005
77658,26898.560756943905
84295,11696.835071407073
91996,14180.297444939628
103468,11871.759522411647
87336,11823.054332963204
103993,25097.606492634135
90396,9964.753252535955
97935,11108.82004419903
80399,30815.83775659409
105883,11119.601616672888
92823,23062.92868458921
82238,17407.660275867624
98091,18092.536951618098
87257,15168.964828320315
87937,11838.997573951367
97548,15026.525082849641
105775,16729.97940117352
81363,31598.68059455046
76833,33858.79736735214
91768,15532.385513003665
99627,11887.903568017347
